
 /----------------------------------------------------------------------------\
 |  yosys -- Yosys Open SYnthesis Suite                                       |
 |  Copyright (C) 2012 - 2024  Claire Xenia Wolf <claire@yosyshq.com>         |
 |  Distributed under an ISC-like license, type "license" to see terms        |
 \----------------------------------------------------------------------------/
 Yosys 0.46 (git sha1 e97731b9dda91fa5fa53ed87df7c34163ba59a41, clang++ 17.0.6 -fPIC -O3)
Loaded SDC plugin

1. Executing Liberty frontend: /root/.volare/volare/sky130/versions/0fe599b2afb6708d281543108caf8310912f54af/sky130A/libs.ref/sky130_fd_sc_hd/lib/sky130_fd_sc_hd__tt_025C_1v80.lib
Imported 428 cell types from liberty file.
[INFO] Using SDC file '/home/safan/Accelarray/src/SystolicArray/Config/runs/RUN_2025-12-14_03-49-42/1-synthesis-delay-3/synthesis.abc.sdc' for ABC…

2. Executing Verilog-2005 frontend: /home/safan/Accelarray/src/SystolicArray/PE.v
Parsing SystemVerilog input from `/home/safan/Accelarray/src/SystolicArray/PE.v' to AST representation.
Storing AST representation for module `$abstract\PE_Optimized_PortReuse'.
Successfully finished Verilog frontend.

3. Executing Verilog-2005 frontend: /home/safan/Accelarray/src/SystolicArray/SystolicArray.v
Parsing SystemVerilog input from `/home/safan/Accelarray/src/SystolicArray/SystolicArray.v' to AST representation.
Storing AST representation for module `$abstract\systolic_array_8x8'.
Successfully finished Verilog frontend.

4. Executing HIERARCHY pass (managing design hierarchy).

5. Executing AST frontend in derive mode using pre-parsed AST for module `\systolic_array_8x8'.
Generating RTLIL representation for module `\systolic_array_8x8'.
Warning: Replacing memory \chain_sum with list of registers. See /home/safan/Accelarray/src/SystolicArray/SystolicArray.v:109
Warning: Replacing memory \delay_regs with list of registers. See /home/safan/Accelarray/src/SystolicArray/SystolicArray.v:30

5.1. Analyzing design hierarchy..
Top module:  \systolic_array_8x8

5.2. Executing AST frontend in derive mode using pre-parsed AST for module `\PE_Optimized_PortReuse'.
Generating RTLIL representation for module `\PE_Optimized_PortReuse'.
Reprocessing module systolic_array_8x8 because instantiated module PE_Optimized_PortReuse has become available.
Generating RTLIL representation for module `\systolic_array_8x8'.
Warning: Replacing memory \chain_sum with list of registers. See /home/safan/Accelarray/src/SystolicArray/SystolicArray.v:109
Warning: Replacing memory \delay_regs with list of registers. See /home/safan/Accelarray/src/SystolicArray/SystolicArray.v:30

5.3. Analyzing design hierarchy..
Top module:  \systolic_array_8x8
Used module:     \PE_Optimized_PortReuse

5.4. Analyzing design hierarchy..
Top module:  \systolic_array_8x8
Used module:     \PE_Optimized_PortReuse
Removing unused module `$abstract\systolic_array_8x8'.
Removing unused module `$abstract\PE_Optimized_PortReuse'.
Removed 2 unused modules.
Renaming module systolic_array_8x8 to systolic_array_8x8.

6. Generating Graphviz representation of design.
Writing dot description to `/home/safan/Accelarray/src/SystolicArray/Config/runs/RUN_2025-12-14_03-49-42/1-synthesis-delay-3/hierarchy.dot'.
Dumping module systolic_array_8x8 to page 1.

7. Executing TRIBUF pass.

8. Executing HIERARCHY pass (managing design hierarchy).

8.1. Analyzing design hierarchy..
Top module:  \systolic_array_8x8
Used module:     \PE_Optimized_PortReuse

8.2. Analyzing design hierarchy..
Top module:  \systolic_array_8x8
Used module:     \PE_Optimized_PortReuse
Removed 0 unused modules.

9. Executing PROC_CLEAN pass (remove empty switches from decision trees).
Cleaned up 0 empty switches.

10. Executing PROC_RMDEAD pass (remove dead branches from decision trees).
Marked 1 switch rules as full_case in process $proc$/home/safan/Accelarray/src/SystolicArray/SystolicArray.v:107$285 in module systolic_array_8x8.
Marked 2 switch rules as full_case in process $proc$/home/safan/Accelarray/src/SystolicArray/SystolicArray.v:27$283 in module systolic_array_8x8.
Marked 1 switch rules as full_case in process $proc$/home/safan/Accelarray/src/SystolicArray/PE.v:42$23 in module PE_Optimized_PortReuse.
Marked 1 switch rules as full_case in process $proc$/home/safan/Accelarray/src/SystolicArray/PE.v:22$20 in module PE_Optimized_PortReuse.
Removed a total of 0 dead cases.

11. Executing PROC_PRUNE pass (remove redundant assignments in processes).
Removed 0 redundant assignments.
Promoted 163 assignments to connections.

12. Executing PROC_INIT pass (extract init attributes).

13. Executing PROC_ARST pass (detect async resets in processes).
Found async reset \rst_n in `\systolic_array_8x8.$proc$/home/safan/Accelarray/src/SystolicArray/SystolicArray.v:107$285'.
Found async reset \rst_n in `\systolic_array_8x8.$proc$/home/safan/Accelarray/src/SystolicArray/SystolicArray.v:27$283'.
Found async reset \rst_n in `\PE_Optimized_PortReuse.$proc$/home/safan/Accelarray/src/SystolicArray/PE.v:42$23'.
Found async reset \rst_n in `\PE_Optimized_PortReuse.$proc$/home/safan/Accelarray/src/SystolicArray/PE.v:22$20'.

14. Executing PROC_ROM pass (convert switches to ROMs).
Converted 0 switches.
<suppressed ~7 debug messages>

15. Executing PROC_MUX pass (convert decision trees to multiplexers).
Creating decoders for process `\systolic_array_8x8.$proc$/home/safan/Accelarray/src/SystolicArray/SystolicArray.v:0$296'.
Creating decoders for process `\systolic_array_8x8.$proc$/home/safan/Accelarray/src/SystolicArray/SystolicArray.v:130$294'.
     1/1: $0\valid_sr[15:0]
Creating decoders for process `\systolic_array_8x8.$proc$/home/safan/Accelarray/src/SystolicArray/SystolicArray.v:107$285'.
     1/9: $4\i[31:0]
     2/9: $0\chain_sum[7][31:0]
     3/9: $0\chain_sum[6][31:0]
     4/9: $0\chain_sum[5][31:0]
     5/9: $0\chain_sum[4][31:0]
     6/9: $0\chain_sum[3][31:0]
     7/9: $0\chain_sum[2][31:0]
     8/9: $0\chain_sum[1][31:0]
     9/9: $0\chain_sum[0][31:0]
Creating decoders for process `\systolic_array_8x8.$proc$/home/safan/Accelarray/src/SystolicArray/SystolicArray.v:27$283'.
     1/68: $2\i[31:0]
     2/68: $2\j[31:0]
     3/68: $1\j[31:0]
     4/68: $1\i[31:0]
     5/68: $0\delay_regs[63][7:0]
     6/68: $0\delay_regs[62][7:0]
     7/68: $0\delay_regs[61][7:0]
     8/68: $0\delay_regs[60][7:0]
     9/68: $0\delay_regs[59][7:0]
    10/68: $0\delay_regs[58][7:0]
    11/68: $0\delay_regs[57][7:0]
    12/68: $0\delay_regs[56][7:0]
    13/68: $0\delay_regs[55][7:0]
    14/68: $0\delay_regs[54][7:0]
    15/68: $0\delay_regs[53][7:0]
    16/68: $0\delay_regs[52][7:0]
    17/68: $0\delay_regs[51][7:0]
    18/68: $0\delay_regs[50][7:0]
    19/68: $0\delay_regs[49][7:0]
    20/68: $0\delay_regs[48][7:0]
    21/68: $0\delay_regs[47][7:0]
    22/68: $0\delay_regs[46][7:0]
    23/68: $0\delay_regs[45][7:0]
    24/68: $0\delay_regs[44][7:0]
    25/68: $0\delay_regs[43][7:0]
    26/68: $0\delay_regs[42][7:0]
    27/68: $0\delay_regs[41][7:0]
    28/68: $0\delay_regs[40][7:0]
    29/68: $0\delay_regs[39][7:0]
    30/68: $0\delay_regs[38][7:0]
    31/68: $0\delay_regs[37][7:0]
    32/68: $0\delay_regs[36][7:0]
    33/68: $0\delay_regs[35][7:0]
    34/68: $0\delay_regs[34][7:0]
    35/68: $0\delay_regs[33][7:0]
    36/68: $0\delay_regs[32][7:0]
    37/68: $0\delay_regs[31][7:0]
    38/68: $0\delay_regs[30][7:0]
    39/68: $0\delay_regs[29][7:0]
    40/68: $0\delay_regs[28][7:0]
    41/68: $0\delay_regs[27][7:0]
    42/68: $0\delay_regs[26][7:0]
    43/68: $0\delay_regs[25][7:0]
    44/68: $0\delay_regs[24][7:0]
    45/68: $0\delay_regs[23][7:0]
    46/68: $0\delay_regs[22][7:0]
    47/68: $0\delay_regs[21][7:0]
    48/68: $0\delay_regs[20][7:0]
    49/68: $0\delay_regs[19][7:0]
    50/68: $0\delay_regs[18][7:0]
    51/68: $0\delay_regs[17][7:0]
    52/68: $0\delay_regs[16][7:0]
    53/68: $0\delay_regs[15][7:0]
    54/68: $0\delay_regs[14][7:0]
    55/68: $0\delay_regs[13][7:0]
    56/68: $0\delay_regs[12][7:0]
    57/68: $0\delay_regs[11][7:0]
    58/68: $0\delay_regs[10][7:0]
    59/68: $0\delay_regs[9][7:0]
    60/68: $0\delay_regs[8][7:0]
    61/68: $0\delay_regs[7][7:0]
    62/68: $0\delay_regs[6][7:0]
    63/68: $0\delay_regs[5][7:0]
    64/68: $0\delay_regs[4][7:0]
    65/68: $0\delay_regs[3][7:0]
    66/68: $0\delay_regs[2][7:0]
    67/68: $0\delay_regs[1][7:0]
    68/68: $0\delay_regs[0][7:0]
Creating decoders for process `\PE_Optimized_PortReuse.$proc$/home/safan/Accelarray/src/SystolicArray/PE.v:42$23'.
     1/4: $0\psum_accum_reg[31:0]
     2/4: $0\psum_in_reg[31:0]
     3/4: $0\product_reg[15:0]
     4/4: $0\psum_out[31:0]
Creating decoders for process `\PE_Optimized_PortReuse.$proc$/home/safan/Accelarray/src/SystolicArray/PE.v:22$20'.
     1/2: $0\W_local_reg[7:0]
     2/2: $0\data_out[7:0]

16. Executing PROC_DLATCH pass (convert process syncs to latches).
No latch inferred for signal `\systolic_array_8x8.\skewed_inputs[0]' from process `\systolic_array_8x8.$proc$/home/safan/Accelarray/src/SystolicArray/SystolicArray.v:0$296'.
No latch inferred for signal `\systolic_array_8x8.\skewed_inputs[1]' from process `\systolic_array_8x8.$proc$/home/safan/Accelarray/src/SystolicArray/SystolicArray.v:0$296'.
No latch inferred for signal `\systolic_array_8x8.\skewed_inputs[2]' from process `\systolic_array_8x8.$proc$/home/safan/Accelarray/src/SystolicArray/SystolicArray.v:0$296'.
No latch inferred for signal `\systolic_array_8x8.\skewed_inputs[3]' from process `\systolic_array_8x8.$proc$/home/safan/Accelarray/src/SystolicArray/SystolicArray.v:0$296'.
No latch inferred for signal `\systolic_array_8x8.\skewed_inputs[4]' from process `\systolic_array_8x8.$proc$/home/safan/Accelarray/src/SystolicArray/SystolicArray.v:0$296'.
No latch inferred for signal `\systolic_array_8x8.\skewed_inputs[5]' from process `\systolic_array_8x8.$proc$/home/safan/Accelarray/src/SystolicArray/SystolicArray.v:0$296'.
No latch inferred for signal `\systolic_array_8x8.\skewed_inputs[6]' from process `\systolic_array_8x8.$proc$/home/safan/Accelarray/src/SystolicArray/SystolicArray.v:0$296'.
No latch inferred for signal `\systolic_array_8x8.\skewed_inputs[7]' from process `\systolic_array_8x8.$proc$/home/safan/Accelarray/src/SystolicArray/SystolicArray.v:0$296'.
No latch inferred for signal `\systolic_array_8x8.\pixel_wire[0]' from process `\systolic_array_8x8.$proc$/home/safan/Accelarray/src/SystolicArray/SystolicArray.v:0$296'.
No latch inferred for signal `\systolic_array_8x8.\pixel_wire[1]' from process `\systolic_array_8x8.$proc$/home/safan/Accelarray/src/SystolicArray/SystolicArray.v:0$296'.
No latch inferred for signal `\systolic_array_8x8.\pixel_wire[2]' from process `\systolic_array_8x8.$proc$/home/safan/Accelarray/src/SystolicArray/SystolicArray.v:0$296'.
No latch inferred for signal `\systolic_array_8x8.\pixel_wire[3]' from process `\systolic_array_8x8.$proc$/home/safan/Accelarray/src/SystolicArray/SystolicArray.v:0$296'.
No latch inferred for signal `\systolic_array_8x8.\pixel_wire[4]' from process `\systolic_array_8x8.$proc$/home/safan/Accelarray/src/SystolicArray/SystolicArray.v:0$296'.
No latch inferred for signal `\systolic_array_8x8.\pixel_wire[5]' from process `\systolic_array_8x8.$proc$/home/safan/Accelarray/src/SystolicArray/SystolicArray.v:0$296'.
No latch inferred for signal `\systolic_array_8x8.\pixel_wire[6]' from process `\systolic_array_8x8.$proc$/home/safan/Accelarray/src/SystolicArray/SystolicArray.v:0$296'.
No latch inferred for signal `\systolic_array_8x8.\pixel_wire[7]' from process `\systolic_array_8x8.$proc$/home/safan/Accelarray/src/SystolicArray/SystolicArray.v:0$296'.
No latch inferred for signal `\systolic_array_8x8.\pixel_wire[8]' from process `\systolic_array_8x8.$proc$/home/safan/Accelarray/src/SystolicArray/SystolicArray.v:0$296'.
No latch inferred for signal `\systolic_array_8x8.\pixel_wire[9]' from process `\systolic_array_8x8.$proc$/home/safan/Accelarray/src/SystolicArray/SystolicArray.v:0$296'.
No latch inferred for signal `\systolic_array_8x8.\pixel_wire[10]' from process `\systolic_array_8x8.$proc$/home/safan/Accelarray/src/SystolicArray/SystolicArray.v:0$296'.
No latch inferred for signal `\systolic_array_8x8.\pixel_wire[11]' from process `\systolic_array_8x8.$proc$/home/safan/Accelarray/src/SystolicArray/SystolicArray.v:0$296'.
No latch inferred for signal `\systolic_array_8x8.\pixel_wire[12]' from process `\systolic_array_8x8.$proc$/home/safan/Accelarray/src/SystolicArray/SystolicArray.v:0$296'.
No latch inferred for signal `\systolic_array_8x8.\pixel_wire[13]' from process `\systolic_array_8x8.$proc$/home/safan/Accelarray/src/SystolicArray/SystolicArray.v:0$296'.
No latch inferred for signal `\systolic_array_8x8.\pixel_wire[14]' from process `\systolic_array_8x8.$proc$/home/safan/Accelarray/src/SystolicArray/SystolicArray.v:0$296'.
No latch inferred for signal `\systolic_array_8x8.\pixel_wire[15]' from process `\systolic_array_8x8.$proc$/home/safan/Accelarray/src/SystolicArray/SystolicArray.v:0$296'.
No latch inferred for signal `\systolic_array_8x8.\pixel_wire[16]' from process `\systolic_array_8x8.$proc$/home/safan/Accelarray/src/SystolicArray/SystolicArray.v:0$296'.
No latch inferred for signal `\systolic_array_8x8.\pixel_wire[17]' from process `\systolic_array_8x8.$proc$/home/safan/Accelarray/src/SystolicArray/SystolicArray.v:0$296'.
No latch inferred for signal `\systolic_array_8x8.\pixel_wire[18]' from process `\systolic_array_8x8.$proc$/home/safan/Accelarray/src/SystolicArray/SystolicArray.v:0$296'.
No latch inferred for signal `\systolic_array_8x8.\pixel_wire[19]' from process `\systolic_array_8x8.$proc$/home/safan/Accelarray/src/SystolicArray/SystolicArray.v:0$296'.
No latch inferred for signal `\systolic_array_8x8.\pixel_wire[20]' from process `\systolic_array_8x8.$proc$/home/safan/Accelarray/src/SystolicArray/SystolicArray.v:0$296'.
No latch inferred for signal `\systolic_array_8x8.\pixel_wire[21]' from process `\systolic_array_8x8.$proc$/home/safan/Accelarray/src/SystolicArray/SystolicArray.v:0$296'.
No latch inferred for signal `\systolic_array_8x8.\pixel_wire[22]' from process `\systolic_array_8x8.$proc$/home/safan/Accelarray/src/SystolicArray/SystolicArray.v:0$296'.
No latch inferred for signal `\systolic_array_8x8.\pixel_wire[23]' from process `\systolic_array_8x8.$proc$/home/safan/Accelarray/src/SystolicArray/SystolicArray.v:0$296'.
No latch inferred for signal `\systolic_array_8x8.\pixel_wire[24]' from process `\systolic_array_8x8.$proc$/home/safan/Accelarray/src/SystolicArray/SystolicArray.v:0$296'.
No latch inferred for signal `\systolic_array_8x8.\pixel_wire[25]' from process `\systolic_array_8x8.$proc$/home/safan/Accelarray/src/SystolicArray/SystolicArray.v:0$296'.
No latch inferred for signal `\systolic_array_8x8.\pixel_wire[26]' from process `\systolic_array_8x8.$proc$/home/safan/Accelarray/src/SystolicArray/SystolicArray.v:0$296'.
No latch inferred for signal `\systolic_array_8x8.\pixel_wire[27]' from process `\systolic_array_8x8.$proc$/home/safan/Accelarray/src/SystolicArray/SystolicArray.v:0$296'.
No latch inferred for signal `\systolic_array_8x8.\pixel_wire[28]' from process `\systolic_array_8x8.$proc$/home/safan/Accelarray/src/SystolicArray/SystolicArray.v:0$296'.
No latch inferred for signal `\systolic_array_8x8.\pixel_wire[29]' from process `\systolic_array_8x8.$proc$/home/safan/Accelarray/src/SystolicArray/SystolicArray.v:0$296'.
No latch inferred for signal `\systolic_array_8x8.\pixel_wire[30]' from process `\systolic_array_8x8.$proc$/home/safan/Accelarray/src/SystolicArray/SystolicArray.v:0$296'.
No latch inferred for signal `\systolic_array_8x8.\pixel_wire[31]' from process `\systolic_array_8x8.$proc$/home/safan/Accelarray/src/SystolicArray/SystolicArray.v:0$296'.
No latch inferred for signal `\systolic_array_8x8.\pixel_wire[32]' from process `\systolic_array_8x8.$proc$/home/safan/Accelarray/src/SystolicArray/SystolicArray.v:0$296'.
No latch inferred for signal `\systolic_array_8x8.\pixel_wire[33]' from process `\systolic_array_8x8.$proc$/home/safan/Accelarray/src/SystolicArray/SystolicArray.v:0$296'.
No latch inferred for signal `\systolic_array_8x8.\pixel_wire[34]' from process `\systolic_array_8x8.$proc$/home/safan/Accelarray/src/SystolicArray/SystolicArray.v:0$296'.
No latch inferred for signal `\systolic_array_8x8.\pixel_wire[35]' from process `\systolic_array_8x8.$proc$/home/safan/Accelarray/src/SystolicArray/SystolicArray.v:0$296'.
No latch inferred for signal `\systolic_array_8x8.\pixel_wire[36]' from process `\systolic_array_8x8.$proc$/home/safan/Accelarray/src/SystolicArray/SystolicArray.v:0$296'.
No latch inferred for signal `\systolic_array_8x8.\pixel_wire[37]' from process `\systolic_array_8x8.$proc$/home/safan/Accelarray/src/SystolicArray/SystolicArray.v:0$296'.
No latch inferred for signal `\systolic_array_8x8.\pixel_wire[38]' from process `\systolic_array_8x8.$proc$/home/safan/Accelarray/src/SystolicArray/SystolicArray.v:0$296'.
No latch inferred for signal `\systolic_array_8x8.\pixel_wire[39]' from process `\systolic_array_8x8.$proc$/home/safan/Accelarray/src/SystolicArray/SystolicArray.v:0$296'.
No latch inferred for signal `\systolic_array_8x8.\pixel_wire[40]' from process `\systolic_array_8x8.$proc$/home/safan/Accelarray/src/SystolicArray/SystolicArray.v:0$296'.
No latch inferred for signal `\systolic_array_8x8.\pixel_wire[41]' from process `\systolic_array_8x8.$proc$/home/safan/Accelarray/src/SystolicArray/SystolicArray.v:0$296'.
No latch inferred for signal `\systolic_array_8x8.\pixel_wire[42]' from process `\systolic_array_8x8.$proc$/home/safan/Accelarray/src/SystolicArray/SystolicArray.v:0$296'.
No latch inferred for signal `\systolic_array_8x8.\pixel_wire[43]' from process `\systolic_array_8x8.$proc$/home/safan/Accelarray/src/SystolicArray/SystolicArray.v:0$296'.
No latch inferred for signal `\systolic_array_8x8.\pixel_wire[44]' from process `\systolic_array_8x8.$proc$/home/safan/Accelarray/src/SystolicArray/SystolicArray.v:0$296'.
No latch inferred for signal `\systolic_array_8x8.\pixel_wire[45]' from process `\systolic_array_8x8.$proc$/home/safan/Accelarray/src/SystolicArray/SystolicArray.v:0$296'.
No latch inferred for signal `\systolic_array_8x8.\pixel_wire[46]' from process `\systolic_array_8x8.$proc$/home/safan/Accelarray/src/SystolicArray/SystolicArray.v:0$296'.
No latch inferred for signal `\systolic_array_8x8.\pixel_wire[47]' from process `\systolic_array_8x8.$proc$/home/safan/Accelarray/src/SystolicArray/SystolicArray.v:0$296'.
No latch inferred for signal `\systolic_array_8x8.\pixel_wire[48]' from process `\systolic_array_8x8.$proc$/home/safan/Accelarray/src/SystolicArray/SystolicArray.v:0$296'.
No latch inferred for signal `\systolic_array_8x8.\pixel_wire[49]' from process `\systolic_array_8x8.$proc$/home/safan/Accelarray/src/SystolicArray/SystolicArray.v:0$296'.
No latch inferred for signal `\systolic_array_8x8.\pixel_wire[50]' from process `\systolic_array_8x8.$proc$/home/safan/Accelarray/src/SystolicArray/SystolicArray.v:0$296'.
No latch inferred for signal `\systolic_array_8x8.\pixel_wire[51]' from process `\systolic_array_8x8.$proc$/home/safan/Accelarray/src/SystolicArray/SystolicArray.v:0$296'.
No latch inferred for signal `\systolic_array_8x8.\pixel_wire[52]' from process `\systolic_array_8x8.$proc$/home/safan/Accelarray/src/SystolicArray/SystolicArray.v:0$296'.
No latch inferred for signal `\systolic_array_8x8.\pixel_wire[53]' from process `\systolic_array_8x8.$proc$/home/safan/Accelarray/src/SystolicArray/SystolicArray.v:0$296'.
No latch inferred for signal `\systolic_array_8x8.\pixel_wire[54]' from process `\systolic_array_8x8.$proc$/home/safan/Accelarray/src/SystolicArray/SystolicArray.v:0$296'.
No latch inferred for signal `\systolic_array_8x8.\pixel_wire[55]' from process `\systolic_array_8x8.$proc$/home/safan/Accelarray/src/SystolicArray/SystolicArray.v:0$296'.
No latch inferred for signal `\systolic_array_8x8.\pixel_wire[56]' from process `\systolic_array_8x8.$proc$/home/safan/Accelarray/src/SystolicArray/SystolicArray.v:0$296'.
No latch inferred for signal `\systolic_array_8x8.\pixel_wire[57]' from process `\systolic_array_8x8.$proc$/home/safan/Accelarray/src/SystolicArray/SystolicArray.v:0$296'.
No latch inferred for signal `\systolic_array_8x8.\pixel_wire[58]' from process `\systolic_array_8x8.$proc$/home/safan/Accelarray/src/SystolicArray/SystolicArray.v:0$296'.
No latch inferred for signal `\systolic_array_8x8.\pixel_wire[59]' from process `\systolic_array_8x8.$proc$/home/safan/Accelarray/src/SystolicArray/SystolicArray.v:0$296'.
No latch inferred for signal `\systolic_array_8x8.\pixel_wire[60]' from process `\systolic_array_8x8.$proc$/home/safan/Accelarray/src/SystolicArray/SystolicArray.v:0$296'.
No latch inferred for signal `\systolic_array_8x8.\pixel_wire[61]' from process `\systolic_array_8x8.$proc$/home/safan/Accelarray/src/SystolicArray/SystolicArray.v:0$296'.
No latch inferred for signal `\systolic_array_8x8.\pixel_wire[62]' from process `\systolic_array_8x8.$proc$/home/safan/Accelarray/src/SystolicArray/SystolicArray.v:0$296'.
No latch inferred for signal `\systolic_array_8x8.\pixel_wire[63]' from process `\systolic_array_8x8.$proc$/home/safan/Accelarray/src/SystolicArray/SystolicArray.v:0$296'.
No latch inferred for signal `\systolic_array_8x8.\pixel_wire[64]' from process `\systolic_array_8x8.$proc$/home/safan/Accelarray/src/SystolicArray/SystolicArray.v:0$296'.
No latch inferred for signal `\systolic_array_8x8.\pixel_wire[65]' from process `\systolic_array_8x8.$proc$/home/safan/Accelarray/src/SystolicArray/SystolicArray.v:0$296'.
No latch inferred for signal `\systolic_array_8x8.\pixel_wire[66]' from process `\systolic_array_8x8.$proc$/home/safan/Accelarray/src/SystolicArray/SystolicArray.v:0$296'.
No latch inferred for signal `\systolic_array_8x8.\pixel_wire[67]' from process `\systolic_array_8x8.$proc$/home/safan/Accelarray/src/SystolicArray/SystolicArray.v:0$296'.
No latch inferred for signal `\systolic_array_8x8.\pixel_wire[68]' from process `\systolic_array_8x8.$proc$/home/safan/Accelarray/src/SystolicArray/SystolicArray.v:0$296'.
No latch inferred for signal `\systolic_array_8x8.\pixel_wire[69]' from process `\systolic_array_8x8.$proc$/home/safan/Accelarray/src/SystolicArray/SystolicArray.v:0$296'.
No latch inferred for signal `\systolic_array_8x8.\pixel_wire[70]' from process `\systolic_array_8x8.$proc$/home/safan/Accelarray/src/SystolicArray/SystolicArray.v:0$296'.
No latch inferred for signal `\systolic_array_8x8.\pixel_wire[71]' from process `\systolic_array_8x8.$proc$/home/safan/Accelarray/src/SystolicArray/SystolicArray.v:0$296'.
No latch inferred for signal `\systolic_array_8x8.\psum_wire[0]' from process `\systolic_array_8x8.$proc$/home/safan/Accelarray/src/SystolicArray/SystolicArray.v:0$296'.
No latch inferred for signal `\systolic_array_8x8.\psum_wire[1]' from process `\systolic_array_8x8.$proc$/home/safan/Accelarray/src/SystolicArray/SystolicArray.v:0$296'.
No latch inferred for signal `\systolic_array_8x8.\psum_wire[2]' from process `\systolic_array_8x8.$proc$/home/safan/Accelarray/src/SystolicArray/SystolicArray.v:0$296'.
No latch inferred for signal `\systolic_array_8x8.\psum_wire[3]' from process `\systolic_array_8x8.$proc$/home/safan/Accelarray/src/SystolicArray/SystolicArray.v:0$296'.
No latch inferred for signal `\systolic_array_8x8.\psum_wire[4]' from process `\systolic_array_8x8.$proc$/home/safan/Accelarray/src/SystolicArray/SystolicArray.v:0$296'.
No latch inferred for signal `\systolic_array_8x8.\psum_wire[5]' from process `\systolic_array_8x8.$proc$/home/safan/Accelarray/src/SystolicArray/SystolicArray.v:0$296'.
No latch inferred for signal `\systolic_array_8x8.\psum_wire[6]' from process `\systolic_array_8x8.$proc$/home/safan/Accelarray/src/SystolicArray/SystolicArray.v:0$296'.
No latch inferred for signal `\systolic_array_8x8.\psum_wire[7]' from process `\systolic_array_8x8.$proc$/home/safan/Accelarray/src/SystolicArray/SystolicArray.v:0$296'.
No latch inferred for signal `\systolic_array_8x8.\psum_wire[8]' from process `\systolic_array_8x8.$proc$/home/safan/Accelarray/src/SystolicArray/SystolicArray.v:0$296'.
No latch inferred for signal `\systolic_array_8x8.\psum_wire[9]' from process `\systolic_array_8x8.$proc$/home/safan/Accelarray/src/SystolicArray/SystolicArray.v:0$296'.
No latch inferred for signal `\systolic_array_8x8.\psum_wire[10]' from process `\systolic_array_8x8.$proc$/home/safan/Accelarray/src/SystolicArray/SystolicArray.v:0$296'.
No latch inferred for signal `\systolic_array_8x8.\psum_wire[11]' from process `\systolic_array_8x8.$proc$/home/safan/Accelarray/src/SystolicArray/SystolicArray.v:0$296'.
No latch inferred for signal `\systolic_array_8x8.\psum_wire[12]' from process `\systolic_array_8x8.$proc$/home/safan/Accelarray/src/SystolicArray/SystolicArray.v:0$296'.
No latch inferred for signal `\systolic_array_8x8.\psum_wire[13]' from process `\systolic_array_8x8.$proc$/home/safan/Accelarray/src/SystolicArray/SystolicArray.v:0$296'.
No latch inferred for signal `\systolic_array_8x8.\psum_wire[14]' from process `\systolic_array_8x8.$proc$/home/safan/Accelarray/src/SystolicArray/SystolicArray.v:0$296'.
No latch inferred for signal `\systolic_array_8x8.\psum_wire[15]' from process `\systolic_array_8x8.$proc$/home/safan/Accelarray/src/SystolicArray/SystolicArray.v:0$296'.
No latch inferred for signal `\systolic_array_8x8.\psum_wire[16]' from process `\systolic_array_8x8.$proc$/home/safan/Accelarray/src/SystolicArray/SystolicArray.v:0$296'.
No latch inferred for signal `\systolic_array_8x8.\psum_wire[17]' from process `\systolic_array_8x8.$proc$/home/safan/Accelarray/src/SystolicArray/SystolicArray.v:0$296'.
No latch inferred for signal `\systolic_array_8x8.\psum_wire[18]' from process `\systolic_array_8x8.$proc$/home/safan/Accelarray/src/SystolicArray/SystolicArray.v:0$296'.
No latch inferred for signal `\systolic_array_8x8.\psum_wire[19]' from process `\systolic_array_8x8.$proc$/home/safan/Accelarray/src/SystolicArray/SystolicArray.v:0$296'.
No latch inferred for signal `\systolic_array_8x8.\psum_wire[20]' from process `\systolic_array_8x8.$proc$/home/safan/Accelarray/src/SystolicArray/SystolicArray.v:0$296'.
No latch inferred for signal `\systolic_array_8x8.\psum_wire[21]' from process `\systolic_array_8x8.$proc$/home/safan/Accelarray/src/SystolicArray/SystolicArray.v:0$296'.
No latch inferred for signal `\systolic_array_8x8.\psum_wire[22]' from process `\systolic_array_8x8.$proc$/home/safan/Accelarray/src/SystolicArray/SystolicArray.v:0$296'.
No latch inferred for signal `\systolic_array_8x8.\psum_wire[23]' from process `\systolic_array_8x8.$proc$/home/safan/Accelarray/src/SystolicArray/SystolicArray.v:0$296'.
No latch inferred for signal `\systolic_array_8x8.\psum_wire[24]' from process `\systolic_array_8x8.$proc$/home/safan/Accelarray/src/SystolicArray/SystolicArray.v:0$296'.
No latch inferred for signal `\systolic_array_8x8.\psum_wire[25]' from process `\systolic_array_8x8.$proc$/home/safan/Accelarray/src/SystolicArray/SystolicArray.v:0$296'.
No latch inferred for signal `\systolic_array_8x8.\psum_wire[26]' from process `\systolic_array_8x8.$proc$/home/safan/Accelarray/src/SystolicArray/SystolicArray.v:0$296'.
No latch inferred for signal `\systolic_array_8x8.\psum_wire[27]' from process `\systolic_array_8x8.$proc$/home/safan/Accelarray/src/SystolicArray/SystolicArray.v:0$296'.
No latch inferred for signal `\systolic_array_8x8.\psum_wire[28]' from process `\systolic_array_8x8.$proc$/home/safan/Accelarray/src/SystolicArray/SystolicArray.v:0$296'.
No latch inferred for signal `\systolic_array_8x8.\psum_wire[29]' from process `\systolic_array_8x8.$proc$/home/safan/Accelarray/src/SystolicArray/SystolicArray.v:0$296'.
No latch inferred for signal `\systolic_array_8x8.\psum_wire[30]' from process `\systolic_array_8x8.$proc$/home/safan/Accelarray/src/SystolicArray/SystolicArray.v:0$296'.
No latch inferred for signal `\systolic_array_8x8.\psum_wire[31]' from process `\systolic_array_8x8.$proc$/home/safan/Accelarray/src/SystolicArray/SystolicArray.v:0$296'.
No latch inferred for signal `\systolic_array_8x8.\psum_wire[32]' from process `\systolic_array_8x8.$proc$/home/safan/Accelarray/src/SystolicArray/SystolicArray.v:0$296'.
No latch inferred for signal `\systolic_array_8x8.\psum_wire[33]' from process `\systolic_array_8x8.$proc$/home/safan/Accelarray/src/SystolicArray/SystolicArray.v:0$296'.
No latch inferred for signal `\systolic_array_8x8.\psum_wire[34]' from process `\systolic_array_8x8.$proc$/home/safan/Accelarray/src/SystolicArray/SystolicArray.v:0$296'.
No latch inferred for signal `\systolic_array_8x8.\psum_wire[35]' from process `\systolic_array_8x8.$proc$/home/safan/Accelarray/src/SystolicArray/SystolicArray.v:0$296'.
No latch inferred for signal `\systolic_array_8x8.\psum_wire[36]' from process `\systolic_array_8x8.$proc$/home/safan/Accelarray/src/SystolicArray/SystolicArray.v:0$296'.
No latch inferred for signal `\systolic_array_8x8.\psum_wire[37]' from process `\systolic_array_8x8.$proc$/home/safan/Accelarray/src/SystolicArray/SystolicArray.v:0$296'.
No latch inferred for signal `\systolic_array_8x8.\psum_wire[38]' from process `\systolic_array_8x8.$proc$/home/safan/Accelarray/src/SystolicArray/SystolicArray.v:0$296'.
No latch inferred for signal `\systolic_array_8x8.\psum_wire[39]' from process `\systolic_array_8x8.$proc$/home/safan/Accelarray/src/SystolicArray/SystolicArray.v:0$296'.
No latch inferred for signal `\systolic_array_8x8.\psum_wire[40]' from process `\systolic_array_8x8.$proc$/home/safan/Accelarray/src/SystolicArray/SystolicArray.v:0$296'.
No latch inferred for signal `\systolic_array_8x8.\psum_wire[41]' from process `\systolic_array_8x8.$proc$/home/safan/Accelarray/src/SystolicArray/SystolicArray.v:0$296'.
No latch inferred for signal `\systolic_array_8x8.\psum_wire[42]' from process `\systolic_array_8x8.$proc$/home/safan/Accelarray/src/SystolicArray/SystolicArray.v:0$296'.
No latch inferred for signal `\systolic_array_8x8.\psum_wire[43]' from process `\systolic_array_8x8.$proc$/home/safan/Accelarray/src/SystolicArray/SystolicArray.v:0$296'.
No latch inferred for signal `\systolic_array_8x8.\psum_wire[44]' from process `\systolic_array_8x8.$proc$/home/safan/Accelarray/src/SystolicArray/SystolicArray.v:0$296'.
No latch inferred for signal `\systolic_array_8x8.\psum_wire[45]' from process `\systolic_array_8x8.$proc$/home/safan/Accelarray/src/SystolicArray/SystolicArray.v:0$296'.
No latch inferred for signal `\systolic_array_8x8.\psum_wire[46]' from process `\systolic_array_8x8.$proc$/home/safan/Accelarray/src/SystolicArray/SystolicArray.v:0$296'.
No latch inferred for signal `\systolic_array_8x8.\psum_wire[47]' from process `\systolic_array_8x8.$proc$/home/safan/Accelarray/src/SystolicArray/SystolicArray.v:0$296'.
No latch inferred for signal `\systolic_array_8x8.\psum_wire[48]' from process `\systolic_array_8x8.$proc$/home/safan/Accelarray/src/SystolicArray/SystolicArray.v:0$296'.
No latch inferred for signal `\systolic_array_8x8.\psum_wire[49]' from process `\systolic_array_8x8.$proc$/home/safan/Accelarray/src/SystolicArray/SystolicArray.v:0$296'.
No latch inferred for signal `\systolic_array_8x8.\psum_wire[50]' from process `\systolic_array_8x8.$proc$/home/safan/Accelarray/src/SystolicArray/SystolicArray.v:0$296'.
No latch inferred for signal `\systolic_array_8x8.\psum_wire[51]' from process `\systolic_array_8x8.$proc$/home/safan/Accelarray/src/SystolicArray/SystolicArray.v:0$296'.
No latch inferred for signal `\systolic_array_8x8.\psum_wire[52]' from process `\systolic_array_8x8.$proc$/home/safan/Accelarray/src/SystolicArray/SystolicArray.v:0$296'.
No latch inferred for signal `\systolic_array_8x8.\psum_wire[53]' from process `\systolic_array_8x8.$proc$/home/safan/Accelarray/src/SystolicArray/SystolicArray.v:0$296'.
No latch inferred for signal `\systolic_array_8x8.\psum_wire[54]' from process `\systolic_array_8x8.$proc$/home/safan/Accelarray/src/SystolicArray/SystolicArray.v:0$296'.
No latch inferred for signal `\systolic_array_8x8.\psum_wire[55]' from process `\systolic_array_8x8.$proc$/home/safan/Accelarray/src/SystolicArray/SystolicArray.v:0$296'.
No latch inferred for signal `\systolic_array_8x8.\psum_wire[56]' from process `\systolic_array_8x8.$proc$/home/safan/Accelarray/src/SystolicArray/SystolicArray.v:0$296'.
No latch inferred for signal `\systolic_array_8x8.\psum_wire[57]' from process `\systolic_array_8x8.$proc$/home/safan/Accelarray/src/SystolicArray/SystolicArray.v:0$296'.
No latch inferred for signal `\systolic_array_8x8.\psum_wire[58]' from process `\systolic_array_8x8.$proc$/home/safan/Accelarray/src/SystolicArray/SystolicArray.v:0$296'.
No latch inferred for signal `\systolic_array_8x8.\psum_wire[59]' from process `\systolic_array_8x8.$proc$/home/safan/Accelarray/src/SystolicArray/SystolicArray.v:0$296'.
No latch inferred for signal `\systolic_array_8x8.\psum_wire[60]' from process `\systolic_array_8x8.$proc$/home/safan/Accelarray/src/SystolicArray/SystolicArray.v:0$296'.
No latch inferred for signal `\systolic_array_8x8.\psum_wire[61]' from process `\systolic_array_8x8.$proc$/home/safan/Accelarray/src/SystolicArray/SystolicArray.v:0$296'.
No latch inferred for signal `\systolic_array_8x8.\psum_wire[62]' from process `\systolic_array_8x8.$proc$/home/safan/Accelarray/src/SystolicArray/SystolicArray.v:0$296'.
No latch inferred for signal `\systolic_array_8x8.\psum_wire[63]' from process `\systolic_array_8x8.$proc$/home/safan/Accelarray/src/SystolicArray/SystolicArray.v:0$296'.
No latch inferred for signal `\systolic_array_8x8.\psum_wire[64]' from process `\systolic_array_8x8.$proc$/home/safan/Accelarray/src/SystolicArray/SystolicArray.v:0$296'.
No latch inferred for signal `\systolic_array_8x8.\psum_wire[65]' from process `\systolic_array_8x8.$proc$/home/safan/Accelarray/src/SystolicArray/SystolicArray.v:0$296'.
No latch inferred for signal `\systolic_array_8x8.\psum_wire[66]' from process `\systolic_array_8x8.$proc$/home/safan/Accelarray/src/SystolicArray/SystolicArray.v:0$296'.
No latch inferred for signal `\systolic_array_8x8.\psum_wire[67]' from process `\systolic_array_8x8.$proc$/home/safan/Accelarray/src/SystolicArray/SystolicArray.v:0$296'.
No latch inferred for signal `\systolic_array_8x8.\psum_wire[68]' from process `\systolic_array_8x8.$proc$/home/safan/Accelarray/src/SystolicArray/SystolicArray.v:0$296'.
No latch inferred for signal `\systolic_array_8x8.\psum_wire[69]' from process `\systolic_array_8x8.$proc$/home/safan/Accelarray/src/SystolicArray/SystolicArray.v:0$296'.
No latch inferred for signal `\systolic_array_8x8.\psum_wire[70]' from process `\systolic_array_8x8.$proc$/home/safan/Accelarray/src/SystolicArray/SystolicArray.v:0$296'.
No latch inferred for signal `\systolic_array_8x8.\psum_wire[71]' from process `\systolic_array_8x8.$proc$/home/safan/Accelarray/src/SystolicArray/SystolicArray.v:0$296'.
No latch inferred for signal `\systolic_array_8x8.\col_out[0]' from process `\systolic_array_8x8.$proc$/home/safan/Accelarray/src/SystolicArray/SystolicArray.v:0$296'.
No latch inferred for signal `\systolic_array_8x8.\col_out[1]' from process `\systolic_array_8x8.$proc$/home/safan/Accelarray/src/SystolicArray/SystolicArray.v:0$296'.
No latch inferred for signal `\systolic_array_8x8.\col_out[2]' from process `\systolic_array_8x8.$proc$/home/safan/Accelarray/src/SystolicArray/SystolicArray.v:0$296'.
No latch inferred for signal `\systolic_array_8x8.\col_out[3]' from process `\systolic_array_8x8.$proc$/home/safan/Accelarray/src/SystolicArray/SystolicArray.v:0$296'.
No latch inferred for signal `\systolic_array_8x8.\col_out[4]' from process `\systolic_array_8x8.$proc$/home/safan/Accelarray/src/SystolicArray/SystolicArray.v:0$296'.
No latch inferred for signal `\systolic_array_8x8.\col_out[5]' from process `\systolic_array_8x8.$proc$/home/safan/Accelarray/src/SystolicArray/SystolicArray.v:0$296'.
No latch inferred for signal `\systolic_array_8x8.\col_out[6]' from process `\systolic_array_8x8.$proc$/home/safan/Accelarray/src/SystolicArray/SystolicArray.v:0$296'.
No latch inferred for signal `\systolic_array_8x8.\col_out[7]' from process `\systolic_array_8x8.$proc$/home/safan/Accelarray/src/SystolicArray/SystolicArray.v:0$296'.

17. Executing PROC_DFF pass (convert process syncs to FFs).
Creating register for signal `\systolic_array_8x8.\valid_sr' using process `\systolic_array_8x8.$proc$/home/safan/Accelarray/src/SystolicArray/SystolicArray.v:130$294'.
  created $dff cell `$procdff$531' with positive edge clock.
Creating register for signal `\systolic_array_8x8.\i' using process `\systolic_array_8x8.$proc$/home/safan/Accelarray/src/SystolicArray/SystolicArray.v:107$285'.
  created $adff cell `$procdff$536' with positive edge clock and positive level reset.
Creating register for signal `\systolic_array_8x8.\chain_sum[0]' using process `\systolic_array_8x8.$proc$/home/safan/Accelarray/src/SystolicArray/SystolicArray.v:107$285'.
  created $adff cell `$procdff$541' with positive edge clock and positive level reset.
Creating register for signal `\systolic_array_8x8.\chain_sum[1]' using process `\systolic_array_8x8.$proc$/home/safan/Accelarray/src/SystolicArray/SystolicArray.v:107$285'.
  created $adff cell `$procdff$546' with positive edge clock and positive level reset.
Creating register for signal `\systolic_array_8x8.\chain_sum[2]' using process `\systolic_array_8x8.$proc$/home/safan/Accelarray/src/SystolicArray/SystolicArray.v:107$285'.
  created $adff cell `$procdff$551' with positive edge clock and positive level reset.
Creating register for signal `\systolic_array_8x8.\chain_sum[3]' using process `\systolic_array_8x8.$proc$/home/safan/Accelarray/src/SystolicArray/SystolicArray.v:107$285'.
  created $adff cell `$procdff$556' with positive edge clock and positive level reset.
Creating register for signal `\systolic_array_8x8.\chain_sum[4]' using process `\systolic_array_8x8.$proc$/home/safan/Accelarray/src/SystolicArray/SystolicArray.v:107$285'.
  created $adff cell `$procdff$561' with positive edge clock and positive level reset.
Creating register for signal `\systolic_array_8x8.\chain_sum[5]' using process `\systolic_array_8x8.$proc$/home/safan/Accelarray/src/SystolicArray/SystolicArray.v:107$285'.
  created $adff cell `$procdff$566' with positive edge clock and positive level reset.
Creating register for signal `\systolic_array_8x8.\chain_sum[6]' using process `\systolic_array_8x8.$proc$/home/safan/Accelarray/src/SystolicArray/SystolicArray.v:107$285'.
  created $adff cell `$procdff$571' with positive edge clock and positive level reset.
Creating register for signal `\systolic_array_8x8.\chain_sum[7]' using process `\systolic_array_8x8.$proc$/home/safan/Accelarray/src/SystolicArray/SystolicArray.v:107$285'.
  created $adff cell `$procdff$576' with positive edge clock and positive level reset.
Creating register for signal `\systolic_array_8x8.\i' using process `\systolic_array_8x8.$proc$/home/safan/Accelarray/src/SystolicArray/SystolicArray.v:27$283'.
  created $adff cell `$procdff$581' with positive edge clock and positive level reset.
Creating register for signal `\systolic_array_8x8.\j' using process `\systolic_array_8x8.$proc$/home/safan/Accelarray/src/SystolicArray/SystolicArray.v:27$283'.
  created $adff cell `$procdff$586' with positive edge clock and positive level reset.
Creating register for signal `\systolic_array_8x8.\delay_regs[0]' using process `\systolic_array_8x8.$proc$/home/safan/Accelarray/src/SystolicArray/SystolicArray.v:27$283'.
  created $adff cell `$procdff$591' with positive edge clock and positive level reset.
Creating register for signal `\systolic_array_8x8.\delay_regs[1]' using process `\systolic_array_8x8.$proc$/home/safan/Accelarray/src/SystolicArray/SystolicArray.v:27$283'.
  created $adff cell `$procdff$596' with positive edge clock and positive level reset.
Creating register for signal `\systolic_array_8x8.\delay_regs[2]' using process `\systolic_array_8x8.$proc$/home/safan/Accelarray/src/SystolicArray/SystolicArray.v:27$283'.
  created $adff cell `$procdff$601' with positive edge clock and positive level reset.
Creating register for signal `\systolic_array_8x8.\delay_regs[3]' using process `\systolic_array_8x8.$proc$/home/safan/Accelarray/src/SystolicArray/SystolicArray.v:27$283'.
  created $adff cell `$procdff$606' with positive edge clock and positive level reset.
Creating register for signal `\systolic_array_8x8.\delay_regs[4]' using process `\systolic_array_8x8.$proc$/home/safan/Accelarray/src/SystolicArray/SystolicArray.v:27$283'.
  created $adff cell `$procdff$611' with positive edge clock and positive level reset.
Creating register for signal `\systolic_array_8x8.\delay_regs[5]' using process `\systolic_array_8x8.$proc$/home/safan/Accelarray/src/SystolicArray/SystolicArray.v:27$283'.
  created $adff cell `$procdff$616' with positive edge clock and positive level reset.
Creating register for signal `\systolic_array_8x8.\delay_regs[6]' using process `\systolic_array_8x8.$proc$/home/safan/Accelarray/src/SystolicArray/SystolicArray.v:27$283'.
  created $adff cell `$procdff$621' with positive edge clock and positive level reset.
Creating register for signal `\systolic_array_8x8.\delay_regs[7]' using process `\systolic_array_8x8.$proc$/home/safan/Accelarray/src/SystolicArray/SystolicArray.v:27$283'.
  created $adff cell `$procdff$626' with positive edge clock and positive level reset.
Creating register for signal `\systolic_array_8x8.\delay_regs[8]' using process `\systolic_array_8x8.$proc$/home/safan/Accelarray/src/SystolicArray/SystolicArray.v:27$283'.
  created $adff cell `$procdff$631' with positive edge clock and positive level reset.
Creating register for signal `\systolic_array_8x8.\delay_regs[9]' using process `\systolic_array_8x8.$proc$/home/safan/Accelarray/src/SystolicArray/SystolicArray.v:27$283'.
  created $adff cell `$procdff$636' with positive edge clock and positive level reset.
Creating register for signal `\systolic_array_8x8.\delay_regs[10]' using process `\systolic_array_8x8.$proc$/home/safan/Accelarray/src/SystolicArray/SystolicArray.v:27$283'.
  created $adff cell `$procdff$641' with positive edge clock and positive level reset.
Creating register for signal `\systolic_array_8x8.\delay_regs[11]' using process `\systolic_array_8x8.$proc$/home/safan/Accelarray/src/SystolicArray/SystolicArray.v:27$283'.
  created $adff cell `$procdff$646' with positive edge clock and positive level reset.
Creating register for signal `\systolic_array_8x8.\delay_regs[12]' using process `\systolic_array_8x8.$proc$/home/safan/Accelarray/src/SystolicArray/SystolicArray.v:27$283'.
  created $adff cell `$procdff$651' with positive edge clock and positive level reset.
Creating register for signal `\systolic_array_8x8.\delay_regs[13]' using process `\systolic_array_8x8.$proc$/home/safan/Accelarray/src/SystolicArray/SystolicArray.v:27$283'.
  created $adff cell `$procdff$656' with positive edge clock and positive level reset.
Creating register for signal `\systolic_array_8x8.\delay_regs[14]' using process `\systolic_array_8x8.$proc$/home/safan/Accelarray/src/SystolicArray/SystolicArray.v:27$283'.
  created $adff cell `$procdff$661' with positive edge clock and positive level reset.
Creating register for signal `\systolic_array_8x8.\delay_regs[15]' using process `\systolic_array_8x8.$proc$/home/safan/Accelarray/src/SystolicArray/SystolicArray.v:27$283'.
  created $adff cell `$procdff$666' with positive edge clock and positive level reset.
Creating register for signal `\systolic_array_8x8.\delay_regs[16]' using process `\systolic_array_8x8.$proc$/home/safan/Accelarray/src/SystolicArray/SystolicArray.v:27$283'.
  created $adff cell `$procdff$671' with positive edge clock and positive level reset.
Creating register for signal `\systolic_array_8x8.\delay_regs[17]' using process `\systolic_array_8x8.$proc$/home/safan/Accelarray/src/SystolicArray/SystolicArray.v:27$283'.
  created $adff cell `$procdff$676' with positive edge clock and positive level reset.
Creating register for signal `\systolic_array_8x8.\delay_regs[18]' using process `\systolic_array_8x8.$proc$/home/safan/Accelarray/src/SystolicArray/SystolicArray.v:27$283'.
  created $adff cell `$procdff$681' with positive edge clock and positive level reset.
Creating register for signal `\systolic_array_8x8.\delay_regs[19]' using process `\systolic_array_8x8.$proc$/home/safan/Accelarray/src/SystolicArray/SystolicArray.v:27$283'.
  created $adff cell `$procdff$686' with positive edge clock and positive level reset.
Creating register for signal `\systolic_array_8x8.\delay_regs[20]' using process `\systolic_array_8x8.$proc$/home/safan/Accelarray/src/SystolicArray/SystolicArray.v:27$283'.
  created $adff cell `$procdff$691' with positive edge clock and positive level reset.
Creating register for signal `\systolic_array_8x8.\delay_regs[21]' using process `\systolic_array_8x8.$proc$/home/safan/Accelarray/src/SystolicArray/SystolicArray.v:27$283'.
  created $adff cell `$procdff$696' with positive edge clock and positive level reset.
Creating register for signal `\systolic_array_8x8.\delay_regs[22]' using process `\systolic_array_8x8.$proc$/home/safan/Accelarray/src/SystolicArray/SystolicArray.v:27$283'.
  created $adff cell `$procdff$701' with positive edge clock and positive level reset.
Creating register for signal `\systolic_array_8x8.\delay_regs[23]' using process `\systolic_array_8x8.$proc$/home/safan/Accelarray/src/SystolicArray/SystolicArray.v:27$283'.
  created $adff cell `$procdff$706' with positive edge clock and positive level reset.
Creating register for signal `\systolic_array_8x8.\delay_regs[24]' using process `\systolic_array_8x8.$proc$/home/safan/Accelarray/src/SystolicArray/SystolicArray.v:27$283'.
  created $adff cell `$procdff$711' with positive edge clock and positive level reset.
Creating register for signal `\systolic_array_8x8.\delay_regs[25]' using process `\systolic_array_8x8.$proc$/home/safan/Accelarray/src/SystolicArray/SystolicArray.v:27$283'.
  created $adff cell `$procdff$716' with positive edge clock and positive level reset.
Creating register for signal `\systolic_array_8x8.\delay_regs[26]' using process `\systolic_array_8x8.$proc$/home/safan/Accelarray/src/SystolicArray/SystolicArray.v:27$283'.
  created $adff cell `$procdff$721' with positive edge clock and positive level reset.
Creating register for signal `\systolic_array_8x8.\delay_regs[27]' using process `\systolic_array_8x8.$proc$/home/safan/Accelarray/src/SystolicArray/SystolicArray.v:27$283'.
  created $adff cell `$procdff$726' with positive edge clock and positive level reset.
Creating register for signal `\systolic_array_8x8.\delay_regs[28]' using process `\systolic_array_8x8.$proc$/home/safan/Accelarray/src/SystolicArray/SystolicArray.v:27$283'.
  created $adff cell `$procdff$731' with positive edge clock and positive level reset.
Creating register for signal `\systolic_array_8x8.\delay_regs[29]' using process `\systolic_array_8x8.$proc$/home/safan/Accelarray/src/SystolicArray/SystolicArray.v:27$283'.
  created $adff cell `$procdff$736' with positive edge clock and positive level reset.
Creating register for signal `\systolic_array_8x8.\delay_regs[30]' using process `\systolic_array_8x8.$proc$/home/safan/Accelarray/src/SystolicArray/SystolicArray.v:27$283'.
  created $adff cell `$procdff$741' with positive edge clock and positive level reset.
Creating register for signal `\systolic_array_8x8.\delay_regs[31]' using process `\systolic_array_8x8.$proc$/home/safan/Accelarray/src/SystolicArray/SystolicArray.v:27$283'.
  created $adff cell `$procdff$746' with positive edge clock and positive level reset.
Creating register for signal `\systolic_array_8x8.\delay_regs[32]' using process `\systolic_array_8x8.$proc$/home/safan/Accelarray/src/SystolicArray/SystolicArray.v:27$283'.
  created $adff cell `$procdff$751' with positive edge clock and positive level reset.
Creating register for signal `\systolic_array_8x8.\delay_regs[33]' using process `\systolic_array_8x8.$proc$/home/safan/Accelarray/src/SystolicArray/SystolicArray.v:27$283'.
  created $adff cell `$procdff$756' with positive edge clock and positive level reset.
Creating register for signal `\systolic_array_8x8.\delay_regs[34]' using process `\systolic_array_8x8.$proc$/home/safan/Accelarray/src/SystolicArray/SystolicArray.v:27$283'.
  created $adff cell `$procdff$761' with positive edge clock and positive level reset.
Creating register for signal `\systolic_array_8x8.\delay_regs[35]' using process `\systolic_array_8x8.$proc$/home/safan/Accelarray/src/SystolicArray/SystolicArray.v:27$283'.
  created $adff cell `$procdff$766' with positive edge clock and positive level reset.
Creating register for signal `\systolic_array_8x8.\delay_regs[36]' using process `\systolic_array_8x8.$proc$/home/safan/Accelarray/src/SystolicArray/SystolicArray.v:27$283'.
  created $adff cell `$procdff$771' with positive edge clock and positive level reset.
Creating register for signal `\systolic_array_8x8.\delay_regs[37]' using process `\systolic_array_8x8.$proc$/home/safan/Accelarray/src/SystolicArray/SystolicArray.v:27$283'.
  created $adff cell `$procdff$776' with positive edge clock and positive level reset.
Creating register for signal `\systolic_array_8x8.\delay_regs[38]' using process `\systolic_array_8x8.$proc$/home/safan/Accelarray/src/SystolicArray/SystolicArray.v:27$283'.
  created $adff cell `$procdff$781' with positive edge clock and positive level reset.
Creating register for signal `\systolic_array_8x8.\delay_regs[39]' using process `\systolic_array_8x8.$proc$/home/safan/Accelarray/src/SystolicArray/SystolicArray.v:27$283'.
  created $adff cell `$procdff$786' with positive edge clock and positive level reset.
Creating register for signal `\systolic_array_8x8.\delay_regs[40]' using process `\systolic_array_8x8.$proc$/home/safan/Accelarray/src/SystolicArray/SystolicArray.v:27$283'.
  created $adff cell `$procdff$791' with positive edge clock and positive level reset.
Creating register for signal `\systolic_array_8x8.\delay_regs[41]' using process `\systolic_array_8x8.$proc$/home/safan/Accelarray/src/SystolicArray/SystolicArray.v:27$283'.
  created $adff cell `$procdff$796' with positive edge clock and positive level reset.
Creating register for signal `\systolic_array_8x8.\delay_regs[42]' using process `\systolic_array_8x8.$proc$/home/safan/Accelarray/src/SystolicArray/SystolicArray.v:27$283'.
  created $adff cell `$procdff$801' with positive edge clock and positive level reset.
Creating register for signal `\systolic_array_8x8.\delay_regs[43]' using process `\systolic_array_8x8.$proc$/home/safan/Accelarray/src/SystolicArray/SystolicArray.v:27$283'.
  created $adff cell `$procdff$806' with positive edge clock and positive level reset.
Creating register for signal `\systolic_array_8x8.\delay_regs[44]' using process `\systolic_array_8x8.$proc$/home/safan/Accelarray/src/SystolicArray/SystolicArray.v:27$283'.
  created $adff cell `$procdff$811' with positive edge clock and positive level reset.
Creating register for signal `\systolic_array_8x8.\delay_regs[45]' using process `\systolic_array_8x8.$proc$/home/safan/Accelarray/src/SystolicArray/SystolicArray.v:27$283'.
  created $adff cell `$procdff$816' with positive edge clock and positive level reset.
Creating register for signal `\systolic_array_8x8.\delay_regs[46]' using process `\systolic_array_8x8.$proc$/home/safan/Accelarray/src/SystolicArray/SystolicArray.v:27$283'.
  created $adff cell `$procdff$821' with positive edge clock and positive level reset.
Creating register for signal `\systolic_array_8x8.\delay_regs[47]' using process `\systolic_array_8x8.$proc$/home/safan/Accelarray/src/SystolicArray/SystolicArray.v:27$283'.
  created $adff cell `$procdff$826' with positive edge clock and positive level reset.
Creating register for signal `\systolic_array_8x8.\delay_regs[48]' using process `\systolic_array_8x8.$proc$/home/safan/Accelarray/src/SystolicArray/SystolicArray.v:27$283'.
  created $adff cell `$procdff$831' with positive edge clock and positive level reset.
Creating register for signal `\systolic_array_8x8.\delay_regs[49]' using process `\systolic_array_8x8.$proc$/home/safan/Accelarray/src/SystolicArray/SystolicArray.v:27$283'.
  created $adff cell `$procdff$836' with positive edge clock and positive level reset.
Creating register for signal `\systolic_array_8x8.\delay_regs[50]' using process `\systolic_array_8x8.$proc$/home/safan/Accelarray/src/SystolicArray/SystolicArray.v:27$283'.
  created $adff cell `$procdff$841' with positive edge clock and positive level reset.
Creating register for signal `\systolic_array_8x8.\delay_regs[51]' using process `\systolic_array_8x8.$proc$/home/safan/Accelarray/src/SystolicArray/SystolicArray.v:27$283'.
  created $adff cell `$procdff$846' with positive edge clock and positive level reset.
Creating register for signal `\systolic_array_8x8.\delay_regs[52]' using process `\systolic_array_8x8.$proc$/home/safan/Accelarray/src/SystolicArray/SystolicArray.v:27$283'.
  created $adff cell `$procdff$851' with positive edge clock and positive level reset.
Creating register for signal `\systolic_array_8x8.\delay_regs[53]' using process `\systolic_array_8x8.$proc$/home/safan/Accelarray/src/SystolicArray/SystolicArray.v:27$283'.
  created $adff cell `$procdff$856' with positive edge clock and positive level reset.
Creating register for signal `\systolic_array_8x8.\delay_regs[54]' using process `\systolic_array_8x8.$proc$/home/safan/Accelarray/src/SystolicArray/SystolicArray.v:27$283'.
  created $adff cell `$procdff$861' with positive edge clock and positive level reset.
Creating register for signal `\systolic_array_8x8.\delay_regs[55]' using process `\systolic_array_8x8.$proc$/home/safan/Accelarray/src/SystolicArray/SystolicArray.v:27$283'.
  created $adff cell `$procdff$866' with positive edge clock and positive level reset.
Creating register for signal `\systolic_array_8x8.\delay_regs[56]' using process `\systolic_array_8x8.$proc$/home/safan/Accelarray/src/SystolicArray/SystolicArray.v:27$283'.
  created $adff cell `$procdff$871' with positive edge clock and positive level reset.
Creating register for signal `\systolic_array_8x8.\delay_regs[57]' using process `\systolic_array_8x8.$proc$/home/safan/Accelarray/src/SystolicArray/SystolicArray.v:27$283'.
  created $adff cell `$procdff$876' with positive edge clock and positive level reset.
Creating register for signal `\systolic_array_8x8.\delay_regs[58]' using process `\systolic_array_8x8.$proc$/home/safan/Accelarray/src/SystolicArray/SystolicArray.v:27$283'.
  created $adff cell `$procdff$881' with positive edge clock and positive level reset.
Creating register for signal `\systolic_array_8x8.\delay_regs[59]' using process `\systolic_array_8x8.$proc$/home/safan/Accelarray/src/SystolicArray/SystolicArray.v:27$283'.
  created $adff cell `$procdff$886' with positive edge clock and positive level reset.
Creating register for signal `\systolic_array_8x8.\delay_regs[60]' using process `\systolic_array_8x8.$proc$/home/safan/Accelarray/src/SystolicArray/SystolicArray.v:27$283'.
  created $adff cell `$procdff$891' with positive edge clock and positive level reset.
Creating register for signal `\systolic_array_8x8.\delay_regs[61]' using process `\systolic_array_8x8.$proc$/home/safan/Accelarray/src/SystolicArray/SystolicArray.v:27$283'.
  created $adff cell `$procdff$896' with positive edge clock and positive level reset.
Creating register for signal `\systolic_array_8x8.\delay_regs[62]' using process `\systolic_array_8x8.$proc$/home/safan/Accelarray/src/SystolicArray/SystolicArray.v:27$283'.
  created $adff cell `$procdff$901' with positive edge clock and positive level reset.
Creating register for signal `\systolic_array_8x8.\delay_regs[63]' using process `\systolic_array_8x8.$proc$/home/safan/Accelarray/src/SystolicArray/SystolicArray.v:27$283'.
  created $adff cell `$procdff$906' with positive edge clock and positive level reset.
Creating register for signal `\PE_Optimized_PortReuse.\psum_out' using process `\PE_Optimized_PortReuse.$proc$/home/safan/Accelarray/src/SystolicArray/PE.v:42$23'.
  created $adff cell `$procdff$911' with positive edge clock and positive level reset.
Creating register for signal `\PE_Optimized_PortReuse.\product_reg' using process `\PE_Optimized_PortReuse.$proc$/home/safan/Accelarray/src/SystolicArray/PE.v:42$23'.
  created $adff cell `$procdff$916' with positive edge clock and positive level reset.
Creating register for signal `\PE_Optimized_PortReuse.\psum_in_reg' using process `\PE_Optimized_PortReuse.$proc$/home/safan/Accelarray/src/SystolicArray/PE.v:42$23'.
  created $adff cell `$procdff$921' with positive edge clock and positive level reset.
Creating register for signal `\PE_Optimized_PortReuse.\psum_accum_reg' using process `\PE_Optimized_PortReuse.$proc$/home/safan/Accelarray/src/SystolicArray/PE.v:42$23'.
  created $adff cell `$procdff$926' with positive edge clock and positive level reset.
Creating register for signal `\PE_Optimized_PortReuse.\data_out' using process `\PE_Optimized_PortReuse.$proc$/home/safan/Accelarray/src/SystolicArray/PE.v:22$20'.
  created $adff cell `$procdff$931' with positive edge clock and positive level reset.
Creating register for signal `\PE_Optimized_PortReuse.\W_local_reg' using process `\PE_Optimized_PortReuse.$proc$/home/safan/Accelarray/src/SystolicArray/PE.v:22$20'.
  created $adff cell `$procdff$936' with positive edge clock and positive level reset.

18. Executing PROC_MEMWR pass (convert process memory writes to cells).

19. Executing PROC_CLEAN pass (remove empty switches from decision trees).
Removing empty process `systolic_array_8x8.$proc$/home/safan/Accelarray/src/SystolicArray/SystolicArray.v:0$296'.
Found and cleaned up 1 empty switch in `\systolic_array_8x8.$proc$/home/safan/Accelarray/src/SystolicArray/SystolicArray.v:130$294'.
Removing empty process `systolic_array_8x8.$proc$/home/safan/Accelarray/src/SystolicArray/SystolicArray.v:130$294'.
Found and cleaned up 1 empty switch in `\systolic_array_8x8.$proc$/home/safan/Accelarray/src/SystolicArray/SystolicArray.v:107$285'.
Removing empty process `systolic_array_8x8.$proc$/home/safan/Accelarray/src/SystolicArray/SystolicArray.v:107$285'.
Found and cleaned up 1 empty switch in `\systolic_array_8x8.$proc$/home/safan/Accelarray/src/SystolicArray/SystolicArray.v:27$283'.
Removing empty process `systolic_array_8x8.$proc$/home/safan/Accelarray/src/SystolicArray/SystolicArray.v:27$283'.
Found and cleaned up 2 empty switches in `\PE_Optimized_PortReuse.$proc$/home/safan/Accelarray/src/SystolicArray/PE.v:42$23'.
Removing empty process `PE_Optimized_PortReuse.$proc$/home/safan/Accelarray/src/SystolicArray/PE.v:42$23'.
Found and cleaned up 2 empty switches in `\PE_Optimized_PortReuse.$proc$/home/safan/Accelarray/src/SystolicArray/PE.v:22$20'.
Removing empty process `PE_Optimized_PortReuse.$proc$/home/safan/Accelarray/src/SystolicArray/PE.v:22$20'.
Cleaned up 7 empty switches.

20. Executing CHECK pass (checking for obvious problems).
Checking module systolic_array_8x8...
Warning: multiple conflicting drivers for systolic_array_8x8.\i [31]:
    port Q[31] of cell $procdff$581 ($adff)
    port Q[31] of cell $procdff$536 ($adff)
Warning: multiple conflicting drivers for systolic_array_8x8.\i [30]:
    port Q[30] of cell $procdff$581 ($adff)
    port Q[30] of cell $procdff$536 ($adff)
Warning: multiple conflicting drivers for systolic_array_8x8.\i [29]:
    port Q[29] of cell $procdff$581 ($adff)
    port Q[29] of cell $procdff$536 ($adff)
Warning: multiple conflicting drivers for systolic_array_8x8.\i [28]:
    port Q[28] of cell $procdff$581 ($adff)
    port Q[28] of cell $procdff$536 ($adff)
Warning: multiple conflicting drivers for systolic_array_8x8.\i [27]:
    port Q[27] of cell $procdff$581 ($adff)
    port Q[27] of cell $procdff$536 ($adff)
Warning: multiple conflicting drivers for systolic_array_8x8.\i [26]:
    port Q[26] of cell $procdff$581 ($adff)
    port Q[26] of cell $procdff$536 ($adff)
Warning: multiple conflicting drivers for systolic_array_8x8.\i [25]:
    port Q[25] of cell $procdff$581 ($adff)
    port Q[25] of cell $procdff$536 ($adff)
Warning: multiple conflicting drivers for systolic_array_8x8.\i [24]:
    port Q[24] of cell $procdff$581 ($adff)
    port Q[24] of cell $procdff$536 ($adff)
Warning: multiple conflicting drivers for systolic_array_8x8.\i [23]:
    port Q[23] of cell $procdff$581 ($adff)
    port Q[23] of cell $procdff$536 ($adff)
Warning: multiple conflicting drivers for systolic_array_8x8.\i [22]:
    port Q[22] of cell $procdff$581 ($adff)
    port Q[22] of cell $procdff$536 ($adff)
Warning: multiple conflicting drivers for systolic_array_8x8.\i [21]:
    port Q[21] of cell $procdff$581 ($adff)
    port Q[21] of cell $procdff$536 ($adff)
Warning: multiple conflicting drivers for systolic_array_8x8.\i [20]:
    port Q[20] of cell $procdff$581 ($adff)
    port Q[20] of cell $procdff$536 ($adff)
Warning: multiple conflicting drivers for systolic_array_8x8.\i [19]:
    port Q[19] of cell $procdff$581 ($adff)
    port Q[19] of cell $procdff$536 ($adff)
Warning: multiple conflicting drivers for systolic_array_8x8.\i [18]:
    port Q[18] of cell $procdff$581 ($adff)
    port Q[18] of cell $procdff$536 ($adff)
Warning: multiple conflicting drivers for systolic_array_8x8.\i [17]:
    port Q[17] of cell $procdff$581 ($adff)
    port Q[17] of cell $procdff$536 ($adff)
Warning: multiple conflicting drivers for systolic_array_8x8.\i [16]:
    port Q[16] of cell $procdff$581 ($adff)
    port Q[16] of cell $procdff$536 ($adff)
Warning: multiple conflicting drivers for systolic_array_8x8.\i [15]:
    port Q[15] of cell $procdff$581 ($adff)
    port Q[15] of cell $procdff$536 ($adff)
Warning: multiple conflicting drivers for systolic_array_8x8.\i [14]:
    port Q[14] of cell $procdff$581 ($adff)
    port Q[14] of cell $procdff$536 ($adff)
Warning: multiple conflicting drivers for systolic_array_8x8.\i [13]:
    port Q[13] of cell $procdff$581 ($adff)
    port Q[13] of cell $procdff$536 ($adff)
Warning: multiple conflicting drivers for systolic_array_8x8.\i [12]:
    port Q[12] of cell $procdff$581 ($adff)
    port Q[12] of cell $procdff$536 ($adff)
Warning: multiple conflicting drivers for systolic_array_8x8.\i [11]:
    port Q[11] of cell $procdff$581 ($adff)
    port Q[11] of cell $procdff$536 ($adff)
Warning: multiple conflicting drivers for systolic_array_8x8.\i [10]:
    port Q[10] of cell $procdff$581 ($adff)
    port Q[10] of cell $procdff$536 ($adff)
Warning: multiple conflicting drivers for systolic_array_8x8.\i [9]:
    port Q[9] of cell $procdff$581 ($adff)
    port Q[9] of cell $procdff$536 ($adff)
Warning: multiple conflicting drivers for systolic_array_8x8.\i [8]:
    port Q[8] of cell $procdff$581 ($adff)
    port Q[8] of cell $procdff$536 ($adff)
Warning: multiple conflicting drivers for systolic_array_8x8.\i [7]:
    port Q[7] of cell $procdff$581 ($adff)
    port Q[7] of cell $procdff$536 ($adff)
Warning: multiple conflicting drivers for systolic_array_8x8.\i [6]:
    port Q[6] of cell $procdff$581 ($adff)
    port Q[6] of cell $procdff$536 ($adff)
Warning: multiple conflicting drivers for systolic_array_8x8.\i [5]:
    port Q[5] of cell $procdff$581 ($adff)
    port Q[5] of cell $procdff$536 ($adff)
Warning: multiple conflicting drivers for systolic_array_8x8.\i [4]:
    port Q[4] of cell $procdff$581 ($adff)
    port Q[4] of cell $procdff$536 ($adff)
Warning: multiple conflicting drivers for systolic_array_8x8.\i [3]:
    port Q[3] of cell $procdff$581 ($adff)
    port Q[3] of cell $procdff$536 ($adff)
Warning: multiple conflicting drivers for systolic_array_8x8.\i [2]:
    port Q[2] of cell $procdff$581 ($adff)
    port Q[2] of cell $procdff$536 ($adff)
Warning: multiple conflicting drivers for systolic_array_8x8.\i [1]:
    port Q[1] of cell $procdff$581 ($adff)
    port Q[1] of cell $procdff$536 ($adff)
Warning: multiple conflicting drivers for systolic_array_8x8.\i [0]:
    port Q[0] of cell $procdff$581 ($adff)
    port Q[0] of cell $procdff$536 ($adff)
Checking module PE_Optimized_PortReuse...
Found and reported 32 problems.

21. Executing OPT_EXPR pass (perform const folding).
Optimizing module systolic_array_8x8.
<suppressed ~150 debug messages>
Optimizing module PE_Optimized_PortReuse.
<suppressed ~14 debug messages>

22. Executing FLATTEN pass (flatten design).
Deleting now unused module PE_Optimized_PortReuse.
<suppressed ~64 debug messages>

23. Executing OPT_EXPR pass (perform const folding).
Optimizing module systolic_array_8x8.

24. Executing OPT_CLEAN pass (remove unused cells and wires).
Finding unused cells or wires in module \systolic_array_8x8..
Removed 746 unused cells and 2808 unused wires.
<suppressed ~801 debug messages>

25. Executing OPT_EXPR pass (perform const folding).
Optimizing module systolic_array_8x8.

26. Executing OPT_MERGE pass (detect identical cells).
Finding identical cells in module `\systolic_array_8x8'.
Removed a total of 0 cells.

27. Executing OPT_MUXTREE pass (detect dead branches in mux trees).
Running muxtree optimizer on module \systolic_array_8x8..
  Creating internal representation of mux trees.
  Evaluating internal representation of mux trees.
  Analyzing evaluation results.
Removed 0 multiplexer ports.
<suppressed ~413 debug messages>

28. Executing OPT_REDUCE pass (consolidate $*mux and $reduce_* inputs).
  Optimizing cells in module \systolic_array_8x8.
Performed a total of 0 changes.

29. Executing OPT_MERGE pass (detect identical cells).
Finding identical cells in module `\systolic_array_8x8'.
Removed a total of 0 cells.

30. Executing OPT_DFF pass (perform DFF optimizations).

31. Executing OPT_CLEAN pass (remove unused cells and wires).
Finding unused cells or wires in module \systolic_array_8x8..

32. Executing OPT_EXPR pass (perform const folding).
Optimizing module systolic_array_8x8.

33. Executing FSM pass (extract and optimize FSM).

33.1. Executing FSM_DETECT pass (finding FSMs in design).
Not marking systolic_array_8x8.ROWS[0].COLS[0].pe_inst.psum_in_reg as FSM state register:
    Users of register don't seem to benefit from recoding.
Not marking systolic_array_8x8.ROWS[0].COLS[1].pe_inst.psum_in_reg as FSM state register:
    Users of register don't seem to benefit from recoding.
Not marking systolic_array_8x8.ROWS[0].COLS[2].pe_inst.psum_in_reg as FSM state register:
    Users of register don't seem to benefit from recoding.
Not marking systolic_array_8x8.ROWS[0].COLS[3].pe_inst.psum_in_reg as FSM state register:
    Users of register don't seem to benefit from recoding.
Not marking systolic_array_8x8.ROWS[0].COLS[4].pe_inst.psum_in_reg as FSM state register:
    Users of register don't seem to benefit from recoding.
Not marking systolic_array_8x8.ROWS[0].COLS[5].pe_inst.psum_in_reg as FSM state register:
    Users of register don't seem to benefit from recoding.
Not marking systolic_array_8x8.ROWS[0].COLS[6].pe_inst.psum_in_reg as FSM state register:
    Users of register don't seem to benefit from recoding.
Not marking systolic_array_8x8.ROWS[0].COLS[7].pe_inst.psum_in_reg as FSM state register:
    Users of register don't seem to benefit from recoding.

33.2. Executing FSM_EXTRACT pass (extracting FSM from design).

33.3. Executing FSM_OPT pass (simple optimizations of FSMs).

33.4. Executing OPT_CLEAN pass (remove unused cells and wires).
Finding unused cells or wires in module \systolic_array_8x8..

33.5. Executing FSM_OPT pass (simple optimizations of FSMs).

33.6. Executing FSM_RECODE pass (re-assigning FSM state encoding).

33.7. Executing FSM_INFO pass (dumping all available information on FSM cells).

33.8. Executing FSM_MAP pass (mapping FSMs to basic logic).

34. Executing OPT_EXPR pass (perform const folding).
Optimizing module systolic_array_8x8.

35. Executing OPT_MERGE pass (detect identical cells).
Finding identical cells in module `\systolic_array_8x8'.
Removed a total of 0 cells.

36. Executing OPT_MUXTREE pass (detect dead branches in mux trees).
Running muxtree optimizer on module \systolic_array_8x8..
  Creating internal representation of mux trees.
  Evaluating internal representation of mux trees.
  Analyzing evaluation results.
Removed 0 multiplexer ports.
<suppressed ~413 debug messages>

37. Executing OPT_REDUCE pass (consolidate $*mux and $reduce_* inputs).
  Optimizing cells in module \systolic_array_8x8.
Performed a total of 0 changes.

38. Executing OPT_MERGE pass (detect identical cells).
Finding identical cells in module `\systolic_array_8x8'.
Removed a total of 0 cells.

39. Executing OPT_DFF pass (perform DFF optimizations).
Adding EN signal on $procdff$901 ($adff) from module systolic_array_8x8 (D = \delay_regs[61], Q = \delay_regs[62]).
Adding EN signal on $procdff$896 ($adff) from module systolic_array_8x8 (D = \delay_regs[60], Q = \delay_regs[61]).
Adding EN signal on $procdff$891 ($adff) from module systolic_array_8x8 (D = \delay_regs[59], Q = \delay_regs[60]).
Adding EN signal on $procdff$886 ($adff) from module systolic_array_8x8 (D = \delay_regs[58], Q = \delay_regs[59]).
Adding EN signal on $procdff$881 ($adff) from module systolic_array_8x8 (D = \delay_regs[57], Q = \delay_regs[58]).
Adding EN signal on $procdff$876 ($adff) from module systolic_array_8x8 (D = \delay_regs[56], Q = \delay_regs[57]).
Adding EN signal on $procdff$871 ($adff) from module systolic_array_8x8 (D = \row_in_7, Q = \delay_regs[56]).
Adding EN signal on $procdff$856 ($adff) from module systolic_array_8x8 (D = \delay_regs[52], Q = \delay_regs[53]).
Adding EN signal on $procdff$851 ($adff) from module systolic_array_8x8 (D = \delay_regs[51], Q = \delay_regs[52]).
Adding EN signal on $procdff$846 ($adff) from module systolic_array_8x8 (D = \delay_regs[50], Q = \delay_regs[51]).
Adding EN signal on $procdff$841 ($adff) from module systolic_array_8x8 (D = \delay_regs[49], Q = \delay_regs[50]).
Adding EN signal on $procdff$836 ($adff) from module systolic_array_8x8 (D = \delay_regs[48], Q = \delay_regs[49]).
Adding EN signal on $procdff$831 ($adff) from module systolic_array_8x8 (D = \row_in_6, Q = \delay_regs[48]).
Adding EN signal on $procdff$811 ($adff) from module systolic_array_8x8 (D = \delay_regs[43], Q = \delay_regs[44]).
Adding EN signal on $procdff$806 ($adff) from module systolic_array_8x8 (D = \delay_regs[42], Q = \delay_regs[43]).
Adding EN signal on $procdff$801 ($adff) from module systolic_array_8x8 (D = \delay_regs[41], Q = \delay_regs[42]).
Adding EN signal on $procdff$796 ($adff) from module systolic_array_8x8 (D = \delay_regs[40], Q = \delay_regs[41]).
Adding EN signal on $procdff$791 ($adff) from module systolic_array_8x8 (D = \row_in_5, Q = \delay_regs[40]).
Adding EN signal on $procdff$766 ($adff) from module systolic_array_8x8 (D = \delay_regs[34], Q = \delay_regs[35]).
Adding EN signal on $procdff$761 ($adff) from module systolic_array_8x8 (D = \delay_regs[33], Q = \delay_regs[34]).
Adding EN signal on $procdff$756 ($adff) from module systolic_array_8x8 (D = \delay_regs[32], Q = \delay_regs[33]).
Adding EN signal on $procdff$751 ($adff) from module systolic_array_8x8 (D = \row_in_4, Q = \delay_regs[32]).
Adding EN signal on $procdff$721 ($adff) from module systolic_array_8x8 (D = \delay_regs[25], Q = \delay_regs[26]).
Adding EN signal on $procdff$716 ($adff) from module systolic_array_8x8 (D = \delay_regs[24], Q = \delay_regs[25]).
Adding EN signal on $procdff$711 ($adff) from module systolic_array_8x8 (D = \row_in_3, Q = \delay_regs[24]).
Adding EN signal on $procdff$676 ($adff) from module systolic_array_8x8 (D = \delay_regs[16], Q = \delay_regs[17]).
Adding EN signal on $procdff$671 ($adff) from module systolic_array_8x8 (D = \row_in_2, Q = \delay_regs[16]).
Adding EN signal on $procdff$631 ($adff) from module systolic_array_8x8 (D = \row_in_1, Q = \delay_regs[8]).
Adding EN signal on $procdff$576 ($adff) from module systolic_array_8x8 (D = $add$/home/safan/Accelarray/src/SystolicArray/SystolicArray.v:121$293_Y, Q = \chain_sum[7]).
Adding EN signal on $procdff$571 ($adff) from module systolic_array_8x8 (D = $add$/home/safan/Accelarray/src/SystolicArray/SystolicArray.v:120$292_Y, Q = \chain_sum[6]).
Adding EN signal on $procdff$566 ($adff) from module systolic_array_8x8 (D = $add$/home/safan/Accelarray/src/SystolicArray/SystolicArray.v:119$291_Y, Q = \chain_sum[5]).
Adding EN signal on $procdff$561 ($adff) from module systolic_array_8x8 (D = $add$/home/safan/Accelarray/src/SystolicArray/SystolicArray.v:118$290_Y, Q = \chain_sum[4]).
Adding EN signal on $procdff$556 ($adff) from module systolic_array_8x8 (D = $add$/home/safan/Accelarray/src/SystolicArray/SystolicArray.v:117$289_Y, Q = \chain_sum[3]).
Adding EN signal on $procdff$551 ($adff) from module systolic_array_8x8 (D = $add$/home/safan/Accelarray/src/SystolicArray/SystolicArray.v:116$288_Y, Q = \chain_sum[2]).
Adding EN signal on $procdff$546 ($adff) from module systolic_array_8x8 (D = $add$/home/safan/Accelarray/src/SystolicArray/SystolicArray.v:115$287_Y, Q = \chain_sum[1]).
Adding EN signal on $procdff$541 ($adff) from module systolic_array_8x8 (D = \ROWS[7].COLS[0].pe_inst.psum_out, Q = \chain_sum[0]).
Adding EN signal on $procdff$531 ($dff) from module systolic_array_8x8 (D = { \valid_sr [14:0] $logic_not$/home/safan/Accelarray/src/SystolicArray/SystolicArray.v:131$295_Y }, Q = \valid_sr).
Adding EN signal on $flatten\ROWS[7].COLS[7].pe_inst.$procdff$936 ($adff) from module systolic_array_8x8 (D = \ROWS[7].COLS[6].pe_inst.data_out, Q = \ROWS[7].COLS[7].pe_inst.W_local_reg).
Adding EN signal on $flatten\ROWS[7].COLS[7].pe_inst.$procdff$926 ($adff) from module systolic_array_8x8 (D = $flatten\ROWS[7].COLS[7].pe_inst.$add$/home/safan/Accelarray/src/SystolicArray/PE.v:55$26_Y, Q = \ROWS[7].COLS[7].pe_inst.psum_accum_reg).
Adding EN signal on $flatten\ROWS[7].COLS[7].pe_inst.$procdff$921 ($adff) from module systolic_array_8x8 (D = \ROWS[6].COLS[7].pe_inst.psum_out, Q = \ROWS[7].COLS[7].pe_inst.psum_in_reg).
Adding EN signal on $flatten\ROWS[7].COLS[7].pe_inst.$procdff$916 ($adff) from module systolic_array_8x8 (D = \ROWS[7].COLS[7].pe_inst.product_comb, Q = \ROWS[7].COLS[7].pe_inst.product_reg).
Adding EN signal on $flatten\ROWS[7].COLS[7].pe_inst.$procdff$911 ($adff) from module systolic_array_8x8 (D = \ROWS[7].COLS[7].pe_inst.psum_accum_reg, Q = \ROWS[7].COLS[7].pe_inst.psum_out).
Adding EN signal on $flatten\ROWS[7].COLS[6].pe_inst.$procdff$936 ($adff) from module systolic_array_8x8 (D = \ROWS[7].COLS[5].pe_inst.data_out, Q = \ROWS[7].COLS[6].pe_inst.W_local_reg).
Adding EN signal on $flatten\ROWS[7].COLS[6].pe_inst.$procdff$931 ($adff) from module systolic_array_8x8 (D = \ROWS[7].COLS[5].pe_inst.data_out, Q = \ROWS[7].COLS[6].pe_inst.data_out).
Adding EN signal on $flatten\ROWS[7].COLS[6].pe_inst.$procdff$926 ($adff) from module systolic_array_8x8 (D = $flatten\ROWS[7].COLS[6].pe_inst.$add$/home/safan/Accelarray/src/SystolicArray/PE.v:55$26_Y, Q = \ROWS[7].COLS[6].pe_inst.psum_accum_reg).
Adding EN signal on $flatten\ROWS[7].COLS[6].pe_inst.$procdff$921 ($adff) from module systolic_array_8x8 (D = \ROWS[6].COLS[6].pe_inst.psum_out, Q = \ROWS[7].COLS[6].pe_inst.psum_in_reg).
Adding EN signal on $flatten\ROWS[7].COLS[6].pe_inst.$procdff$916 ($adff) from module systolic_array_8x8 (D = \ROWS[7].COLS[6].pe_inst.product_comb, Q = \ROWS[7].COLS[6].pe_inst.product_reg).
Adding EN signal on $flatten\ROWS[7].COLS[6].pe_inst.$procdff$911 ($adff) from module systolic_array_8x8 (D = \ROWS[7].COLS[6].pe_inst.psum_accum_reg, Q = \ROWS[7].COLS[6].pe_inst.psum_out).
Adding EN signal on $flatten\ROWS[7].COLS[5].pe_inst.$procdff$936 ($adff) from module systolic_array_8x8 (D = \ROWS[7].COLS[4].pe_inst.data_out, Q = \ROWS[7].COLS[5].pe_inst.W_local_reg).
Adding EN signal on $flatten\ROWS[7].COLS[5].pe_inst.$procdff$931 ($adff) from module systolic_array_8x8 (D = \ROWS[7].COLS[4].pe_inst.data_out, Q = \ROWS[7].COLS[5].pe_inst.data_out).
Adding EN signal on $flatten\ROWS[7].COLS[5].pe_inst.$procdff$926 ($adff) from module systolic_array_8x8 (D = $flatten\ROWS[7].COLS[5].pe_inst.$add$/home/safan/Accelarray/src/SystolicArray/PE.v:55$26_Y, Q = \ROWS[7].COLS[5].pe_inst.psum_accum_reg).
Adding EN signal on $flatten\ROWS[7].COLS[5].pe_inst.$procdff$921 ($adff) from module systolic_array_8x8 (D = \ROWS[6].COLS[5].pe_inst.psum_out, Q = \ROWS[7].COLS[5].pe_inst.psum_in_reg).
Adding EN signal on $flatten\ROWS[7].COLS[5].pe_inst.$procdff$916 ($adff) from module systolic_array_8x8 (D = \ROWS[7].COLS[5].pe_inst.product_comb, Q = \ROWS[7].COLS[5].pe_inst.product_reg).
Adding EN signal on $flatten\ROWS[7].COLS[5].pe_inst.$procdff$911 ($adff) from module systolic_array_8x8 (D = \ROWS[7].COLS[5].pe_inst.psum_accum_reg, Q = \ROWS[7].COLS[5].pe_inst.psum_out).
Adding EN signal on $flatten\ROWS[7].COLS[4].pe_inst.$procdff$936 ($adff) from module systolic_array_8x8 (D = \ROWS[7].COLS[3].pe_inst.data_out, Q = \ROWS[7].COLS[4].pe_inst.W_local_reg).
Adding EN signal on $flatten\ROWS[7].COLS[4].pe_inst.$procdff$931 ($adff) from module systolic_array_8x8 (D = \ROWS[7].COLS[3].pe_inst.data_out, Q = \ROWS[7].COLS[4].pe_inst.data_out).
Adding EN signal on $flatten\ROWS[7].COLS[4].pe_inst.$procdff$926 ($adff) from module systolic_array_8x8 (D = $flatten\ROWS[7].COLS[4].pe_inst.$add$/home/safan/Accelarray/src/SystolicArray/PE.v:55$26_Y, Q = \ROWS[7].COLS[4].pe_inst.psum_accum_reg).
Adding EN signal on $flatten\ROWS[7].COLS[4].pe_inst.$procdff$921 ($adff) from module systolic_array_8x8 (D = \ROWS[6].COLS[4].pe_inst.psum_out, Q = \ROWS[7].COLS[4].pe_inst.psum_in_reg).
Adding EN signal on $flatten\ROWS[7].COLS[4].pe_inst.$procdff$916 ($adff) from module systolic_array_8x8 (D = \ROWS[7].COLS[4].pe_inst.product_comb, Q = \ROWS[7].COLS[4].pe_inst.product_reg).
Adding EN signal on $flatten\ROWS[7].COLS[4].pe_inst.$procdff$911 ($adff) from module systolic_array_8x8 (D = \ROWS[7].COLS[4].pe_inst.psum_accum_reg, Q = \ROWS[7].COLS[4].pe_inst.psum_out).
Adding EN signal on $flatten\ROWS[7].COLS[3].pe_inst.$procdff$936 ($adff) from module systolic_array_8x8 (D = \ROWS[7].COLS[2].pe_inst.data_out, Q = \ROWS[7].COLS[3].pe_inst.W_local_reg).
Adding EN signal on $flatten\ROWS[7].COLS[3].pe_inst.$procdff$931 ($adff) from module systolic_array_8x8 (D = \ROWS[7].COLS[2].pe_inst.data_out, Q = \ROWS[7].COLS[3].pe_inst.data_out).
Adding EN signal on $flatten\ROWS[7].COLS[3].pe_inst.$procdff$926 ($adff) from module systolic_array_8x8 (D = $flatten\ROWS[7].COLS[3].pe_inst.$add$/home/safan/Accelarray/src/SystolicArray/PE.v:55$26_Y, Q = \ROWS[7].COLS[3].pe_inst.psum_accum_reg).
Adding EN signal on $flatten\ROWS[7].COLS[3].pe_inst.$procdff$921 ($adff) from module systolic_array_8x8 (D = \ROWS[6].COLS[3].pe_inst.psum_out, Q = \ROWS[7].COLS[3].pe_inst.psum_in_reg).
Adding EN signal on $flatten\ROWS[7].COLS[3].pe_inst.$procdff$916 ($adff) from module systolic_array_8x8 (D = \ROWS[7].COLS[3].pe_inst.product_comb, Q = \ROWS[7].COLS[3].pe_inst.product_reg).
Adding EN signal on $flatten\ROWS[7].COLS[3].pe_inst.$procdff$911 ($adff) from module systolic_array_8x8 (D = \ROWS[7].COLS[3].pe_inst.psum_accum_reg, Q = \ROWS[7].COLS[3].pe_inst.psum_out).
Adding EN signal on $flatten\ROWS[7].COLS[2].pe_inst.$procdff$936 ($adff) from module systolic_array_8x8 (D = \ROWS[7].COLS[1].pe_inst.data_out, Q = \ROWS[7].COLS[2].pe_inst.W_local_reg).
Adding EN signal on $flatten\ROWS[7].COLS[2].pe_inst.$procdff$931 ($adff) from module systolic_array_8x8 (D = \ROWS[7].COLS[1].pe_inst.data_out, Q = \ROWS[7].COLS[2].pe_inst.data_out).
Adding EN signal on $flatten\ROWS[7].COLS[2].pe_inst.$procdff$926 ($adff) from module systolic_array_8x8 (D = $flatten\ROWS[7].COLS[2].pe_inst.$add$/home/safan/Accelarray/src/SystolicArray/PE.v:55$26_Y, Q = \ROWS[7].COLS[2].pe_inst.psum_accum_reg).
Adding EN signal on $flatten\ROWS[7].COLS[2].pe_inst.$procdff$921 ($adff) from module systolic_array_8x8 (D = \ROWS[6].COLS[2].pe_inst.psum_out, Q = \ROWS[7].COLS[2].pe_inst.psum_in_reg).
Adding EN signal on $flatten\ROWS[7].COLS[2].pe_inst.$procdff$916 ($adff) from module systolic_array_8x8 (D = \ROWS[7].COLS[2].pe_inst.product_comb, Q = \ROWS[7].COLS[2].pe_inst.product_reg).
Adding EN signal on $flatten\ROWS[7].COLS[2].pe_inst.$procdff$911 ($adff) from module systolic_array_8x8 (D = \ROWS[7].COLS[2].pe_inst.psum_accum_reg, Q = \ROWS[7].COLS[2].pe_inst.psum_out).
Adding EN signal on $flatten\ROWS[7].COLS[1].pe_inst.$procdff$936 ($adff) from module systolic_array_8x8 (D = \ROWS[7].COLS[0].pe_inst.data_out, Q = \ROWS[7].COLS[1].pe_inst.W_local_reg).
Adding EN signal on $flatten\ROWS[7].COLS[1].pe_inst.$procdff$931 ($adff) from module systolic_array_8x8 (D = \ROWS[7].COLS[0].pe_inst.data_out, Q = \ROWS[7].COLS[1].pe_inst.data_out).
Adding EN signal on $flatten\ROWS[7].COLS[1].pe_inst.$procdff$926 ($adff) from module systolic_array_8x8 (D = $flatten\ROWS[7].COLS[1].pe_inst.$add$/home/safan/Accelarray/src/SystolicArray/PE.v:55$26_Y, Q = \ROWS[7].COLS[1].pe_inst.psum_accum_reg).
Adding EN signal on $flatten\ROWS[7].COLS[1].pe_inst.$procdff$921 ($adff) from module systolic_array_8x8 (D = \ROWS[6].COLS[1].pe_inst.psum_out, Q = \ROWS[7].COLS[1].pe_inst.psum_in_reg).
Adding EN signal on $flatten\ROWS[7].COLS[1].pe_inst.$procdff$916 ($adff) from module systolic_array_8x8 (D = \ROWS[7].COLS[1].pe_inst.product_comb, Q = \ROWS[7].COLS[1].pe_inst.product_reg).
Adding EN signal on $flatten\ROWS[7].COLS[1].pe_inst.$procdff$911 ($adff) from module systolic_array_8x8 (D = \ROWS[7].COLS[1].pe_inst.psum_accum_reg, Q = \ROWS[7].COLS[1].pe_inst.psum_out).
Adding EN signal on $flatten\ROWS[7].COLS[0].pe_inst.$procdff$936 ($adff) from module systolic_array_8x8 (D = \delay_regs[62], Q = \ROWS[7].COLS[0].pe_inst.W_local_reg).
Adding EN signal on $flatten\ROWS[7].COLS[0].pe_inst.$procdff$931 ($adff) from module systolic_array_8x8 (D = \delay_regs[62], Q = \ROWS[7].COLS[0].pe_inst.data_out).
Adding EN signal on $flatten\ROWS[7].COLS[0].pe_inst.$procdff$926 ($adff) from module systolic_array_8x8 (D = $flatten\ROWS[7].COLS[0].pe_inst.$add$/home/safan/Accelarray/src/SystolicArray/PE.v:55$26_Y, Q = \ROWS[7].COLS[0].pe_inst.psum_accum_reg).
Adding EN signal on $flatten\ROWS[7].COLS[0].pe_inst.$procdff$921 ($adff) from module systolic_array_8x8 (D = \ROWS[6].COLS[0].pe_inst.psum_out, Q = \ROWS[7].COLS[0].pe_inst.psum_in_reg).
Adding EN signal on $flatten\ROWS[7].COLS[0].pe_inst.$procdff$916 ($adff) from module systolic_array_8x8 (D = \ROWS[7].COLS[0].pe_inst.product_comb, Q = \ROWS[7].COLS[0].pe_inst.product_reg).
Adding EN signal on $flatten\ROWS[7].COLS[0].pe_inst.$procdff$911 ($adff) from module systolic_array_8x8 (D = \ROWS[7].COLS[0].pe_inst.psum_accum_reg, Q = \ROWS[7].COLS[0].pe_inst.psum_out).
Adding EN signal on $flatten\ROWS[6].COLS[7].pe_inst.$procdff$936 ($adff) from module systolic_array_8x8 (D = \ROWS[6].COLS[6].pe_inst.data_out, Q = \ROWS[6].COLS[7].pe_inst.W_local_reg).
Adding EN signal on $flatten\ROWS[6].COLS[7].pe_inst.$procdff$926 ($adff) from module systolic_array_8x8 (D = $flatten\ROWS[6].COLS[7].pe_inst.$add$/home/safan/Accelarray/src/SystolicArray/PE.v:55$26_Y, Q = \ROWS[6].COLS[7].pe_inst.psum_accum_reg).
Adding EN signal on $flatten\ROWS[6].COLS[7].pe_inst.$procdff$921 ($adff) from module systolic_array_8x8 (D = \ROWS[5].COLS[7].pe_inst.psum_out, Q = \ROWS[6].COLS[7].pe_inst.psum_in_reg).
Adding EN signal on $flatten\ROWS[6].COLS[7].pe_inst.$procdff$916 ($adff) from module systolic_array_8x8 (D = \ROWS[6].COLS[7].pe_inst.product_comb, Q = \ROWS[6].COLS[7].pe_inst.product_reg).
Adding EN signal on $flatten\ROWS[6].COLS[7].pe_inst.$procdff$911 ($adff) from module systolic_array_8x8 (D = \ROWS[6].COLS[7].pe_inst.psum_accum_reg, Q = \ROWS[6].COLS[7].pe_inst.psum_out).
Adding EN signal on $flatten\ROWS[6].COLS[6].pe_inst.$procdff$936 ($adff) from module systolic_array_8x8 (D = \ROWS[6].COLS[5].pe_inst.data_out, Q = \ROWS[6].COLS[6].pe_inst.W_local_reg).
Adding EN signal on $flatten\ROWS[6].COLS[6].pe_inst.$procdff$931 ($adff) from module systolic_array_8x8 (D = \ROWS[6].COLS[5].pe_inst.data_out, Q = \ROWS[6].COLS[6].pe_inst.data_out).
Adding EN signal on $flatten\ROWS[6].COLS[6].pe_inst.$procdff$926 ($adff) from module systolic_array_8x8 (D = $flatten\ROWS[6].COLS[6].pe_inst.$add$/home/safan/Accelarray/src/SystolicArray/PE.v:55$26_Y, Q = \ROWS[6].COLS[6].pe_inst.psum_accum_reg).
Adding EN signal on $flatten\ROWS[6].COLS[6].pe_inst.$procdff$921 ($adff) from module systolic_array_8x8 (D = \ROWS[5].COLS[6].pe_inst.psum_out, Q = \ROWS[6].COLS[6].pe_inst.psum_in_reg).
Adding EN signal on $flatten\ROWS[6].COLS[6].pe_inst.$procdff$916 ($adff) from module systolic_array_8x8 (D = \ROWS[6].COLS[6].pe_inst.product_comb, Q = \ROWS[6].COLS[6].pe_inst.product_reg).
Adding EN signal on $flatten\ROWS[6].COLS[6].pe_inst.$procdff$911 ($adff) from module systolic_array_8x8 (D = \ROWS[6].COLS[6].pe_inst.psum_accum_reg, Q = \ROWS[6].COLS[6].pe_inst.psum_out).
Adding EN signal on $flatten\ROWS[6].COLS[5].pe_inst.$procdff$936 ($adff) from module systolic_array_8x8 (D = \ROWS[6].COLS[4].pe_inst.data_out, Q = \ROWS[6].COLS[5].pe_inst.W_local_reg).
Adding EN signal on $flatten\ROWS[6].COLS[5].pe_inst.$procdff$931 ($adff) from module systolic_array_8x8 (D = \ROWS[6].COLS[4].pe_inst.data_out, Q = \ROWS[6].COLS[5].pe_inst.data_out).
Adding EN signal on $flatten\ROWS[6].COLS[5].pe_inst.$procdff$926 ($adff) from module systolic_array_8x8 (D = $flatten\ROWS[6].COLS[5].pe_inst.$add$/home/safan/Accelarray/src/SystolicArray/PE.v:55$26_Y, Q = \ROWS[6].COLS[5].pe_inst.psum_accum_reg).
Adding EN signal on $flatten\ROWS[6].COLS[5].pe_inst.$procdff$921 ($adff) from module systolic_array_8x8 (D = \ROWS[5].COLS[5].pe_inst.psum_out, Q = \ROWS[6].COLS[5].pe_inst.psum_in_reg).
Adding EN signal on $flatten\ROWS[6].COLS[5].pe_inst.$procdff$916 ($adff) from module systolic_array_8x8 (D = \ROWS[6].COLS[5].pe_inst.product_comb, Q = \ROWS[6].COLS[5].pe_inst.product_reg).
Adding EN signal on $flatten\ROWS[6].COLS[5].pe_inst.$procdff$911 ($adff) from module systolic_array_8x8 (D = \ROWS[6].COLS[5].pe_inst.psum_accum_reg, Q = \ROWS[6].COLS[5].pe_inst.psum_out).
Adding EN signal on $flatten\ROWS[6].COLS[4].pe_inst.$procdff$936 ($adff) from module systolic_array_8x8 (D = \ROWS[6].COLS[3].pe_inst.data_out, Q = \ROWS[6].COLS[4].pe_inst.W_local_reg).
Adding EN signal on $flatten\ROWS[6].COLS[4].pe_inst.$procdff$931 ($adff) from module systolic_array_8x8 (D = \ROWS[6].COLS[3].pe_inst.data_out, Q = \ROWS[6].COLS[4].pe_inst.data_out).
Adding EN signal on $flatten\ROWS[6].COLS[4].pe_inst.$procdff$926 ($adff) from module systolic_array_8x8 (D = $flatten\ROWS[6].COLS[4].pe_inst.$add$/home/safan/Accelarray/src/SystolicArray/PE.v:55$26_Y, Q = \ROWS[6].COLS[4].pe_inst.psum_accum_reg).
Adding EN signal on $flatten\ROWS[6].COLS[4].pe_inst.$procdff$921 ($adff) from module systolic_array_8x8 (D = \ROWS[5].COLS[4].pe_inst.psum_out, Q = \ROWS[6].COLS[4].pe_inst.psum_in_reg).
Adding EN signal on $flatten\ROWS[6].COLS[4].pe_inst.$procdff$916 ($adff) from module systolic_array_8x8 (D = \ROWS[6].COLS[4].pe_inst.product_comb, Q = \ROWS[6].COLS[4].pe_inst.product_reg).
Adding EN signal on $flatten\ROWS[6].COLS[4].pe_inst.$procdff$911 ($adff) from module systolic_array_8x8 (D = \ROWS[6].COLS[4].pe_inst.psum_accum_reg, Q = \ROWS[6].COLS[4].pe_inst.psum_out).
Adding EN signal on $flatten\ROWS[6].COLS[3].pe_inst.$procdff$936 ($adff) from module systolic_array_8x8 (D = \ROWS[6].COLS[2].pe_inst.data_out, Q = \ROWS[6].COLS[3].pe_inst.W_local_reg).
Adding EN signal on $flatten\ROWS[6].COLS[3].pe_inst.$procdff$931 ($adff) from module systolic_array_8x8 (D = \ROWS[6].COLS[2].pe_inst.data_out, Q = \ROWS[6].COLS[3].pe_inst.data_out).
Adding EN signal on $flatten\ROWS[6].COLS[3].pe_inst.$procdff$926 ($adff) from module systolic_array_8x8 (D = $flatten\ROWS[6].COLS[3].pe_inst.$add$/home/safan/Accelarray/src/SystolicArray/PE.v:55$26_Y, Q = \ROWS[6].COLS[3].pe_inst.psum_accum_reg).
Adding EN signal on $flatten\ROWS[6].COLS[3].pe_inst.$procdff$921 ($adff) from module systolic_array_8x8 (D = \ROWS[5].COLS[3].pe_inst.psum_out, Q = \ROWS[6].COLS[3].pe_inst.psum_in_reg).
Adding EN signal on $flatten\ROWS[6].COLS[3].pe_inst.$procdff$916 ($adff) from module systolic_array_8x8 (D = \ROWS[6].COLS[3].pe_inst.product_comb, Q = \ROWS[6].COLS[3].pe_inst.product_reg).
Adding EN signal on $flatten\ROWS[6].COLS[3].pe_inst.$procdff$911 ($adff) from module systolic_array_8x8 (D = \ROWS[6].COLS[3].pe_inst.psum_accum_reg, Q = \ROWS[6].COLS[3].pe_inst.psum_out).
Adding EN signal on $flatten\ROWS[6].COLS[2].pe_inst.$procdff$936 ($adff) from module systolic_array_8x8 (D = \ROWS[6].COLS[1].pe_inst.data_out, Q = \ROWS[6].COLS[2].pe_inst.W_local_reg).
Adding EN signal on $flatten\ROWS[6].COLS[2].pe_inst.$procdff$931 ($adff) from module systolic_array_8x8 (D = \ROWS[6].COLS[1].pe_inst.data_out, Q = \ROWS[6].COLS[2].pe_inst.data_out).
Adding EN signal on $flatten\ROWS[6].COLS[2].pe_inst.$procdff$926 ($adff) from module systolic_array_8x8 (D = $flatten\ROWS[6].COLS[2].pe_inst.$add$/home/safan/Accelarray/src/SystolicArray/PE.v:55$26_Y, Q = \ROWS[6].COLS[2].pe_inst.psum_accum_reg).
Adding EN signal on $flatten\ROWS[6].COLS[2].pe_inst.$procdff$921 ($adff) from module systolic_array_8x8 (D = \ROWS[5].COLS[2].pe_inst.psum_out, Q = \ROWS[6].COLS[2].pe_inst.psum_in_reg).
Adding EN signal on $flatten\ROWS[6].COLS[2].pe_inst.$procdff$916 ($adff) from module systolic_array_8x8 (D = \ROWS[6].COLS[2].pe_inst.product_comb, Q = \ROWS[6].COLS[2].pe_inst.product_reg).
Adding EN signal on $flatten\ROWS[6].COLS[2].pe_inst.$procdff$911 ($adff) from module systolic_array_8x8 (D = \ROWS[6].COLS[2].pe_inst.psum_accum_reg, Q = \ROWS[6].COLS[2].pe_inst.psum_out).
Adding EN signal on $flatten\ROWS[6].COLS[1].pe_inst.$procdff$936 ($adff) from module systolic_array_8x8 (D = \ROWS[6].COLS[0].pe_inst.data_out, Q = \ROWS[6].COLS[1].pe_inst.W_local_reg).
Adding EN signal on $flatten\ROWS[6].COLS[1].pe_inst.$procdff$931 ($adff) from module systolic_array_8x8 (D = \ROWS[6].COLS[0].pe_inst.data_out, Q = \ROWS[6].COLS[1].pe_inst.data_out).
Adding EN signal on $flatten\ROWS[6].COLS[1].pe_inst.$procdff$926 ($adff) from module systolic_array_8x8 (D = $flatten\ROWS[6].COLS[1].pe_inst.$add$/home/safan/Accelarray/src/SystolicArray/PE.v:55$26_Y, Q = \ROWS[6].COLS[1].pe_inst.psum_accum_reg).
Adding EN signal on $flatten\ROWS[6].COLS[1].pe_inst.$procdff$921 ($adff) from module systolic_array_8x8 (D = \ROWS[5].COLS[1].pe_inst.psum_out, Q = \ROWS[6].COLS[1].pe_inst.psum_in_reg).
Adding EN signal on $flatten\ROWS[6].COLS[1].pe_inst.$procdff$916 ($adff) from module systolic_array_8x8 (D = \ROWS[6].COLS[1].pe_inst.product_comb, Q = \ROWS[6].COLS[1].pe_inst.product_reg).
Adding EN signal on $flatten\ROWS[6].COLS[1].pe_inst.$procdff$911 ($adff) from module systolic_array_8x8 (D = \ROWS[6].COLS[1].pe_inst.psum_accum_reg, Q = \ROWS[6].COLS[1].pe_inst.psum_out).
Adding EN signal on $flatten\ROWS[6].COLS[0].pe_inst.$procdff$936 ($adff) from module systolic_array_8x8 (D = \delay_regs[53], Q = \ROWS[6].COLS[0].pe_inst.W_local_reg).
Adding EN signal on $flatten\ROWS[6].COLS[0].pe_inst.$procdff$931 ($adff) from module systolic_array_8x8 (D = \delay_regs[53], Q = \ROWS[6].COLS[0].pe_inst.data_out).
Adding EN signal on $flatten\ROWS[6].COLS[0].pe_inst.$procdff$926 ($adff) from module systolic_array_8x8 (D = $flatten\ROWS[6].COLS[0].pe_inst.$add$/home/safan/Accelarray/src/SystolicArray/PE.v:55$26_Y, Q = \ROWS[6].COLS[0].pe_inst.psum_accum_reg).
Adding EN signal on $flatten\ROWS[6].COLS[0].pe_inst.$procdff$921 ($adff) from module systolic_array_8x8 (D = \ROWS[5].COLS[0].pe_inst.psum_out, Q = \ROWS[6].COLS[0].pe_inst.psum_in_reg).
Adding EN signal on $flatten\ROWS[6].COLS[0].pe_inst.$procdff$916 ($adff) from module systolic_array_8x8 (D = \ROWS[6].COLS[0].pe_inst.product_comb, Q = \ROWS[6].COLS[0].pe_inst.product_reg).
Adding EN signal on $flatten\ROWS[6].COLS[0].pe_inst.$procdff$911 ($adff) from module systolic_array_8x8 (D = \ROWS[6].COLS[0].pe_inst.psum_accum_reg, Q = \ROWS[6].COLS[0].pe_inst.psum_out).
Adding EN signal on $flatten\ROWS[5].COLS[7].pe_inst.$procdff$936 ($adff) from module systolic_array_8x8 (D = \ROWS[5].COLS[6].pe_inst.data_out, Q = \ROWS[5].COLS[7].pe_inst.W_local_reg).
Adding EN signal on $flatten\ROWS[5].COLS[7].pe_inst.$procdff$926 ($adff) from module systolic_array_8x8 (D = $flatten\ROWS[5].COLS[7].pe_inst.$add$/home/safan/Accelarray/src/SystolicArray/PE.v:55$26_Y, Q = \ROWS[5].COLS[7].pe_inst.psum_accum_reg).
Adding EN signal on $flatten\ROWS[5].COLS[7].pe_inst.$procdff$921 ($adff) from module systolic_array_8x8 (D = \ROWS[4].COLS[7].pe_inst.psum_out, Q = \ROWS[5].COLS[7].pe_inst.psum_in_reg).
Adding EN signal on $flatten\ROWS[5].COLS[7].pe_inst.$procdff$916 ($adff) from module systolic_array_8x8 (D = \ROWS[5].COLS[7].pe_inst.product_comb, Q = \ROWS[5].COLS[7].pe_inst.product_reg).
Adding EN signal on $flatten\ROWS[5].COLS[7].pe_inst.$procdff$911 ($adff) from module systolic_array_8x8 (D = \ROWS[5].COLS[7].pe_inst.psum_accum_reg, Q = \ROWS[5].COLS[7].pe_inst.psum_out).
Adding EN signal on $flatten\ROWS[5].COLS[6].pe_inst.$procdff$936 ($adff) from module systolic_array_8x8 (D = \ROWS[5].COLS[5].pe_inst.data_out, Q = \ROWS[5].COLS[6].pe_inst.W_local_reg).
Adding EN signal on $flatten\ROWS[5].COLS[6].pe_inst.$procdff$931 ($adff) from module systolic_array_8x8 (D = \ROWS[5].COLS[5].pe_inst.data_out, Q = \ROWS[5].COLS[6].pe_inst.data_out).
Adding EN signal on $flatten\ROWS[5].COLS[6].pe_inst.$procdff$926 ($adff) from module systolic_array_8x8 (D = $flatten\ROWS[5].COLS[6].pe_inst.$add$/home/safan/Accelarray/src/SystolicArray/PE.v:55$26_Y, Q = \ROWS[5].COLS[6].pe_inst.psum_accum_reg).
Adding EN signal on $flatten\ROWS[5].COLS[6].pe_inst.$procdff$921 ($adff) from module systolic_array_8x8 (D = \ROWS[4].COLS[6].pe_inst.psum_out, Q = \ROWS[5].COLS[6].pe_inst.psum_in_reg).
Adding EN signal on $flatten\ROWS[5].COLS[6].pe_inst.$procdff$916 ($adff) from module systolic_array_8x8 (D = \ROWS[5].COLS[6].pe_inst.product_comb, Q = \ROWS[5].COLS[6].pe_inst.product_reg).
Adding EN signal on $flatten\ROWS[5].COLS[6].pe_inst.$procdff$911 ($adff) from module systolic_array_8x8 (D = \ROWS[5].COLS[6].pe_inst.psum_accum_reg, Q = \ROWS[5].COLS[6].pe_inst.psum_out).
Adding EN signal on $flatten\ROWS[5].COLS[5].pe_inst.$procdff$936 ($adff) from module systolic_array_8x8 (D = \ROWS[5].COLS[4].pe_inst.data_out, Q = \ROWS[5].COLS[5].pe_inst.W_local_reg).
Adding EN signal on $flatten\ROWS[5].COLS[5].pe_inst.$procdff$931 ($adff) from module systolic_array_8x8 (D = \ROWS[5].COLS[4].pe_inst.data_out, Q = \ROWS[5].COLS[5].pe_inst.data_out).
Adding EN signal on $flatten\ROWS[5].COLS[5].pe_inst.$procdff$926 ($adff) from module systolic_array_8x8 (D = $flatten\ROWS[5].COLS[5].pe_inst.$add$/home/safan/Accelarray/src/SystolicArray/PE.v:55$26_Y, Q = \ROWS[5].COLS[5].pe_inst.psum_accum_reg).
Adding EN signal on $flatten\ROWS[5].COLS[5].pe_inst.$procdff$921 ($adff) from module systolic_array_8x8 (D = \ROWS[4].COLS[5].pe_inst.psum_out, Q = \ROWS[5].COLS[5].pe_inst.psum_in_reg).
Adding EN signal on $flatten\ROWS[5].COLS[5].pe_inst.$procdff$916 ($adff) from module systolic_array_8x8 (D = \ROWS[5].COLS[5].pe_inst.product_comb, Q = \ROWS[5].COLS[5].pe_inst.product_reg).
Adding EN signal on $flatten\ROWS[5].COLS[5].pe_inst.$procdff$911 ($adff) from module systolic_array_8x8 (D = \ROWS[5].COLS[5].pe_inst.psum_accum_reg, Q = \ROWS[5].COLS[5].pe_inst.psum_out).
Adding EN signal on $flatten\ROWS[5].COLS[4].pe_inst.$procdff$936 ($adff) from module systolic_array_8x8 (D = \ROWS[5].COLS[3].pe_inst.data_out, Q = \ROWS[5].COLS[4].pe_inst.W_local_reg).
Adding EN signal on $flatten\ROWS[5].COLS[4].pe_inst.$procdff$931 ($adff) from module systolic_array_8x8 (D = \ROWS[5].COLS[3].pe_inst.data_out, Q = \ROWS[5].COLS[4].pe_inst.data_out).
Adding EN signal on $flatten\ROWS[5].COLS[4].pe_inst.$procdff$926 ($adff) from module systolic_array_8x8 (D = $flatten\ROWS[5].COLS[4].pe_inst.$add$/home/safan/Accelarray/src/SystolicArray/PE.v:55$26_Y, Q = \ROWS[5].COLS[4].pe_inst.psum_accum_reg).
Adding EN signal on $flatten\ROWS[5].COLS[4].pe_inst.$procdff$921 ($adff) from module systolic_array_8x8 (D = \ROWS[4].COLS[4].pe_inst.psum_out, Q = \ROWS[5].COLS[4].pe_inst.psum_in_reg).
Adding EN signal on $flatten\ROWS[5].COLS[4].pe_inst.$procdff$916 ($adff) from module systolic_array_8x8 (D = \ROWS[5].COLS[4].pe_inst.product_comb, Q = \ROWS[5].COLS[4].pe_inst.product_reg).
Adding EN signal on $flatten\ROWS[5].COLS[4].pe_inst.$procdff$911 ($adff) from module systolic_array_8x8 (D = \ROWS[5].COLS[4].pe_inst.psum_accum_reg, Q = \ROWS[5].COLS[4].pe_inst.psum_out).
Adding EN signal on $flatten\ROWS[5].COLS[3].pe_inst.$procdff$936 ($adff) from module systolic_array_8x8 (D = \ROWS[5].COLS[2].pe_inst.data_out, Q = \ROWS[5].COLS[3].pe_inst.W_local_reg).
Adding EN signal on $flatten\ROWS[5].COLS[3].pe_inst.$procdff$931 ($adff) from module systolic_array_8x8 (D = \ROWS[5].COLS[2].pe_inst.data_out, Q = \ROWS[5].COLS[3].pe_inst.data_out).
Adding EN signal on $flatten\ROWS[5].COLS[3].pe_inst.$procdff$926 ($adff) from module systolic_array_8x8 (D = $flatten\ROWS[5].COLS[3].pe_inst.$add$/home/safan/Accelarray/src/SystolicArray/PE.v:55$26_Y, Q = \ROWS[5].COLS[3].pe_inst.psum_accum_reg).
Adding EN signal on $flatten\ROWS[5].COLS[3].pe_inst.$procdff$921 ($adff) from module systolic_array_8x8 (D = \ROWS[4].COLS[3].pe_inst.psum_out, Q = \ROWS[5].COLS[3].pe_inst.psum_in_reg).
Adding EN signal on $flatten\ROWS[5].COLS[3].pe_inst.$procdff$916 ($adff) from module systolic_array_8x8 (D = \ROWS[5].COLS[3].pe_inst.product_comb, Q = \ROWS[5].COLS[3].pe_inst.product_reg).
Adding EN signal on $flatten\ROWS[5].COLS[3].pe_inst.$procdff$911 ($adff) from module systolic_array_8x8 (D = \ROWS[5].COLS[3].pe_inst.psum_accum_reg, Q = \ROWS[5].COLS[3].pe_inst.psum_out).
Adding EN signal on $flatten\ROWS[5].COLS[2].pe_inst.$procdff$936 ($adff) from module systolic_array_8x8 (D = \ROWS[5].COLS[1].pe_inst.data_out, Q = \ROWS[5].COLS[2].pe_inst.W_local_reg).
Adding EN signal on $flatten\ROWS[5].COLS[2].pe_inst.$procdff$931 ($adff) from module systolic_array_8x8 (D = \ROWS[5].COLS[1].pe_inst.data_out, Q = \ROWS[5].COLS[2].pe_inst.data_out).
Adding EN signal on $flatten\ROWS[5].COLS[2].pe_inst.$procdff$926 ($adff) from module systolic_array_8x8 (D = $flatten\ROWS[5].COLS[2].pe_inst.$add$/home/safan/Accelarray/src/SystolicArray/PE.v:55$26_Y, Q = \ROWS[5].COLS[2].pe_inst.psum_accum_reg).
Adding EN signal on $flatten\ROWS[5].COLS[2].pe_inst.$procdff$921 ($adff) from module systolic_array_8x8 (D = \ROWS[4].COLS[2].pe_inst.psum_out, Q = \ROWS[5].COLS[2].pe_inst.psum_in_reg).
Adding EN signal on $flatten\ROWS[5].COLS[2].pe_inst.$procdff$916 ($adff) from module systolic_array_8x8 (D = \ROWS[5].COLS[2].pe_inst.product_comb, Q = \ROWS[5].COLS[2].pe_inst.product_reg).
Adding EN signal on $flatten\ROWS[5].COLS[2].pe_inst.$procdff$911 ($adff) from module systolic_array_8x8 (D = \ROWS[5].COLS[2].pe_inst.psum_accum_reg, Q = \ROWS[5].COLS[2].pe_inst.psum_out).
Adding EN signal on $flatten\ROWS[5].COLS[1].pe_inst.$procdff$936 ($adff) from module systolic_array_8x8 (D = \ROWS[5].COLS[0].pe_inst.data_out, Q = \ROWS[5].COLS[1].pe_inst.W_local_reg).
Adding EN signal on $flatten\ROWS[5].COLS[1].pe_inst.$procdff$931 ($adff) from module systolic_array_8x8 (D = \ROWS[5].COLS[0].pe_inst.data_out, Q = \ROWS[5].COLS[1].pe_inst.data_out).
Adding EN signal on $flatten\ROWS[5].COLS[1].pe_inst.$procdff$926 ($adff) from module systolic_array_8x8 (D = $flatten\ROWS[5].COLS[1].pe_inst.$add$/home/safan/Accelarray/src/SystolicArray/PE.v:55$26_Y, Q = \ROWS[5].COLS[1].pe_inst.psum_accum_reg).
Adding EN signal on $flatten\ROWS[5].COLS[1].pe_inst.$procdff$921 ($adff) from module systolic_array_8x8 (D = \ROWS[4].COLS[1].pe_inst.psum_out, Q = \ROWS[5].COLS[1].pe_inst.psum_in_reg).
Adding EN signal on $flatten\ROWS[5].COLS[1].pe_inst.$procdff$916 ($adff) from module systolic_array_8x8 (D = \ROWS[5].COLS[1].pe_inst.product_comb, Q = \ROWS[5].COLS[1].pe_inst.product_reg).
Adding EN signal on $flatten\ROWS[5].COLS[1].pe_inst.$procdff$911 ($adff) from module systolic_array_8x8 (D = \ROWS[5].COLS[1].pe_inst.psum_accum_reg, Q = \ROWS[5].COLS[1].pe_inst.psum_out).
Adding EN signal on $flatten\ROWS[5].COLS[0].pe_inst.$procdff$936 ($adff) from module systolic_array_8x8 (D = \delay_regs[44], Q = \ROWS[5].COLS[0].pe_inst.W_local_reg).
Adding EN signal on $flatten\ROWS[5].COLS[0].pe_inst.$procdff$931 ($adff) from module systolic_array_8x8 (D = \delay_regs[44], Q = \ROWS[5].COLS[0].pe_inst.data_out).
Adding EN signal on $flatten\ROWS[5].COLS[0].pe_inst.$procdff$926 ($adff) from module systolic_array_8x8 (D = $flatten\ROWS[5].COLS[0].pe_inst.$add$/home/safan/Accelarray/src/SystolicArray/PE.v:55$26_Y, Q = \ROWS[5].COLS[0].pe_inst.psum_accum_reg).
Adding EN signal on $flatten\ROWS[5].COLS[0].pe_inst.$procdff$921 ($adff) from module systolic_array_8x8 (D = \ROWS[4].COLS[0].pe_inst.psum_out, Q = \ROWS[5].COLS[0].pe_inst.psum_in_reg).
Adding EN signal on $flatten\ROWS[5].COLS[0].pe_inst.$procdff$916 ($adff) from module systolic_array_8x8 (D = \ROWS[5].COLS[0].pe_inst.product_comb, Q = \ROWS[5].COLS[0].pe_inst.product_reg).
Adding EN signal on $flatten\ROWS[5].COLS[0].pe_inst.$procdff$911 ($adff) from module systolic_array_8x8 (D = \ROWS[5].COLS[0].pe_inst.psum_accum_reg, Q = \ROWS[5].COLS[0].pe_inst.psum_out).
Adding EN signal on $flatten\ROWS[4].COLS[7].pe_inst.$procdff$936 ($adff) from module systolic_array_8x8 (D = \ROWS[4].COLS[6].pe_inst.data_out, Q = \ROWS[4].COLS[7].pe_inst.W_local_reg).
Adding EN signal on $flatten\ROWS[4].COLS[7].pe_inst.$procdff$926 ($adff) from module systolic_array_8x8 (D = $flatten\ROWS[4].COLS[7].pe_inst.$add$/home/safan/Accelarray/src/SystolicArray/PE.v:55$26_Y, Q = \ROWS[4].COLS[7].pe_inst.psum_accum_reg).
Adding EN signal on $flatten\ROWS[4].COLS[7].pe_inst.$procdff$921 ($adff) from module systolic_array_8x8 (D = \ROWS[3].COLS[7].pe_inst.psum_out, Q = \ROWS[4].COLS[7].pe_inst.psum_in_reg).
Adding EN signal on $flatten\ROWS[4].COLS[7].pe_inst.$procdff$916 ($adff) from module systolic_array_8x8 (D = \ROWS[4].COLS[7].pe_inst.product_comb, Q = \ROWS[4].COLS[7].pe_inst.product_reg).
Adding EN signal on $flatten\ROWS[4].COLS[7].pe_inst.$procdff$911 ($adff) from module systolic_array_8x8 (D = \ROWS[4].COLS[7].pe_inst.psum_accum_reg, Q = \ROWS[4].COLS[7].pe_inst.psum_out).
Adding EN signal on $flatten\ROWS[4].COLS[6].pe_inst.$procdff$936 ($adff) from module systolic_array_8x8 (D = \ROWS[4].COLS[5].pe_inst.data_out, Q = \ROWS[4].COLS[6].pe_inst.W_local_reg).
Adding EN signal on $flatten\ROWS[4].COLS[6].pe_inst.$procdff$931 ($adff) from module systolic_array_8x8 (D = \ROWS[4].COLS[5].pe_inst.data_out, Q = \ROWS[4].COLS[6].pe_inst.data_out).
Adding EN signal on $flatten\ROWS[4].COLS[6].pe_inst.$procdff$926 ($adff) from module systolic_array_8x8 (D = $flatten\ROWS[4].COLS[6].pe_inst.$add$/home/safan/Accelarray/src/SystolicArray/PE.v:55$26_Y, Q = \ROWS[4].COLS[6].pe_inst.psum_accum_reg).
Adding EN signal on $flatten\ROWS[4].COLS[6].pe_inst.$procdff$921 ($adff) from module systolic_array_8x8 (D = \ROWS[3].COLS[6].pe_inst.psum_out, Q = \ROWS[4].COLS[6].pe_inst.psum_in_reg).
Adding EN signal on $flatten\ROWS[4].COLS[6].pe_inst.$procdff$916 ($adff) from module systolic_array_8x8 (D = \ROWS[4].COLS[6].pe_inst.product_comb, Q = \ROWS[4].COLS[6].pe_inst.product_reg).
Adding EN signal on $flatten\ROWS[4].COLS[6].pe_inst.$procdff$911 ($adff) from module systolic_array_8x8 (D = \ROWS[4].COLS[6].pe_inst.psum_accum_reg, Q = \ROWS[4].COLS[6].pe_inst.psum_out).
Adding EN signal on $flatten\ROWS[4].COLS[5].pe_inst.$procdff$936 ($adff) from module systolic_array_8x8 (D = \ROWS[4].COLS[4].pe_inst.data_out, Q = \ROWS[4].COLS[5].pe_inst.W_local_reg).
Adding EN signal on $flatten\ROWS[4].COLS[5].pe_inst.$procdff$931 ($adff) from module systolic_array_8x8 (D = \ROWS[4].COLS[4].pe_inst.data_out, Q = \ROWS[4].COLS[5].pe_inst.data_out).
Adding EN signal on $flatten\ROWS[4].COLS[5].pe_inst.$procdff$926 ($adff) from module systolic_array_8x8 (D = $flatten\ROWS[4].COLS[5].pe_inst.$add$/home/safan/Accelarray/src/SystolicArray/PE.v:55$26_Y, Q = \ROWS[4].COLS[5].pe_inst.psum_accum_reg).
Adding EN signal on $flatten\ROWS[4].COLS[5].pe_inst.$procdff$921 ($adff) from module systolic_array_8x8 (D = \ROWS[3].COLS[5].pe_inst.psum_out, Q = \ROWS[4].COLS[5].pe_inst.psum_in_reg).
Adding EN signal on $flatten\ROWS[4].COLS[5].pe_inst.$procdff$916 ($adff) from module systolic_array_8x8 (D = \ROWS[4].COLS[5].pe_inst.product_comb, Q = \ROWS[4].COLS[5].pe_inst.product_reg).
Adding EN signal on $flatten\ROWS[4].COLS[5].pe_inst.$procdff$911 ($adff) from module systolic_array_8x8 (D = \ROWS[4].COLS[5].pe_inst.psum_accum_reg, Q = \ROWS[4].COLS[5].pe_inst.psum_out).
Adding EN signal on $flatten\ROWS[4].COLS[4].pe_inst.$procdff$936 ($adff) from module systolic_array_8x8 (D = \ROWS[4].COLS[3].pe_inst.data_out, Q = \ROWS[4].COLS[4].pe_inst.W_local_reg).
Adding EN signal on $flatten\ROWS[4].COLS[4].pe_inst.$procdff$931 ($adff) from module systolic_array_8x8 (D = \ROWS[4].COLS[3].pe_inst.data_out, Q = \ROWS[4].COLS[4].pe_inst.data_out).
Adding EN signal on $flatten\ROWS[4].COLS[4].pe_inst.$procdff$926 ($adff) from module systolic_array_8x8 (D = $flatten\ROWS[4].COLS[4].pe_inst.$add$/home/safan/Accelarray/src/SystolicArray/PE.v:55$26_Y, Q = \ROWS[4].COLS[4].pe_inst.psum_accum_reg).
Adding EN signal on $flatten\ROWS[4].COLS[4].pe_inst.$procdff$921 ($adff) from module systolic_array_8x8 (D = \ROWS[3].COLS[4].pe_inst.psum_out, Q = \ROWS[4].COLS[4].pe_inst.psum_in_reg).
Adding EN signal on $flatten\ROWS[4].COLS[4].pe_inst.$procdff$916 ($adff) from module systolic_array_8x8 (D = \ROWS[4].COLS[4].pe_inst.product_comb, Q = \ROWS[4].COLS[4].pe_inst.product_reg).
Adding EN signal on $flatten\ROWS[4].COLS[4].pe_inst.$procdff$911 ($adff) from module systolic_array_8x8 (D = \ROWS[4].COLS[4].pe_inst.psum_accum_reg, Q = \ROWS[4].COLS[4].pe_inst.psum_out).
Adding EN signal on $flatten\ROWS[4].COLS[3].pe_inst.$procdff$936 ($adff) from module systolic_array_8x8 (D = \ROWS[4].COLS[2].pe_inst.data_out, Q = \ROWS[4].COLS[3].pe_inst.W_local_reg).
Adding EN signal on $flatten\ROWS[4].COLS[3].pe_inst.$procdff$931 ($adff) from module systolic_array_8x8 (D = \ROWS[4].COLS[2].pe_inst.data_out, Q = \ROWS[4].COLS[3].pe_inst.data_out).
Adding EN signal on $flatten\ROWS[4].COLS[3].pe_inst.$procdff$926 ($adff) from module systolic_array_8x8 (D = $flatten\ROWS[4].COLS[3].pe_inst.$add$/home/safan/Accelarray/src/SystolicArray/PE.v:55$26_Y, Q = \ROWS[4].COLS[3].pe_inst.psum_accum_reg).
Adding EN signal on $flatten\ROWS[4].COLS[3].pe_inst.$procdff$921 ($adff) from module systolic_array_8x8 (D = \ROWS[3].COLS[3].pe_inst.psum_out, Q = \ROWS[4].COLS[3].pe_inst.psum_in_reg).
Adding EN signal on $flatten\ROWS[4].COLS[3].pe_inst.$procdff$916 ($adff) from module systolic_array_8x8 (D = \ROWS[4].COLS[3].pe_inst.product_comb, Q = \ROWS[4].COLS[3].pe_inst.product_reg).
Adding EN signal on $flatten\ROWS[4].COLS[3].pe_inst.$procdff$911 ($adff) from module systolic_array_8x8 (D = \ROWS[4].COLS[3].pe_inst.psum_accum_reg, Q = \ROWS[4].COLS[3].pe_inst.psum_out).
Adding EN signal on $flatten\ROWS[4].COLS[2].pe_inst.$procdff$936 ($adff) from module systolic_array_8x8 (D = \ROWS[4].COLS[1].pe_inst.data_out, Q = \ROWS[4].COLS[2].pe_inst.W_local_reg).
Adding EN signal on $flatten\ROWS[4].COLS[2].pe_inst.$procdff$931 ($adff) from module systolic_array_8x8 (D = \ROWS[4].COLS[1].pe_inst.data_out, Q = \ROWS[4].COLS[2].pe_inst.data_out).
Adding EN signal on $flatten\ROWS[4].COLS[2].pe_inst.$procdff$926 ($adff) from module systolic_array_8x8 (D = $flatten\ROWS[4].COLS[2].pe_inst.$add$/home/safan/Accelarray/src/SystolicArray/PE.v:55$26_Y, Q = \ROWS[4].COLS[2].pe_inst.psum_accum_reg).
Adding EN signal on $flatten\ROWS[4].COLS[2].pe_inst.$procdff$921 ($adff) from module systolic_array_8x8 (D = \ROWS[3].COLS[2].pe_inst.psum_out, Q = \ROWS[4].COLS[2].pe_inst.psum_in_reg).
Adding EN signal on $flatten\ROWS[4].COLS[2].pe_inst.$procdff$916 ($adff) from module systolic_array_8x8 (D = \ROWS[4].COLS[2].pe_inst.product_comb, Q = \ROWS[4].COLS[2].pe_inst.product_reg).
Adding EN signal on $flatten\ROWS[4].COLS[2].pe_inst.$procdff$911 ($adff) from module systolic_array_8x8 (D = \ROWS[4].COLS[2].pe_inst.psum_accum_reg, Q = \ROWS[4].COLS[2].pe_inst.psum_out).
Adding EN signal on $flatten\ROWS[4].COLS[1].pe_inst.$procdff$936 ($adff) from module systolic_array_8x8 (D = \ROWS[4].COLS[0].pe_inst.data_out, Q = \ROWS[4].COLS[1].pe_inst.W_local_reg).
Adding EN signal on $flatten\ROWS[4].COLS[1].pe_inst.$procdff$931 ($adff) from module systolic_array_8x8 (D = \ROWS[4].COLS[0].pe_inst.data_out, Q = \ROWS[4].COLS[1].pe_inst.data_out).
Adding EN signal on $flatten\ROWS[4].COLS[1].pe_inst.$procdff$926 ($adff) from module systolic_array_8x8 (D = $flatten\ROWS[4].COLS[1].pe_inst.$add$/home/safan/Accelarray/src/SystolicArray/PE.v:55$26_Y, Q = \ROWS[4].COLS[1].pe_inst.psum_accum_reg).
Adding EN signal on $flatten\ROWS[4].COLS[1].pe_inst.$procdff$921 ($adff) from module systolic_array_8x8 (D = \ROWS[3].COLS[1].pe_inst.psum_out, Q = \ROWS[4].COLS[1].pe_inst.psum_in_reg).
Adding EN signal on $flatten\ROWS[4].COLS[1].pe_inst.$procdff$916 ($adff) from module systolic_array_8x8 (D = \ROWS[4].COLS[1].pe_inst.product_comb, Q = \ROWS[4].COLS[1].pe_inst.product_reg).
Adding EN signal on $flatten\ROWS[4].COLS[1].pe_inst.$procdff$911 ($adff) from module systolic_array_8x8 (D = \ROWS[4].COLS[1].pe_inst.psum_accum_reg, Q = \ROWS[4].COLS[1].pe_inst.psum_out).
Adding EN signal on $flatten\ROWS[4].COLS[0].pe_inst.$procdff$936 ($adff) from module systolic_array_8x8 (D = \delay_regs[35], Q = \ROWS[4].COLS[0].pe_inst.W_local_reg).
Adding EN signal on $flatten\ROWS[4].COLS[0].pe_inst.$procdff$931 ($adff) from module systolic_array_8x8 (D = \delay_regs[35], Q = \ROWS[4].COLS[0].pe_inst.data_out).
Adding EN signal on $flatten\ROWS[4].COLS[0].pe_inst.$procdff$926 ($adff) from module systolic_array_8x8 (D = $flatten\ROWS[4].COLS[0].pe_inst.$add$/home/safan/Accelarray/src/SystolicArray/PE.v:55$26_Y, Q = \ROWS[4].COLS[0].pe_inst.psum_accum_reg).
Adding EN signal on $flatten\ROWS[4].COLS[0].pe_inst.$procdff$921 ($adff) from module systolic_array_8x8 (D = \ROWS[3].COLS[0].pe_inst.psum_out, Q = \ROWS[4].COLS[0].pe_inst.psum_in_reg).
Adding EN signal on $flatten\ROWS[4].COLS[0].pe_inst.$procdff$916 ($adff) from module systolic_array_8x8 (D = \ROWS[4].COLS[0].pe_inst.product_comb, Q = \ROWS[4].COLS[0].pe_inst.product_reg).
Adding EN signal on $flatten\ROWS[4].COLS[0].pe_inst.$procdff$911 ($adff) from module systolic_array_8x8 (D = \ROWS[4].COLS[0].pe_inst.psum_accum_reg, Q = \ROWS[4].COLS[0].pe_inst.psum_out).
Adding EN signal on $flatten\ROWS[3].COLS[7].pe_inst.$procdff$936 ($adff) from module systolic_array_8x8 (D = \ROWS[3].COLS[6].pe_inst.data_out, Q = \ROWS[3].COLS[7].pe_inst.W_local_reg).
Adding EN signal on $flatten\ROWS[3].COLS[7].pe_inst.$procdff$926 ($adff) from module systolic_array_8x8 (D = $flatten\ROWS[3].COLS[7].pe_inst.$add$/home/safan/Accelarray/src/SystolicArray/PE.v:55$26_Y, Q = \ROWS[3].COLS[7].pe_inst.psum_accum_reg).
Adding EN signal on $flatten\ROWS[3].COLS[7].pe_inst.$procdff$921 ($adff) from module systolic_array_8x8 (D = \ROWS[2].COLS[7].pe_inst.psum_out, Q = \ROWS[3].COLS[7].pe_inst.psum_in_reg).
Adding EN signal on $flatten\ROWS[3].COLS[7].pe_inst.$procdff$916 ($adff) from module systolic_array_8x8 (D = \ROWS[3].COLS[7].pe_inst.product_comb, Q = \ROWS[3].COLS[7].pe_inst.product_reg).
Adding EN signal on $flatten\ROWS[3].COLS[7].pe_inst.$procdff$911 ($adff) from module systolic_array_8x8 (D = \ROWS[3].COLS[7].pe_inst.psum_accum_reg, Q = \ROWS[3].COLS[7].pe_inst.psum_out).
Adding EN signal on $flatten\ROWS[3].COLS[6].pe_inst.$procdff$936 ($adff) from module systolic_array_8x8 (D = \ROWS[3].COLS[5].pe_inst.data_out, Q = \ROWS[3].COLS[6].pe_inst.W_local_reg).
Adding EN signal on $flatten\ROWS[3].COLS[6].pe_inst.$procdff$931 ($adff) from module systolic_array_8x8 (D = \ROWS[3].COLS[5].pe_inst.data_out, Q = \ROWS[3].COLS[6].pe_inst.data_out).
Adding EN signal on $flatten\ROWS[3].COLS[6].pe_inst.$procdff$926 ($adff) from module systolic_array_8x8 (D = $flatten\ROWS[3].COLS[6].pe_inst.$add$/home/safan/Accelarray/src/SystolicArray/PE.v:55$26_Y, Q = \ROWS[3].COLS[6].pe_inst.psum_accum_reg).
Adding EN signal on $flatten\ROWS[3].COLS[6].pe_inst.$procdff$921 ($adff) from module systolic_array_8x8 (D = \ROWS[2].COLS[6].pe_inst.psum_out, Q = \ROWS[3].COLS[6].pe_inst.psum_in_reg).
Adding EN signal on $flatten\ROWS[3].COLS[6].pe_inst.$procdff$916 ($adff) from module systolic_array_8x8 (D = \ROWS[3].COLS[6].pe_inst.product_comb, Q = \ROWS[3].COLS[6].pe_inst.product_reg).
Adding EN signal on $flatten\ROWS[3].COLS[6].pe_inst.$procdff$911 ($adff) from module systolic_array_8x8 (D = \ROWS[3].COLS[6].pe_inst.psum_accum_reg, Q = \ROWS[3].COLS[6].pe_inst.psum_out).
Adding EN signal on $flatten\ROWS[3].COLS[5].pe_inst.$procdff$936 ($adff) from module systolic_array_8x8 (D = \ROWS[3].COLS[4].pe_inst.data_out, Q = \ROWS[3].COLS[5].pe_inst.W_local_reg).
Adding EN signal on $flatten\ROWS[3].COLS[5].pe_inst.$procdff$931 ($adff) from module systolic_array_8x8 (D = \ROWS[3].COLS[4].pe_inst.data_out, Q = \ROWS[3].COLS[5].pe_inst.data_out).
Adding EN signal on $flatten\ROWS[3].COLS[5].pe_inst.$procdff$926 ($adff) from module systolic_array_8x8 (D = $flatten\ROWS[3].COLS[5].pe_inst.$add$/home/safan/Accelarray/src/SystolicArray/PE.v:55$26_Y, Q = \ROWS[3].COLS[5].pe_inst.psum_accum_reg).
Adding EN signal on $flatten\ROWS[3].COLS[5].pe_inst.$procdff$921 ($adff) from module systolic_array_8x8 (D = \ROWS[2].COLS[5].pe_inst.psum_out, Q = \ROWS[3].COLS[5].pe_inst.psum_in_reg).
Adding EN signal on $flatten\ROWS[3].COLS[5].pe_inst.$procdff$916 ($adff) from module systolic_array_8x8 (D = \ROWS[3].COLS[5].pe_inst.product_comb, Q = \ROWS[3].COLS[5].pe_inst.product_reg).
Adding EN signal on $flatten\ROWS[3].COLS[5].pe_inst.$procdff$911 ($adff) from module systolic_array_8x8 (D = \ROWS[3].COLS[5].pe_inst.psum_accum_reg, Q = \ROWS[3].COLS[5].pe_inst.psum_out).
Adding EN signal on $flatten\ROWS[3].COLS[4].pe_inst.$procdff$936 ($adff) from module systolic_array_8x8 (D = \ROWS[3].COLS[3].pe_inst.data_out, Q = \ROWS[3].COLS[4].pe_inst.W_local_reg).
Adding EN signal on $flatten\ROWS[3].COLS[4].pe_inst.$procdff$931 ($adff) from module systolic_array_8x8 (D = \ROWS[3].COLS[3].pe_inst.data_out, Q = \ROWS[3].COLS[4].pe_inst.data_out).
Adding EN signal on $flatten\ROWS[3].COLS[4].pe_inst.$procdff$926 ($adff) from module systolic_array_8x8 (D = $flatten\ROWS[3].COLS[4].pe_inst.$add$/home/safan/Accelarray/src/SystolicArray/PE.v:55$26_Y, Q = \ROWS[3].COLS[4].pe_inst.psum_accum_reg).
Adding EN signal on $flatten\ROWS[3].COLS[4].pe_inst.$procdff$921 ($adff) from module systolic_array_8x8 (D = \ROWS[2].COLS[4].pe_inst.psum_out, Q = \ROWS[3].COLS[4].pe_inst.psum_in_reg).
Adding EN signal on $flatten\ROWS[3].COLS[4].pe_inst.$procdff$916 ($adff) from module systolic_array_8x8 (D = \ROWS[3].COLS[4].pe_inst.product_comb, Q = \ROWS[3].COLS[4].pe_inst.product_reg).
Adding EN signal on $flatten\ROWS[3].COLS[4].pe_inst.$procdff$911 ($adff) from module systolic_array_8x8 (D = \ROWS[3].COLS[4].pe_inst.psum_accum_reg, Q = \ROWS[3].COLS[4].pe_inst.psum_out).
Adding EN signal on $flatten\ROWS[3].COLS[3].pe_inst.$procdff$936 ($adff) from module systolic_array_8x8 (D = \ROWS[3].COLS[2].pe_inst.data_out, Q = \ROWS[3].COLS[3].pe_inst.W_local_reg).
Adding EN signal on $flatten\ROWS[3].COLS[3].pe_inst.$procdff$931 ($adff) from module systolic_array_8x8 (D = \ROWS[3].COLS[2].pe_inst.data_out, Q = \ROWS[3].COLS[3].pe_inst.data_out).
Adding EN signal on $flatten\ROWS[3].COLS[3].pe_inst.$procdff$926 ($adff) from module systolic_array_8x8 (D = $flatten\ROWS[3].COLS[3].pe_inst.$add$/home/safan/Accelarray/src/SystolicArray/PE.v:55$26_Y, Q = \ROWS[3].COLS[3].pe_inst.psum_accum_reg).
Adding EN signal on $flatten\ROWS[3].COLS[3].pe_inst.$procdff$921 ($adff) from module systolic_array_8x8 (D = \ROWS[2].COLS[3].pe_inst.psum_out, Q = \ROWS[3].COLS[3].pe_inst.psum_in_reg).
Adding EN signal on $flatten\ROWS[3].COLS[3].pe_inst.$procdff$916 ($adff) from module systolic_array_8x8 (D = \ROWS[3].COLS[3].pe_inst.product_comb, Q = \ROWS[3].COLS[3].pe_inst.product_reg).
Adding EN signal on $flatten\ROWS[3].COLS[3].pe_inst.$procdff$911 ($adff) from module systolic_array_8x8 (D = \ROWS[3].COLS[3].pe_inst.psum_accum_reg, Q = \ROWS[3].COLS[3].pe_inst.psum_out).
Adding EN signal on $flatten\ROWS[3].COLS[2].pe_inst.$procdff$936 ($adff) from module systolic_array_8x8 (D = \ROWS[3].COLS[1].pe_inst.data_out, Q = \ROWS[3].COLS[2].pe_inst.W_local_reg).
Adding EN signal on $flatten\ROWS[3].COLS[2].pe_inst.$procdff$931 ($adff) from module systolic_array_8x8 (D = \ROWS[3].COLS[1].pe_inst.data_out, Q = \ROWS[3].COLS[2].pe_inst.data_out).
Adding EN signal on $flatten\ROWS[3].COLS[2].pe_inst.$procdff$926 ($adff) from module systolic_array_8x8 (D = $flatten\ROWS[3].COLS[2].pe_inst.$add$/home/safan/Accelarray/src/SystolicArray/PE.v:55$26_Y, Q = \ROWS[3].COLS[2].pe_inst.psum_accum_reg).
Adding EN signal on $flatten\ROWS[3].COLS[2].pe_inst.$procdff$921 ($adff) from module systolic_array_8x8 (D = \ROWS[2].COLS[2].pe_inst.psum_out, Q = \ROWS[3].COLS[2].pe_inst.psum_in_reg).
Adding EN signal on $flatten\ROWS[3].COLS[2].pe_inst.$procdff$916 ($adff) from module systolic_array_8x8 (D = \ROWS[3].COLS[2].pe_inst.product_comb, Q = \ROWS[3].COLS[2].pe_inst.product_reg).
Adding EN signal on $flatten\ROWS[3].COLS[2].pe_inst.$procdff$911 ($adff) from module systolic_array_8x8 (D = \ROWS[3].COLS[2].pe_inst.psum_accum_reg, Q = \ROWS[3].COLS[2].pe_inst.psum_out).
Adding EN signal on $flatten\ROWS[3].COLS[1].pe_inst.$procdff$936 ($adff) from module systolic_array_8x8 (D = \ROWS[3].COLS[0].pe_inst.data_out, Q = \ROWS[3].COLS[1].pe_inst.W_local_reg).
Adding EN signal on $flatten\ROWS[3].COLS[1].pe_inst.$procdff$931 ($adff) from module systolic_array_8x8 (D = \ROWS[3].COLS[0].pe_inst.data_out, Q = \ROWS[3].COLS[1].pe_inst.data_out).
Adding EN signal on $flatten\ROWS[3].COLS[1].pe_inst.$procdff$926 ($adff) from module systolic_array_8x8 (D = $flatten\ROWS[3].COLS[1].pe_inst.$add$/home/safan/Accelarray/src/SystolicArray/PE.v:55$26_Y, Q = \ROWS[3].COLS[1].pe_inst.psum_accum_reg).
Adding EN signal on $flatten\ROWS[3].COLS[1].pe_inst.$procdff$921 ($adff) from module systolic_array_8x8 (D = \ROWS[2].COLS[1].pe_inst.psum_out, Q = \ROWS[3].COLS[1].pe_inst.psum_in_reg).
Adding EN signal on $flatten\ROWS[3].COLS[1].pe_inst.$procdff$916 ($adff) from module systolic_array_8x8 (D = \ROWS[3].COLS[1].pe_inst.product_comb, Q = \ROWS[3].COLS[1].pe_inst.product_reg).
Adding EN signal on $flatten\ROWS[3].COLS[1].pe_inst.$procdff$911 ($adff) from module systolic_array_8x8 (D = \ROWS[3].COLS[1].pe_inst.psum_accum_reg, Q = \ROWS[3].COLS[1].pe_inst.psum_out).
Adding EN signal on $flatten\ROWS[3].COLS[0].pe_inst.$procdff$936 ($adff) from module systolic_array_8x8 (D = \delay_regs[26], Q = \ROWS[3].COLS[0].pe_inst.W_local_reg).
Adding EN signal on $flatten\ROWS[3].COLS[0].pe_inst.$procdff$931 ($adff) from module systolic_array_8x8 (D = \delay_regs[26], Q = \ROWS[3].COLS[0].pe_inst.data_out).
Adding EN signal on $flatten\ROWS[3].COLS[0].pe_inst.$procdff$926 ($adff) from module systolic_array_8x8 (D = $flatten\ROWS[3].COLS[0].pe_inst.$add$/home/safan/Accelarray/src/SystolicArray/PE.v:55$26_Y, Q = \ROWS[3].COLS[0].pe_inst.psum_accum_reg).
Adding EN signal on $flatten\ROWS[3].COLS[0].pe_inst.$procdff$921 ($adff) from module systolic_array_8x8 (D = \ROWS[2].COLS[0].pe_inst.psum_out, Q = \ROWS[3].COLS[0].pe_inst.psum_in_reg).
Adding EN signal on $flatten\ROWS[3].COLS[0].pe_inst.$procdff$916 ($adff) from module systolic_array_8x8 (D = \ROWS[3].COLS[0].pe_inst.product_comb, Q = \ROWS[3].COLS[0].pe_inst.product_reg).
Adding EN signal on $flatten\ROWS[3].COLS[0].pe_inst.$procdff$911 ($adff) from module systolic_array_8x8 (D = \ROWS[3].COLS[0].pe_inst.psum_accum_reg, Q = \ROWS[3].COLS[0].pe_inst.psum_out).
Adding EN signal on $flatten\ROWS[2].COLS[7].pe_inst.$procdff$936 ($adff) from module systolic_array_8x8 (D = \ROWS[2].COLS[6].pe_inst.data_out, Q = \ROWS[2].COLS[7].pe_inst.W_local_reg).
Adding EN signal on $flatten\ROWS[2].COLS[7].pe_inst.$procdff$926 ($adff) from module systolic_array_8x8 (D = $flatten\ROWS[2].COLS[7].pe_inst.$add$/home/safan/Accelarray/src/SystolicArray/PE.v:55$26_Y, Q = \ROWS[2].COLS[7].pe_inst.psum_accum_reg).
Adding EN signal on $flatten\ROWS[2].COLS[7].pe_inst.$procdff$921 ($adff) from module systolic_array_8x8 (D = \ROWS[1].COLS[7].pe_inst.psum_out, Q = \ROWS[2].COLS[7].pe_inst.psum_in_reg).
Adding EN signal on $flatten\ROWS[2].COLS[7].pe_inst.$procdff$916 ($adff) from module systolic_array_8x8 (D = \ROWS[2].COLS[7].pe_inst.product_comb, Q = \ROWS[2].COLS[7].pe_inst.product_reg).
Adding EN signal on $flatten\ROWS[2].COLS[7].pe_inst.$procdff$911 ($adff) from module systolic_array_8x8 (D = \ROWS[2].COLS[7].pe_inst.psum_accum_reg, Q = \ROWS[2].COLS[7].pe_inst.psum_out).
Adding EN signal on $flatten\ROWS[2].COLS[6].pe_inst.$procdff$936 ($adff) from module systolic_array_8x8 (D = \ROWS[2].COLS[5].pe_inst.data_out, Q = \ROWS[2].COLS[6].pe_inst.W_local_reg).
Adding EN signal on $flatten\ROWS[2].COLS[6].pe_inst.$procdff$931 ($adff) from module systolic_array_8x8 (D = \ROWS[2].COLS[5].pe_inst.data_out, Q = \ROWS[2].COLS[6].pe_inst.data_out).
Adding EN signal on $flatten\ROWS[2].COLS[6].pe_inst.$procdff$926 ($adff) from module systolic_array_8x8 (D = $flatten\ROWS[2].COLS[6].pe_inst.$add$/home/safan/Accelarray/src/SystolicArray/PE.v:55$26_Y, Q = \ROWS[2].COLS[6].pe_inst.psum_accum_reg).
Adding EN signal on $flatten\ROWS[2].COLS[6].pe_inst.$procdff$921 ($adff) from module systolic_array_8x8 (D = \ROWS[1].COLS[6].pe_inst.psum_out, Q = \ROWS[2].COLS[6].pe_inst.psum_in_reg).
Adding EN signal on $flatten\ROWS[2].COLS[6].pe_inst.$procdff$916 ($adff) from module systolic_array_8x8 (D = \ROWS[2].COLS[6].pe_inst.product_comb, Q = \ROWS[2].COLS[6].pe_inst.product_reg).
Adding EN signal on $flatten\ROWS[2].COLS[6].pe_inst.$procdff$911 ($adff) from module systolic_array_8x8 (D = \ROWS[2].COLS[6].pe_inst.psum_accum_reg, Q = \ROWS[2].COLS[6].pe_inst.psum_out).
Adding EN signal on $flatten\ROWS[2].COLS[5].pe_inst.$procdff$936 ($adff) from module systolic_array_8x8 (D = \ROWS[2].COLS[4].pe_inst.data_out, Q = \ROWS[2].COLS[5].pe_inst.W_local_reg).
Adding EN signal on $flatten\ROWS[2].COLS[5].pe_inst.$procdff$931 ($adff) from module systolic_array_8x8 (D = \ROWS[2].COLS[4].pe_inst.data_out, Q = \ROWS[2].COLS[5].pe_inst.data_out).
Adding EN signal on $flatten\ROWS[2].COLS[5].pe_inst.$procdff$926 ($adff) from module systolic_array_8x8 (D = $flatten\ROWS[2].COLS[5].pe_inst.$add$/home/safan/Accelarray/src/SystolicArray/PE.v:55$26_Y, Q = \ROWS[2].COLS[5].pe_inst.psum_accum_reg).
Adding EN signal on $flatten\ROWS[2].COLS[5].pe_inst.$procdff$921 ($adff) from module systolic_array_8x8 (D = \ROWS[1].COLS[5].pe_inst.psum_out, Q = \ROWS[2].COLS[5].pe_inst.psum_in_reg).
Adding EN signal on $flatten\ROWS[2].COLS[5].pe_inst.$procdff$916 ($adff) from module systolic_array_8x8 (D = \ROWS[2].COLS[5].pe_inst.product_comb, Q = \ROWS[2].COLS[5].pe_inst.product_reg).
Adding EN signal on $flatten\ROWS[2].COLS[5].pe_inst.$procdff$911 ($adff) from module systolic_array_8x8 (D = \ROWS[2].COLS[5].pe_inst.psum_accum_reg, Q = \ROWS[2].COLS[5].pe_inst.psum_out).
Adding EN signal on $flatten\ROWS[2].COLS[4].pe_inst.$procdff$936 ($adff) from module systolic_array_8x8 (D = \ROWS[2].COLS[3].pe_inst.data_out, Q = \ROWS[2].COLS[4].pe_inst.W_local_reg).
Adding EN signal on $flatten\ROWS[2].COLS[4].pe_inst.$procdff$931 ($adff) from module systolic_array_8x8 (D = \ROWS[2].COLS[3].pe_inst.data_out, Q = \ROWS[2].COLS[4].pe_inst.data_out).
Adding EN signal on $flatten\ROWS[2].COLS[4].pe_inst.$procdff$926 ($adff) from module systolic_array_8x8 (D = $flatten\ROWS[2].COLS[4].pe_inst.$add$/home/safan/Accelarray/src/SystolicArray/PE.v:55$26_Y, Q = \ROWS[2].COLS[4].pe_inst.psum_accum_reg).
Adding EN signal on $flatten\ROWS[2].COLS[4].pe_inst.$procdff$921 ($adff) from module systolic_array_8x8 (D = \ROWS[1].COLS[4].pe_inst.psum_out, Q = \ROWS[2].COLS[4].pe_inst.psum_in_reg).
Adding EN signal on $flatten\ROWS[2].COLS[4].pe_inst.$procdff$916 ($adff) from module systolic_array_8x8 (D = \ROWS[2].COLS[4].pe_inst.product_comb, Q = \ROWS[2].COLS[4].pe_inst.product_reg).
Adding EN signal on $flatten\ROWS[2].COLS[4].pe_inst.$procdff$911 ($adff) from module systolic_array_8x8 (D = \ROWS[2].COLS[4].pe_inst.psum_accum_reg, Q = \ROWS[2].COLS[4].pe_inst.psum_out).
Adding EN signal on $flatten\ROWS[2].COLS[3].pe_inst.$procdff$936 ($adff) from module systolic_array_8x8 (D = \ROWS[2].COLS[2].pe_inst.data_out, Q = \ROWS[2].COLS[3].pe_inst.W_local_reg).
Adding EN signal on $flatten\ROWS[2].COLS[3].pe_inst.$procdff$931 ($adff) from module systolic_array_8x8 (D = \ROWS[2].COLS[2].pe_inst.data_out, Q = \ROWS[2].COLS[3].pe_inst.data_out).
Adding EN signal on $flatten\ROWS[2].COLS[3].pe_inst.$procdff$926 ($adff) from module systolic_array_8x8 (D = $flatten\ROWS[2].COLS[3].pe_inst.$add$/home/safan/Accelarray/src/SystolicArray/PE.v:55$26_Y, Q = \ROWS[2].COLS[3].pe_inst.psum_accum_reg).
Adding EN signal on $flatten\ROWS[2].COLS[3].pe_inst.$procdff$921 ($adff) from module systolic_array_8x8 (D = \ROWS[1].COLS[3].pe_inst.psum_out, Q = \ROWS[2].COLS[3].pe_inst.psum_in_reg).
Adding EN signal on $flatten\ROWS[2].COLS[3].pe_inst.$procdff$916 ($adff) from module systolic_array_8x8 (D = \ROWS[2].COLS[3].pe_inst.product_comb, Q = \ROWS[2].COLS[3].pe_inst.product_reg).
Adding EN signal on $flatten\ROWS[2].COLS[3].pe_inst.$procdff$911 ($adff) from module systolic_array_8x8 (D = \ROWS[2].COLS[3].pe_inst.psum_accum_reg, Q = \ROWS[2].COLS[3].pe_inst.psum_out).
Adding EN signal on $flatten\ROWS[2].COLS[2].pe_inst.$procdff$936 ($adff) from module systolic_array_8x8 (D = \ROWS[2].COLS[1].pe_inst.data_out, Q = \ROWS[2].COLS[2].pe_inst.W_local_reg).
Adding EN signal on $flatten\ROWS[2].COLS[2].pe_inst.$procdff$931 ($adff) from module systolic_array_8x8 (D = \ROWS[2].COLS[1].pe_inst.data_out, Q = \ROWS[2].COLS[2].pe_inst.data_out).
Adding EN signal on $flatten\ROWS[2].COLS[2].pe_inst.$procdff$926 ($adff) from module systolic_array_8x8 (D = $flatten\ROWS[2].COLS[2].pe_inst.$add$/home/safan/Accelarray/src/SystolicArray/PE.v:55$26_Y, Q = \ROWS[2].COLS[2].pe_inst.psum_accum_reg).
Adding EN signal on $flatten\ROWS[2].COLS[2].pe_inst.$procdff$921 ($adff) from module systolic_array_8x8 (D = \ROWS[1].COLS[2].pe_inst.psum_out, Q = \ROWS[2].COLS[2].pe_inst.psum_in_reg).
Adding EN signal on $flatten\ROWS[2].COLS[2].pe_inst.$procdff$916 ($adff) from module systolic_array_8x8 (D = \ROWS[2].COLS[2].pe_inst.product_comb, Q = \ROWS[2].COLS[2].pe_inst.product_reg).
Adding EN signal on $flatten\ROWS[2].COLS[2].pe_inst.$procdff$911 ($adff) from module systolic_array_8x8 (D = \ROWS[2].COLS[2].pe_inst.psum_accum_reg, Q = \ROWS[2].COLS[2].pe_inst.psum_out).
Adding EN signal on $flatten\ROWS[2].COLS[1].pe_inst.$procdff$936 ($adff) from module systolic_array_8x8 (D = \ROWS[2].COLS[0].pe_inst.data_out, Q = \ROWS[2].COLS[1].pe_inst.W_local_reg).
Adding EN signal on $flatten\ROWS[2].COLS[1].pe_inst.$procdff$931 ($adff) from module systolic_array_8x8 (D = \ROWS[2].COLS[0].pe_inst.data_out, Q = \ROWS[2].COLS[1].pe_inst.data_out).
Adding EN signal on $flatten\ROWS[2].COLS[1].pe_inst.$procdff$926 ($adff) from module systolic_array_8x8 (D = $flatten\ROWS[2].COLS[1].pe_inst.$add$/home/safan/Accelarray/src/SystolicArray/PE.v:55$26_Y, Q = \ROWS[2].COLS[1].pe_inst.psum_accum_reg).
Adding EN signal on $flatten\ROWS[2].COLS[1].pe_inst.$procdff$921 ($adff) from module systolic_array_8x8 (D = \ROWS[1].COLS[1].pe_inst.psum_out, Q = \ROWS[2].COLS[1].pe_inst.psum_in_reg).
Adding EN signal on $flatten\ROWS[2].COLS[1].pe_inst.$procdff$916 ($adff) from module systolic_array_8x8 (D = \ROWS[2].COLS[1].pe_inst.product_comb, Q = \ROWS[2].COLS[1].pe_inst.product_reg).
Adding EN signal on $flatten\ROWS[2].COLS[1].pe_inst.$procdff$911 ($adff) from module systolic_array_8x8 (D = \ROWS[2].COLS[1].pe_inst.psum_accum_reg, Q = \ROWS[2].COLS[1].pe_inst.psum_out).
Adding EN signal on $flatten\ROWS[2].COLS[0].pe_inst.$procdff$936 ($adff) from module systolic_array_8x8 (D = \delay_regs[17], Q = \ROWS[2].COLS[0].pe_inst.W_local_reg).
Adding EN signal on $flatten\ROWS[2].COLS[0].pe_inst.$procdff$931 ($adff) from module systolic_array_8x8 (D = \delay_regs[17], Q = \ROWS[2].COLS[0].pe_inst.data_out).
Adding EN signal on $flatten\ROWS[2].COLS[0].pe_inst.$procdff$926 ($adff) from module systolic_array_8x8 (D = $flatten\ROWS[2].COLS[0].pe_inst.$add$/home/safan/Accelarray/src/SystolicArray/PE.v:55$26_Y, Q = \ROWS[2].COLS[0].pe_inst.psum_accum_reg).
Adding EN signal on $flatten\ROWS[2].COLS[0].pe_inst.$procdff$921 ($adff) from module systolic_array_8x8 (D = \ROWS[1].COLS[0].pe_inst.psum_out, Q = \ROWS[2].COLS[0].pe_inst.psum_in_reg).
Adding EN signal on $flatten\ROWS[2].COLS[0].pe_inst.$procdff$916 ($adff) from module systolic_array_8x8 (D = \ROWS[2].COLS[0].pe_inst.product_comb, Q = \ROWS[2].COLS[0].pe_inst.product_reg).
Adding EN signal on $flatten\ROWS[2].COLS[0].pe_inst.$procdff$911 ($adff) from module systolic_array_8x8 (D = \ROWS[2].COLS[0].pe_inst.psum_accum_reg, Q = \ROWS[2].COLS[0].pe_inst.psum_out).
Adding EN signal on $flatten\ROWS[1].COLS[7].pe_inst.$procdff$936 ($adff) from module systolic_array_8x8 (D = \ROWS[1].COLS[6].pe_inst.data_out, Q = \ROWS[1].COLS[7].pe_inst.W_local_reg).
Adding EN signal on $flatten\ROWS[1].COLS[7].pe_inst.$procdff$926 ($adff) from module systolic_array_8x8 (D = $flatten\ROWS[1].COLS[7].pe_inst.$add$/home/safan/Accelarray/src/SystolicArray/PE.v:55$26_Y, Q = \ROWS[1].COLS[7].pe_inst.psum_accum_reg).
Adding EN signal on $flatten\ROWS[1].COLS[7].pe_inst.$procdff$921 ($adff) from module systolic_array_8x8 (D = \ROWS[0].COLS[7].pe_inst.psum_out, Q = \ROWS[1].COLS[7].pe_inst.psum_in_reg).
Adding EN signal on $flatten\ROWS[1].COLS[7].pe_inst.$procdff$916 ($adff) from module systolic_array_8x8 (D = \ROWS[1].COLS[7].pe_inst.product_comb, Q = \ROWS[1].COLS[7].pe_inst.product_reg).
Adding EN signal on $flatten\ROWS[1].COLS[7].pe_inst.$procdff$911 ($adff) from module systolic_array_8x8 (D = \ROWS[1].COLS[7].pe_inst.psum_accum_reg, Q = \ROWS[1].COLS[7].pe_inst.psum_out).
Adding EN signal on $flatten\ROWS[1].COLS[6].pe_inst.$procdff$936 ($adff) from module systolic_array_8x8 (D = \ROWS[1].COLS[5].pe_inst.data_out, Q = \ROWS[1].COLS[6].pe_inst.W_local_reg).
Adding EN signal on $flatten\ROWS[1].COLS[6].pe_inst.$procdff$931 ($adff) from module systolic_array_8x8 (D = \ROWS[1].COLS[5].pe_inst.data_out, Q = \ROWS[1].COLS[6].pe_inst.data_out).
Adding EN signal on $flatten\ROWS[1].COLS[6].pe_inst.$procdff$926 ($adff) from module systolic_array_8x8 (D = $flatten\ROWS[1].COLS[6].pe_inst.$add$/home/safan/Accelarray/src/SystolicArray/PE.v:55$26_Y, Q = \ROWS[1].COLS[6].pe_inst.psum_accum_reg).
Adding EN signal on $flatten\ROWS[1].COLS[6].pe_inst.$procdff$921 ($adff) from module systolic_array_8x8 (D = \ROWS[0].COLS[6].pe_inst.psum_out, Q = \ROWS[1].COLS[6].pe_inst.psum_in_reg).
Adding EN signal on $flatten\ROWS[1].COLS[6].pe_inst.$procdff$916 ($adff) from module systolic_array_8x8 (D = \ROWS[1].COLS[6].pe_inst.product_comb, Q = \ROWS[1].COLS[6].pe_inst.product_reg).
Adding EN signal on $flatten\ROWS[1].COLS[6].pe_inst.$procdff$911 ($adff) from module systolic_array_8x8 (D = \ROWS[1].COLS[6].pe_inst.psum_accum_reg, Q = \ROWS[1].COLS[6].pe_inst.psum_out).
Adding EN signal on $flatten\ROWS[1].COLS[5].pe_inst.$procdff$936 ($adff) from module systolic_array_8x8 (D = \ROWS[1].COLS[4].pe_inst.data_out, Q = \ROWS[1].COLS[5].pe_inst.W_local_reg).
Adding EN signal on $flatten\ROWS[1].COLS[5].pe_inst.$procdff$931 ($adff) from module systolic_array_8x8 (D = \ROWS[1].COLS[4].pe_inst.data_out, Q = \ROWS[1].COLS[5].pe_inst.data_out).
Adding EN signal on $flatten\ROWS[1].COLS[5].pe_inst.$procdff$926 ($adff) from module systolic_array_8x8 (D = $flatten\ROWS[1].COLS[5].pe_inst.$add$/home/safan/Accelarray/src/SystolicArray/PE.v:55$26_Y, Q = \ROWS[1].COLS[5].pe_inst.psum_accum_reg).
Adding EN signal on $flatten\ROWS[1].COLS[5].pe_inst.$procdff$921 ($adff) from module systolic_array_8x8 (D = \ROWS[0].COLS[5].pe_inst.psum_out, Q = \ROWS[1].COLS[5].pe_inst.psum_in_reg).
Adding EN signal on $flatten\ROWS[1].COLS[5].pe_inst.$procdff$916 ($adff) from module systolic_array_8x8 (D = \ROWS[1].COLS[5].pe_inst.product_comb, Q = \ROWS[1].COLS[5].pe_inst.product_reg).
Adding EN signal on $flatten\ROWS[1].COLS[5].pe_inst.$procdff$911 ($adff) from module systolic_array_8x8 (D = \ROWS[1].COLS[5].pe_inst.psum_accum_reg, Q = \ROWS[1].COLS[5].pe_inst.psum_out).
Adding EN signal on $flatten\ROWS[1].COLS[4].pe_inst.$procdff$936 ($adff) from module systolic_array_8x8 (D = \ROWS[1].COLS[3].pe_inst.data_out, Q = \ROWS[1].COLS[4].pe_inst.W_local_reg).
Adding EN signal on $flatten\ROWS[1].COLS[4].pe_inst.$procdff$931 ($adff) from module systolic_array_8x8 (D = \ROWS[1].COLS[3].pe_inst.data_out, Q = \ROWS[1].COLS[4].pe_inst.data_out).
Adding EN signal on $flatten\ROWS[1].COLS[4].pe_inst.$procdff$926 ($adff) from module systolic_array_8x8 (D = $flatten\ROWS[1].COLS[4].pe_inst.$add$/home/safan/Accelarray/src/SystolicArray/PE.v:55$26_Y, Q = \ROWS[1].COLS[4].pe_inst.psum_accum_reg).
Adding EN signal on $flatten\ROWS[1].COLS[4].pe_inst.$procdff$921 ($adff) from module systolic_array_8x8 (D = \ROWS[0].COLS[4].pe_inst.psum_out, Q = \ROWS[1].COLS[4].pe_inst.psum_in_reg).
Adding EN signal on $flatten\ROWS[1].COLS[4].pe_inst.$procdff$916 ($adff) from module systolic_array_8x8 (D = \ROWS[1].COLS[4].pe_inst.product_comb, Q = \ROWS[1].COLS[4].pe_inst.product_reg).
Adding EN signal on $flatten\ROWS[1].COLS[4].pe_inst.$procdff$911 ($adff) from module systolic_array_8x8 (D = \ROWS[1].COLS[4].pe_inst.psum_accum_reg, Q = \ROWS[1].COLS[4].pe_inst.psum_out).
Adding EN signal on $flatten\ROWS[1].COLS[3].pe_inst.$procdff$936 ($adff) from module systolic_array_8x8 (D = \ROWS[1].COLS[2].pe_inst.data_out, Q = \ROWS[1].COLS[3].pe_inst.W_local_reg).
Adding EN signal on $flatten\ROWS[1].COLS[3].pe_inst.$procdff$931 ($adff) from module systolic_array_8x8 (D = \ROWS[1].COLS[2].pe_inst.data_out, Q = \ROWS[1].COLS[3].pe_inst.data_out).
Adding EN signal on $flatten\ROWS[1].COLS[3].pe_inst.$procdff$926 ($adff) from module systolic_array_8x8 (D = $flatten\ROWS[1].COLS[3].pe_inst.$add$/home/safan/Accelarray/src/SystolicArray/PE.v:55$26_Y, Q = \ROWS[1].COLS[3].pe_inst.psum_accum_reg).
Adding EN signal on $flatten\ROWS[1].COLS[3].pe_inst.$procdff$921 ($adff) from module systolic_array_8x8 (D = \ROWS[0].COLS[3].pe_inst.psum_out, Q = \ROWS[1].COLS[3].pe_inst.psum_in_reg).
Adding EN signal on $flatten\ROWS[1].COLS[3].pe_inst.$procdff$916 ($adff) from module systolic_array_8x8 (D = \ROWS[1].COLS[3].pe_inst.product_comb, Q = \ROWS[1].COLS[3].pe_inst.product_reg).
Adding EN signal on $flatten\ROWS[1].COLS[3].pe_inst.$procdff$911 ($adff) from module systolic_array_8x8 (D = \ROWS[1].COLS[3].pe_inst.psum_accum_reg, Q = \ROWS[1].COLS[3].pe_inst.psum_out).
Adding EN signal on $flatten\ROWS[1].COLS[2].pe_inst.$procdff$936 ($adff) from module systolic_array_8x8 (D = \ROWS[1].COLS[1].pe_inst.data_out, Q = \ROWS[1].COLS[2].pe_inst.W_local_reg).
Adding EN signal on $flatten\ROWS[1].COLS[2].pe_inst.$procdff$931 ($adff) from module systolic_array_8x8 (D = \ROWS[1].COLS[1].pe_inst.data_out, Q = \ROWS[1].COLS[2].pe_inst.data_out).
Adding EN signal on $flatten\ROWS[1].COLS[2].pe_inst.$procdff$926 ($adff) from module systolic_array_8x8 (D = $flatten\ROWS[1].COLS[2].pe_inst.$add$/home/safan/Accelarray/src/SystolicArray/PE.v:55$26_Y, Q = \ROWS[1].COLS[2].pe_inst.psum_accum_reg).
Adding EN signal on $flatten\ROWS[1].COLS[2].pe_inst.$procdff$921 ($adff) from module systolic_array_8x8 (D = \ROWS[0].COLS[2].pe_inst.psum_out, Q = \ROWS[1].COLS[2].pe_inst.psum_in_reg).
Adding EN signal on $flatten\ROWS[1].COLS[2].pe_inst.$procdff$916 ($adff) from module systolic_array_8x8 (D = \ROWS[1].COLS[2].pe_inst.product_comb, Q = \ROWS[1].COLS[2].pe_inst.product_reg).
Adding EN signal on $flatten\ROWS[1].COLS[2].pe_inst.$procdff$911 ($adff) from module systolic_array_8x8 (D = \ROWS[1].COLS[2].pe_inst.psum_accum_reg, Q = \ROWS[1].COLS[2].pe_inst.psum_out).
Adding EN signal on $flatten\ROWS[1].COLS[1].pe_inst.$procdff$936 ($adff) from module systolic_array_8x8 (D = \ROWS[1].COLS[0].pe_inst.data_out, Q = \ROWS[1].COLS[1].pe_inst.W_local_reg).
Adding EN signal on $flatten\ROWS[1].COLS[1].pe_inst.$procdff$931 ($adff) from module systolic_array_8x8 (D = \ROWS[1].COLS[0].pe_inst.data_out, Q = \ROWS[1].COLS[1].pe_inst.data_out).
Adding EN signal on $flatten\ROWS[1].COLS[1].pe_inst.$procdff$926 ($adff) from module systolic_array_8x8 (D = $flatten\ROWS[1].COLS[1].pe_inst.$add$/home/safan/Accelarray/src/SystolicArray/PE.v:55$26_Y, Q = \ROWS[1].COLS[1].pe_inst.psum_accum_reg).
Adding EN signal on $flatten\ROWS[1].COLS[1].pe_inst.$procdff$921 ($adff) from module systolic_array_8x8 (D = \ROWS[0].COLS[1].pe_inst.psum_out, Q = \ROWS[1].COLS[1].pe_inst.psum_in_reg).
Adding EN signal on $flatten\ROWS[1].COLS[1].pe_inst.$procdff$916 ($adff) from module systolic_array_8x8 (D = \ROWS[1].COLS[1].pe_inst.product_comb, Q = \ROWS[1].COLS[1].pe_inst.product_reg).
Adding EN signal on $flatten\ROWS[1].COLS[1].pe_inst.$procdff$911 ($adff) from module systolic_array_8x8 (D = \ROWS[1].COLS[1].pe_inst.psum_accum_reg, Q = \ROWS[1].COLS[1].pe_inst.psum_out).
Adding EN signal on $flatten\ROWS[1].COLS[0].pe_inst.$procdff$936 ($adff) from module systolic_array_8x8 (D = \delay_regs[8], Q = \ROWS[1].COLS[0].pe_inst.W_local_reg).
Adding EN signal on $flatten\ROWS[1].COLS[0].pe_inst.$procdff$931 ($adff) from module systolic_array_8x8 (D = \delay_regs[8], Q = \ROWS[1].COLS[0].pe_inst.data_out).
Adding EN signal on $flatten\ROWS[1].COLS[0].pe_inst.$procdff$926 ($adff) from module systolic_array_8x8 (D = $flatten\ROWS[1].COLS[0].pe_inst.$add$/home/safan/Accelarray/src/SystolicArray/PE.v:55$26_Y, Q = \ROWS[1].COLS[0].pe_inst.psum_accum_reg).
Adding EN signal on $flatten\ROWS[1].COLS[0].pe_inst.$procdff$921 ($adff) from module systolic_array_8x8 (D = \ROWS[0].COLS[0].pe_inst.psum_out, Q = \ROWS[1].COLS[0].pe_inst.psum_in_reg).
Adding EN signal on $flatten\ROWS[1].COLS[0].pe_inst.$procdff$916 ($adff) from module systolic_array_8x8 (D = \ROWS[1].COLS[0].pe_inst.product_comb, Q = \ROWS[1].COLS[0].pe_inst.product_reg).
Adding EN signal on $flatten\ROWS[1].COLS[0].pe_inst.$procdff$911 ($adff) from module systolic_array_8x8 (D = \ROWS[1].COLS[0].pe_inst.psum_accum_reg, Q = \ROWS[1].COLS[0].pe_inst.psum_out).
Adding EN signal on $flatten\ROWS[0].COLS[7].pe_inst.$procdff$936 ($adff) from module systolic_array_8x8 (D = \ROWS[0].COLS[6].pe_inst.data_out, Q = \ROWS[0].COLS[7].pe_inst.W_local_reg).
Adding EN signal on $flatten\ROWS[0].COLS[7].pe_inst.$procdff$926 ($adff) from module systolic_array_8x8 (D = $flatten\ROWS[0].COLS[7].pe_inst.$add$/home/safan/Accelarray/src/SystolicArray/PE.v:55$26_Y, Q = \ROWS[0].COLS[7].pe_inst.psum_accum_reg).
Adding EN signal on $flatten\ROWS[0].COLS[7].pe_inst.$procdff$921 ($adff) from module systolic_array_8x8 (D = 0, Q = \ROWS[0].COLS[7].pe_inst.psum_in_reg).
Adding EN signal on $flatten\ROWS[0].COLS[7].pe_inst.$procdff$916 ($adff) from module systolic_array_8x8 (D = \ROWS[0].COLS[7].pe_inst.product_comb, Q = \ROWS[0].COLS[7].pe_inst.product_reg).
Adding EN signal on $flatten\ROWS[0].COLS[7].pe_inst.$procdff$911 ($adff) from module systolic_array_8x8 (D = \ROWS[0].COLS[7].pe_inst.psum_accum_reg, Q = \ROWS[0].COLS[7].pe_inst.psum_out).
Adding EN signal on $flatten\ROWS[0].COLS[6].pe_inst.$procdff$936 ($adff) from module systolic_array_8x8 (D = \ROWS[0].COLS[5].pe_inst.data_out, Q = \ROWS[0].COLS[6].pe_inst.W_local_reg).
Adding EN signal on $flatten\ROWS[0].COLS[6].pe_inst.$procdff$931 ($adff) from module systolic_array_8x8 (D = \ROWS[0].COLS[5].pe_inst.data_out, Q = \ROWS[0].COLS[6].pe_inst.data_out).
Adding EN signal on $flatten\ROWS[0].COLS[6].pe_inst.$procdff$926 ($adff) from module systolic_array_8x8 (D = $flatten\ROWS[0].COLS[6].pe_inst.$add$/home/safan/Accelarray/src/SystolicArray/PE.v:55$26_Y, Q = \ROWS[0].COLS[6].pe_inst.psum_accum_reg).
Adding EN signal on $flatten\ROWS[0].COLS[6].pe_inst.$procdff$921 ($adff) from module systolic_array_8x8 (D = 0, Q = \ROWS[0].COLS[6].pe_inst.psum_in_reg).
Adding EN signal on $flatten\ROWS[0].COLS[6].pe_inst.$procdff$916 ($adff) from module systolic_array_8x8 (D = \ROWS[0].COLS[6].pe_inst.product_comb, Q = \ROWS[0].COLS[6].pe_inst.product_reg).
Adding EN signal on $flatten\ROWS[0].COLS[6].pe_inst.$procdff$911 ($adff) from module systolic_array_8x8 (D = \ROWS[0].COLS[6].pe_inst.psum_accum_reg, Q = \ROWS[0].COLS[6].pe_inst.psum_out).
Adding EN signal on $flatten\ROWS[0].COLS[5].pe_inst.$procdff$936 ($adff) from module systolic_array_8x8 (D = \ROWS[0].COLS[4].pe_inst.data_out, Q = \ROWS[0].COLS[5].pe_inst.W_local_reg).
Adding EN signal on $flatten\ROWS[0].COLS[5].pe_inst.$procdff$931 ($adff) from module systolic_array_8x8 (D = \ROWS[0].COLS[4].pe_inst.data_out, Q = \ROWS[0].COLS[5].pe_inst.data_out).
Adding EN signal on $flatten\ROWS[0].COLS[5].pe_inst.$procdff$926 ($adff) from module systolic_array_8x8 (D = $flatten\ROWS[0].COLS[5].pe_inst.$add$/home/safan/Accelarray/src/SystolicArray/PE.v:55$26_Y, Q = \ROWS[0].COLS[5].pe_inst.psum_accum_reg).
Adding EN signal on $flatten\ROWS[0].COLS[5].pe_inst.$procdff$921 ($adff) from module systolic_array_8x8 (D = 0, Q = \ROWS[0].COLS[5].pe_inst.psum_in_reg).
Adding EN signal on $flatten\ROWS[0].COLS[5].pe_inst.$procdff$916 ($adff) from module systolic_array_8x8 (D = \ROWS[0].COLS[5].pe_inst.product_comb, Q = \ROWS[0].COLS[5].pe_inst.product_reg).
Adding EN signal on $flatten\ROWS[0].COLS[5].pe_inst.$procdff$911 ($adff) from module systolic_array_8x8 (D = \ROWS[0].COLS[5].pe_inst.psum_accum_reg, Q = \ROWS[0].COLS[5].pe_inst.psum_out).
Adding EN signal on $flatten\ROWS[0].COLS[4].pe_inst.$procdff$936 ($adff) from module systolic_array_8x8 (D = \ROWS[0].COLS[3].pe_inst.data_out, Q = \ROWS[0].COLS[4].pe_inst.W_local_reg).
Adding EN signal on $flatten\ROWS[0].COLS[4].pe_inst.$procdff$931 ($adff) from module systolic_array_8x8 (D = \ROWS[0].COLS[3].pe_inst.data_out, Q = \ROWS[0].COLS[4].pe_inst.data_out).
Adding EN signal on $flatten\ROWS[0].COLS[4].pe_inst.$procdff$926 ($adff) from module systolic_array_8x8 (D = $flatten\ROWS[0].COLS[4].pe_inst.$add$/home/safan/Accelarray/src/SystolicArray/PE.v:55$26_Y, Q = \ROWS[0].COLS[4].pe_inst.psum_accum_reg).
Adding EN signal on $flatten\ROWS[0].COLS[4].pe_inst.$procdff$921 ($adff) from module systolic_array_8x8 (D = 0, Q = \ROWS[0].COLS[4].pe_inst.psum_in_reg).
Adding EN signal on $flatten\ROWS[0].COLS[4].pe_inst.$procdff$916 ($adff) from module systolic_array_8x8 (D = \ROWS[0].COLS[4].pe_inst.product_comb, Q = \ROWS[0].COLS[4].pe_inst.product_reg).
Adding EN signal on $flatten\ROWS[0].COLS[4].pe_inst.$procdff$911 ($adff) from module systolic_array_8x8 (D = \ROWS[0].COLS[4].pe_inst.psum_accum_reg, Q = \ROWS[0].COLS[4].pe_inst.psum_out).
Adding EN signal on $flatten\ROWS[0].COLS[3].pe_inst.$procdff$936 ($adff) from module systolic_array_8x8 (D = \ROWS[0].COLS[2].pe_inst.data_out, Q = \ROWS[0].COLS[3].pe_inst.W_local_reg).
Adding EN signal on $flatten\ROWS[0].COLS[3].pe_inst.$procdff$931 ($adff) from module systolic_array_8x8 (D = \ROWS[0].COLS[2].pe_inst.data_out, Q = \ROWS[0].COLS[3].pe_inst.data_out).
Adding EN signal on $flatten\ROWS[0].COLS[3].pe_inst.$procdff$926 ($adff) from module systolic_array_8x8 (D = $flatten\ROWS[0].COLS[3].pe_inst.$add$/home/safan/Accelarray/src/SystolicArray/PE.v:55$26_Y, Q = \ROWS[0].COLS[3].pe_inst.psum_accum_reg).
Adding EN signal on $flatten\ROWS[0].COLS[3].pe_inst.$procdff$921 ($adff) from module systolic_array_8x8 (D = 0, Q = \ROWS[0].COLS[3].pe_inst.psum_in_reg).
Adding EN signal on $flatten\ROWS[0].COLS[3].pe_inst.$procdff$916 ($adff) from module systolic_array_8x8 (D = \ROWS[0].COLS[3].pe_inst.product_comb, Q = \ROWS[0].COLS[3].pe_inst.product_reg).
Adding EN signal on $flatten\ROWS[0].COLS[3].pe_inst.$procdff$911 ($adff) from module systolic_array_8x8 (D = \ROWS[0].COLS[3].pe_inst.psum_accum_reg, Q = \ROWS[0].COLS[3].pe_inst.psum_out).
Adding EN signal on $flatten\ROWS[0].COLS[2].pe_inst.$procdff$936 ($adff) from module systolic_array_8x8 (D = \ROWS[0].COLS[1].pe_inst.data_out, Q = \ROWS[0].COLS[2].pe_inst.W_local_reg).
Adding EN signal on $flatten\ROWS[0].COLS[2].pe_inst.$procdff$931 ($adff) from module systolic_array_8x8 (D = \ROWS[0].COLS[1].pe_inst.data_out, Q = \ROWS[0].COLS[2].pe_inst.data_out).
Adding EN signal on $flatten\ROWS[0].COLS[2].pe_inst.$procdff$926 ($adff) from module systolic_array_8x8 (D = $flatten\ROWS[0].COLS[2].pe_inst.$add$/home/safan/Accelarray/src/SystolicArray/PE.v:55$26_Y, Q = \ROWS[0].COLS[2].pe_inst.psum_accum_reg).
Adding EN signal on $flatten\ROWS[0].COLS[2].pe_inst.$procdff$921 ($adff) from module systolic_array_8x8 (D = 0, Q = \ROWS[0].COLS[2].pe_inst.psum_in_reg).
Adding EN signal on $flatten\ROWS[0].COLS[2].pe_inst.$procdff$916 ($adff) from module systolic_array_8x8 (D = \ROWS[0].COLS[2].pe_inst.product_comb, Q = \ROWS[0].COLS[2].pe_inst.product_reg).
Adding EN signal on $flatten\ROWS[0].COLS[2].pe_inst.$procdff$911 ($adff) from module systolic_array_8x8 (D = \ROWS[0].COLS[2].pe_inst.psum_accum_reg, Q = \ROWS[0].COLS[2].pe_inst.psum_out).
Adding EN signal on $flatten\ROWS[0].COLS[1].pe_inst.$procdff$936 ($adff) from module systolic_array_8x8 (D = \ROWS[0].COLS[0].pe_inst.data_out, Q = \ROWS[0].COLS[1].pe_inst.W_local_reg).
Adding EN signal on $flatten\ROWS[0].COLS[1].pe_inst.$procdff$931 ($adff) from module systolic_array_8x8 (D = \ROWS[0].COLS[0].pe_inst.data_out, Q = \ROWS[0].COLS[1].pe_inst.data_out).
Adding EN signal on $flatten\ROWS[0].COLS[1].pe_inst.$procdff$926 ($adff) from module systolic_array_8x8 (D = $flatten\ROWS[0].COLS[1].pe_inst.$add$/home/safan/Accelarray/src/SystolicArray/PE.v:55$26_Y, Q = \ROWS[0].COLS[1].pe_inst.psum_accum_reg).
Adding EN signal on $flatten\ROWS[0].COLS[1].pe_inst.$procdff$921 ($adff) from module systolic_array_8x8 (D = 0, Q = \ROWS[0].COLS[1].pe_inst.psum_in_reg).
Adding EN signal on $flatten\ROWS[0].COLS[1].pe_inst.$procdff$916 ($adff) from module systolic_array_8x8 (D = \ROWS[0].COLS[1].pe_inst.product_comb, Q = \ROWS[0].COLS[1].pe_inst.product_reg).
Adding EN signal on $flatten\ROWS[0].COLS[1].pe_inst.$procdff$911 ($adff) from module systolic_array_8x8 (D = \ROWS[0].COLS[1].pe_inst.psum_accum_reg, Q = \ROWS[0].COLS[1].pe_inst.psum_out).
Adding EN signal on $flatten\ROWS[0].COLS[0].pe_inst.$procdff$936 ($adff) from module systolic_array_8x8 (D = \row_in_0, Q = \ROWS[0].COLS[0].pe_inst.W_local_reg).
Adding EN signal on $flatten\ROWS[0].COLS[0].pe_inst.$procdff$931 ($adff) from module systolic_array_8x8 (D = \row_in_0, Q = \ROWS[0].COLS[0].pe_inst.data_out).
Adding EN signal on $flatten\ROWS[0].COLS[0].pe_inst.$procdff$926 ($adff) from module systolic_array_8x8 (D = $flatten\ROWS[0].COLS[0].pe_inst.$add$/home/safan/Accelarray/src/SystolicArray/PE.v:55$26_Y, Q = \ROWS[0].COLS[0].pe_inst.psum_accum_reg).
Adding EN signal on $flatten\ROWS[0].COLS[0].pe_inst.$procdff$921 ($adff) from module systolic_array_8x8 (D = 0, Q = \ROWS[0].COLS[0].pe_inst.psum_in_reg).
Adding EN signal on $flatten\ROWS[0].COLS[0].pe_inst.$procdff$916 ($adff) from module systolic_array_8x8 (D = \ROWS[0].COLS[0].pe_inst.product_comb, Q = \ROWS[0].COLS[0].pe_inst.product_reg).
Adding EN signal on $flatten\ROWS[0].COLS[0].pe_inst.$procdff$911 ($adff) from module systolic_array_8x8 (D = \ROWS[0].COLS[0].pe_inst.psum_accum_reg, Q = \ROWS[0].COLS[0].pe_inst.psum_out).
Setting constant 0-bit at position 0 on $auto$ff.cc:266:slice$2047 ($adffe) from module systolic_array_8x8.
Setting constant 0-bit at position 1 on $auto$ff.cc:266:slice$2047 ($adffe) from module systolic_array_8x8.
Setting constant 0-bit at position 2 on $auto$ff.cc:266:slice$2047 ($adffe) from module systolic_array_8x8.
Setting constant 0-bit at position 3 on $auto$ff.cc:266:slice$2047 ($adffe) from module systolic_array_8x8.
Setting constant 0-bit at position 4 on $auto$ff.cc:266:slice$2047 ($adffe) from module systolic_array_8x8.
Setting constant 0-bit at position 5 on $auto$ff.cc:266:slice$2047 ($adffe) from module systolic_array_8x8.
Setting constant 0-bit at position 6 on $auto$ff.cc:266:slice$2047 ($adffe) from module systolic_array_8x8.
Setting constant 0-bit at position 7 on $auto$ff.cc:266:slice$2047 ($adffe) from module systolic_array_8x8.
Setting constant 0-bit at position 8 on $auto$ff.cc:266:slice$2047 ($adffe) from module systolic_array_8x8.
Setting constant 0-bit at position 9 on $auto$ff.cc:266:slice$2047 ($adffe) from module systolic_array_8x8.
Setting constant 0-bit at position 10 on $auto$ff.cc:266:slice$2047 ($adffe) from module systolic_array_8x8.
Setting constant 0-bit at position 11 on $auto$ff.cc:266:slice$2047 ($adffe) from module systolic_array_8x8.
Setting constant 0-bit at position 12 on $auto$ff.cc:266:slice$2047 ($adffe) from module systolic_array_8x8.
Setting constant 0-bit at position 13 on $auto$ff.cc:266:slice$2047 ($adffe) from module systolic_array_8x8.
Setting constant 0-bit at position 14 on $auto$ff.cc:266:slice$2047 ($adffe) from module systolic_array_8x8.
Setting constant 0-bit at position 15 on $auto$ff.cc:266:slice$2047 ($adffe) from module systolic_array_8x8.
Setting constant 0-bit at position 16 on $auto$ff.cc:266:slice$2047 ($adffe) from module systolic_array_8x8.
Setting constant 0-bit at position 17 on $auto$ff.cc:266:slice$2047 ($adffe) from module systolic_array_8x8.
Setting constant 0-bit at position 18 on $auto$ff.cc:266:slice$2047 ($adffe) from module systolic_array_8x8.
Setting constant 0-bit at position 19 on $auto$ff.cc:266:slice$2047 ($adffe) from module systolic_array_8x8.
Setting constant 0-bit at position 20 on $auto$ff.cc:266:slice$2047 ($adffe) from module systolic_array_8x8.
Setting constant 0-bit at position 21 on $auto$ff.cc:266:slice$2047 ($adffe) from module systolic_array_8x8.
Setting constant 0-bit at position 22 on $auto$ff.cc:266:slice$2047 ($adffe) from module systolic_array_8x8.
Setting constant 0-bit at position 23 on $auto$ff.cc:266:slice$2047 ($adffe) from module systolic_array_8x8.
Setting constant 0-bit at position 24 on $auto$ff.cc:266:slice$2047 ($adffe) from module systolic_array_8x8.
Setting constant 0-bit at position 25 on $auto$ff.cc:266:slice$2047 ($adffe) from module systolic_array_8x8.
Setting constant 0-bit at position 26 on $auto$ff.cc:266:slice$2047 ($adffe) from module systolic_array_8x8.
Setting constant 0-bit at position 27 on $auto$ff.cc:266:slice$2047 ($adffe) from module systolic_array_8x8.
Setting constant 0-bit at position 28 on $auto$ff.cc:266:slice$2047 ($adffe) from module systolic_array_8x8.
Setting constant 0-bit at position 29 on $auto$ff.cc:266:slice$2047 ($adffe) from module systolic_array_8x8.
Setting constant 0-bit at position 30 on $auto$ff.cc:266:slice$2047 ($adffe) from module systolic_array_8x8.
Setting constant 0-bit at position 31 on $auto$ff.cc:266:slice$2047 ($adffe) from module systolic_array_8x8.
Setting constant 0-bit at position 0 on $auto$ff.cc:266:slice$2031 ($adffe) from module systolic_array_8x8.
Setting constant 0-bit at position 1 on $auto$ff.cc:266:slice$2031 ($adffe) from module systolic_array_8x8.
Setting constant 0-bit at position 2 on $auto$ff.cc:266:slice$2031 ($adffe) from module systolic_array_8x8.
Setting constant 0-bit at position 3 on $auto$ff.cc:266:slice$2031 ($adffe) from module systolic_array_8x8.
Setting constant 0-bit at position 4 on $auto$ff.cc:266:slice$2031 ($adffe) from module systolic_array_8x8.
Setting constant 0-bit at position 5 on $auto$ff.cc:266:slice$2031 ($adffe) from module systolic_array_8x8.
Setting constant 0-bit at position 6 on $auto$ff.cc:266:slice$2031 ($adffe) from module systolic_array_8x8.
Setting constant 0-bit at position 7 on $auto$ff.cc:266:slice$2031 ($adffe) from module systolic_array_8x8.
Setting constant 0-bit at position 8 on $auto$ff.cc:266:slice$2031 ($adffe) from module systolic_array_8x8.
Setting constant 0-bit at position 9 on $auto$ff.cc:266:slice$2031 ($adffe) from module systolic_array_8x8.
Setting constant 0-bit at position 10 on $auto$ff.cc:266:slice$2031 ($adffe) from module systolic_array_8x8.
Setting constant 0-bit at position 11 on $auto$ff.cc:266:slice$2031 ($adffe) from module systolic_array_8x8.
Setting constant 0-bit at position 12 on $auto$ff.cc:266:slice$2031 ($adffe) from module systolic_array_8x8.
Setting constant 0-bit at position 13 on $auto$ff.cc:266:slice$2031 ($adffe) from module systolic_array_8x8.
Setting constant 0-bit at position 14 on $auto$ff.cc:266:slice$2031 ($adffe) from module systolic_array_8x8.
Setting constant 0-bit at position 15 on $auto$ff.cc:266:slice$2031 ($adffe) from module systolic_array_8x8.
Setting constant 0-bit at position 16 on $auto$ff.cc:266:slice$2031 ($adffe) from module systolic_array_8x8.
Setting constant 0-bit at position 17 on $auto$ff.cc:266:slice$2031 ($adffe) from module systolic_array_8x8.
Setting constant 0-bit at position 18 on $auto$ff.cc:266:slice$2031 ($adffe) from module systolic_array_8x8.
Setting constant 0-bit at position 19 on $auto$ff.cc:266:slice$2031 ($adffe) from module systolic_array_8x8.
Setting constant 0-bit at position 20 on $auto$ff.cc:266:slice$2031 ($adffe) from module systolic_array_8x8.
Setting constant 0-bit at position 21 on $auto$ff.cc:266:slice$2031 ($adffe) from module systolic_array_8x8.
Setting constant 0-bit at position 22 on $auto$ff.cc:266:slice$2031 ($adffe) from module systolic_array_8x8.
Setting constant 0-bit at position 23 on $auto$ff.cc:266:slice$2031 ($adffe) from module systolic_array_8x8.
Setting constant 0-bit at position 24 on $auto$ff.cc:266:slice$2031 ($adffe) from module systolic_array_8x8.
Setting constant 0-bit at position 25 on $auto$ff.cc:266:slice$2031 ($adffe) from module systolic_array_8x8.
Setting constant 0-bit at position 26 on $auto$ff.cc:266:slice$2031 ($adffe) from module systolic_array_8x8.
Setting constant 0-bit at position 27 on $auto$ff.cc:266:slice$2031 ($adffe) from module systolic_array_8x8.
Setting constant 0-bit at position 28 on $auto$ff.cc:266:slice$2031 ($adffe) from module systolic_array_8x8.
Setting constant 0-bit at position 29 on $auto$ff.cc:266:slice$2031 ($adffe) from module systolic_array_8x8.
Setting constant 0-bit at position 30 on $auto$ff.cc:266:slice$2031 ($adffe) from module systolic_array_8x8.
Setting constant 0-bit at position 31 on $auto$ff.cc:266:slice$2031 ($adffe) from module systolic_array_8x8.
Setting constant 0-bit at position 0 on $auto$ff.cc:266:slice$2015 ($adffe) from module systolic_array_8x8.
Setting constant 0-bit at position 1 on $auto$ff.cc:266:slice$2015 ($adffe) from module systolic_array_8x8.
Setting constant 0-bit at position 2 on $auto$ff.cc:266:slice$2015 ($adffe) from module systolic_array_8x8.
Setting constant 0-bit at position 3 on $auto$ff.cc:266:slice$2015 ($adffe) from module systolic_array_8x8.
Setting constant 0-bit at position 4 on $auto$ff.cc:266:slice$2015 ($adffe) from module systolic_array_8x8.
Setting constant 0-bit at position 5 on $auto$ff.cc:266:slice$2015 ($adffe) from module systolic_array_8x8.
Setting constant 0-bit at position 6 on $auto$ff.cc:266:slice$2015 ($adffe) from module systolic_array_8x8.
Setting constant 0-bit at position 7 on $auto$ff.cc:266:slice$2015 ($adffe) from module systolic_array_8x8.
Setting constant 0-bit at position 8 on $auto$ff.cc:266:slice$2015 ($adffe) from module systolic_array_8x8.
Setting constant 0-bit at position 9 on $auto$ff.cc:266:slice$2015 ($adffe) from module systolic_array_8x8.
Setting constant 0-bit at position 10 on $auto$ff.cc:266:slice$2015 ($adffe) from module systolic_array_8x8.
Setting constant 0-bit at position 11 on $auto$ff.cc:266:slice$2015 ($adffe) from module systolic_array_8x8.
Setting constant 0-bit at position 12 on $auto$ff.cc:266:slice$2015 ($adffe) from module systolic_array_8x8.
Setting constant 0-bit at position 13 on $auto$ff.cc:266:slice$2015 ($adffe) from module systolic_array_8x8.
Setting constant 0-bit at position 14 on $auto$ff.cc:266:slice$2015 ($adffe) from module systolic_array_8x8.
Setting constant 0-bit at position 15 on $auto$ff.cc:266:slice$2015 ($adffe) from module systolic_array_8x8.
Setting constant 0-bit at position 16 on $auto$ff.cc:266:slice$2015 ($adffe) from module systolic_array_8x8.
Setting constant 0-bit at position 17 on $auto$ff.cc:266:slice$2015 ($adffe) from module systolic_array_8x8.
Setting constant 0-bit at position 18 on $auto$ff.cc:266:slice$2015 ($adffe) from module systolic_array_8x8.
Setting constant 0-bit at position 19 on $auto$ff.cc:266:slice$2015 ($adffe) from module systolic_array_8x8.
Setting constant 0-bit at position 20 on $auto$ff.cc:266:slice$2015 ($adffe) from module systolic_array_8x8.
Setting constant 0-bit at position 21 on $auto$ff.cc:266:slice$2015 ($adffe) from module systolic_array_8x8.
Setting constant 0-bit at position 22 on $auto$ff.cc:266:slice$2015 ($adffe) from module systolic_array_8x8.
Setting constant 0-bit at position 23 on $auto$ff.cc:266:slice$2015 ($adffe) from module systolic_array_8x8.
Setting constant 0-bit at position 24 on $auto$ff.cc:266:slice$2015 ($adffe) from module systolic_array_8x8.
Setting constant 0-bit at position 25 on $auto$ff.cc:266:slice$2015 ($adffe) from module systolic_array_8x8.
Setting constant 0-bit at position 26 on $auto$ff.cc:266:slice$2015 ($adffe) from module systolic_array_8x8.
Setting constant 0-bit at position 27 on $auto$ff.cc:266:slice$2015 ($adffe) from module systolic_array_8x8.
Setting constant 0-bit at position 28 on $auto$ff.cc:266:slice$2015 ($adffe) from module systolic_array_8x8.
Setting constant 0-bit at position 29 on $auto$ff.cc:266:slice$2015 ($adffe) from module systolic_array_8x8.
Setting constant 0-bit at position 30 on $auto$ff.cc:266:slice$2015 ($adffe) from module systolic_array_8x8.
Setting constant 0-bit at position 31 on $auto$ff.cc:266:slice$2015 ($adffe) from module systolic_array_8x8.
Setting constant 0-bit at position 0 on $auto$ff.cc:266:slice$1999 ($adffe) from module systolic_array_8x8.
Setting constant 0-bit at position 1 on $auto$ff.cc:266:slice$1999 ($adffe) from module systolic_array_8x8.
Setting constant 0-bit at position 2 on $auto$ff.cc:266:slice$1999 ($adffe) from module systolic_array_8x8.
Setting constant 0-bit at position 3 on $auto$ff.cc:266:slice$1999 ($adffe) from module systolic_array_8x8.
Setting constant 0-bit at position 4 on $auto$ff.cc:266:slice$1999 ($adffe) from module systolic_array_8x8.
Setting constant 0-bit at position 5 on $auto$ff.cc:266:slice$1999 ($adffe) from module systolic_array_8x8.
Setting constant 0-bit at position 6 on $auto$ff.cc:266:slice$1999 ($adffe) from module systolic_array_8x8.
Setting constant 0-bit at position 7 on $auto$ff.cc:266:slice$1999 ($adffe) from module systolic_array_8x8.
Setting constant 0-bit at position 8 on $auto$ff.cc:266:slice$1999 ($adffe) from module systolic_array_8x8.
Setting constant 0-bit at position 9 on $auto$ff.cc:266:slice$1999 ($adffe) from module systolic_array_8x8.
Setting constant 0-bit at position 10 on $auto$ff.cc:266:slice$1999 ($adffe) from module systolic_array_8x8.
Setting constant 0-bit at position 11 on $auto$ff.cc:266:slice$1999 ($adffe) from module systolic_array_8x8.
Setting constant 0-bit at position 12 on $auto$ff.cc:266:slice$1999 ($adffe) from module systolic_array_8x8.
Setting constant 0-bit at position 13 on $auto$ff.cc:266:slice$1999 ($adffe) from module systolic_array_8x8.
Setting constant 0-bit at position 14 on $auto$ff.cc:266:slice$1999 ($adffe) from module systolic_array_8x8.
Setting constant 0-bit at position 15 on $auto$ff.cc:266:slice$1999 ($adffe) from module systolic_array_8x8.
Setting constant 0-bit at position 16 on $auto$ff.cc:266:slice$1999 ($adffe) from module systolic_array_8x8.
Setting constant 0-bit at position 17 on $auto$ff.cc:266:slice$1999 ($adffe) from module systolic_array_8x8.
Setting constant 0-bit at position 18 on $auto$ff.cc:266:slice$1999 ($adffe) from module systolic_array_8x8.
Setting constant 0-bit at position 19 on $auto$ff.cc:266:slice$1999 ($adffe) from module systolic_array_8x8.
Setting constant 0-bit at position 20 on $auto$ff.cc:266:slice$1999 ($adffe) from module systolic_array_8x8.
Setting constant 0-bit at position 21 on $auto$ff.cc:266:slice$1999 ($adffe) from module systolic_array_8x8.
Setting constant 0-bit at position 22 on $auto$ff.cc:266:slice$1999 ($adffe) from module systolic_array_8x8.
Setting constant 0-bit at position 23 on $auto$ff.cc:266:slice$1999 ($adffe) from module systolic_array_8x8.
Setting constant 0-bit at position 24 on $auto$ff.cc:266:slice$1999 ($adffe) from module systolic_array_8x8.
Setting constant 0-bit at position 25 on $auto$ff.cc:266:slice$1999 ($adffe) from module systolic_array_8x8.
Setting constant 0-bit at position 26 on $auto$ff.cc:266:slice$1999 ($adffe) from module systolic_array_8x8.
Setting constant 0-bit at position 27 on $auto$ff.cc:266:slice$1999 ($adffe) from module systolic_array_8x8.
Setting constant 0-bit at position 28 on $auto$ff.cc:266:slice$1999 ($adffe) from module systolic_array_8x8.
Setting constant 0-bit at position 29 on $auto$ff.cc:266:slice$1999 ($adffe) from module systolic_array_8x8.
Setting constant 0-bit at position 30 on $auto$ff.cc:266:slice$1999 ($adffe) from module systolic_array_8x8.
Setting constant 0-bit at position 31 on $auto$ff.cc:266:slice$1999 ($adffe) from module systolic_array_8x8.
Setting constant 0-bit at position 0 on $auto$ff.cc:266:slice$1983 ($adffe) from module systolic_array_8x8.
Setting constant 0-bit at position 1 on $auto$ff.cc:266:slice$1983 ($adffe) from module systolic_array_8x8.
Setting constant 0-bit at position 2 on $auto$ff.cc:266:slice$1983 ($adffe) from module systolic_array_8x8.
Setting constant 0-bit at position 3 on $auto$ff.cc:266:slice$1983 ($adffe) from module systolic_array_8x8.
Setting constant 0-bit at position 4 on $auto$ff.cc:266:slice$1983 ($adffe) from module systolic_array_8x8.
Setting constant 0-bit at position 5 on $auto$ff.cc:266:slice$1983 ($adffe) from module systolic_array_8x8.
Setting constant 0-bit at position 6 on $auto$ff.cc:266:slice$1983 ($adffe) from module systolic_array_8x8.
Setting constant 0-bit at position 7 on $auto$ff.cc:266:slice$1983 ($adffe) from module systolic_array_8x8.
Setting constant 0-bit at position 8 on $auto$ff.cc:266:slice$1983 ($adffe) from module systolic_array_8x8.
Setting constant 0-bit at position 9 on $auto$ff.cc:266:slice$1983 ($adffe) from module systolic_array_8x8.
Setting constant 0-bit at position 10 on $auto$ff.cc:266:slice$1983 ($adffe) from module systolic_array_8x8.
Setting constant 0-bit at position 11 on $auto$ff.cc:266:slice$1983 ($adffe) from module systolic_array_8x8.
Setting constant 0-bit at position 12 on $auto$ff.cc:266:slice$1983 ($adffe) from module systolic_array_8x8.
Setting constant 0-bit at position 13 on $auto$ff.cc:266:slice$1983 ($adffe) from module systolic_array_8x8.
Setting constant 0-bit at position 14 on $auto$ff.cc:266:slice$1983 ($adffe) from module systolic_array_8x8.
Setting constant 0-bit at position 15 on $auto$ff.cc:266:slice$1983 ($adffe) from module systolic_array_8x8.
Setting constant 0-bit at position 16 on $auto$ff.cc:266:slice$1983 ($adffe) from module systolic_array_8x8.
Setting constant 0-bit at position 17 on $auto$ff.cc:266:slice$1983 ($adffe) from module systolic_array_8x8.
Setting constant 0-bit at position 18 on $auto$ff.cc:266:slice$1983 ($adffe) from module systolic_array_8x8.
Setting constant 0-bit at position 19 on $auto$ff.cc:266:slice$1983 ($adffe) from module systolic_array_8x8.
Setting constant 0-bit at position 20 on $auto$ff.cc:266:slice$1983 ($adffe) from module systolic_array_8x8.
Setting constant 0-bit at position 21 on $auto$ff.cc:266:slice$1983 ($adffe) from module systolic_array_8x8.
Setting constant 0-bit at position 22 on $auto$ff.cc:266:slice$1983 ($adffe) from module systolic_array_8x8.
Setting constant 0-bit at position 23 on $auto$ff.cc:266:slice$1983 ($adffe) from module systolic_array_8x8.
Setting constant 0-bit at position 24 on $auto$ff.cc:266:slice$1983 ($adffe) from module systolic_array_8x8.
Setting constant 0-bit at position 25 on $auto$ff.cc:266:slice$1983 ($adffe) from module systolic_array_8x8.
Setting constant 0-bit at position 26 on $auto$ff.cc:266:slice$1983 ($adffe) from module systolic_array_8x8.
Setting constant 0-bit at position 27 on $auto$ff.cc:266:slice$1983 ($adffe) from module systolic_array_8x8.
Setting constant 0-bit at position 28 on $auto$ff.cc:266:slice$1983 ($adffe) from module systolic_array_8x8.
Setting constant 0-bit at position 29 on $auto$ff.cc:266:slice$1983 ($adffe) from module systolic_array_8x8.
Setting constant 0-bit at position 30 on $auto$ff.cc:266:slice$1983 ($adffe) from module systolic_array_8x8.
Setting constant 0-bit at position 31 on $auto$ff.cc:266:slice$1983 ($adffe) from module systolic_array_8x8.
Setting constant 0-bit at position 0 on $auto$ff.cc:266:slice$1967 ($adffe) from module systolic_array_8x8.
Setting constant 0-bit at position 1 on $auto$ff.cc:266:slice$1967 ($adffe) from module systolic_array_8x8.
Setting constant 0-bit at position 2 on $auto$ff.cc:266:slice$1967 ($adffe) from module systolic_array_8x8.
Setting constant 0-bit at position 3 on $auto$ff.cc:266:slice$1967 ($adffe) from module systolic_array_8x8.
Setting constant 0-bit at position 4 on $auto$ff.cc:266:slice$1967 ($adffe) from module systolic_array_8x8.
Setting constant 0-bit at position 5 on $auto$ff.cc:266:slice$1967 ($adffe) from module systolic_array_8x8.
Setting constant 0-bit at position 6 on $auto$ff.cc:266:slice$1967 ($adffe) from module systolic_array_8x8.
Setting constant 0-bit at position 7 on $auto$ff.cc:266:slice$1967 ($adffe) from module systolic_array_8x8.
Setting constant 0-bit at position 8 on $auto$ff.cc:266:slice$1967 ($adffe) from module systolic_array_8x8.
Setting constant 0-bit at position 9 on $auto$ff.cc:266:slice$1967 ($adffe) from module systolic_array_8x8.
Setting constant 0-bit at position 10 on $auto$ff.cc:266:slice$1967 ($adffe) from module systolic_array_8x8.
Setting constant 0-bit at position 11 on $auto$ff.cc:266:slice$1967 ($adffe) from module systolic_array_8x8.
Setting constant 0-bit at position 12 on $auto$ff.cc:266:slice$1967 ($adffe) from module systolic_array_8x8.
Setting constant 0-bit at position 13 on $auto$ff.cc:266:slice$1967 ($adffe) from module systolic_array_8x8.
Setting constant 0-bit at position 14 on $auto$ff.cc:266:slice$1967 ($adffe) from module systolic_array_8x8.
Setting constant 0-bit at position 15 on $auto$ff.cc:266:slice$1967 ($adffe) from module systolic_array_8x8.
Setting constant 0-bit at position 16 on $auto$ff.cc:266:slice$1967 ($adffe) from module systolic_array_8x8.
Setting constant 0-bit at position 17 on $auto$ff.cc:266:slice$1967 ($adffe) from module systolic_array_8x8.
Setting constant 0-bit at position 18 on $auto$ff.cc:266:slice$1967 ($adffe) from module systolic_array_8x8.
Setting constant 0-bit at position 19 on $auto$ff.cc:266:slice$1967 ($adffe) from module systolic_array_8x8.
Setting constant 0-bit at position 20 on $auto$ff.cc:266:slice$1967 ($adffe) from module systolic_array_8x8.
Setting constant 0-bit at position 21 on $auto$ff.cc:266:slice$1967 ($adffe) from module systolic_array_8x8.
Setting constant 0-bit at position 22 on $auto$ff.cc:266:slice$1967 ($adffe) from module systolic_array_8x8.
Setting constant 0-bit at position 23 on $auto$ff.cc:266:slice$1967 ($adffe) from module systolic_array_8x8.
Setting constant 0-bit at position 24 on $auto$ff.cc:266:slice$1967 ($adffe) from module systolic_array_8x8.
Setting constant 0-bit at position 25 on $auto$ff.cc:266:slice$1967 ($adffe) from module systolic_array_8x8.
Setting constant 0-bit at position 26 on $auto$ff.cc:266:slice$1967 ($adffe) from module systolic_array_8x8.
Setting constant 0-bit at position 27 on $auto$ff.cc:266:slice$1967 ($adffe) from module systolic_array_8x8.
Setting constant 0-bit at position 28 on $auto$ff.cc:266:slice$1967 ($adffe) from module systolic_array_8x8.
Setting constant 0-bit at position 29 on $auto$ff.cc:266:slice$1967 ($adffe) from module systolic_array_8x8.
Setting constant 0-bit at position 30 on $auto$ff.cc:266:slice$1967 ($adffe) from module systolic_array_8x8.
Setting constant 0-bit at position 31 on $auto$ff.cc:266:slice$1967 ($adffe) from module systolic_array_8x8.
Setting constant 0-bit at position 0 on $auto$ff.cc:266:slice$1951 ($adffe) from module systolic_array_8x8.
Setting constant 0-bit at position 1 on $auto$ff.cc:266:slice$1951 ($adffe) from module systolic_array_8x8.
Setting constant 0-bit at position 2 on $auto$ff.cc:266:slice$1951 ($adffe) from module systolic_array_8x8.
Setting constant 0-bit at position 3 on $auto$ff.cc:266:slice$1951 ($adffe) from module systolic_array_8x8.
Setting constant 0-bit at position 4 on $auto$ff.cc:266:slice$1951 ($adffe) from module systolic_array_8x8.
Setting constant 0-bit at position 5 on $auto$ff.cc:266:slice$1951 ($adffe) from module systolic_array_8x8.
Setting constant 0-bit at position 6 on $auto$ff.cc:266:slice$1951 ($adffe) from module systolic_array_8x8.
Setting constant 0-bit at position 7 on $auto$ff.cc:266:slice$1951 ($adffe) from module systolic_array_8x8.
Setting constant 0-bit at position 8 on $auto$ff.cc:266:slice$1951 ($adffe) from module systolic_array_8x8.
Setting constant 0-bit at position 9 on $auto$ff.cc:266:slice$1951 ($adffe) from module systolic_array_8x8.
Setting constant 0-bit at position 10 on $auto$ff.cc:266:slice$1951 ($adffe) from module systolic_array_8x8.
Setting constant 0-bit at position 11 on $auto$ff.cc:266:slice$1951 ($adffe) from module systolic_array_8x8.
Setting constant 0-bit at position 12 on $auto$ff.cc:266:slice$1951 ($adffe) from module systolic_array_8x8.
Setting constant 0-bit at position 13 on $auto$ff.cc:266:slice$1951 ($adffe) from module systolic_array_8x8.
Setting constant 0-bit at position 14 on $auto$ff.cc:266:slice$1951 ($adffe) from module systolic_array_8x8.
Setting constant 0-bit at position 15 on $auto$ff.cc:266:slice$1951 ($adffe) from module systolic_array_8x8.
Setting constant 0-bit at position 16 on $auto$ff.cc:266:slice$1951 ($adffe) from module systolic_array_8x8.
Setting constant 0-bit at position 17 on $auto$ff.cc:266:slice$1951 ($adffe) from module systolic_array_8x8.
Setting constant 0-bit at position 18 on $auto$ff.cc:266:slice$1951 ($adffe) from module systolic_array_8x8.
Setting constant 0-bit at position 19 on $auto$ff.cc:266:slice$1951 ($adffe) from module systolic_array_8x8.
Setting constant 0-bit at position 20 on $auto$ff.cc:266:slice$1951 ($adffe) from module systolic_array_8x8.
Setting constant 0-bit at position 21 on $auto$ff.cc:266:slice$1951 ($adffe) from module systolic_array_8x8.
Setting constant 0-bit at position 22 on $auto$ff.cc:266:slice$1951 ($adffe) from module systolic_array_8x8.
Setting constant 0-bit at position 23 on $auto$ff.cc:266:slice$1951 ($adffe) from module systolic_array_8x8.
Setting constant 0-bit at position 24 on $auto$ff.cc:266:slice$1951 ($adffe) from module systolic_array_8x8.
Setting constant 0-bit at position 25 on $auto$ff.cc:266:slice$1951 ($adffe) from module systolic_array_8x8.
Setting constant 0-bit at position 26 on $auto$ff.cc:266:slice$1951 ($adffe) from module systolic_array_8x8.
Setting constant 0-bit at position 27 on $auto$ff.cc:266:slice$1951 ($adffe) from module systolic_array_8x8.
Setting constant 0-bit at position 28 on $auto$ff.cc:266:slice$1951 ($adffe) from module systolic_array_8x8.
Setting constant 0-bit at position 29 on $auto$ff.cc:266:slice$1951 ($adffe) from module systolic_array_8x8.
Setting constant 0-bit at position 30 on $auto$ff.cc:266:slice$1951 ($adffe) from module systolic_array_8x8.
Setting constant 0-bit at position 31 on $auto$ff.cc:266:slice$1951 ($adffe) from module systolic_array_8x8.
Setting constant 0-bit at position 0 on $auto$ff.cc:266:slice$1935 ($adffe) from module systolic_array_8x8.
Setting constant 0-bit at position 1 on $auto$ff.cc:266:slice$1935 ($adffe) from module systolic_array_8x8.
Setting constant 0-bit at position 2 on $auto$ff.cc:266:slice$1935 ($adffe) from module systolic_array_8x8.
Setting constant 0-bit at position 3 on $auto$ff.cc:266:slice$1935 ($adffe) from module systolic_array_8x8.
Setting constant 0-bit at position 4 on $auto$ff.cc:266:slice$1935 ($adffe) from module systolic_array_8x8.
Setting constant 0-bit at position 5 on $auto$ff.cc:266:slice$1935 ($adffe) from module systolic_array_8x8.
Setting constant 0-bit at position 6 on $auto$ff.cc:266:slice$1935 ($adffe) from module systolic_array_8x8.
Setting constant 0-bit at position 7 on $auto$ff.cc:266:slice$1935 ($adffe) from module systolic_array_8x8.
Setting constant 0-bit at position 8 on $auto$ff.cc:266:slice$1935 ($adffe) from module systolic_array_8x8.
Setting constant 0-bit at position 9 on $auto$ff.cc:266:slice$1935 ($adffe) from module systolic_array_8x8.
Setting constant 0-bit at position 10 on $auto$ff.cc:266:slice$1935 ($adffe) from module systolic_array_8x8.
Setting constant 0-bit at position 11 on $auto$ff.cc:266:slice$1935 ($adffe) from module systolic_array_8x8.
Setting constant 0-bit at position 12 on $auto$ff.cc:266:slice$1935 ($adffe) from module systolic_array_8x8.
Setting constant 0-bit at position 13 on $auto$ff.cc:266:slice$1935 ($adffe) from module systolic_array_8x8.
Setting constant 0-bit at position 14 on $auto$ff.cc:266:slice$1935 ($adffe) from module systolic_array_8x8.
Setting constant 0-bit at position 15 on $auto$ff.cc:266:slice$1935 ($adffe) from module systolic_array_8x8.
Setting constant 0-bit at position 16 on $auto$ff.cc:266:slice$1935 ($adffe) from module systolic_array_8x8.
Setting constant 0-bit at position 17 on $auto$ff.cc:266:slice$1935 ($adffe) from module systolic_array_8x8.
Setting constant 0-bit at position 18 on $auto$ff.cc:266:slice$1935 ($adffe) from module systolic_array_8x8.
Setting constant 0-bit at position 19 on $auto$ff.cc:266:slice$1935 ($adffe) from module systolic_array_8x8.
Setting constant 0-bit at position 20 on $auto$ff.cc:266:slice$1935 ($adffe) from module systolic_array_8x8.
Setting constant 0-bit at position 21 on $auto$ff.cc:266:slice$1935 ($adffe) from module systolic_array_8x8.
Setting constant 0-bit at position 22 on $auto$ff.cc:266:slice$1935 ($adffe) from module systolic_array_8x8.
Setting constant 0-bit at position 23 on $auto$ff.cc:266:slice$1935 ($adffe) from module systolic_array_8x8.
Setting constant 0-bit at position 24 on $auto$ff.cc:266:slice$1935 ($adffe) from module systolic_array_8x8.
Setting constant 0-bit at position 25 on $auto$ff.cc:266:slice$1935 ($adffe) from module systolic_array_8x8.
Setting constant 0-bit at position 26 on $auto$ff.cc:266:slice$1935 ($adffe) from module systolic_array_8x8.
Setting constant 0-bit at position 27 on $auto$ff.cc:266:slice$1935 ($adffe) from module systolic_array_8x8.
Setting constant 0-bit at position 28 on $auto$ff.cc:266:slice$1935 ($adffe) from module systolic_array_8x8.
Setting constant 0-bit at position 29 on $auto$ff.cc:266:slice$1935 ($adffe) from module systolic_array_8x8.
Setting constant 0-bit at position 30 on $auto$ff.cc:266:slice$1935 ($adffe) from module systolic_array_8x8.
Setting constant 0-bit at position 31 on $auto$ff.cc:266:slice$1935 ($adffe) from module systolic_array_8x8.

40. Executing OPT_CLEAN pass (remove unused cells and wires).
Finding unused cells or wires in module \systolic_array_8x8..
Removed 605 unused cells and 605 unused wires.
<suppressed ~606 debug messages>

41. Executing OPT_EXPR pass (perform const folding).
Optimizing module systolic_array_8x8.
<suppressed ~8 debug messages>

42. Rerunning OPT passes. (Maybe there is more to do…)

43. Executing OPT_MUXTREE pass (detect dead branches in mux trees).
Running muxtree optimizer on module \systolic_array_8x8..
  Creating internal representation of mux trees.
  No muxes found in this module.
Removed 0 multiplexer ports.

44. Executing OPT_REDUCE pass (consolidate $*mux and $reduce_* inputs).
  Optimizing cells in module \systolic_array_8x8.
Performed a total of 0 changes.

45. Executing OPT_MERGE pass (detect identical cells).
Finding identical cells in module `\systolic_array_8x8'.
<suppressed ~951 debug messages>
Removed a total of 317 cells.

46. Executing OPT_DFF pass (perform DFF optimizations).

47. Executing OPT_CLEAN pass (remove unused cells and wires).
Finding unused cells or wires in module \systolic_array_8x8..
Removed 0 unused cells and 325 unused wires.
<suppressed ~9 debug messages>

48. Executing OPT_EXPR pass (perform const folding).
Optimizing module systolic_array_8x8.

49. Rerunning OPT passes. (Maybe there is more to do…)

50. Executing OPT_MUXTREE pass (detect dead branches in mux trees).
Running muxtree optimizer on module \systolic_array_8x8..
  Creating internal representation of mux trees.
  No muxes found in this module.
Removed 0 multiplexer ports.

51. Executing OPT_REDUCE pass (consolidate $*mux and $reduce_* inputs).
  Optimizing cells in module \systolic_array_8x8.
Performed a total of 0 changes.

52. Executing OPT_MERGE pass (detect identical cells).
Finding identical cells in module `\systolic_array_8x8'.
Removed a total of 0 cells.

53. Executing OPT_DFF pass (perform DFF optimizations).
Setting constant 0-bit at position 16 on $auto$ff.cc:266:slice$1930 ($adffe) from module systolic_array_8x8.
Setting constant 0-bit at position 17 on $auto$ff.cc:266:slice$1930 ($adffe) from module systolic_array_8x8.
Setting constant 0-bit at position 18 on $auto$ff.cc:266:slice$1930 ($adffe) from module systolic_array_8x8.
Setting constant 0-bit at position 19 on $auto$ff.cc:266:slice$1930 ($adffe) from module systolic_array_8x8.
Setting constant 0-bit at position 20 on $auto$ff.cc:266:slice$1930 ($adffe) from module systolic_array_8x8.
Setting constant 0-bit at position 21 on $auto$ff.cc:266:slice$1930 ($adffe) from module systolic_array_8x8.
Setting constant 0-bit at position 22 on $auto$ff.cc:266:slice$1930 ($adffe) from module systolic_array_8x8.
Setting constant 0-bit at position 23 on $auto$ff.cc:266:slice$1930 ($adffe) from module systolic_array_8x8.
Setting constant 0-bit at position 24 on $auto$ff.cc:266:slice$1930 ($adffe) from module systolic_array_8x8.
Setting constant 0-bit at position 25 on $auto$ff.cc:266:slice$1930 ($adffe) from module systolic_array_8x8.
Setting constant 0-bit at position 26 on $auto$ff.cc:266:slice$1930 ($adffe) from module systolic_array_8x8.
Setting constant 0-bit at position 27 on $auto$ff.cc:266:slice$1930 ($adffe) from module systolic_array_8x8.
Setting constant 0-bit at position 28 on $auto$ff.cc:266:slice$1930 ($adffe) from module systolic_array_8x8.
Setting constant 0-bit at position 29 on $auto$ff.cc:266:slice$1930 ($adffe) from module systolic_array_8x8.
Setting constant 0-bit at position 30 on $auto$ff.cc:266:slice$1930 ($adffe) from module systolic_array_8x8.
Setting constant 0-bit at position 31 on $auto$ff.cc:266:slice$1930 ($adffe) from module systolic_array_8x8.
Setting constant 0-bit at position 16 on $auto$ff.cc:266:slice$1946 ($adffe) from module systolic_array_8x8.
Setting constant 0-bit at position 17 on $auto$ff.cc:266:slice$1946 ($adffe) from module systolic_array_8x8.
Setting constant 0-bit at position 18 on $auto$ff.cc:266:slice$1946 ($adffe) from module systolic_array_8x8.
Setting constant 0-bit at position 19 on $auto$ff.cc:266:slice$1946 ($adffe) from module systolic_array_8x8.
Setting constant 0-bit at position 20 on $auto$ff.cc:266:slice$1946 ($adffe) from module systolic_array_8x8.
Setting constant 0-bit at position 21 on $auto$ff.cc:266:slice$1946 ($adffe) from module systolic_array_8x8.
Setting constant 0-bit at position 22 on $auto$ff.cc:266:slice$1946 ($adffe) from module systolic_array_8x8.
Setting constant 0-bit at position 23 on $auto$ff.cc:266:slice$1946 ($adffe) from module systolic_array_8x8.
Setting constant 0-bit at position 24 on $auto$ff.cc:266:slice$1946 ($adffe) from module systolic_array_8x8.
Setting constant 0-bit at position 25 on $auto$ff.cc:266:slice$1946 ($adffe) from module systolic_array_8x8.
Setting constant 0-bit at position 26 on $auto$ff.cc:266:slice$1946 ($adffe) from module systolic_array_8x8.
Setting constant 0-bit at position 27 on $auto$ff.cc:266:slice$1946 ($adffe) from module systolic_array_8x8.
Setting constant 0-bit at position 28 on $auto$ff.cc:266:slice$1946 ($adffe) from module systolic_array_8x8.
Setting constant 0-bit at position 29 on $auto$ff.cc:266:slice$1946 ($adffe) from module systolic_array_8x8.
Setting constant 0-bit at position 30 on $auto$ff.cc:266:slice$1946 ($adffe) from module systolic_array_8x8.
Setting constant 0-bit at position 31 on $auto$ff.cc:266:slice$1946 ($adffe) from module systolic_array_8x8.
Setting constant 0-bit at position 16 on $auto$ff.cc:266:slice$1962 ($adffe) from module systolic_array_8x8.
Setting constant 0-bit at position 17 on $auto$ff.cc:266:slice$1962 ($adffe) from module systolic_array_8x8.
Setting constant 0-bit at position 18 on $auto$ff.cc:266:slice$1962 ($adffe) from module systolic_array_8x8.
Setting constant 0-bit at position 19 on $auto$ff.cc:266:slice$1962 ($adffe) from module systolic_array_8x8.
Setting constant 0-bit at position 20 on $auto$ff.cc:266:slice$1962 ($adffe) from module systolic_array_8x8.
Setting constant 0-bit at position 21 on $auto$ff.cc:266:slice$1962 ($adffe) from module systolic_array_8x8.
Setting constant 0-bit at position 22 on $auto$ff.cc:266:slice$1962 ($adffe) from module systolic_array_8x8.
Setting constant 0-bit at position 23 on $auto$ff.cc:266:slice$1962 ($adffe) from module systolic_array_8x8.
Setting constant 0-bit at position 24 on $auto$ff.cc:266:slice$1962 ($adffe) from module systolic_array_8x8.
Setting constant 0-bit at position 25 on $auto$ff.cc:266:slice$1962 ($adffe) from module systolic_array_8x8.
Setting constant 0-bit at position 26 on $auto$ff.cc:266:slice$1962 ($adffe) from module systolic_array_8x8.
Setting constant 0-bit at position 27 on $auto$ff.cc:266:slice$1962 ($adffe) from module systolic_array_8x8.
Setting constant 0-bit at position 28 on $auto$ff.cc:266:slice$1962 ($adffe) from module systolic_array_8x8.
Setting constant 0-bit at position 29 on $auto$ff.cc:266:slice$1962 ($adffe) from module systolic_array_8x8.
Setting constant 0-bit at position 30 on $auto$ff.cc:266:slice$1962 ($adffe) from module systolic_array_8x8.
Setting constant 0-bit at position 31 on $auto$ff.cc:266:slice$1962 ($adffe) from module systolic_array_8x8.
Setting constant 0-bit at position 16 on $auto$ff.cc:266:slice$1978 ($adffe) from module systolic_array_8x8.
Setting constant 0-bit at position 17 on $auto$ff.cc:266:slice$1978 ($adffe) from module systolic_array_8x8.
Setting constant 0-bit at position 18 on $auto$ff.cc:266:slice$1978 ($adffe) from module systolic_array_8x8.
Setting constant 0-bit at position 19 on $auto$ff.cc:266:slice$1978 ($adffe) from module systolic_array_8x8.
Setting constant 0-bit at position 20 on $auto$ff.cc:266:slice$1978 ($adffe) from module systolic_array_8x8.
Setting constant 0-bit at position 21 on $auto$ff.cc:266:slice$1978 ($adffe) from module systolic_array_8x8.
Setting constant 0-bit at position 22 on $auto$ff.cc:266:slice$1978 ($adffe) from module systolic_array_8x8.
Setting constant 0-bit at position 23 on $auto$ff.cc:266:slice$1978 ($adffe) from module systolic_array_8x8.
Setting constant 0-bit at position 24 on $auto$ff.cc:266:slice$1978 ($adffe) from module systolic_array_8x8.
Setting constant 0-bit at position 25 on $auto$ff.cc:266:slice$1978 ($adffe) from module systolic_array_8x8.
Setting constant 0-bit at position 26 on $auto$ff.cc:266:slice$1978 ($adffe) from module systolic_array_8x8.
Setting constant 0-bit at position 27 on $auto$ff.cc:266:slice$1978 ($adffe) from module systolic_array_8x8.
Setting constant 0-bit at position 28 on $auto$ff.cc:266:slice$1978 ($adffe) from module systolic_array_8x8.
Setting constant 0-bit at position 29 on $auto$ff.cc:266:slice$1978 ($adffe) from module systolic_array_8x8.
Setting constant 0-bit at position 30 on $auto$ff.cc:266:slice$1978 ($adffe) from module systolic_array_8x8.
Setting constant 0-bit at position 31 on $auto$ff.cc:266:slice$1978 ($adffe) from module systolic_array_8x8.
Setting constant 0-bit at position 16 on $auto$ff.cc:266:slice$1994 ($adffe) from module systolic_array_8x8.
Setting constant 0-bit at position 17 on $auto$ff.cc:266:slice$1994 ($adffe) from module systolic_array_8x8.
Setting constant 0-bit at position 18 on $auto$ff.cc:266:slice$1994 ($adffe) from module systolic_array_8x8.
Setting constant 0-bit at position 19 on $auto$ff.cc:266:slice$1994 ($adffe) from module systolic_array_8x8.
Setting constant 0-bit at position 20 on $auto$ff.cc:266:slice$1994 ($adffe) from module systolic_array_8x8.
Setting constant 0-bit at position 21 on $auto$ff.cc:266:slice$1994 ($adffe) from module systolic_array_8x8.
Setting constant 0-bit at position 22 on $auto$ff.cc:266:slice$1994 ($adffe) from module systolic_array_8x8.
Setting constant 0-bit at position 23 on $auto$ff.cc:266:slice$1994 ($adffe) from module systolic_array_8x8.
Setting constant 0-bit at position 24 on $auto$ff.cc:266:slice$1994 ($adffe) from module systolic_array_8x8.
Setting constant 0-bit at position 25 on $auto$ff.cc:266:slice$1994 ($adffe) from module systolic_array_8x8.
Setting constant 0-bit at position 26 on $auto$ff.cc:266:slice$1994 ($adffe) from module systolic_array_8x8.
Setting constant 0-bit at position 27 on $auto$ff.cc:266:slice$1994 ($adffe) from module systolic_array_8x8.
Setting constant 0-bit at position 28 on $auto$ff.cc:266:slice$1994 ($adffe) from module systolic_array_8x8.
Setting constant 0-bit at position 29 on $auto$ff.cc:266:slice$1994 ($adffe) from module systolic_array_8x8.
Setting constant 0-bit at position 30 on $auto$ff.cc:266:slice$1994 ($adffe) from module systolic_array_8x8.
Setting constant 0-bit at position 31 on $auto$ff.cc:266:slice$1994 ($adffe) from module systolic_array_8x8.
Setting constant 0-bit at position 16 on $auto$ff.cc:266:slice$2010 ($adffe) from module systolic_array_8x8.
Setting constant 0-bit at position 17 on $auto$ff.cc:266:slice$2010 ($adffe) from module systolic_array_8x8.
Setting constant 0-bit at position 18 on $auto$ff.cc:266:slice$2010 ($adffe) from module systolic_array_8x8.
Setting constant 0-bit at position 19 on $auto$ff.cc:266:slice$2010 ($adffe) from module systolic_array_8x8.
Setting constant 0-bit at position 20 on $auto$ff.cc:266:slice$2010 ($adffe) from module systolic_array_8x8.
Setting constant 0-bit at position 21 on $auto$ff.cc:266:slice$2010 ($adffe) from module systolic_array_8x8.
Setting constant 0-bit at position 22 on $auto$ff.cc:266:slice$2010 ($adffe) from module systolic_array_8x8.
Setting constant 0-bit at position 23 on $auto$ff.cc:266:slice$2010 ($adffe) from module systolic_array_8x8.
Setting constant 0-bit at position 24 on $auto$ff.cc:266:slice$2010 ($adffe) from module systolic_array_8x8.
Setting constant 0-bit at position 25 on $auto$ff.cc:266:slice$2010 ($adffe) from module systolic_array_8x8.
Setting constant 0-bit at position 26 on $auto$ff.cc:266:slice$2010 ($adffe) from module systolic_array_8x8.
Setting constant 0-bit at position 27 on $auto$ff.cc:266:slice$2010 ($adffe) from module systolic_array_8x8.
Setting constant 0-bit at position 28 on $auto$ff.cc:266:slice$2010 ($adffe) from module systolic_array_8x8.
Setting constant 0-bit at position 29 on $auto$ff.cc:266:slice$2010 ($adffe) from module systolic_array_8x8.
Setting constant 0-bit at position 30 on $auto$ff.cc:266:slice$2010 ($adffe) from module systolic_array_8x8.
Setting constant 0-bit at position 31 on $auto$ff.cc:266:slice$2010 ($adffe) from module systolic_array_8x8.
Setting constant 0-bit at position 16 on $auto$ff.cc:266:slice$2026 ($adffe) from module systolic_array_8x8.
Setting constant 0-bit at position 17 on $auto$ff.cc:266:slice$2026 ($adffe) from module systolic_array_8x8.
Setting constant 0-bit at position 18 on $auto$ff.cc:266:slice$2026 ($adffe) from module systolic_array_8x8.
Setting constant 0-bit at position 19 on $auto$ff.cc:266:slice$2026 ($adffe) from module systolic_array_8x8.
Setting constant 0-bit at position 20 on $auto$ff.cc:266:slice$2026 ($adffe) from module systolic_array_8x8.
Setting constant 0-bit at position 21 on $auto$ff.cc:266:slice$2026 ($adffe) from module systolic_array_8x8.
Setting constant 0-bit at position 22 on $auto$ff.cc:266:slice$2026 ($adffe) from module systolic_array_8x8.
Setting constant 0-bit at position 23 on $auto$ff.cc:266:slice$2026 ($adffe) from module systolic_array_8x8.
Setting constant 0-bit at position 24 on $auto$ff.cc:266:slice$2026 ($adffe) from module systolic_array_8x8.
Setting constant 0-bit at position 25 on $auto$ff.cc:266:slice$2026 ($adffe) from module systolic_array_8x8.
Setting constant 0-bit at position 26 on $auto$ff.cc:266:slice$2026 ($adffe) from module systolic_array_8x8.
Setting constant 0-bit at position 27 on $auto$ff.cc:266:slice$2026 ($adffe) from module systolic_array_8x8.
Setting constant 0-bit at position 28 on $auto$ff.cc:266:slice$2026 ($adffe) from module systolic_array_8x8.
Setting constant 0-bit at position 29 on $auto$ff.cc:266:slice$2026 ($adffe) from module systolic_array_8x8.
Setting constant 0-bit at position 30 on $auto$ff.cc:266:slice$2026 ($adffe) from module systolic_array_8x8.
Setting constant 0-bit at position 31 on $auto$ff.cc:266:slice$2026 ($adffe) from module systolic_array_8x8.
Setting constant 0-bit at position 16 on $auto$ff.cc:266:slice$2042 ($adffe) from module systolic_array_8x8.
Setting constant 0-bit at position 17 on $auto$ff.cc:266:slice$2042 ($adffe) from module systolic_array_8x8.
Setting constant 0-bit at position 18 on $auto$ff.cc:266:slice$2042 ($adffe) from module systolic_array_8x8.
Setting constant 0-bit at position 19 on $auto$ff.cc:266:slice$2042 ($adffe) from module systolic_array_8x8.
Setting constant 0-bit at position 20 on $auto$ff.cc:266:slice$2042 ($adffe) from module systolic_array_8x8.
Setting constant 0-bit at position 21 on $auto$ff.cc:266:slice$2042 ($adffe) from module systolic_array_8x8.
Setting constant 0-bit at position 22 on $auto$ff.cc:266:slice$2042 ($adffe) from module systolic_array_8x8.
Setting constant 0-bit at position 23 on $auto$ff.cc:266:slice$2042 ($adffe) from module systolic_array_8x8.
Setting constant 0-bit at position 24 on $auto$ff.cc:266:slice$2042 ($adffe) from module systolic_array_8x8.
Setting constant 0-bit at position 25 on $auto$ff.cc:266:slice$2042 ($adffe) from module systolic_array_8x8.
Setting constant 0-bit at position 26 on $auto$ff.cc:266:slice$2042 ($adffe) from module systolic_array_8x8.
Setting constant 0-bit at position 27 on $auto$ff.cc:266:slice$2042 ($adffe) from module systolic_array_8x8.
Setting constant 0-bit at position 28 on $auto$ff.cc:266:slice$2042 ($adffe) from module systolic_array_8x8.
Setting constant 0-bit at position 29 on $auto$ff.cc:266:slice$2042 ($adffe) from module systolic_array_8x8.
Setting constant 0-bit at position 30 on $auto$ff.cc:266:slice$2042 ($adffe) from module systolic_array_8x8.
Setting constant 0-bit at position 31 on $auto$ff.cc:266:slice$2042 ($adffe) from module systolic_array_8x8.

54. Executing OPT_CLEAN pass (remove unused cells and wires).
Finding unused cells or wires in module \systolic_array_8x8..

55. Executing OPT_EXPR pass (perform const folding).
Optimizing module systolic_array_8x8.

56. Rerunning OPT passes. (Maybe there is more to do…)

57. Executing OPT_MUXTREE pass (detect dead branches in mux trees).
Running muxtree optimizer on module \systolic_array_8x8..
  Creating internal representation of mux trees.
  No muxes found in this module.
Removed 0 multiplexer ports.

58. Executing OPT_REDUCE pass (consolidate $*mux and $reduce_* inputs).
  Optimizing cells in module \systolic_array_8x8.
Performed a total of 0 changes.

59. Executing OPT_MERGE pass (detect identical cells).
Finding identical cells in module `\systolic_array_8x8'.
Removed a total of 0 cells.

60. Executing OPT_DFF pass (perform DFF optimizations).
Setting constant 0-bit at position 16 on $auto$ff.cc:266:slice$1937 ($adffe) from module systolic_array_8x8.
Setting constant 0-bit at position 17 on $auto$ff.cc:266:slice$1937 ($adffe) from module systolic_array_8x8.
Setting constant 0-bit at position 18 on $auto$ff.cc:266:slice$1937 ($adffe) from module systolic_array_8x8.
Setting constant 0-bit at position 19 on $auto$ff.cc:266:slice$1937 ($adffe) from module systolic_array_8x8.
Setting constant 0-bit at position 20 on $auto$ff.cc:266:slice$1937 ($adffe) from module systolic_array_8x8.
Setting constant 0-bit at position 21 on $auto$ff.cc:266:slice$1937 ($adffe) from module systolic_array_8x8.
Setting constant 0-bit at position 22 on $auto$ff.cc:266:slice$1937 ($adffe) from module systolic_array_8x8.
Setting constant 0-bit at position 23 on $auto$ff.cc:266:slice$1937 ($adffe) from module systolic_array_8x8.
Setting constant 0-bit at position 24 on $auto$ff.cc:266:slice$1937 ($adffe) from module systolic_array_8x8.
Setting constant 0-bit at position 25 on $auto$ff.cc:266:slice$1937 ($adffe) from module systolic_array_8x8.
Setting constant 0-bit at position 26 on $auto$ff.cc:266:slice$1937 ($adffe) from module systolic_array_8x8.
Setting constant 0-bit at position 27 on $auto$ff.cc:266:slice$1937 ($adffe) from module systolic_array_8x8.
Setting constant 0-bit at position 28 on $auto$ff.cc:266:slice$1937 ($adffe) from module systolic_array_8x8.
Setting constant 0-bit at position 29 on $auto$ff.cc:266:slice$1937 ($adffe) from module systolic_array_8x8.
Setting constant 0-bit at position 30 on $auto$ff.cc:266:slice$1937 ($adffe) from module systolic_array_8x8.
Setting constant 0-bit at position 31 on $auto$ff.cc:266:slice$1937 ($adffe) from module systolic_array_8x8.
Setting constant 0-bit at position 16 on $auto$ff.cc:266:slice$1953 ($adffe) from module systolic_array_8x8.
Setting constant 0-bit at position 17 on $auto$ff.cc:266:slice$1953 ($adffe) from module systolic_array_8x8.
Setting constant 0-bit at position 18 on $auto$ff.cc:266:slice$1953 ($adffe) from module systolic_array_8x8.
Setting constant 0-bit at position 19 on $auto$ff.cc:266:slice$1953 ($adffe) from module systolic_array_8x8.
Setting constant 0-bit at position 20 on $auto$ff.cc:266:slice$1953 ($adffe) from module systolic_array_8x8.
Setting constant 0-bit at position 21 on $auto$ff.cc:266:slice$1953 ($adffe) from module systolic_array_8x8.
Setting constant 0-bit at position 22 on $auto$ff.cc:266:slice$1953 ($adffe) from module systolic_array_8x8.
Setting constant 0-bit at position 23 on $auto$ff.cc:266:slice$1953 ($adffe) from module systolic_array_8x8.
Setting constant 0-bit at position 24 on $auto$ff.cc:266:slice$1953 ($adffe) from module systolic_array_8x8.
Setting constant 0-bit at position 25 on $auto$ff.cc:266:slice$1953 ($adffe) from module systolic_array_8x8.
Setting constant 0-bit at position 26 on $auto$ff.cc:266:slice$1953 ($adffe) from module systolic_array_8x8.
Setting constant 0-bit at position 27 on $auto$ff.cc:266:slice$1953 ($adffe) from module systolic_array_8x8.
Setting constant 0-bit at position 28 on $auto$ff.cc:266:slice$1953 ($adffe) from module systolic_array_8x8.
Setting constant 0-bit at position 29 on $auto$ff.cc:266:slice$1953 ($adffe) from module systolic_array_8x8.
Setting constant 0-bit at position 30 on $auto$ff.cc:266:slice$1953 ($adffe) from module systolic_array_8x8.
Setting constant 0-bit at position 31 on $auto$ff.cc:266:slice$1953 ($adffe) from module systolic_array_8x8.
Setting constant 0-bit at position 16 on $auto$ff.cc:266:slice$1969 ($adffe) from module systolic_array_8x8.
Setting constant 0-bit at position 17 on $auto$ff.cc:266:slice$1969 ($adffe) from module systolic_array_8x8.
Setting constant 0-bit at position 18 on $auto$ff.cc:266:slice$1969 ($adffe) from module systolic_array_8x8.
Setting constant 0-bit at position 19 on $auto$ff.cc:266:slice$1969 ($adffe) from module systolic_array_8x8.
Setting constant 0-bit at position 20 on $auto$ff.cc:266:slice$1969 ($adffe) from module systolic_array_8x8.
Setting constant 0-bit at position 21 on $auto$ff.cc:266:slice$1969 ($adffe) from module systolic_array_8x8.
Setting constant 0-bit at position 22 on $auto$ff.cc:266:slice$1969 ($adffe) from module systolic_array_8x8.
Setting constant 0-bit at position 23 on $auto$ff.cc:266:slice$1969 ($adffe) from module systolic_array_8x8.
Setting constant 0-bit at position 24 on $auto$ff.cc:266:slice$1969 ($adffe) from module systolic_array_8x8.
Setting constant 0-bit at position 25 on $auto$ff.cc:266:slice$1969 ($adffe) from module systolic_array_8x8.
Setting constant 0-bit at position 26 on $auto$ff.cc:266:slice$1969 ($adffe) from module systolic_array_8x8.
Setting constant 0-bit at position 27 on $auto$ff.cc:266:slice$1969 ($adffe) from module systolic_array_8x8.
Setting constant 0-bit at position 28 on $auto$ff.cc:266:slice$1969 ($adffe) from module systolic_array_8x8.
Setting constant 0-bit at position 29 on $auto$ff.cc:266:slice$1969 ($adffe) from module systolic_array_8x8.
Setting constant 0-bit at position 30 on $auto$ff.cc:266:slice$1969 ($adffe) from module systolic_array_8x8.
Setting constant 0-bit at position 31 on $auto$ff.cc:266:slice$1969 ($adffe) from module systolic_array_8x8.
Setting constant 0-bit at position 16 on $auto$ff.cc:266:slice$1985 ($adffe) from module systolic_array_8x8.
Setting constant 0-bit at position 17 on $auto$ff.cc:266:slice$1985 ($adffe) from module systolic_array_8x8.
Setting constant 0-bit at position 18 on $auto$ff.cc:266:slice$1985 ($adffe) from module systolic_array_8x8.
Setting constant 0-bit at position 19 on $auto$ff.cc:266:slice$1985 ($adffe) from module systolic_array_8x8.
Setting constant 0-bit at position 20 on $auto$ff.cc:266:slice$1985 ($adffe) from module systolic_array_8x8.
Setting constant 0-bit at position 21 on $auto$ff.cc:266:slice$1985 ($adffe) from module systolic_array_8x8.
Setting constant 0-bit at position 22 on $auto$ff.cc:266:slice$1985 ($adffe) from module systolic_array_8x8.
Setting constant 0-bit at position 23 on $auto$ff.cc:266:slice$1985 ($adffe) from module systolic_array_8x8.
Setting constant 0-bit at position 24 on $auto$ff.cc:266:slice$1985 ($adffe) from module systolic_array_8x8.
Setting constant 0-bit at position 25 on $auto$ff.cc:266:slice$1985 ($adffe) from module systolic_array_8x8.
Setting constant 0-bit at position 26 on $auto$ff.cc:266:slice$1985 ($adffe) from module systolic_array_8x8.
Setting constant 0-bit at position 27 on $auto$ff.cc:266:slice$1985 ($adffe) from module systolic_array_8x8.
Setting constant 0-bit at position 28 on $auto$ff.cc:266:slice$1985 ($adffe) from module systolic_array_8x8.
Setting constant 0-bit at position 29 on $auto$ff.cc:266:slice$1985 ($adffe) from module systolic_array_8x8.
Setting constant 0-bit at position 30 on $auto$ff.cc:266:slice$1985 ($adffe) from module systolic_array_8x8.
Setting constant 0-bit at position 31 on $auto$ff.cc:266:slice$1985 ($adffe) from module systolic_array_8x8.
Setting constant 0-bit at position 16 on $auto$ff.cc:266:slice$2001 ($adffe) from module systolic_array_8x8.
Setting constant 0-bit at position 17 on $auto$ff.cc:266:slice$2001 ($adffe) from module systolic_array_8x8.
Setting constant 0-bit at position 18 on $auto$ff.cc:266:slice$2001 ($adffe) from module systolic_array_8x8.
Setting constant 0-bit at position 19 on $auto$ff.cc:266:slice$2001 ($adffe) from module systolic_array_8x8.
Setting constant 0-bit at position 20 on $auto$ff.cc:266:slice$2001 ($adffe) from module systolic_array_8x8.
Setting constant 0-bit at position 21 on $auto$ff.cc:266:slice$2001 ($adffe) from module systolic_array_8x8.
Setting constant 0-bit at position 22 on $auto$ff.cc:266:slice$2001 ($adffe) from module systolic_array_8x8.
Setting constant 0-bit at position 23 on $auto$ff.cc:266:slice$2001 ($adffe) from module systolic_array_8x8.
Setting constant 0-bit at position 24 on $auto$ff.cc:266:slice$2001 ($adffe) from module systolic_array_8x8.
Setting constant 0-bit at position 25 on $auto$ff.cc:266:slice$2001 ($adffe) from module systolic_array_8x8.
Setting constant 0-bit at position 26 on $auto$ff.cc:266:slice$2001 ($adffe) from module systolic_array_8x8.
Setting constant 0-bit at position 27 on $auto$ff.cc:266:slice$2001 ($adffe) from module systolic_array_8x8.
Setting constant 0-bit at position 28 on $auto$ff.cc:266:slice$2001 ($adffe) from module systolic_array_8x8.
Setting constant 0-bit at position 29 on $auto$ff.cc:266:slice$2001 ($adffe) from module systolic_array_8x8.
Setting constant 0-bit at position 30 on $auto$ff.cc:266:slice$2001 ($adffe) from module systolic_array_8x8.
Setting constant 0-bit at position 31 on $auto$ff.cc:266:slice$2001 ($adffe) from module systolic_array_8x8.
Setting constant 0-bit at position 16 on $auto$ff.cc:266:slice$2017 ($adffe) from module systolic_array_8x8.
Setting constant 0-bit at position 17 on $auto$ff.cc:266:slice$2017 ($adffe) from module systolic_array_8x8.
Setting constant 0-bit at position 18 on $auto$ff.cc:266:slice$2017 ($adffe) from module systolic_array_8x8.
Setting constant 0-bit at position 19 on $auto$ff.cc:266:slice$2017 ($adffe) from module systolic_array_8x8.
Setting constant 0-bit at position 20 on $auto$ff.cc:266:slice$2017 ($adffe) from module systolic_array_8x8.
Setting constant 0-bit at position 21 on $auto$ff.cc:266:slice$2017 ($adffe) from module systolic_array_8x8.
Setting constant 0-bit at position 22 on $auto$ff.cc:266:slice$2017 ($adffe) from module systolic_array_8x8.
Setting constant 0-bit at position 23 on $auto$ff.cc:266:slice$2017 ($adffe) from module systolic_array_8x8.
Setting constant 0-bit at position 24 on $auto$ff.cc:266:slice$2017 ($adffe) from module systolic_array_8x8.
Setting constant 0-bit at position 25 on $auto$ff.cc:266:slice$2017 ($adffe) from module systolic_array_8x8.
Setting constant 0-bit at position 26 on $auto$ff.cc:266:slice$2017 ($adffe) from module systolic_array_8x8.
Setting constant 0-bit at position 27 on $auto$ff.cc:266:slice$2017 ($adffe) from module systolic_array_8x8.
Setting constant 0-bit at position 28 on $auto$ff.cc:266:slice$2017 ($adffe) from module systolic_array_8x8.
Setting constant 0-bit at position 29 on $auto$ff.cc:266:slice$2017 ($adffe) from module systolic_array_8x8.
Setting constant 0-bit at position 30 on $auto$ff.cc:266:slice$2017 ($adffe) from module systolic_array_8x8.
Setting constant 0-bit at position 31 on $auto$ff.cc:266:slice$2017 ($adffe) from module systolic_array_8x8.
Setting constant 0-bit at position 16 on $auto$ff.cc:266:slice$2033 ($adffe) from module systolic_array_8x8.
Setting constant 0-bit at position 17 on $auto$ff.cc:266:slice$2033 ($adffe) from module systolic_array_8x8.
Setting constant 0-bit at position 18 on $auto$ff.cc:266:slice$2033 ($adffe) from module systolic_array_8x8.
Setting constant 0-bit at position 19 on $auto$ff.cc:266:slice$2033 ($adffe) from module systolic_array_8x8.
Setting constant 0-bit at position 20 on $auto$ff.cc:266:slice$2033 ($adffe) from module systolic_array_8x8.
Setting constant 0-bit at position 21 on $auto$ff.cc:266:slice$2033 ($adffe) from module systolic_array_8x8.
Setting constant 0-bit at position 22 on $auto$ff.cc:266:slice$2033 ($adffe) from module systolic_array_8x8.
Setting constant 0-bit at position 23 on $auto$ff.cc:266:slice$2033 ($adffe) from module systolic_array_8x8.
Setting constant 0-bit at position 24 on $auto$ff.cc:266:slice$2033 ($adffe) from module systolic_array_8x8.
Setting constant 0-bit at position 25 on $auto$ff.cc:266:slice$2033 ($adffe) from module systolic_array_8x8.
Setting constant 0-bit at position 26 on $auto$ff.cc:266:slice$2033 ($adffe) from module systolic_array_8x8.
Setting constant 0-bit at position 27 on $auto$ff.cc:266:slice$2033 ($adffe) from module systolic_array_8x8.
Setting constant 0-bit at position 28 on $auto$ff.cc:266:slice$2033 ($adffe) from module systolic_array_8x8.
Setting constant 0-bit at position 29 on $auto$ff.cc:266:slice$2033 ($adffe) from module systolic_array_8x8.
Setting constant 0-bit at position 30 on $auto$ff.cc:266:slice$2033 ($adffe) from module systolic_array_8x8.
Setting constant 0-bit at position 31 on $auto$ff.cc:266:slice$2033 ($adffe) from module systolic_array_8x8.
Setting constant 0-bit at position 16 on $auto$ff.cc:266:slice$2049 ($adffe) from module systolic_array_8x8.
Setting constant 0-bit at position 17 on $auto$ff.cc:266:slice$2049 ($adffe) from module systolic_array_8x8.
Setting constant 0-bit at position 18 on $auto$ff.cc:266:slice$2049 ($adffe) from module systolic_array_8x8.
Setting constant 0-bit at position 19 on $auto$ff.cc:266:slice$2049 ($adffe) from module systolic_array_8x8.
Setting constant 0-bit at position 20 on $auto$ff.cc:266:slice$2049 ($adffe) from module systolic_array_8x8.
Setting constant 0-bit at position 21 on $auto$ff.cc:266:slice$2049 ($adffe) from module systolic_array_8x8.
Setting constant 0-bit at position 22 on $auto$ff.cc:266:slice$2049 ($adffe) from module systolic_array_8x8.
Setting constant 0-bit at position 23 on $auto$ff.cc:266:slice$2049 ($adffe) from module systolic_array_8x8.
Setting constant 0-bit at position 24 on $auto$ff.cc:266:slice$2049 ($adffe) from module systolic_array_8x8.
Setting constant 0-bit at position 25 on $auto$ff.cc:266:slice$2049 ($adffe) from module systolic_array_8x8.
Setting constant 0-bit at position 26 on $auto$ff.cc:266:slice$2049 ($adffe) from module systolic_array_8x8.
Setting constant 0-bit at position 27 on $auto$ff.cc:266:slice$2049 ($adffe) from module systolic_array_8x8.
Setting constant 0-bit at position 28 on $auto$ff.cc:266:slice$2049 ($adffe) from module systolic_array_8x8.
Setting constant 0-bit at position 29 on $auto$ff.cc:266:slice$2049 ($adffe) from module systolic_array_8x8.
Setting constant 0-bit at position 30 on $auto$ff.cc:266:slice$2049 ($adffe) from module systolic_array_8x8.
Setting constant 0-bit at position 31 on $auto$ff.cc:266:slice$2049 ($adffe) from module systolic_array_8x8.

61. Executing OPT_CLEAN pass (remove unused cells and wires).
Finding unused cells or wires in module \systolic_array_8x8..

62. Executing OPT_EXPR pass (perform const folding).
Optimizing module systolic_array_8x8.

63. Rerunning OPT passes. (Maybe there is more to do…)

64. Executing OPT_MUXTREE pass (detect dead branches in mux trees).
Running muxtree optimizer on module \systolic_array_8x8..
  Creating internal representation of mux trees.
  No muxes found in this module.
Removed 0 multiplexer ports.

65. Executing OPT_REDUCE pass (consolidate $*mux and $reduce_* inputs).
  Optimizing cells in module \systolic_array_8x8.
Performed a total of 0 changes.

66. Executing OPT_MERGE pass (detect identical cells).
Finding identical cells in module `\systolic_array_8x8'.
Removed a total of 0 cells.

67. Executing OPT_DFF pass (perform DFF optimizations).
Setting constant 0-bit at position 16 on $auto$ff.cc:266:slice$1808 ($adffe) from module systolic_array_8x8.
Setting constant 0-bit at position 17 on $auto$ff.cc:266:slice$1808 ($adffe) from module systolic_array_8x8.
Setting constant 0-bit at position 18 on $auto$ff.cc:266:slice$1808 ($adffe) from module systolic_array_8x8.
Setting constant 0-bit at position 19 on $auto$ff.cc:266:slice$1808 ($adffe) from module systolic_array_8x8.
Setting constant 0-bit at position 20 on $auto$ff.cc:266:slice$1808 ($adffe) from module systolic_array_8x8.
Setting constant 0-bit at position 21 on $auto$ff.cc:266:slice$1808 ($adffe) from module systolic_array_8x8.
Setting constant 0-bit at position 22 on $auto$ff.cc:266:slice$1808 ($adffe) from module systolic_array_8x8.
Setting constant 0-bit at position 23 on $auto$ff.cc:266:slice$1808 ($adffe) from module systolic_array_8x8.
Setting constant 0-bit at position 24 on $auto$ff.cc:266:slice$1808 ($adffe) from module systolic_array_8x8.
Setting constant 0-bit at position 25 on $auto$ff.cc:266:slice$1808 ($adffe) from module systolic_array_8x8.
Setting constant 0-bit at position 26 on $auto$ff.cc:266:slice$1808 ($adffe) from module systolic_array_8x8.
Setting constant 0-bit at position 27 on $auto$ff.cc:266:slice$1808 ($adffe) from module systolic_array_8x8.
Setting constant 0-bit at position 28 on $auto$ff.cc:266:slice$1808 ($adffe) from module systolic_array_8x8.
Setting constant 0-bit at position 29 on $auto$ff.cc:266:slice$1808 ($adffe) from module systolic_array_8x8.
Setting constant 0-bit at position 30 on $auto$ff.cc:266:slice$1808 ($adffe) from module systolic_array_8x8.
Setting constant 0-bit at position 31 on $auto$ff.cc:266:slice$1808 ($adffe) from module systolic_array_8x8.
Setting constant 0-bit at position 16 on $auto$ff.cc:266:slice$1824 ($adffe) from module systolic_array_8x8.
Setting constant 0-bit at position 17 on $auto$ff.cc:266:slice$1824 ($adffe) from module systolic_array_8x8.
Setting constant 0-bit at position 18 on $auto$ff.cc:266:slice$1824 ($adffe) from module systolic_array_8x8.
Setting constant 0-bit at position 19 on $auto$ff.cc:266:slice$1824 ($adffe) from module systolic_array_8x8.
Setting constant 0-bit at position 20 on $auto$ff.cc:266:slice$1824 ($adffe) from module systolic_array_8x8.
Setting constant 0-bit at position 21 on $auto$ff.cc:266:slice$1824 ($adffe) from module systolic_array_8x8.
Setting constant 0-bit at position 22 on $auto$ff.cc:266:slice$1824 ($adffe) from module systolic_array_8x8.
Setting constant 0-bit at position 23 on $auto$ff.cc:266:slice$1824 ($adffe) from module systolic_array_8x8.
Setting constant 0-bit at position 24 on $auto$ff.cc:266:slice$1824 ($adffe) from module systolic_array_8x8.
Setting constant 0-bit at position 25 on $auto$ff.cc:266:slice$1824 ($adffe) from module systolic_array_8x8.
Setting constant 0-bit at position 26 on $auto$ff.cc:266:slice$1824 ($adffe) from module systolic_array_8x8.
Setting constant 0-bit at position 27 on $auto$ff.cc:266:slice$1824 ($adffe) from module systolic_array_8x8.
Setting constant 0-bit at position 28 on $auto$ff.cc:266:slice$1824 ($adffe) from module systolic_array_8x8.
Setting constant 0-bit at position 29 on $auto$ff.cc:266:slice$1824 ($adffe) from module systolic_array_8x8.
Setting constant 0-bit at position 30 on $auto$ff.cc:266:slice$1824 ($adffe) from module systolic_array_8x8.
Setting constant 0-bit at position 31 on $auto$ff.cc:266:slice$1824 ($adffe) from module systolic_array_8x8.
Setting constant 0-bit at position 16 on $auto$ff.cc:266:slice$1840 ($adffe) from module systolic_array_8x8.
Setting constant 0-bit at position 17 on $auto$ff.cc:266:slice$1840 ($adffe) from module systolic_array_8x8.
Setting constant 0-bit at position 18 on $auto$ff.cc:266:slice$1840 ($adffe) from module systolic_array_8x8.
Setting constant 0-bit at position 19 on $auto$ff.cc:266:slice$1840 ($adffe) from module systolic_array_8x8.
Setting constant 0-bit at position 20 on $auto$ff.cc:266:slice$1840 ($adffe) from module systolic_array_8x8.
Setting constant 0-bit at position 21 on $auto$ff.cc:266:slice$1840 ($adffe) from module systolic_array_8x8.
Setting constant 0-bit at position 22 on $auto$ff.cc:266:slice$1840 ($adffe) from module systolic_array_8x8.
Setting constant 0-bit at position 23 on $auto$ff.cc:266:slice$1840 ($adffe) from module systolic_array_8x8.
Setting constant 0-bit at position 24 on $auto$ff.cc:266:slice$1840 ($adffe) from module systolic_array_8x8.
Setting constant 0-bit at position 25 on $auto$ff.cc:266:slice$1840 ($adffe) from module systolic_array_8x8.
Setting constant 0-bit at position 26 on $auto$ff.cc:266:slice$1840 ($adffe) from module systolic_array_8x8.
Setting constant 0-bit at position 27 on $auto$ff.cc:266:slice$1840 ($adffe) from module systolic_array_8x8.
Setting constant 0-bit at position 28 on $auto$ff.cc:266:slice$1840 ($adffe) from module systolic_array_8x8.
Setting constant 0-bit at position 29 on $auto$ff.cc:266:slice$1840 ($adffe) from module systolic_array_8x8.
Setting constant 0-bit at position 30 on $auto$ff.cc:266:slice$1840 ($adffe) from module systolic_array_8x8.
Setting constant 0-bit at position 31 on $auto$ff.cc:266:slice$1840 ($adffe) from module systolic_array_8x8.
Setting constant 0-bit at position 16 on $auto$ff.cc:266:slice$1856 ($adffe) from module systolic_array_8x8.
Setting constant 0-bit at position 17 on $auto$ff.cc:266:slice$1856 ($adffe) from module systolic_array_8x8.
Setting constant 0-bit at position 18 on $auto$ff.cc:266:slice$1856 ($adffe) from module systolic_array_8x8.
Setting constant 0-bit at position 19 on $auto$ff.cc:266:slice$1856 ($adffe) from module systolic_array_8x8.
Setting constant 0-bit at position 20 on $auto$ff.cc:266:slice$1856 ($adffe) from module systolic_array_8x8.
Setting constant 0-bit at position 21 on $auto$ff.cc:266:slice$1856 ($adffe) from module systolic_array_8x8.
Setting constant 0-bit at position 22 on $auto$ff.cc:266:slice$1856 ($adffe) from module systolic_array_8x8.
Setting constant 0-bit at position 23 on $auto$ff.cc:266:slice$1856 ($adffe) from module systolic_array_8x8.
Setting constant 0-bit at position 24 on $auto$ff.cc:266:slice$1856 ($adffe) from module systolic_array_8x8.
Setting constant 0-bit at position 25 on $auto$ff.cc:266:slice$1856 ($adffe) from module systolic_array_8x8.
Setting constant 0-bit at position 26 on $auto$ff.cc:266:slice$1856 ($adffe) from module systolic_array_8x8.
Setting constant 0-bit at position 27 on $auto$ff.cc:266:slice$1856 ($adffe) from module systolic_array_8x8.
Setting constant 0-bit at position 28 on $auto$ff.cc:266:slice$1856 ($adffe) from module systolic_array_8x8.
Setting constant 0-bit at position 29 on $auto$ff.cc:266:slice$1856 ($adffe) from module systolic_array_8x8.
Setting constant 0-bit at position 30 on $auto$ff.cc:266:slice$1856 ($adffe) from module systolic_array_8x8.
Setting constant 0-bit at position 31 on $auto$ff.cc:266:slice$1856 ($adffe) from module systolic_array_8x8.
Setting constant 0-bit at position 16 on $auto$ff.cc:266:slice$1872 ($adffe) from module systolic_array_8x8.
Setting constant 0-bit at position 17 on $auto$ff.cc:266:slice$1872 ($adffe) from module systolic_array_8x8.
Setting constant 0-bit at position 18 on $auto$ff.cc:266:slice$1872 ($adffe) from module systolic_array_8x8.
Setting constant 0-bit at position 19 on $auto$ff.cc:266:slice$1872 ($adffe) from module systolic_array_8x8.
Setting constant 0-bit at position 20 on $auto$ff.cc:266:slice$1872 ($adffe) from module systolic_array_8x8.
Setting constant 0-bit at position 21 on $auto$ff.cc:266:slice$1872 ($adffe) from module systolic_array_8x8.
Setting constant 0-bit at position 22 on $auto$ff.cc:266:slice$1872 ($adffe) from module systolic_array_8x8.
Setting constant 0-bit at position 23 on $auto$ff.cc:266:slice$1872 ($adffe) from module systolic_array_8x8.
Setting constant 0-bit at position 24 on $auto$ff.cc:266:slice$1872 ($adffe) from module systolic_array_8x8.
Setting constant 0-bit at position 25 on $auto$ff.cc:266:slice$1872 ($adffe) from module systolic_array_8x8.
Setting constant 0-bit at position 26 on $auto$ff.cc:266:slice$1872 ($adffe) from module systolic_array_8x8.
Setting constant 0-bit at position 27 on $auto$ff.cc:266:slice$1872 ($adffe) from module systolic_array_8x8.
Setting constant 0-bit at position 28 on $auto$ff.cc:266:slice$1872 ($adffe) from module systolic_array_8x8.
Setting constant 0-bit at position 29 on $auto$ff.cc:266:slice$1872 ($adffe) from module systolic_array_8x8.
Setting constant 0-bit at position 30 on $auto$ff.cc:266:slice$1872 ($adffe) from module systolic_array_8x8.
Setting constant 0-bit at position 31 on $auto$ff.cc:266:slice$1872 ($adffe) from module systolic_array_8x8.
Setting constant 0-bit at position 16 on $auto$ff.cc:266:slice$1888 ($adffe) from module systolic_array_8x8.
Setting constant 0-bit at position 17 on $auto$ff.cc:266:slice$1888 ($adffe) from module systolic_array_8x8.
Setting constant 0-bit at position 18 on $auto$ff.cc:266:slice$1888 ($adffe) from module systolic_array_8x8.
Setting constant 0-bit at position 19 on $auto$ff.cc:266:slice$1888 ($adffe) from module systolic_array_8x8.
Setting constant 0-bit at position 20 on $auto$ff.cc:266:slice$1888 ($adffe) from module systolic_array_8x8.
Setting constant 0-bit at position 21 on $auto$ff.cc:266:slice$1888 ($adffe) from module systolic_array_8x8.
Setting constant 0-bit at position 22 on $auto$ff.cc:266:slice$1888 ($adffe) from module systolic_array_8x8.
Setting constant 0-bit at position 23 on $auto$ff.cc:266:slice$1888 ($adffe) from module systolic_array_8x8.
Setting constant 0-bit at position 24 on $auto$ff.cc:266:slice$1888 ($adffe) from module systolic_array_8x8.
Setting constant 0-bit at position 25 on $auto$ff.cc:266:slice$1888 ($adffe) from module systolic_array_8x8.
Setting constant 0-bit at position 26 on $auto$ff.cc:266:slice$1888 ($adffe) from module systolic_array_8x8.
Setting constant 0-bit at position 27 on $auto$ff.cc:266:slice$1888 ($adffe) from module systolic_array_8x8.
Setting constant 0-bit at position 28 on $auto$ff.cc:266:slice$1888 ($adffe) from module systolic_array_8x8.
Setting constant 0-bit at position 29 on $auto$ff.cc:266:slice$1888 ($adffe) from module systolic_array_8x8.
Setting constant 0-bit at position 30 on $auto$ff.cc:266:slice$1888 ($adffe) from module systolic_array_8x8.
Setting constant 0-bit at position 31 on $auto$ff.cc:266:slice$1888 ($adffe) from module systolic_array_8x8.
Setting constant 0-bit at position 16 on $auto$ff.cc:266:slice$1904 ($adffe) from module systolic_array_8x8.
Setting constant 0-bit at position 17 on $auto$ff.cc:266:slice$1904 ($adffe) from module systolic_array_8x8.
Setting constant 0-bit at position 18 on $auto$ff.cc:266:slice$1904 ($adffe) from module systolic_array_8x8.
Setting constant 0-bit at position 19 on $auto$ff.cc:266:slice$1904 ($adffe) from module systolic_array_8x8.
Setting constant 0-bit at position 20 on $auto$ff.cc:266:slice$1904 ($adffe) from module systolic_array_8x8.
Setting constant 0-bit at position 21 on $auto$ff.cc:266:slice$1904 ($adffe) from module systolic_array_8x8.
Setting constant 0-bit at position 22 on $auto$ff.cc:266:slice$1904 ($adffe) from module systolic_array_8x8.
Setting constant 0-bit at position 23 on $auto$ff.cc:266:slice$1904 ($adffe) from module systolic_array_8x8.
Setting constant 0-bit at position 24 on $auto$ff.cc:266:slice$1904 ($adffe) from module systolic_array_8x8.
Setting constant 0-bit at position 25 on $auto$ff.cc:266:slice$1904 ($adffe) from module systolic_array_8x8.
Setting constant 0-bit at position 26 on $auto$ff.cc:266:slice$1904 ($adffe) from module systolic_array_8x8.
Setting constant 0-bit at position 27 on $auto$ff.cc:266:slice$1904 ($adffe) from module systolic_array_8x8.
Setting constant 0-bit at position 28 on $auto$ff.cc:266:slice$1904 ($adffe) from module systolic_array_8x8.
Setting constant 0-bit at position 29 on $auto$ff.cc:266:slice$1904 ($adffe) from module systolic_array_8x8.
Setting constant 0-bit at position 30 on $auto$ff.cc:266:slice$1904 ($adffe) from module systolic_array_8x8.
Setting constant 0-bit at position 31 on $auto$ff.cc:266:slice$1904 ($adffe) from module systolic_array_8x8.
Setting constant 0-bit at position 16 on $auto$ff.cc:266:slice$1920 ($adffe) from module systolic_array_8x8.
Setting constant 0-bit at position 17 on $auto$ff.cc:266:slice$1920 ($adffe) from module systolic_array_8x8.
Setting constant 0-bit at position 18 on $auto$ff.cc:266:slice$1920 ($adffe) from module systolic_array_8x8.
Setting constant 0-bit at position 19 on $auto$ff.cc:266:slice$1920 ($adffe) from module systolic_array_8x8.
Setting constant 0-bit at position 20 on $auto$ff.cc:266:slice$1920 ($adffe) from module systolic_array_8x8.
Setting constant 0-bit at position 21 on $auto$ff.cc:266:slice$1920 ($adffe) from module systolic_array_8x8.
Setting constant 0-bit at position 22 on $auto$ff.cc:266:slice$1920 ($adffe) from module systolic_array_8x8.
Setting constant 0-bit at position 23 on $auto$ff.cc:266:slice$1920 ($adffe) from module systolic_array_8x8.
Setting constant 0-bit at position 24 on $auto$ff.cc:266:slice$1920 ($adffe) from module systolic_array_8x8.
Setting constant 0-bit at position 25 on $auto$ff.cc:266:slice$1920 ($adffe) from module systolic_array_8x8.
Setting constant 0-bit at position 26 on $auto$ff.cc:266:slice$1920 ($adffe) from module systolic_array_8x8.
Setting constant 0-bit at position 27 on $auto$ff.cc:266:slice$1920 ($adffe) from module systolic_array_8x8.
Setting constant 0-bit at position 28 on $auto$ff.cc:266:slice$1920 ($adffe) from module systolic_array_8x8.
Setting constant 0-bit at position 29 on $auto$ff.cc:266:slice$1920 ($adffe) from module systolic_array_8x8.
Setting constant 0-bit at position 30 on $auto$ff.cc:266:slice$1920 ($adffe) from module systolic_array_8x8.
Setting constant 0-bit at position 31 on $auto$ff.cc:266:slice$1920 ($adffe) from module systolic_array_8x8.

68. Executing OPT_CLEAN pass (remove unused cells and wires).
Finding unused cells or wires in module \systolic_array_8x8..

69. Executing OPT_EXPR pass (perform const folding).
Optimizing module systolic_array_8x8.

70. Rerunning OPT passes. (Maybe there is more to do…)

71. Executing OPT_MUXTREE pass (detect dead branches in mux trees).
Running muxtree optimizer on module \systolic_array_8x8..
  Creating internal representation of mux trees.
  No muxes found in this module.
Removed 0 multiplexer ports.

72. Executing OPT_REDUCE pass (consolidate $*mux and $reduce_* inputs).
  Optimizing cells in module \systolic_array_8x8.
Performed a total of 0 changes.

73. Executing OPT_MERGE pass (detect identical cells).
Finding identical cells in module `\systolic_array_8x8'.
Removed a total of 0 cells.

74. Executing OPT_DFF pass (perform DFF optimizations).

75. Executing OPT_CLEAN pass (remove unused cells and wires).
Finding unused cells or wires in module \systolic_array_8x8..

76. Executing OPT_EXPR pass (perform const folding).
Optimizing module systolic_array_8x8.

77. Executing WREDUCE pass (reducing word size of cells).
Removed top 16 bits (of 32) from port A of cell systolic_array_8x8.$flatten\ROWS[1].COLS[0].pe_inst.$add$/home/safan/Accelarray/src/SystolicArray/PE.v:55$26 ($add).
Removed top 16 bits (of 32) from port B of cell systolic_array_8x8.$flatten\ROWS[1].COLS[0].pe_inst.$add$/home/safan/Accelarray/src/SystolicArray/PE.v:55$26 ($add).
Removed top 15 bits (of 32) from port Y of cell systolic_array_8x8.$flatten\ROWS[1].COLS[0].pe_inst.$add$/home/safan/Accelarray/src/SystolicArray/PE.v:55$26 ($add).
Removed top 16 bits (of 32) from port A of cell systolic_array_8x8.$flatten\ROWS[1].COLS[1].pe_inst.$add$/home/safan/Accelarray/src/SystolicArray/PE.v:55$26 ($add).
Removed top 16 bits (of 32) from port B of cell systolic_array_8x8.$flatten\ROWS[1].COLS[1].pe_inst.$add$/home/safan/Accelarray/src/SystolicArray/PE.v:55$26 ($add).
Removed top 15 bits (of 32) from port Y of cell systolic_array_8x8.$flatten\ROWS[1].COLS[1].pe_inst.$add$/home/safan/Accelarray/src/SystolicArray/PE.v:55$26 ($add).
Removed top 16 bits (of 32) from port A of cell systolic_array_8x8.$flatten\ROWS[1].COLS[2].pe_inst.$add$/home/safan/Accelarray/src/SystolicArray/PE.v:55$26 ($add).
Removed top 16 bits (of 32) from port B of cell systolic_array_8x8.$flatten\ROWS[1].COLS[2].pe_inst.$add$/home/safan/Accelarray/src/SystolicArray/PE.v:55$26 ($add).
Removed top 15 bits (of 32) from port Y of cell systolic_array_8x8.$flatten\ROWS[1].COLS[2].pe_inst.$add$/home/safan/Accelarray/src/SystolicArray/PE.v:55$26 ($add).
Removed top 16 bits (of 32) from port A of cell systolic_array_8x8.$flatten\ROWS[1].COLS[3].pe_inst.$add$/home/safan/Accelarray/src/SystolicArray/PE.v:55$26 ($add).
Removed top 16 bits (of 32) from port B of cell systolic_array_8x8.$flatten\ROWS[1].COLS[3].pe_inst.$add$/home/safan/Accelarray/src/SystolicArray/PE.v:55$26 ($add).
Removed top 15 bits (of 32) from port Y of cell systolic_array_8x8.$flatten\ROWS[1].COLS[3].pe_inst.$add$/home/safan/Accelarray/src/SystolicArray/PE.v:55$26 ($add).
Removed top 16 bits (of 32) from port A of cell systolic_array_8x8.$flatten\ROWS[1].COLS[4].pe_inst.$add$/home/safan/Accelarray/src/SystolicArray/PE.v:55$26 ($add).
Removed top 16 bits (of 32) from port B of cell systolic_array_8x8.$flatten\ROWS[1].COLS[4].pe_inst.$add$/home/safan/Accelarray/src/SystolicArray/PE.v:55$26 ($add).
Removed top 15 bits (of 32) from port Y of cell systolic_array_8x8.$flatten\ROWS[1].COLS[4].pe_inst.$add$/home/safan/Accelarray/src/SystolicArray/PE.v:55$26 ($add).
Removed top 16 bits (of 32) from port A of cell systolic_array_8x8.$flatten\ROWS[1].COLS[5].pe_inst.$add$/home/safan/Accelarray/src/SystolicArray/PE.v:55$26 ($add).
Removed top 16 bits (of 32) from port B of cell systolic_array_8x8.$flatten\ROWS[1].COLS[5].pe_inst.$add$/home/safan/Accelarray/src/SystolicArray/PE.v:55$26 ($add).
Removed top 15 bits (of 32) from port Y of cell systolic_array_8x8.$flatten\ROWS[1].COLS[5].pe_inst.$add$/home/safan/Accelarray/src/SystolicArray/PE.v:55$26 ($add).
Removed top 16 bits (of 32) from port A of cell systolic_array_8x8.$flatten\ROWS[1].COLS[6].pe_inst.$add$/home/safan/Accelarray/src/SystolicArray/PE.v:55$26 ($add).
Removed top 16 bits (of 32) from port B of cell systolic_array_8x8.$flatten\ROWS[1].COLS[6].pe_inst.$add$/home/safan/Accelarray/src/SystolicArray/PE.v:55$26 ($add).
Removed top 15 bits (of 32) from port Y of cell systolic_array_8x8.$flatten\ROWS[1].COLS[6].pe_inst.$add$/home/safan/Accelarray/src/SystolicArray/PE.v:55$26 ($add).
Removed top 16 bits (of 32) from port A of cell systolic_array_8x8.$flatten\ROWS[1].COLS[7].pe_inst.$add$/home/safan/Accelarray/src/SystolicArray/PE.v:55$26 ($add).
Removed top 16 bits (of 32) from port B of cell systolic_array_8x8.$flatten\ROWS[1].COLS[7].pe_inst.$add$/home/safan/Accelarray/src/SystolicArray/PE.v:55$26 ($add).
Removed top 15 bits (of 32) from port Y of cell systolic_array_8x8.$flatten\ROWS[1].COLS[7].pe_inst.$add$/home/safan/Accelarray/src/SystolicArray/PE.v:55$26 ($add).
Removed top 16 bits (of 32) from port B of cell systolic_array_8x8.$flatten\ROWS[2].COLS[0].pe_inst.$add$/home/safan/Accelarray/src/SystolicArray/PE.v:55$26 ($add).
Removed top 16 bits (of 32) from port B of cell systolic_array_8x8.$flatten\ROWS[2].COLS[1].pe_inst.$add$/home/safan/Accelarray/src/SystolicArray/PE.v:55$26 ($add).
Removed top 16 bits (of 32) from port B of cell systolic_array_8x8.$flatten\ROWS[2].COLS[2].pe_inst.$add$/home/safan/Accelarray/src/SystolicArray/PE.v:55$26 ($add).
Removed top 16 bits (of 32) from port B of cell systolic_array_8x8.$flatten\ROWS[2].COLS[3].pe_inst.$add$/home/safan/Accelarray/src/SystolicArray/PE.v:55$26 ($add).
Removed top 16 bits (of 32) from port B of cell systolic_array_8x8.$flatten\ROWS[2].COLS[4].pe_inst.$add$/home/safan/Accelarray/src/SystolicArray/PE.v:55$26 ($add).
Removed top 16 bits (of 32) from port B of cell systolic_array_8x8.$flatten\ROWS[2].COLS[5].pe_inst.$add$/home/safan/Accelarray/src/SystolicArray/PE.v:55$26 ($add).
Removed top 16 bits (of 32) from port B of cell systolic_array_8x8.$flatten\ROWS[2].COLS[6].pe_inst.$add$/home/safan/Accelarray/src/SystolicArray/PE.v:55$26 ($add).
Removed top 16 bits (of 32) from port B of cell systolic_array_8x8.$flatten\ROWS[2].COLS[7].pe_inst.$add$/home/safan/Accelarray/src/SystolicArray/PE.v:55$26 ($add).
Removed top 16 bits (of 32) from port B of cell systolic_array_8x8.$flatten\ROWS[3].COLS[0].pe_inst.$add$/home/safan/Accelarray/src/SystolicArray/PE.v:55$26 ($add).
Removed top 16 bits (of 32) from port B of cell systolic_array_8x8.$flatten\ROWS[3].COLS[1].pe_inst.$add$/home/safan/Accelarray/src/SystolicArray/PE.v:55$26 ($add).
Removed top 16 bits (of 32) from port B of cell systolic_array_8x8.$flatten\ROWS[3].COLS[2].pe_inst.$add$/home/safan/Accelarray/src/SystolicArray/PE.v:55$26 ($add).
Removed top 16 bits (of 32) from port B of cell systolic_array_8x8.$flatten\ROWS[3].COLS[3].pe_inst.$add$/home/safan/Accelarray/src/SystolicArray/PE.v:55$26 ($add).
Removed top 16 bits (of 32) from port B of cell systolic_array_8x8.$flatten\ROWS[3].COLS[4].pe_inst.$add$/home/safan/Accelarray/src/SystolicArray/PE.v:55$26 ($add).
Removed top 16 bits (of 32) from port B of cell systolic_array_8x8.$flatten\ROWS[3].COLS[5].pe_inst.$add$/home/safan/Accelarray/src/SystolicArray/PE.v:55$26 ($add).
Removed top 16 bits (of 32) from port B of cell systolic_array_8x8.$flatten\ROWS[3].COLS[6].pe_inst.$add$/home/safan/Accelarray/src/SystolicArray/PE.v:55$26 ($add).
Removed top 16 bits (of 32) from port B of cell systolic_array_8x8.$flatten\ROWS[3].COLS[7].pe_inst.$add$/home/safan/Accelarray/src/SystolicArray/PE.v:55$26 ($add).
Removed top 16 bits (of 32) from port B of cell systolic_array_8x8.$flatten\ROWS[4].COLS[0].pe_inst.$add$/home/safan/Accelarray/src/SystolicArray/PE.v:55$26 ($add).
Removed top 16 bits (of 32) from port B of cell systolic_array_8x8.$flatten\ROWS[4].COLS[1].pe_inst.$add$/home/safan/Accelarray/src/SystolicArray/PE.v:55$26 ($add).
Removed top 16 bits (of 32) from port B of cell systolic_array_8x8.$flatten\ROWS[4].COLS[2].pe_inst.$add$/home/safan/Accelarray/src/SystolicArray/PE.v:55$26 ($add).
Removed top 16 bits (of 32) from port B of cell systolic_array_8x8.$flatten\ROWS[4].COLS[3].pe_inst.$add$/home/safan/Accelarray/src/SystolicArray/PE.v:55$26 ($add).
Removed top 16 bits (of 32) from port B of cell systolic_array_8x8.$flatten\ROWS[4].COLS[4].pe_inst.$add$/home/safan/Accelarray/src/SystolicArray/PE.v:55$26 ($add).
Removed top 16 bits (of 32) from port B of cell systolic_array_8x8.$flatten\ROWS[4].COLS[5].pe_inst.$add$/home/safan/Accelarray/src/SystolicArray/PE.v:55$26 ($add).
Removed top 16 bits (of 32) from port B of cell systolic_array_8x8.$flatten\ROWS[4].COLS[6].pe_inst.$add$/home/safan/Accelarray/src/SystolicArray/PE.v:55$26 ($add).
Removed top 16 bits (of 32) from port B of cell systolic_array_8x8.$flatten\ROWS[4].COLS[7].pe_inst.$add$/home/safan/Accelarray/src/SystolicArray/PE.v:55$26 ($add).
Removed top 16 bits (of 32) from port B of cell systolic_array_8x8.$flatten\ROWS[5].COLS[0].pe_inst.$add$/home/safan/Accelarray/src/SystolicArray/PE.v:55$26 ($add).
Removed top 16 bits (of 32) from port B of cell systolic_array_8x8.$flatten\ROWS[5].COLS[1].pe_inst.$add$/home/safan/Accelarray/src/SystolicArray/PE.v:55$26 ($add).
Removed top 16 bits (of 32) from port B of cell systolic_array_8x8.$flatten\ROWS[5].COLS[2].pe_inst.$add$/home/safan/Accelarray/src/SystolicArray/PE.v:55$26 ($add).
Removed top 16 bits (of 32) from port B of cell systolic_array_8x8.$flatten\ROWS[5].COLS[3].pe_inst.$add$/home/safan/Accelarray/src/SystolicArray/PE.v:55$26 ($add).
Removed top 16 bits (of 32) from port B of cell systolic_array_8x8.$flatten\ROWS[5].COLS[4].pe_inst.$add$/home/safan/Accelarray/src/SystolicArray/PE.v:55$26 ($add).
Removed top 16 bits (of 32) from port B of cell systolic_array_8x8.$flatten\ROWS[5].COLS[5].pe_inst.$add$/home/safan/Accelarray/src/SystolicArray/PE.v:55$26 ($add).
Removed top 16 bits (of 32) from port B of cell systolic_array_8x8.$flatten\ROWS[5].COLS[6].pe_inst.$add$/home/safan/Accelarray/src/SystolicArray/PE.v:55$26 ($add).
Removed top 16 bits (of 32) from port B of cell systolic_array_8x8.$flatten\ROWS[5].COLS[7].pe_inst.$add$/home/safan/Accelarray/src/SystolicArray/PE.v:55$26 ($add).
Removed top 16 bits (of 32) from port B of cell systolic_array_8x8.$flatten\ROWS[6].COLS[0].pe_inst.$add$/home/safan/Accelarray/src/SystolicArray/PE.v:55$26 ($add).
Removed top 16 bits (of 32) from port B of cell systolic_array_8x8.$flatten\ROWS[6].COLS[1].pe_inst.$add$/home/safan/Accelarray/src/SystolicArray/PE.v:55$26 ($add).
Removed top 16 bits (of 32) from port B of cell systolic_array_8x8.$flatten\ROWS[6].COLS[2].pe_inst.$add$/home/safan/Accelarray/src/SystolicArray/PE.v:55$26 ($add).
Removed top 16 bits (of 32) from port B of cell systolic_array_8x8.$flatten\ROWS[6].COLS[3].pe_inst.$add$/home/safan/Accelarray/src/SystolicArray/PE.v:55$26 ($add).
Removed top 16 bits (of 32) from port B of cell systolic_array_8x8.$flatten\ROWS[6].COLS[4].pe_inst.$add$/home/safan/Accelarray/src/SystolicArray/PE.v:55$26 ($add).
Removed top 16 bits (of 32) from port B of cell systolic_array_8x8.$flatten\ROWS[6].COLS[5].pe_inst.$add$/home/safan/Accelarray/src/SystolicArray/PE.v:55$26 ($add).
Removed top 16 bits (of 32) from port B of cell systolic_array_8x8.$flatten\ROWS[6].COLS[6].pe_inst.$add$/home/safan/Accelarray/src/SystolicArray/PE.v:55$26 ($add).
Removed top 16 bits (of 32) from port B of cell systolic_array_8x8.$flatten\ROWS[6].COLS[7].pe_inst.$add$/home/safan/Accelarray/src/SystolicArray/PE.v:55$26 ($add).
Removed top 16 bits (of 32) from port B of cell systolic_array_8x8.$flatten\ROWS[7].COLS[0].pe_inst.$add$/home/safan/Accelarray/src/SystolicArray/PE.v:55$26 ($add).
Removed top 16 bits (of 32) from port B of cell systolic_array_8x8.$flatten\ROWS[7].COLS[1].pe_inst.$add$/home/safan/Accelarray/src/SystolicArray/PE.v:55$26 ($add).
Removed top 16 bits (of 32) from port B of cell systolic_array_8x8.$flatten\ROWS[7].COLS[2].pe_inst.$add$/home/safan/Accelarray/src/SystolicArray/PE.v:55$26 ($add).
Removed top 16 bits (of 32) from port B of cell systolic_array_8x8.$flatten\ROWS[7].COLS[3].pe_inst.$add$/home/safan/Accelarray/src/SystolicArray/PE.v:55$26 ($add).
Removed top 16 bits (of 32) from port B of cell systolic_array_8x8.$flatten\ROWS[7].COLS[4].pe_inst.$add$/home/safan/Accelarray/src/SystolicArray/PE.v:55$26 ($add).
Removed top 16 bits (of 32) from port B of cell systolic_array_8x8.$flatten\ROWS[7].COLS[5].pe_inst.$add$/home/safan/Accelarray/src/SystolicArray/PE.v:55$26 ($add).
Removed top 16 bits (of 32) from port B of cell systolic_array_8x8.$flatten\ROWS[7].COLS[6].pe_inst.$add$/home/safan/Accelarray/src/SystolicArray/PE.v:55$26 ($add).
Removed top 16 bits (of 32) from port B of cell systolic_array_8x8.$flatten\ROWS[7].COLS[7].pe_inst.$add$/home/safan/Accelarray/src/SystolicArray/PE.v:55$26 ($add).
Removed top 15 bits (of 32) from wire systolic_array_8x8.$flatten\ROWS[1].COLS[0].pe_inst.$add$/home/safan/Accelarray/src/SystolicArray/PE.v:55$26_Y.
Removed top 15 bits (of 32) from wire systolic_array_8x8.$flatten\ROWS[1].COLS[1].pe_inst.$add$/home/safan/Accelarray/src/SystolicArray/PE.v:55$26_Y.
Removed top 15 bits (of 32) from wire systolic_array_8x8.$flatten\ROWS[1].COLS[2].pe_inst.$add$/home/safan/Accelarray/src/SystolicArray/PE.v:55$26_Y.
Removed top 15 bits (of 32) from wire systolic_array_8x8.$flatten\ROWS[1].COLS[3].pe_inst.$add$/home/safan/Accelarray/src/SystolicArray/PE.v:55$26_Y.
Removed top 15 bits (of 32) from wire systolic_array_8x8.$flatten\ROWS[1].COLS[4].pe_inst.$add$/home/safan/Accelarray/src/SystolicArray/PE.v:55$26_Y.
Removed top 15 bits (of 32) from wire systolic_array_8x8.$flatten\ROWS[1].COLS[5].pe_inst.$add$/home/safan/Accelarray/src/SystolicArray/PE.v:55$26_Y.
Removed top 15 bits (of 32) from wire systolic_array_8x8.$flatten\ROWS[1].COLS[6].pe_inst.$add$/home/safan/Accelarray/src/SystolicArray/PE.v:55$26_Y.
Removed top 15 bits (of 32) from wire systolic_array_8x8.$flatten\ROWS[1].COLS[7].pe_inst.$add$/home/safan/Accelarray/src/SystolicArray/PE.v:55$26_Y.
Removed top 16 bits (of 32) from wire systolic_array_8x8.psum_wire[10].
Removed top 16 bits (of 32) from wire systolic_array_8x8.psum_wire[11].
Removed top 16 bits (of 32) from wire systolic_array_8x8.psum_wire[12].
Removed top 16 bits (of 32) from wire systolic_array_8x8.psum_wire[13].
Removed top 16 bits (of 32) from wire systolic_array_8x8.psum_wire[14].
Removed top 16 bits (of 32) from wire systolic_array_8x8.psum_wire[15].
Removed top 16 bits (of 32) from wire systolic_array_8x8.psum_wire[8].
Removed top 16 bits (of 32) from wire systolic_array_8x8.psum_wire[9].

78. Executing PEEPOPT pass (run peephole optimizers).

79. Executing OPT_CLEAN pass (remove unused cells and wires).
Finding unused cells or wires in module \systolic_array_8x8..
Removed 0 unused cells and 16 unused wires.
<suppressed ~1 debug messages>

80. Executing ALUMACC pass (create $alu and $macc cells).
Extracting $alu and $macc cells in module systolic_array_8x8:
  creating $macc model for $add$/home/safan/Accelarray/src/SystolicArray/SystolicArray.v:115$287 ($add).
  creating $macc model for $add$/home/safan/Accelarray/src/SystolicArray/SystolicArray.v:116$288 ($add).
  creating $macc model for $add$/home/safan/Accelarray/src/SystolicArray/SystolicArray.v:117$289 ($add).
  creating $macc model for $add$/home/safan/Accelarray/src/SystolicArray/SystolicArray.v:118$290 ($add).
  creating $macc model for $add$/home/safan/Accelarray/src/SystolicArray/SystolicArray.v:119$291 ($add).
  creating $macc model for $add$/home/safan/Accelarray/src/SystolicArray/SystolicArray.v:120$292 ($add).
  creating $macc model for $add$/home/safan/Accelarray/src/SystolicArray/SystolicArray.v:121$293 ($add).
  creating $macc model for $flatten\ROWS[0].COLS[0].pe_inst.$mul$/home/safan/Accelarray/src/SystolicArray/PE.v:40$22 ($mul).
  creating $macc model for $flatten\ROWS[0].COLS[1].pe_inst.$mul$/home/safan/Accelarray/src/SystolicArray/PE.v:40$22 ($mul).
  creating $macc model for $flatten\ROWS[0].COLS[2].pe_inst.$mul$/home/safan/Accelarray/src/SystolicArray/PE.v:40$22 ($mul).
  creating $macc model for $flatten\ROWS[0].COLS[3].pe_inst.$mul$/home/safan/Accelarray/src/SystolicArray/PE.v:40$22 ($mul).
  creating $macc model for $flatten\ROWS[0].COLS[4].pe_inst.$mul$/home/safan/Accelarray/src/SystolicArray/PE.v:40$22 ($mul).
  creating $macc model for $flatten\ROWS[0].COLS[5].pe_inst.$mul$/home/safan/Accelarray/src/SystolicArray/PE.v:40$22 ($mul).
  creating $macc model for $flatten\ROWS[0].COLS[6].pe_inst.$mul$/home/safan/Accelarray/src/SystolicArray/PE.v:40$22 ($mul).
  creating $macc model for $flatten\ROWS[0].COLS[7].pe_inst.$mul$/home/safan/Accelarray/src/SystolicArray/PE.v:40$22 ($mul).
  creating $macc model for $flatten\ROWS[1].COLS[0].pe_inst.$add$/home/safan/Accelarray/src/SystolicArray/PE.v:55$26 ($add).
  creating $macc model for $flatten\ROWS[1].COLS[0].pe_inst.$mul$/home/safan/Accelarray/src/SystolicArray/PE.v:40$22 ($mul).
  creating $macc model for $flatten\ROWS[1].COLS[1].pe_inst.$add$/home/safan/Accelarray/src/SystolicArray/PE.v:55$26 ($add).
  creating $macc model for $flatten\ROWS[1].COLS[1].pe_inst.$mul$/home/safan/Accelarray/src/SystolicArray/PE.v:40$22 ($mul).
  creating $macc model for $flatten\ROWS[1].COLS[2].pe_inst.$add$/home/safan/Accelarray/src/SystolicArray/PE.v:55$26 ($add).
  creating $macc model for $flatten\ROWS[1].COLS[2].pe_inst.$mul$/home/safan/Accelarray/src/SystolicArray/PE.v:40$22 ($mul).
  creating $macc model for $flatten\ROWS[1].COLS[3].pe_inst.$add$/home/safan/Accelarray/src/SystolicArray/PE.v:55$26 ($add).
  creating $macc model for $flatten\ROWS[1].COLS[3].pe_inst.$mul$/home/safan/Accelarray/src/SystolicArray/PE.v:40$22 ($mul).
  creating $macc model for $flatten\ROWS[1].COLS[4].pe_inst.$add$/home/safan/Accelarray/src/SystolicArray/PE.v:55$26 ($add).
  creating $macc model for $flatten\ROWS[1].COLS[4].pe_inst.$mul$/home/safan/Accelarray/src/SystolicArray/PE.v:40$22 ($mul).
  creating $macc model for $flatten\ROWS[1].COLS[5].pe_inst.$add$/home/safan/Accelarray/src/SystolicArray/PE.v:55$26 ($add).
  creating $macc model for $flatten\ROWS[1].COLS[5].pe_inst.$mul$/home/safan/Accelarray/src/SystolicArray/PE.v:40$22 ($mul).
  creating $macc model for $flatten\ROWS[1].COLS[6].pe_inst.$add$/home/safan/Accelarray/src/SystolicArray/PE.v:55$26 ($add).
  creating $macc model for $flatten\ROWS[1].COLS[6].pe_inst.$mul$/home/safan/Accelarray/src/SystolicArray/PE.v:40$22 ($mul).
  creating $macc model for $flatten\ROWS[1].COLS[7].pe_inst.$add$/home/safan/Accelarray/src/SystolicArray/PE.v:55$26 ($add).
  creating $macc model for $flatten\ROWS[1].COLS[7].pe_inst.$mul$/home/safan/Accelarray/src/SystolicArray/PE.v:40$22 ($mul).
  creating $macc model for $flatten\ROWS[2].COLS[0].pe_inst.$add$/home/safan/Accelarray/src/SystolicArray/PE.v:55$26 ($add).
  creating $macc model for $flatten\ROWS[2].COLS[0].pe_inst.$mul$/home/safan/Accelarray/src/SystolicArray/PE.v:40$22 ($mul).
  creating $macc model for $flatten\ROWS[2].COLS[1].pe_inst.$add$/home/safan/Accelarray/src/SystolicArray/PE.v:55$26 ($add).
  creating $macc model for $flatten\ROWS[2].COLS[1].pe_inst.$mul$/home/safan/Accelarray/src/SystolicArray/PE.v:40$22 ($mul).
  creating $macc model for $flatten\ROWS[2].COLS[2].pe_inst.$add$/home/safan/Accelarray/src/SystolicArray/PE.v:55$26 ($add).
  creating $macc model for $flatten\ROWS[2].COLS[2].pe_inst.$mul$/home/safan/Accelarray/src/SystolicArray/PE.v:40$22 ($mul).
  creating $macc model for $flatten\ROWS[2].COLS[3].pe_inst.$add$/home/safan/Accelarray/src/SystolicArray/PE.v:55$26 ($add).
  creating $macc model for $flatten\ROWS[2].COLS[3].pe_inst.$mul$/home/safan/Accelarray/src/SystolicArray/PE.v:40$22 ($mul).
  creating $macc model for $flatten\ROWS[2].COLS[4].pe_inst.$add$/home/safan/Accelarray/src/SystolicArray/PE.v:55$26 ($add).
  creating $macc model for $flatten\ROWS[2].COLS[4].pe_inst.$mul$/home/safan/Accelarray/src/SystolicArray/PE.v:40$22 ($mul).
  creating $macc model for $flatten\ROWS[2].COLS[5].pe_inst.$add$/home/safan/Accelarray/src/SystolicArray/PE.v:55$26 ($add).
  creating $macc model for $flatten\ROWS[2].COLS[5].pe_inst.$mul$/home/safan/Accelarray/src/SystolicArray/PE.v:40$22 ($mul).
  creating $macc model for $flatten\ROWS[2].COLS[6].pe_inst.$add$/home/safan/Accelarray/src/SystolicArray/PE.v:55$26 ($add).
  creating $macc model for $flatten\ROWS[2].COLS[6].pe_inst.$mul$/home/safan/Accelarray/src/SystolicArray/PE.v:40$22 ($mul).
  creating $macc model for $flatten\ROWS[2].COLS[7].pe_inst.$add$/home/safan/Accelarray/src/SystolicArray/PE.v:55$26 ($add).
  creating $macc model for $flatten\ROWS[2].COLS[7].pe_inst.$mul$/home/safan/Accelarray/src/SystolicArray/PE.v:40$22 ($mul).
  creating $macc model for $flatten\ROWS[3].COLS[0].pe_inst.$add$/home/safan/Accelarray/src/SystolicArray/PE.v:55$26 ($add).
  creating $macc model for $flatten\ROWS[3].COLS[0].pe_inst.$mul$/home/safan/Accelarray/src/SystolicArray/PE.v:40$22 ($mul).
  creating $macc model for $flatten\ROWS[3].COLS[1].pe_inst.$add$/home/safan/Accelarray/src/SystolicArray/PE.v:55$26 ($add).
  creating $macc model for $flatten\ROWS[3].COLS[1].pe_inst.$mul$/home/safan/Accelarray/src/SystolicArray/PE.v:40$22 ($mul).
  creating $macc model for $flatten\ROWS[3].COLS[2].pe_inst.$add$/home/safan/Accelarray/src/SystolicArray/PE.v:55$26 ($add).
  creating $macc model for $flatten\ROWS[3].COLS[2].pe_inst.$mul$/home/safan/Accelarray/src/SystolicArray/PE.v:40$22 ($mul).
  creating $macc model for $flatten\ROWS[3].COLS[3].pe_inst.$add$/home/safan/Accelarray/src/SystolicArray/PE.v:55$26 ($add).
  creating $macc model for $flatten\ROWS[3].COLS[3].pe_inst.$mul$/home/safan/Accelarray/src/SystolicArray/PE.v:40$22 ($mul).
  creating $macc model for $flatten\ROWS[3].COLS[4].pe_inst.$add$/home/safan/Accelarray/src/SystolicArray/PE.v:55$26 ($add).
  creating $macc model for $flatten\ROWS[3].COLS[4].pe_inst.$mul$/home/safan/Accelarray/src/SystolicArray/PE.v:40$22 ($mul).
  creating $macc model for $flatten\ROWS[3].COLS[5].pe_inst.$add$/home/safan/Accelarray/src/SystolicArray/PE.v:55$26 ($add).
  creating $macc model for $flatten\ROWS[3].COLS[5].pe_inst.$mul$/home/safan/Accelarray/src/SystolicArray/PE.v:40$22 ($mul).
  creating $macc model for $flatten\ROWS[3].COLS[6].pe_inst.$add$/home/safan/Accelarray/src/SystolicArray/PE.v:55$26 ($add).
  creating $macc model for $flatten\ROWS[3].COLS[6].pe_inst.$mul$/home/safan/Accelarray/src/SystolicArray/PE.v:40$22 ($mul).
  creating $macc model for $flatten\ROWS[3].COLS[7].pe_inst.$add$/home/safan/Accelarray/src/SystolicArray/PE.v:55$26 ($add).
  creating $macc model for $flatten\ROWS[3].COLS[7].pe_inst.$mul$/home/safan/Accelarray/src/SystolicArray/PE.v:40$22 ($mul).
  creating $macc model for $flatten\ROWS[4].COLS[0].pe_inst.$add$/home/safan/Accelarray/src/SystolicArray/PE.v:55$26 ($add).
  creating $macc model for $flatten\ROWS[4].COLS[0].pe_inst.$mul$/home/safan/Accelarray/src/SystolicArray/PE.v:40$22 ($mul).
  creating $macc model for $flatten\ROWS[4].COLS[1].pe_inst.$add$/home/safan/Accelarray/src/SystolicArray/PE.v:55$26 ($add).
  creating $macc model for $flatten\ROWS[4].COLS[1].pe_inst.$mul$/home/safan/Accelarray/src/SystolicArray/PE.v:40$22 ($mul).
  creating $macc model for $flatten\ROWS[4].COLS[2].pe_inst.$add$/home/safan/Accelarray/src/SystolicArray/PE.v:55$26 ($add).
  creating $macc model for $flatten\ROWS[4].COLS[2].pe_inst.$mul$/home/safan/Accelarray/src/SystolicArray/PE.v:40$22 ($mul).
  creating $macc model for $flatten\ROWS[4].COLS[3].pe_inst.$add$/home/safan/Accelarray/src/SystolicArray/PE.v:55$26 ($add).
  creating $macc model for $flatten\ROWS[4].COLS[3].pe_inst.$mul$/home/safan/Accelarray/src/SystolicArray/PE.v:40$22 ($mul).
  creating $macc model for $flatten\ROWS[4].COLS[4].pe_inst.$add$/home/safan/Accelarray/src/SystolicArray/PE.v:55$26 ($add).
  creating $macc model for $flatten\ROWS[4].COLS[4].pe_inst.$mul$/home/safan/Accelarray/src/SystolicArray/PE.v:40$22 ($mul).
  creating $macc model for $flatten\ROWS[4].COLS[5].pe_inst.$add$/home/safan/Accelarray/src/SystolicArray/PE.v:55$26 ($add).
  creating $macc model for $flatten\ROWS[4].COLS[5].pe_inst.$mul$/home/safan/Accelarray/src/SystolicArray/PE.v:40$22 ($mul).
  creating $macc model for $flatten\ROWS[4].COLS[6].pe_inst.$add$/home/safan/Accelarray/src/SystolicArray/PE.v:55$26 ($add).
  creating $macc model for $flatten\ROWS[4].COLS[6].pe_inst.$mul$/home/safan/Accelarray/src/SystolicArray/PE.v:40$22 ($mul).
  creating $macc model for $flatten\ROWS[4].COLS[7].pe_inst.$add$/home/safan/Accelarray/src/SystolicArray/PE.v:55$26 ($add).
  creating $macc model for $flatten\ROWS[4].COLS[7].pe_inst.$mul$/home/safan/Accelarray/src/SystolicArray/PE.v:40$22 ($mul).
  creating $macc model for $flatten\ROWS[5].COLS[0].pe_inst.$add$/home/safan/Accelarray/src/SystolicArray/PE.v:55$26 ($add).
  creating $macc model for $flatten\ROWS[5].COLS[0].pe_inst.$mul$/home/safan/Accelarray/src/SystolicArray/PE.v:40$22 ($mul).
  creating $macc model for $flatten\ROWS[5].COLS[1].pe_inst.$add$/home/safan/Accelarray/src/SystolicArray/PE.v:55$26 ($add).
  creating $macc model for $flatten\ROWS[5].COLS[1].pe_inst.$mul$/home/safan/Accelarray/src/SystolicArray/PE.v:40$22 ($mul).
  creating $macc model for $flatten\ROWS[5].COLS[2].pe_inst.$add$/home/safan/Accelarray/src/SystolicArray/PE.v:55$26 ($add).
  creating $macc model for $flatten\ROWS[5].COLS[2].pe_inst.$mul$/home/safan/Accelarray/src/SystolicArray/PE.v:40$22 ($mul).
  creating $macc model for $flatten\ROWS[5].COLS[3].pe_inst.$add$/home/safan/Accelarray/src/SystolicArray/PE.v:55$26 ($add).
  creating $macc model for $flatten\ROWS[5].COLS[3].pe_inst.$mul$/home/safan/Accelarray/src/SystolicArray/PE.v:40$22 ($mul).
  creating $macc model for $flatten\ROWS[5].COLS[4].pe_inst.$add$/home/safan/Accelarray/src/SystolicArray/PE.v:55$26 ($add).
  creating $macc model for $flatten\ROWS[5].COLS[4].pe_inst.$mul$/home/safan/Accelarray/src/SystolicArray/PE.v:40$22 ($mul).
  creating $macc model for $flatten\ROWS[5].COLS[5].pe_inst.$add$/home/safan/Accelarray/src/SystolicArray/PE.v:55$26 ($add).
  creating $macc model for $flatten\ROWS[5].COLS[5].pe_inst.$mul$/home/safan/Accelarray/src/SystolicArray/PE.v:40$22 ($mul).
  creating $macc model for $flatten\ROWS[5].COLS[6].pe_inst.$add$/home/safan/Accelarray/src/SystolicArray/PE.v:55$26 ($add).
  creating $macc model for $flatten\ROWS[5].COLS[6].pe_inst.$mul$/home/safan/Accelarray/src/SystolicArray/PE.v:40$22 ($mul).
  creating $macc model for $flatten\ROWS[5].COLS[7].pe_inst.$add$/home/safan/Accelarray/src/SystolicArray/PE.v:55$26 ($add).
  creating $macc model for $flatten\ROWS[5].COLS[7].pe_inst.$mul$/home/safan/Accelarray/src/SystolicArray/PE.v:40$22 ($mul).
  creating $macc model for $flatten\ROWS[6].COLS[0].pe_inst.$add$/home/safan/Accelarray/src/SystolicArray/PE.v:55$26 ($add).
  creating $macc model for $flatten\ROWS[6].COLS[0].pe_inst.$mul$/home/safan/Accelarray/src/SystolicArray/PE.v:40$22 ($mul).
  creating $macc model for $flatten\ROWS[6].COLS[1].pe_inst.$add$/home/safan/Accelarray/src/SystolicArray/PE.v:55$26 ($add).
  creating $macc model for $flatten\ROWS[6].COLS[1].pe_inst.$mul$/home/safan/Accelarray/src/SystolicArray/PE.v:40$22 ($mul).
  creating $macc model for $flatten\ROWS[6].COLS[2].pe_inst.$add$/home/safan/Accelarray/src/SystolicArray/PE.v:55$26 ($add).
  creating $macc model for $flatten\ROWS[6].COLS[2].pe_inst.$mul$/home/safan/Accelarray/src/SystolicArray/PE.v:40$22 ($mul).
  creating $macc model for $flatten\ROWS[6].COLS[3].pe_inst.$add$/home/safan/Accelarray/src/SystolicArray/PE.v:55$26 ($add).
  creating $macc model for $flatten\ROWS[6].COLS[3].pe_inst.$mul$/home/safan/Accelarray/src/SystolicArray/PE.v:40$22 ($mul).
  creating $macc model for $flatten\ROWS[6].COLS[4].pe_inst.$add$/home/safan/Accelarray/src/SystolicArray/PE.v:55$26 ($add).
  creating $macc model for $flatten\ROWS[6].COLS[4].pe_inst.$mul$/home/safan/Accelarray/src/SystolicArray/PE.v:40$22 ($mul).
  creating $macc model for $flatten\ROWS[6].COLS[5].pe_inst.$add$/home/safan/Accelarray/src/SystolicArray/PE.v:55$26 ($add).
  creating $macc model for $flatten\ROWS[6].COLS[5].pe_inst.$mul$/home/safan/Accelarray/src/SystolicArray/PE.v:40$22 ($mul).
  creating $macc model for $flatten\ROWS[6].COLS[6].pe_inst.$add$/home/safan/Accelarray/src/SystolicArray/PE.v:55$26 ($add).
  creating $macc model for $flatten\ROWS[6].COLS[6].pe_inst.$mul$/home/safan/Accelarray/src/SystolicArray/PE.v:40$22 ($mul).
  creating $macc model for $flatten\ROWS[6].COLS[7].pe_inst.$add$/home/safan/Accelarray/src/SystolicArray/PE.v:55$26 ($add).
  creating $macc model for $flatten\ROWS[6].COLS[7].pe_inst.$mul$/home/safan/Accelarray/src/SystolicArray/PE.v:40$22 ($mul).
  creating $macc model for $flatten\ROWS[7].COLS[0].pe_inst.$add$/home/safan/Accelarray/src/SystolicArray/PE.v:55$26 ($add).
  creating $macc model for $flatten\ROWS[7].COLS[0].pe_inst.$mul$/home/safan/Accelarray/src/SystolicArray/PE.v:40$22 ($mul).
  creating $macc model for $flatten\ROWS[7].COLS[1].pe_inst.$add$/home/safan/Accelarray/src/SystolicArray/PE.v:55$26 ($add).
  creating $macc model for $flatten\ROWS[7].COLS[1].pe_inst.$mul$/home/safan/Accelarray/src/SystolicArray/PE.v:40$22 ($mul).
  creating $macc model for $flatten\ROWS[7].COLS[2].pe_inst.$add$/home/safan/Accelarray/src/SystolicArray/PE.v:55$26 ($add).
  creating $macc model for $flatten\ROWS[7].COLS[2].pe_inst.$mul$/home/safan/Accelarray/src/SystolicArray/PE.v:40$22 ($mul).
  creating $macc model for $flatten\ROWS[7].COLS[3].pe_inst.$add$/home/safan/Accelarray/src/SystolicArray/PE.v:55$26 ($add).
  creating $macc model for $flatten\ROWS[7].COLS[3].pe_inst.$mul$/home/safan/Accelarray/src/SystolicArray/PE.v:40$22 ($mul).
  creating $macc model for $flatten\ROWS[7].COLS[4].pe_inst.$add$/home/safan/Accelarray/src/SystolicArray/PE.v:55$26 ($add).
  creating $macc model for $flatten\ROWS[7].COLS[4].pe_inst.$mul$/home/safan/Accelarray/src/SystolicArray/PE.v:40$22 ($mul).
  creating $macc model for $flatten\ROWS[7].COLS[5].pe_inst.$add$/home/safan/Accelarray/src/SystolicArray/PE.v:55$26 ($add).
  creating $macc model for $flatten\ROWS[7].COLS[5].pe_inst.$mul$/home/safan/Accelarray/src/SystolicArray/PE.v:40$22 ($mul).
  creating $macc model for $flatten\ROWS[7].COLS[6].pe_inst.$add$/home/safan/Accelarray/src/SystolicArray/PE.v:55$26 ($add).
  creating $macc model for $flatten\ROWS[7].COLS[6].pe_inst.$mul$/home/safan/Accelarray/src/SystolicArray/PE.v:40$22 ($mul).
  creating $macc model for $flatten\ROWS[7].COLS[7].pe_inst.$add$/home/safan/Accelarray/src/SystolicArray/PE.v:55$26 ($add).
  creating $macc model for $flatten\ROWS[7].COLS[7].pe_inst.$mul$/home/safan/Accelarray/src/SystolicArray/PE.v:40$22 ($mul).
  creating $alu model for $macc $flatten\ROWS[7].COLS[7].pe_inst.$add$/home/safan/Accelarray/src/SystolicArray/PE.v:55$26.
  creating $alu model for $macc $flatten\ROWS[7].COLS[6].pe_inst.$add$/home/safan/Accelarray/src/SystolicArray/PE.v:55$26.
  creating $alu model for $macc $flatten\ROWS[7].COLS[5].pe_inst.$add$/home/safan/Accelarray/src/SystolicArray/PE.v:55$26.
  creating $alu model for $macc $flatten\ROWS[7].COLS[4].pe_inst.$add$/home/safan/Accelarray/src/SystolicArray/PE.v:55$26.
  creating $alu model for $macc $flatten\ROWS[7].COLS[3].pe_inst.$add$/home/safan/Accelarray/src/SystolicArray/PE.v:55$26.
  creating $alu model for $macc $flatten\ROWS[7].COLS[2].pe_inst.$add$/home/safan/Accelarray/src/SystolicArray/PE.v:55$26.
  creating $alu model for $macc $flatten\ROWS[7].COLS[1].pe_inst.$add$/home/safan/Accelarray/src/SystolicArray/PE.v:55$26.
  creating $alu model for $macc $flatten\ROWS[7].COLS[0].pe_inst.$add$/home/safan/Accelarray/src/SystolicArray/PE.v:55$26.
  creating $alu model for $macc $flatten\ROWS[6].COLS[7].pe_inst.$add$/home/safan/Accelarray/src/SystolicArray/PE.v:55$26.
  creating $alu model for $macc $flatten\ROWS[6].COLS[6].pe_inst.$add$/home/safan/Accelarray/src/SystolicArray/PE.v:55$26.
  creating $alu model for $macc $flatten\ROWS[6].COLS[5].pe_inst.$add$/home/safan/Accelarray/src/SystolicArray/PE.v:55$26.
  creating $alu model for $macc $flatten\ROWS[6].COLS[4].pe_inst.$add$/home/safan/Accelarray/src/SystolicArray/PE.v:55$26.
  creating $alu model for $macc $flatten\ROWS[6].COLS[3].pe_inst.$add$/home/safan/Accelarray/src/SystolicArray/PE.v:55$26.
  creating $alu model for $macc $flatten\ROWS[6].COLS[2].pe_inst.$add$/home/safan/Accelarray/src/SystolicArray/PE.v:55$26.
  creating $alu model for $macc $flatten\ROWS[6].COLS[1].pe_inst.$add$/home/safan/Accelarray/src/SystolicArray/PE.v:55$26.
  creating $alu model for $macc $flatten\ROWS[6].COLS[0].pe_inst.$add$/home/safan/Accelarray/src/SystolicArray/PE.v:55$26.
  creating $alu model for $macc $flatten\ROWS[5].COLS[7].pe_inst.$add$/home/safan/Accelarray/src/SystolicArray/PE.v:55$26.
  creating $alu model for $macc $flatten\ROWS[5].COLS[6].pe_inst.$add$/home/safan/Accelarray/src/SystolicArray/PE.v:55$26.
  creating $alu model for $macc $flatten\ROWS[5].COLS[5].pe_inst.$add$/home/safan/Accelarray/src/SystolicArray/PE.v:55$26.
  creating $alu model for $macc $flatten\ROWS[5].COLS[4].pe_inst.$add$/home/safan/Accelarray/src/SystolicArray/PE.v:55$26.
  creating $alu model for $macc $flatten\ROWS[5].COLS[3].pe_inst.$add$/home/safan/Accelarray/src/SystolicArray/PE.v:55$26.
  creating $alu model for $macc $flatten\ROWS[5].COLS[2].pe_inst.$add$/home/safan/Accelarray/src/SystolicArray/PE.v:55$26.
  creating $alu model for $macc $flatten\ROWS[5].COLS[1].pe_inst.$add$/home/safan/Accelarray/src/SystolicArray/PE.v:55$26.
  creating $alu model for $macc $flatten\ROWS[5].COLS[0].pe_inst.$add$/home/safan/Accelarray/src/SystolicArray/PE.v:55$26.
  creating $alu model for $macc $flatten\ROWS[4].COLS[7].pe_inst.$add$/home/safan/Accelarray/src/SystolicArray/PE.v:55$26.
  creating $alu model for $macc $flatten\ROWS[4].COLS[6].pe_inst.$add$/home/safan/Accelarray/src/SystolicArray/PE.v:55$26.
  creating $alu model for $macc $flatten\ROWS[4].COLS[5].pe_inst.$add$/home/safan/Accelarray/src/SystolicArray/PE.v:55$26.
  creating $alu model for $macc $flatten\ROWS[4].COLS[4].pe_inst.$add$/home/safan/Accelarray/src/SystolicArray/PE.v:55$26.
  creating $alu model for $macc $flatten\ROWS[4].COLS[3].pe_inst.$add$/home/safan/Accelarray/src/SystolicArray/PE.v:55$26.
  creating $alu model for $macc $flatten\ROWS[4].COLS[2].pe_inst.$add$/home/safan/Accelarray/src/SystolicArray/PE.v:55$26.
  creating $alu model for $macc $flatten\ROWS[4].COLS[1].pe_inst.$add$/home/safan/Accelarray/src/SystolicArray/PE.v:55$26.
  creating $alu model for $macc $flatten\ROWS[4].COLS[0].pe_inst.$add$/home/safan/Accelarray/src/SystolicArray/PE.v:55$26.
  creating $alu model for $macc $flatten\ROWS[3].COLS[7].pe_inst.$add$/home/safan/Accelarray/src/SystolicArray/PE.v:55$26.
  creating $alu model for $macc $flatten\ROWS[3].COLS[6].pe_inst.$add$/home/safan/Accelarray/src/SystolicArray/PE.v:55$26.
  creating $alu model for $macc $flatten\ROWS[3].COLS[5].pe_inst.$add$/home/safan/Accelarray/src/SystolicArray/PE.v:55$26.
  creating $alu model for $macc $flatten\ROWS[3].COLS[4].pe_inst.$add$/home/safan/Accelarray/src/SystolicArray/PE.v:55$26.
  creating $alu model for $macc $flatten\ROWS[3].COLS[3].pe_inst.$add$/home/safan/Accelarray/src/SystolicArray/PE.v:55$26.
  creating $alu model for $macc $flatten\ROWS[3].COLS[2].pe_inst.$add$/home/safan/Accelarray/src/SystolicArray/PE.v:55$26.
  creating $alu model for $macc $flatten\ROWS[3].COLS[1].pe_inst.$add$/home/safan/Accelarray/src/SystolicArray/PE.v:55$26.
  creating $alu model for $macc $flatten\ROWS[3].COLS[0].pe_inst.$add$/home/safan/Accelarray/src/SystolicArray/PE.v:55$26.
  creating $alu model for $macc $flatten\ROWS[2].COLS[7].pe_inst.$add$/home/safan/Accelarray/src/SystolicArray/PE.v:55$26.
  creating $alu model for $macc $flatten\ROWS[2].COLS[6].pe_inst.$add$/home/safan/Accelarray/src/SystolicArray/PE.v:55$26.
  creating $alu model for $macc $flatten\ROWS[2].COLS[5].pe_inst.$add$/home/safan/Accelarray/src/SystolicArray/PE.v:55$26.
  creating $alu model for $macc $flatten\ROWS[2].COLS[4].pe_inst.$add$/home/safan/Accelarray/src/SystolicArray/PE.v:55$26.
  creating $alu model for $macc $flatten\ROWS[2].COLS[3].pe_inst.$add$/home/safan/Accelarray/src/SystolicArray/PE.v:55$26.
  creating $alu model for $macc $flatten\ROWS[2].COLS[2].pe_inst.$add$/home/safan/Accelarray/src/SystolicArray/PE.v:55$26.
  creating $alu model for $macc $flatten\ROWS[2].COLS[1].pe_inst.$add$/home/safan/Accelarray/src/SystolicArray/PE.v:55$26.
  creating $alu model for $macc $flatten\ROWS[2].COLS[0].pe_inst.$add$/home/safan/Accelarray/src/SystolicArray/PE.v:55$26.
  creating $alu model for $macc $flatten\ROWS[1].COLS[7].pe_inst.$add$/home/safan/Accelarray/src/SystolicArray/PE.v:55$26.
  creating $alu model for $macc $flatten\ROWS[1].COLS[6].pe_inst.$add$/home/safan/Accelarray/src/SystolicArray/PE.v:55$26.
  creating $alu model for $macc $flatten\ROWS[1].COLS[5].pe_inst.$add$/home/safan/Accelarray/src/SystolicArray/PE.v:55$26.
  creating $alu model for $macc $flatten\ROWS[1].COLS[4].pe_inst.$add$/home/safan/Accelarray/src/SystolicArray/PE.v:55$26.
  creating $alu model for $macc $flatten\ROWS[1].COLS[3].pe_inst.$add$/home/safan/Accelarray/src/SystolicArray/PE.v:55$26.
  creating $alu model for $macc $flatten\ROWS[1].COLS[2].pe_inst.$add$/home/safan/Accelarray/src/SystolicArray/PE.v:55$26.
  creating $alu model for $macc $flatten\ROWS[1].COLS[1].pe_inst.$add$/home/safan/Accelarray/src/SystolicArray/PE.v:55$26.
  creating $alu model for $macc $flatten\ROWS[1].COLS[0].pe_inst.$add$/home/safan/Accelarray/src/SystolicArray/PE.v:55$26.
  creating $alu model for $macc $add$/home/safan/Accelarray/src/SystolicArray/SystolicArray.v:121$293.
  creating $alu model for $macc $add$/home/safan/Accelarray/src/SystolicArray/SystolicArray.v:120$292.
  creating $alu model for $macc $add$/home/safan/Accelarray/src/SystolicArray/SystolicArray.v:119$291.
  creating $alu model for $macc $add$/home/safan/Accelarray/src/SystolicArray/SystolicArray.v:118$290.
  creating $alu model for $macc $add$/home/safan/Accelarray/src/SystolicArray/SystolicArray.v:117$289.
  creating $alu model for $macc $add$/home/safan/Accelarray/src/SystolicArray/SystolicArray.v:116$288.
  creating $alu model for $macc $add$/home/safan/Accelarray/src/SystolicArray/SystolicArray.v:115$287.
  creating $macc cell for $flatten\ROWS[5].COLS[2].pe_inst.$mul$/home/safan/Accelarray/src/SystolicArray/PE.v:40$22: $auto$alumacc.cc:365:replace_macc$2094
  creating $macc cell for $flatten\ROWS[3].COLS[7].pe_inst.$mul$/home/safan/Accelarray/src/SystolicArray/PE.v:40$22: $auto$alumacc.cc:365:replace_macc$2095
  creating $macc cell for $flatten\ROWS[6].COLS[0].pe_inst.$mul$/home/safan/Accelarray/src/SystolicArray/PE.v:40$22: $auto$alumacc.cc:365:replace_macc$2096
  creating $macc cell for $flatten\ROWS[3].COLS[6].pe_inst.$mul$/home/safan/Accelarray/src/SystolicArray/PE.v:40$22: $auto$alumacc.cc:365:replace_macc$2097
  creating $macc cell for $flatten\ROWS[4].COLS[7].pe_inst.$mul$/home/safan/Accelarray/src/SystolicArray/PE.v:40$22: $auto$alumacc.cc:365:replace_macc$2098
  creating $macc cell for $flatten\ROWS[3].COLS[5].pe_inst.$mul$/home/safan/Accelarray/src/SystolicArray/PE.v:40$22: $auto$alumacc.cc:365:replace_macc$2099
  creating $macc cell for $flatten\ROWS[6].COLS[1].pe_inst.$mul$/home/safan/Accelarray/src/SystolicArray/PE.v:40$22: $auto$alumacc.cc:365:replace_macc$2100
  creating $macc cell for $flatten\ROWS[3].COLS[4].pe_inst.$mul$/home/safan/Accelarray/src/SystolicArray/PE.v:40$22: $auto$alumacc.cc:365:replace_macc$2101
  creating $macc cell for $flatten\ROWS[5].COLS[4].pe_inst.$mul$/home/safan/Accelarray/src/SystolicArray/PE.v:40$22: $auto$alumacc.cc:365:replace_macc$2102
  creating $macc cell for $flatten\ROWS[3].COLS[3].pe_inst.$mul$/home/safan/Accelarray/src/SystolicArray/PE.v:40$22: $auto$alumacc.cc:365:replace_macc$2103
  creating $macc cell for $flatten\ROWS[6].COLS[2].pe_inst.$mul$/home/safan/Accelarray/src/SystolicArray/PE.v:40$22: $auto$alumacc.cc:365:replace_macc$2104
  creating $macc cell for $flatten\ROWS[3].COLS[2].pe_inst.$mul$/home/safan/Accelarray/src/SystolicArray/PE.v:40$22: $auto$alumacc.cc:365:replace_macc$2105
  creating $macc cell for $flatten\ROWS[4].COLS[6].pe_inst.$mul$/home/safan/Accelarray/src/SystolicArray/PE.v:40$22: $auto$alumacc.cc:365:replace_macc$2106
  creating $macc cell for $flatten\ROWS[3].COLS[1].pe_inst.$mul$/home/safan/Accelarray/src/SystolicArray/PE.v:40$22: $auto$alumacc.cc:365:replace_macc$2107
  creating $macc cell for $flatten\ROWS[6].COLS[3].pe_inst.$mul$/home/safan/Accelarray/src/SystolicArray/PE.v:40$22: $auto$alumacc.cc:365:replace_macc$2108
  creating $macc cell for $flatten\ROWS[3].COLS[0].pe_inst.$mul$/home/safan/Accelarray/src/SystolicArray/PE.v:40$22: $auto$alumacc.cc:365:replace_macc$2109
  creating $macc cell for $flatten\ROWS[5].COLS[1].pe_inst.$mul$/home/safan/Accelarray/src/SystolicArray/PE.v:40$22: $auto$alumacc.cc:365:replace_macc$2110
  creating $macc cell for $flatten\ROWS[2].COLS[7].pe_inst.$mul$/home/safan/Accelarray/src/SystolicArray/PE.v:40$22: $auto$alumacc.cc:365:replace_macc$2111
  creating $macc cell for $flatten\ROWS[6].COLS[4].pe_inst.$mul$/home/safan/Accelarray/src/SystolicArray/PE.v:40$22: $auto$alumacc.cc:365:replace_macc$2112
  creating $macc cell for $flatten\ROWS[2].COLS[6].pe_inst.$mul$/home/safan/Accelarray/src/SystolicArray/PE.v:40$22: $auto$alumacc.cc:365:replace_macc$2113
  creating $macc cell for $flatten\ROWS[4].COLS[5].pe_inst.$mul$/home/safan/Accelarray/src/SystolicArray/PE.v:40$22: $auto$alumacc.cc:365:replace_macc$2114
  creating $macc cell for $flatten\ROWS[2].COLS[5].pe_inst.$mul$/home/safan/Accelarray/src/SystolicArray/PE.v:40$22: $auto$alumacc.cc:365:replace_macc$2115
  creating $macc cell for $flatten\ROWS[6].COLS[5].pe_inst.$mul$/home/safan/Accelarray/src/SystolicArray/PE.v:40$22: $auto$alumacc.cc:365:replace_macc$2116
  creating $macc cell for $flatten\ROWS[2].COLS[4].pe_inst.$mul$/home/safan/Accelarray/src/SystolicArray/PE.v:40$22: $auto$alumacc.cc:365:replace_macc$2117
  creating $macc cell for $flatten\ROWS[5].COLS[5].pe_inst.$mul$/home/safan/Accelarray/src/SystolicArray/PE.v:40$22: $auto$alumacc.cc:365:replace_macc$2118
  creating $macc cell for $flatten\ROWS[2].COLS[3].pe_inst.$mul$/home/safan/Accelarray/src/SystolicArray/PE.v:40$22: $auto$alumacc.cc:365:replace_macc$2119
  creating $macc cell for $flatten\ROWS[6].COLS[6].pe_inst.$mul$/home/safan/Accelarray/src/SystolicArray/PE.v:40$22: $auto$alumacc.cc:365:replace_macc$2120
  creating $macc cell for $flatten\ROWS[2].COLS[2].pe_inst.$mul$/home/safan/Accelarray/src/SystolicArray/PE.v:40$22: $auto$alumacc.cc:365:replace_macc$2121
  creating $macc cell for $flatten\ROWS[4].COLS[4].pe_inst.$mul$/home/safan/Accelarray/src/SystolicArray/PE.v:40$22: $auto$alumacc.cc:365:replace_macc$2122
  creating $macc cell for $flatten\ROWS[2].COLS[1].pe_inst.$mul$/home/safan/Accelarray/src/SystolicArray/PE.v:40$22: $auto$alumacc.cc:365:replace_macc$2123
  creating $macc cell for $flatten\ROWS[6].COLS[7].pe_inst.$mul$/home/safan/Accelarray/src/SystolicArray/PE.v:40$22: $auto$alumacc.cc:365:replace_macc$2124
  creating $macc cell for $flatten\ROWS[2].COLS[0].pe_inst.$mul$/home/safan/Accelarray/src/SystolicArray/PE.v:40$22: $auto$alumacc.cc:365:replace_macc$2125
  creating $macc cell for $flatten\ROWS[5].COLS[3].pe_inst.$mul$/home/safan/Accelarray/src/SystolicArray/PE.v:40$22: $auto$alumacc.cc:365:replace_macc$2126
  creating $macc cell for $flatten\ROWS[1].COLS[7].pe_inst.$mul$/home/safan/Accelarray/src/SystolicArray/PE.v:40$22: $auto$alumacc.cc:365:replace_macc$2127
  creating $macc cell for $flatten\ROWS[7].COLS[0].pe_inst.$mul$/home/safan/Accelarray/src/SystolicArray/PE.v:40$22: $auto$alumacc.cc:365:replace_macc$2128
  creating $macc cell for $flatten\ROWS[1].COLS[6].pe_inst.$mul$/home/safan/Accelarray/src/SystolicArray/PE.v:40$22: $auto$alumacc.cc:365:replace_macc$2129
  creating $macc cell for $flatten\ROWS[4].COLS[3].pe_inst.$mul$/home/safan/Accelarray/src/SystolicArray/PE.v:40$22: $auto$alumacc.cc:365:replace_macc$2130
  creating $macc cell for $flatten\ROWS[1].COLS[5].pe_inst.$mul$/home/safan/Accelarray/src/SystolicArray/PE.v:40$22: $auto$alumacc.cc:365:replace_macc$2131
  creating $macc cell for $flatten\ROWS[7].COLS[1].pe_inst.$mul$/home/safan/Accelarray/src/SystolicArray/PE.v:40$22: $auto$alumacc.cc:365:replace_macc$2132
  creating $macc cell for $flatten\ROWS[1].COLS[4].pe_inst.$mul$/home/safan/Accelarray/src/SystolicArray/PE.v:40$22: $auto$alumacc.cc:365:replace_macc$2133
  creating $macc cell for $flatten\ROWS[5].COLS[6].pe_inst.$mul$/home/safan/Accelarray/src/SystolicArray/PE.v:40$22: $auto$alumacc.cc:365:replace_macc$2134
  creating $macc cell for $flatten\ROWS[1].COLS[3].pe_inst.$mul$/home/safan/Accelarray/src/SystolicArray/PE.v:40$22: $auto$alumacc.cc:365:replace_macc$2135
  creating $macc cell for $flatten\ROWS[7].COLS[2].pe_inst.$mul$/home/safan/Accelarray/src/SystolicArray/PE.v:40$22: $auto$alumacc.cc:365:replace_macc$2136
  creating $macc cell for $flatten\ROWS[1].COLS[2].pe_inst.$mul$/home/safan/Accelarray/src/SystolicArray/PE.v:40$22: $auto$alumacc.cc:365:replace_macc$2137
  creating $macc cell for $flatten\ROWS[4].COLS[2].pe_inst.$mul$/home/safan/Accelarray/src/SystolicArray/PE.v:40$22: $auto$alumacc.cc:365:replace_macc$2138
  creating $macc cell for $flatten\ROWS[1].COLS[1].pe_inst.$mul$/home/safan/Accelarray/src/SystolicArray/PE.v:40$22: $auto$alumacc.cc:365:replace_macc$2139
  creating $macc cell for $flatten\ROWS[7].COLS[3].pe_inst.$mul$/home/safan/Accelarray/src/SystolicArray/PE.v:40$22: $auto$alumacc.cc:365:replace_macc$2140
  creating $macc cell for $flatten\ROWS[1].COLS[0].pe_inst.$mul$/home/safan/Accelarray/src/SystolicArray/PE.v:40$22: $auto$alumacc.cc:365:replace_macc$2141
  creating $macc cell for $flatten\ROWS[5].COLS[0].pe_inst.$mul$/home/safan/Accelarray/src/SystolicArray/PE.v:40$22: $auto$alumacc.cc:365:replace_macc$2142
  creating $macc cell for $flatten\ROWS[0].COLS[7].pe_inst.$mul$/home/safan/Accelarray/src/SystolicArray/PE.v:40$22: $auto$alumacc.cc:365:replace_macc$2143
  creating $macc cell for $flatten\ROWS[0].COLS[6].pe_inst.$mul$/home/safan/Accelarray/src/SystolicArray/PE.v:40$22: $auto$alumacc.cc:365:replace_macc$2144
  creating $macc cell for $flatten\ROWS[0].COLS[5].pe_inst.$mul$/home/safan/Accelarray/src/SystolicArray/PE.v:40$22: $auto$alumacc.cc:365:replace_macc$2145
  creating $macc cell for $flatten\ROWS[0].COLS[4].pe_inst.$mul$/home/safan/Accelarray/src/SystolicArray/PE.v:40$22: $auto$alumacc.cc:365:replace_macc$2146
  creating $macc cell for $flatten\ROWS[0].COLS[3].pe_inst.$mul$/home/safan/Accelarray/src/SystolicArray/PE.v:40$22: $auto$alumacc.cc:365:replace_macc$2147
  creating $macc cell for $flatten\ROWS[0].COLS[2].pe_inst.$mul$/home/safan/Accelarray/src/SystolicArray/PE.v:40$22: $auto$alumacc.cc:365:replace_macc$2148
  creating $macc cell for $flatten\ROWS[0].COLS[1].pe_inst.$mul$/home/safan/Accelarray/src/SystolicArray/PE.v:40$22: $auto$alumacc.cc:365:replace_macc$2149
  creating $macc cell for $flatten\ROWS[0].COLS[0].pe_inst.$mul$/home/safan/Accelarray/src/SystolicArray/PE.v:40$22: $auto$alumacc.cc:365:replace_macc$2150
  creating $macc cell for $flatten\ROWS[7].COLS[4].pe_inst.$mul$/home/safan/Accelarray/src/SystolicArray/PE.v:40$22: $auto$alumacc.cc:365:replace_macc$2151
  creating $macc cell for $flatten\ROWS[4].COLS[1].pe_inst.$mul$/home/safan/Accelarray/src/SystolicArray/PE.v:40$22: $auto$alumacc.cc:365:replace_macc$2152
  creating $macc cell for $flatten\ROWS[7].COLS[5].pe_inst.$mul$/home/safan/Accelarray/src/SystolicArray/PE.v:40$22: $auto$alumacc.cc:365:replace_macc$2153
  creating $macc cell for $flatten\ROWS[5].COLS[7].pe_inst.$mul$/home/safan/Accelarray/src/SystolicArray/PE.v:40$22: $auto$alumacc.cc:365:replace_macc$2154
  creating $macc cell for $flatten\ROWS[7].COLS[6].pe_inst.$mul$/home/safan/Accelarray/src/SystolicArray/PE.v:40$22: $auto$alumacc.cc:365:replace_macc$2155
  creating $macc cell for $flatten\ROWS[4].COLS[0].pe_inst.$mul$/home/safan/Accelarray/src/SystolicArray/PE.v:40$22: $auto$alumacc.cc:365:replace_macc$2156
  creating $macc cell for $flatten\ROWS[7].COLS[7].pe_inst.$mul$/home/safan/Accelarray/src/SystolicArray/PE.v:40$22: $auto$alumacc.cc:365:replace_macc$2157
  creating $alu cell for $add$/home/safan/Accelarray/src/SystolicArray/SystolicArray.v:115$287: $auto$alumacc.cc:485:replace_alu$2158
  creating $alu cell for $add$/home/safan/Accelarray/src/SystolicArray/SystolicArray.v:116$288: $auto$alumacc.cc:485:replace_alu$2161
  creating $alu cell for $add$/home/safan/Accelarray/src/SystolicArray/SystolicArray.v:117$289: $auto$alumacc.cc:485:replace_alu$2164
  creating $alu cell for $add$/home/safan/Accelarray/src/SystolicArray/SystolicArray.v:118$290: $auto$alumacc.cc:485:replace_alu$2167
  creating $alu cell for $add$/home/safan/Accelarray/src/SystolicArray/SystolicArray.v:119$291: $auto$alumacc.cc:485:replace_alu$2170
  creating $alu cell for $add$/home/safan/Accelarray/src/SystolicArray/SystolicArray.v:120$292: $auto$alumacc.cc:485:replace_alu$2173
  creating $alu cell for $add$/home/safan/Accelarray/src/SystolicArray/SystolicArray.v:121$293: $auto$alumacc.cc:485:replace_alu$2176
  creating $alu cell for $flatten\ROWS[1].COLS[0].pe_inst.$add$/home/safan/Accelarray/src/SystolicArray/PE.v:55$26: $auto$alumacc.cc:485:replace_alu$2179
  creating $alu cell for $flatten\ROWS[1].COLS[1].pe_inst.$add$/home/safan/Accelarray/src/SystolicArray/PE.v:55$26: $auto$alumacc.cc:485:replace_alu$2182
  creating $alu cell for $flatten\ROWS[1].COLS[2].pe_inst.$add$/home/safan/Accelarray/src/SystolicArray/PE.v:55$26: $auto$alumacc.cc:485:replace_alu$2185
  creating $alu cell for $flatten\ROWS[1].COLS[3].pe_inst.$add$/home/safan/Accelarray/src/SystolicArray/PE.v:55$26: $auto$alumacc.cc:485:replace_alu$2188
  creating $alu cell for $flatten\ROWS[1].COLS[4].pe_inst.$add$/home/safan/Accelarray/src/SystolicArray/PE.v:55$26: $auto$alumacc.cc:485:replace_alu$2191
  creating $alu cell for $flatten\ROWS[1].COLS[5].pe_inst.$add$/home/safan/Accelarray/src/SystolicArray/PE.v:55$26: $auto$alumacc.cc:485:replace_alu$2194
  creating $alu cell for $flatten\ROWS[1].COLS[6].pe_inst.$add$/home/safan/Accelarray/src/SystolicArray/PE.v:55$26: $auto$alumacc.cc:485:replace_alu$2197
  creating $alu cell for $flatten\ROWS[1].COLS[7].pe_inst.$add$/home/safan/Accelarray/src/SystolicArray/PE.v:55$26: $auto$alumacc.cc:485:replace_alu$2200
  creating $alu cell for $flatten\ROWS[2].COLS[0].pe_inst.$add$/home/safan/Accelarray/src/SystolicArray/PE.v:55$26: $auto$alumacc.cc:485:replace_alu$2203
  creating $alu cell for $flatten\ROWS[2].COLS[1].pe_inst.$add$/home/safan/Accelarray/src/SystolicArray/PE.v:55$26: $auto$alumacc.cc:485:replace_alu$2206
  creating $alu cell for $flatten\ROWS[2].COLS[2].pe_inst.$add$/home/safan/Accelarray/src/SystolicArray/PE.v:55$26: $auto$alumacc.cc:485:replace_alu$2209
  creating $alu cell for $flatten\ROWS[2].COLS[3].pe_inst.$add$/home/safan/Accelarray/src/SystolicArray/PE.v:55$26: $auto$alumacc.cc:485:replace_alu$2212
  creating $alu cell for $flatten\ROWS[2].COLS[4].pe_inst.$add$/home/safan/Accelarray/src/SystolicArray/PE.v:55$26: $auto$alumacc.cc:485:replace_alu$2215
  creating $alu cell for $flatten\ROWS[2].COLS[5].pe_inst.$add$/home/safan/Accelarray/src/SystolicArray/PE.v:55$26: $auto$alumacc.cc:485:replace_alu$2218
  creating $alu cell for $flatten\ROWS[2].COLS[6].pe_inst.$add$/home/safan/Accelarray/src/SystolicArray/PE.v:55$26: $auto$alumacc.cc:485:replace_alu$2221
  creating $alu cell for $flatten\ROWS[2].COLS[7].pe_inst.$add$/home/safan/Accelarray/src/SystolicArray/PE.v:55$26: $auto$alumacc.cc:485:replace_alu$2224
  creating $alu cell for $flatten\ROWS[3].COLS[0].pe_inst.$add$/home/safan/Accelarray/src/SystolicArray/PE.v:55$26: $auto$alumacc.cc:485:replace_alu$2227
  creating $alu cell for $flatten\ROWS[3].COLS[1].pe_inst.$add$/home/safan/Accelarray/src/SystolicArray/PE.v:55$26: $auto$alumacc.cc:485:replace_alu$2230
  creating $alu cell for $flatten\ROWS[3].COLS[2].pe_inst.$add$/home/safan/Accelarray/src/SystolicArray/PE.v:55$26: $auto$alumacc.cc:485:replace_alu$2233
  creating $alu cell for $flatten\ROWS[3].COLS[3].pe_inst.$add$/home/safan/Accelarray/src/SystolicArray/PE.v:55$26: $auto$alumacc.cc:485:replace_alu$2236
  creating $alu cell for $flatten\ROWS[3].COLS[4].pe_inst.$add$/home/safan/Accelarray/src/SystolicArray/PE.v:55$26: $auto$alumacc.cc:485:replace_alu$2239
  creating $alu cell for $flatten\ROWS[3].COLS[5].pe_inst.$add$/home/safan/Accelarray/src/SystolicArray/PE.v:55$26: $auto$alumacc.cc:485:replace_alu$2242
  creating $alu cell for $flatten\ROWS[3].COLS[6].pe_inst.$add$/home/safan/Accelarray/src/SystolicArray/PE.v:55$26: $auto$alumacc.cc:485:replace_alu$2245
  creating $alu cell for $flatten\ROWS[3].COLS[7].pe_inst.$add$/home/safan/Accelarray/src/SystolicArray/PE.v:55$26: $auto$alumacc.cc:485:replace_alu$2248
  creating $alu cell for $flatten\ROWS[4].COLS[0].pe_inst.$add$/home/safan/Accelarray/src/SystolicArray/PE.v:55$26: $auto$alumacc.cc:485:replace_alu$2251
  creating $alu cell for $flatten\ROWS[4].COLS[1].pe_inst.$add$/home/safan/Accelarray/src/SystolicArray/PE.v:55$26: $auto$alumacc.cc:485:replace_alu$2254
  creating $alu cell for $flatten\ROWS[4].COLS[2].pe_inst.$add$/home/safan/Accelarray/src/SystolicArray/PE.v:55$26: $auto$alumacc.cc:485:replace_alu$2257
  creating $alu cell for $flatten\ROWS[4].COLS[3].pe_inst.$add$/home/safan/Accelarray/src/SystolicArray/PE.v:55$26: $auto$alumacc.cc:485:replace_alu$2260
  creating $alu cell for $flatten\ROWS[4].COLS[4].pe_inst.$add$/home/safan/Accelarray/src/SystolicArray/PE.v:55$26: $auto$alumacc.cc:485:replace_alu$2263
  creating $alu cell for $flatten\ROWS[4].COLS[5].pe_inst.$add$/home/safan/Accelarray/src/SystolicArray/PE.v:55$26: $auto$alumacc.cc:485:replace_alu$2266
  creating $alu cell for $flatten\ROWS[4].COLS[6].pe_inst.$add$/home/safan/Accelarray/src/SystolicArray/PE.v:55$26: $auto$alumacc.cc:485:replace_alu$2269
  creating $alu cell for $flatten\ROWS[4].COLS[7].pe_inst.$add$/home/safan/Accelarray/src/SystolicArray/PE.v:55$26: $auto$alumacc.cc:485:replace_alu$2272
  creating $alu cell for $flatten\ROWS[5].COLS[0].pe_inst.$add$/home/safan/Accelarray/src/SystolicArray/PE.v:55$26: $auto$alumacc.cc:485:replace_alu$2275
  creating $alu cell for $flatten\ROWS[5].COLS[1].pe_inst.$add$/home/safan/Accelarray/src/SystolicArray/PE.v:55$26: $auto$alumacc.cc:485:replace_alu$2278
  creating $alu cell for $flatten\ROWS[5].COLS[2].pe_inst.$add$/home/safan/Accelarray/src/SystolicArray/PE.v:55$26: $auto$alumacc.cc:485:replace_alu$2281
  creating $alu cell for $flatten\ROWS[5].COLS[3].pe_inst.$add$/home/safan/Accelarray/src/SystolicArray/PE.v:55$26: $auto$alumacc.cc:485:replace_alu$2284
  creating $alu cell for $flatten\ROWS[5].COLS[4].pe_inst.$add$/home/safan/Accelarray/src/SystolicArray/PE.v:55$26: $auto$alumacc.cc:485:replace_alu$2287
  creating $alu cell for $flatten\ROWS[5].COLS[5].pe_inst.$add$/home/safan/Accelarray/src/SystolicArray/PE.v:55$26: $auto$alumacc.cc:485:replace_alu$2290
  creating $alu cell for $flatten\ROWS[5].COLS[6].pe_inst.$add$/home/safan/Accelarray/src/SystolicArray/PE.v:55$26: $auto$alumacc.cc:485:replace_alu$2293
  creating $alu cell for $flatten\ROWS[5].COLS[7].pe_inst.$add$/home/safan/Accelarray/src/SystolicArray/PE.v:55$26: $auto$alumacc.cc:485:replace_alu$2296
  creating $alu cell for $flatten\ROWS[6].COLS[0].pe_inst.$add$/home/safan/Accelarray/src/SystolicArray/PE.v:55$26: $auto$alumacc.cc:485:replace_alu$2299
  creating $alu cell for $flatten\ROWS[6].COLS[1].pe_inst.$add$/home/safan/Accelarray/src/SystolicArray/PE.v:55$26: $auto$alumacc.cc:485:replace_alu$2302
  creating $alu cell for $flatten\ROWS[6].COLS[2].pe_inst.$add$/home/safan/Accelarray/src/SystolicArray/PE.v:55$26: $auto$alumacc.cc:485:replace_alu$2305
  creating $alu cell for $flatten\ROWS[6].COLS[3].pe_inst.$add$/home/safan/Accelarray/src/SystolicArray/PE.v:55$26: $auto$alumacc.cc:485:replace_alu$2308
  creating $alu cell for $flatten\ROWS[6].COLS[4].pe_inst.$add$/home/safan/Accelarray/src/SystolicArray/PE.v:55$26: $auto$alumacc.cc:485:replace_alu$2311
  creating $alu cell for $flatten\ROWS[6].COLS[5].pe_inst.$add$/home/safan/Accelarray/src/SystolicArray/PE.v:55$26: $auto$alumacc.cc:485:replace_alu$2314
  creating $alu cell for $flatten\ROWS[6].COLS[6].pe_inst.$add$/home/safan/Accelarray/src/SystolicArray/PE.v:55$26: $auto$alumacc.cc:485:replace_alu$2317
  creating $alu cell for $flatten\ROWS[6].COLS[7].pe_inst.$add$/home/safan/Accelarray/src/SystolicArray/PE.v:55$26: $auto$alumacc.cc:485:replace_alu$2320
  creating $alu cell for $flatten\ROWS[7].COLS[0].pe_inst.$add$/home/safan/Accelarray/src/SystolicArray/PE.v:55$26: $auto$alumacc.cc:485:replace_alu$2323
  creating $alu cell for $flatten\ROWS[7].COLS[1].pe_inst.$add$/home/safan/Accelarray/src/SystolicArray/PE.v:55$26: $auto$alumacc.cc:485:replace_alu$2326
  creating $alu cell for $flatten\ROWS[7].COLS[2].pe_inst.$add$/home/safan/Accelarray/src/SystolicArray/PE.v:55$26: $auto$alumacc.cc:485:replace_alu$2329
  creating $alu cell for $flatten\ROWS[7].COLS[3].pe_inst.$add$/home/safan/Accelarray/src/SystolicArray/PE.v:55$26: $auto$alumacc.cc:485:replace_alu$2332
  creating $alu cell for $flatten\ROWS[7].COLS[4].pe_inst.$add$/home/safan/Accelarray/src/SystolicArray/PE.v:55$26: $auto$alumacc.cc:485:replace_alu$2335
  creating $alu cell for $flatten\ROWS[7].COLS[5].pe_inst.$add$/home/safan/Accelarray/src/SystolicArray/PE.v:55$26: $auto$alumacc.cc:485:replace_alu$2338
  creating $alu cell for $flatten\ROWS[7].COLS[6].pe_inst.$add$/home/safan/Accelarray/src/SystolicArray/PE.v:55$26: $auto$alumacc.cc:485:replace_alu$2341
  creating $alu cell for $flatten\ROWS[7].COLS[7].pe_inst.$add$/home/safan/Accelarray/src/SystolicArray/PE.v:55$26: $auto$alumacc.cc:485:replace_alu$2344
  created 63 $alu and 64 $macc cells.

81. Executing SHARE pass (SAT-based resource sharing).

82. Executing OPT_EXPR pass (perform const folding).
Optimizing module systolic_array_8x8.

83. Executing OPT_MERGE pass (detect identical cells).
Finding identical cells in module `\systolic_array_8x8'.
Removed a total of 0 cells.

84. Executing OPT_MUXTREE pass (detect dead branches in mux trees).
Running muxtree optimizer on module \systolic_array_8x8..
  Creating internal representation of mux trees.
  No muxes found in this module.
Removed 0 multiplexer ports.

85. Executing OPT_REDUCE pass (consolidate $*mux and $reduce_* inputs).
  Optimizing cells in module \systolic_array_8x8.
Performed a total of 0 changes.

86. Executing OPT_MERGE pass (detect identical cells).
Finding identical cells in module `\systolic_array_8x8'.
Removed a total of 0 cells.

87. Executing OPT_DFF pass (perform DFF optimizations).
Setting constant 0-bit at position 17 on $auto$ff.cc:266:slice$1803 ($adffe) from module systolic_array_8x8.
Setting constant 0-bit at position 18 on $auto$ff.cc:266:slice$1803 ($adffe) from module systolic_array_8x8.
Setting constant 0-bit at position 19 on $auto$ff.cc:266:slice$1803 ($adffe) from module systolic_array_8x8.
Setting constant 0-bit at position 20 on $auto$ff.cc:266:slice$1803 ($adffe) from module systolic_array_8x8.
Setting constant 0-bit at position 21 on $auto$ff.cc:266:slice$1803 ($adffe) from module systolic_array_8x8.
Setting constant 0-bit at position 22 on $auto$ff.cc:266:slice$1803 ($adffe) from module systolic_array_8x8.
Setting constant 0-bit at position 23 on $auto$ff.cc:266:slice$1803 ($adffe) from module systolic_array_8x8.
Setting constant 0-bit at position 24 on $auto$ff.cc:266:slice$1803 ($adffe) from module systolic_array_8x8.
Setting constant 0-bit at position 25 on $auto$ff.cc:266:slice$1803 ($adffe) from module systolic_array_8x8.
Setting constant 0-bit at position 26 on $auto$ff.cc:266:slice$1803 ($adffe) from module systolic_array_8x8.
Setting constant 0-bit at position 27 on $auto$ff.cc:266:slice$1803 ($adffe) from module systolic_array_8x8.
Setting constant 0-bit at position 28 on $auto$ff.cc:266:slice$1803 ($adffe) from module systolic_array_8x8.
Setting constant 0-bit at position 29 on $auto$ff.cc:266:slice$1803 ($adffe) from module systolic_array_8x8.
Setting constant 0-bit at position 30 on $auto$ff.cc:266:slice$1803 ($adffe) from module systolic_array_8x8.
Setting constant 0-bit at position 31 on $auto$ff.cc:266:slice$1803 ($adffe) from module systolic_array_8x8.
Setting constant 0-bit at position 17 on $auto$ff.cc:266:slice$1819 ($adffe) from module systolic_array_8x8.
Setting constant 0-bit at position 18 on $auto$ff.cc:266:slice$1819 ($adffe) from module systolic_array_8x8.
Setting constant 0-bit at position 19 on $auto$ff.cc:266:slice$1819 ($adffe) from module systolic_array_8x8.
Setting constant 0-bit at position 20 on $auto$ff.cc:266:slice$1819 ($adffe) from module systolic_array_8x8.
Setting constant 0-bit at position 21 on $auto$ff.cc:266:slice$1819 ($adffe) from module systolic_array_8x8.
Setting constant 0-bit at position 22 on $auto$ff.cc:266:slice$1819 ($adffe) from module systolic_array_8x8.
Setting constant 0-bit at position 23 on $auto$ff.cc:266:slice$1819 ($adffe) from module systolic_array_8x8.
Setting constant 0-bit at position 24 on $auto$ff.cc:266:slice$1819 ($adffe) from module systolic_array_8x8.
Setting constant 0-bit at position 25 on $auto$ff.cc:266:slice$1819 ($adffe) from module systolic_array_8x8.
Setting constant 0-bit at position 26 on $auto$ff.cc:266:slice$1819 ($adffe) from module systolic_array_8x8.
Setting constant 0-bit at position 27 on $auto$ff.cc:266:slice$1819 ($adffe) from module systolic_array_8x8.
Setting constant 0-bit at position 28 on $auto$ff.cc:266:slice$1819 ($adffe) from module systolic_array_8x8.
Setting constant 0-bit at position 29 on $auto$ff.cc:266:slice$1819 ($adffe) from module systolic_array_8x8.
Setting constant 0-bit at position 30 on $auto$ff.cc:266:slice$1819 ($adffe) from module systolic_array_8x8.
Setting constant 0-bit at position 31 on $auto$ff.cc:266:slice$1819 ($adffe) from module systolic_array_8x8.
Setting constant 0-bit at position 17 on $auto$ff.cc:266:slice$1835 ($adffe) from module systolic_array_8x8.
Setting constant 0-bit at position 18 on $auto$ff.cc:266:slice$1835 ($adffe) from module systolic_array_8x8.
Setting constant 0-bit at position 19 on $auto$ff.cc:266:slice$1835 ($adffe) from module systolic_array_8x8.
Setting constant 0-bit at position 20 on $auto$ff.cc:266:slice$1835 ($adffe) from module systolic_array_8x8.
Setting constant 0-bit at position 21 on $auto$ff.cc:266:slice$1835 ($adffe) from module systolic_array_8x8.
Setting constant 0-bit at position 22 on $auto$ff.cc:266:slice$1835 ($adffe) from module systolic_array_8x8.
Setting constant 0-bit at position 23 on $auto$ff.cc:266:slice$1835 ($adffe) from module systolic_array_8x8.
Setting constant 0-bit at position 24 on $auto$ff.cc:266:slice$1835 ($adffe) from module systolic_array_8x8.
Setting constant 0-bit at position 25 on $auto$ff.cc:266:slice$1835 ($adffe) from module systolic_array_8x8.
Setting constant 0-bit at position 26 on $auto$ff.cc:266:slice$1835 ($adffe) from module systolic_array_8x8.
Setting constant 0-bit at position 27 on $auto$ff.cc:266:slice$1835 ($adffe) from module systolic_array_8x8.
Setting constant 0-bit at position 28 on $auto$ff.cc:266:slice$1835 ($adffe) from module systolic_array_8x8.
Setting constant 0-bit at position 29 on $auto$ff.cc:266:slice$1835 ($adffe) from module systolic_array_8x8.
Setting constant 0-bit at position 30 on $auto$ff.cc:266:slice$1835 ($adffe) from module systolic_array_8x8.
Setting constant 0-bit at position 31 on $auto$ff.cc:266:slice$1835 ($adffe) from module systolic_array_8x8.
Setting constant 0-bit at position 17 on $auto$ff.cc:266:slice$1851 ($adffe) from module systolic_array_8x8.
Setting constant 0-bit at position 18 on $auto$ff.cc:266:slice$1851 ($adffe) from module systolic_array_8x8.
Setting constant 0-bit at position 19 on $auto$ff.cc:266:slice$1851 ($adffe) from module systolic_array_8x8.
Setting constant 0-bit at position 20 on $auto$ff.cc:266:slice$1851 ($adffe) from module systolic_array_8x8.
Setting constant 0-bit at position 21 on $auto$ff.cc:266:slice$1851 ($adffe) from module systolic_array_8x8.
Setting constant 0-bit at position 22 on $auto$ff.cc:266:slice$1851 ($adffe) from module systolic_array_8x8.
Setting constant 0-bit at position 23 on $auto$ff.cc:266:slice$1851 ($adffe) from module systolic_array_8x8.
Setting constant 0-bit at position 24 on $auto$ff.cc:266:slice$1851 ($adffe) from module systolic_array_8x8.
Setting constant 0-bit at position 25 on $auto$ff.cc:266:slice$1851 ($adffe) from module systolic_array_8x8.
Setting constant 0-bit at position 26 on $auto$ff.cc:266:slice$1851 ($adffe) from module systolic_array_8x8.
Setting constant 0-bit at position 27 on $auto$ff.cc:266:slice$1851 ($adffe) from module systolic_array_8x8.
Setting constant 0-bit at position 28 on $auto$ff.cc:266:slice$1851 ($adffe) from module systolic_array_8x8.
Setting constant 0-bit at position 29 on $auto$ff.cc:266:slice$1851 ($adffe) from module systolic_array_8x8.
Setting constant 0-bit at position 30 on $auto$ff.cc:266:slice$1851 ($adffe) from module systolic_array_8x8.
Setting constant 0-bit at position 31 on $auto$ff.cc:266:slice$1851 ($adffe) from module systolic_array_8x8.
Setting constant 0-bit at position 17 on $auto$ff.cc:266:slice$1867 ($adffe) from module systolic_array_8x8.
Setting constant 0-bit at position 18 on $auto$ff.cc:266:slice$1867 ($adffe) from module systolic_array_8x8.
Setting constant 0-bit at position 19 on $auto$ff.cc:266:slice$1867 ($adffe) from module systolic_array_8x8.
Setting constant 0-bit at position 20 on $auto$ff.cc:266:slice$1867 ($adffe) from module systolic_array_8x8.
Setting constant 0-bit at position 21 on $auto$ff.cc:266:slice$1867 ($adffe) from module systolic_array_8x8.
Setting constant 0-bit at position 22 on $auto$ff.cc:266:slice$1867 ($adffe) from module systolic_array_8x8.
Setting constant 0-bit at position 23 on $auto$ff.cc:266:slice$1867 ($adffe) from module systolic_array_8x8.
Setting constant 0-bit at position 24 on $auto$ff.cc:266:slice$1867 ($adffe) from module systolic_array_8x8.
Setting constant 0-bit at position 25 on $auto$ff.cc:266:slice$1867 ($adffe) from module systolic_array_8x8.
Setting constant 0-bit at position 26 on $auto$ff.cc:266:slice$1867 ($adffe) from module systolic_array_8x8.
Setting constant 0-bit at position 27 on $auto$ff.cc:266:slice$1867 ($adffe) from module systolic_array_8x8.
Setting constant 0-bit at position 28 on $auto$ff.cc:266:slice$1867 ($adffe) from module systolic_array_8x8.
Setting constant 0-bit at position 29 on $auto$ff.cc:266:slice$1867 ($adffe) from module systolic_array_8x8.
Setting constant 0-bit at position 30 on $auto$ff.cc:266:slice$1867 ($adffe) from module systolic_array_8x8.
Setting constant 0-bit at position 31 on $auto$ff.cc:266:slice$1867 ($adffe) from module systolic_array_8x8.
Setting constant 0-bit at position 17 on $auto$ff.cc:266:slice$1883 ($adffe) from module systolic_array_8x8.
Setting constant 0-bit at position 18 on $auto$ff.cc:266:slice$1883 ($adffe) from module systolic_array_8x8.
Setting constant 0-bit at position 19 on $auto$ff.cc:266:slice$1883 ($adffe) from module systolic_array_8x8.
Setting constant 0-bit at position 20 on $auto$ff.cc:266:slice$1883 ($adffe) from module systolic_array_8x8.
Setting constant 0-bit at position 21 on $auto$ff.cc:266:slice$1883 ($adffe) from module systolic_array_8x8.
Setting constant 0-bit at position 22 on $auto$ff.cc:266:slice$1883 ($adffe) from module systolic_array_8x8.
Setting constant 0-bit at position 23 on $auto$ff.cc:266:slice$1883 ($adffe) from module systolic_array_8x8.
Setting constant 0-bit at position 24 on $auto$ff.cc:266:slice$1883 ($adffe) from module systolic_array_8x8.
Setting constant 0-bit at position 25 on $auto$ff.cc:266:slice$1883 ($adffe) from module systolic_array_8x8.
Setting constant 0-bit at position 26 on $auto$ff.cc:266:slice$1883 ($adffe) from module systolic_array_8x8.
Setting constant 0-bit at position 27 on $auto$ff.cc:266:slice$1883 ($adffe) from module systolic_array_8x8.
Setting constant 0-bit at position 28 on $auto$ff.cc:266:slice$1883 ($adffe) from module systolic_array_8x8.
Setting constant 0-bit at position 29 on $auto$ff.cc:266:slice$1883 ($adffe) from module systolic_array_8x8.
Setting constant 0-bit at position 30 on $auto$ff.cc:266:slice$1883 ($adffe) from module systolic_array_8x8.
Setting constant 0-bit at position 31 on $auto$ff.cc:266:slice$1883 ($adffe) from module systolic_array_8x8.
Setting constant 0-bit at position 17 on $auto$ff.cc:266:slice$1899 ($adffe) from module systolic_array_8x8.
Setting constant 0-bit at position 18 on $auto$ff.cc:266:slice$1899 ($adffe) from module systolic_array_8x8.
Setting constant 0-bit at position 19 on $auto$ff.cc:266:slice$1899 ($adffe) from module systolic_array_8x8.
Setting constant 0-bit at position 20 on $auto$ff.cc:266:slice$1899 ($adffe) from module systolic_array_8x8.
Setting constant 0-bit at position 21 on $auto$ff.cc:266:slice$1899 ($adffe) from module systolic_array_8x8.
Setting constant 0-bit at position 22 on $auto$ff.cc:266:slice$1899 ($adffe) from module systolic_array_8x8.
Setting constant 0-bit at position 23 on $auto$ff.cc:266:slice$1899 ($adffe) from module systolic_array_8x8.
Setting constant 0-bit at position 24 on $auto$ff.cc:266:slice$1899 ($adffe) from module systolic_array_8x8.
Setting constant 0-bit at position 25 on $auto$ff.cc:266:slice$1899 ($adffe) from module systolic_array_8x8.
Setting constant 0-bit at position 26 on $auto$ff.cc:266:slice$1899 ($adffe) from module systolic_array_8x8.
Setting constant 0-bit at position 27 on $auto$ff.cc:266:slice$1899 ($adffe) from module systolic_array_8x8.
Setting constant 0-bit at position 28 on $auto$ff.cc:266:slice$1899 ($adffe) from module systolic_array_8x8.
Setting constant 0-bit at position 29 on $auto$ff.cc:266:slice$1899 ($adffe) from module systolic_array_8x8.
Setting constant 0-bit at position 30 on $auto$ff.cc:266:slice$1899 ($adffe) from module systolic_array_8x8.
Setting constant 0-bit at position 31 on $auto$ff.cc:266:slice$1899 ($adffe) from module systolic_array_8x8.
Setting constant 0-bit at position 17 on $auto$ff.cc:266:slice$1915 ($adffe) from module systolic_array_8x8.
Setting constant 0-bit at position 18 on $auto$ff.cc:266:slice$1915 ($adffe) from module systolic_array_8x8.
Setting constant 0-bit at position 19 on $auto$ff.cc:266:slice$1915 ($adffe) from module systolic_array_8x8.
Setting constant 0-bit at position 20 on $auto$ff.cc:266:slice$1915 ($adffe) from module systolic_array_8x8.
Setting constant 0-bit at position 21 on $auto$ff.cc:266:slice$1915 ($adffe) from module systolic_array_8x8.
Setting constant 0-bit at position 22 on $auto$ff.cc:266:slice$1915 ($adffe) from module systolic_array_8x8.
Setting constant 0-bit at position 23 on $auto$ff.cc:266:slice$1915 ($adffe) from module systolic_array_8x8.
Setting constant 0-bit at position 24 on $auto$ff.cc:266:slice$1915 ($adffe) from module systolic_array_8x8.
Setting constant 0-bit at position 25 on $auto$ff.cc:266:slice$1915 ($adffe) from module systolic_array_8x8.
Setting constant 0-bit at position 26 on $auto$ff.cc:266:slice$1915 ($adffe) from module systolic_array_8x8.
Setting constant 0-bit at position 27 on $auto$ff.cc:266:slice$1915 ($adffe) from module systolic_array_8x8.
Setting constant 0-bit at position 28 on $auto$ff.cc:266:slice$1915 ($adffe) from module systolic_array_8x8.
Setting constant 0-bit at position 29 on $auto$ff.cc:266:slice$1915 ($adffe) from module systolic_array_8x8.
Setting constant 0-bit at position 30 on $auto$ff.cc:266:slice$1915 ($adffe) from module systolic_array_8x8.
Setting constant 0-bit at position 31 on $auto$ff.cc:266:slice$1915 ($adffe) from module systolic_array_8x8.

88. Executing OPT_CLEAN pass (remove unused cells and wires).
Finding unused cells or wires in module \systolic_array_8x8..

89. Executing OPT_EXPR pass (perform const folding).
Optimizing module systolic_array_8x8.

90. Rerunning OPT passes. (Maybe there is more to do…)

91. Executing OPT_MUXTREE pass (detect dead branches in mux trees).
Running muxtree optimizer on module \systolic_array_8x8..
  Creating internal representation of mux trees.
  No muxes found in this module.
Removed 0 multiplexer ports.

92. Executing OPT_REDUCE pass (consolidate $*mux and $reduce_* inputs).
  Optimizing cells in module \systolic_array_8x8.
Performed a total of 0 changes.

93. Executing OPT_MERGE pass (detect identical cells).
Finding identical cells in module `\systolic_array_8x8'.
Removed a total of 0 cells.

94. Executing OPT_DFF pass (perform DFF optimizations).
Setting constant 0-bit at position 17 on $auto$ff.cc:266:slice$1810 ($adffe) from module systolic_array_8x8.
Setting constant 0-bit at position 18 on $auto$ff.cc:266:slice$1810 ($adffe) from module systolic_array_8x8.
Setting constant 0-bit at position 19 on $auto$ff.cc:266:slice$1810 ($adffe) from module systolic_array_8x8.
Setting constant 0-bit at position 20 on $auto$ff.cc:266:slice$1810 ($adffe) from module systolic_array_8x8.
Setting constant 0-bit at position 21 on $auto$ff.cc:266:slice$1810 ($adffe) from module systolic_array_8x8.
Setting constant 0-bit at position 22 on $auto$ff.cc:266:slice$1810 ($adffe) from module systolic_array_8x8.
Setting constant 0-bit at position 23 on $auto$ff.cc:266:slice$1810 ($adffe) from module systolic_array_8x8.
Setting constant 0-bit at position 24 on $auto$ff.cc:266:slice$1810 ($adffe) from module systolic_array_8x8.
Setting constant 0-bit at position 25 on $auto$ff.cc:266:slice$1810 ($adffe) from module systolic_array_8x8.
Setting constant 0-bit at position 26 on $auto$ff.cc:266:slice$1810 ($adffe) from module systolic_array_8x8.
Setting constant 0-bit at position 27 on $auto$ff.cc:266:slice$1810 ($adffe) from module systolic_array_8x8.
Setting constant 0-bit at position 28 on $auto$ff.cc:266:slice$1810 ($adffe) from module systolic_array_8x8.
Setting constant 0-bit at position 29 on $auto$ff.cc:266:slice$1810 ($adffe) from module systolic_array_8x8.
Setting constant 0-bit at position 30 on $auto$ff.cc:266:slice$1810 ($adffe) from module systolic_array_8x8.
Setting constant 0-bit at position 31 on $auto$ff.cc:266:slice$1810 ($adffe) from module systolic_array_8x8.
Setting constant 0-bit at position 17 on $auto$ff.cc:266:slice$1826 ($adffe) from module systolic_array_8x8.
Setting constant 0-bit at position 18 on $auto$ff.cc:266:slice$1826 ($adffe) from module systolic_array_8x8.
Setting constant 0-bit at position 19 on $auto$ff.cc:266:slice$1826 ($adffe) from module systolic_array_8x8.
Setting constant 0-bit at position 20 on $auto$ff.cc:266:slice$1826 ($adffe) from module systolic_array_8x8.
Setting constant 0-bit at position 21 on $auto$ff.cc:266:slice$1826 ($adffe) from module systolic_array_8x8.
Setting constant 0-bit at position 22 on $auto$ff.cc:266:slice$1826 ($adffe) from module systolic_array_8x8.
Setting constant 0-bit at position 23 on $auto$ff.cc:266:slice$1826 ($adffe) from module systolic_array_8x8.
Setting constant 0-bit at position 24 on $auto$ff.cc:266:slice$1826 ($adffe) from module systolic_array_8x8.
Setting constant 0-bit at position 25 on $auto$ff.cc:266:slice$1826 ($adffe) from module systolic_array_8x8.
Setting constant 0-bit at position 26 on $auto$ff.cc:266:slice$1826 ($adffe) from module systolic_array_8x8.
Setting constant 0-bit at position 27 on $auto$ff.cc:266:slice$1826 ($adffe) from module systolic_array_8x8.
Setting constant 0-bit at position 28 on $auto$ff.cc:266:slice$1826 ($adffe) from module systolic_array_8x8.
Setting constant 0-bit at position 29 on $auto$ff.cc:266:slice$1826 ($adffe) from module systolic_array_8x8.
Setting constant 0-bit at position 30 on $auto$ff.cc:266:slice$1826 ($adffe) from module systolic_array_8x8.
Setting constant 0-bit at position 31 on $auto$ff.cc:266:slice$1826 ($adffe) from module systolic_array_8x8.
Setting constant 0-bit at position 17 on $auto$ff.cc:266:slice$1842 ($adffe) from module systolic_array_8x8.
Setting constant 0-bit at position 18 on $auto$ff.cc:266:slice$1842 ($adffe) from module systolic_array_8x8.
Setting constant 0-bit at position 19 on $auto$ff.cc:266:slice$1842 ($adffe) from module systolic_array_8x8.
Setting constant 0-bit at position 20 on $auto$ff.cc:266:slice$1842 ($adffe) from module systolic_array_8x8.
Setting constant 0-bit at position 21 on $auto$ff.cc:266:slice$1842 ($adffe) from module systolic_array_8x8.
Setting constant 0-bit at position 22 on $auto$ff.cc:266:slice$1842 ($adffe) from module systolic_array_8x8.
Setting constant 0-bit at position 23 on $auto$ff.cc:266:slice$1842 ($adffe) from module systolic_array_8x8.
Setting constant 0-bit at position 24 on $auto$ff.cc:266:slice$1842 ($adffe) from module systolic_array_8x8.
Setting constant 0-bit at position 25 on $auto$ff.cc:266:slice$1842 ($adffe) from module systolic_array_8x8.
Setting constant 0-bit at position 26 on $auto$ff.cc:266:slice$1842 ($adffe) from module systolic_array_8x8.
Setting constant 0-bit at position 27 on $auto$ff.cc:266:slice$1842 ($adffe) from module systolic_array_8x8.
Setting constant 0-bit at position 28 on $auto$ff.cc:266:slice$1842 ($adffe) from module systolic_array_8x8.
Setting constant 0-bit at position 29 on $auto$ff.cc:266:slice$1842 ($adffe) from module systolic_array_8x8.
Setting constant 0-bit at position 30 on $auto$ff.cc:266:slice$1842 ($adffe) from module systolic_array_8x8.
Setting constant 0-bit at position 31 on $auto$ff.cc:266:slice$1842 ($adffe) from module systolic_array_8x8.
Setting constant 0-bit at position 17 on $auto$ff.cc:266:slice$1858 ($adffe) from module systolic_array_8x8.
Setting constant 0-bit at position 18 on $auto$ff.cc:266:slice$1858 ($adffe) from module systolic_array_8x8.
Setting constant 0-bit at position 19 on $auto$ff.cc:266:slice$1858 ($adffe) from module systolic_array_8x8.
Setting constant 0-bit at position 20 on $auto$ff.cc:266:slice$1858 ($adffe) from module systolic_array_8x8.
Setting constant 0-bit at position 21 on $auto$ff.cc:266:slice$1858 ($adffe) from module systolic_array_8x8.
Setting constant 0-bit at position 22 on $auto$ff.cc:266:slice$1858 ($adffe) from module systolic_array_8x8.
Setting constant 0-bit at position 23 on $auto$ff.cc:266:slice$1858 ($adffe) from module systolic_array_8x8.
Setting constant 0-bit at position 24 on $auto$ff.cc:266:slice$1858 ($adffe) from module systolic_array_8x8.
Setting constant 0-bit at position 25 on $auto$ff.cc:266:slice$1858 ($adffe) from module systolic_array_8x8.
Setting constant 0-bit at position 26 on $auto$ff.cc:266:slice$1858 ($adffe) from module systolic_array_8x8.
Setting constant 0-bit at position 27 on $auto$ff.cc:266:slice$1858 ($adffe) from module systolic_array_8x8.
Setting constant 0-bit at position 28 on $auto$ff.cc:266:slice$1858 ($adffe) from module systolic_array_8x8.
Setting constant 0-bit at position 29 on $auto$ff.cc:266:slice$1858 ($adffe) from module systolic_array_8x8.
Setting constant 0-bit at position 30 on $auto$ff.cc:266:slice$1858 ($adffe) from module systolic_array_8x8.
Setting constant 0-bit at position 31 on $auto$ff.cc:266:slice$1858 ($adffe) from module systolic_array_8x8.
Setting constant 0-bit at position 17 on $auto$ff.cc:266:slice$1874 ($adffe) from module systolic_array_8x8.
Setting constant 0-bit at position 18 on $auto$ff.cc:266:slice$1874 ($adffe) from module systolic_array_8x8.
Setting constant 0-bit at position 19 on $auto$ff.cc:266:slice$1874 ($adffe) from module systolic_array_8x8.
Setting constant 0-bit at position 20 on $auto$ff.cc:266:slice$1874 ($adffe) from module systolic_array_8x8.
Setting constant 0-bit at position 21 on $auto$ff.cc:266:slice$1874 ($adffe) from module systolic_array_8x8.
Setting constant 0-bit at position 22 on $auto$ff.cc:266:slice$1874 ($adffe) from module systolic_array_8x8.
Setting constant 0-bit at position 23 on $auto$ff.cc:266:slice$1874 ($adffe) from module systolic_array_8x8.
Setting constant 0-bit at position 24 on $auto$ff.cc:266:slice$1874 ($adffe) from module systolic_array_8x8.
Setting constant 0-bit at position 25 on $auto$ff.cc:266:slice$1874 ($adffe) from module systolic_array_8x8.
Setting constant 0-bit at position 26 on $auto$ff.cc:266:slice$1874 ($adffe) from module systolic_array_8x8.
Setting constant 0-bit at position 27 on $auto$ff.cc:266:slice$1874 ($adffe) from module systolic_array_8x8.
Setting constant 0-bit at position 28 on $auto$ff.cc:266:slice$1874 ($adffe) from module systolic_array_8x8.
Setting constant 0-bit at position 29 on $auto$ff.cc:266:slice$1874 ($adffe) from module systolic_array_8x8.
Setting constant 0-bit at position 30 on $auto$ff.cc:266:slice$1874 ($adffe) from module systolic_array_8x8.
Setting constant 0-bit at position 31 on $auto$ff.cc:266:slice$1874 ($adffe) from module systolic_array_8x8.
Setting constant 0-bit at position 17 on $auto$ff.cc:266:slice$1890 ($adffe) from module systolic_array_8x8.
Setting constant 0-bit at position 18 on $auto$ff.cc:266:slice$1890 ($adffe) from module systolic_array_8x8.
Setting constant 0-bit at position 19 on $auto$ff.cc:266:slice$1890 ($adffe) from module systolic_array_8x8.
Setting constant 0-bit at position 20 on $auto$ff.cc:266:slice$1890 ($adffe) from module systolic_array_8x8.
Setting constant 0-bit at position 21 on $auto$ff.cc:266:slice$1890 ($adffe) from module systolic_array_8x8.
Setting constant 0-bit at position 22 on $auto$ff.cc:266:slice$1890 ($adffe) from module systolic_array_8x8.
Setting constant 0-bit at position 23 on $auto$ff.cc:266:slice$1890 ($adffe) from module systolic_array_8x8.
Setting constant 0-bit at position 24 on $auto$ff.cc:266:slice$1890 ($adffe) from module systolic_array_8x8.
Setting constant 0-bit at position 25 on $auto$ff.cc:266:slice$1890 ($adffe) from module systolic_array_8x8.
Setting constant 0-bit at position 26 on $auto$ff.cc:266:slice$1890 ($adffe) from module systolic_array_8x8.
Setting constant 0-bit at position 27 on $auto$ff.cc:266:slice$1890 ($adffe) from module systolic_array_8x8.
Setting constant 0-bit at position 28 on $auto$ff.cc:266:slice$1890 ($adffe) from module systolic_array_8x8.
Setting constant 0-bit at position 29 on $auto$ff.cc:266:slice$1890 ($adffe) from module systolic_array_8x8.
Setting constant 0-bit at position 30 on $auto$ff.cc:266:slice$1890 ($adffe) from module systolic_array_8x8.
Setting constant 0-bit at position 31 on $auto$ff.cc:266:slice$1890 ($adffe) from module systolic_array_8x8.
Setting constant 0-bit at position 17 on $auto$ff.cc:266:slice$1906 ($adffe) from module systolic_array_8x8.
Setting constant 0-bit at position 18 on $auto$ff.cc:266:slice$1906 ($adffe) from module systolic_array_8x8.
Setting constant 0-bit at position 19 on $auto$ff.cc:266:slice$1906 ($adffe) from module systolic_array_8x8.
Setting constant 0-bit at position 20 on $auto$ff.cc:266:slice$1906 ($adffe) from module systolic_array_8x8.
Setting constant 0-bit at position 21 on $auto$ff.cc:266:slice$1906 ($adffe) from module systolic_array_8x8.
Setting constant 0-bit at position 22 on $auto$ff.cc:266:slice$1906 ($adffe) from module systolic_array_8x8.
Setting constant 0-bit at position 23 on $auto$ff.cc:266:slice$1906 ($adffe) from module systolic_array_8x8.
Setting constant 0-bit at position 24 on $auto$ff.cc:266:slice$1906 ($adffe) from module systolic_array_8x8.
Setting constant 0-bit at position 25 on $auto$ff.cc:266:slice$1906 ($adffe) from module systolic_array_8x8.
Setting constant 0-bit at position 26 on $auto$ff.cc:266:slice$1906 ($adffe) from module systolic_array_8x8.
Setting constant 0-bit at position 27 on $auto$ff.cc:266:slice$1906 ($adffe) from module systolic_array_8x8.
Setting constant 0-bit at position 28 on $auto$ff.cc:266:slice$1906 ($adffe) from module systolic_array_8x8.
Setting constant 0-bit at position 29 on $auto$ff.cc:266:slice$1906 ($adffe) from module systolic_array_8x8.
Setting constant 0-bit at position 30 on $auto$ff.cc:266:slice$1906 ($adffe) from module systolic_array_8x8.
Setting constant 0-bit at position 31 on $auto$ff.cc:266:slice$1906 ($adffe) from module systolic_array_8x8.
Setting constant 0-bit at position 17 on $auto$ff.cc:266:slice$1922 ($adffe) from module systolic_array_8x8.
Setting constant 0-bit at position 18 on $auto$ff.cc:266:slice$1922 ($adffe) from module systolic_array_8x8.
Setting constant 0-bit at position 19 on $auto$ff.cc:266:slice$1922 ($adffe) from module systolic_array_8x8.
Setting constant 0-bit at position 20 on $auto$ff.cc:266:slice$1922 ($adffe) from module systolic_array_8x8.
Setting constant 0-bit at position 21 on $auto$ff.cc:266:slice$1922 ($adffe) from module systolic_array_8x8.
Setting constant 0-bit at position 22 on $auto$ff.cc:266:slice$1922 ($adffe) from module systolic_array_8x8.
Setting constant 0-bit at position 23 on $auto$ff.cc:266:slice$1922 ($adffe) from module systolic_array_8x8.
Setting constant 0-bit at position 24 on $auto$ff.cc:266:slice$1922 ($adffe) from module systolic_array_8x8.
Setting constant 0-bit at position 25 on $auto$ff.cc:266:slice$1922 ($adffe) from module systolic_array_8x8.
Setting constant 0-bit at position 26 on $auto$ff.cc:266:slice$1922 ($adffe) from module systolic_array_8x8.
Setting constant 0-bit at position 27 on $auto$ff.cc:266:slice$1922 ($adffe) from module systolic_array_8x8.
Setting constant 0-bit at position 28 on $auto$ff.cc:266:slice$1922 ($adffe) from module systolic_array_8x8.
Setting constant 0-bit at position 29 on $auto$ff.cc:266:slice$1922 ($adffe) from module systolic_array_8x8.
Setting constant 0-bit at position 30 on $auto$ff.cc:266:slice$1922 ($adffe) from module systolic_array_8x8.
Setting constant 0-bit at position 31 on $auto$ff.cc:266:slice$1922 ($adffe) from module systolic_array_8x8.

95. Executing OPT_CLEAN pass (remove unused cells and wires).
Finding unused cells or wires in module \systolic_array_8x8..

96. Executing OPT_EXPR pass (perform const folding).
Optimizing module systolic_array_8x8.

97. Rerunning OPT passes. (Maybe there is more to do…)

98. Executing OPT_MUXTREE pass (detect dead branches in mux trees).
Running muxtree optimizer on module \systolic_array_8x8..
  Creating internal representation of mux trees.
  No muxes found in this module.
Removed 0 multiplexer ports.

99. Executing OPT_REDUCE pass (consolidate $*mux and $reduce_* inputs).
  Optimizing cells in module \systolic_array_8x8.
Performed a total of 0 changes.

100. Executing OPT_MERGE pass (detect identical cells).
Finding identical cells in module `\systolic_array_8x8'.
Removed a total of 0 cells.

101. Executing OPT_DFF pass (perform DFF optimizations).
Setting constant 0-bit at position 17 on $auto$ff.cc:266:slice$1681 ($adffe) from module systolic_array_8x8.
Setting constant 0-bit at position 18 on $auto$ff.cc:266:slice$1681 ($adffe) from module systolic_array_8x8.
Setting constant 0-bit at position 19 on $auto$ff.cc:266:slice$1681 ($adffe) from module systolic_array_8x8.
Setting constant 0-bit at position 20 on $auto$ff.cc:266:slice$1681 ($adffe) from module systolic_array_8x8.
Setting constant 0-bit at position 21 on $auto$ff.cc:266:slice$1681 ($adffe) from module systolic_array_8x8.
Setting constant 0-bit at position 22 on $auto$ff.cc:266:slice$1681 ($adffe) from module systolic_array_8x8.
Setting constant 0-bit at position 23 on $auto$ff.cc:266:slice$1681 ($adffe) from module systolic_array_8x8.
Setting constant 0-bit at position 24 on $auto$ff.cc:266:slice$1681 ($adffe) from module systolic_array_8x8.
Setting constant 0-bit at position 25 on $auto$ff.cc:266:slice$1681 ($adffe) from module systolic_array_8x8.
Setting constant 0-bit at position 26 on $auto$ff.cc:266:slice$1681 ($adffe) from module systolic_array_8x8.
Setting constant 0-bit at position 27 on $auto$ff.cc:266:slice$1681 ($adffe) from module systolic_array_8x8.
Setting constant 0-bit at position 28 on $auto$ff.cc:266:slice$1681 ($adffe) from module systolic_array_8x8.
Setting constant 0-bit at position 29 on $auto$ff.cc:266:slice$1681 ($adffe) from module systolic_array_8x8.
Setting constant 0-bit at position 30 on $auto$ff.cc:266:slice$1681 ($adffe) from module systolic_array_8x8.
Setting constant 0-bit at position 31 on $auto$ff.cc:266:slice$1681 ($adffe) from module systolic_array_8x8.
Setting constant 0-bit at position 17 on $auto$ff.cc:266:slice$1697 ($adffe) from module systolic_array_8x8.
Setting constant 0-bit at position 18 on $auto$ff.cc:266:slice$1697 ($adffe) from module systolic_array_8x8.
Setting constant 0-bit at position 19 on $auto$ff.cc:266:slice$1697 ($adffe) from module systolic_array_8x8.
Setting constant 0-bit at position 20 on $auto$ff.cc:266:slice$1697 ($adffe) from module systolic_array_8x8.
Setting constant 0-bit at position 21 on $auto$ff.cc:266:slice$1697 ($adffe) from module systolic_array_8x8.
Setting constant 0-bit at position 22 on $auto$ff.cc:266:slice$1697 ($adffe) from module systolic_array_8x8.
Setting constant 0-bit at position 23 on $auto$ff.cc:266:slice$1697 ($adffe) from module systolic_array_8x8.
Setting constant 0-bit at position 24 on $auto$ff.cc:266:slice$1697 ($adffe) from module systolic_array_8x8.
Setting constant 0-bit at position 25 on $auto$ff.cc:266:slice$1697 ($adffe) from module systolic_array_8x8.
Setting constant 0-bit at position 26 on $auto$ff.cc:266:slice$1697 ($adffe) from module systolic_array_8x8.
Setting constant 0-bit at position 27 on $auto$ff.cc:266:slice$1697 ($adffe) from module systolic_array_8x8.
Setting constant 0-bit at position 28 on $auto$ff.cc:266:slice$1697 ($adffe) from module systolic_array_8x8.
Setting constant 0-bit at position 29 on $auto$ff.cc:266:slice$1697 ($adffe) from module systolic_array_8x8.
Setting constant 0-bit at position 30 on $auto$ff.cc:266:slice$1697 ($adffe) from module systolic_array_8x8.
Setting constant 0-bit at position 31 on $auto$ff.cc:266:slice$1697 ($adffe) from module systolic_array_8x8.
Setting constant 0-bit at position 17 on $auto$ff.cc:266:slice$1713 ($adffe) from module systolic_array_8x8.
Setting constant 0-bit at position 18 on $auto$ff.cc:266:slice$1713 ($adffe) from module systolic_array_8x8.
Setting constant 0-bit at position 19 on $auto$ff.cc:266:slice$1713 ($adffe) from module systolic_array_8x8.
Setting constant 0-bit at position 20 on $auto$ff.cc:266:slice$1713 ($adffe) from module systolic_array_8x8.
Setting constant 0-bit at position 21 on $auto$ff.cc:266:slice$1713 ($adffe) from module systolic_array_8x8.
Setting constant 0-bit at position 22 on $auto$ff.cc:266:slice$1713 ($adffe) from module systolic_array_8x8.
Setting constant 0-bit at position 23 on $auto$ff.cc:266:slice$1713 ($adffe) from module systolic_array_8x8.
Setting constant 0-bit at position 24 on $auto$ff.cc:266:slice$1713 ($adffe) from module systolic_array_8x8.
Setting constant 0-bit at position 25 on $auto$ff.cc:266:slice$1713 ($adffe) from module systolic_array_8x8.
Setting constant 0-bit at position 26 on $auto$ff.cc:266:slice$1713 ($adffe) from module systolic_array_8x8.
Setting constant 0-bit at position 27 on $auto$ff.cc:266:slice$1713 ($adffe) from module systolic_array_8x8.
Setting constant 0-bit at position 28 on $auto$ff.cc:266:slice$1713 ($adffe) from module systolic_array_8x8.
Setting constant 0-bit at position 29 on $auto$ff.cc:266:slice$1713 ($adffe) from module systolic_array_8x8.
Setting constant 0-bit at position 30 on $auto$ff.cc:266:slice$1713 ($adffe) from module systolic_array_8x8.
Setting constant 0-bit at position 31 on $auto$ff.cc:266:slice$1713 ($adffe) from module systolic_array_8x8.
Setting constant 0-bit at position 17 on $auto$ff.cc:266:slice$1729 ($adffe) from module systolic_array_8x8.
Setting constant 0-bit at position 18 on $auto$ff.cc:266:slice$1729 ($adffe) from module systolic_array_8x8.
Setting constant 0-bit at position 19 on $auto$ff.cc:266:slice$1729 ($adffe) from module systolic_array_8x8.
Setting constant 0-bit at position 20 on $auto$ff.cc:266:slice$1729 ($adffe) from module systolic_array_8x8.
Setting constant 0-bit at position 21 on $auto$ff.cc:266:slice$1729 ($adffe) from module systolic_array_8x8.
Setting constant 0-bit at position 22 on $auto$ff.cc:266:slice$1729 ($adffe) from module systolic_array_8x8.
Setting constant 0-bit at position 23 on $auto$ff.cc:266:slice$1729 ($adffe) from module systolic_array_8x8.
Setting constant 0-bit at position 24 on $auto$ff.cc:266:slice$1729 ($adffe) from module systolic_array_8x8.
Setting constant 0-bit at position 25 on $auto$ff.cc:266:slice$1729 ($adffe) from module systolic_array_8x8.
Setting constant 0-bit at position 26 on $auto$ff.cc:266:slice$1729 ($adffe) from module systolic_array_8x8.
Setting constant 0-bit at position 27 on $auto$ff.cc:266:slice$1729 ($adffe) from module systolic_array_8x8.
Setting constant 0-bit at position 28 on $auto$ff.cc:266:slice$1729 ($adffe) from module systolic_array_8x8.
Setting constant 0-bit at position 29 on $auto$ff.cc:266:slice$1729 ($adffe) from module systolic_array_8x8.
Setting constant 0-bit at position 30 on $auto$ff.cc:266:slice$1729 ($adffe) from module systolic_array_8x8.
Setting constant 0-bit at position 31 on $auto$ff.cc:266:slice$1729 ($adffe) from module systolic_array_8x8.
Setting constant 0-bit at position 17 on $auto$ff.cc:266:slice$1745 ($adffe) from module systolic_array_8x8.
Setting constant 0-bit at position 18 on $auto$ff.cc:266:slice$1745 ($adffe) from module systolic_array_8x8.
Setting constant 0-bit at position 19 on $auto$ff.cc:266:slice$1745 ($adffe) from module systolic_array_8x8.
Setting constant 0-bit at position 20 on $auto$ff.cc:266:slice$1745 ($adffe) from module systolic_array_8x8.
Setting constant 0-bit at position 21 on $auto$ff.cc:266:slice$1745 ($adffe) from module systolic_array_8x8.
Setting constant 0-bit at position 22 on $auto$ff.cc:266:slice$1745 ($adffe) from module systolic_array_8x8.
Setting constant 0-bit at position 23 on $auto$ff.cc:266:slice$1745 ($adffe) from module systolic_array_8x8.
Setting constant 0-bit at position 24 on $auto$ff.cc:266:slice$1745 ($adffe) from module systolic_array_8x8.
Setting constant 0-bit at position 25 on $auto$ff.cc:266:slice$1745 ($adffe) from module systolic_array_8x8.
Setting constant 0-bit at position 26 on $auto$ff.cc:266:slice$1745 ($adffe) from module systolic_array_8x8.
Setting constant 0-bit at position 27 on $auto$ff.cc:266:slice$1745 ($adffe) from module systolic_array_8x8.
Setting constant 0-bit at position 28 on $auto$ff.cc:266:slice$1745 ($adffe) from module systolic_array_8x8.
Setting constant 0-bit at position 29 on $auto$ff.cc:266:slice$1745 ($adffe) from module systolic_array_8x8.
Setting constant 0-bit at position 30 on $auto$ff.cc:266:slice$1745 ($adffe) from module systolic_array_8x8.
Setting constant 0-bit at position 31 on $auto$ff.cc:266:slice$1745 ($adffe) from module systolic_array_8x8.
Setting constant 0-bit at position 17 on $auto$ff.cc:266:slice$1761 ($adffe) from module systolic_array_8x8.
Setting constant 0-bit at position 18 on $auto$ff.cc:266:slice$1761 ($adffe) from module systolic_array_8x8.
Setting constant 0-bit at position 19 on $auto$ff.cc:266:slice$1761 ($adffe) from module systolic_array_8x8.
Setting constant 0-bit at position 20 on $auto$ff.cc:266:slice$1761 ($adffe) from module systolic_array_8x8.
Setting constant 0-bit at position 21 on $auto$ff.cc:266:slice$1761 ($adffe) from module systolic_array_8x8.
Setting constant 0-bit at position 22 on $auto$ff.cc:266:slice$1761 ($adffe) from module systolic_array_8x8.
Setting constant 0-bit at position 23 on $auto$ff.cc:266:slice$1761 ($adffe) from module systolic_array_8x8.
Setting constant 0-bit at position 24 on $auto$ff.cc:266:slice$1761 ($adffe) from module systolic_array_8x8.
Setting constant 0-bit at position 25 on $auto$ff.cc:266:slice$1761 ($adffe) from module systolic_array_8x8.
Setting constant 0-bit at position 26 on $auto$ff.cc:266:slice$1761 ($adffe) from module systolic_array_8x8.
Setting constant 0-bit at position 27 on $auto$ff.cc:266:slice$1761 ($adffe) from module systolic_array_8x8.
Setting constant 0-bit at position 28 on $auto$ff.cc:266:slice$1761 ($adffe) from module systolic_array_8x8.
Setting constant 0-bit at position 29 on $auto$ff.cc:266:slice$1761 ($adffe) from module systolic_array_8x8.
Setting constant 0-bit at position 30 on $auto$ff.cc:266:slice$1761 ($adffe) from module systolic_array_8x8.
Setting constant 0-bit at position 31 on $auto$ff.cc:266:slice$1761 ($adffe) from module systolic_array_8x8.
Setting constant 0-bit at position 17 on $auto$ff.cc:266:slice$1777 ($adffe) from module systolic_array_8x8.
Setting constant 0-bit at position 18 on $auto$ff.cc:266:slice$1777 ($adffe) from module systolic_array_8x8.
Setting constant 0-bit at position 19 on $auto$ff.cc:266:slice$1777 ($adffe) from module systolic_array_8x8.
Setting constant 0-bit at position 20 on $auto$ff.cc:266:slice$1777 ($adffe) from module systolic_array_8x8.
Setting constant 0-bit at position 21 on $auto$ff.cc:266:slice$1777 ($adffe) from module systolic_array_8x8.
Setting constant 0-bit at position 22 on $auto$ff.cc:266:slice$1777 ($adffe) from module systolic_array_8x8.
Setting constant 0-bit at position 23 on $auto$ff.cc:266:slice$1777 ($adffe) from module systolic_array_8x8.
Setting constant 0-bit at position 24 on $auto$ff.cc:266:slice$1777 ($adffe) from module systolic_array_8x8.
Setting constant 0-bit at position 25 on $auto$ff.cc:266:slice$1777 ($adffe) from module systolic_array_8x8.
Setting constant 0-bit at position 26 on $auto$ff.cc:266:slice$1777 ($adffe) from module systolic_array_8x8.
Setting constant 0-bit at position 27 on $auto$ff.cc:266:slice$1777 ($adffe) from module systolic_array_8x8.
Setting constant 0-bit at position 28 on $auto$ff.cc:266:slice$1777 ($adffe) from module systolic_array_8x8.
Setting constant 0-bit at position 29 on $auto$ff.cc:266:slice$1777 ($adffe) from module systolic_array_8x8.
Setting constant 0-bit at position 30 on $auto$ff.cc:266:slice$1777 ($adffe) from module systolic_array_8x8.
Setting constant 0-bit at position 31 on $auto$ff.cc:266:slice$1777 ($adffe) from module systolic_array_8x8.
Setting constant 0-bit at position 17 on $auto$ff.cc:266:slice$1793 ($adffe) from module systolic_array_8x8.
Setting constant 0-bit at position 18 on $auto$ff.cc:266:slice$1793 ($adffe) from module systolic_array_8x8.
Setting constant 0-bit at position 19 on $auto$ff.cc:266:slice$1793 ($adffe) from module systolic_array_8x8.
Setting constant 0-bit at position 20 on $auto$ff.cc:266:slice$1793 ($adffe) from module systolic_array_8x8.
Setting constant 0-bit at position 21 on $auto$ff.cc:266:slice$1793 ($adffe) from module systolic_array_8x8.
Setting constant 0-bit at position 22 on $auto$ff.cc:266:slice$1793 ($adffe) from module systolic_array_8x8.
Setting constant 0-bit at position 23 on $auto$ff.cc:266:slice$1793 ($adffe) from module systolic_array_8x8.
Setting constant 0-bit at position 24 on $auto$ff.cc:266:slice$1793 ($adffe) from module systolic_array_8x8.
Setting constant 0-bit at position 25 on $auto$ff.cc:266:slice$1793 ($adffe) from module systolic_array_8x8.
Setting constant 0-bit at position 26 on $auto$ff.cc:266:slice$1793 ($adffe) from module systolic_array_8x8.
Setting constant 0-bit at position 27 on $auto$ff.cc:266:slice$1793 ($adffe) from module systolic_array_8x8.
Setting constant 0-bit at position 28 on $auto$ff.cc:266:slice$1793 ($adffe) from module systolic_array_8x8.
Setting constant 0-bit at position 29 on $auto$ff.cc:266:slice$1793 ($adffe) from module systolic_array_8x8.
Setting constant 0-bit at position 30 on $auto$ff.cc:266:slice$1793 ($adffe) from module systolic_array_8x8.
Setting constant 0-bit at position 31 on $auto$ff.cc:266:slice$1793 ($adffe) from module systolic_array_8x8.

102. Executing OPT_CLEAN pass (remove unused cells and wires).
Finding unused cells or wires in module \systolic_array_8x8..

103. Executing OPT_EXPR pass (perform const folding).
Optimizing module systolic_array_8x8.

104. Rerunning OPT passes. (Maybe there is more to do…)

105. Executing OPT_MUXTREE pass (detect dead branches in mux trees).
Running muxtree optimizer on module \systolic_array_8x8..
  Creating internal representation of mux trees.
  No muxes found in this module.
Removed 0 multiplexer ports.

106. Executing OPT_REDUCE pass (consolidate $*mux and $reduce_* inputs).
  Optimizing cells in module \systolic_array_8x8.
Performed a total of 0 changes.

107. Executing OPT_MERGE pass (detect identical cells).
Finding identical cells in module `\systolic_array_8x8'.
Removed a total of 0 cells.

108. Executing OPT_DFF pass (perform DFF optimizations).

109. Executing OPT_CLEAN pass (remove unused cells and wires).
Finding unused cells or wires in module \systolic_array_8x8..

110. Executing OPT_EXPR pass (perform const folding).
Optimizing module systolic_array_8x8.

111. Executing MEMORY pass.

111.1. Executing OPT_MEM pass (optimize memories).
Performed a total of 0 transformations.

111.2. Executing OPT_MEM_PRIORITY pass (removing unnecessary memory write priority relations).
Performed a total of 0 transformations.

111.3. Executing OPT_MEM_FEEDBACK pass (finding memory read-to-write feedback paths).

111.4. Executing MEMORY_BMUX2ROM pass (converting muxes to ROMs).

111.5. Executing MEMORY_DFF pass (merging $dff cells to $memrd).

111.6. Executing OPT_CLEAN pass (remove unused cells and wires).
Finding unused cells or wires in module \systolic_array_8x8..

111.7. Executing MEMORY_SHARE pass (consolidating $memrd/$memwr cells).

111.8. Executing OPT_MEM_WIDEN pass (optimize memories where all ports are wide).
Performed a total of 0 transformations.

111.9. Executing OPT_CLEAN pass (remove unused cells and wires).
Finding unused cells or wires in module \systolic_array_8x8..

111.10. Executing MEMORY_COLLECT pass (generating $mem cells).

112. Executing OPT_CLEAN pass (remove unused cells and wires).
Finding unused cells or wires in module \systolic_array_8x8..

113. Executing OPT_EXPR pass (perform const folding).
Optimizing module systolic_array_8x8.
<suppressed ~456 debug messages>

114. Executing OPT_MERGE pass (detect identical cells).
Finding identical cells in module `\systolic_array_8x8'.
Removed a total of 0 cells.

115. Executing OPT_DFF pass (perform DFF optimizations).

116. Executing OPT_CLEAN pass (remove unused cells and wires).
Finding unused cells or wires in module \systolic_array_8x8..
Removed 0 unused cells and 112 unused wires.
<suppressed ~1 debug messages>

117. Executing MEMORY_MAP pass (converting memories to logic and flip-flops).

118. Executing OPT_EXPR pass (perform const folding).
Optimizing module systolic_array_8x8.

119. Executing OPT_MERGE pass (detect identical cells).
Finding identical cells in module `\systolic_array_8x8'.
Removed a total of 0 cells.

120. Executing OPT_MUXTREE pass (detect dead branches in mux trees).
Running muxtree optimizer on module \systolic_array_8x8..
  Creating internal representation of mux trees.
  No muxes found in this module.
Removed 0 multiplexer ports.

121. Executing OPT_REDUCE pass (consolidate $*mux and $reduce_* inputs).
  Optimizing cells in module \systolic_array_8x8.
Performed a total of 0 changes.

122. Executing OPT_MERGE pass (detect identical cells).
Finding identical cells in module `\systolic_array_8x8'.
Removed a total of 0 cells.

123. Executing OPT_SHARE pass.

124. Executing OPT_DFF pass (perform DFF optimizations).
Setting constant 0-bit at position 18 on $auto$ff.cc:266:slice$1676 ($adffe) from module systolic_array_8x8.
Setting constant 0-bit at position 19 on $auto$ff.cc:266:slice$1676 ($adffe) from module systolic_array_8x8.
Setting constant 0-bit at position 20 on $auto$ff.cc:266:slice$1676 ($adffe) from module systolic_array_8x8.
Setting constant 0-bit at position 21 on $auto$ff.cc:266:slice$1676 ($adffe) from module systolic_array_8x8.
Setting constant 0-bit at position 22 on $auto$ff.cc:266:slice$1676 ($adffe) from module systolic_array_8x8.
Setting constant 0-bit at position 23 on $auto$ff.cc:266:slice$1676 ($adffe) from module systolic_array_8x8.
Setting constant 0-bit at position 24 on $auto$ff.cc:266:slice$1676 ($adffe) from module systolic_array_8x8.
Setting constant 0-bit at position 25 on $auto$ff.cc:266:slice$1676 ($adffe) from module systolic_array_8x8.
Setting constant 0-bit at position 26 on $auto$ff.cc:266:slice$1676 ($adffe) from module systolic_array_8x8.
Setting constant 0-bit at position 27 on $auto$ff.cc:266:slice$1676 ($adffe) from module systolic_array_8x8.
Setting constant 0-bit at position 28 on $auto$ff.cc:266:slice$1676 ($adffe) from module systolic_array_8x8.
Setting constant 0-bit at position 29 on $auto$ff.cc:266:slice$1676 ($adffe) from module systolic_array_8x8.
Setting constant 0-bit at position 30 on $auto$ff.cc:266:slice$1676 ($adffe) from module systolic_array_8x8.
Setting constant 0-bit at position 31 on $auto$ff.cc:266:slice$1676 ($adffe) from module systolic_array_8x8.
Setting constant 0-bit at position 18 on $auto$ff.cc:266:slice$1692 ($adffe) from module systolic_array_8x8.
Setting constant 0-bit at position 19 on $auto$ff.cc:266:slice$1692 ($adffe) from module systolic_array_8x8.
Setting constant 0-bit at position 20 on $auto$ff.cc:266:slice$1692 ($adffe) from module systolic_array_8x8.
Setting constant 0-bit at position 21 on $auto$ff.cc:266:slice$1692 ($adffe) from module systolic_array_8x8.
Setting constant 0-bit at position 22 on $auto$ff.cc:266:slice$1692 ($adffe) from module systolic_array_8x8.
Setting constant 0-bit at position 23 on $auto$ff.cc:266:slice$1692 ($adffe) from module systolic_array_8x8.
Setting constant 0-bit at position 24 on $auto$ff.cc:266:slice$1692 ($adffe) from module systolic_array_8x8.
Setting constant 0-bit at position 25 on $auto$ff.cc:266:slice$1692 ($adffe) from module systolic_array_8x8.
Setting constant 0-bit at position 26 on $auto$ff.cc:266:slice$1692 ($adffe) from module systolic_array_8x8.
Setting constant 0-bit at position 27 on $auto$ff.cc:266:slice$1692 ($adffe) from module systolic_array_8x8.
Setting constant 0-bit at position 28 on $auto$ff.cc:266:slice$1692 ($adffe) from module systolic_array_8x8.
Setting constant 0-bit at position 29 on $auto$ff.cc:266:slice$1692 ($adffe) from module systolic_array_8x8.
Setting constant 0-bit at position 30 on $auto$ff.cc:266:slice$1692 ($adffe) from module systolic_array_8x8.
Setting constant 0-bit at position 31 on $auto$ff.cc:266:slice$1692 ($adffe) from module systolic_array_8x8.
Setting constant 0-bit at position 18 on $auto$ff.cc:266:slice$1708 ($adffe) from module systolic_array_8x8.
Setting constant 0-bit at position 19 on $auto$ff.cc:266:slice$1708 ($adffe) from module systolic_array_8x8.
Setting constant 0-bit at position 20 on $auto$ff.cc:266:slice$1708 ($adffe) from module systolic_array_8x8.
Setting constant 0-bit at position 21 on $auto$ff.cc:266:slice$1708 ($adffe) from module systolic_array_8x8.
Setting constant 0-bit at position 22 on $auto$ff.cc:266:slice$1708 ($adffe) from module systolic_array_8x8.
Setting constant 0-bit at position 23 on $auto$ff.cc:266:slice$1708 ($adffe) from module systolic_array_8x8.
Setting constant 0-bit at position 24 on $auto$ff.cc:266:slice$1708 ($adffe) from module systolic_array_8x8.
Setting constant 0-bit at position 25 on $auto$ff.cc:266:slice$1708 ($adffe) from module systolic_array_8x8.
Setting constant 0-bit at position 26 on $auto$ff.cc:266:slice$1708 ($adffe) from module systolic_array_8x8.
Setting constant 0-bit at position 27 on $auto$ff.cc:266:slice$1708 ($adffe) from module systolic_array_8x8.
Setting constant 0-bit at position 28 on $auto$ff.cc:266:slice$1708 ($adffe) from module systolic_array_8x8.
Setting constant 0-bit at position 29 on $auto$ff.cc:266:slice$1708 ($adffe) from module systolic_array_8x8.
Setting constant 0-bit at position 30 on $auto$ff.cc:266:slice$1708 ($adffe) from module systolic_array_8x8.
Setting constant 0-bit at position 31 on $auto$ff.cc:266:slice$1708 ($adffe) from module systolic_array_8x8.
Setting constant 0-bit at position 18 on $auto$ff.cc:266:slice$1724 ($adffe) from module systolic_array_8x8.
Setting constant 0-bit at position 19 on $auto$ff.cc:266:slice$1724 ($adffe) from module systolic_array_8x8.
Setting constant 0-bit at position 20 on $auto$ff.cc:266:slice$1724 ($adffe) from module systolic_array_8x8.
Setting constant 0-bit at position 21 on $auto$ff.cc:266:slice$1724 ($adffe) from module systolic_array_8x8.
Setting constant 0-bit at position 22 on $auto$ff.cc:266:slice$1724 ($adffe) from module systolic_array_8x8.
Setting constant 0-bit at position 23 on $auto$ff.cc:266:slice$1724 ($adffe) from module systolic_array_8x8.
Setting constant 0-bit at position 24 on $auto$ff.cc:266:slice$1724 ($adffe) from module systolic_array_8x8.
Setting constant 0-bit at position 25 on $auto$ff.cc:266:slice$1724 ($adffe) from module systolic_array_8x8.
Setting constant 0-bit at position 26 on $auto$ff.cc:266:slice$1724 ($adffe) from module systolic_array_8x8.
Setting constant 0-bit at position 27 on $auto$ff.cc:266:slice$1724 ($adffe) from module systolic_array_8x8.
Setting constant 0-bit at position 28 on $auto$ff.cc:266:slice$1724 ($adffe) from module systolic_array_8x8.
Setting constant 0-bit at position 29 on $auto$ff.cc:266:slice$1724 ($adffe) from module systolic_array_8x8.
Setting constant 0-bit at position 30 on $auto$ff.cc:266:slice$1724 ($adffe) from module systolic_array_8x8.
Setting constant 0-bit at position 31 on $auto$ff.cc:266:slice$1724 ($adffe) from module systolic_array_8x8.
Setting constant 0-bit at position 18 on $auto$ff.cc:266:slice$1740 ($adffe) from module systolic_array_8x8.
Setting constant 0-bit at position 19 on $auto$ff.cc:266:slice$1740 ($adffe) from module systolic_array_8x8.
Setting constant 0-bit at position 20 on $auto$ff.cc:266:slice$1740 ($adffe) from module systolic_array_8x8.
Setting constant 0-bit at position 21 on $auto$ff.cc:266:slice$1740 ($adffe) from module systolic_array_8x8.
Setting constant 0-bit at position 22 on $auto$ff.cc:266:slice$1740 ($adffe) from module systolic_array_8x8.
Setting constant 0-bit at position 23 on $auto$ff.cc:266:slice$1740 ($adffe) from module systolic_array_8x8.
Setting constant 0-bit at position 24 on $auto$ff.cc:266:slice$1740 ($adffe) from module systolic_array_8x8.
Setting constant 0-bit at position 25 on $auto$ff.cc:266:slice$1740 ($adffe) from module systolic_array_8x8.
Setting constant 0-bit at position 26 on $auto$ff.cc:266:slice$1740 ($adffe) from module systolic_array_8x8.
Setting constant 0-bit at position 27 on $auto$ff.cc:266:slice$1740 ($adffe) from module systolic_array_8x8.
Setting constant 0-bit at position 28 on $auto$ff.cc:266:slice$1740 ($adffe) from module systolic_array_8x8.
Setting constant 0-bit at position 29 on $auto$ff.cc:266:slice$1740 ($adffe) from module systolic_array_8x8.
Setting constant 0-bit at position 30 on $auto$ff.cc:266:slice$1740 ($adffe) from module systolic_array_8x8.
Setting constant 0-bit at position 31 on $auto$ff.cc:266:slice$1740 ($adffe) from module systolic_array_8x8.
Setting constant 0-bit at position 18 on $auto$ff.cc:266:slice$1756 ($adffe) from module systolic_array_8x8.
Setting constant 0-bit at position 19 on $auto$ff.cc:266:slice$1756 ($adffe) from module systolic_array_8x8.
Setting constant 0-bit at position 20 on $auto$ff.cc:266:slice$1756 ($adffe) from module systolic_array_8x8.
Setting constant 0-bit at position 21 on $auto$ff.cc:266:slice$1756 ($adffe) from module systolic_array_8x8.
Setting constant 0-bit at position 22 on $auto$ff.cc:266:slice$1756 ($adffe) from module systolic_array_8x8.
Setting constant 0-bit at position 23 on $auto$ff.cc:266:slice$1756 ($adffe) from module systolic_array_8x8.
Setting constant 0-bit at position 24 on $auto$ff.cc:266:slice$1756 ($adffe) from module systolic_array_8x8.
Setting constant 0-bit at position 25 on $auto$ff.cc:266:slice$1756 ($adffe) from module systolic_array_8x8.
Setting constant 0-bit at position 26 on $auto$ff.cc:266:slice$1756 ($adffe) from module systolic_array_8x8.
Setting constant 0-bit at position 27 on $auto$ff.cc:266:slice$1756 ($adffe) from module systolic_array_8x8.
Setting constant 0-bit at position 28 on $auto$ff.cc:266:slice$1756 ($adffe) from module systolic_array_8x8.
Setting constant 0-bit at position 29 on $auto$ff.cc:266:slice$1756 ($adffe) from module systolic_array_8x8.
Setting constant 0-bit at position 30 on $auto$ff.cc:266:slice$1756 ($adffe) from module systolic_array_8x8.
Setting constant 0-bit at position 31 on $auto$ff.cc:266:slice$1756 ($adffe) from module systolic_array_8x8.
Setting constant 0-bit at position 18 on $auto$ff.cc:266:slice$1772 ($adffe) from module systolic_array_8x8.
Setting constant 0-bit at position 19 on $auto$ff.cc:266:slice$1772 ($adffe) from module systolic_array_8x8.
Setting constant 0-bit at position 20 on $auto$ff.cc:266:slice$1772 ($adffe) from module systolic_array_8x8.
Setting constant 0-bit at position 21 on $auto$ff.cc:266:slice$1772 ($adffe) from module systolic_array_8x8.
Setting constant 0-bit at position 22 on $auto$ff.cc:266:slice$1772 ($adffe) from module systolic_array_8x8.
Setting constant 0-bit at position 23 on $auto$ff.cc:266:slice$1772 ($adffe) from module systolic_array_8x8.
Setting constant 0-bit at position 24 on $auto$ff.cc:266:slice$1772 ($adffe) from module systolic_array_8x8.
Setting constant 0-bit at position 25 on $auto$ff.cc:266:slice$1772 ($adffe) from module systolic_array_8x8.
Setting constant 0-bit at position 26 on $auto$ff.cc:266:slice$1772 ($adffe) from module systolic_array_8x8.
Setting constant 0-bit at position 27 on $auto$ff.cc:266:slice$1772 ($adffe) from module systolic_array_8x8.
Setting constant 0-bit at position 28 on $auto$ff.cc:266:slice$1772 ($adffe) from module systolic_array_8x8.
Setting constant 0-bit at position 29 on $auto$ff.cc:266:slice$1772 ($adffe) from module systolic_array_8x8.
Setting constant 0-bit at position 30 on $auto$ff.cc:266:slice$1772 ($adffe) from module systolic_array_8x8.
Setting constant 0-bit at position 31 on $auto$ff.cc:266:slice$1772 ($adffe) from module systolic_array_8x8.
Setting constant 0-bit at position 18 on $auto$ff.cc:266:slice$1788 ($adffe) from module systolic_array_8x8.
Setting constant 0-bit at position 19 on $auto$ff.cc:266:slice$1788 ($adffe) from module systolic_array_8x8.
Setting constant 0-bit at position 20 on $auto$ff.cc:266:slice$1788 ($adffe) from module systolic_array_8x8.
Setting constant 0-bit at position 21 on $auto$ff.cc:266:slice$1788 ($adffe) from module systolic_array_8x8.
Setting constant 0-bit at position 22 on $auto$ff.cc:266:slice$1788 ($adffe) from module systolic_array_8x8.
Setting constant 0-bit at position 23 on $auto$ff.cc:266:slice$1788 ($adffe) from module systolic_array_8x8.
Setting constant 0-bit at position 24 on $auto$ff.cc:266:slice$1788 ($adffe) from module systolic_array_8x8.
Setting constant 0-bit at position 25 on $auto$ff.cc:266:slice$1788 ($adffe) from module systolic_array_8x8.
Setting constant 0-bit at position 26 on $auto$ff.cc:266:slice$1788 ($adffe) from module systolic_array_8x8.
Setting constant 0-bit at position 27 on $auto$ff.cc:266:slice$1788 ($adffe) from module systolic_array_8x8.
Setting constant 0-bit at position 28 on $auto$ff.cc:266:slice$1788 ($adffe) from module systolic_array_8x8.
Setting constant 0-bit at position 29 on $auto$ff.cc:266:slice$1788 ($adffe) from module systolic_array_8x8.
Setting constant 0-bit at position 30 on $auto$ff.cc:266:slice$1788 ($adffe) from module systolic_array_8x8.
Setting constant 0-bit at position 31 on $auto$ff.cc:266:slice$1788 ($adffe) from module systolic_array_8x8.

125. Executing OPT_CLEAN pass (remove unused cells and wires).
Finding unused cells or wires in module \systolic_array_8x8..

126. Executing OPT_EXPR pass (perform const folding).
Optimizing module systolic_array_8x8.

127. Rerunning OPT passes. (Maybe there is more to do…)

128. Executing OPT_MUXTREE pass (detect dead branches in mux trees).
Running muxtree optimizer on module \systolic_array_8x8..
  Creating internal representation of mux trees.
  No muxes found in this module.
Removed 0 multiplexer ports.

129. Executing OPT_REDUCE pass (consolidate $*mux and $reduce_* inputs).
  Optimizing cells in module \systolic_array_8x8.
Performed a total of 0 changes.

130. Executing OPT_MERGE pass (detect identical cells).
Finding identical cells in module `\systolic_array_8x8'.
Removed a total of 0 cells.

131. Executing OPT_SHARE pass.

132. Executing OPT_DFF pass (perform DFF optimizations).
Setting constant 0-bit at position 18 on $auto$ff.cc:266:slice$1683 ($adffe) from module systolic_array_8x8.
Setting constant 0-bit at position 19 on $auto$ff.cc:266:slice$1683 ($adffe) from module systolic_array_8x8.
Setting constant 0-bit at position 20 on $auto$ff.cc:266:slice$1683 ($adffe) from module systolic_array_8x8.
Setting constant 0-bit at position 21 on $auto$ff.cc:266:slice$1683 ($adffe) from module systolic_array_8x8.
Setting constant 0-bit at position 22 on $auto$ff.cc:266:slice$1683 ($adffe) from module systolic_array_8x8.
Setting constant 0-bit at position 23 on $auto$ff.cc:266:slice$1683 ($adffe) from module systolic_array_8x8.
Setting constant 0-bit at position 24 on $auto$ff.cc:266:slice$1683 ($adffe) from module systolic_array_8x8.
Setting constant 0-bit at position 25 on $auto$ff.cc:266:slice$1683 ($adffe) from module systolic_array_8x8.
Setting constant 0-bit at position 26 on $auto$ff.cc:266:slice$1683 ($adffe) from module systolic_array_8x8.
Setting constant 0-bit at position 27 on $auto$ff.cc:266:slice$1683 ($adffe) from module systolic_array_8x8.
Setting constant 0-bit at position 28 on $auto$ff.cc:266:slice$1683 ($adffe) from module systolic_array_8x8.
Setting constant 0-bit at position 29 on $auto$ff.cc:266:slice$1683 ($adffe) from module systolic_array_8x8.
Setting constant 0-bit at position 30 on $auto$ff.cc:266:slice$1683 ($adffe) from module systolic_array_8x8.
Setting constant 0-bit at position 31 on $auto$ff.cc:266:slice$1683 ($adffe) from module systolic_array_8x8.
Setting constant 0-bit at position 18 on $auto$ff.cc:266:slice$1699 ($adffe) from module systolic_array_8x8.
Setting constant 0-bit at position 19 on $auto$ff.cc:266:slice$1699 ($adffe) from module systolic_array_8x8.
Setting constant 0-bit at position 20 on $auto$ff.cc:266:slice$1699 ($adffe) from module systolic_array_8x8.
Setting constant 0-bit at position 21 on $auto$ff.cc:266:slice$1699 ($adffe) from module systolic_array_8x8.
Setting constant 0-bit at position 22 on $auto$ff.cc:266:slice$1699 ($adffe) from module systolic_array_8x8.
Setting constant 0-bit at position 23 on $auto$ff.cc:266:slice$1699 ($adffe) from module systolic_array_8x8.
Setting constant 0-bit at position 24 on $auto$ff.cc:266:slice$1699 ($adffe) from module systolic_array_8x8.
Setting constant 0-bit at position 25 on $auto$ff.cc:266:slice$1699 ($adffe) from module systolic_array_8x8.
Setting constant 0-bit at position 26 on $auto$ff.cc:266:slice$1699 ($adffe) from module systolic_array_8x8.
Setting constant 0-bit at position 27 on $auto$ff.cc:266:slice$1699 ($adffe) from module systolic_array_8x8.
Setting constant 0-bit at position 28 on $auto$ff.cc:266:slice$1699 ($adffe) from module systolic_array_8x8.
Setting constant 0-bit at position 29 on $auto$ff.cc:266:slice$1699 ($adffe) from module systolic_array_8x8.
Setting constant 0-bit at position 30 on $auto$ff.cc:266:slice$1699 ($adffe) from module systolic_array_8x8.
Setting constant 0-bit at position 31 on $auto$ff.cc:266:slice$1699 ($adffe) from module systolic_array_8x8.
Setting constant 0-bit at position 18 on $auto$ff.cc:266:slice$1715 ($adffe) from module systolic_array_8x8.
Setting constant 0-bit at position 19 on $auto$ff.cc:266:slice$1715 ($adffe) from module systolic_array_8x8.
Setting constant 0-bit at position 20 on $auto$ff.cc:266:slice$1715 ($adffe) from module systolic_array_8x8.
Setting constant 0-bit at position 21 on $auto$ff.cc:266:slice$1715 ($adffe) from module systolic_array_8x8.
Setting constant 0-bit at position 22 on $auto$ff.cc:266:slice$1715 ($adffe) from module systolic_array_8x8.
Setting constant 0-bit at position 23 on $auto$ff.cc:266:slice$1715 ($adffe) from module systolic_array_8x8.
Setting constant 0-bit at position 24 on $auto$ff.cc:266:slice$1715 ($adffe) from module systolic_array_8x8.
Setting constant 0-bit at position 25 on $auto$ff.cc:266:slice$1715 ($adffe) from module systolic_array_8x8.
Setting constant 0-bit at position 26 on $auto$ff.cc:266:slice$1715 ($adffe) from module systolic_array_8x8.
Setting constant 0-bit at position 27 on $auto$ff.cc:266:slice$1715 ($adffe) from module systolic_array_8x8.
Setting constant 0-bit at position 28 on $auto$ff.cc:266:slice$1715 ($adffe) from module systolic_array_8x8.
Setting constant 0-bit at position 29 on $auto$ff.cc:266:slice$1715 ($adffe) from module systolic_array_8x8.
Setting constant 0-bit at position 30 on $auto$ff.cc:266:slice$1715 ($adffe) from module systolic_array_8x8.
Setting constant 0-bit at position 31 on $auto$ff.cc:266:slice$1715 ($adffe) from module systolic_array_8x8.
Setting constant 0-bit at position 18 on $auto$ff.cc:266:slice$1731 ($adffe) from module systolic_array_8x8.
Setting constant 0-bit at position 19 on $auto$ff.cc:266:slice$1731 ($adffe) from module systolic_array_8x8.
Setting constant 0-bit at position 20 on $auto$ff.cc:266:slice$1731 ($adffe) from module systolic_array_8x8.
Setting constant 0-bit at position 21 on $auto$ff.cc:266:slice$1731 ($adffe) from module systolic_array_8x8.
Setting constant 0-bit at position 22 on $auto$ff.cc:266:slice$1731 ($adffe) from module systolic_array_8x8.
Setting constant 0-bit at position 23 on $auto$ff.cc:266:slice$1731 ($adffe) from module systolic_array_8x8.
Setting constant 0-bit at position 24 on $auto$ff.cc:266:slice$1731 ($adffe) from module systolic_array_8x8.
Setting constant 0-bit at position 25 on $auto$ff.cc:266:slice$1731 ($adffe) from module systolic_array_8x8.
Setting constant 0-bit at position 26 on $auto$ff.cc:266:slice$1731 ($adffe) from module systolic_array_8x8.
Setting constant 0-bit at position 27 on $auto$ff.cc:266:slice$1731 ($adffe) from module systolic_array_8x8.
Setting constant 0-bit at position 28 on $auto$ff.cc:266:slice$1731 ($adffe) from module systolic_array_8x8.
Setting constant 0-bit at position 29 on $auto$ff.cc:266:slice$1731 ($adffe) from module systolic_array_8x8.
Setting constant 0-bit at position 30 on $auto$ff.cc:266:slice$1731 ($adffe) from module systolic_array_8x8.
Setting constant 0-bit at position 31 on $auto$ff.cc:266:slice$1731 ($adffe) from module systolic_array_8x8.
Setting constant 0-bit at position 18 on $auto$ff.cc:266:slice$1747 ($adffe) from module systolic_array_8x8.
Setting constant 0-bit at position 19 on $auto$ff.cc:266:slice$1747 ($adffe) from module systolic_array_8x8.
Setting constant 0-bit at position 20 on $auto$ff.cc:266:slice$1747 ($adffe) from module systolic_array_8x8.
Setting constant 0-bit at position 21 on $auto$ff.cc:266:slice$1747 ($adffe) from module systolic_array_8x8.
Setting constant 0-bit at position 22 on $auto$ff.cc:266:slice$1747 ($adffe) from module systolic_array_8x8.
Setting constant 0-bit at position 23 on $auto$ff.cc:266:slice$1747 ($adffe) from module systolic_array_8x8.
Setting constant 0-bit at position 24 on $auto$ff.cc:266:slice$1747 ($adffe) from module systolic_array_8x8.
Setting constant 0-bit at position 25 on $auto$ff.cc:266:slice$1747 ($adffe) from module systolic_array_8x8.
Setting constant 0-bit at position 26 on $auto$ff.cc:266:slice$1747 ($adffe) from module systolic_array_8x8.
Setting constant 0-bit at position 27 on $auto$ff.cc:266:slice$1747 ($adffe) from module systolic_array_8x8.
Setting constant 0-bit at position 28 on $auto$ff.cc:266:slice$1747 ($adffe) from module systolic_array_8x8.
Setting constant 0-bit at position 29 on $auto$ff.cc:266:slice$1747 ($adffe) from module systolic_array_8x8.
Setting constant 0-bit at position 30 on $auto$ff.cc:266:slice$1747 ($adffe) from module systolic_array_8x8.
Setting constant 0-bit at position 31 on $auto$ff.cc:266:slice$1747 ($adffe) from module systolic_array_8x8.
Setting constant 0-bit at position 18 on $auto$ff.cc:266:slice$1763 ($adffe) from module systolic_array_8x8.
Setting constant 0-bit at position 19 on $auto$ff.cc:266:slice$1763 ($adffe) from module systolic_array_8x8.
Setting constant 0-bit at position 20 on $auto$ff.cc:266:slice$1763 ($adffe) from module systolic_array_8x8.
Setting constant 0-bit at position 21 on $auto$ff.cc:266:slice$1763 ($adffe) from module systolic_array_8x8.
Setting constant 0-bit at position 22 on $auto$ff.cc:266:slice$1763 ($adffe) from module systolic_array_8x8.
Setting constant 0-bit at position 23 on $auto$ff.cc:266:slice$1763 ($adffe) from module systolic_array_8x8.
Setting constant 0-bit at position 24 on $auto$ff.cc:266:slice$1763 ($adffe) from module systolic_array_8x8.
Setting constant 0-bit at position 25 on $auto$ff.cc:266:slice$1763 ($adffe) from module systolic_array_8x8.
Setting constant 0-bit at position 26 on $auto$ff.cc:266:slice$1763 ($adffe) from module systolic_array_8x8.
Setting constant 0-bit at position 27 on $auto$ff.cc:266:slice$1763 ($adffe) from module systolic_array_8x8.
Setting constant 0-bit at position 28 on $auto$ff.cc:266:slice$1763 ($adffe) from module systolic_array_8x8.
Setting constant 0-bit at position 29 on $auto$ff.cc:266:slice$1763 ($adffe) from module systolic_array_8x8.
Setting constant 0-bit at position 30 on $auto$ff.cc:266:slice$1763 ($adffe) from module systolic_array_8x8.
Setting constant 0-bit at position 31 on $auto$ff.cc:266:slice$1763 ($adffe) from module systolic_array_8x8.
Setting constant 0-bit at position 18 on $auto$ff.cc:266:slice$1779 ($adffe) from module systolic_array_8x8.
Setting constant 0-bit at position 19 on $auto$ff.cc:266:slice$1779 ($adffe) from module systolic_array_8x8.
Setting constant 0-bit at position 20 on $auto$ff.cc:266:slice$1779 ($adffe) from module systolic_array_8x8.
Setting constant 0-bit at position 21 on $auto$ff.cc:266:slice$1779 ($adffe) from module systolic_array_8x8.
Setting constant 0-bit at position 22 on $auto$ff.cc:266:slice$1779 ($adffe) from module systolic_array_8x8.
Setting constant 0-bit at position 23 on $auto$ff.cc:266:slice$1779 ($adffe) from module systolic_array_8x8.
Setting constant 0-bit at position 24 on $auto$ff.cc:266:slice$1779 ($adffe) from module systolic_array_8x8.
Setting constant 0-bit at position 25 on $auto$ff.cc:266:slice$1779 ($adffe) from module systolic_array_8x8.
Setting constant 0-bit at position 26 on $auto$ff.cc:266:slice$1779 ($adffe) from module systolic_array_8x8.
Setting constant 0-bit at position 27 on $auto$ff.cc:266:slice$1779 ($adffe) from module systolic_array_8x8.
Setting constant 0-bit at position 28 on $auto$ff.cc:266:slice$1779 ($adffe) from module systolic_array_8x8.
Setting constant 0-bit at position 29 on $auto$ff.cc:266:slice$1779 ($adffe) from module systolic_array_8x8.
Setting constant 0-bit at position 30 on $auto$ff.cc:266:slice$1779 ($adffe) from module systolic_array_8x8.
Setting constant 0-bit at position 31 on $auto$ff.cc:266:slice$1779 ($adffe) from module systolic_array_8x8.
Setting constant 0-bit at position 18 on $auto$ff.cc:266:slice$1795 ($adffe) from module systolic_array_8x8.
Setting constant 0-bit at position 19 on $auto$ff.cc:266:slice$1795 ($adffe) from module systolic_array_8x8.
Setting constant 0-bit at position 20 on $auto$ff.cc:266:slice$1795 ($adffe) from module systolic_array_8x8.
Setting constant 0-bit at position 21 on $auto$ff.cc:266:slice$1795 ($adffe) from module systolic_array_8x8.
Setting constant 0-bit at position 22 on $auto$ff.cc:266:slice$1795 ($adffe) from module systolic_array_8x8.
Setting constant 0-bit at position 23 on $auto$ff.cc:266:slice$1795 ($adffe) from module systolic_array_8x8.
Setting constant 0-bit at position 24 on $auto$ff.cc:266:slice$1795 ($adffe) from module systolic_array_8x8.
Setting constant 0-bit at position 25 on $auto$ff.cc:266:slice$1795 ($adffe) from module systolic_array_8x8.
Setting constant 0-bit at position 26 on $auto$ff.cc:266:slice$1795 ($adffe) from module systolic_array_8x8.
Setting constant 0-bit at position 27 on $auto$ff.cc:266:slice$1795 ($adffe) from module systolic_array_8x8.
Setting constant 0-bit at position 28 on $auto$ff.cc:266:slice$1795 ($adffe) from module systolic_array_8x8.
Setting constant 0-bit at position 29 on $auto$ff.cc:266:slice$1795 ($adffe) from module systolic_array_8x8.
Setting constant 0-bit at position 30 on $auto$ff.cc:266:slice$1795 ($adffe) from module systolic_array_8x8.
Setting constant 0-bit at position 31 on $auto$ff.cc:266:slice$1795 ($adffe) from module systolic_array_8x8.

133. Executing OPT_CLEAN pass (remove unused cells and wires).
Finding unused cells or wires in module \systolic_array_8x8..

134. Executing OPT_EXPR pass (perform const folding).
Optimizing module systolic_array_8x8.

135. Rerunning OPT passes. (Maybe there is more to do…)

136. Executing OPT_MUXTREE pass (detect dead branches in mux trees).
Running muxtree optimizer on module \systolic_array_8x8..
  Creating internal representation of mux trees.
  No muxes found in this module.
Removed 0 multiplexer ports.

137. Executing OPT_REDUCE pass (consolidate $*mux and $reduce_* inputs).
  Optimizing cells in module \systolic_array_8x8.
Performed a total of 0 changes.

138. Executing OPT_MERGE pass (detect identical cells).
Finding identical cells in module `\systolic_array_8x8'.
Removed a total of 0 cells.

139. Executing OPT_SHARE pass.

140. Executing OPT_DFF pass (perform DFF optimizations).
Setting constant 0-bit at position 18 on $auto$ff.cc:266:slice$1554 ($adffe) from module systolic_array_8x8.
Setting constant 0-bit at position 19 on $auto$ff.cc:266:slice$1554 ($adffe) from module systolic_array_8x8.
Setting constant 0-bit at position 20 on $auto$ff.cc:266:slice$1554 ($adffe) from module systolic_array_8x8.
Setting constant 0-bit at position 21 on $auto$ff.cc:266:slice$1554 ($adffe) from module systolic_array_8x8.
Setting constant 0-bit at position 22 on $auto$ff.cc:266:slice$1554 ($adffe) from module systolic_array_8x8.
Setting constant 0-bit at position 23 on $auto$ff.cc:266:slice$1554 ($adffe) from module systolic_array_8x8.
Setting constant 0-bit at position 24 on $auto$ff.cc:266:slice$1554 ($adffe) from module systolic_array_8x8.
Setting constant 0-bit at position 25 on $auto$ff.cc:266:slice$1554 ($adffe) from module systolic_array_8x8.
Setting constant 0-bit at position 26 on $auto$ff.cc:266:slice$1554 ($adffe) from module systolic_array_8x8.
Setting constant 0-bit at position 27 on $auto$ff.cc:266:slice$1554 ($adffe) from module systolic_array_8x8.
Setting constant 0-bit at position 28 on $auto$ff.cc:266:slice$1554 ($adffe) from module systolic_array_8x8.
Setting constant 0-bit at position 29 on $auto$ff.cc:266:slice$1554 ($adffe) from module systolic_array_8x8.
Setting constant 0-bit at position 30 on $auto$ff.cc:266:slice$1554 ($adffe) from module systolic_array_8x8.
Setting constant 0-bit at position 31 on $auto$ff.cc:266:slice$1554 ($adffe) from module systolic_array_8x8.
Setting constant 0-bit at position 18 on $auto$ff.cc:266:slice$1570 ($adffe) from module systolic_array_8x8.
Setting constant 0-bit at position 19 on $auto$ff.cc:266:slice$1570 ($adffe) from module systolic_array_8x8.
Setting constant 0-bit at position 20 on $auto$ff.cc:266:slice$1570 ($adffe) from module systolic_array_8x8.
Setting constant 0-bit at position 21 on $auto$ff.cc:266:slice$1570 ($adffe) from module systolic_array_8x8.
Setting constant 0-bit at position 22 on $auto$ff.cc:266:slice$1570 ($adffe) from module systolic_array_8x8.
Setting constant 0-bit at position 23 on $auto$ff.cc:266:slice$1570 ($adffe) from module systolic_array_8x8.
Setting constant 0-bit at position 24 on $auto$ff.cc:266:slice$1570 ($adffe) from module systolic_array_8x8.
Setting constant 0-bit at position 25 on $auto$ff.cc:266:slice$1570 ($adffe) from module systolic_array_8x8.
Setting constant 0-bit at position 26 on $auto$ff.cc:266:slice$1570 ($adffe) from module systolic_array_8x8.
Setting constant 0-bit at position 27 on $auto$ff.cc:266:slice$1570 ($adffe) from module systolic_array_8x8.
Setting constant 0-bit at position 28 on $auto$ff.cc:266:slice$1570 ($adffe) from module systolic_array_8x8.
Setting constant 0-bit at position 29 on $auto$ff.cc:266:slice$1570 ($adffe) from module systolic_array_8x8.
Setting constant 0-bit at position 30 on $auto$ff.cc:266:slice$1570 ($adffe) from module systolic_array_8x8.
Setting constant 0-bit at position 31 on $auto$ff.cc:266:slice$1570 ($adffe) from module systolic_array_8x8.
Setting constant 0-bit at position 18 on $auto$ff.cc:266:slice$1586 ($adffe) from module systolic_array_8x8.
Setting constant 0-bit at position 19 on $auto$ff.cc:266:slice$1586 ($adffe) from module systolic_array_8x8.
Setting constant 0-bit at position 20 on $auto$ff.cc:266:slice$1586 ($adffe) from module systolic_array_8x8.
Setting constant 0-bit at position 21 on $auto$ff.cc:266:slice$1586 ($adffe) from module systolic_array_8x8.
Setting constant 0-bit at position 22 on $auto$ff.cc:266:slice$1586 ($adffe) from module systolic_array_8x8.
Setting constant 0-bit at position 23 on $auto$ff.cc:266:slice$1586 ($adffe) from module systolic_array_8x8.
Setting constant 0-bit at position 24 on $auto$ff.cc:266:slice$1586 ($adffe) from module systolic_array_8x8.
Setting constant 0-bit at position 25 on $auto$ff.cc:266:slice$1586 ($adffe) from module systolic_array_8x8.
Setting constant 0-bit at position 26 on $auto$ff.cc:266:slice$1586 ($adffe) from module systolic_array_8x8.
Setting constant 0-bit at position 27 on $auto$ff.cc:266:slice$1586 ($adffe) from module systolic_array_8x8.
Setting constant 0-bit at position 28 on $auto$ff.cc:266:slice$1586 ($adffe) from module systolic_array_8x8.
Setting constant 0-bit at position 29 on $auto$ff.cc:266:slice$1586 ($adffe) from module systolic_array_8x8.
Setting constant 0-bit at position 30 on $auto$ff.cc:266:slice$1586 ($adffe) from module systolic_array_8x8.
Setting constant 0-bit at position 31 on $auto$ff.cc:266:slice$1586 ($adffe) from module systolic_array_8x8.
Setting constant 0-bit at position 18 on $auto$ff.cc:266:slice$1602 ($adffe) from module systolic_array_8x8.
Setting constant 0-bit at position 19 on $auto$ff.cc:266:slice$1602 ($adffe) from module systolic_array_8x8.
Setting constant 0-bit at position 20 on $auto$ff.cc:266:slice$1602 ($adffe) from module systolic_array_8x8.
Setting constant 0-bit at position 21 on $auto$ff.cc:266:slice$1602 ($adffe) from module systolic_array_8x8.
Setting constant 0-bit at position 22 on $auto$ff.cc:266:slice$1602 ($adffe) from module systolic_array_8x8.
Setting constant 0-bit at position 23 on $auto$ff.cc:266:slice$1602 ($adffe) from module systolic_array_8x8.
Setting constant 0-bit at position 24 on $auto$ff.cc:266:slice$1602 ($adffe) from module systolic_array_8x8.
Setting constant 0-bit at position 25 on $auto$ff.cc:266:slice$1602 ($adffe) from module systolic_array_8x8.
Setting constant 0-bit at position 26 on $auto$ff.cc:266:slice$1602 ($adffe) from module systolic_array_8x8.
Setting constant 0-bit at position 27 on $auto$ff.cc:266:slice$1602 ($adffe) from module systolic_array_8x8.
Setting constant 0-bit at position 28 on $auto$ff.cc:266:slice$1602 ($adffe) from module systolic_array_8x8.
Setting constant 0-bit at position 29 on $auto$ff.cc:266:slice$1602 ($adffe) from module systolic_array_8x8.
Setting constant 0-bit at position 30 on $auto$ff.cc:266:slice$1602 ($adffe) from module systolic_array_8x8.
Setting constant 0-bit at position 31 on $auto$ff.cc:266:slice$1602 ($adffe) from module systolic_array_8x8.
Setting constant 0-bit at position 18 on $auto$ff.cc:266:slice$1618 ($adffe) from module systolic_array_8x8.
Setting constant 0-bit at position 19 on $auto$ff.cc:266:slice$1618 ($adffe) from module systolic_array_8x8.
Setting constant 0-bit at position 20 on $auto$ff.cc:266:slice$1618 ($adffe) from module systolic_array_8x8.
Setting constant 0-bit at position 21 on $auto$ff.cc:266:slice$1618 ($adffe) from module systolic_array_8x8.
Setting constant 0-bit at position 22 on $auto$ff.cc:266:slice$1618 ($adffe) from module systolic_array_8x8.
Setting constant 0-bit at position 23 on $auto$ff.cc:266:slice$1618 ($adffe) from module systolic_array_8x8.
Setting constant 0-bit at position 24 on $auto$ff.cc:266:slice$1618 ($adffe) from module systolic_array_8x8.
Setting constant 0-bit at position 25 on $auto$ff.cc:266:slice$1618 ($adffe) from module systolic_array_8x8.
Setting constant 0-bit at position 26 on $auto$ff.cc:266:slice$1618 ($adffe) from module systolic_array_8x8.
Setting constant 0-bit at position 27 on $auto$ff.cc:266:slice$1618 ($adffe) from module systolic_array_8x8.
Setting constant 0-bit at position 28 on $auto$ff.cc:266:slice$1618 ($adffe) from module systolic_array_8x8.
Setting constant 0-bit at position 29 on $auto$ff.cc:266:slice$1618 ($adffe) from module systolic_array_8x8.
Setting constant 0-bit at position 30 on $auto$ff.cc:266:slice$1618 ($adffe) from module systolic_array_8x8.
Setting constant 0-bit at position 31 on $auto$ff.cc:266:slice$1618 ($adffe) from module systolic_array_8x8.
Setting constant 0-bit at position 18 on $auto$ff.cc:266:slice$1634 ($adffe) from module systolic_array_8x8.
Setting constant 0-bit at position 19 on $auto$ff.cc:266:slice$1634 ($adffe) from module systolic_array_8x8.
Setting constant 0-bit at position 20 on $auto$ff.cc:266:slice$1634 ($adffe) from module systolic_array_8x8.
Setting constant 0-bit at position 21 on $auto$ff.cc:266:slice$1634 ($adffe) from module systolic_array_8x8.
Setting constant 0-bit at position 22 on $auto$ff.cc:266:slice$1634 ($adffe) from module systolic_array_8x8.
Setting constant 0-bit at position 23 on $auto$ff.cc:266:slice$1634 ($adffe) from module systolic_array_8x8.
Setting constant 0-bit at position 24 on $auto$ff.cc:266:slice$1634 ($adffe) from module systolic_array_8x8.
Setting constant 0-bit at position 25 on $auto$ff.cc:266:slice$1634 ($adffe) from module systolic_array_8x8.
Setting constant 0-bit at position 26 on $auto$ff.cc:266:slice$1634 ($adffe) from module systolic_array_8x8.
Setting constant 0-bit at position 27 on $auto$ff.cc:266:slice$1634 ($adffe) from module systolic_array_8x8.
Setting constant 0-bit at position 28 on $auto$ff.cc:266:slice$1634 ($adffe) from module systolic_array_8x8.
Setting constant 0-bit at position 29 on $auto$ff.cc:266:slice$1634 ($adffe) from module systolic_array_8x8.
Setting constant 0-bit at position 30 on $auto$ff.cc:266:slice$1634 ($adffe) from module systolic_array_8x8.
Setting constant 0-bit at position 31 on $auto$ff.cc:266:slice$1634 ($adffe) from module systolic_array_8x8.
Setting constant 0-bit at position 18 on $auto$ff.cc:266:slice$1650 ($adffe) from module systolic_array_8x8.
Setting constant 0-bit at position 19 on $auto$ff.cc:266:slice$1650 ($adffe) from module systolic_array_8x8.
Setting constant 0-bit at position 20 on $auto$ff.cc:266:slice$1650 ($adffe) from module systolic_array_8x8.
Setting constant 0-bit at position 21 on $auto$ff.cc:266:slice$1650 ($adffe) from module systolic_array_8x8.
Setting constant 0-bit at position 22 on $auto$ff.cc:266:slice$1650 ($adffe) from module systolic_array_8x8.
Setting constant 0-bit at position 23 on $auto$ff.cc:266:slice$1650 ($adffe) from module systolic_array_8x8.
Setting constant 0-bit at position 24 on $auto$ff.cc:266:slice$1650 ($adffe) from module systolic_array_8x8.
Setting constant 0-bit at position 25 on $auto$ff.cc:266:slice$1650 ($adffe) from module systolic_array_8x8.
Setting constant 0-bit at position 26 on $auto$ff.cc:266:slice$1650 ($adffe) from module systolic_array_8x8.
Setting constant 0-bit at position 27 on $auto$ff.cc:266:slice$1650 ($adffe) from module systolic_array_8x8.
Setting constant 0-bit at position 28 on $auto$ff.cc:266:slice$1650 ($adffe) from module systolic_array_8x8.
Setting constant 0-bit at position 29 on $auto$ff.cc:266:slice$1650 ($adffe) from module systolic_array_8x8.
Setting constant 0-bit at position 30 on $auto$ff.cc:266:slice$1650 ($adffe) from module systolic_array_8x8.
Setting constant 0-bit at position 31 on $auto$ff.cc:266:slice$1650 ($adffe) from module systolic_array_8x8.
Setting constant 0-bit at position 18 on $auto$ff.cc:266:slice$1666 ($adffe) from module systolic_array_8x8.
Setting constant 0-bit at position 19 on $auto$ff.cc:266:slice$1666 ($adffe) from module systolic_array_8x8.
Setting constant 0-bit at position 20 on $auto$ff.cc:266:slice$1666 ($adffe) from module systolic_array_8x8.
Setting constant 0-bit at position 21 on $auto$ff.cc:266:slice$1666 ($adffe) from module systolic_array_8x8.
Setting constant 0-bit at position 22 on $auto$ff.cc:266:slice$1666 ($adffe) from module systolic_array_8x8.
Setting constant 0-bit at position 23 on $auto$ff.cc:266:slice$1666 ($adffe) from module systolic_array_8x8.
Setting constant 0-bit at position 24 on $auto$ff.cc:266:slice$1666 ($adffe) from module systolic_array_8x8.
Setting constant 0-bit at position 25 on $auto$ff.cc:266:slice$1666 ($adffe) from module systolic_array_8x8.
Setting constant 0-bit at position 26 on $auto$ff.cc:266:slice$1666 ($adffe) from module systolic_array_8x8.
Setting constant 0-bit at position 27 on $auto$ff.cc:266:slice$1666 ($adffe) from module systolic_array_8x8.
Setting constant 0-bit at position 28 on $auto$ff.cc:266:slice$1666 ($adffe) from module systolic_array_8x8.
Setting constant 0-bit at position 29 on $auto$ff.cc:266:slice$1666 ($adffe) from module systolic_array_8x8.
Setting constant 0-bit at position 30 on $auto$ff.cc:266:slice$1666 ($adffe) from module systolic_array_8x8.
Setting constant 0-bit at position 31 on $auto$ff.cc:266:slice$1666 ($adffe) from module systolic_array_8x8.

141. Executing OPT_CLEAN pass (remove unused cells and wires).
Finding unused cells or wires in module \systolic_array_8x8..

142. Executing OPT_EXPR pass (perform const folding).
Optimizing module systolic_array_8x8.
<suppressed ~424 debug messages>

143. Rerunning OPT passes. (Maybe there is more to do…)

144. Executing OPT_MUXTREE pass (detect dead branches in mux trees).
Running muxtree optimizer on module \systolic_array_8x8..
  Creating internal representation of mux trees.
  No muxes found in this module.
Removed 0 multiplexer ports.

145. Executing OPT_REDUCE pass (consolidate $*mux and $reduce_* inputs).
  Optimizing cells in module \systolic_array_8x8.
Performed a total of 0 changes.

146. Executing OPT_MERGE pass (detect identical cells).
Finding identical cells in module `\systolic_array_8x8'.
Removed a total of 0 cells.

147. Executing OPT_SHARE pass.

148. Executing OPT_DFF pass (perform DFF optimizations).

149. Executing OPT_CLEAN pass (remove unused cells and wires).
Finding unused cells or wires in module \systolic_array_8x8..
Removed 0 unused cells and 104 unused wires.
<suppressed ~1 debug messages>

150. Executing OPT_EXPR pass (perform const folding).
Optimizing module systolic_array_8x8.

151. Rerunning OPT passes. (Maybe there is more to do…)

152. Executing OPT_MUXTREE pass (detect dead branches in mux trees).
Running muxtree optimizer on module \systolic_array_8x8..
  Creating internal representation of mux trees.
  No muxes found in this module.
Removed 0 multiplexer ports.

153. Executing OPT_REDUCE pass (consolidate $*mux and $reduce_* inputs).
  Optimizing cells in module \systolic_array_8x8.
Performed a total of 0 changes.

154. Executing OPT_MERGE pass (detect identical cells).
Finding identical cells in module `\systolic_array_8x8'.
Removed a total of 0 cells.

155. Executing OPT_SHARE pass.

156. Executing OPT_DFF pass (perform DFF optimizations).
Setting constant 0-bit at position 19 on $auto$ff.cc:266:slice$1549 ($adffe) from module systolic_array_8x8.
Setting constant 0-bit at position 20 on $auto$ff.cc:266:slice$1549 ($adffe) from module systolic_array_8x8.
Setting constant 0-bit at position 21 on $auto$ff.cc:266:slice$1549 ($adffe) from module systolic_array_8x8.
Setting constant 0-bit at position 22 on $auto$ff.cc:266:slice$1549 ($adffe) from module systolic_array_8x8.
Setting constant 0-bit at position 23 on $auto$ff.cc:266:slice$1549 ($adffe) from module systolic_array_8x8.
Setting constant 0-bit at position 24 on $auto$ff.cc:266:slice$1549 ($adffe) from module systolic_array_8x8.
Setting constant 0-bit at position 25 on $auto$ff.cc:266:slice$1549 ($adffe) from module systolic_array_8x8.
Setting constant 0-bit at position 26 on $auto$ff.cc:266:slice$1549 ($adffe) from module systolic_array_8x8.
Setting constant 0-bit at position 27 on $auto$ff.cc:266:slice$1549 ($adffe) from module systolic_array_8x8.
Setting constant 0-bit at position 28 on $auto$ff.cc:266:slice$1549 ($adffe) from module systolic_array_8x8.
Setting constant 0-bit at position 29 on $auto$ff.cc:266:slice$1549 ($adffe) from module systolic_array_8x8.
Setting constant 0-bit at position 30 on $auto$ff.cc:266:slice$1549 ($adffe) from module systolic_array_8x8.
Setting constant 0-bit at position 31 on $auto$ff.cc:266:slice$1549 ($adffe) from module systolic_array_8x8.
Setting constant 0-bit at position 19 on $auto$ff.cc:266:slice$1565 ($adffe) from module systolic_array_8x8.
Setting constant 0-bit at position 20 on $auto$ff.cc:266:slice$1565 ($adffe) from module systolic_array_8x8.
Setting constant 0-bit at position 21 on $auto$ff.cc:266:slice$1565 ($adffe) from module systolic_array_8x8.
Setting constant 0-bit at position 22 on $auto$ff.cc:266:slice$1565 ($adffe) from module systolic_array_8x8.
Setting constant 0-bit at position 23 on $auto$ff.cc:266:slice$1565 ($adffe) from module systolic_array_8x8.
Setting constant 0-bit at position 24 on $auto$ff.cc:266:slice$1565 ($adffe) from module systolic_array_8x8.
Setting constant 0-bit at position 25 on $auto$ff.cc:266:slice$1565 ($adffe) from module systolic_array_8x8.
Setting constant 0-bit at position 26 on $auto$ff.cc:266:slice$1565 ($adffe) from module systolic_array_8x8.
Setting constant 0-bit at position 27 on $auto$ff.cc:266:slice$1565 ($adffe) from module systolic_array_8x8.
Setting constant 0-bit at position 28 on $auto$ff.cc:266:slice$1565 ($adffe) from module systolic_array_8x8.
Setting constant 0-bit at position 29 on $auto$ff.cc:266:slice$1565 ($adffe) from module systolic_array_8x8.
Setting constant 0-bit at position 30 on $auto$ff.cc:266:slice$1565 ($adffe) from module systolic_array_8x8.
Setting constant 0-bit at position 31 on $auto$ff.cc:266:slice$1565 ($adffe) from module systolic_array_8x8.
Setting constant 0-bit at position 19 on $auto$ff.cc:266:slice$1581 ($adffe) from module systolic_array_8x8.
Setting constant 0-bit at position 20 on $auto$ff.cc:266:slice$1581 ($adffe) from module systolic_array_8x8.
Setting constant 0-bit at position 21 on $auto$ff.cc:266:slice$1581 ($adffe) from module systolic_array_8x8.
Setting constant 0-bit at position 22 on $auto$ff.cc:266:slice$1581 ($adffe) from module systolic_array_8x8.
Setting constant 0-bit at position 23 on $auto$ff.cc:266:slice$1581 ($adffe) from module systolic_array_8x8.
Setting constant 0-bit at position 24 on $auto$ff.cc:266:slice$1581 ($adffe) from module systolic_array_8x8.
Setting constant 0-bit at position 25 on $auto$ff.cc:266:slice$1581 ($adffe) from module systolic_array_8x8.
Setting constant 0-bit at position 26 on $auto$ff.cc:266:slice$1581 ($adffe) from module systolic_array_8x8.
Setting constant 0-bit at position 27 on $auto$ff.cc:266:slice$1581 ($adffe) from module systolic_array_8x8.
Setting constant 0-bit at position 28 on $auto$ff.cc:266:slice$1581 ($adffe) from module systolic_array_8x8.
Setting constant 0-bit at position 29 on $auto$ff.cc:266:slice$1581 ($adffe) from module systolic_array_8x8.
Setting constant 0-bit at position 30 on $auto$ff.cc:266:slice$1581 ($adffe) from module systolic_array_8x8.
Setting constant 0-bit at position 31 on $auto$ff.cc:266:slice$1581 ($adffe) from module systolic_array_8x8.
Setting constant 0-bit at position 19 on $auto$ff.cc:266:slice$1597 ($adffe) from module systolic_array_8x8.
Setting constant 0-bit at position 20 on $auto$ff.cc:266:slice$1597 ($adffe) from module systolic_array_8x8.
Setting constant 0-bit at position 21 on $auto$ff.cc:266:slice$1597 ($adffe) from module systolic_array_8x8.
Setting constant 0-bit at position 22 on $auto$ff.cc:266:slice$1597 ($adffe) from module systolic_array_8x8.
Setting constant 0-bit at position 23 on $auto$ff.cc:266:slice$1597 ($adffe) from module systolic_array_8x8.
Setting constant 0-bit at position 24 on $auto$ff.cc:266:slice$1597 ($adffe) from module systolic_array_8x8.
Setting constant 0-bit at position 25 on $auto$ff.cc:266:slice$1597 ($adffe) from module systolic_array_8x8.
Setting constant 0-bit at position 26 on $auto$ff.cc:266:slice$1597 ($adffe) from module systolic_array_8x8.
Setting constant 0-bit at position 27 on $auto$ff.cc:266:slice$1597 ($adffe) from module systolic_array_8x8.
Setting constant 0-bit at position 28 on $auto$ff.cc:266:slice$1597 ($adffe) from module systolic_array_8x8.
Setting constant 0-bit at position 29 on $auto$ff.cc:266:slice$1597 ($adffe) from module systolic_array_8x8.
Setting constant 0-bit at position 30 on $auto$ff.cc:266:slice$1597 ($adffe) from module systolic_array_8x8.
Setting constant 0-bit at position 31 on $auto$ff.cc:266:slice$1597 ($adffe) from module systolic_array_8x8.
Setting constant 0-bit at position 19 on $auto$ff.cc:266:slice$1613 ($adffe) from module systolic_array_8x8.
Setting constant 0-bit at position 20 on $auto$ff.cc:266:slice$1613 ($adffe) from module systolic_array_8x8.
Setting constant 0-bit at position 21 on $auto$ff.cc:266:slice$1613 ($adffe) from module systolic_array_8x8.
Setting constant 0-bit at position 22 on $auto$ff.cc:266:slice$1613 ($adffe) from module systolic_array_8x8.
Setting constant 0-bit at position 23 on $auto$ff.cc:266:slice$1613 ($adffe) from module systolic_array_8x8.
Setting constant 0-bit at position 24 on $auto$ff.cc:266:slice$1613 ($adffe) from module systolic_array_8x8.
Setting constant 0-bit at position 25 on $auto$ff.cc:266:slice$1613 ($adffe) from module systolic_array_8x8.
Setting constant 0-bit at position 26 on $auto$ff.cc:266:slice$1613 ($adffe) from module systolic_array_8x8.
Setting constant 0-bit at position 27 on $auto$ff.cc:266:slice$1613 ($adffe) from module systolic_array_8x8.
Setting constant 0-bit at position 28 on $auto$ff.cc:266:slice$1613 ($adffe) from module systolic_array_8x8.
Setting constant 0-bit at position 29 on $auto$ff.cc:266:slice$1613 ($adffe) from module systolic_array_8x8.
Setting constant 0-bit at position 30 on $auto$ff.cc:266:slice$1613 ($adffe) from module systolic_array_8x8.
Setting constant 0-bit at position 31 on $auto$ff.cc:266:slice$1613 ($adffe) from module systolic_array_8x8.
Setting constant 0-bit at position 19 on $auto$ff.cc:266:slice$1629 ($adffe) from module systolic_array_8x8.
Setting constant 0-bit at position 20 on $auto$ff.cc:266:slice$1629 ($adffe) from module systolic_array_8x8.
Setting constant 0-bit at position 21 on $auto$ff.cc:266:slice$1629 ($adffe) from module systolic_array_8x8.
Setting constant 0-bit at position 22 on $auto$ff.cc:266:slice$1629 ($adffe) from module systolic_array_8x8.
Setting constant 0-bit at position 23 on $auto$ff.cc:266:slice$1629 ($adffe) from module systolic_array_8x8.
Setting constant 0-bit at position 24 on $auto$ff.cc:266:slice$1629 ($adffe) from module systolic_array_8x8.
Setting constant 0-bit at position 25 on $auto$ff.cc:266:slice$1629 ($adffe) from module systolic_array_8x8.
Setting constant 0-bit at position 26 on $auto$ff.cc:266:slice$1629 ($adffe) from module systolic_array_8x8.
Setting constant 0-bit at position 27 on $auto$ff.cc:266:slice$1629 ($adffe) from module systolic_array_8x8.
Setting constant 0-bit at position 28 on $auto$ff.cc:266:slice$1629 ($adffe) from module systolic_array_8x8.
Setting constant 0-bit at position 29 on $auto$ff.cc:266:slice$1629 ($adffe) from module systolic_array_8x8.
Setting constant 0-bit at position 30 on $auto$ff.cc:266:slice$1629 ($adffe) from module systolic_array_8x8.
Setting constant 0-bit at position 31 on $auto$ff.cc:266:slice$1629 ($adffe) from module systolic_array_8x8.
Setting constant 0-bit at position 19 on $auto$ff.cc:266:slice$1645 ($adffe) from module systolic_array_8x8.
Setting constant 0-bit at position 20 on $auto$ff.cc:266:slice$1645 ($adffe) from module systolic_array_8x8.
Setting constant 0-bit at position 21 on $auto$ff.cc:266:slice$1645 ($adffe) from module systolic_array_8x8.
Setting constant 0-bit at position 22 on $auto$ff.cc:266:slice$1645 ($adffe) from module systolic_array_8x8.
Setting constant 0-bit at position 23 on $auto$ff.cc:266:slice$1645 ($adffe) from module systolic_array_8x8.
Setting constant 0-bit at position 24 on $auto$ff.cc:266:slice$1645 ($adffe) from module systolic_array_8x8.
Setting constant 0-bit at position 25 on $auto$ff.cc:266:slice$1645 ($adffe) from module systolic_array_8x8.
Setting constant 0-bit at position 26 on $auto$ff.cc:266:slice$1645 ($adffe) from module systolic_array_8x8.
Setting constant 0-bit at position 27 on $auto$ff.cc:266:slice$1645 ($adffe) from module systolic_array_8x8.
Setting constant 0-bit at position 28 on $auto$ff.cc:266:slice$1645 ($adffe) from module systolic_array_8x8.
Setting constant 0-bit at position 29 on $auto$ff.cc:266:slice$1645 ($adffe) from module systolic_array_8x8.
Setting constant 0-bit at position 30 on $auto$ff.cc:266:slice$1645 ($adffe) from module systolic_array_8x8.
Setting constant 0-bit at position 31 on $auto$ff.cc:266:slice$1645 ($adffe) from module systolic_array_8x8.
Setting constant 0-bit at position 19 on $auto$ff.cc:266:slice$1661 ($adffe) from module systolic_array_8x8.
Setting constant 0-bit at position 20 on $auto$ff.cc:266:slice$1661 ($adffe) from module systolic_array_8x8.
Setting constant 0-bit at position 21 on $auto$ff.cc:266:slice$1661 ($adffe) from module systolic_array_8x8.
Setting constant 0-bit at position 22 on $auto$ff.cc:266:slice$1661 ($adffe) from module systolic_array_8x8.
Setting constant 0-bit at position 23 on $auto$ff.cc:266:slice$1661 ($adffe) from module systolic_array_8x8.
Setting constant 0-bit at position 24 on $auto$ff.cc:266:slice$1661 ($adffe) from module systolic_array_8x8.
Setting constant 0-bit at position 25 on $auto$ff.cc:266:slice$1661 ($adffe) from module systolic_array_8x8.
Setting constant 0-bit at position 26 on $auto$ff.cc:266:slice$1661 ($adffe) from module systolic_array_8x8.
Setting constant 0-bit at position 27 on $auto$ff.cc:266:slice$1661 ($adffe) from module systolic_array_8x8.
Setting constant 0-bit at position 28 on $auto$ff.cc:266:slice$1661 ($adffe) from module systolic_array_8x8.
Setting constant 0-bit at position 29 on $auto$ff.cc:266:slice$1661 ($adffe) from module systolic_array_8x8.
Setting constant 0-bit at position 30 on $auto$ff.cc:266:slice$1661 ($adffe) from module systolic_array_8x8.
Setting constant 0-bit at position 31 on $auto$ff.cc:266:slice$1661 ($adffe) from module systolic_array_8x8.

157. Executing OPT_CLEAN pass (remove unused cells and wires).
Finding unused cells or wires in module \systolic_array_8x8..

158. Executing OPT_EXPR pass (perform const folding).
Optimizing module systolic_array_8x8.

159. Rerunning OPT passes. (Maybe there is more to do…)

160. Executing OPT_MUXTREE pass (detect dead branches in mux trees).
Running muxtree optimizer on module \systolic_array_8x8..
  Creating internal representation of mux trees.
  No muxes found in this module.
Removed 0 multiplexer ports.

161. Executing OPT_REDUCE pass (consolidate $*mux and $reduce_* inputs).
  Optimizing cells in module \systolic_array_8x8.
Performed a total of 0 changes.

162. Executing OPT_MERGE pass (detect identical cells).
Finding identical cells in module `\systolic_array_8x8'.
Removed a total of 0 cells.

163. Executing OPT_SHARE pass.

164. Executing OPT_DFF pass (perform DFF optimizations).
Setting constant 0-bit at position 19 on $auto$ff.cc:266:slice$1556 ($adffe) from module systolic_array_8x8.
Setting constant 0-bit at position 20 on $auto$ff.cc:266:slice$1556 ($adffe) from module systolic_array_8x8.
Setting constant 0-bit at position 21 on $auto$ff.cc:266:slice$1556 ($adffe) from module systolic_array_8x8.
Setting constant 0-bit at position 22 on $auto$ff.cc:266:slice$1556 ($adffe) from module systolic_array_8x8.
Setting constant 0-bit at position 23 on $auto$ff.cc:266:slice$1556 ($adffe) from module systolic_array_8x8.
Setting constant 0-bit at position 24 on $auto$ff.cc:266:slice$1556 ($adffe) from module systolic_array_8x8.
Setting constant 0-bit at position 25 on $auto$ff.cc:266:slice$1556 ($adffe) from module systolic_array_8x8.
Setting constant 0-bit at position 26 on $auto$ff.cc:266:slice$1556 ($adffe) from module systolic_array_8x8.
Setting constant 0-bit at position 27 on $auto$ff.cc:266:slice$1556 ($adffe) from module systolic_array_8x8.
Setting constant 0-bit at position 28 on $auto$ff.cc:266:slice$1556 ($adffe) from module systolic_array_8x8.
Setting constant 0-bit at position 29 on $auto$ff.cc:266:slice$1556 ($adffe) from module systolic_array_8x8.
Setting constant 0-bit at position 30 on $auto$ff.cc:266:slice$1556 ($adffe) from module systolic_array_8x8.
Setting constant 0-bit at position 31 on $auto$ff.cc:266:slice$1556 ($adffe) from module systolic_array_8x8.
Setting constant 0-bit at position 19 on $auto$ff.cc:266:slice$1572 ($adffe) from module systolic_array_8x8.
Setting constant 0-bit at position 20 on $auto$ff.cc:266:slice$1572 ($adffe) from module systolic_array_8x8.
Setting constant 0-bit at position 21 on $auto$ff.cc:266:slice$1572 ($adffe) from module systolic_array_8x8.
Setting constant 0-bit at position 22 on $auto$ff.cc:266:slice$1572 ($adffe) from module systolic_array_8x8.
Setting constant 0-bit at position 23 on $auto$ff.cc:266:slice$1572 ($adffe) from module systolic_array_8x8.
Setting constant 0-bit at position 24 on $auto$ff.cc:266:slice$1572 ($adffe) from module systolic_array_8x8.
Setting constant 0-bit at position 25 on $auto$ff.cc:266:slice$1572 ($adffe) from module systolic_array_8x8.
Setting constant 0-bit at position 26 on $auto$ff.cc:266:slice$1572 ($adffe) from module systolic_array_8x8.
Setting constant 0-bit at position 27 on $auto$ff.cc:266:slice$1572 ($adffe) from module systolic_array_8x8.
Setting constant 0-bit at position 28 on $auto$ff.cc:266:slice$1572 ($adffe) from module systolic_array_8x8.
Setting constant 0-bit at position 29 on $auto$ff.cc:266:slice$1572 ($adffe) from module systolic_array_8x8.
Setting constant 0-bit at position 30 on $auto$ff.cc:266:slice$1572 ($adffe) from module systolic_array_8x8.
Setting constant 0-bit at position 31 on $auto$ff.cc:266:slice$1572 ($adffe) from module systolic_array_8x8.
Setting constant 0-bit at position 19 on $auto$ff.cc:266:slice$1588 ($adffe) from module systolic_array_8x8.
Setting constant 0-bit at position 20 on $auto$ff.cc:266:slice$1588 ($adffe) from module systolic_array_8x8.
Setting constant 0-bit at position 21 on $auto$ff.cc:266:slice$1588 ($adffe) from module systolic_array_8x8.
Setting constant 0-bit at position 22 on $auto$ff.cc:266:slice$1588 ($adffe) from module systolic_array_8x8.
Setting constant 0-bit at position 23 on $auto$ff.cc:266:slice$1588 ($adffe) from module systolic_array_8x8.
Setting constant 0-bit at position 24 on $auto$ff.cc:266:slice$1588 ($adffe) from module systolic_array_8x8.
Setting constant 0-bit at position 25 on $auto$ff.cc:266:slice$1588 ($adffe) from module systolic_array_8x8.
Setting constant 0-bit at position 26 on $auto$ff.cc:266:slice$1588 ($adffe) from module systolic_array_8x8.
Setting constant 0-bit at position 27 on $auto$ff.cc:266:slice$1588 ($adffe) from module systolic_array_8x8.
Setting constant 0-bit at position 28 on $auto$ff.cc:266:slice$1588 ($adffe) from module systolic_array_8x8.
Setting constant 0-bit at position 29 on $auto$ff.cc:266:slice$1588 ($adffe) from module systolic_array_8x8.
Setting constant 0-bit at position 30 on $auto$ff.cc:266:slice$1588 ($adffe) from module systolic_array_8x8.
Setting constant 0-bit at position 31 on $auto$ff.cc:266:slice$1588 ($adffe) from module systolic_array_8x8.
Setting constant 0-bit at position 19 on $auto$ff.cc:266:slice$1604 ($adffe) from module systolic_array_8x8.
Setting constant 0-bit at position 20 on $auto$ff.cc:266:slice$1604 ($adffe) from module systolic_array_8x8.
Setting constant 0-bit at position 21 on $auto$ff.cc:266:slice$1604 ($adffe) from module systolic_array_8x8.
Setting constant 0-bit at position 22 on $auto$ff.cc:266:slice$1604 ($adffe) from module systolic_array_8x8.
Setting constant 0-bit at position 23 on $auto$ff.cc:266:slice$1604 ($adffe) from module systolic_array_8x8.
Setting constant 0-bit at position 24 on $auto$ff.cc:266:slice$1604 ($adffe) from module systolic_array_8x8.
Setting constant 0-bit at position 25 on $auto$ff.cc:266:slice$1604 ($adffe) from module systolic_array_8x8.
Setting constant 0-bit at position 26 on $auto$ff.cc:266:slice$1604 ($adffe) from module systolic_array_8x8.
Setting constant 0-bit at position 27 on $auto$ff.cc:266:slice$1604 ($adffe) from module systolic_array_8x8.
Setting constant 0-bit at position 28 on $auto$ff.cc:266:slice$1604 ($adffe) from module systolic_array_8x8.
Setting constant 0-bit at position 29 on $auto$ff.cc:266:slice$1604 ($adffe) from module systolic_array_8x8.
Setting constant 0-bit at position 30 on $auto$ff.cc:266:slice$1604 ($adffe) from module systolic_array_8x8.
Setting constant 0-bit at position 31 on $auto$ff.cc:266:slice$1604 ($adffe) from module systolic_array_8x8.
Setting constant 0-bit at position 19 on $auto$ff.cc:266:slice$1620 ($adffe) from module systolic_array_8x8.
Setting constant 0-bit at position 20 on $auto$ff.cc:266:slice$1620 ($adffe) from module systolic_array_8x8.
Setting constant 0-bit at position 21 on $auto$ff.cc:266:slice$1620 ($adffe) from module systolic_array_8x8.
Setting constant 0-bit at position 22 on $auto$ff.cc:266:slice$1620 ($adffe) from module systolic_array_8x8.
Setting constant 0-bit at position 23 on $auto$ff.cc:266:slice$1620 ($adffe) from module systolic_array_8x8.
Setting constant 0-bit at position 24 on $auto$ff.cc:266:slice$1620 ($adffe) from module systolic_array_8x8.
Setting constant 0-bit at position 25 on $auto$ff.cc:266:slice$1620 ($adffe) from module systolic_array_8x8.
Setting constant 0-bit at position 26 on $auto$ff.cc:266:slice$1620 ($adffe) from module systolic_array_8x8.
Setting constant 0-bit at position 27 on $auto$ff.cc:266:slice$1620 ($adffe) from module systolic_array_8x8.
Setting constant 0-bit at position 28 on $auto$ff.cc:266:slice$1620 ($adffe) from module systolic_array_8x8.
Setting constant 0-bit at position 29 on $auto$ff.cc:266:slice$1620 ($adffe) from module systolic_array_8x8.
Setting constant 0-bit at position 30 on $auto$ff.cc:266:slice$1620 ($adffe) from module systolic_array_8x8.
Setting constant 0-bit at position 31 on $auto$ff.cc:266:slice$1620 ($adffe) from module systolic_array_8x8.
Setting constant 0-bit at position 19 on $auto$ff.cc:266:slice$1636 ($adffe) from module systolic_array_8x8.
Setting constant 0-bit at position 20 on $auto$ff.cc:266:slice$1636 ($adffe) from module systolic_array_8x8.
Setting constant 0-bit at position 21 on $auto$ff.cc:266:slice$1636 ($adffe) from module systolic_array_8x8.
Setting constant 0-bit at position 22 on $auto$ff.cc:266:slice$1636 ($adffe) from module systolic_array_8x8.
Setting constant 0-bit at position 23 on $auto$ff.cc:266:slice$1636 ($adffe) from module systolic_array_8x8.
Setting constant 0-bit at position 24 on $auto$ff.cc:266:slice$1636 ($adffe) from module systolic_array_8x8.
Setting constant 0-bit at position 25 on $auto$ff.cc:266:slice$1636 ($adffe) from module systolic_array_8x8.
Setting constant 0-bit at position 26 on $auto$ff.cc:266:slice$1636 ($adffe) from module systolic_array_8x8.
Setting constant 0-bit at position 27 on $auto$ff.cc:266:slice$1636 ($adffe) from module systolic_array_8x8.
Setting constant 0-bit at position 28 on $auto$ff.cc:266:slice$1636 ($adffe) from module systolic_array_8x8.
Setting constant 0-bit at position 29 on $auto$ff.cc:266:slice$1636 ($adffe) from module systolic_array_8x8.
Setting constant 0-bit at position 30 on $auto$ff.cc:266:slice$1636 ($adffe) from module systolic_array_8x8.
Setting constant 0-bit at position 31 on $auto$ff.cc:266:slice$1636 ($adffe) from module systolic_array_8x8.
Setting constant 0-bit at position 19 on $auto$ff.cc:266:slice$1652 ($adffe) from module systolic_array_8x8.
Setting constant 0-bit at position 20 on $auto$ff.cc:266:slice$1652 ($adffe) from module systolic_array_8x8.
Setting constant 0-bit at position 21 on $auto$ff.cc:266:slice$1652 ($adffe) from module systolic_array_8x8.
Setting constant 0-bit at position 22 on $auto$ff.cc:266:slice$1652 ($adffe) from module systolic_array_8x8.
Setting constant 0-bit at position 23 on $auto$ff.cc:266:slice$1652 ($adffe) from module systolic_array_8x8.
Setting constant 0-bit at position 24 on $auto$ff.cc:266:slice$1652 ($adffe) from module systolic_array_8x8.
Setting constant 0-bit at position 25 on $auto$ff.cc:266:slice$1652 ($adffe) from module systolic_array_8x8.
Setting constant 0-bit at position 26 on $auto$ff.cc:266:slice$1652 ($adffe) from module systolic_array_8x8.
Setting constant 0-bit at position 27 on $auto$ff.cc:266:slice$1652 ($adffe) from module systolic_array_8x8.
Setting constant 0-bit at position 28 on $auto$ff.cc:266:slice$1652 ($adffe) from module systolic_array_8x8.
Setting constant 0-bit at position 29 on $auto$ff.cc:266:slice$1652 ($adffe) from module systolic_array_8x8.
Setting constant 0-bit at position 30 on $auto$ff.cc:266:slice$1652 ($adffe) from module systolic_array_8x8.
Setting constant 0-bit at position 31 on $auto$ff.cc:266:slice$1652 ($adffe) from module systolic_array_8x8.
Setting constant 0-bit at position 19 on $auto$ff.cc:266:slice$1668 ($adffe) from module systolic_array_8x8.
Setting constant 0-bit at position 20 on $auto$ff.cc:266:slice$1668 ($adffe) from module systolic_array_8x8.
Setting constant 0-bit at position 21 on $auto$ff.cc:266:slice$1668 ($adffe) from module systolic_array_8x8.
Setting constant 0-bit at position 22 on $auto$ff.cc:266:slice$1668 ($adffe) from module systolic_array_8x8.
Setting constant 0-bit at position 23 on $auto$ff.cc:266:slice$1668 ($adffe) from module systolic_array_8x8.
Setting constant 0-bit at position 24 on $auto$ff.cc:266:slice$1668 ($adffe) from module systolic_array_8x8.
Setting constant 0-bit at position 25 on $auto$ff.cc:266:slice$1668 ($adffe) from module systolic_array_8x8.
Setting constant 0-bit at position 26 on $auto$ff.cc:266:slice$1668 ($adffe) from module systolic_array_8x8.
Setting constant 0-bit at position 27 on $auto$ff.cc:266:slice$1668 ($adffe) from module systolic_array_8x8.
Setting constant 0-bit at position 28 on $auto$ff.cc:266:slice$1668 ($adffe) from module systolic_array_8x8.
Setting constant 0-bit at position 29 on $auto$ff.cc:266:slice$1668 ($adffe) from module systolic_array_8x8.
Setting constant 0-bit at position 30 on $auto$ff.cc:266:slice$1668 ($adffe) from module systolic_array_8x8.
Setting constant 0-bit at position 31 on $auto$ff.cc:266:slice$1668 ($adffe) from module systolic_array_8x8.

165. Executing OPT_CLEAN pass (remove unused cells and wires).
Finding unused cells or wires in module \systolic_array_8x8..

166. Executing OPT_EXPR pass (perform const folding).
Optimizing module systolic_array_8x8.

167. Rerunning OPT passes. (Maybe there is more to do…)

168. Executing OPT_MUXTREE pass (detect dead branches in mux trees).
Running muxtree optimizer on module \systolic_array_8x8..
  Creating internal representation of mux trees.
  No muxes found in this module.
Removed 0 multiplexer ports.

169. Executing OPT_REDUCE pass (consolidate $*mux and $reduce_* inputs).
  Optimizing cells in module \systolic_array_8x8.
Performed a total of 0 changes.

170. Executing OPT_MERGE pass (detect identical cells).
Finding identical cells in module `\systolic_array_8x8'.
Removed a total of 0 cells.

171. Executing OPT_SHARE pass.

172. Executing OPT_DFF pass (perform DFF optimizations).
Setting constant 0-bit at position 19 on $auto$ff.cc:266:slice$1427 ($adffe) from module systolic_array_8x8.
Setting constant 0-bit at position 20 on $auto$ff.cc:266:slice$1427 ($adffe) from module systolic_array_8x8.
Setting constant 0-bit at position 21 on $auto$ff.cc:266:slice$1427 ($adffe) from module systolic_array_8x8.
Setting constant 0-bit at position 22 on $auto$ff.cc:266:slice$1427 ($adffe) from module systolic_array_8x8.
Setting constant 0-bit at position 23 on $auto$ff.cc:266:slice$1427 ($adffe) from module systolic_array_8x8.
Setting constant 0-bit at position 24 on $auto$ff.cc:266:slice$1427 ($adffe) from module systolic_array_8x8.
Setting constant 0-bit at position 25 on $auto$ff.cc:266:slice$1427 ($adffe) from module systolic_array_8x8.
Setting constant 0-bit at position 26 on $auto$ff.cc:266:slice$1427 ($adffe) from module systolic_array_8x8.
Setting constant 0-bit at position 27 on $auto$ff.cc:266:slice$1427 ($adffe) from module systolic_array_8x8.
Setting constant 0-bit at position 28 on $auto$ff.cc:266:slice$1427 ($adffe) from module systolic_array_8x8.
Setting constant 0-bit at position 29 on $auto$ff.cc:266:slice$1427 ($adffe) from module systolic_array_8x8.
Setting constant 0-bit at position 30 on $auto$ff.cc:266:slice$1427 ($adffe) from module systolic_array_8x8.
Setting constant 0-bit at position 31 on $auto$ff.cc:266:slice$1427 ($adffe) from module systolic_array_8x8.
Setting constant 0-bit at position 19 on $auto$ff.cc:266:slice$1443 ($adffe) from module systolic_array_8x8.
Setting constant 0-bit at position 20 on $auto$ff.cc:266:slice$1443 ($adffe) from module systolic_array_8x8.
Setting constant 0-bit at position 21 on $auto$ff.cc:266:slice$1443 ($adffe) from module systolic_array_8x8.
Setting constant 0-bit at position 22 on $auto$ff.cc:266:slice$1443 ($adffe) from module systolic_array_8x8.
Setting constant 0-bit at position 23 on $auto$ff.cc:266:slice$1443 ($adffe) from module systolic_array_8x8.
Setting constant 0-bit at position 24 on $auto$ff.cc:266:slice$1443 ($adffe) from module systolic_array_8x8.
Setting constant 0-bit at position 25 on $auto$ff.cc:266:slice$1443 ($adffe) from module systolic_array_8x8.
Setting constant 0-bit at position 26 on $auto$ff.cc:266:slice$1443 ($adffe) from module systolic_array_8x8.
Setting constant 0-bit at position 27 on $auto$ff.cc:266:slice$1443 ($adffe) from module systolic_array_8x8.
Setting constant 0-bit at position 28 on $auto$ff.cc:266:slice$1443 ($adffe) from module systolic_array_8x8.
Setting constant 0-bit at position 29 on $auto$ff.cc:266:slice$1443 ($adffe) from module systolic_array_8x8.
Setting constant 0-bit at position 30 on $auto$ff.cc:266:slice$1443 ($adffe) from module systolic_array_8x8.
Setting constant 0-bit at position 31 on $auto$ff.cc:266:slice$1443 ($adffe) from module systolic_array_8x8.
Setting constant 0-bit at position 19 on $auto$ff.cc:266:slice$1459 ($adffe) from module systolic_array_8x8.
Setting constant 0-bit at position 20 on $auto$ff.cc:266:slice$1459 ($adffe) from module systolic_array_8x8.
Setting constant 0-bit at position 21 on $auto$ff.cc:266:slice$1459 ($adffe) from module systolic_array_8x8.
Setting constant 0-bit at position 22 on $auto$ff.cc:266:slice$1459 ($adffe) from module systolic_array_8x8.
Setting constant 0-bit at position 23 on $auto$ff.cc:266:slice$1459 ($adffe) from module systolic_array_8x8.
Setting constant 0-bit at position 24 on $auto$ff.cc:266:slice$1459 ($adffe) from module systolic_array_8x8.
Setting constant 0-bit at position 25 on $auto$ff.cc:266:slice$1459 ($adffe) from module systolic_array_8x8.
Setting constant 0-bit at position 26 on $auto$ff.cc:266:slice$1459 ($adffe) from module systolic_array_8x8.
Setting constant 0-bit at position 27 on $auto$ff.cc:266:slice$1459 ($adffe) from module systolic_array_8x8.
Setting constant 0-bit at position 28 on $auto$ff.cc:266:slice$1459 ($adffe) from module systolic_array_8x8.
Setting constant 0-bit at position 29 on $auto$ff.cc:266:slice$1459 ($adffe) from module systolic_array_8x8.
Setting constant 0-bit at position 30 on $auto$ff.cc:266:slice$1459 ($adffe) from module systolic_array_8x8.
Setting constant 0-bit at position 31 on $auto$ff.cc:266:slice$1459 ($adffe) from module systolic_array_8x8.
Setting constant 0-bit at position 19 on $auto$ff.cc:266:slice$1475 ($adffe) from module systolic_array_8x8.
Setting constant 0-bit at position 20 on $auto$ff.cc:266:slice$1475 ($adffe) from module systolic_array_8x8.
Setting constant 0-bit at position 21 on $auto$ff.cc:266:slice$1475 ($adffe) from module systolic_array_8x8.
Setting constant 0-bit at position 22 on $auto$ff.cc:266:slice$1475 ($adffe) from module systolic_array_8x8.
Setting constant 0-bit at position 23 on $auto$ff.cc:266:slice$1475 ($adffe) from module systolic_array_8x8.
Setting constant 0-bit at position 24 on $auto$ff.cc:266:slice$1475 ($adffe) from module systolic_array_8x8.
Setting constant 0-bit at position 25 on $auto$ff.cc:266:slice$1475 ($adffe) from module systolic_array_8x8.
Setting constant 0-bit at position 26 on $auto$ff.cc:266:slice$1475 ($adffe) from module systolic_array_8x8.
Setting constant 0-bit at position 27 on $auto$ff.cc:266:slice$1475 ($adffe) from module systolic_array_8x8.
Setting constant 0-bit at position 28 on $auto$ff.cc:266:slice$1475 ($adffe) from module systolic_array_8x8.
Setting constant 0-bit at position 29 on $auto$ff.cc:266:slice$1475 ($adffe) from module systolic_array_8x8.
Setting constant 0-bit at position 30 on $auto$ff.cc:266:slice$1475 ($adffe) from module systolic_array_8x8.
Setting constant 0-bit at position 31 on $auto$ff.cc:266:slice$1475 ($adffe) from module systolic_array_8x8.
Setting constant 0-bit at position 19 on $auto$ff.cc:266:slice$1491 ($adffe) from module systolic_array_8x8.
Setting constant 0-bit at position 20 on $auto$ff.cc:266:slice$1491 ($adffe) from module systolic_array_8x8.
Setting constant 0-bit at position 21 on $auto$ff.cc:266:slice$1491 ($adffe) from module systolic_array_8x8.
Setting constant 0-bit at position 22 on $auto$ff.cc:266:slice$1491 ($adffe) from module systolic_array_8x8.
Setting constant 0-bit at position 23 on $auto$ff.cc:266:slice$1491 ($adffe) from module systolic_array_8x8.
Setting constant 0-bit at position 24 on $auto$ff.cc:266:slice$1491 ($adffe) from module systolic_array_8x8.
Setting constant 0-bit at position 25 on $auto$ff.cc:266:slice$1491 ($adffe) from module systolic_array_8x8.
Setting constant 0-bit at position 26 on $auto$ff.cc:266:slice$1491 ($adffe) from module systolic_array_8x8.
Setting constant 0-bit at position 27 on $auto$ff.cc:266:slice$1491 ($adffe) from module systolic_array_8x8.
Setting constant 0-bit at position 28 on $auto$ff.cc:266:slice$1491 ($adffe) from module systolic_array_8x8.
Setting constant 0-bit at position 29 on $auto$ff.cc:266:slice$1491 ($adffe) from module systolic_array_8x8.
Setting constant 0-bit at position 30 on $auto$ff.cc:266:slice$1491 ($adffe) from module systolic_array_8x8.
Setting constant 0-bit at position 31 on $auto$ff.cc:266:slice$1491 ($adffe) from module systolic_array_8x8.
Setting constant 0-bit at position 19 on $auto$ff.cc:266:slice$1507 ($adffe) from module systolic_array_8x8.
Setting constant 0-bit at position 20 on $auto$ff.cc:266:slice$1507 ($adffe) from module systolic_array_8x8.
Setting constant 0-bit at position 21 on $auto$ff.cc:266:slice$1507 ($adffe) from module systolic_array_8x8.
Setting constant 0-bit at position 22 on $auto$ff.cc:266:slice$1507 ($adffe) from module systolic_array_8x8.
Setting constant 0-bit at position 23 on $auto$ff.cc:266:slice$1507 ($adffe) from module systolic_array_8x8.
Setting constant 0-bit at position 24 on $auto$ff.cc:266:slice$1507 ($adffe) from module systolic_array_8x8.
Setting constant 0-bit at position 25 on $auto$ff.cc:266:slice$1507 ($adffe) from module systolic_array_8x8.
Setting constant 0-bit at position 26 on $auto$ff.cc:266:slice$1507 ($adffe) from module systolic_array_8x8.
Setting constant 0-bit at position 27 on $auto$ff.cc:266:slice$1507 ($adffe) from module systolic_array_8x8.
Setting constant 0-bit at position 28 on $auto$ff.cc:266:slice$1507 ($adffe) from module systolic_array_8x8.
Setting constant 0-bit at position 29 on $auto$ff.cc:266:slice$1507 ($adffe) from module systolic_array_8x8.
Setting constant 0-bit at position 30 on $auto$ff.cc:266:slice$1507 ($adffe) from module systolic_array_8x8.
Setting constant 0-bit at position 31 on $auto$ff.cc:266:slice$1507 ($adffe) from module systolic_array_8x8.
Setting constant 0-bit at position 19 on $auto$ff.cc:266:slice$1523 ($adffe) from module systolic_array_8x8.
Setting constant 0-bit at position 20 on $auto$ff.cc:266:slice$1523 ($adffe) from module systolic_array_8x8.
Setting constant 0-bit at position 21 on $auto$ff.cc:266:slice$1523 ($adffe) from module systolic_array_8x8.
Setting constant 0-bit at position 22 on $auto$ff.cc:266:slice$1523 ($adffe) from module systolic_array_8x8.
Setting constant 0-bit at position 23 on $auto$ff.cc:266:slice$1523 ($adffe) from module systolic_array_8x8.
Setting constant 0-bit at position 24 on $auto$ff.cc:266:slice$1523 ($adffe) from module systolic_array_8x8.
Setting constant 0-bit at position 25 on $auto$ff.cc:266:slice$1523 ($adffe) from module systolic_array_8x8.
Setting constant 0-bit at position 26 on $auto$ff.cc:266:slice$1523 ($adffe) from module systolic_array_8x8.
Setting constant 0-bit at position 27 on $auto$ff.cc:266:slice$1523 ($adffe) from module systolic_array_8x8.
Setting constant 0-bit at position 28 on $auto$ff.cc:266:slice$1523 ($adffe) from module systolic_array_8x8.
Setting constant 0-bit at position 29 on $auto$ff.cc:266:slice$1523 ($adffe) from module systolic_array_8x8.
Setting constant 0-bit at position 30 on $auto$ff.cc:266:slice$1523 ($adffe) from module systolic_array_8x8.
Setting constant 0-bit at position 31 on $auto$ff.cc:266:slice$1523 ($adffe) from module systolic_array_8x8.
Setting constant 0-bit at position 19 on $auto$ff.cc:266:slice$1539 ($adffe) from module systolic_array_8x8.
Setting constant 0-bit at position 20 on $auto$ff.cc:266:slice$1539 ($adffe) from module systolic_array_8x8.
Setting constant 0-bit at position 21 on $auto$ff.cc:266:slice$1539 ($adffe) from module systolic_array_8x8.
Setting constant 0-bit at position 22 on $auto$ff.cc:266:slice$1539 ($adffe) from module systolic_array_8x8.
Setting constant 0-bit at position 23 on $auto$ff.cc:266:slice$1539 ($adffe) from module systolic_array_8x8.
Setting constant 0-bit at position 24 on $auto$ff.cc:266:slice$1539 ($adffe) from module systolic_array_8x8.
Setting constant 0-bit at position 25 on $auto$ff.cc:266:slice$1539 ($adffe) from module systolic_array_8x8.
Setting constant 0-bit at position 26 on $auto$ff.cc:266:slice$1539 ($adffe) from module systolic_array_8x8.
Setting constant 0-bit at position 27 on $auto$ff.cc:266:slice$1539 ($adffe) from module systolic_array_8x8.
Setting constant 0-bit at position 28 on $auto$ff.cc:266:slice$1539 ($adffe) from module systolic_array_8x8.
Setting constant 0-bit at position 29 on $auto$ff.cc:266:slice$1539 ($adffe) from module systolic_array_8x8.
Setting constant 0-bit at position 30 on $auto$ff.cc:266:slice$1539 ($adffe) from module systolic_array_8x8.
Setting constant 0-bit at position 31 on $auto$ff.cc:266:slice$1539 ($adffe) from module systolic_array_8x8.

173. Executing OPT_CLEAN pass (remove unused cells and wires).
Finding unused cells or wires in module \systolic_array_8x8..

174. Executing OPT_EXPR pass (perform const folding).
Optimizing module systolic_array_8x8.
<suppressed ~392 debug messages>

175. Rerunning OPT passes. (Maybe there is more to do…)

176. Executing OPT_MUXTREE pass (detect dead branches in mux trees).
Running muxtree optimizer on module \systolic_array_8x8..
  Creating internal representation of mux trees.
  No muxes found in this module.
Removed 0 multiplexer ports.

177. Executing OPT_REDUCE pass (consolidate $*mux and $reduce_* inputs).
  Optimizing cells in module \systolic_array_8x8.
Performed a total of 0 changes.

178. Executing OPT_MERGE pass (detect identical cells).
Finding identical cells in module `\systolic_array_8x8'.
Removed a total of 0 cells.

179. Executing OPT_SHARE pass.

180. Executing OPT_DFF pass (perform DFF optimizations).

181. Executing OPT_CLEAN pass (remove unused cells and wires).
Finding unused cells or wires in module \systolic_array_8x8..
Removed 0 unused cells and 96 unused wires.
<suppressed ~1 debug messages>

182. Executing OPT_EXPR pass (perform const folding).
Optimizing module systolic_array_8x8.

183. Rerunning OPT passes. (Maybe there is more to do…)

184. Executing OPT_MUXTREE pass (detect dead branches in mux trees).
Running muxtree optimizer on module \systolic_array_8x8..
  Creating internal representation of mux trees.
  No muxes found in this module.
Removed 0 multiplexer ports.

185. Executing OPT_REDUCE pass (consolidate $*mux and $reduce_* inputs).
  Optimizing cells in module \systolic_array_8x8.
Performed a total of 0 changes.

186. Executing OPT_MERGE pass (detect identical cells).
Finding identical cells in module `\systolic_array_8x8'.
Removed a total of 0 cells.

187. Executing OPT_SHARE pass.

188. Executing OPT_DFF pass (perform DFF optimizations).
Setting constant 0-bit at position 20 on $auto$ff.cc:266:slice$1422 ($adffe) from module systolic_array_8x8.
Setting constant 0-bit at position 21 on $auto$ff.cc:266:slice$1422 ($adffe) from module systolic_array_8x8.
Setting constant 0-bit at position 22 on $auto$ff.cc:266:slice$1422 ($adffe) from module systolic_array_8x8.
Setting constant 0-bit at position 23 on $auto$ff.cc:266:slice$1422 ($adffe) from module systolic_array_8x8.
Setting constant 0-bit at position 24 on $auto$ff.cc:266:slice$1422 ($adffe) from module systolic_array_8x8.
Setting constant 0-bit at position 25 on $auto$ff.cc:266:slice$1422 ($adffe) from module systolic_array_8x8.
Setting constant 0-bit at position 26 on $auto$ff.cc:266:slice$1422 ($adffe) from module systolic_array_8x8.
Setting constant 0-bit at position 27 on $auto$ff.cc:266:slice$1422 ($adffe) from module systolic_array_8x8.
Setting constant 0-bit at position 28 on $auto$ff.cc:266:slice$1422 ($adffe) from module systolic_array_8x8.
Setting constant 0-bit at position 29 on $auto$ff.cc:266:slice$1422 ($adffe) from module systolic_array_8x8.
Setting constant 0-bit at position 30 on $auto$ff.cc:266:slice$1422 ($adffe) from module systolic_array_8x8.
Setting constant 0-bit at position 31 on $auto$ff.cc:266:slice$1422 ($adffe) from module systolic_array_8x8.
Setting constant 0-bit at position 20 on $auto$ff.cc:266:slice$1438 ($adffe) from module systolic_array_8x8.
Setting constant 0-bit at position 21 on $auto$ff.cc:266:slice$1438 ($adffe) from module systolic_array_8x8.
Setting constant 0-bit at position 22 on $auto$ff.cc:266:slice$1438 ($adffe) from module systolic_array_8x8.
Setting constant 0-bit at position 23 on $auto$ff.cc:266:slice$1438 ($adffe) from module systolic_array_8x8.
Setting constant 0-bit at position 24 on $auto$ff.cc:266:slice$1438 ($adffe) from module systolic_array_8x8.
Setting constant 0-bit at position 25 on $auto$ff.cc:266:slice$1438 ($adffe) from module systolic_array_8x8.
Setting constant 0-bit at position 26 on $auto$ff.cc:266:slice$1438 ($adffe) from module systolic_array_8x8.
Setting constant 0-bit at position 27 on $auto$ff.cc:266:slice$1438 ($adffe) from module systolic_array_8x8.
Setting constant 0-bit at position 28 on $auto$ff.cc:266:slice$1438 ($adffe) from module systolic_array_8x8.
Setting constant 0-bit at position 29 on $auto$ff.cc:266:slice$1438 ($adffe) from module systolic_array_8x8.
Setting constant 0-bit at position 30 on $auto$ff.cc:266:slice$1438 ($adffe) from module systolic_array_8x8.
Setting constant 0-bit at position 31 on $auto$ff.cc:266:slice$1438 ($adffe) from module systolic_array_8x8.
Setting constant 0-bit at position 20 on $auto$ff.cc:266:slice$1454 ($adffe) from module systolic_array_8x8.
Setting constant 0-bit at position 21 on $auto$ff.cc:266:slice$1454 ($adffe) from module systolic_array_8x8.
Setting constant 0-bit at position 22 on $auto$ff.cc:266:slice$1454 ($adffe) from module systolic_array_8x8.
Setting constant 0-bit at position 23 on $auto$ff.cc:266:slice$1454 ($adffe) from module systolic_array_8x8.
Setting constant 0-bit at position 24 on $auto$ff.cc:266:slice$1454 ($adffe) from module systolic_array_8x8.
Setting constant 0-bit at position 25 on $auto$ff.cc:266:slice$1454 ($adffe) from module systolic_array_8x8.
Setting constant 0-bit at position 26 on $auto$ff.cc:266:slice$1454 ($adffe) from module systolic_array_8x8.
Setting constant 0-bit at position 27 on $auto$ff.cc:266:slice$1454 ($adffe) from module systolic_array_8x8.
Setting constant 0-bit at position 28 on $auto$ff.cc:266:slice$1454 ($adffe) from module systolic_array_8x8.
Setting constant 0-bit at position 29 on $auto$ff.cc:266:slice$1454 ($adffe) from module systolic_array_8x8.
Setting constant 0-bit at position 30 on $auto$ff.cc:266:slice$1454 ($adffe) from module systolic_array_8x8.
Setting constant 0-bit at position 31 on $auto$ff.cc:266:slice$1454 ($adffe) from module systolic_array_8x8.
Setting constant 0-bit at position 20 on $auto$ff.cc:266:slice$1470 ($adffe) from module systolic_array_8x8.
Setting constant 0-bit at position 21 on $auto$ff.cc:266:slice$1470 ($adffe) from module systolic_array_8x8.
Setting constant 0-bit at position 22 on $auto$ff.cc:266:slice$1470 ($adffe) from module systolic_array_8x8.
Setting constant 0-bit at position 23 on $auto$ff.cc:266:slice$1470 ($adffe) from module systolic_array_8x8.
Setting constant 0-bit at position 24 on $auto$ff.cc:266:slice$1470 ($adffe) from module systolic_array_8x8.
Setting constant 0-bit at position 25 on $auto$ff.cc:266:slice$1470 ($adffe) from module systolic_array_8x8.
Setting constant 0-bit at position 26 on $auto$ff.cc:266:slice$1470 ($adffe) from module systolic_array_8x8.
Setting constant 0-bit at position 27 on $auto$ff.cc:266:slice$1470 ($adffe) from module systolic_array_8x8.
Setting constant 0-bit at position 28 on $auto$ff.cc:266:slice$1470 ($adffe) from module systolic_array_8x8.
Setting constant 0-bit at position 29 on $auto$ff.cc:266:slice$1470 ($adffe) from module systolic_array_8x8.
Setting constant 0-bit at position 30 on $auto$ff.cc:266:slice$1470 ($adffe) from module systolic_array_8x8.
Setting constant 0-bit at position 31 on $auto$ff.cc:266:slice$1470 ($adffe) from module systolic_array_8x8.
Setting constant 0-bit at position 20 on $auto$ff.cc:266:slice$1486 ($adffe) from module systolic_array_8x8.
Setting constant 0-bit at position 21 on $auto$ff.cc:266:slice$1486 ($adffe) from module systolic_array_8x8.
Setting constant 0-bit at position 22 on $auto$ff.cc:266:slice$1486 ($adffe) from module systolic_array_8x8.
Setting constant 0-bit at position 23 on $auto$ff.cc:266:slice$1486 ($adffe) from module systolic_array_8x8.
Setting constant 0-bit at position 24 on $auto$ff.cc:266:slice$1486 ($adffe) from module systolic_array_8x8.
Setting constant 0-bit at position 25 on $auto$ff.cc:266:slice$1486 ($adffe) from module systolic_array_8x8.
Setting constant 0-bit at position 26 on $auto$ff.cc:266:slice$1486 ($adffe) from module systolic_array_8x8.
Setting constant 0-bit at position 27 on $auto$ff.cc:266:slice$1486 ($adffe) from module systolic_array_8x8.
Setting constant 0-bit at position 28 on $auto$ff.cc:266:slice$1486 ($adffe) from module systolic_array_8x8.
Setting constant 0-bit at position 29 on $auto$ff.cc:266:slice$1486 ($adffe) from module systolic_array_8x8.
Setting constant 0-bit at position 30 on $auto$ff.cc:266:slice$1486 ($adffe) from module systolic_array_8x8.
Setting constant 0-bit at position 31 on $auto$ff.cc:266:slice$1486 ($adffe) from module systolic_array_8x8.
Setting constant 0-bit at position 20 on $auto$ff.cc:266:slice$1502 ($adffe) from module systolic_array_8x8.
Setting constant 0-bit at position 21 on $auto$ff.cc:266:slice$1502 ($adffe) from module systolic_array_8x8.
Setting constant 0-bit at position 22 on $auto$ff.cc:266:slice$1502 ($adffe) from module systolic_array_8x8.
Setting constant 0-bit at position 23 on $auto$ff.cc:266:slice$1502 ($adffe) from module systolic_array_8x8.
Setting constant 0-bit at position 24 on $auto$ff.cc:266:slice$1502 ($adffe) from module systolic_array_8x8.
Setting constant 0-bit at position 25 on $auto$ff.cc:266:slice$1502 ($adffe) from module systolic_array_8x8.
Setting constant 0-bit at position 26 on $auto$ff.cc:266:slice$1502 ($adffe) from module systolic_array_8x8.
Setting constant 0-bit at position 27 on $auto$ff.cc:266:slice$1502 ($adffe) from module systolic_array_8x8.
Setting constant 0-bit at position 28 on $auto$ff.cc:266:slice$1502 ($adffe) from module systolic_array_8x8.
Setting constant 0-bit at position 29 on $auto$ff.cc:266:slice$1502 ($adffe) from module systolic_array_8x8.
Setting constant 0-bit at position 30 on $auto$ff.cc:266:slice$1502 ($adffe) from module systolic_array_8x8.
Setting constant 0-bit at position 31 on $auto$ff.cc:266:slice$1502 ($adffe) from module systolic_array_8x8.
Setting constant 0-bit at position 20 on $auto$ff.cc:266:slice$1518 ($adffe) from module systolic_array_8x8.
Setting constant 0-bit at position 21 on $auto$ff.cc:266:slice$1518 ($adffe) from module systolic_array_8x8.
Setting constant 0-bit at position 22 on $auto$ff.cc:266:slice$1518 ($adffe) from module systolic_array_8x8.
Setting constant 0-bit at position 23 on $auto$ff.cc:266:slice$1518 ($adffe) from module systolic_array_8x8.
Setting constant 0-bit at position 24 on $auto$ff.cc:266:slice$1518 ($adffe) from module systolic_array_8x8.
Setting constant 0-bit at position 25 on $auto$ff.cc:266:slice$1518 ($adffe) from module systolic_array_8x8.
Setting constant 0-bit at position 26 on $auto$ff.cc:266:slice$1518 ($adffe) from module systolic_array_8x8.
Setting constant 0-bit at position 27 on $auto$ff.cc:266:slice$1518 ($adffe) from module systolic_array_8x8.
Setting constant 0-bit at position 28 on $auto$ff.cc:266:slice$1518 ($adffe) from module systolic_array_8x8.
Setting constant 0-bit at position 29 on $auto$ff.cc:266:slice$1518 ($adffe) from module systolic_array_8x8.
Setting constant 0-bit at position 30 on $auto$ff.cc:266:slice$1518 ($adffe) from module systolic_array_8x8.
Setting constant 0-bit at position 31 on $auto$ff.cc:266:slice$1518 ($adffe) from module systolic_array_8x8.
Setting constant 0-bit at position 20 on $auto$ff.cc:266:slice$1534 ($adffe) from module systolic_array_8x8.
Setting constant 0-bit at position 21 on $auto$ff.cc:266:slice$1534 ($adffe) from module systolic_array_8x8.
Setting constant 0-bit at position 22 on $auto$ff.cc:266:slice$1534 ($adffe) from module systolic_array_8x8.
Setting constant 0-bit at position 23 on $auto$ff.cc:266:slice$1534 ($adffe) from module systolic_array_8x8.
Setting constant 0-bit at position 24 on $auto$ff.cc:266:slice$1534 ($adffe) from module systolic_array_8x8.
Setting constant 0-bit at position 25 on $auto$ff.cc:266:slice$1534 ($adffe) from module systolic_array_8x8.
Setting constant 0-bit at position 26 on $auto$ff.cc:266:slice$1534 ($adffe) from module systolic_array_8x8.
Setting constant 0-bit at position 27 on $auto$ff.cc:266:slice$1534 ($adffe) from module systolic_array_8x8.
Setting constant 0-bit at position 28 on $auto$ff.cc:266:slice$1534 ($adffe) from module systolic_array_8x8.
Setting constant 0-bit at position 29 on $auto$ff.cc:266:slice$1534 ($adffe) from module systolic_array_8x8.
Setting constant 0-bit at position 30 on $auto$ff.cc:266:slice$1534 ($adffe) from module systolic_array_8x8.
Setting constant 0-bit at position 31 on $auto$ff.cc:266:slice$1534 ($adffe) from module systolic_array_8x8.

189. Executing OPT_CLEAN pass (remove unused cells and wires).
Finding unused cells or wires in module \systolic_array_8x8..

190. Executing OPT_EXPR pass (perform const folding).
Optimizing module systolic_array_8x8.

191. Rerunning OPT passes. (Maybe there is more to do…)

192. Executing OPT_MUXTREE pass (detect dead branches in mux trees).
Running muxtree optimizer on module \systolic_array_8x8..
  Creating internal representation of mux trees.
  No muxes found in this module.
Removed 0 multiplexer ports.

193. Executing OPT_REDUCE pass (consolidate $*mux and $reduce_* inputs).
  Optimizing cells in module \systolic_array_8x8.
Performed a total of 0 changes.

194. Executing OPT_MERGE pass (detect identical cells).
Finding identical cells in module `\systolic_array_8x8'.
Removed a total of 0 cells.

195. Executing OPT_SHARE pass.

196. Executing OPT_DFF pass (perform DFF optimizations).
Setting constant 0-bit at position 20 on $auto$ff.cc:266:slice$1429 ($adffe) from module systolic_array_8x8.
Setting constant 0-bit at position 21 on $auto$ff.cc:266:slice$1429 ($adffe) from module systolic_array_8x8.
Setting constant 0-bit at position 22 on $auto$ff.cc:266:slice$1429 ($adffe) from module systolic_array_8x8.
Setting constant 0-bit at position 23 on $auto$ff.cc:266:slice$1429 ($adffe) from module systolic_array_8x8.
Setting constant 0-bit at position 24 on $auto$ff.cc:266:slice$1429 ($adffe) from module systolic_array_8x8.
Setting constant 0-bit at position 25 on $auto$ff.cc:266:slice$1429 ($adffe) from module systolic_array_8x8.
Setting constant 0-bit at position 26 on $auto$ff.cc:266:slice$1429 ($adffe) from module systolic_array_8x8.
Setting constant 0-bit at position 27 on $auto$ff.cc:266:slice$1429 ($adffe) from module systolic_array_8x8.
Setting constant 0-bit at position 28 on $auto$ff.cc:266:slice$1429 ($adffe) from module systolic_array_8x8.
Setting constant 0-bit at position 29 on $auto$ff.cc:266:slice$1429 ($adffe) from module systolic_array_8x8.
Setting constant 0-bit at position 30 on $auto$ff.cc:266:slice$1429 ($adffe) from module systolic_array_8x8.
Setting constant 0-bit at position 31 on $auto$ff.cc:266:slice$1429 ($adffe) from module systolic_array_8x8.
Setting constant 0-bit at position 20 on $auto$ff.cc:266:slice$1445 ($adffe) from module systolic_array_8x8.
Setting constant 0-bit at position 21 on $auto$ff.cc:266:slice$1445 ($adffe) from module systolic_array_8x8.
Setting constant 0-bit at position 22 on $auto$ff.cc:266:slice$1445 ($adffe) from module systolic_array_8x8.
Setting constant 0-bit at position 23 on $auto$ff.cc:266:slice$1445 ($adffe) from module systolic_array_8x8.
Setting constant 0-bit at position 24 on $auto$ff.cc:266:slice$1445 ($adffe) from module systolic_array_8x8.
Setting constant 0-bit at position 25 on $auto$ff.cc:266:slice$1445 ($adffe) from module systolic_array_8x8.
Setting constant 0-bit at position 26 on $auto$ff.cc:266:slice$1445 ($adffe) from module systolic_array_8x8.
Setting constant 0-bit at position 27 on $auto$ff.cc:266:slice$1445 ($adffe) from module systolic_array_8x8.
Setting constant 0-bit at position 28 on $auto$ff.cc:266:slice$1445 ($adffe) from module systolic_array_8x8.
Setting constant 0-bit at position 29 on $auto$ff.cc:266:slice$1445 ($adffe) from module systolic_array_8x8.
Setting constant 0-bit at position 30 on $auto$ff.cc:266:slice$1445 ($adffe) from module systolic_array_8x8.
Setting constant 0-bit at position 31 on $auto$ff.cc:266:slice$1445 ($adffe) from module systolic_array_8x8.
Setting constant 0-bit at position 20 on $auto$ff.cc:266:slice$1461 ($adffe) from module systolic_array_8x8.
Setting constant 0-bit at position 21 on $auto$ff.cc:266:slice$1461 ($adffe) from module systolic_array_8x8.
Setting constant 0-bit at position 22 on $auto$ff.cc:266:slice$1461 ($adffe) from module systolic_array_8x8.
Setting constant 0-bit at position 23 on $auto$ff.cc:266:slice$1461 ($adffe) from module systolic_array_8x8.
Setting constant 0-bit at position 24 on $auto$ff.cc:266:slice$1461 ($adffe) from module systolic_array_8x8.
Setting constant 0-bit at position 25 on $auto$ff.cc:266:slice$1461 ($adffe) from module systolic_array_8x8.
Setting constant 0-bit at position 26 on $auto$ff.cc:266:slice$1461 ($adffe) from module systolic_array_8x8.
Setting constant 0-bit at position 27 on $auto$ff.cc:266:slice$1461 ($adffe) from module systolic_array_8x8.
Setting constant 0-bit at position 28 on $auto$ff.cc:266:slice$1461 ($adffe) from module systolic_array_8x8.
Setting constant 0-bit at position 29 on $auto$ff.cc:266:slice$1461 ($adffe) from module systolic_array_8x8.
Setting constant 0-bit at position 30 on $auto$ff.cc:266:slice$1461 ($adffe) from module systolic_array_8x8.
Setting constant 0-bit at position 31 on $auto$ff.cc:266:slice$1461 ($adffe) from module systolic_array_8x8.
Setting constant 0-bit at position 20 on $auto$ff.cc:266:slice$1477 ($adffe) from module systolic_array_8x8.
Setting constant 0-bit at position 21 on $auto$ff.cc:266:slice$1477 ($adffe) from module systolic_array_8x8.
Setting constant 0-bit at position 22 on $auto$ff.cc:266:slice$1477 ($adffe) from module systolic_array_8x8.
Setting constant 0-bit at position 23 on $auto$ff.cc:266:slice$1477 ($adffe) from module systolic_array_8x8.
Setting constant 0-bit at position 24 on $auto$ff.cc:266:slice$1477 ($adffe) from module systolic_array_8x8.
Setting constant 0-bit at position 25 on $auto$ff.cc:266:slice$1477 ($adffe) from module systolic_array_8x8.
Setting constant 0-bit at position 26 on $auto$ff.cc:266:slice$1477 ($adffe) from module systolic_array_8x8.
Setting constant 0-bit at position 27 on $auto$ff.cc:266:slice$1477 ($adffe) from module systolic_array_8x8.
Setting constant 0-bit at position 28 on $auto$ff.cc:266:slice$1477 ($adffe) from module systolic_array_8x8.
Setting constant 0-bit at position 29 on $auto$ff.cc:266:slice$1477 ($adffe) from module systolic_array_8x8.
Setting constant 0-bit at position 30 on $auto$ff.cc:266:slice$1477 ($adffe) from module systolic_array_8x8.
Setting constant 0-bit at position 31 on $auto$ff.cc:266:slice$1477 ($adffe) from module systolic_array_8x8.
Setting constant 0-bit at position 20 on $auto$ff.cc:266:slice$1493 ($adffe) from module systolic_array_8x8.
Setting constant 0-bit at position 21 on $auto$ff.cc:266:slice$1493 ($adffe) from module systolic_array_8x8.
Setting constant 0-bit at position 22 on $auto$ff.cc:266:slice$1493 ($adffe) from module systolic_array_8x8.
Setting constant 0-bit at position 23 on $auto$ff.cc:266:slice$1493 ($adffe) from module systolic_array_8x8.
Setting constant 0-bit at position 24 on $auto$ff.cc:266:slice$1493 ($adffe) from module systolic_array_8x8.
Setting constant 0-bit at position 25 on $auto$ff.cc:266:slice$1493 ($adffe) from module systolic_array_8x8.
Setting constant 0-bit at position 26 on $auto$ff.cc:266:slice$1493 ($adffe) from module systolic_array_8x8.
Setting constant 0-bit at position 27 on $auto$ff.cc:266:slice$1493 ($adffe) from module systolic_array_8x8.
Setting constant 0-bit at position 28 on $auto$ff.cc:266:slice$1493 ($adffe) from module systolic_array_8x8.
Setting constant 0-bit at position 29 on $auto$ff.cc:266:slice$1493 ($adffe) from module systolic_array_8x8.
Setting constant 0-bit at position 30 on $auto$ff.cc:266:slice$1493 ($adffe) from module systolic_array_8x8.
Setting constant 0-bit at position 31 on $auto$ff.cc:266:slice$1493 ($adffe) from module systolic_array_8x8.
Setting constant 0-bit at position 20 on $auto$ff.cc:266:slice$1509 ($adffe) from module systolic_array_8x8.
Setting constant 0-bit at position 21 on $auto$ff.cc:266:slice$1509 ($adffe) from module systolic_array_8x8.
Setting constant 0-bit at position 22 on $auto$ff.cc:266:slice$1509 ($adffe) from module systolic_array_8x8.
Setting constant 0-bit at position 23 on $auto$ff.cc:266:slice$1509 ($adffe) from module systolic_array_8x8.
Setting constant 0-bit at position 24 on $auto$ff.cc:266:slice$1509 ($adffe) from module systolic_array_8x8.
Setting constant 0-bit at position 25 on $auto$ff.cc:266:slice$1509 ($adffe) from module systolic_array_8x8.
Setting constant 0-bit at position 26 on $auto$ff.cc:266:slice$1509 ($adffe) from module systolic_array_8x8.
Setting constant 0-bit at position 27 on $auto$ff.cc:266:slice$1509 ($adffe) from module systolic_array_8x8.
Setting constant 0-bit at position 28 on $auto$ff.cc:266:slice$1509 ($adffe) from module systolic_array_8x8.
Setting constant 0-bit at position 29 on $auto$ff.cc:266:slice$1509 ($adffe) from module systolic_array_8x8.
Setting constant 0-bit at position 30 on $auto$ff.cc:266:slice$1509 ($adffe) from module systolic_array_8x8.
Setting constant 0-bit at position 31 on $auto$ff.cc:266:slice$1509 ($adffe) from module systolic_array_8x8.
Setting constant 0-bit at position 20 on $auto$ff.cc:266:slice$1525 ($adffe) from module systolic_array_8x8.
Setting constant 0-bit at position 21 on $auto$ff.cc:266:slice$1525 ($adffe) from module systolic_array_8x8.
Setting constant 0-bit at position 22 on $auto$ff.cc:266:slice$1525 ($adffe) from module systolic_array_8x8.
Setting constant 0-bit at position 23 on $auto$ff.cc:266:slice$1525 ($adffe) from module systolic_array_8x8.
Setting constant 0-bit at position 24 on $auto$ff.cc:266:slice$1525 ($adffe) from module systolic_array_8x8.
Setting constant 0-bit at position 25 on $auto$ff.cc:266:slice$1525 ($adffe) from module systolic_array_8x8.
Setting constant 0-bit at position 26 on $auto$ff.cc:266:slice$1525 ($adffe) from module systolic_array_8x8.
Setting constant 0-bit at position 27 on $auto$ff.cc:266:slice$1525 ($adffe) from module systolic_array_8x8.
Setting constant 0-bit at position 28 on $auto$ff.cc:266:slice$1525 ($adffe) from module systolic_array_8x8.
Setting constant 0-bit at position 29 on $auto$ff.cc:266:slice$1525 ($adffe) from module systolic_array_8x8.
Setting constant 0-bit at position 30 on $auto$ff.cc:266:slice$1525 ($adffe) from module systolic_array_8x8.
Setting constant 0-bit at position 31 on $auto$ff.cc:266:slice$1525 ($adffe) from module systolic_array_8x8.
Setting constant 0-bit at position 20 on $auto$ff.cc:266:slice$1541 ($adffe) from module systolic_array_8x8.
Setting constant 0-bit at position 21 on $auto$ff.cc:266:slice$1541 ($adffe) from module systolic_array_8x8.
Setting constant 0-bit at position 22 on $auto$ff.cc:266:slice$1541 ($adffe) from module systolic_array_8x8.
Setting constant 0-bit at position 23 on $auto$ff.cc:266:slice$1541 ($adffe) from module systolic_array_8x8.
Setting constant 0-bit at position 24 on $auto$ff.cc:266:slice$1541 ($adffe) from module systolic_array_8x8.
Setting constant 0-bit at position 25 on $auto$ff.cc:266:slice$1541 ($adffe) from module systolic_array_8x8.
Setting constant 0-bit at position 26 on $auto$ff.cc:266:slice$1541 ($adffe) from module systolic_array_8x8.
Setting constant 0-bit at position 27 on $auto$ff.cc:266:slice$1541 ($adffe) from module systolic_array_8x8.
Setting constant 0-bit at position 28 on $auto$ff.cc:266:slice$1541 ($adffe) from module systolic_array_8x8.
Setting constant 0-bit at position 29 on $auto$ff.cc:266:slice$1541 ($adffe) from module systolic_array_8x8.
Setting constant 0-bit at position 30 on $auto$ff.cc:266:slice$1541 ($adffe) from module systolic_array_8x8.
Setting constant 0-bit at position 31 on $auto$ff.cc:266:slice$1541 ($adffe) from module systolic_array_8x8.

197. Executing OPT_CLEAN pass (remove unused cells and wires).
Finding unused cells or wires in module \systolic_array_8x8..

198. Executing OPT_EXPR pass (perform const folding).
Optimizing module systolic_array_8x8.

199. Rerunning OPT passes. (Maybe there is more to do…)

200. Executing OPT_MUXTREE pass (detect dead branches in mux trees).
Running muxtree optimizer on module \systolic_array_8x8..
  Creating internal representation of mux trees.
  No muxes found in this module.
Removed 0 multiplexer ports.

201. Executing OPT_REDUCE pass (consolidate $*mux and $reduce_* inputs).
  Optimizing cells in module \systolic_array_8x8.
Performed a total of 0 changes.

202. Executing OPT_MERGE pass (detect identical cells).
Finding identical cells in module `\systolic_array_8x8'.
Removed a total of 0 cells.

203. Executing OPT_SHARE pass.

204. Executing OPT_DFF pass (perform DFF optimizations).
Setting constant 0-bit at position 20 on $auto$ff.cc:266:slice$1300 ($adffe) from module systolic_array_8x8.
Setting constant 0-bit at position 21 on $auto$ff.cc:266:slice$1300 ($adffe) from module systolic_array_8x8.
Setting constant 0-bit at position 22 on $auto$ff.cc:266:slice$1300 ($adffe) from module systolic_array_8x8.
Setting constant 0-bit at position 23 on $auto$ff.cc:266:slice$1300 ($adffe) from module systolic_array_8x8.
Setting constant 0-bit at position 24 on $auto$ff.cc:266:slice$1300 ($adffe) from module systolic_array_8x8.
Setting constant 0-bit at position 25 on $auto$ff.cc:266:slice$1300 ($adffe) from module systolic_array_8x8.
Setting constant 0-bit at position 26 on $auto$ff.cc:266:slice$1300 ($adffe) from module systolic_array_8x8.
Setting constant 0-bit at position 27 on $auto$ff.cc:266:slice$1300 ($adffe) from module systolic_array_8x8.
Setting constant 0-bit at position 28 on $auto$ff.cc:266:slice$1300 ($adffe) from module systolic_array_8x8.
Setting constant 0-bit at position 29 on $auto$ff.cc:266:slice$1300 ($adffe) from module systolic_array_8x8.
Setting constant 0-bit at position 30 on $auto$ff.cc:266:slice$1300 ($adffe) from module systolic_array_8x8.
Setting constant 0-bit at position 31 on $auto$ff.cc:266:slice$1300 ($adffe) from module systolic_array_8x8.
Setting constant 0-bit at position 20 on $auto$ff.cc:266:slice$1316 ($adffe) from module systolic_array_8x8.
Setting constant 0-bit at position 21 on $auto$ff.cc:266:slice$1316 ($adffe) from module systolic_array_8x8.
Setting constant 0-bit at position 22 on $auto$ff.cc:266:slice$1316 ($adffe) from module systolic_array_8x8.
Setting constant 0-bit at position 23 on $auto$ff.cc:266:slice$1316 ($adffe) from module systolic_array_8x8.
Setting constant 0-bit at position 24 on $auto$ff.cc:266:slice$1316 ($adffe) from module systolic_array_8x8.
Setting constant 0-bit at position 25 on $auto$ff.cc:266:slice$1316 ($adffe) from module systolic_array_8x8.
Setting constant 0-bit at position 26 on $auto$ff.cc:266:slice$1316 ($adffe) from module systolic_array_8x8.
Setting constant 0-bit at position 27 on $auto$ff.cc:266:slice$1316 ($adffe) from module systolic_array_8x8.
Setting constant 0-bit at position 28 on $auto$ff.cc:266:slice$1316 ($adffe) from module systolic_array_8x8.
Setting constant 0-bit at position 29 on $auto$ff.cc:266:slice$1316 ($adffe) from module systolic_array_8x8.
Setting constant 0-bit at position 30 on $auto$ff.cc:266:slice$1316 ($adffe) from module systolic_array_8x8.
Setting constant 0-bit at position 31 on $auto$ff.cc:266:slice$1316 ($adffe) from module systolic_array_8x8.
Setting constant 0-bit at position 20 on $auto$ff.cc:266:slice$1332 ($adffe) from module systolic_array_8x8.
Setting constant 0-bit at position 21 on $auto$ff.cc:266:slice$1332 ($adffe) from module systolic_array_8x8.
Setting constant 0-bit at position 22 on $auto$ff.cc:266:slice$1332 ($adffe) from module systolic_array_8x8.
Setting constant 0-bit at position 23 on $auto$ff.cc:266:slice$1332 ($adffe) from module systolic_array_8x8.
Setting constant 0-bit at position 24 on $auto$ff.cc:266:slice$1332 ($adffe) from module systolic_array_8x8.
Setting constant 0-bit at position 25 on $auto$ff.cc:266:slice$1332 ($adffe) from module systolic_array_8x8.
Setting constant 0-bit at position 26 on $auto$ff.cc:266:slice$1332 ($adffe) from module systolic_array_8x8.
Setting constant 0-bit at position 27 on $auto$ff.cc:266:slice$1332 ($adffe) from module systolic_array_8x8.
Setting constant 0-bit at position 28 on $auto$ff.cc:266:slice$1332 ($adffe) from module systolic_array_8x8.
Setting constant 0-bit at position 29 on $auto$ff.cc:266:slice$1332 ($adffe) from module systolic_array_8x8.
Setting constant 0-bit at position 30 on $auto$ff.cc:266:slice$1332 ($adffe) from module systolic_array_8x8.
Setting constant 0-bit at position 31 on $auto$ff.cc:266:slice$1332 ($adffe) from module systolic_array_8x8.
Setting constant 0-bit at position 20 on $auto$ff.cc:266:slice$1348 ($adffe) from module systolic_array_8x8.
Setting constant 0-bit at position 21 on $auto$ff.cc:266:slice$1348 ($adffe) from module systolic_array_8x8.
Setting constant 0-bit at position 22 on $auto$ff.cc:266:slice$1348 ($adffe) from module systolic_array_8x8.
Setting constant 0-bit at position 23 on $auto$ff.cc:266:slice$1348 ($adffe) from module systolic_array_8x8.
Setting constant 0-bit at position 24 on $auto$ff.cc:266:slice$1348 ($adffe) from module systolic_array_8x8.
Setting constant 0-bit at position 25 on $auto$ff.cc:266:slice$1348 ($adffe) from module systolic_array_8x8.
Setting constant 0-bit at position 26 on $auto$ff.cc:266:slice$1348 ($adffe) from module systolic_array_8x8.
Setting constant 0-bit at position 27 on $auto$ff.cc:266:slice$1348 ($adffe) from module systolic_array_8x8.
Setting constant 0-bit at position 28 on $auto$ff.cc:266:slice$1348 ($adffe) from module systolic_array_8x8.
Setting constant 0-bit at position 29 on $auto$ff.cc:266:slice$1348 ($adffe) from module systolic_array_8x8.
Setting constant 0-bit at position 30 on $auto$ff.cc:266:slice$1348 ($adffe) from module systolic_array_8x8.
Setting constant 0-bit at position 31 on $auto$ff.cc:266:slice$1348 ($adffe) from module systolic_array_8x8.
Setting constant 0-bit at position 20 on $auto$ff.cc:266:slice$1364 ($adffe) from module systolic_array_8x8.
Setting constant 0-bit at position 21 on $auto$ff.cc:266:slice$1364 ($adffe) from module systolic_array_8x8.
Setting constant 0-bit at position 22 on $auto$ff.cc:266:slice$1364 ($adffe) from module systolic_array_8x8.
Setting constant 0-bit at position 23 on $auto$ff.cc:266:slice$1364 ($adffe) from module systolic_array_8x8.
Setting constant 0-bit at position 24 on $auto$ff.cc:266:slice$1364 ($adffe) from module systolic_array_8x8.
Setting constant 0-bit at position 25 on $auto$ff.cc:266:slice$1364 ($adffe) from module systolic_array_8x8.
Setting constant 0-bit at position 26 on $auto$ff.cc:266:slice$1364 ($adffe) from module systolic_array_8x8.
Setting constant 0-bit at position 27 on $auto$ff.cc:266:slice$1364 ($adffe) from module systolic_array_8x8.
Setting constant 0-bit at position 28 on $auto$ff.cc:266:slice$1364 ($adffe) from module systolic_array_8x8.
Setting constant 0-bit at position 29 on $auto$ff.cc:266:slice$1364 ($adffe) from module systolic_array_8x8.
Setting constant 0-bit at position 30 on $auto$ff.cc:266:slice$1364 ($adffe) from module systolic_array_8x8.
Setting constant 0-bit at position 31 on $auto$ff.cc:266:slice$1364 ($adffe) from module systolic_array_8x8.
Setting constant 0-bit at position 20 on $auto$ff.cc:266:slice$1380 ($adffe) from module systolic_array_8x8.
Setting constant 0-bit at position 21 on $auto$ff.cc:266:slice$1380 ($adffe) from module systolic_array_8x8.
Setting constant 0-bit at position 22 on $auto$ff.cc:266:slice$1380 ($adffe) from module systolic_array_8x8.
Setting constant 0-bit at position 23 on $auto$ff.cc:266:slice$1380 ($adffe) from module systolic_array_8x8.
Setting constant 0-bit at position 24 on $auto$ff.cc:266:slice$1380 ($adffe) from module systolic_array_8x8.
Setting constant 0-bit at position 25 on $auto$ff.cc:266:slice$1380 ($adffe) from module systolic_array_8x8.
Setting constant 0-bit at position 26 on $auto$ff.cc:266:slice$1380 ($adffe) from module systolic_array_8x8.
Setting constant 0-bit at position 27 on $auto$ff.cc:266:slice$1380 ($adffe) from module systolic_array_8x8.
Setting constant 0-bit at position 28 on $auto$ff.cc:266:slice$1380 ($adffe) from module systolic_array_8x8.
Setting constant 0-bit at position 29 on $auto$ff.cc:266:slice$1380 ($adffe) from module systolic_array_8x8.
Setting constant 0-bit at position 30 on $auto$ff.cc:266:slice$1380 ($adffe) from module systolic_array_8x8.
Setting constant 0-bit at position 31 on $auto$ff.cc:266:slice$1380 ($adffe) from module systolic_array_8x8.
Setting constant 0-bit at position 20 on $auto$ff.cc:266:slice$1396 ($adffe) from module systolic_array_8x8.
Setting constant 0-bit at position 21 on $auto$ff.cc:266:slice$1396 ($adffe) from module systolic_array_8x8.
Setting constant 0-bit at position 22 on $auto$ff.cc:266:slice$1396 ($adffe) from module systolic_array_8x8.
Setting constant 0-bit at position 23 on $auto$ff.cc:266:slice$1396 ($adffe) from module systolic_array_8x8.
Setting constant 0-bit at position 24 on $auto$ff.cc:266:slice$1396 ($adffe) from module systolic_array_8x8.
Setting constant 0-bit at position 25 on $auto$ff.cc:266:slice$1396 ($adffe) from module systolic_array_8x8.
Setting constant 0-bit at position 26 on $auto$ff.cc:266:slice$1396 ($adffe) from module systolic_array_8x8.
Setting constant 0-bit at position 27 on $auto$ff.cc:266:slice$1396 ($adffe) from module systolic_array_8x8.
Setting constant 0-bit at position 28 on $auto$ff.cc:266:slice$1396 ($adffe) from module systolic_array_8x8.
Setting constant 0-bit at position 29 on $auto$ff.cc:266:slice$1396 ($adffe) from module systolic_array_8x8.
Setting constant 0-bit at position 30 on $auto$ff.cc:266:slice$1396 ($adffe) from module systolic_array_8x8.
Setting constant 0-bit at position 31 on $auto$ff.cc:266:slice$1396 ($adffe) from module systolic_array_8x8.
Setting constant 0-bit at position 20 on $auto$ff.cc:266:slice$1412 ($adffe) from module systolic_array_8x8.
Setting constant 0-bit at position 21 on $auto$ff.cc:266:slice$1412 ($adffe) from module systolic_array_8x8.
Setting constant 0-bit at position 22 on $auto$ff.cc:266:slice$1412 ($adffe) from module systolic_array_8x8.
Setting constant 0-bit at position 23 on $auto$ff.cc:266:slice$1412 ($adffe) from module systolic_array_8x8.
Setting constant 0-bit at position 24 on $auto$ff.cc:266:slice$1412 ($adffe) from module systolic_array_8x8.
Setting constant 0-bit at position 25 on $auto$ff.cc:266:slice$1412 ($adffe) from module systolic_array_8x8.
Setting constant 0-bit at position 26 on $auto$ff.cc:266:slice$1412 ($adffe) from module systolic_array_8x8.
Setting constant 0-bit at position 27 on $auto$ff.cc:266:slice$1412 ($adffe) from module systolic_array_8x8.
Setting constant 0-bit at position 28 on $auto$ff.cc:266:slice$1412 ($adffe) from module systolic_array_8x8.
Setting constant 0-bit at position 29 on $auto$ff.cc:266:slice$1412 ($adffe) from module systolic_array_8x8.
Setting constant 0-bit at position 30 on $auto$ff.cc:266:slice$1412 ($adffe) from module systolic_array_8x8.
Setting constant 0-bit at position 31 on $auto$ff.cc:266:slice$1412 ($adffe) from module systolic_array_8x8.

205. Executing OPT_CLEAN pass (remove unused cells and wires).
Finding unused cells or wires in module \systolic_array_8x8..

206. Executing OPT_EXPR pass (perform const folding).
Optimizing module systolic_array_8x8.
<suppressed ~360 debug messages>

207. Rerunning OPT passes. (Maybe there is more to do…)

208. Executing OPT_MUXTREE pass (detect dead branches in mux trees).
Running muxtree optimizer on module \systolic_array_8x8..
  Creating internal representation of mux trees.
  No muxes found in this module.
Removed 0 multiplexer ports.

209. Executing OPT_REDUCE pass (consolidate $*mux and $reduce_* inputs).
  Optimizing cells in module \systolic_array_8x8.
Performed a total of 0 changes.

210. Executing OPT_MERGE pass (detect identical cells).
Finding identical cells in module `\systolic_array_8x8'.
Removed a total of 0 cells.

211. Executing OPT_SHARE pass.

212. Executing OPT_DFF pass (perform DFF optimizations).

213. Executing OPT_CLEAN pass (remove unused cells and wires).
Finding unused cells or wires in module \systolic_array_8x8..
Removed 0 unused cells and 88 unused wires.
<suppressed ~1 debug messages>

214. Executing OPT_EXPR pass (perform const folding).
Optimizing module systolic_array_8x8.

215. Rerunning OPT passes. (Maybe there is more to do…)

216. Executing OPT_MUXTREE pass (detect dead branches in mux trees).
Running muxtree optimizer on module \systolic_array_8x8..
  Creating internal representation of mux trees.
  No muxes found in this module.
Removed 0 multiplexer ports.

217. Executing OPT_REDUCE pass (consolidate $*mux and $reduce_* inputs).
  Optimizing cells in module \systolic_array_8x8.
Performed a total of 0 changes.

218. Executing OPT_MERGE pass (detect identical cells).
Finding identical cells in module `\systolic_array_8x8'.
Removed a total of 0 cells.

219. Executing OPT_SHARE pass.

220. Executing OPT_DFF pass (perform DFF optimizations).
Setting constant 0-bit at position 21 on $auto$ff.cc:266:slice$1295 ($adffe) from module systolic_array_8x8.
Setting constant 0-bit at position 22 on $auto$ff.cc:266:slice$1295 ($adffe) from module systolic_array_8x8.
Setting constant 0-bit at position 23 on $auto$ff.cc:266:slice$1295 ($adffe) from module systolic_array_8x8.
Setting constant 0-bit at position 24 on $auto$ff.cc:266:slice$1295 ($adffe) from module systolic_array_8x8.
Setting constant 0-bit at position 25 on $auto$ff.cc:266:slice$1295 ($adffe) from module systolic_array_8x8.
Setting constant 0-bit at position 26 on $auto$ff.cc:266:slice$1295 ($adffe) from module systolic_array_8x8.
Setting constant 0-bit at position 27 on $auto$ff.cc:266:slice$1295 ($adffe) from module systolic_array_8x8.
Setting constant 0-bit at position 28 on $auto$ff.cc:266:slice$1295 ($adffe) from module systolic_array_8x8.
Setting constant 0-bit at position 29 on $auto$ff.cc:266:slice$1295 ($adffe) from module systolic_array_8x8.
Setting constant 0-bit at position 30 on $auto$ff.cc:266:slice$1295 ($adffe) from module systolic_array_8x8.
Setting constant 0-bit at position 31 on $auto$ff.cc:266:slice$1295 ($adffe) from module systolic_array_8x8.
Setting constant 0-bit at position 21 on $auto$ff.cc:266:slice$1311 ($adffe) from module systolic_array_8x8.
Setting constant 0-bit at position 22 on $auto$ff.cc:266:slice$1311 ($adffe) from module systolic_array_8x8.
Setting constant 0-bit at position 23 on $auto$ff.cc:266:slice$1311 ($adffe) from module systolic_array_8x8.
Setting constant 0-bit at position 24 on $auto$ff.cc:266:slice$1311 ($adffe) from module systolic_array_8x8.
Setting constant 0-bit at position 25 on $auto$ff.cc:266:slice$1311 ($adffe) from module systolic_array_8x8.
Setting constant 0-bit at position 26 on $auto$ff.cc:266:slice$1311 ($adffe) from module systolic_array_8x8.
Setting constant 0-bit at position 27 on $auto$ff.cc:266:slice$1311 ($adffe) from module systolic_array_8x8.
Setting constant 0-bit at position 28 on $auto$ff.cc:266:slice$1311 ($adffe) from module systolic_array_8x8.
Setting constant 0-bit at position 29 on $auto$ff.cc:266:slice$1311 ($adffe) from module systolic_array_8x8.
Setting constant 0-bit at position 30 on $auto$ff.cc:266:slice$1311 ($adffe) from module systolic_array_8x8.
Setting constant 0-bit at position 31 on $auto$ff.cc:266:slice$1311 ($adffe) from module systolic_array_8x8.
Setting constant 0-bit at position 21 on $auto$ff.cc:266:slice$1327 ($adffe) from module systolic_array_8x8.
Setting constant 0-bit at position 22 on $auto$ff.cc:266:slice$1327 ($adffe) from module systolic_array_8x8.
Setting constant 0-bit at position 23 on $auto$ff.cc:266:slice$1327 ($adffe) from module systolic_array_8x8.
Setting constant 0-bit at position 24 on $auto$ff.cc:266:slice$1327 ($adffe) from module systolic_array_8x8.
Setting constant 0-bit at position 25 on $auto$ff.cc:266:slice$1327 ($adffe) from module systolic_array_8x8.
Setting constant 0-bit at position 26 on $auto$ff.cc:266:slice$1327 ($adffe) from module systolic_array_8x8.
Setting constant 0-bit at position 27 on $auto$ff.cc:266:slice$1327 ($adffe) from module systolic_array_8x8.
Setting constant 0-bit at position 28 on $auto$ff.cc:266:slice$1327 ($adffe) from module systolic_array_8x8.
Setting constant 0-bit at position 29 on $auto$ff.cc:266:slice$1327 ($adffe) from module systolic_array_8x8.
Setting constant 0-bit at position 30 on $auto$ff.cc:266:slice$1327 ($adffe) from module systolic_array_8x8.
Setting constant 0-bit at position 31 on $auto$ff.cc:266:slice$1327 ($adffe) from module systolic_array_8x8.
Setting constant 0-bit at position 21 on $auto$ff.cc:266:slice$1343 ($adffe) from module systolic_array_8x8.
Setting constant 0-bit at position 22 on $auto$ff.cc:266:slice$1343 ($adffe) from module systolic_array_8x8.
Setting constant 0-bit at position 23 on $auto$ff.cc:266:slice$1343 ($adffe) from module systolic_array_8x8.
Setting constant 0-bit at position 24 on $auto$ff.cc:266:slice$1343 ($adffe) from module systolic_array_8x8.
Setting constant 0-bit at position 25 on $auto$ff.cc:266:slice$1343 ($adffe) from module systolic_array_8x8.
Setting constant 0-bit at position 26 on $auto$ff.cc:266:slice$1343 ($adffe) from module systolic_array_8x8.
Setting constant 0-bit at position 27 on $auto$ff.cc:266:slice$1343 ($adffe) from module systolic_array_8x8.
Setting constant 0-bit at position 28 on $auto$ff.cc:266:slice$1343 ($adffe) from module systolic_array_8x8.
Setting constant 0-bit at position 29 on $auto$ff.cc:266:slice$1343 ($adffe) from module systolic_array_8x8.
Setting constant 0-bit at position 30 on $auto$ff.cc:266:slice$1343 ($adffe) from module systolic_array_8x8.
Setting constant 0-bit at position 31 on $auto$ff.cc:266:slice$1343 ($adffe) from module systolic_array_8x8.
Setting constant 0-bit at position 21 on $auto$ff.cc:266:slice$1359 ($adffe) from module systolic_array_8x8.
Setting constant 0-bit at position 22 on $auto$ff.cc:266:slice$1359 ($adffe) from module systolic_array_8x8.
Setting constant 0-bit at position 23 on $auto$ff.cc:266:slice$1359 ($adffe) from module systolic_array_8x8.
Setting constant 0-bit at position 24 on $auto$ff.cc:266:slice$1359 ($adffe) from module systolic_array_8x8.
Setting constant 0-bit at position 25 on $auto$ff.cc:266:slice$1359 ($adffe) from module systolic_array_8x8.
Setting constant 0-bit at position 26 on $auto$ff.cc:266:slice$1359 ($adffe) from module systolic_array_8x8.
Setting constant 0-bit at position 27 on $auto$ff.cc:266:slice$1359 ($adffe) from module systolic_array_8x8.
Setting constant 0-bit at position 28 on $auto$ff.cc:266:slice$1359 ($adffe) from module systolic_array_8x8.
Setting constant 0-bit at position 29 on $auto$ff.cc:266:slice$1359 ($adffe) from module systolic_array_8x8.
Setting constant 0-bit at position 30 on $auto$ff.cc:266:slice$1359 ($adffe) from module systolic_array_8x8.
Setting constant 0-bit at position 31 on $auto$ff.cc:266:slice$1359 ($adffe) from module systolic_array_8x8.
Setting constant 0-bit at position 21 on $auto$ff.cc:266:slice$1375 ($adffe) from module systolic_array_8x8.
Setting constant 0-bit at position 22 on $auto$ff.cc:266:slice$1375 ($adffe) from module systolic_array_8x8.
Setting constant 0-bit at position 23 on $auto$ff.cc:266:slice$1375 ($adffe) from module systolic_array_8x8.
Setting constant 0-bit at position 24 on $auto$ff.cc:266:slice$1375 ($adffe) from module systolic_array_8x8.
Setting constant 0-bit at position 25 on $auto$ff.cc:266:slice$1375 ($adffe) from module systolic_array_8x8.
Setting constant 0-bit at position 26 on $auto$ff.cc:266:slice$1375 ($adffe) from module systolic_array_8x8.
Setting constant 0-bit at position 27 on $auto$ff.cc:266:slice$1375 ($adffe) from module systolic_array_8x8.
Setting constant 0-bit at position 28 on $auto$ff.cc:266:slice$1375 ($adffe) from module systolic_array_8x8.
Setting constant 0-bit at position 29 on $auto$ff.cc:266:slice$1375 ($adffe) from module systolic_array_8x8.
Setting constant 0-bit at position 30 on $auto$ff.cc:266:slice$1375 ($adffe) from module systolic_array_8x8.
Setting constant 0-bit at position 31 on $auto$ff.cc:266:slice$1375 ($adffe) from module systolic_array_8x8.
Setting constant 0-bit at position 21 on $auto$ff.cc:266:slice$1391 ($adffe) from module systolic_array_8x8.
Setting constant 0-bit at position 22 on $auto$ff.cc:266:slice$1391 ($adffe) from module systolic_array_8x8.
Setting constant 0-bit at position 23 on $auto$ff.cc:266:slice$1391 ($adffe) from module systolic_array_8x8.
Setting constant 0-bit at position 24 on $auto$ff.cc:266:slice$1391 ($adffe) from module systolic_array_8x8.
Setting constant 0-bit at position 25 on $auto$ff.cc:266:slice$1391 ($adffe) from module systolic_array_8x8.
Setting constant 0-bit at position 26 on $auto$ff.cc:266:slice$1391 ($adffe) from module systolic_array_8x8.
Setting constant 0-bit at position 27 on $auto$ff.cc:266:slice$1391 ($adffe) from module systolic_array_8x8.
Setting constant 0-bit at position 28 on $auto$ff.cc:266:slice$1391 ($adffe) from module systolic_array_8x8.
Setting constant 0-bit at position 29 on $auto$ff.cc:266:slice$1391 ($adffe) from module systolic_array_8x8.
Setting constant 0-bit at position 30 on $auto$ff.cc:266:slice$1391 ($adffe) from module systolic_array_8x8.
Setting constant 0-bit at position 31 on $auto$ff.cc:266:slice$1391 ($adffe) from module systolic_array_8x8.
Setting constant 0-bit at position 21 on $auto$ff.cc:266:slice$1407 ($adffe) from module systolic_array_8x8.
Setting constant 0-bit at position 22 on $auto$ff.cc:266:slice$1407 ($adffe) from module systolic_array_8x8.
Setting constant 0-bit at position 23 on $auto$ff.cc:266:slice$1407 ($adffe) from module systolic_array_8x8.
Setting constant 0-bit at position 24 on $auto$ff.cc:266:slice$1407 ($adffe) from module systolic_array_8x8.
Setting constant 0-bit at position 25 on $auto$ff.cc:266:slice$1407 ($adffe) from module systolic_array_8x8.
Setting constant 0-bit at position 26 on $auto$ff.cc:266:slice$1407 ($adffe) from module systolic_array_8x8.
Setting constant 0-bit at position 27 on $auto$ff.cc:266:slice$1407 ($adffe) from module systolic_array_8x8.
Setting constant 0-bit at position 28 on $auto$ff.cc:266:slice$1407 ($adffe) from module systolic_array_8x8.
Setting constant 0-bit at position 29 on $auto$ff.cc:266:slice$1407 ($adffe) from module systolic_array_8x8.
Setting constant 0-bit at position 30 on $auto$ff.cc:266:slice$1407 ($adffe) from module systolic_array_8x8.
Setting constant 0-bit at position 31 on $auto$ff.cc:266:slice$1407 ($adffe) from module systolic_array_8x8.

221. Executing OPT_CLEAN pass (remove unused cells and wires).
Finding unused cells or wires in module \systolic_array_8x8..

222. Executing OPT_EXPR pass (perform const folding).
Optimizing module systolic_array_8x8.

223. Rerunning OPT passes. (Maybe there is more to do…)

224. Executing OPT_MUXTREE pass (detect dead branches in mux trees).
Running muxtree optimizer on module \systolic_array_8x8..
  Creating internal representation of mux trees.
  No muxes found in this module.
Removed 0 multiplexer ports.

225. Executing OPT_REDUCE pass (consolidate $*mux and $reduce_* inputs).
  Optimizing cells in module \systolic_array_8x8.
Performed a total of 0 changes.

226. Executing OPT_MERGE pass (detect identical cells).
Finding identical cells in module `\systolic_array_8x8'.
Removed a total of 0 cells.

227. Executing OPT_SHARE pass.

228. Executing OPT_DFF pass (perform DFF optimizations).
Setting constant 0-bit at position 21 on $auto$ff.cc:266:slice$1302 ($adffe) from module systolic_array_8x8.
Setting constant 0-bit at position 22 on $auto$ff.cc:266:slice$1302 ($adffe) from module systolic_array_8x8.
Setting constant 0-bit at position 23 on $auto$ff.cc:266:slice$1302 ($adffe) from module systolic_array_8x8.
Setting constant 0-bit at position 24 on $auto$ff.cc:266:slice$1302 ($adffe) from module systolic_array_8x8.
Setting constant 0-bit at position 25 on $auto$ff.cc:266:slice$1302 ($adffe) from module systolic_array_8x8.
Setting constant 0-bit at position 26 on $auto$ff.cc:266:slice$1302 ($adffe) from module systolic_array_8x8.
Setting constant 0-bit at position 27 on $auto$ff.cc:266:slice$1302 ($adffe) from module systolic_array_8x8.
Setting constant 0-bit at position 28 on $auto$ff.cc:266:slice$1302 ($adffe) from module systolic_array_8x8.
Setting constant 0-bit at position 29 on $auto$ff.cc:266:slice$1302 ($adffe) from module systolic_array_8x8.
Setting constant 0-bit at position 30 on $auto$ff.cc:266:slice$1302 ($adffe) from module systolic_array_8x8.
Setting constant 0-bit at position 31 on $auto$ff.cc:266:slice$1302 ($adffe) from module systolic_array_8x8.
Setting constant 0-bit at position 21 on $auto$ff.cc:266:slice$1318 ($adffe) from module systolic_array_8x8.
Setting constant 0-bit at position 22 on $auto$ff.cc:266:slice$1318 ($adffe) from module systolic_array_8x8.
Setting constant 0-bit at position 23 on $auto$ff.cc:266:slice$1318 ($adffe) from module systolic_array_8x8.
Setting constant 0-bit at position 24 on $auto$ff.cc:266:slice$1318 ($adffe) from module systolic_array_8x8.
Setting constant 0-bit at position 25 on $auto$ff.cc:266:slice$1318 ($adffe) from module systolic_array_8x8.
Setting constant 0-bit at position 26 on $auto$ff.cc:266:slice$1318 ($adffe) from module systolic_array_8x8.
Setting constant 0-bit at position 27 on $auto$ff.cc:266:slice$1318 ($adffe) from module systolic_array_8x8.
Setting constant 0-bit at position 28 on $auto$ff.cc:266:slice$1318 ($adffe) from module systolic_array_8x8.
Setting constant 0-bit at position 29 on $auto$ff.cc:266:slice$1318 ($adffe) from module systolic_array_8x8.
Setting constant 0-bit at position 30 on $auto$ff.cc:266:slice$1318 ($adffe) from module systolic_array_8x8.
Setting constant 0-bit at position 31 on $auto$ff.cc:266:slice$1318 ($adffe) from module systolic_array_8x8.
Setting constant 0-bit at position 21 on $auto$ff.cc:266:slice$1334 ($adffe) from module systolic_array_8x8.
Setting constant 0-bit at position 22 on $auto$ff.cc:266:slice$1334 ($adffe) from module systolic_array_8x8.
Setting constant 0-bit at position 23 on $auto$ff.cc:266:slice$1334 ($adffe) from module systolic_array_8x8.
Setting constant 0-bit at position 24 on $auto$ff.cc:266:slice$1334 ($adffe) from module systolic_array_8x8.
Setting constant 0-bit at position 25 on $auto$ff.cc:266:slice$1334 ($adffe) from module systolic_array_8x8.
Setting constant 0-bit at position 26 on $auto$ff.cc:266:slice$1334 ($adffe) from module systolic_array_8x8.
Setting constant 0-bit at position 27 on $auto$ff.cc:266:slice$1334 ($adffe) from module systolic_array_8x8.
Setting constant 0-bit at position 28 on $auto$ff.cc:266:slice$1334 ($adffe) from module systolic_array_8x8.
Setting constant 0-bit at position 29 on $auto$ff.cc:266:slice$1334 ($adffe) from module systolic_array_8x8.
Setting constant 0-bit at position 30 on $auto$ff.cc:266:slice$1334 ($adffe) from module systolic_array_8x8.
Setting constant 0-bit at position 31 on $auto$ff.cc:266:slice$1334 ($adffe) from module systolic_array_8x8.
Setting constant 0-bit at position 21 on $auto$ff.cc:266:slice$1350 ($adffe) from module systolic_array_8x8.
Setting constant 0-bit at position 22 on $auto$ff.cc:266:slice$1350 ($adffe) from module systolic_array_8x8.
Setting constant 0-bit at position 23 on $auto$ff.cc:266:slice$1350 ($adffe) from module systolic_array_8x8.
Setting constant 0-bit at position 24 on $auto$ff.cc:266:slice$1350 ($adffe) from module systolic_array_8x8.
Setting constant 0-bit at position 25 on $auto$ff.cc:266:slice$1350 ($adffe) from module systolic_array_8x8.
Setting constant 0-bit at position 26 on $auto$ff.cc:266:slice$1350 ($adffe) from module systolic_array_8x8.
Setting constant 0-bit at position 27 on $auto$ff.cc:266:slice$1350 ($adffe) from module systolic_array_8x8.
Setting constant 0-bit at position 28 on $auto$ff.cc:266:slice$1350 ($adffe) from module systolic_array_8x8.
Setting constant 0-bit at position 29 on $auto$ff.cc:266:slice$1350 ($adffe) from module systolic_array_8x8.
Setting constant 0-bit at position 30 on $auto$ff.cc:266:slice$1350 ($adffe) from module systolic_array_8x8.
Setting constant 0-bit at position 31 on $auto$ff.cc:266:slice$1350 ($adffe) from module systolic_array_8x8.
Setting constant 0-bit at position 21 on $auto$ff.cc:266:slice$1366 ($adffe) from module systolic_array_8x8.
Setting constant 0-bit at position 22 on $auto$ff.cc:266:slice$1366 ($adffe) from module systolic_array_8x8.
Setting constant 0-bit at position 23 on $auto$ff.cc:266:slice$1366 ($adffe) from module systolic_array_8x8.
Setting constant 0-bit at position 24 on $auto$ff.cc:266:slice$1366 ($adffe) from module systolic_array_8x8.
Setting constant 0-bit at position 25 on $auto$ff.cc:266:slice$1366 ($adffe) from module systolic_array_8x8.
Setting constant 0-bit at position 26 on $auto$ff.cc:266:slice$1366 ($adffe) from module systolic_array_8x8.
Setting constant 0-bit at position 27 on $auto$ff.cc:266:slice$1366 ($adffe) from module systolic_array_8x8.
Setting constant 0-bit at position 28 on $auto$ff.cc:266:slice$1366 ($adffe) from module systolic_array_8x8.
Setting constant 0-bit at position 29 on $auto$ff.cc:266:slice$1366 ($adffe) from module systolic_array_8x8.
Setting constant 0-bit at position 30 on $auto$ff.cc:266:slice$1366 ($adffe) from module systolic_array_8x8.
Setting constant 0-bit at position 31 on $auto$ff.cc:266:slice$1366 ($adffe) from module systolic_array_8x8.
Setting constant 0-bit at position 21 on $auto$ff.cc:266:slice$1382 ($adffe) from module systolic_array_8x8.
Setting constant 0-bit at position 22 on $auto$ff.cc:266:slice$1382 ($adffe) from module systolic_array_8x8.
Setting constant 0-bit at position 23 on $auto$ff.cc:266:slice$1382 ($adffe) from module systolic_array_8x8.
Setting constant 0-bit at position 24 on $auto$ff.cc:266:slice$1382 ($adffe) from module systolic_array_8x8.
Setting constant 0-bit at position 25 on $auto$ff.cc:266:slice$1382 ($adffe) from module systolic_array_8x8.
Setting constant 0-bit at position 26 on $auto$ff.cc:266:slice$1382 ($adffe) from module systolic_array_8x8.
Setting constant 0-bit at position 27 on $auto$ff.cc:266:slice$1382 ($adffe) from module systolic_array_8x8.
Setting constant 0-bit at position 28 on $auto$ff.cc:266:slice$1382 ($adffe) from module systolic_array_8x8.
Setting constant 0-bit at position 29 on $auto$ff.cc:266:slice$1382 ($adffe) from module systolic_array_8x8.
Setting constant 0-bit at position 30 on $auto$ff.cc:266:slice$1382 ($adffe) from module systolic_array_8x8.
Setting constant 0-bit at position 31 on $auto$ff.cc:266:slice$1382 ($adffe) from module systolic_array_8x8.
Setting constant 0-bit at position 21 on $auto$ff.cc:266:slice$1398 ($adffe) from module systolic_array_8x8.
Setting constant 0-bit at position 22 on $auto$ff.cc:266:slice$1398 ($adffe) from module systolic_array_8x8.
Setting constant 0-bit at position 23 on $auto$ff.cc:266:slice$1398 ($adffe) from module systolic_array_8x8.
Setting constant 0-bit at position 24 on $auto$ff.cc:266:slice$1398 ($adffe) from module systolic_array_8x8.
Setting constant 0-bit at position 25 on $auto$ff.cc:266:slice$1398 ($adffe) from module systolic_array_8x8.
Setting constant 0-bit at position 26 on $auto$ff.cc:266:slice$1398 ($adffe) from module systolic_array_8x8.
Setting constant 0-bit at position 27 on $auto$ff.cc:266:slice$1398 ($adffe) from module systolic_array_8x8.
Setting constant 0-bit at position 28 on $auto$ff.cc:266:slice$1398 ($adffe) from module systolic_array_8x8.
Setting constant 0-bit at position 29 on $auto$ff.cc:266:slice$1398 ($adffe) from module systolic_array_8x8.
Setting constant 0-bit at position 30 on $auto$ff.cc:266:slice$1398 ($adffe) from module systolic_array_8x8.
Setting constant 0-bit at position 31 on $auto$ff.cc:266:slice$1398 ($adffe) from module systolic_array_8x8.
Setting constant 0-bit at position 21 on $auto$ff.cc:266:slice$1414 ($adffe) from module systolic_array_8x8.
Setting constant 0-bit at position 22 on $auto$ff.cc:266:slice$1414 ($adffe) from module systolic_array_8x8.
Setting constant 0-bit at position 23 on $auto$ff.cc:266:slice$1414 ($adffe) from module systolic_array_8x8.
Setting constant 0-bit at position 24 on $auto$ff.cc:266:slice$1414 ($adffe) from module systolic_array_8x8.
Setting constant 0-bit at position 25 on $auto$ff.cc:266:slice$1414 ($adffe) from module systolic_array_8x8.
Setting constant 0-bit at position 26 on $auto$ff.cc:266:slice$1414 ($adffe) from module systolic_array_8x8.
Setting constant 0-bit at position 27 on $auto$ff.cc:266:slice$1414 ($adffe) from module systolic_array_8x8.
Setting constant 0-bit at position 28 on $auto$ff.cc:266:slice$1414 ($adffe) from module systolic_array_8x8.
Setting constant 0-bit at position 29 on $auto$ff.cc:266:slice$1414 ($adffe) from module systolic_array_8x8.
Setting constant 0-bit at position 30 on $auto$ff.cc:266:slice$1414 ($adffe) from module systolic_array_8x8.
Setting constant 0-bit at position 31 on $auto$ff.cc:266:slice$1414 ($adffe) from module systolic_array_8x8.

229. Executing OPT_CLEAN pass (remove unused cells and wires).
Finding unused cells or wires in module \systolic_array_8x8..

230. Executing OPT_EXPR pass (perform const folding).
Optimizing module systolic_array_8x8.

231. Rerunning OPT passes. (Maybe there is more to do…)

232. Executing OPT_MUXTREE pass (detect dead branches in mux trees).
Running muxtree optimizer on module \systolic_array_8x8..
  Creating internal representation of mux trees.
  No muxes found in this module.
Removed 0 multiplexer ports.

233. Executing OPT_REDUCE pass (consolidate $*mux and $reduce_* inputs).
  Optimizing cells in module \systolic_array_8x8.
Performed a total of 0 changes.

234. Executing OPT_MERGE pass (detect identical cells).
Finding identical cells in module `\systolic_array_8x8'.
Removed a total of 0 cells.

235. Executing OPT_SHARE pass.

236. Executing OPT_DFF pass (perform DFF optimizations).
Setting constant 0-bit at position 21 on $auto$ff.cc:266:slice$1173 ($adffe) from module systolic_array_8x8.
Setting constant 0-bit at position 22 on $auto$ff.cc:266:slice$1173 ($adffe) from module systolic_array_8x8.
Setting constant 0-bit at position 23 on $auto$ff.cc:266:slice$1173 ($adffe) from module systolic_array_8x8.
Setting constant 0-bit at position 24 on $auto$ff.cc:266:slice$1173 ($adffe) from module systolic_array_8x8.
Setting constant 0-bit at position 25 on $auto$ff.cc:266:slice$1173 ($adffe) from module systolic_array_8x8.
Setting constant 0-bit at position 26 on $auto$ff.cc:266:slice$1173 ($adffe) from module systolic_array_8x8.
Setting constant 0-bit at position 27 on $auto$ff.cc:266:slice$1173 ($adffe) from module systolic_array_8x8.
Setting constant 0-bit at position 28 on $auto$ff.cc:266:slice$1173 ($adffe) from module systolic_array_8x8.
Setting constant 0-bit at position 29 on $auto$ff.cc:266:slice$1173 ($adffe) from module systolic_array_8x8.
Setting constant 0-bit at position 30 on $auto$ff.cc:266:slice$1173 ($adffe) from module systolic_array_8x8.
Setting constant 0-bit at position 31 on $auto$ff.cc:266:slice$1173 ($adffe) from module systolic_array_8x8.
Setting constant 0-bit at position 21 on $auto$ff.cc:266:slice$1189 ($adffe) from module systolic_array_8x8.
Setting constant 0-bit at position 22 on $auto$ff.cc:266:slice$1189 ($adffe) from module systolic_array_8x8.
Setting constant 0-bit at position 23 on $auto$ff.cc:266:slice$1189 ($adffe) from module systolic_array_8x8.
Setting constant 0-bit at position 24 on $auto$ff.cc:266:slice$1189 ($adffe) from module systolic_array_8x8.
Setting constant 0-bit at position 25 on $auto$ff.cc:266:slice$1189 ($adffe) from module systolic_array_8x8.
Setting constant 0-bit at position 26 on $auto$ff.cc:266:slice$1189 ($adffe) from module systolic_array_8x8.
Setting constant 0-bit at position 27 on $auto$ff.cc:266:slice$1189 ($adffe) from module systolic_array_8x8.
Setting constant 0-bit at position 28 on $auto$ff.cc:266:slice$1189 ($adffe) from module systolic_array_8x8.
Setting constant 0-bit at position 29 on $auto$ff.cc:266:slice$1189 ($adffe) from module systolic_array_8x8.
Setting constant 0-bit at position 30 on $auto$ff.cc:266:slice$1189 ($adffe) from module systolic_array_8x8.
Setting constant 0-bit at position 31 on $auto$ff.cc:266:slice$1189 ($adffe) from module systolic_array_8x8.
Setting constant 0-bit at position 21 on $auto$ff.cc:266:slice$1205 ($adffe) from module systolic_array_8x8.
Setting constant 0-bit at position 22 on $auto$ff.cc:266:slice$1205 ($adffe) from module systolic_array_8x8.
Setting constant 0-bit at position 23 on $auto$ff.cc:266:slice$1205 ($adffe) from module systolic_array_8x8.
Setting constant 0-bit at position 24 on $auto$ff.cc:266:slice$1205 ($adffe) from module systolic_array_8x8.
Setting constant 0-bit at position 25 on $auto$ff.cc:266:slice$1205 ($adffe) from module systolic_array_8x8.
Setting constant 0-bit at position 26 on $auto$ff.cc:266:slice$1205 ($adffe) from module systolic_array_8x8.
Setting constant 0-bit at position 27 on $auto$ff.cc:266:slice$1205 ($adffe) from module systolic_array_8x8.
Setting constant 0-bit at position 28 on $auto$ff.cc:266:slice$1205 ($adffe) from module systolic_array_8x8.
Setting constant 0-bit at position 29 on $auto$ff.cc:266:slice$1205 ($adffe) from module systolic_array_8x8.
Setting constant 0-bit at position 30 on $auto$ff.cc:266:slice$1205 ($adffe) from module systolic_array_8x8.
Setting constant 0-bit at position 31 on $auto$ff.cc:266:slice$1205 ($adffe) from module systolic_array_8x8.
Setting constant 0-bit at position 21 on $auto$ff.cc:266:slice$1221 ($adffe) from module systolic_array_8x8.
Setting constant 0-bit at position 22 on $auto$ff.cc:266:slice$1221 ($adffe) from module systolic_array_8x8.
Setting constant 0-bit at position 23 on $auto$ff.cc:266:slice$1221 ($adffe) from module systolic_array_8x8.
Setting constant 0-bit at position 24 on $auto$ff.cc:266:slice$1221 ($adffe) from module systolic_array_8x8.
Setting constant 0-bit at position 25 on $auto$ff.cc:266:slice$1221 ($adffe) from module systolic_array_8x8.
Setting constant 0-bit at position 26 on $auto$ff.cc:266:slice$1221 ($adffe) from module systolic_array_8x8.
Setting constant 0-bit at position 27 on $auto$ff.cc:266:slice$1221 ($adffe) from module systolic_array_8x8.
Setting constant 0-bit at position 28 on $auto$ff.cc:266:slice$1221 ($adffe) from module systolic_array_8x8.
Setting constant 0-bit at position 29 on $auto$ff.cc:266:slice$1221 ($adffe) from module systolic_array_8x8.
Setting constant 0-bit at position 30 on $auto$ff.cc:266:slice$1221 ($adffe) from module systolic_array_8x8.
Setting constant 0-bit at position 31 on $auto$ff.cc:266:slice$1221 ($adffe) from module systolic_array_8x8.
Setting constant 0-bit at position 21 on $auto$ff.cc:266:slice$1237 ($adffe) from module systolic_array_8x8.
Setting constant 0-bit at position 22 on $auto$ff.cc:266:slice$1237 ($adffe) from module systolic_array_8x8.
Setting constant 0-bit at position 23 on $auto$ff.cc:266:slice$1237 ($adffe) from module systolic_array_8x8.
Setting constant 0-bit at position 24 on $auto$ff.cc:266:slice$1237 ($adffe) from module systolic_array_8x8.
Setting constant 0-bit at position 25 on $auto$ff.cc:266:slice$1237 ($adffe) from module systolic_array_8x8.
Setting constant 0-bit at position 26 on $auto$ff.cc:266:slice$1237 ($adffe) from module systolic_array_8x8.
Setting constant 0-bit at position 27 on $auto$ff.cc:266:slice$1237 ($adffe) from module systolic_array_8x8.
Setting constant 0-bit at position 28 on $auto$ff.cc:266:slice$1237 ($adffe) from module systolic_array_8x8.
Setting constant 0-bit at position 29 on $auto$ff.cc:266:slice$1237 ($adffe) from module systolic_array_8x8.
Setting constant 0-bit at position 30 on $auto$ff.cc:266:slice$1237 ($adffe) from module systolic_array_8x8.
Setting constant 0-bit at position 31 on $auto$ff.cc:266:slice$1237 ($adffe) from module systolic_array_8x8.
Setting constant 0-bit at position 21 on $auto$ff.cc:266:slice$1253 ($adffe) from module systolic_array_8x8.
Setting constant 0-bit at position 22 on $auto$ff.cc:266:slice$1253 ($adffe) from module systolic_array_8x8.
Setting constant 0-bit at position 23 on $auto$ff.cc:266:slice$1253 ($adffe) from module systolic_array_8x8.
Setting constant 0-bit at position 24 on $auto$ff.cc:266:slice$1253 ($adffe) from module systolic_array_8x8.
Setting constant 0-bit at position 25 on $auto$ff.cc:266:slice$1253 ($adffe) from module systolic_array_8x8.
Setting constant 0-bit at position 26 on $auto$ff.cc:266:slice$1253 ($adffe) from module systolic_array_8x8.
Setting constant 0-bit at position 27 on $auto$ff.cc:266:slice$1253 ($adffe) from module systolic_array_8x8.
Setting constant 0-bit at position 28 on $auto$ff.cc:266:slice$1253 ($adffe) from module systolic_array_8x8.
Setting constant 0-bit at position 29 on $auto$ff.cc:266:slice$1253 ($adffe) from module systolic_array_8x8.
Setting constant 0-bit at position 30 on $auto$ff.cc:266:slice$1253 ($adffe) from module systolic_array_8x8.
Setting constant 0-bit at position 31 on $auto$ff.cc:266:slice$1253 ($adffe) from module systolic_array_8x8.
Setting constant 0-bit at position 21 on $auto$ff.cc:266:slice$1269 ($adffe) from module systolic_array_8x8.
Setting constant 0-bit at position 22 on $auto$ff.cc:266:slice$1269 ($adffe) from module systolic_array_8x8.
Setting constant 0-bit at position 23 on $auto$ff.cc:266:slice$1269 ($adffe) from module systolic_array_8x8.
Setting constant 0-bit at position 24 on $auto$ff.cc:266:slice$1269 ($adffe) from module systolic_array_8x8.
Setting constant 0-bit at position 25 on $auto$ff.cc:266:slice$1269 ($adffe) from module systolic_array_8x8.
Setting constant 0-bit at position 26 on $auto$ff.cc:266:slice$1269 ($adffe) from module systolic_array_8x8.
Setting constant 0-bit at position 27 on $auto$ff.cc:266:slice$1269 ($adffe) from module systolic_array_8x8.
Setting constant 0-bit at position 28 on $auto$ff.cc:266:slice$1269 ($adffe) from module systolic_array_8x8.
Setting constant 0-bit at position 29 on $auto$ff.cc:266:slice$1269 ($adffe) from module systolic_array_8x8.
Setting constant 0-bit at position 30 on $auto$ff.cc:266:slice$1269 ($adffe) from module systolic_array_8x8.
Setting constant 0-bit at position 31 on $auto$ff.cc:266:slice$1269 ($adffe) from module systolic_array_8x8.
Setting constant 0-bit at position 21 on $auto$ff.cc:266:slice$1285 ($adffe) from module systolic_array_8x8.
Setting constant 0-bit at position 22 on $auto$ff.cc:266:slice$1285 ($adffe) from module systolic_array_8x8.
Setting constant 0-bit at position 23 on $auto$ff.cc:266:slice$1285 ($adffe) from module systolic_array_8x8.
Setting constant 0-bit at position 24 on $auto$ff.cc:266:slice$1285 ($adffe) from module systolic_array_8x8.
Setting constant 0-bit at position 25 on $auto$ff.cc:266:slice$1285 ($adffe) from module systolic_array_8x8.
Setting constant 0-bit at position 26 on $auto$ff.cc:266:slice$1285 ($adffe) from module systolic_array_8x8.
Setting constant 0-bit at position 27 on $auto$ff.cc:266:slice$1285 ($adffe) from module systolic_array_8x8.
Setting constant 0-bit at position 28 on $auto$ff.cc:266:slice$1285 ($adffe) from module systolic_array_8x8.
Setting constant 0-bit at position 29 on $auto$ff.cc:266:slice$1285 ($adffe) from module systolic_array_8x8.
Setting constant 0-bit at position 30 on $auto$ff.cc:266:slice$1285 ($adffe) from module systolic_array_8x8.
Setting constant 0-bit at position 31 on $auto$ff.cc:266:slice$1285 ($adffe) from module systolic_array_8x8.

237. Executing OPT_CLEAN pass (remove unused cells and wires).
Finding unused cells or wires in module \systolic_array_8x8..

238. Executing OPT_EXPR pass (perform const folding).
Optimizing module systolic_array_8x8.
<suppressed ~328 debug messages>

239. Rerunning OPT passes. (Maybe there is more to do…)

240. Executing OPT_MUXTREE pass (detect dead branches in mux trees).
Running muxtree optimizer on module \systolic_array_8x8..
  Creating internal representation of mux trees.
  No muxes found in this module.
Removed 0 multiplexer ports.

241. Executing OPT_REDUCE pass (consolidate $*mux and $reduce_* inputs).
  Optimizing cells in module \systolic_array_8x8.
Performed a total of 0 changes.

242. Executing OPT_MERGE pass (detect identical cells).
Finding identical cells in module `\systolic_array_8x8'.
Removed a total of 0 cells.

243. Executing OPT_SHARE pass.

244. Executing OPT_DFF pass (perform DFF optimizations).

245. Executing OPT_CLEAN pass (remove unused cells and wires).
Finding unused cells or wires in module \systolic_array_8x8..
Removed 0 unused cells and 80 unused wires.
<suppressed ~1 debug messages>

246. Executing OPT_EXPR pass (perform const folding).
Optimizing module systolic_array_8x8.

247. Rerunning OPT passes. (Maybe there is more to do…)

248. Executing OPT_MUXTREE pass (detect dead branches in mux trees).
Running muxtree optimizer on module \systolic_array_8x8..
  Creating internal representation of mux trees.
  No muxes found in this module.
Removed 0 multiplexer ports.

249. Executing OPT_REDUCE pass (consolidate $*mux and $reduce_* inputs).
  Optimizing cells in module \systolic_array_8x8.
Performed a total of 0 changes.

250. Executing OPT_MERGE pass (detect identical cells).
Finding identical cells in module `\systolic_array_8x8'.
Removed a total of 0 cells.

251. Executing OPT_SHARE pass.

252. Executing OPT_DFF pass (perform DFF optimizations).
Setting constant 0-bit at position 22 on $auto$ff.cc:266:slice$1168 ($adffe) from module systolic_array_8x8.
Setting constant 0-bit at position 23 on $auto$ff.cc:266:slice$1168 ($adffe) from module systolic_array_8x8.
Setting constant 0-bit at position 24 on $auto$ff.cc:266:slice$1168 ($adffe) from module systolic_array_8x8.
Setting constant 0-bit at position 25 on $auto$ff.cc:266:slice$1168 ($adffe) from module systolic_array_8x8.
Setting constant 0-bit at position 26 on $auto$ff.cc:266:slice$1168 ($adffe) from module systolic_array_8x8.
Setting constant 0-bit at position 27 on $auto$ff.cc:266:slice$1168 ($adffe) from module systolic_array_8x8.
Setting constant 0-bit at position 28 on $auto$ff.cc:266:slice$1168 ($adffe) from module systolic_array_8x8.
Setting constant 0-bit at position 29 on $auto$ff.cc:266:slice$1168 ($adffe) from module systolic_array_8x8.
Setting constant 0-bit at position 30 on $auto$ff.cc:266:slice$1168 ($adffe) from module systolic_array_8x8.
Setting constant 0-bit at position 31 on $auto$ff.cc:266:slice$1168 ($adffe) from module systolic_array_8x8.
Setting constant 0-bit at position 22 on $auto$ff.cc:266:slice$1184 ($adffe) from module systolic_array_8x8.
Setting constant 0-bit at position 23 on $auto$ff.cc:266:slice$1184 ($adffe) from module systolic_array_8x8.
Setting constant 0-bit at position 24 on $auto$ff.cc:266:slice$1184 ($adffe) from module systolic_array_8x8.
Setting constant 0-bit at position 25 on $auto$ff.cc:266:slice$1184 ($adffe) from module systolic_array_8x8.
Setting constant 0-bit at position 26 on $auto$ff.cc:266:slice$1184 ($adffe) from module systolic_array_8x8.
Setting constant 0-bit at position 27 on $auto$ff.cc:266:slice$1184 ($adffe) from module systolic_array_8x8.
Setting constant 0-bit at position 28 on $auto$ff.cc:266:slice$1184 ($adffe) from module systolic_array_8x8.
Setting constant 0-bit at position 29 on $auto$ff.cc:266:slice$1184 ($adffe) from module systolic_array_8x8.
Setting constant 0-bit at position 30 on $auto$ff.cc:266:slice$1184 ($adffe) from module systolic_array_8x8.
Setting constant 0-bit at position 31 on $auto$ff.cc:266:slice$1184 ($adffe) from module systolic_array_8x8.
Setting constant 0-bit at position 22 on $auto$ff.cc:266:slice$1200 ($adffe) from module systolic_array_8x8.
Setting constant 0-bit at position 23 on $auto$ff.cc:266:slice$1200 ($adffe) from module systolic_array_8x8.
Setting constant 0-bit at position 24 on $auto$ff.cc:266:slice$1200 ($adffe) from module systolic_array_8x8.
Setting constant 0-bit at position 25 on $auto$ff.cc:266:slice$1200 ($adffe) from module systolic_array_8x8.
Setting constant 0-bit at position 26 on $auto$ff.cc:266:slice$1200 ($adffe) from module systolic_array_8x8.
Setting constant 0-bit at position 27 on $auto$ff.cc:266:slice$1200 ($adffe) from module systolic_array_8x8.
Setting constant 0-bit at position 28 on $auto$ff.cc:266:slice$1200 ($adffe) from module systolic_array_8x8.
Setting constant 0-bit at position 29 on $auto$ff.cc:266:slice$1200 ($adffe) from module systolic_array_8x8.
Setting constant 0-bit at position 30 on $auto$ff.cc:266:slice$1200 ($adffe) from module systolic_array_8x8.
Setting constant 0-bit at position 31 on $auto$ff.cc:266:slice$1200 ($adffe) from module systolic_array_8x8.
Setting constant 0-bit at position 22 on $auto$ff.cc:266:slice$1216 ($adffe) from module systolic_array_8x8.
Setting constant 0-bit at position 23 on $auto$ff.cc:266:slice$1216 ($adffe) from module systolic_array_8x8.
Setting constant 0-bit at position 24 on $auto$ff.cc:266:slice$1216 ($adffe) from module systolic_array_8x8.
Setting constant 0-bit at position 25 on $auto$ff.cc:266:slice$1216 ($adffe) from module systolic_array_8x8.
Setting constant 0-bit at position 26 on $auto$ff.cc:266:slice$1216 ($adffe) from module systolic_array_8x8.
Setting constant 0-bit at position 27 on $auto$ff.cc:266:slice$1216 ($adffe) from module systolic_array_8x8.
Setting constant 0-bit at position 28 on $auto$ff.cc:266:slice$1216 ($adffe) from module systolic_array_8x8.
Setting constant 0-bit at position 29 on $auto$ff.cc:266:slice$1216 ($adffe) from module systolic_array_8x8.
Setting constant 0-bit at position 30 on $auto$ff.cc:266:slice$1216 ($adffe) from module systolic_array_8x8.
Setting constant 0-bit at position 31 on $auto$ff.cc:266:slice$1216 ($adffe) from module systolic_array_8x8.
Setting constant 0-bit at position 22 on $auto$ff.cc:266:slice$1232 ($adffe) from module systolic_array_8x8.
Setting constant 0-bit at position 23 on $auto$ff.cc:266:slice$1232 ($adffe) from module systolic_array_8x8.
Setting constant 0-bit at position 24 on $auto$ff.cc:266:slice$1232 ($adffe) from module systolic_array_8x8.
Setting constant 0-bit at position 25 on $auto$ff.cc:266:slice$1232 ($adffe) from module systolic_array_8x8.
Setting constant 0-bit at position 26 on $auto$ff.cc:266:slice$1232 ($adffe) from module systolic_array_8x8.
Setting constant 0-bit at position 27 on $auto$ff.cc:266:slice$1232 ($adffe) from module systolic_array_8x8.
Setting constant 0-bit at position 28 on $auto$ff.cc:266:slice$1232 ($adffe) from module systolic_array_8x8.
Setting constant 0-bit at position 29 on $auto$ff.cc:266:slice$1232 ($adffe) from module systolic_array_8x8.
Setting constant 0-bit at position 30 on $auto$ff.cc:266:slice$1232 ($adffe) from module systolic_array_8x8.
Setting constant 0-bit at position 31 on $auto$ff.cc:266:slice$1232 ($adffe) from module systolic_array_8x8.
Setting constant 0-bit at position 22 on $auto$ff.cc:266:slice$1248 ($adffe) from module systolic_array_8x8.
Setting constant 0-bit at position 23 on $auto$ff.cc:266:slice$1248 ($adffe) from module systolic_array_8x8.
Setting constant 0-bit at position 24 on $auto$ff.cc:266:slice$1248 ($adffe) from module systolic_array_8x8.
Setting constant 0-bit at position 25 on $auto$ff.cc:266:slice$1248 ($adffe) from module systolic_array_8x8.
Setting constant 0-bit at position 26 on $auto$ff.cc:266:slice$1248 ($adffe) from module systolic_array_8x8.
Setting constant 0-bit at position 27 on $auto$ff.cc:266:slice$1248 ($adffe) from module systolic_array_8x8.
Setting constant 0-bit at position 28 on $auto$ff.cc:266:slice$1248 ($adffe) from module systolic_array_8x8.
Setting constant 0-bit at position 29 on $auto$ff.cc:266:slice$1248 ($adffe) from module systolic_array_8x8.
Setting constant 0-bit at position 30 on $auto$ff.cc:266:slice$1248 ($adffe) from module systolic_array_8x8.
Setting constant 0-bit at position 31 on $auto$ff.cc:266:slice$1248 ($adffe) from module systolic_array_8x8.
Setting constant 0-bit at position 22 on $auto$ff.cc:266:slice$1264 ($adffe) from module systolic_array_8x8.
Setting constant 0-bit at position 23 on $auto$ff.cc:266:slice$1264 ($adffe) from module systolic_array_8x8.
Setting constant 0-bit at position 24 on $auto$ff.cc:266:slice$1264 ($adffe) from module systolic_array_8x8.
Setting constant 0-bit at position 25 on $auto$ff.cc:266:slice$1264 ($adffe) from module systolic_array_8x8.
Setting constant 0-bit at position 26 on $auto$ff.cc:266:slice$1264 ($adffe) from module systolic_array_8x8.
Setting constant 0-bit at position 27 on $auto$ff.cc:266:slice$1264 ($adffe) from module systolic_array_8x8.
Setting constant 0-bit at position 28 on $auto$ff.cc:266:slice$1264 ($adffe) from module systolic_array_8x8.
Setting constant 0-bit at position 29 on $auto$ff.cc:266:slice$1264 ($adffe) from module systolic_array_8x8.
Setting constant 0-bit at position 30 on $auto$ff.cc:266:slice$1264 ($adffe) from module systolic_array_8x8.
Setting constant 0-bit at position 31 on $auto$ff.cc:266:slice$1264 ($adffe) from module systolic_array_8x8.
Setting constant 0-bit at position 22 on $auto$ff.cc:266:slice$1280 ($adffe) from module systolic_array_8x8.
Setting constant 0-bit at position 23 on $auto$ff.cc:266:slice$1280 ($adffe) from module systolic_array_8x8.
Setting constant 0-bit at position 24 on $auto$ff.cc:266:slice$1280 ($adffe) from module systolic_array_8x8.
Setting constant 0-bit at position 25 on $auto$ff.cc:266:slice$1280 ($adffe) from module systolic_array_8x8.
Setting constant 0-bit at position 26 on $auto$ff.cc:266:slice$1280 ($adffe) from module systolic_array_8x8.
Setting constant 0-bit at position 27 on $auto$ff.cc:266:slice$1280 ($adffe) from module systolic_array_8x8.
Setting constant 0-bit at position 28 on $auto$ff.cc:266:slice$1280 ($adffe) from module systolic_array_8x8.
Setting constant 0-bit at position 29 on $auto$ff.cc:266:slice$1280 ($adffe) from module systolic_array_8x8.
Setting constant 0-bit at position 30 on $auto$ff.cc:266:slice$1280 ($adffe) from module systolic_array_8x8.
Setting constant 0-bit at position 31 on $auto$ff.cc:266:slice$1280 ($adffe) from module systolic_array_8x8.

253. Executing OPT_CLEAN pass (remove unused cells and wires).
Finding unused cells or wires in module \systolic_array_8x8..

254. Executing OPT_EXPR pass (perform const folding).
Optimizing module systolic_array_8x8.

255. Rerunning OPT passes. (Maybe there is more to do…)

256. Executing OPT_MUXTREE pass (detect dead branches in mux trees).
Running muxtree optimizer on module \systolic_array_8x8..
  Creating internal representation of mux trees.
  No muxes found in this module.
Removed 0 multiplexer ports.

257. Executing OPT_REDUCE pass (consolidate $*mux and $reduce_* inputs).
  Optimizing cells in module \systolic_array_8x8.
Performed a total of 0 changes.

258. Executing OPT_MERGE pass (detect identical cells).
Finding identical cells in module `\systolic_array_8x8'.
Removed a total of 0 cells.

259. Executing OPT_SHARE pass.

260. Executing OPT_DFF pass (perform DFF optimizations).
Setting constant 0-bit at position 22 on $auto$ff.cc:266:slice$1175 ($adffe) from module systolic_array_8x8.
Setting constant 0-bit at position 23 on $auto$ff.cc:266:slice$1175 ($adffe) from module systolic_array_8x8.
Setting constant 0-bit at position 24 on $auto$ff.cc:266:slice$1175 ($adffe) from module systolic_array_8x8.
Setting constant 0-bit at position 25 on $auto$ff.cc:266:slice$1175 ($adffe) from module systolic_array_8x8.
Setting constant 0-bit at position 26 on $auto$ff.cc:266:slice$1175 ($adffe) from module systolic_array_8x8.
Setting constant 0-bit at position 27 on $auto$ff.cc:266:slice$1175 ($adffe) from module systolic_array_8x8.
Setting constant 0-bit at position 28 on $auto$ff.cc:266:slice$1175 ($adffe) from module systolic_array_8x8.
Setting constant 0-bit at position 29 on $auto$ff.cc:266:slice$1175 ($adffe) from module systolic_array_8x8.
Setting constant 0-bit at position 30 on $auto$ff.cc:266:slice$1175 ($adffe) from module systolic_array_8x8.
Setting constant 0-bit at position 31 on $auto$ff.cc:266:slice$1175 ($adffe) from module systolic_array_8x8.
Setting constant 0-bit at position 22 on $auto$ff.cc:266:slice$1191 ($adffe) from module systolic_array_8x8.
Setting constant 0-bit at position 23 on $auto$ff.cc:266:slice$1191 ($adffe) from module systolic_array_8x8.
Setting constant 0-bit at position 24 on $auto$ff.cc:266:slice$1191 ($adffe) from module systolic_array_8x8.
Setting constant 0-bit at position 25 on $auto$ff.cc:266:slice$1191 ($adffe) from module systolic_array_8x8.
Setting constant 0-bit at position 26 on $auto$ff.cc:266:slice$1191 ($adffe) from module systolic_array_8x8.
Setting constant 0-bit at position 27 on $auto$ff.cc:266:slice$1191 ($adffe) from module systolic_array_8x8.
Setting constant 0-bit at position 28 on $auto$ff.cc:266:slice$1191 ($adffe) from module systolic_array_8x8.
Setting constant 0-bit at position 29 on $auto$ff.cc:266:slice$1191 ($adffe) from module systolic_array_8x8.
Setting constant 0-bit at position 30 on $auto$ff.cc:266:slice$1191 ($adffe) from module systolic_array_8x8.
Setting constant 0-bit at position 31 on $auto$ff.cc:266:slice$1191 ($adffe) from module systolic_array_8x8.
Setting constant 0-bit at position 22 on $auto$ff.cc:266:slice$1207 ($adffe) from module systolic_array_8x8.
Setting constant 0-bit at position 23 on $auto$ff.cc:266:slice$1207 ($adffe) from module systolic_array_8x8.
Setting constant 0-bit at position 24 on $auto$ff.cc:266:slice$1207 ($adffe) from module systolic_array_8x8.
Setting constant 0-bit at position 25 on $auto$ff.cc:266:slice$1207 ($adffe) from module systolic_array_8x8.
Setting constant 0-bit at position 26 on $auto$ff.cc:266:slice$1207 ($adffe) from module systolic_array_8x8.
Setting constant 0-bit at position 27 on $auto$ff.cc:266:slice$1207 ($adffe) from module systolic_array_8x8.
Setting constant 0-bit at position 28 on $auto$ff.cc:266:slice$1207 ($adffe) from module systolic_array_8x8.
Setting constant 0-bit at position 29 on $auto$ff.cc:266:slice$1207 ($adffe) from module systolic_array_8x8.
Setting constant 0-bit at position 30 on $auto$ff.cc:266:slice$1207 ($adffe) from module systolic_array_8x8.
Setting constant 0-bit at position 31 on $auto$ff.cc:266:slice$1207 ($adffe) from module systolic_array_8x8.
Setting constant 0-bit at position 22 on $auto$ff.cc:266:slice$1223 ($adffe) from module systolic_array_8x8.
Setting constant 0-bit at position 23 on $auto$ff.cc:266:slice$1223 ($adffe) from module systolic_array_8x8.
Setting constant 0-bit at position 24 on $auto$ff.cc:266:slice$1223 ($adffe) from module systolic_array_8x8.
Setting constant 0-bit at position 25 on $auto$ff.cc:266:slice$1223 ($adffe) from module systolic_array_8x8.
Setting constant 0-bit at position 26 on $auto$ff.cc:266:slice$1223 ($adffe) from module systolic_array_8x8.
Setting constant 0-bit at position 27 on $auto$ff.cc:266:slice$1223 ($adffe) from module systolic_array_8x8.
Setting constant 0-bit at position 28 on $auto$ff.cc:266:slice$1223 ($adffe) from module systolic_array_8x8.
Setting constant 0-bit at position 29 on $auto$ff.cc:266:slice$1223 ($adffe) from module systolic_array_8x8.
Setting constant 0-bit at position 30 on $auto$ff.cc:266:slice$1223 ($adffe) from module systolic_array_8x8.
Setting constant 0-bit at position 31 on $auto$ff.cc:266:slice$1223 ($adffe) from module systolic_array_8x8.
Setting constant 0-bit at position 22 on $auto$ff.cc:266:slice$1239 ($adffe) from module systolic_array_8x8.
Setting constant 0-bit at position 23 on $auto$ff.cc:266:slice$1239 ($adffe) from module systolic_array_8x8.
Setting constant 0-bit at position 24 on $auto$ff.cc:266:slice$1239 ($adffe) from module systolic_array_8x8.
Setting constant 0-bit at position 25 on $auto$ff.cc:266:slice$1239 ($adffe) from module systolic_array_8x8.
Setting constant 0-bit at position 26 on $auto$ff.cc:266:slice$1239 ($adffe) from module systolic_array_8x8.
Setting constant 0-bit at position 27 on $auto$ff.cc:266:slice$1239 ($adffe) from module systolic_array_8x8.
Setting constant 0-bit at position 28 on $auto$ff.cc:266:slice$1239 ($adffe) from module systolic_array_8x8.
Setting constant 0-bit at position 29 on $auto$ff.cc:266:slice$1239 ($adffe) from module systolic_array_8x8.
Setting constant 0-bit at position 30 on $auto$ff.cc:266:slice$1239 ($adffe) from module systolic_array_8x8.
Setting constant 0-bit at position 31 on $auto$ff.cc:266:slice$1239 ($adffe) from module systolic_array_8x8.
Setting constant 0-bit at position 22 on $auto$ff.cc:266:slice$1255 ($adffe) from module systolic_array_8x8.
Setting constant 0-bit at position 23 on $auto$ff.cc:266:slice$1255 ($adffe) from module systolic_array_8x8.
Setting constant 0-bit at position 24 on $auto$ff.cc:266:slice$1255 ($adffe) from module systolic_array_8x8.
Setting constant 0-bit at position 25 on $auto$ff.cc:266:slice$1255 ($adffe) from module systolic_array_8x8.
Setting constant 0-bit at position 26 on $auto$ff.cc:266:slice$1255 ($adffe) from module systolic_array_8x8.
Setting constant 0-bit at position 27 on $auto$ff.cc:266:slice$1255 ($adffe) from module systolic_array_8x8.
Setting constant 0-bit at position 28 on $auto$ff.cc:266:slice$1255 ($adffe) from module systolic_array_8x8.
Setting constant 0-bit at position 29 on $auto$ff.cc:266:slice$1255 ($adffe) from module systolic_array_8x8.
Setting constant 0-bit at position 30 on $auto$ff.cc:266:slice$1255 ($adffe) from module systolic_array_8x8.
Setting constant 0-bit at position 31 on $auto$ff.cc:266:slice$1255 ($adffe) from module systolic_array_8x8.
Setting constant 0-bit at position 22 on $auto$ff.cc:266:slice$1271 ($adffe) from module systolic_array_8x8.
Setting constant 0-bit at position 23 on $auto$ff.cc:266:slice$1271 ($adffe) from module systolic_array_8x8.
Setting constant 0-bit at position 24 on $auto$ff.cc:266:slice$1271 ($adffe) from module systolic_array_8x8.
Setting constant 0-bit at position 25 on $auto$ff.cc:266:slice$1271 ($adffe) from module systolic_array_8x8.
Setting constant 0-bit at position 26 on $auto$ff.cc:266:slice$1271 ($adffe) from module systolic_array_8x8.
Setting constant 0-bit at position 27 on $auto$ff.cc:266:slice$1271 ($adffe) from module systolic_array_8x8.
Setting constant 0-bit at position 28 on $auto$ff.cc:266:slice$1271 ($adffe) from module systolic_array_8x8.
Setting constant 0-bit at position 29 on $auto$ff.cc:266:slice$1271 ($adffe) from module systolic_array_8x8.
Setting constant 0-bit at position 30 on $auto$ff.cc:266:slice$1271 ($adffe) from module systolic_array_8x8.
Setting constant 0-bit at position 31 on $auto$ff.cc:266:slice$1271 ($adffe) from module systolic_array_8x8.
Setting constant 0-bit at position 22 on $auto$ff.cc:266:slice$1287 ($adffe) from module systolic_array_8x8.
Setting constant 0-bit at position 23 on $auto$ff.cc:266:slice$1287 ($adffe) from module systolic_array_8x8.
Setting constant 0-bit at position 24 on $auto$ff.cc:266:slice$1287 ($adffe) from module systolic_array_8x8.
Setting constant 0-bit at position 25 on $auto$ff.cc:266:slice$1287 ($adffe) from module systolic_array_8x8.
Setting constant 0-bit at position 26 on $auto$ff.cc:266:slice$1287 ($adffe) from module systolic_array_8x8.
Setting constant 0-bit at position 27 on $auto$ff.cc:266:slice$1287 ($adffe) from module systolic_array_8x8.
Setting constant 0-bit at position 28 on $auto$ff.cc:266:slice$1287 ($adffe) from module systolic_array_8x8.
Setting constant 0-bit at position 29 on $auto$ff.cc:266:slice$1287 ($adffe) from module systolic_array_8x8.
Setting constant 0-bit at position 30 on $auto$ff.cc:266:slice$1287 ($adffe) from module systolic_array_8x8.
Setting constant 0-bit at position 31 on $auto$ff.cc:266:slice$1287 ($adffe) from module systolic_array_8x8.

261. Executing OPT_CLEAN pass (remove unused cells and wires).
Finding unused cells or wires in module \systolic_array_8x8..

262. Executing OPT_EXPR pass (perform const folding).
Optimizing module systolic_array_8x8.

263. Rerunning OPT passes. (Maybe there is more to do…)

264. Executing OPT_MUXTREE pass (detect dead branches in mux trees).
Running muxtree optimizer on module \systolic_array_8x8..
  Creating internal representation of mux trees.
  No muxes found in this module.
Removed 0 multiplexer ports.

265. Executing OPT_REDUCE pass (consolidate $*mux and $reduce_* inputs).
  Optimizing cells in module \systolic_array_8x8.
Performed a total of 0 changes.

266. Executing OPT_MERGE pass (detect identical cells).
Finding identical cells in module `\systolic_array_8x8'.
Removed a total of 0 cells.

267. Executing OPT_SHARE pass.

268. Executing OPT_DFF pass (perform DFF optimizations).
Setting constant 0-bit at position 22 on $auto$ff.cc:266:slice$1046 ($adffe) from module systolic_array_8x8.
Setting constant 0-bit at position 23 on $auto$ff.cc:266:slice$1046 ($adffe) from module systolic_array_8x8.
Setting constant 0-bit at position 24 on $auto$ff.cc:266:slice$1046 ($adffe) from module systolic_array_8x8.
Setting constant 0-bit at position 25 on $auto$ff.cc:266:slice$1046 ($adffe) from module systolic_array_8x8.
Setting constant 0-bit at position 26 on $auto$ff.cc:266:slice$1046 ($adffe) from module systolic_array_8x8.
Setting constant 0-bit at position 27 on $auto$ff.cc:266:slice$1046 ($adffe) from module systolic_array_8x8.
Setting constant 0-bit at position 28 on $auto$ff.cc:266:slice$1046 ($adffe) from module systolic_array_8x8.
Setting constant 0-bit at position 29 on $auto$ff.cc:266:slice$1046 ($adffe) from module systolic_array_8x8.
Setting constant 0-bit at position 30 on $auto$ff.cc:266:slice$1046 ($adffe) from module systolic_array_8x8.
Setting constant 0-bit at position 31 on $auto$ff.cc:266:slice$1046 ($adffe) from module systolic_array_8x8.
Setting constant 0-bit at position 22 on $auto$ff.cc:266:slice$1062 ($adffe) from module systolic_array_8x8.
Setting constant 0-bit at position 23 on $auto$ff.cc:266:slice$1062 ($adffe) from module systolic_array_8x8.
Setting constant 0-bit at position 24 on $auto$ff.cc:266:slice$1062 ($adffe) from module systolic_array_8x8.
Setting constant 0-bit at position 25 on $auto$ff.cc:266:slice$1062 ($adffe) from module systolic_array_8x8.
Setting constant 0-bit at position 26 on $auto$ff.cc:266:slice$1062 ($adffe) from module systolic_array_8x8.
Setting constant 0-bit at position 27 on $auto$ff.cc:266:slice$1062 ($adffe) from module systolic_array_8x8.
Setting constant 0-bit at position 28 on $auto$ff.cc:266:slice$1062 ($adffe) from module systolic_array_8x8.
Setting constant 0-bit at position 29 on $auto$ff.cc:266:slice$1062 ($adffe) from module systolic_array_8x8.
Setting constant 0-bit at position 30 on $auto$ff.cc:266:slice$1062 ($adffe) from module systolic_array_8x8.
Setting constant 0-bit at position 31 on $auto$ff.cc:266:slice$1062 ($adffe) from module systolic_array_8x8.
Setting constant 0-bit at position 22 on $auto$ff.cc:266:slice$1078 ($adffe) from module systolic_array_8x8.
Setting constant 0-bit at position 23 on $auto$ff.cc:266:slice$1078 ($adffe) from module systolic_array_8x8.
Setting constant 0-bit at position 24 on $auto$ff.cc:266:slice$1078 ($adffe) from module systolic_array_8x8.
Setting constant 0-bit at position 25 on $auto$ff.cc:266:slice$1078 ($adffe) from module systolic_array_8x8.
Setting constant 0-bit at position 26 on $auto$ff.cc:266:slice$1078 ($adffe) from module systolic_array_8x8.
Setting constant 0-bit at position 27 on $auto$ff.cc:266:slice$1078 ($adffe) from module systolic_array_8x8.
Setting constant 0-bit at position 28 on $auto$ff.cc:266:slice$1078 ($adffe) from module systolic_array_8x8.
Setting constant 0-bit at position 29 on $auto$ff.cc:266:slice$1078 ($adffe) from module systolic_array_8x8.
Setting constant 0-bit at position 30 on $auto$ff.cc:266:slice$1078 ($adffe) from module systolic_array_8x8.
Setting constant 0-bit at position 31 on $auto$ff.cc:266:slice$1078 ($adffe) from module systolic_array_8x8.
Setting constant 0-bit at position 22 on $auto$ff.cc:266:slice$1094 ($adffe) from module systolic_array_8x8.
Setting constant 0-bit at position 23 on $auto$ff.cc:266:slice$1094 ($adffe) from module systolic_array_8x8.
Setting constant 0-bit at position 24 on $auto$ff.cc:266:slice$1094 ($adffe) from module systolic_array_8x8.
Setting constant 0-bit at position 25 on $auto$ff.cc:266:slice$1094 ($adffe) from module systolic_array_8x8.
Setting constant 0-bit at position 26 on $auto$ff.cc:266:slice$1094 ($adffe) from module systolic_array_8x8.
Setting constant 0-bit at position 27 on $auto$ff.cc:266:slice$1094 ($adffe) from module systolic_array_8x8.
Setting constant 0-bit at position 28 on $auto$ff.cc:266:slice$1094 ($adffe) from module systolic_array_8x8.
Setting constant 0-bit at position 29 on $auto$ff.cc:266:slice$1094 ($adffe) from module systolic_array_8x8.
Setting constant 0-bit at position 30 on $auto$ff.cc:266:slice$1094 ($adffe) from module systolic_array_8x8.
Setting constant 0-bit at position 31 on $auto$ff.cc:266:slice$1094 ($adffe) from module systolic_array_8x8.
Setting constant 0-bit at position 22 on $auto$ff.cc:266:slice$1110 ($adffe) from module systolic_array_8x8.
Setting constant 0-bit at position 23 on $auto$ff.cc:266:slice$1110 ($adffe) from module systolic_array_8x8.
Setting constant 0-bit at position 24 on $auto$ff.cc:266:slice$1110 ($adffe) from module systolic_array_8x8.
Setting constant 0-bit at position 25 on $auto$ff.cc:266:slice$1110 ($adffe) from module systolic_array_8x8.
Setting constant 0-bit at position 26 on $auto$ff.cc:266:slice$1110 ($adffe) from module systolic_array_8x8.
Setting constant 0-bit at position 27 on $auto$ff.cc:266:slice$1110 ($adffe) from module systolic_array_8x8.
Setting constant 0-bit at position 28 on $auto$ff.cc:266:slice$1110 ($adffe) from module systolic_array_8x8.
Setting constant 0-bit at position 29 on $auto$ff.cc:266:slice$1110 ($adffe) from module systolic_array_8x8.
Setting constant 0-bit at position 30 on $auto$ff.cc:266:slice$1110 ($adffe) from module systolic_array_8x8.
Setting constant 0-bit at position 31 on $auto$ff.cc:266:slice$1110 ($adffe) from module systolic_array_8x8.
Setting constant 0-bit at position 22 on $auto$ff.cc:266:slice$1126 ($adffe) from module systolic_array_8x8.
Setting constant 0-bit at position 23 on $auto$ff.cc:266:slice$1126 ($adffe) from module systolic_array_8x8.
Setting constant 0-bit at position 24 on $auto$ff.cc:266:slice$1126 ($adffe) from module systolic_array_8x8.
Setting constant 0-bit at position 25 on $auto$ff.cc:266:slice$1126 ($adffe) from module systolic_array_8x8.
Setting constant 0-bit at position 26 on $auto$ff.cc:266:slice$1126 ($adffe) from module systolic_array_8x8.
Setting constant 0-bit at position 27 on $auto$ff.cc:266:slice$1126 ($adffe) from module systolic_array_8x8.
Setting constant 0-bit at position 28 on $auto$ff.cc:266:slice$1126 ($adffe) from module systolic_array_8x8.
Setting constant 0-bit at position 29 on $auto$ff.cc:266:slice$1126 ($adffe) from module systolic_array_8x8.
Setting constant 0-bit at position 30 on $auto$ff.cc:266:slice$1126 ($adffe) from module systolic_array_8x8.
Setting constant 0-bit at position 31 on $auto$ff.cc:266:slice$1126 ($adffe) from module systolic_array_8x8.
Setting constant 0-bit at position 22 on $auto$ff.cc:266:slice$1142 ($adffe) from module systolic_array_8x8.
Setting constant 0-bit at position 23 on $auto$ff.cc:266:slice$1142 ($adffe) from module systolic_array_8x8.
Setting constant 0-bit at position 24 on $auto$ff.cc:266:slice$1142 ($adffe) from module systolic_array_8x8.
Setting constant 0-bit at position 25 on $auto$ff.cc:266:slice$1142 ($adffe) from module systolic_array_8x8.
Setting constant 0-bit at position 26 on $auto$ff.cc:266:slice$1142 ($adffe) from module systolic_array_8x8.
Setting constant 0-bit at position 27 on $auto$ff.cc:266:slice$1142 ($adffe) from module systolic_array_8x8.
Setting constant 0-bit at position 28 on $auto$ff.cc:266:slice$1142 ($adffe) from module systolic_array_8x8.
Setting constant 0-bit at position 29 on $auto$ff.cc:266:slice$1142 ($adffe) from module systolic_array_8x8.
Setting constant 0-bit at position 30 on $auto$ff.cc:266:slice$1142 ($adffe) from module systolic_array_8x8.
Setting constant 0-bit at position 31 on $auto$ff.cc:266:slice$1142 ($adffe) from module systolic_array_8x8.
Setting constant 0-bit at position 22 on $auto$ff.cc:266:slice$1158 ($adffe) from module systolic_array_8x8.
Setting constant 0-bit at position 23 on $auto$ff.cc:266:slice$1158 ($adffe) from module systolic_array_8x8.
Setting constant 0-bit at position 24 on $auto$ff.cc:266:slice$1158 ($adffe) from module systolic_array_8x8.
Setting constant 0-bit at position 25 on $auto$ff.cc:266:slice$1158 ($adffe) from module systolic_array_8x8.
Setting constant 0-bit at position 26 on $auto$ff.cc:266:slice$1158 ($adffe) from module systolic_array_8x8.
Setting constant 0-bit at position 27 on $auto$ff.cc:266:slice$1158 ($adffe) from module systolic_array_8x8.
Setting constant 0-bit at position 28 on $auto$ff.cc:266:slice$1158 ($adffe) from module systolic_array_8x8.
Setting constant 0-bit at position 29 on $auto$ff.cc:266:slice$1158 ($adffe) from module systolic_array_8x8.
Setting constant 0-bit at position 30 on $auto$ff.cc:266:slice$1158 ($adffe) from module systolic_array_8x8.
Setting constant 0-bit at position 31 on $auto$ff.cc:266:slice$1158 ($adffe) from module systolic_array_8x8.

269. Executing OPT_CLEAN pass (remove unused cells and wires).
Finding unused cells or wires in module \systolic_array_8x8..

270. Executing OPT_EXPR pass (perform const folding).
Optimizing module systolic_array_8x8.
<suppressed ~296 debug messages>

271. Rerunning OPT passes. (Maybe there is more to do…)

272. Executing OPT_MUXTREE pass (detect dead branches in mux trees).
Running muxtree optimizer on module \systolic_array_8x8..
  Creating internal representation of mux trees.
  No muxes found in this module.
Removed 0 multiplexer ports.

273. Executing OPT_REDUCE pass (consolidate $*mux and $reduce_* inputs).
  Optimizing cells in module \systolic_array_8x8.
Performed a total of 0 changes.

274. Executing OPT_MERGE pass (detect identical cells).
Finding identical cells in module `\systolic_array_8x8'.
Removed a total of 0 cells.

275. Executing OPT_SHARE pass.

276. Executing OPT_DFF pass (perform DFF optimizations).

277. Executing OPT_CLEAN pass (remove unused cells and wires).
Finding unused cells or wires in module \systolic_array_8x8..
Removed 0 unused cells and 72 unused wires.
<suppressed ~1 debug messages>

278. Executing OPT_EXPR pass (perform const folding).
Optimizing module systolic_array_8x8.

279. Rerunning OPT passes. (Maybe there is more to do…)

280. Executing OPT_MUXTREE pass (detect dead branches in mux trees).
Running muxtree optimizer on module \systolic_array_8x8..
  Creating internal representation of mux trees.
  No muxes found in this module.
Removed 0 multiplexer ports.

281. Executing OPT_REDUCE pass (consolidate $*mux and $reduce_* inputs).
  Optimizing cells in module \systolic_array_8x8.
Performed a total of 0 changes.

282. Executing OPT_MERGE pass (detect identical cells).
Finding identical cells in module `\systolic_array_8x8'.
Removed a total of 0 cells.

283. Executing OPT_SHARE pass.

284. Executing OPT_DFF pass (perform DFF optimizations).
Setting constant 0-bit at position 23 on $auto$ff.cc:266:slice$1041 ($adffe) from module systolic_array_8x8.
Setting constant 0-bit at position 24 on $auto$ff.cc:266:slice$1041 ($adffe) from module systolic_array_8x8.
Setting constant 0-bit at position 25 on $auto$ff.cc:266:slice$1041 ($adffe) from module systolic_array_8x8.
Setting constant 0-bit at position 26 on $auto$ff.cc:266:slice$1041 ($adffe) from module systolic_array_8x8.
Setting constant 0-bit at position 27 on $auto$ff.cc:266:slice$1041 ($adffe) from module systolic_array_8x8.
Setting constant 0-bit at position 28 on $auto$ff.cc:266:slice$1041 ($adffe) from module systolic_array_8x8.
Setting constant 0-bit at position 29 on $auto$ff.cc:266:slice$1041 ($adffe) from module systolic_array_8x8.
Setting constant 0-bit at position 30 on $auto$ff.cc:266:slice$1041 ($adffe) from module systolic_array_8x8.
Setting constant 0-bit at position 31 on $auto$ff.cc:266:slice$1041 ($adffe) from module systolic_array_8x8.
Setting constant 0-bit at position 23 on $auto$ff.cc:266:slice$1057 ($adffe) from module systolic_array_8x8.
Setting constant 0-bit at position 24 on $auto$ff.cc:266:slice$1057 ($adffe) from module systolic_array_8x8.
Setting constant 0-bit at position 25 on $auto$ff.cc:266:slice$1057 ($adffe) from module systolic_array_8x8.
Setting constant 0-bit at position 26 on $auto$ff.cc:266:slice$1057 ($adffe) from module systolic_array_8x8.
Setting constant 0-bit at position 27 on $auto$ff.cc:266:slice$1057 ($adffe) from module systolic_array_8x8.
Setting constant 0-bit at position 28 on $auto$ff.cc:266:slice$1057 ($adffe) from module systolic_array_8x8.
Setting constant 0-bit at position 29 on $auto$ff.cc:266:slice$1057 ($adffe) from module systolic_array_8x8.
Setting constant 0-bit at position 30 on $auto$ff.cc:266:slice$1057 ($adffe) from module systolic_array_8x8.
Setting constant 0-bit at position 31 on $auto$ff.cc:266:slice$1057 ($adffe) from module systolic_array_8x8.
Setting constant 0-bit at position 23 on $auto$ff.cc:266:slice$1073 ($adffe) from module systolic_array_8x8.
Setting constant 0-bit at position 24 on $auto$ff.cc:266:slice$1073 ($adffe) from module systolic_array_8x8.
Setting constant 0-bit at position 25 on $auto$ff.cc:266:slice$1073 ($adffe) from module systolic_array_8x8.
Setting constant 0-bit at position 26 on $auto$ff.cc:266:slice$1073 ($adffe) from module systolic_array_8x8.
Setting constant 0-bit at position 27 on $auto$ff.cc:266:slice$1073 ($adffe) from module systolic_array_8x8.
Setting constant 0-bit at position 28 on $auto$ff.cc:266:slice$1073 ($adffe) from module systolic_array_8x8.
Setting constant 0-bit at position 29 on $auto$ff.cc:266:slice$1073 ($adffe) from module systolic_array_8x8.
Setting constant 0-bit at position 30 on $auto$ff.cc:266:slice$1073 ($adffe) from module systolic_array_8x8.
Setting constant 0-bit at position 31 on $auto$ff.cc:266:slice$1073 ($adffe) from module systolic_array_8x8.
Setting constant 0-bit at position 23 on $auto$ff.cc:266:slice$1089 ($adffe) from module systolic_array_8x8.
Setting constant 0-bit at position 24 on $auto$ff.cc:266:slice$1089 ($adffe) from module systolic_array_8x8.
Setting constant 0-bit at position 25 on $auto$ff.cc:266:slice$1089 ($adffe) from module systolic_array_8x8.
Setting constant 0-bit at position 26 on $auto$ff.cc:266:slice$1089 ($adffe) from module systolic_array_8x8.
Setting constant 0-bit at position 27 on $auto$ff.cc:266:slice$1089 ($adffe) from module systolic_array_8x8.
Setting constant 0-bit at position 28 on $auto$ff.cc:266:slice$1089 ($adffe) from module systolic_array_8x8.
Setting constant 0-bit at position 29 on $auto$ff.cc:266:slice$1089 ($adffe) from module systolic_array_8x8.
Setting constant 0-bit at position 30 on $auto$ff.cc:266:slice$1089 ($adffe) from module systolic_array_8x8.
Setting constant 0-bit at position 31 on $auto$ff.cc:266:slice$1089 ($adffe) from module systolic_array_8x8.
Setting constant 0-bit at position 23 on $auto$ff.cc:266:slice$1105 ($adffe) from module systolic_array_8x8.
Setting constant 0-bit at position 24 on $auto$ff.cc:266:slice$1105 ($adffe) from module systolic_array_8x8.
Setting constant 0-bit at position 25 on $auto$ff.cc:266:slice$1105 ($adffe) from module systolic_array_8x8.
Setting constant 0-bit at position 26 on $auto$ff.cc:266:slice$1105 ($adffe) from module systolic_array_8x8.
Setting constant 0-bit at position 27 on $auto$ff.cc:266:slice$1105 ($adffe) from module systolic_array_8x8.
Setting constant 0-bit at position 28 on $auto$ff.cc:266:slice$1105 ($adffe) from module systolic_array_8x8.
Setting constant 0-bit at position 29 on $auto$ff.cc:266:slice$1105 ($adffe) from module systolic_array_8x8.
Setting constant 0-bit at position 30 on $auto$ff.cc:266:slice$1105 ($adffe) from module systolic_array_8x8.
Setting constant 0-bit at position 31 on $auto$ff.cc:266:slice$1105 ($adffe) from module systolic_array_8x8.
Setting constant 0-bit at position 23 on $auto$ff.cc:266:slice$1121 ($adffe) from module systolic_array_8x8.
Setting constant 0-bit at position 24 on $auto$ff.cc:266:slice$1121 ($adffe) from module systolic_array_8x8.
Setting constant 0-bit at position 25 on $auto$ff.cc:266:slice$1121 ($adffe) from module systolic_array_8x8.
Setting constant 0-bit at position 26 on $auto$ff.cc:266:slice$1121 ($adffe) from module systolic_array_8x8.
Setting constant 0-bit at position 27 on $auto$ff.cc:266:slice$1121 ($adffe) from module systolic_array_8x8.
Setting constant 0-bit at position 28 on $auto$ff.cc:266:slice$1121 ($adffe) from module systolic_array_8x8.
Setting constant 0-bit at position 29 on $auto$ff.cc:266:slice$1121 ($adffe) from module systolic_array_8x8.
Setting constant 0-bit at position 30 on $auto$ff.cc:266:slice$1121 ($adffe) from module systolic_array_8x8.
Setting constant 0-bit at position 31 on $auto$ff.cc:266:slice$1121 ($adffe) from module systolic_array_8x8.
Setting constant 0-bit at position 23 on $auto$ff.cc:266:slice$1137 ($adffe) from module systolic_array_8x8.
Setting constant 0-bit at position 24 on $auto$ff.cc:266:slice$1137 ($adffe) from module systolic_array_8x8.
Setting constant 0-bit at position 25 on $auto$ff.cc:266:slice$1137 ($adffe) from module systolic_array_8x8.
Setting constant 0-bit at position 26 on $auto$ff.cc:266:slice$1137 ($adffe) from module systolic_array_8x8.
Setting constant 0-bit at position 27 on $auto$ff.cc:266:slice$1137 ($adffe) from module systolic_array_8x8.
Setting constant 0-bit at position 28 on $auto$ff.cc:266:slice$1137 ($adffe) from module systolic_array_8x8.
Setting constant 0-bit at position 29 on $auto$ff.cc:266:slice$1137 ($adffe) from module systolic_array_8x8.
Setting constant 0-bit at position 30 on $auto$ff.cc:266:slice$1137 ($adffe) from module systolic_array_8x8.
Setting constant 0-bit at position 31 on $auto$ff.cc:266:slice$1137 ($adffe) from module systolic_array_8x8.
Setting constant 0-bit at position 23 on $auto$ff.cc:266:slice$1153 ($adffe) from module systolic_array_8x8.
Setting constant 0-bit at position 24 on $auto$ff.cc:266:slice$1153 ($adffe) from module systolic_array_8x8.
Setting constant 0-bit at position 25 on $auto$ff.cc:266:slice$1153 ($adffe) from module systolic_array_8x8.
Setting constant 0-bit at position 26 on $auto$ff.cc:266:slice$1153 ($adffe) from module systolic_array_8x8.
Setting constant 0-bit at position 27 on $auto$ff.cc:266:slice$1153 ($adffe) from module systolic_array_8x8.
Setting constant 0-bit at position 28 on $auto$ff.cc:266:slice$1153 ($adffe) from module systolic_array_8x8.
Setting constant 0-bit at position 29 on $auto$ff.cc:266:slice$1153 ($adffe) from module systolic_array_8x8.
Setting constant 0-bit at position 30 on $auto$ff.cc:266:slice$1153 ($adffe) from module systolic_array_8x8.
Setting constant 0-bit at position 31 on $auto$ff.cc:266:slice$1153 ($adffe) from module systolic_array_8x8.

285. Executing OPT_CLEAN pass (remove unused cells and wires).
Finding unused cells or wires in module \systolic_array_8x8..

286. Executing OPT_EXPR pass (perform const folding).
Optimizing module systolic_array_8x8.

287. Rerunning OPT passes. (Maybe there is more to do…)

288. Executing OPT_MUXTREE pass (detect dead branches in mux trees).
Running muxtree optimizer on module \systolic_array_8x8..
  Creating internal representation of mux trees.
  No muxes found in this module.
Removed 0 multiplexer ports.

289. Executing OPT_REDUCE pass (consolidate $*mux and $reduce_* inputs).
  Optimizing cells in module \systolic_array_8x8.
Performed a total of 0 changes.

290. Executing OPT_MERGE pass (detect identical cells).
Finding identical cells in module `\systolic_array_8x8'.
Removed a total of 0 cells.

291. Executing OPT_SHARE pass.

292. Executing OPT_DFF pass (perform DFF optimizations).
Setting constant 0-bit at position 23 on $auto$ff.cc:266:slice$1048 ($adffe) from module systolic_array_8x8.
Setting constant 0-bit at position 24 on $auto$ff.cc:266:slice$1048 ($adffe) from module systolic_array_8x8.
Setting constant 0-bit at position 25 on $auto$ff.cc:266:slice$1048 ($adffe) from module systolic_array_8x8.
Setting constant 0-bit at position 26 on $auto$ff.cc:266:slice$1048 ($adffe) from module systolic_array_8x8.
Setting constant 0-bit at position 27 on $auto$ff.cc:266:slice$1048 ($adffe) from module systolic_array_8x8.
Setting constant 0-bit at position 28 on $auto$ff.cc:266:slice$1048 ($adffe) from module systolic_array_8x8.
Setting constant 0-bit at position 29 on $auto$ff.cc:266:slice$1048 ($adffe) from module systolic_array_8x8.
Setting constant 0-bit at position 30 on $auto$ff.cc:266:slice$1048 ($adffe) from module systolic_array_8x8.
Setting constant 0-bit at position 31 on $auto$ff.cc:266:slice$1048 ($adffe) from module systolic_array_8x8.
Setting constant 0-bit at position 23 on $auto$ff.cc:266:slice$1064 ($adffe) from module systolic_array_8x8.
Setting constant 0-bit at position 24 on $auto$ff.cc:266:slice$1064 ($adffe) from module systolic_array_8x8.
Setting constant 0-bit at position 25 on $auto$ff.cc:266:slice$1064 ($adffe) from module systolic_array_8x8.
Setting constant 0-bit at position 26 on $auto$ff.cc:266:slice$1064 ($adffe) from module systolic_array_8x8.
Setting constant 0-bit at position 27 on $auto$ff.cc:266:slice$1064 ($adffe) from module systolic_array_8x8.
Setting constant 0-bit at position 28 on $auto$ff.cc:266:slice$1064 ($adffe) from module systolic_array_8x8.
Setting constant 0-bit at position 29 on $auto$ff.cc:266:slice$1064 ($adffe) from module systolic_array_8x8.
Setting constant 0-bit at position 30 on $auto$ff.cc:266:slice$1064 ($adffe) from module systolic_array_8x8.
Setting constant 0-bit at position 31 on $auto$ff.cc:266:slice$1064 ($adffe) from module systolic_array_8x8.
Setting constant 0-bit at position 23 on $auto$ff.cc:266:slice$1080 ($adffe) from module systolic_array_8x8.
Setting constant 0-bit at position 24 on $auto$ff.cc:266:slice$1080 ($adffe) from module systolic_array_8x8.
Setting constant 0-bit at position 25 on $auto$ff.cc:266:slice$1080 ($adffe) from module systolic_array_8x8.
Setting constant 0-bit at position 26 on $auto$ff.cc:266:slice$1080 ($adffe) from module systolic_array_8x8.
Setting constant 0-bit at position 27 on $auto$ff.cc:266:slice$1080 ($adffe) from module systolic_array_8x8.
Setting constant 0-bit at position 28 on $auto$ff.cc:266:slice$1080 ($adffe) from module systolic_array_8x8.
Setting constant 0-bit at position 29 on $auto$ff.cc:266:slice$1080 ($adffe) from module systolic_array_8x8.
Setting constant 0-bit at position 30 on $auto$ff.cc:266:slice$1080 ($adffe) from module systolic_array_8x8.
Setting constant 0-bit at position 31 on $auto$ff.cc:266:slice$1080 ($adffe) from module systolic_array_8x8.
Setting constant 0-bit at position 23 on $auto$ff.cc:266:slice$1096 ($adffe) from module systolic_array_8x8.
Setting constant 0-bit at position 24 on $auto$ff.cc:266:slice$1096 ($adffe) from module systolic_array_8x8.
Setting constant 0-bit at position 25 on $auto$ff.cc:266:slice$1096 ($adffe) from module systolic_array_8x8.
Setting constant 0-bit at position 26 on $auto$ff.cc:266:slice$1096 ($adffe) from module systolic_array_8x8.
Setting constant 0-bit at position 27 on $auto$ff.cc:266:slice$1096 ($adffe) from module systolic_array_8x8.
Setting constant 0-bit at position 28 on $auto$ff.cc:266:slice$1096 ($adffe) from module systolic_array_8x8.
Setting constant 0-bit at position 29 on $auto$ff.cc:266:slice$1096 ($adffe) from module systolic_array_8x8.
Setting constant 0-bit at position 30 on $auto$ff.cc:266:slice$1096 ($adffe) from module systolic_array_8x8.
Setting constant 0-bit at position 31 on $auto$ff.cc:266:slice$1096 ($adffe) from module systolic_array_8x8.
Setting constant 0-bit at position 23 on $auto$ff.cc:266:slice$1112 ($adffe) from module systolic_array_8x8.
Setting constant 0-bit at position 24 on $auto$ff.cc:266:slice$1112 ($adffe) from module systolic_array_8x8.
Setting constant 0-bit at position 25 on $auto$ff.cc:266:slice$1112 ($adffe) from module systolic_array_8x8.
Setting constant 0-bit at position 26 on $auto$ff.cc:266:slice$1112 ($adffe) from module systolic_array_8x8.
Setting constant 0-bit at position 27 on $auto$ff.cc:266:slice$1112 ($adffe) from module systolic_array_8x8.
Setting constant 0-bit at position 28 on $auto$ff.cc:266:slice$1112 ($adffe) from module systolic_array_8x8.
Setting constant 0-bit at position 29 on $auto$ff.cc:266:slice$1112 ($adffe) from module systolic_array_8x8.
Setting constant 0-bit at position 30 on $auto$ff.cc:266:slice$1112 ($adffe) from module systolic_array_8x8.
Setting constant 0-bit at position 31 on $auto$ff.cc:266:slice$1112 ($adffe) from module systolic_array_8x8.
Setting constant 0-bit at position 23 on $auto$ff.cc:266:slice$1128 ($adffe) from module systolic_array_8x8.
Setting constant 0-bit at position 24 on $auto$ff.cc:266:slice$1128 ($adffe) from module systolic_array_8x8.
Setting constant 0-bit at position 25 on $auto$ff.cc:266:slice$1128 ($adffe) from module systolic_array_8x8.
Setting constant 0-bit at position 26 on $auto$ff.cc:266:slice$1128 ($adffe) from module systolic_array_8x8.
Setting constant 0-bit at position 27 on $auto$ff.cc:266:slice$1128 ($adffe) from module systolic_array_8x8.
Setting constant 0-bit at position 28 on $auto$ff.cc:266:slice$1128 ($adffe) from module systolic_array_8x8.
Setting constant 0-bit at position 29 on $auto$ff.cc:266:slice$1128 ($adffe) from module systolic_array_8x8.
Setting constant 0-bit at position 30 on $auto$ff.cc:266:slice$1128 ($adffe) from module systolic_array_8x8.
Setting constant 0-bit at position 31 on $auto$ff.cc:266:slice$1128 ($adffe) from module systolic_array_8x8.
Setting constant 0-bit at position 23 on $auto$ff.cc:266:slice$1144 ($adffe) from module systolic_array_8x8.
Setting constant 0-bit at position 24 on $auto$ff.cc:266:slice$1144 ($adffe) from module systolic_array_8x8.
Setting constant 0-bit at position 25 on $auto$ff.cc:266:slice$1144 ($adffe) from module systolic_array_8x8.
Setting constant 0-bit at position 26 on $auto$ff.cc:266:slice$1144 ($adffe) from module systolic_array_8x8.
Setting constant 0-bit at position 27 on $auto$ff.cc:266:slice$1144 ($adffe) from module systolic_array_8x8.
Setting constant 0-bit at position 28 on $auto$ff.cc:266:slice$1144 ($adffe) from module systolic_array_8x8.
Setting constant 0-bit at position 29 on $auto$ff.cc:266:slice$1144 ($adffe) from module systolic_array_8x8.
Setting constant 0-bit at position 30 on $auto$ff.cc:266:slice$1144 ($adffe) from module systolic_array_8x8.
Setting constant 0-bit at position 31 on $auto$ff.cc:266:slice$1144 ($adffe) from module systolic_array_8x8.
Setting constant 0-bit at position 23 on $auto$ff.cc:266:slice$1160 ($adffe) from module systolic_array_8x8.
Setting constant 0-bit at position 24 on $auto$ff.cc:266:slice$1160 ($adffe) from module systolic_array_8x8.
Setting constant 0-bit at position 25 on $auto$ff.cc:266:slice$1160 ($adffe) from module systolic_array_8x8.
Setting constant 0-bit at position 26 on $auto$ff.cc:266:slice$1160 ($adffe) from module systolic_array_8x8.
Setting constant 0-bit at position 27 on $auto$ff.cc:266:slice$1160 ($adffe) from module systolic_array_8x8.
Setting constant 0-bit at position 28 on $auto$ff.cc:266:slice$1160 ($adffe) from module systolic_array_8x8.
Setting constant 0-bit at position 29 on $auto$ff.cc:266:slice$1160 ($adffe) from module systolic_array_8x8.
Setting constant 0-bit at position 30 on $auto$ff.cc:266:slice$1160 ($adffe) from module systolic_array_8x8.
Setting constant 0-bit at position 31 on $auto$ff.cc:266:slice$1160 ($adffe) from module systolic_array_8x8.

293. Executing OPT_CLEAN pass (remove unused cells and wires).
Finding unused cells or wires in module \systolic_array_8x8..

294. Executing OPT_EXPR pass (perform const folding).
Optimizing module systolic_array_8x8.

295. Rerunning OPT passes. (Maybe there is more to do…)

296. Executing OPT_MUXTREE pass (detect dead branches in mux trees).
Running muxtree optimizer on module \systolic_array_8x8..
  Creating internal representation of mux trees.
  No muxes found in this module.
Removed 0 multiplexer ports.

297. Executing OPT_REDUCE pass (consolidate $*mux and $reduce_* inputs).
  Optimizing cells in module \systolic_array_8x8.
Performed a total of 0 changes.

298. Executing OPT_MERGE pass (detect identical cells).
Finding identical cells in module `\systolic_array_8x8'.
Removed a total of 0 cells.

299. Executing OPT_SHARE pass.

300. Executing OPT_DFF pass (perform DFF optimizations).
Setting constant 0-bit at position 23 on $auto$ff.cc:266:slice$1036 ($adffe) from module systolic_array_8x8.
Setting constant 0-bit at position 24 on $auto$ff.cc:266:slice$1036 ($adffe) from module systolic_array_8x8.
Setting constant 0-bit at position 25 on $auto$ff.cc:266:slice$1036 ($adffe) from module systolic_array_8x8.
Setting constant 0-bit at position 26 on $auto$ff.cc:266:slice$1036 ($adffe) from module systolic_array_8x8.
Setting constant 0-bit at position 27 on $auto$ff.cc:266:slice$1036 ($adffe) from module systolic_array_8x8.
Setting constant 0-bit at position 28 on $auto$ff.cc:266:slice$1036 ($adffe) from module systolic_array_8x8.
Setting constant 0-bit at position 29 on $auto$ff.cc:266:slice$1036 ($adffe) from module systolic_array_8x8.
Setting constant 0-bit at position 30 on $auto$ff.cc:266:slice$1036 ($adffe) from module systolic_array_8x8.
Setting constant 0-bit at position 31 on $auto$ff.cc:266:slice$1036 ($adffe) from module systolic_array_8x8.

301. Executing OPT_CLEAN pass (remove unused cells and wires).
Finding unused cells or wires in module \systolic_array_8x8..

302. Executing OPT_EXPR pass (perform const folding).
Optimizing module systolic_array_8x8.
<suppressed ~33 debug messages>

303. Rerunning OPT passes. (Maybe there is more to do…)

304. Executing OPT_MUXTREE pass (detect dead branches in mux trees).
Running muxtree optimizer on module \systolic_array_8x8..
  Creating internal representation of mux trees.
  No muxes found in this module.
Removed 0 multiplexer ports.

305. Executing OPT_REDUCE pass (consolidate $*mux and $reduce_* inputs).
  Optimizing cells in module \systolic_array_8x8.
Performed a total of 0 changes.

306. Executing OPT_MERGE pass (detect identical cells).
Finding identical cells in module `\systolic_array_8x8'.
Removed a total of 0 cells.

307. Executing OPT_SHARE pass.

308. Executing OPT_DFF pass (perform DFF optimizations).

309. Executing OPT_CLEAN pass (remove unused cells and wires).
Finding unused cells or wires in module \systolic_array_8x8..
Removed 0 unused cells and 8 unused wires.
<suppressed ~1 debug messages>

310. Executing OPT_EXPR pass (perform const folding).
Optimizing module systolic_array_8x8.

311. Rerunning OPT passes. (Maybe there is more to do…)

312. Executing OPT_MUXTREE pass (detect dead branches in mux trees).
Running muxtree optimizer on module \systolic_array_8x8..
  Creating internal representation of mux trees.
  No muxes found in this module.
Removed 0 multiplexer ports.

313. Executing OPT_REDUCE pass (consolidate $*mux and $reduce_* inputs).
  Optimizing cells in module \systolic_array_8x8.
Performed a total of 0 changes.

314. Executing OPT_MERGE pass (detect identical cells).
Finding identical cells in module `\systolic_array_8x8'.
Removed a total of 0 cells.

315. Executing OPT_SHARE pass.

316. Executing OPT_DFF pass (perform DFF optimizations).
Setting constant 0-bit at position 24 on $auto$ff.cc:266:slice$1035 ($adffe) from module systolic_array_8x8.
Setting constant 0-bit at position 25 on $auto$ff.cc:266:slice$1035 ($adffe) from module systolic_array_8x8.
Setting constant 0-bit at position 26 on $auto$ff.cc:266:slice$1035 ($adffe) from module systolic_array_8x8.
Setting constant 0-bit at position 27 on $auto$ff.cc:266:slice$1035 ($adffe) from module systolic_array_8x8.
Setting constant 0-bit at position 28 on $auto$ff.cc:266:slice$1035 ($adffe) from module systolic_array_8x8.
Setting constant 0-bit at position 29 on $auto$ff.cc:266:slice$1035 ($adffe) from module systolic_array_8x8.
Setting constant 0-bit at position 30 on $auto$ff.cc:266:slice$1035 ($adffe) from module systolic_array_8x8.
Setting constant 0-bit at position 31 on $auto$ff.cc:266:slice$1035 ($adffe) from module systolic_array_8x8.

317. Executing OPT_CLEAN pass (remove unused cells and wires).
Finding unused cells or wires in module \systolic_array_8x8..

318. Executing OPT_EXPR pass (perform const folding).
Optimizing module systolic_array_8x8.
<suppressed ~29 debug messages>

319. Rerunning OPT passes. (Maybe there is more to do…)

320. Executing OPT_MUXTREE pass (detect dead branches in mux trees).
Running muxtree optimizer on module \systolic_array_8x8..
  Creating internal representation of mux trees.
  No muxes found in this module.
Removed 0 multiplexer ports.

321. Executing OPT_REDUCE pass (consolidate $*mux and $reduce_* inputs).
  Optimizing cells in module \systolic_array_8x8.
Performed a total of 0 changes.

322. Executing OPT_MERGE pass (detect identical cells).
Finding identical cells in module `\systolic_array_8x8'.
Removed a total of 0 cells.

323. Executing OPT_SHARE pass.

324. Executing OPT_DFF pass (perform DFF optimizations).

325. Executing OPT_CLEAN pass (remove unused cells and wires).
Finding unused cells or wires in module \systolic_array_8x8..
Removed 0 unused cells and 7 unused wires.
<suppressed ~1 debug messages>

326. Executing OPT_EXPR pass (perform const folding).
Optimizing module systolic_array_8x8.

327. Rerunning OPT passes. (Maybe there is more to do…)

328. Executing OPT_MUXTREE pass (detect dead branches in mux trees).
Running muxtree optimizer on module \systolic_array_8x8..
  Creating internal representation of mux trees.
  No muxes found in this module.
Removed 0 multiplexer ports.

329. Executing OPT_REDUCE pass (consolidate $*mux and $reduce_* inputs).
  Optimizing cells in module \systolic_array_8x8.
Performed a total of 0 changes.

330. Executing OPT_MERGE pass (detect identical cells).
Finding identical cells in module `\systolic_array_8x8'.
Removed a total of 0 cells.

331. Executing OPT_SHARE pass.

332. Executing OPT_DFF pass (perform DFF optimizations).
Setting constant 0-bit at position 25 on $auto$ff.cc:266:slice$1034 ($adffe) from module systolic_array_8x8.
Setting constant 0-bit at position 26 on $auto$ff.cc:266:slice$1034 ($adffe) from module systolic_array_8x8.
Setting constant 0-bit at position 27 on $auto$ff.cc:266:slice$1034 ($adffe) from module systolic_array_8x8.
Setting constant 0-bit at position 28 on $auto$ff.cc:266:slice$1034 ($adffe) from module systolic_array_8x8.
Setting constant 0-bit at position 29 on $auto$ff.cc:266:slice$1034 ($adffe) from module systolic_array_8x8.
Setting constant 0-bit at position 30 on $auto$ff.cc:266:slice$1034 ($adffe) from module systolic_array_8x8.
Setting constant 0-bit at position 31 on $auto$ff.cc:266:slice$1034 ($adffe) from module systolic_array_8x8.

333. Executing OPT_CLEAN pass (remove unused cells and wires).
Finding unused cells or wires in module \systolic_array_8x8..

334. Executing OPT_EXPR pass (perform const folding).
Optimizing module systolic_array_8x8.
<suppressed ~25 debug messages>

335. Rerunning OPT passes. (Maybe there is more to do…)

336. Executing OPT_MUXTREE pass (detect dead branches in mux trees).
Running muxtree optimizer on module \systolic_array_8x8..
  Creating internal representation of mux trees.
  No muxes found in this module.
Removed 0 multiplexer ports.

337. Executing OPT_REDUCE pass (consolidate $*mux and $reduce_* inputs).
  Optimizing cells in module \systolic_array_8x8.
Performed a total of 0 changes.

338. Executing OPT_MERGE pass (detect identical cells).
Finding identical cells in module `\systolic_array_8x8'.
Removed a total of 0 cells.

339. Executing OPT_SHARE pass.

340. Executing OPT_DFF pass (perform DFF optimizations).

341. Executing OPT_CLEAN pass (remove unused cells and wires).
Finding unused cells or wires in module \systolic_array_8x8..
Removed 0 unused cells and 6 unused wires.
<suppressed ~1 debug messages>

342. Executing OPT_EXPR pass (perform const folding).
Optimizing module systolic_array_8x8.

343. Rerunning OPT passes. (Maybe there is more to do…)

344. Executing OPT_MUXTREE pass (detect dead branches in mux trees).
Running muxtree optimizer on module \systolic_array_8x8..
  Creating internal representation of mux trees.
  No muxes found in this module.
Removed 0 multiplexer ports.

345. Executing OPT_REDUCE pass (consolidate $*mux and $reduce_* inputs).
  Optimizing cells in module \systolic_array_8x8.
Performed a total of 0 changes.

346. Executing OPT_MERGE pass (detect identical cells).
Finding identical cells in module `\systolic_array_8x8'.
Removed a total of 0 cells.

347. Executing OPT_SHARE pass.

348. Executing OPT_DFF pass (perform DFF optimizations).
Setting constant 0-bit at position 26 on $auto$ff.cc:266:slice$1033 ($adffe) from module systolic_array_8x8.
Setting constant 0-bit at position 27 on $auto$ff.cc:266:slice$1033 ($adffe) from module systolic_array_8x8.
Setting constant 0-bit at position 28 on $auto$ff.cc:266:slice$1033 ($adffe) from module systolic_array_8x8.
Setting constant 0-bit at position 29 on $auto$ff.cc:266:slice$1033 ($adffe) from module systolic_array_8x8.
Setting constant 0-bit at position 30 on $auto$ff.cc:266:slice$1033 ($adffe) from module systolic_array_8x8.
Setting constant 0-bit at position 31 on $auto$ff.cc:266:slice$1033 ($adffe) from module systolic_array_8x8.

349. Executing OPT_CLEAN pass (remove unused cells and wires).
Finding unused cells or wires in module \systolic_array_8x8..

350. Executing OPT_EXPR pass (perform const folding).
Optimizing module systolic_array_8x8.
<suppressed ~21 debug messages>

351. Rerunning OPT passes. (Maybe there is more to do…)

352. Executing OPT_MUXTREE pass (detect dead branches in mux trees).
Running muxtree optimizer on module \systolic_array_8x8..
  Creating internal representation of mux trees.
  No muxes found in this module.
Removed 0 multiplexer ports.

353. Executing OPT_REDUCE pass (consolidate $*mux and $reduce_* inputs).
  Optimizing cells in module \systolic_array_8x8.
Performed a total of 0 changes.

354. Executing OPT_MERGE pass (detect identical cells).
Finding identical cells in module `\systolic_array_8x8'.
Removed a total of 0 cells.

355. Executing OPT_SHARE pass.

356. Executing OPT_DFF pass (perform DFF optimizations).

357. Executing OPT_CLEAN pass (remove unused cells and wires).
Finding unused cells or wires in module \systolic_array_8x8..
Removed 0 unused cells and 5 unused wires.
<suppressed ~1 debug messages>

358. Executing OPT_EXPR pass (perform const folding).
Optimizing module systolic_array_8x8.

359. Rerunning OPT passes. (Maybe there is more to do…)

360. Executing OPT_MUXTREE pass (detect dead branches in mux trees).
Running muxtree optimizer on module \systolic_array_8x8..
  Creating internal representation of mux trees.
  No muxes found in this module.
Removed 0 multiplexer ports.

361. Executing OPT_REDUCE pass (consolidate $*mux and $reduce_* inputs).
  Optimizing cells in module \systolic_array_8x8.
Performed a total of 0 changes.

362. Executing OPT_MERGE pass (detect identical cells).
Finding identical cells in module `\systolic_array_8x8'.
Removed a total of 0 cells.

363. Executing OPT_SHARE pass.

364. Executing OPT_DFF pass (perform DFF optimizations).
Setting constant 0-bit at position 27 on $auto$ff.cc:266:slice$1032 ($adffe) from module systolic_array_8x8.
Setting constant 0-bit at position 28 on $auto$ff.cc:266:slice$1032 ($adffe) from module systolic_array_8x8.
Setting constant 0-bit at position 29 on $auto$ff.cc:266:slice$1032 ($adffe) from module systolic_array_8x8.
Setting constant 0-bit at position 30 on $auto$ff.cc:266:slice$1032 ($adffe) from module systolic_array_8x8.
Setting constant 0-bit at position 31 on $auto$ff.cc:266:slice$1032 ($adffe) from module systolic_array_8x8.

365. Executing OPT_CLEAN pass (remove unused cells and wires).
Finding unused cells or wires in module \systolic_array_8x8..

366. Executing OPT_EXPR pass (perform const folding).
Optimizing module systolic_array_8x8.
<suppressed ~17 debug messages>

367. Rerunning OPT passes. (Maybe there is more to do…)

368. Executing OPT_MUXTREE pass (detect dead branches in mux trees).
Running muxtree optimizer on module \systolic_array_8x8..
  Creating internal representation of mux trees.
  No muxes found in this module.
Removed 0 multiplexer ports.

369. Executing OPT_REDUCE pass (consolidate $*mux and $reduce_* inputs).
  Optimizing cells in module \systolic_array_8x8.
Performed a total of 0 changes.

370. Executing OPT_MERGE pass (detect identical cells).
Finding identical cells in module `\systolic_array_8x8'.
Removed a total of 0 cells.

371. Executing OPT_SHARE pass.

372. Executing OPT_DFF pass (perform DFF optimizations).

373. Executing OPT_CLEAN pass (remove unused cells and wires).
Finding unused cells or wires in module \systolic_array_8x8..
Removed 0 unused cells and 4 unused wires.
<suppressed ~1 debug messages>

374. Executing OPT_EXPR pass (perform const folding).
Optimizing module systolic_array_8x8.

375. Rerunning OPT passes. (Maybe there is more to do…)

376. Executing OPT_MUXTREE pass (detect dead branches in mux trees).
Running muxtree optimizer on module \systolic_array_8x8..
  Creating internal representation of mux trees.
  No muxes found in this module.
Removed 0 multiplexer ports.

377. Executing OPT_REDUCE pass (consolidate $*mux and $reduce_* inputs).
  Optimizing cells in module \systolic_array_8x8.
Performed a total of 0 changes.

378. Executing OPT_MERGE pass (detect identical cells).
Finding identical cells in module `\systolic_array_8x8'.
Removed a total of 0 cells.

379. Executing OPT_SHARE pass.

380. Executing OPT_DFF pass (perform DFF optimizations).
Setting constant 0-bit at position 28 on $auto$ff.cc:266:slice$1031 ($adffe) from module systolic_array_8x8.
Setting constant 0-bit at position 29 on $auto$ff.cc:266:slice$1031 ($adffe) from module systolic_array_8x8.
Setting constant 0-bit at position 30 on $auto$ff.cc:266:slice$1031 ($adffe) from module systolic_array_8x8.
Setting constant 0-bit at position 31 on $auto$ff.cc:266:slice$1031 ($adffe) from module systolic_array_8x8.

381. Executing OPT_CLEAN pass (remove unused cells and wires).
Finding unused cells or wires in module \systolic_array_8x8..

382. Executing OPT_EXPR pass (perform const folding).
Optimizing module systolic_array_8x8.
<suppressed ~13 debug messages>

383. Rerunning OPT passes. (Maybe there is more to do…)

384. Executing OPT_MUXTREE pass (detect dead branches in mux trees).
Running muxtree optimizer on module \systolic_array_8x8..
  Creating internal representation of mux trees.
  No muxes found in this module.
Removed 0 multiplexer ports.

385. Executing OPT_REDUCE pass (consolidate $*mux and $reduce_* inputs).
  Optimizing cells in module \systolic_array_8x8.
Performed a total of 0 changes.

386. Executing OPT_MERGE pass (detect identical cells).
Finding identical cells in module `\systolic_array_8x8'.
Removed a total of 0 cells.

387. Executing OPT_SHARE pass.

388. Executing OPT_DFF pass (perform DFF optimizations).

389. Executing OPT_CLEAN pass (remove unused cells and wires).
Finding unused cells or wires in module \systolic_array_8x8..
Removed 0 unused cells and 3 unused wires.
<suppressed ~1 debug messages>

390. Executing OPT_EXPR pass (perform const folding).
Optimizing module systolic_array_8x8.

391. Rerunning OPT passes. (Maybe there is more to do…)

392. Executing OPT_MUXTREE pass (detect dead branches in mux trees).
Running muxtree optimizer on module \systolic_array_8x8..
  Creating internal representation of mux trees.
  No muxes found in this module.
Removed 0 multiplexer ports.

393. Executing OPT_REDUCE pass (consolidate $*mux and $reduce_* inputs).
  Optimizing cells in module \systolic_array_8x8.
Performed a total of 0 changes.

394. Executing OPT_MERGE pass (detect identical cells).
Finding identical cells in module `\systolic_array_8x8'.
Removed a total of 0 cells.

395. Executing OPT_SHARE pass.

396. Executing OPT_DFF pass (perform DFF optimizations).
Setting constant 0-bit at position 29 on $auto$ff.cc:266:slice$1030 ($adffe) from module systolic_array_8x8.
Setting constant 0-bit at position 30 on $auto$ff.cc:266:slice$1030 ($adffe) from module systolic_array_8x8.
Setting constant 0-bit at position 31 on $auto$ff.cc:266:slice$1030 ($adffe) from module systolic_array_8x8.

397. Executing OPT_CLEAN pass (remove unused cells and wires).
Finding unused cells or wires in module \systolic_array_8x8..

398. Executing OPT_EXPR pass (perform const folding).
Optimizing module systolic_array_8x8.
<suppressed ~9 debug messages>

399. Rerunning OPT passes. (Maybe there is more to do…)

400. Executing OPT_MUXTREE pass (detect dead branches in mux trees).
Running muxtree optimizer on module \systolic_array_8x8..
  Creating internal representation of mux trees.
  No muxes found in this module.
Removed 0 multiplexer ports.

401. Executing OPT_REDUCE pass (consolidate $*mux and $reduce_* inputs).
  Optimizing cells in module \systolic_array_8x8.
Performed a total of 0 changes.

402. Executing OPT_MERGE pass (detect identical cells).
Finding identical cells in module `\systolic_array_8x8'.
Removed a total of 0 cells.

403. Executing OPT_SHARE pass.

404. Executing OPT_DFF pass (perform DFF optimizations).

405. Executing OPT_CLEAN pass (remove unused cells and wires).
Finding unused cells or wires in module \systolic_array_8x8..
Removed 0 unused cells and 2 unused wires.
<suppressed ~1 debug messages>

406. Executing OPT_EXPR pass (perform const folding).
Optimizing module systolic_array_8x8.

407. Rerunning OPT passes. (Maybe there is more to do…)

408. Executing OPT_MUXTREE pass (detect dead branches in mux trees).
Running muxtree optimizer on module \systolic_array_8x8..
  Creating internal representation of mux trees.
  No muxes found in this module.
Removed 0 multiplexer ports.

409. Executing OPT_REDUCE pass (consolidate $*mux and $reduce_* inputs).
  Optimizing cells in module \systolic_array_8x8.
Performed a total of 0 changes.

410. Executing OPT_MERGE pass (detect identical cells).
Finding identical cells in module `\systolic_array_8x8'.
Removed a total of 0 cells.

411. Executing OPT_SHARE pass.

412. Executing OPT_DFF pass (perform DFF optimizations).
Setting constant 0-bit at position 30 on $auto$ff.cc:266:slice$1029 ($adffe) from module systolic_array_8x8.
Setting constant 0-bit at position 31 on $auto$ff.cc:266:slice$1029 ($adffe) from module systolic_array_8x8.

413. Executing OPT_CLEAN pass (remove unused cells and wires).
Finding unused cells or wires in module \systolic_array_8x8..

414. Executing OPT_EXPR pass (perform const folding).
Optimizing module systolic_array_8x8.

415. Rerunning OPT passes. (Maybe there is more to do…)

416. Executing OPT_MUXTREE pass (detect dead branches in mux trees).
Running muxtree optimizer on module \systolic_array_8x8..
  Creating internal representation of mux trees.
  No muxes found in this module.
Removed 0 multiplexer ports.

417. Executing OPT_REDUCE pass (consolidate $*mux and $reduce_* inputs).
  Optimizing cells in module \systolic_array_8x8.
Performed a total of 0 changes.

418. Executing OPT_MERGE pass (detect identical cells).
Finding identical cells in module `\systolic_array_8x8'.
Removed a total of 0 cells.

419. Executing OPT_SHARE pass.

420. Executing OPT_DFF pass (perform DFF optimizations).

421. Executing OPT_CLEAN pass (remove unused cells and wires).
Finding unused cells or wires in module \systolic_array_8x8..

422. Executing OPT_EXPR pass (perform const folding).
Optimizing module systolic_array_8x8.

423. Executing TECHMAP pass (map to technology primitives).

423.1. Executing Verilog-2005 frontend: /nix/store/9r0bh7sp051dpm8km8bqlb028anpd3v3-yosys/bin/../share/yosys/techmap.v
Parsing Verilog input from `/nix/store/9r0bh7sp051dpm8km8bqlb028anpd3v3-yosys/bin/../share/yosys/techmap.v' to AST representation.
Generating RTLIL representation for module `\_90_simplemap_bool_ops'.
Generating RTLIL representation for module `\_90_simplemap_reduce_ops'.
Generating RTLIL representation for module `\_90_simplemap_logic_ops'.
Generating RTLIL representation for module `\_90_simplemap_compare_ops'.
Generating RTLIL representation for module `\_90_simplemap_various'.
Generating RTLIL representation for module `\_90_simplemap_registers'.
Generating RTLIL representation for module `\_90_shift_ops_shr_shl_sshl_sshr'.
Generating RTLIL representation for module `\_90_shift_shiftx'.
Generating RTLIL representation for module `\_90_fa'.
Generating RTLIL representation for module `\_90_lcu_brent_kung'.
Generating RTLIL representation for module `\_90_alu'.
Generating RTLIL representation for module `\_90_macc'.
Generating RTLIL representation for module `\_90_alumacc'.
Generating RTLIL representation for module `\$__div_mod_u'.
Generating RTLIL representation for module `\$__div_mod_trunc'.
Generating RTLIL representation for module `\_90_div'.
Generating RTLIL representation for module `\_90_mod'.
Generating RTLIL representation for module `\$__div_mod_floor'.
Generating RTLIL representation for module `\_90_divfloor'.
Generating RTLIL representation for module `\_90_modfloor'.
Generating RTLIL representation for module `\_90_pow'.
Generating RTLIL representation for module `\_90_pmux'.
Generating RTLIL representation for module `\_90_demux'.
Generating RTLIL representation for module `\_90_lut'.
Successfully finished Verilog frontend.

423.2. Continuing TECHMAP pass.
Using extmapper simplemap for cells of type $reduce_and.
Using extmapper simplemap for cells of type $not.
Using extmapper simplemap for cells of type $adffe.
Using template $paramod$081ba1a4a7201ecdb44563d3c3bd7013d1ebf4eb\_90_alu for cells of type $alu.
Using extmapper simplemap for cells of type $logic_not.
Using extmapper simplemap for cells of type $dffe.
Using template $paramod$e82d3fc1811c5751348a3964470632b35a435fc7\_90_alu for cells of type $alu.
Using template $paramod$4868d58a04723871777326409a611fa912defcd8\_90_alu for cells of type $alu.
Using template $paramod$7af98a8d3d01ff58dee4212ab52569c379e064a1\_90_alu for cells of type $alu.
Using template $paramod$f02bbbf710bba6238f4bdfa41b3051acfe2064a8\_90_alu for cells of type $alu.
Using template $paramod$d7c91f8d4ce389beb1bd34b271e05fae2549a2a8\_90_alu for cells of type $alu.
Using template $paramod$88ebedc0964674c5b2e447c66b33a42fc7e7abe0\_90_alu for cells of type $alu.
Using template $paramod$403d07c18de10cda2ac652a859c56aea81aaf9b5\_90_alu for cells of type $alu.
Using extmapper maccmap for cells of type $macc.
  add \ROWS[7].COLS[3].pe_inst.data_out * \ROWS[7].COLS[4].pe_inst.W_local_reg (8x8 bits, unsigned)
  add \row_in_0 * \ROWS[0].COLS[0].pe_inst.W_local_reg (8x8 bits, unsigned)
  add \ROWS[0].COLS[0].pe_inst.data_out * \ROWS[0].COLS[1].pe_inst.W_local_reg (8x8 bits, unsigned)
  add \ROWS[0].COLS[1].pe_inst.data_out * \ROWS[0].COLS[2].pe_inst.W_local_reg (8x8 bits, unsigned)
  add \ROWS[0].COLS[2].pe_inst.data_out * \ROWS[0].COLS[3].pe_inst.W_local_reg (8x8 bits, unsigned)
  add \ROWS[0].COLS[3].pe_inst.data_out * \ROWS[0].COLS[4].pe_inst.W_local_reg (8x8 bits, unsigned)
  add \ROWS[0].COLS[4].pe_inst.data_out * \ROWS[0].COLS[5].pe_inst.W_local_reg (8x8 bits, unsigned)
  add \ROWS[0].COLS[5].pe_inst.data_out * \ROWS[0].COLS[6].pe_inst.W_local_reg (8x8 bits, unsigned)
  add \delay_regs[44] * \ROWS[5].COLS[0].pe_inst.W_local_reg (8x8 bits, unsigned)
  add \ROWS[7].COLS[2].pe_inst.data_out * \ROWS[7].COLS[3].pe_inst.W_local_reg (8x8 bits, unsigned)
  add \ROWS[4].COLS[1].pe_inst.data_out * \ROWS[4].COLS[2].pe_inst.W_local_reg (8x8 bits, unsigned)
  add \ROWS[7].COLS[1].pe_inst.data_out * \ROWS[7].COLS[2].pe_inst.W_local_reg (8x8 bits, unsigned)
  add \ROWS[5].COLS[5].pe_inst.data_out * \ROWS[5].COLS[6].pe_inst.W_local_reg (8x8 bits, unsigned)
  add \ROWS[7].COLS[0].pe_inst.data_out * \ROWS[7].COLS[1].pe_inst.W_local_reg (8x8 bits, unsigned)
  add \ROWS[4].COLS[2].pe_inst.data_out * \ROWS[4].COLS[3].pe_inst.W_local_reg (8x8 bits, unsigned)
Using template $paramod$12350b8c8422a70d10b7db4eaae1202a7148b784\_90_alu for cells of type $alu.
  add \delay_regs[62] * \ROWS[7].COLS[0].pe_inst.W_local_reg (8x8 bits, unsigned)
  add \ROWS[5].COLS[2].pe_inst.data_out * \ROWS[5].COLS[3].pe_inst.W_local_reg (8x8 bits, unsigned)
  add \ROWS[6].COLS[6].pe_inst.data_out * \ROWS[6].COLS[7].pe_inst.W_local_reg (8x8 bits, unsigned)
  add \ROWS[4].COLS[3].pe_inst.data_out * \ROWS[4].COLS[4].pe_inst.W_local_reg (8x8 bits, unsigned)
  add \ROWS[6].COLS[5].pe_inst.data_out * \ROWS[6].COLS[6].pe_inst.W_local_reg (8x8 bits, unsigned)
  add \ROWS[5].COLS[4].pe_inst.data_out * \ROWS[5].COLS[5].pe_inst.W_local_reg (8x8 bits, unsigned)
  add \ROWS[6].COLS[4].pe_inst.data_out * \ROWS[6].COLS[5].pe_inst.W_local_reg (8x8 bits, unsigned)
  add \ROWS[4].COLS[4].pe_inst.data_out * \ROWS[4].COLS[5].pe_inst.W_local_reg (8x8 bits, unsigned)
Using template $paramod$4e6ee5eb737cf7428f8e246e911ae1dac9ae2979\_90_alu for cells of type $alu.
  add \ROWS[6].COLS[3].pe_inst.data_out * \ROWS[6].COLS[4].pe_inst.W_local_reg (8x8 bits, unsigned)
  add \ROWS[5].COLS[0].pe_inst.data_out * \ROWS[5].COLS[1].pe_inst.W_local_reg (8x8 bits, unsigned)
  add \ROWS[6].COLS[2].pe_inst.data_out * \ROWS[6].COLS[3].pe_inst.W_local_reg (8x8 bits, unsigned)
  add \ROWS[4].COLS[5].pe_inst.data_out * \ROWS[4].COLS[6].pe_inst.W_local_reg (8x8 bits, unsigned)
  add \ROWS[6].COLS[1].pe_inst.data_out * \ROWS[6].COLS[2].pe_inst.W_local_reg (8x8 bits, unsigned)
  add \ROWS[5].COLS[3].pe_inst.data_out * \ROWS[5].COLS[4].pe_inst.W_local_reg (8x8 bits, unsigned)
  add \ROWS[6].COLS[0].pe_inst.data_out * \ROWS[6].COLS[1].pe_inst.W_local_reg (8x8 bits, unsigned)
  add \ROWS[4].COLS[6].pe_inst.data_out * \ROWS[4].COLS[7].pe_inst.W_local_reg (8x8 bits, unsigned)
Using template $paramod$6fc37af1c109ae54e8aed83fcd995c12d378ce93\_90_alu for cells of type $alu.
  add \delay_regs[53] * \ROWS[6].COLS[0].pe_inst.W_local_reg (8x8 bits, unsigned)
  add \ROWS[7].COLS[6].pe_inst.data_out * \ROWS[7].COLS[7].pe_inst.W_local_reg (8x8 bits, unsigned)
  add \ROWS[7].COLS[4].pe_inst.data_out * \ROWS[7].COLS[5].pe_inst.W_local_reg (8x8 bits, unsigned)
  add \ROWS[1].COLS[0].pe_inst.data_out * \ROWS[1].COLS[1].pe_inst.W_local_reg (8x8 bits, unsigned)
  add \ROWS[1].COLS[4].pe_inst.data_out * \ROWS[1].COLS[5].pe_inst.W_local_reg (8x8 bits, unsigned)
  add \ROWS[2].COLS[0].pe_inst.data_out * \ROWS[2].COLS[1].pe_inst.W_local_reg (8x8 bits, unsigned)
  add \ROWS[2].COLS[4].pe_inst.data_out * \ROWS[2].COLS[5].pe_inst.W_local_reg (8x8 bits, unsigned)
  add \ROWS[3].COLS[0].pe_inst.data_out * \ROWS[3].COLS[1].pe_inst.W_local_reg (8x8 bits, unsigned)
Using template $paramod$950cc9f9d9b07c09d0ee4a231126f2c8a3c4f78a\_90_alu for cells of type $alu.
  add \ROWS[3].COLS[4].pe_inst.data_out * \ROWS[3].COLS[5].pe_inst.W_local_reg (8x8 bits, unsigned)
  add \ROWS[0].COLS[6].pe_inst.data_out * \ROWS[0].COLS[7].pe_inst.W_local_reg (8x8 bits, unsigned)
  add \ROWS[2].COLS[6].pe_inst.data_out * \ROWS[2].COLS[7].pe_inst.W_local_reg (8x8 bits, unsigned)
  add \ROWS[3].COLS[6].pe_inst.data_out * \ROWS[3].COLS[7].pe_inst.W_local_reg (8x8 bits, unsigned)
  add \ROWS[1].COLS[6].pe_inst.data_out * \ROWS[1].COLS[7].pe_inst.W_local_reg (8x8 bits, unsigned)
  add \ROWS[3].COLS[2].pe_inst.data_out * \ROWS[3].COLS[3].pe_inst.W_local_reg (8x8 bits, unsigned)
  add \ROWS[2].COLS[2].pe_inst.data_out * \ROWS[2].COLS[3].pe_inst.W_local_reg (8x8 bits, unsigned)
  add \ROWS[1].COLS[2].pe_inst.data_out * \ROWS[1].COLS[3].pe_inst.W_local_reg (8x8 bits, unsigned)
Using template $paramod$e161c1674351796cd6dd381e70ff05458bfe7755\_90_alu for cells of type $alu.
  add \ROWS[7].COLS[5].pe_inst.data_out * \ROWS[7].COLS[6].pe_inst.W_local_reg (8x8 bits, unsigned)
  add \ROWS[3].COLS[5].pe_inst.data_out * \ROWS[3].COLS[6].pe_inst.W_local_reg (8x8 bits, unsigned)
  add \ROWS[3].COLS[3].pe_inst.data_out * \ROWS[3].COLS[4].pe_inst.W_local_reg (8x8 bits, unsigned)
  add \ROWS[3].COLS[1].pe_inst.data_out * \ROWS[3].COLS[2].pe_inst.W_local_reg (8x8 bits, unsigned)
  add \delay_regs[26] * \ROWS[3].COLS[0].pe_inst.W_local_reg (8x8 bits, unsigned)
  add \ROWS[2].COLS[5].pe_inst.data_out * \ROWS[2].COLS[6].pe_inst.W_local_reg (8x8 bits, unsigned)
  add \ROWS[2].COLS[3].pe_inst.data_out * \ROWS[2].COLS[4].pe_inst.W_local_reg (8x8 bits, unsigned)
  add \ROWS[2].COLS[1].pe_inst.data_out * \ROWS[2].COLS[2].pe_inst.W_local_reg (8x8 bits, unsigned)
Using template $paramod$448756c9a9dfaa49080ce4b90c6cc182883e181f\_90_alu for cells of type $alu.
  add \delay_regs[17] * \ROWS[2].COLS[0].pe_inst.W_local_reg (8x8 bits, unsigned)
  add \ROWS[1].COLS[5].pe_inst.data_out * \ROWS[1].COLS[6].pe_inst.W_local_reg (8x8 bits, unsigned)
  add \ROWS[1].COLS[3].pe_inst.data_out * \ROWS[1].COLS[4].pe_inst.W_local_reg (8x8 bits, unsigned)
  add \ROWS[1].COLS[1].pe_inst.data_out * \ROWS[1].COLS[2].pe_inst.W_local_reg (8x8 bits, unsigned)
  add \delay_regs[8] * \ROWS[1].COLS[0].pe_inst.W_local_reg (8x8 bits, unsigned)
  add \ROWS[4].COLS[0].pe_inst.data_out * \ROWS[4].COLS[1].pe_inst.W_local_reg (8x8 bits, unsigned)
  add \ROWS[5].COLS[6].pe_inst.data_out * \ROWS[5].COLS[7].pe_inst.W_local_reg (8x8 bits, unsigned)
  add \ROWS[5].COLS[1].pe_inst.data_out * \ROWS[5].COLS[2].pe_inst.W_local_reg (8x8 bits, unsigned)
  add \delay_regs[35] * \ROWS[4].COLS[0].pe_inst.W_local_reg (8x8 bits, unsigned)
Using template $paramod\_90_fa\WIDTH=32'00000000000000000000000000010000 for cells of type $fa.
Using extmapper simplemap for cells of type $xor.
Using extmapper simplemap for cells of type $and.
Using template $paramod\_90_lcu_brent_kung\WIDTH=32'00000000000000000000000000010001 for cells of type $lcu.
Using template $paramod\_90_lcu_brent_kung\WIDTH=32'00000000000000000000000000011101 for cells of type $lcu.
Using extmapper simplemap for cells of type $pos.
Using extmapper simplemap for cells of type $mux.
Using template $paramod\_90_lcu_brent_kung\WIDTH=32'00000000000000000000000000010010 for cells of type $lcu.
Using template $paramod$6df0329addda9228fcc2546de2aaf14ad26c98e1\_90_alu for cells of type $alu.
Using template $paramod\_90_lcu_brent_kung\WIDTH=32'00000000000000000000000000010011 for cells of type $lcu.
Using template $paramod\_90_lcu_brent_kung\WIDTH=32'00000000000000000000000000011110 for cells of type $lcu.
Using template $paramod\_90_lcu_brent_kung\WIDTH=32'00000000000000000000000000011001 for cells of type $lcu.
Using template $paramod\_90_lcu_brent_kung\WIDTH=32'00000000000000000000000000011010 for cells of type $lcu.
Using template $paramod\_90_lcu_brent_kung\WIDTH=32'00000000000000000000000000011011 for cells of type $lcu.
Using template $paramod\_90_lcu_brent_kung\WIDTH=32'00000000000000000000000000011100 for cells of type $lcu.
Using template $paramod\_90_lcu_brent_kung\WIDTH=32'00000000000000000000000000011000 for cells of type $lcu.
Using template $paramod\_90_lcu_brent_kung\WIDTH=32'00000000000000000000000000010100 for cells of type $lcu.
Using template $paramod\_90_lcu_brent_kung\WIDTH=32'00000000000000000000000000010101 for cells of type $lcu.
Using template $paramod\_90_lcu_brent_kung\WIDTH=32'00000000000000000000000000010110 for cells of type $lcu.
Using template $paramod\_90_lcu_brent_kung\WIDTH=32'00000000000000000000000000010111 for cells of type $lcu.
Using extmapper simplemap for cells of type $or.
Using template $paramod\_90_lcu_brent_kung\WIDTH=32'00000000000000000000000000010000 for cells of type $lcu.
No more expansions possible.
<suppressed ~16145 debug messages>

424. Executing OPT_EXPR pass (perform const folding).
Optimizing module systolic_array_8x8.
<suppressed ~26415 debug messages>

425. Executing OPT_MERGE pass (detect identical cells).
Finding identical cells in module `\systolic_array_8x8'.
<suppressed ~3 debug messages>
Removed a total of 1 cells.

426. Executing OPT_DFF pass (perform DFF optimizations).

427. Executing OPT_CLEAN pass (remove unused cells and wires).
Finding unused cells or wires in module \systolic_array_8x8..
Removed 2896 unused cells and 9069 unused wires.
<suppressed ~2897 debug messages>

428. Executing OPT_EXPR pass (perform const folding).
Optimizing module systolic_array_8x8.

429. Executing OPT_MERGE pass (detect identical cells).
Finding identical cells in module `\systolic_array_8x8'.
Removed a total of 0 cells.

430. Executing OPT_DFF pass (perform DFF optimizations).

431. Executing OPT_CLEAN pass (remove unused cells and wires).
Finding unused cells or wires in module \systolic_array_8x8..

432. Executing ABC pass (technology mapping using ABC).

432.1. Extracting gate netlist of module `\systolic_array_8x8' to `<abc-temp-dir>/input.blif'..
Extracted 30820 gates and 34149 wires to a netlist network with 3329 inputs and 2336 outputs.

432.1.1. Executing ABC.
Running ABC command: "/nix/store/6l3aj1gi4lja8z5s4lan2k2cfz9mqkrz-yosys-abc/bin/abc" -s -f <abc-temp-dir>/abc.script 2>&1
ABC: ABC command line: "source <abc-temp-dir>/abc.script".
ABC: 
ABC: + read_blif <abc-temp-dir>/input.blif 
ABC: + read_library <abc-temp-dir>/stdcells.genlib 
ABC: Entered genlib library with 13 gates from file "<abc-temp-dir>/stdcells.genlib".
ABC: + strash 
ABC: + dretime 
ABC: + map 
ABC: + write_blif <abc-temp-dir>/output.blif 

432.1.2. Re-integrating ABC results.
ABC RESULTS:               NOT cells:      632
ABC RESULTS:               AND cells:     4036
ABC RESULTS:             ORNOT cells:      423
ABC RESULTS:              XNOR cells:     2842
ABC RESULTS:              NAND cells:     2479
ABC RESULTS:                OR cells:     3755
ABC RESULTS:               NOR cells:     2562
ABC RESULTS:            ANDNOT cells:     7817
ABC RESULTS:               XOR cells:     6905
ABC RESULTS:        internal signals:    28484
ABC RESULTS:           input signals:     3329
ABC RESULTS:          output signals:     2336
Removing temp directory.

433. Executing OPT pass (performing simple optimizations).

433.1. Executing OPT_EXPR pass (perform const folding).
Optimizing module systolic_array_8x8.

433.2. Executing OPT_MERGE pass (detect identical cells).
Finding identical cells in module `\systolic_array_8x8'.
Removed a total of 0 cells.

433.3. Executing OPT_DFF pass (perform DFF optimizations).

433.4. Executing OPT_CLEAN pass (remove unused cells and wires).
Finding unused cells or wires in module \systolic_array_8x8..
Removed 0 unused cells and 13384 unused wires.
<suppressed ~1 debug messages>

433.5. Finished fast OPT passes.

434. Executing HIERARCHY pass (managing design hierarchy).

434.1. Analyzing design hierarchy..
Top module:  \systolic_array_8x8

434.2. Analyzing design hierarchy..
Top module:  \systolic_array_8x8
Removed 0 unused modules.

435. Executing CHECK pass (checking for obvious problems).
Checking module systolic_array_8x8...
Found and reported 0 problems.

436. Printing statistics.

=== systolic_array_8x8 ===

   Number of wires:              30334
   Number of wire bits:          48618
   Number of public wires:        1027
   Number of public wire bits:   15573
   Number of ports:                 14
   Number of port bits:            101
   Number of memories:               0
   Number of memory bits:            0
   Number of processes:              0
   Number of cells:              37511
     $_ANDNOT_                    7817
     $_AND_                       4036
     $_DFFE_PN0P_                 5980
     $_DFFE_PP_                     16
     $_NAND_                      2479
     $_NOR_                       2562
     $_NOT_                        632
     $_ORNOT_                      423
     $_OR_                        3755
     $_XNOR_                      2842
     $_XOR_                       6905
     $scopeinfo                     64

437. Generating Graphviz representation of design.
Writing dot description to `/home/safan/Accelarray/src/SystolicArray/Config/runs/RUN_2025-12-14_03-49-42/1-synthesis-delay-3/primitive_techmap.dot'.
Dumping module systolic_array_8x8 to page 1.

438. Executing OPT pass (performing simple optimizations).

438.1. Executing OPT_EXPR pass (perform const folding).
Optimizing module systolic_array_8x8.

438.2. Executing OPT_MERGE pass (detect identical cells).
Finding identical cells in module `\systolic_array_8x8'.
Removed a total of 0 cells.

438.3. Executing OPT_MUXTREE pass (detect dead branches in mux trees).
Running muxtree optimizer on module \systolic_array_8x8..
  Creating internal representation of mux trees.
  No muxes found in this module.
Removed 0 multiplexer ports.

438.4. Executing OPT_REDUCE pass (consolidate $*mux and $reduce_* inputs).
  Optimizing cells in module \systolic_array_8x8.
Performed a total of 0 changes.

438.5. Executing OPT_MERGE pass (detect identical cells).
Finding identical cells in module `\systolic_array_8x8'.
Removed a total of 0 cells.

438.6. Executing OPT_DFF pass (perform DFF optimizations).

438.7. Executing OPT_CLEAN pass (remove unused cells and wires).
Finding unused cells or wires in module \systolic_array_8x8..

438.8. Executing OPT_EXPR pass (perform const folding).
Optimizing module systolic_array_8x8.

438.9. Finished OPT passes. (There is nothing left to do.)

439. Executing OPT_CLEAN pass (remove unused cells and wires).
Finding unused cells or wires in module \systolic_array_8x8..
Removed 64 unused cells and 545 unused wires.
<suppressed ~609 debug messages>
{
   "creator": "Yosys 0.46 (git sha1 e97731b9dda91fa5fa53ed87df7c34163ba59a41, clang++ 17.0.6 -fPIC -O3)",
   "invocation": "stat -json -liberty /home/safan/Accelarray/src/SystolicArray/Config/runs/RUN_2025-12-14_03-49-42/tmp/2152df1b20934488838abe5c5cc06a57.lib ",
   "modules": {
      "\\systolic_array_8x8": {
         "num_wires":         29789,
         "num_wire_bits":     42506,
         "num_pub_wires":     482,
         "num_pub_wire_bits": 9461,
         "num_ports":         14,
         "num_port_bits":     101,
         "num_memories":      0,
         "num_memory_bits":   0,
         "num_processes":     0,
         "num_cells":         37447,
         "num_cells_by_type": {
            "$_ANDNOT_": 7817,
            "$_AND_": 4036,
            "$_DFFE_PN0P_": 5980,
            "$_DFFE_PP_": 16,
            "$_NAND_": 2479,
            "$_NOR_": 2562,
            "$_NOT_": 632,
            "$_ORNOT_": 423,
            "$_OR_": 3755,
            "$_XNOR_": 2842,
            "$_XOR_": 6905
         }
      }
   },
      "design": {
         "num_wires":         29789,
         "num_wire_bits":     42506,
         "num_pub_wires":     482,
         "num_pub_wire_bits": 9461,
         "num_ports":         14,
         "num_port_bits":     101,
         "num_memories":      0,
         "num_memory_bits":   0,
         "num_processes":     0,
         "num_cells":         37447,
         "num_cells_by_type": {
            "$_ANDNOT_": 7817,
            "$_AND_": 4036,
            "$_DFFE_PN0P_": 5980,
            "$_DFFE_PP_": 16,
            "$_NAND_": 2479,
            "$_NOR_": 2562,
            "$_NOT_": 632,
            "$_ORNOT_": 423,
            "$_OR_": 3755,
            "$_XNOR_": 2842,
            "$_XOR_": 6905
         }
      }
}

440. Printing statistics.

=== systolic_array_8x8 ===

   Number of wires:              29789
   Number of wire bits:          42506
   Number of public wires:         482
   Number of public wire bits:    9461
   Number of ports:                 14
   Number of port bits:            101
   Number of memories:               0
   Number of memory bits:            0
   Number of processes:              0
   Number of cells:              37447
     $_ANDNOT_                    7817
     $_AND_                       4036
     $_DFFE_PN0P_                 5980
     $_DFFE_PP_                     16
     $_NAND_                      2479
     $_NOR_                       2562
     $_NOT_                        632
     $_ORNOT_                      423
     $_OR_                        3755
     $_XNOR_                      2842
     $_XOR_                       6905

   Area for cell type $_NOT_ is unknown!
   Area for cell type $_AND_ is unknown!
   Area for cell type $_NAND_ is unknown!
   Area for cell type $_OR_ is unknown!
   Area for cell type $_NOR_ is unknown!
   Area for cell type $_XOR_ is unknown!
   Area for cell type $_XNOR_ is unknown!
   Area for cell type $_ANDNOT_ is unknown!
   Area for cell type $_ORNOT_ is unknown!
   Area for cell type $_DFFE_PP_ is unknown!
   Area for cell type $_DFFE_PN0P_ is unknown!

[INFO] Applying tri-state buffer mapping from '/root/.volare/volare/sky130/versions/0fe599b2afb6708d281543108caf8310912f54af/sky130A/libs.tech/openlane/sky130_fd_sc_hd/tribuff_map.v'…

441. Executing TECHMAP pass (map to technology primitives).

441.1. Executing Verilog-2005 frontend: /root/.volare/volare/sky130/versions/0fe599b2afb6708d281543108caf8310912f54af/sky130A/libs.tech/openlane/sky130_fd_sc_hd/tribuff_map.v
Parsing Verilog input from `/root/.volare/volare/sky130/versions/0fe599b2afb6708d281543108caf8310912f54af/sky130A/libs.tech/openlane/sky130_fd_sc_hd/tribuff_map.v' to AST representation.
Generating RTLIL representation for module `\$_TBUF_'.
Successfully finished Verilog frontend.

441.2. Continuing TECHMAP pass.
No more expansions possible.
<suppressed ~3 debug messages>

442. Executing SIMPLEMAP pass (map simple cells to gate primitives).
[INFO] Applying latch mapping from '/root/.volare/volare/sky130/versions/0fe599b2afb6708d281543108caf8310912f54af/sky130A/libs.tech/openlane/sky130_fd_sc_hd/latch_map.v'…

443. Executing TECHMAP pass (map to technology primitives).

443.1. Executing Verilog-2005 frontend: /root/.volare/volare/sky130/versions/0fe599b2afb6708d281543108caf8310912f54af/sky130A/libs.tech/openlane/sky130_fd_sc_hd/latch_map.v
Parsing Verilog input from `/root/.volare/volare/sky130/versions/0fe599b2afb6708d281543108caf8310912f54af/sky130A/libs.tech/openlane/sky130_fd_sc_hd/latch_map.v' to AST representation.
Generating RTLIL representation for module `\$_DLATCH_P_'.
Generating RTLIL representation for module `\$_DLATCH_N_'.
Successfully finished Verilog frontend.

443.2. Continuing TECHMAP pass.
No more expansions possible.
<suppressed ~4 debug messages>

444. Executing SIMPLEMAP pass (map simple cells to gate primitives).

445. Executing DFFLIBMAP pass (mapping DFF cells to sequential cells from liberty file).
  cell sky130_fd_sc_hd__dfxtp_2 (noninv, pins=3, area=21.27) is a direct match for cell type $_DFF_P_.
  cell sky130_fd_sc_hd__dfrtp_2 (noninv, pins=4, area=26.28) is a direct match for cell type $_DFF_PN0_.
  cell sky130_fd_sc_hd__dfstp_2 (noninv, pins=4, area=26.28) is a direct match for cell type $_DFF_PN1_.
  cell sky130_fd_sc_hd__dfbbn_2 (noninv, pins=6, area=35.03) is a direct match for cell type $_DFFSR_NNN_.
  final dff cell mappings:
    unmapped dff cell: $_DFF_N_
    \sky130_fd_sc_hd__dfxtp_2 _DFF_P_ (.CLK( C), .D( D), .Q( Q));
    unmapped dff cell: $_DFF_NN0_
    unmapped dff cell: $_DFF_NN1_
    unmapped dff cell: $_DFF_NP0_
    unmapped dff cell: $_DFF_NP1_
    \sky130_fd_sc_hd__dfrtp_2 _DFF_PN0_ (.CLK( C), .D( D), .Q( Q), .RESET_B( R));
    \sky130_fd_sc_hd__dfstp_2 _DFF_PN1_ (.CLK( C), .D( D), .Q( Q), .SET_B( R));
    unmapped dff cell: $_DFF_PP0_
    unmapped dff cell: $_DFF_PP1_
    \sky130_fd_sc_hd__dfbbn_2 _DFFSR_NNN_ (.CLK_N( C), .D( D), .Q( Q), .Q_N(~Q), .RESET_B( R), .SET_B( S));
    unmapped dff cell: $_DFFSR_NNP_
    unmapped dff cell: $_DFFSR_NPN_
    unmapped dff cell: $_DFFSR_NPP_
    unmapped dff cell: $_DFFSR_PNN_
    unmapped dff cell: $_DFFSR_PNP_
    unmapped dff cell: $_DFFSR_PPN_
    unmapped dff cell: $_DFFSR_PPP_

445.1. Executing DFFLEGALIZE pass (convert FFs to types supported by the target).
Mapping DFF cells in module `\systolic_array_8x8':
  mapped 5980 $_DFF_PN0_ cells to \sky130_fd_sc_hd__dfrtp_2 cells.
  mapped 16 $_DFF_P_ cells to \sky130_fd_sc_hd__dfxtp_2 cells.
{
   "creator": "Yosys 0.46 (git sha1 e97731b9dda91fa5fa53ed87df7c34163ba59a41, clang++ 17.0.6 -fPIC -O3)",
   "invocation": "stat -json -liberty /home/safan/Accelarray/src/SystolicArray/Config/runs/RUN_2025-12-14_03-49-42/tmp/2152df1b20934488838abe5c5cc06a57.lib ",
   "modules": {
      "\\systolic_array_8x8": {
         "num_wires":         35785,
         "num_wire_bits":     48502,
         "num_pub_wires":     482,
         "num_pub_wire_bits": 9461,
         "num_ports":         14,
         "num_port_bits":     101,
         "num_memories":      0,
         "num_memory_bits":   0,
         "num_processes":     0,
         "num_cells":         43443,
         "area":              157466.022400,
         "num_cells_by_type": {
            "$_ANDNOT_": 7817,
            "$_AND_": 4036,
            "$_MUX_": 5996,
            "$_NAND_": 2479,
            "$_NOR_": 2562,
            "$_NOT_": 632,
            "$_ORNOT_": 423,
            "$_OR_": 3755,
            "$_XNOR_": 2842,
            "$_XOR_": 6905,
            "sky130_fd_sc_hd__dfrtp_2": 5980,
            "sky130_fd_sc_hd__dfxtp_2": 16
         }
      }
   },
      "design": {
         "num_wires":         35785,
         "num_wire_bits":     48502,
         "num_pub_wires":     482,
         "num_pub_wire_bits": 9461,
         "num_ports":         14,
         "num_port_bits":     101,
         "num_memories":      0,
         "num_memory_bits":   0,
         "num_processes":     0,
         "num_cells":         43443,
         "area":              157466.022400,
         "num_cells_by_type": {
            "$_ANDNOT_": 7817,
            "$_AND_": 4036,
            "$_MUX_": 5996,
            "$_NAND_": 2479,
            "$_NOR_": 2562,
            "$_NOT_": 632,
            "$_ORNOT_": 423,
            "$_OR_": 3755,
            "$_XNOR_": 2842,
            "$_XOR_": 6905,
            "sky130_fd_sc_hd__dfrtp_2": 5980,
            "sky130_fd_sc_hd__dfxtp_2": 16
         }
      }
}

446. Printing statistics.

=== systolic_array_8x8 ===

   Number of wires:              35785
   Number of wire bits:          48502
   Number of public wires:         482
   Number of public wire bits:    9461
   Number of ports:                 14
   Number of port bits:            101
   Number of memories:               0
   Number of memory bits:            0
   Number of processes:              0
   Number of cells:              43443
     $_ANDNOT_                    7817
     $_AND_                       4036
     $_MUX_                       5996
     $_NAND_                      2479
     $_NOR_                       2562
     $_NOT_                        632
     $_ORNOT_                      423
     $_OR_                        3755
     $_XNOR_                      2842
     $_XOR_                       6905
     sky130_fd_sc_hd__dfrtp_2     5980
     sky130_fd_sc_hd__dfxtp_2       16

   Area for cell type $_NOT_ is unknown!
   Area for cell type $_AND_ is unknown!
   Area for cell type $_NAND_ is unknown!
   Area for cell type $_OR_ is unknown!
   Area for cell type $_NOR_ is unknown!
   Area for cell type $_XOR_ is unknown!
   Area for cell type $_XNOR_ is unknown!
   Area for cell type $_ANDNOT_ is unknown!
   Area for cell type $_ORNOT_ is unknown!
   Area for cell type $_MUX_ is unknown!

   Chip area for module '\systolic_array_8x8': 157466.022400
     of which used for sequential elements: 157466.022400 (100.00%)

[INFO] Using generated ABC script '/home/safan/Accelarray/src/SystolicArray/Config/runs/RUN_2025-12-14_03-49-42/1-synthesis-delay-3/DELAY_3.abc'…

447. Executing ABC pass (technology mapping using ABC).

447.1. Extracting gate netlist of module `\systolic_array_8x8' to `/tmp/yosys-abc-1RIeiC/input.blif'..
Extracted 37447 gates and 43509 wires to a netlist network with 6062 inputs and 5996 outputs.

447.1.1. Executing ABC.
Running ABC command: "/nix/store/6l3aj1gi4lja8z5s4lan2k2cfz9mqkrz-yosys-abc/bin/abc" -s -f /tmp/yosys-abc-1RIeiC/abc.script 2>&1
ABC: ABC command line: "source /tmp/yosys-abc-1RIeiC/abc.script".
ABC: 
ABC: + read_blif /tmp/yosys-abc-1RIeiC/input.blif 
ABC: + read_lib -w /home/safan/Accelarray/src/SystolicArray/Config/runs/RUN_2025-12-14_03-49-42/tmp/2152df1b20934488838abe5c5cc06a57.lib 
ABC: Parsing finished successfully.  Parsing time =     0.03 sec
ABC: Scl_LibertyReadGenlib() skipped sequential cell "sky130_fd_sc_hd__dfbbn_2".
ABC: Scl_LibertyReadGenlib() skipped sequential cell "sky130_fd_sc_hd__dfrbp_2".
ABC: Scl_LibertyReadGenlib() skipped sequential cell "sky130_fd_sc_hd__dfrtp_2".
ABC: Scl_LibertyReadGenlib() skipped sequential cell "sky130_fd_sc_hd__dfrtp_4".
ABC: Scl_LibertyReadGenlib() skipped sequential cell "sky130_fd_sc_hd__dfsbp_2".
ABC: Scl_LibertyReadGenlib() skipped sequential cell "sky130_fd_sc_hd__dfstp_2".
ABC: Scl_LibertyReadGenlib() skipped sequential cell "sky130_fd_sc_hd__dfstp_4".
ABC: Scl_LibertyReadGenlib() skipped sequential cell "sky130_fd_sc_hd__dfxbp_2".
ABC: Scl_LibertyReadGenlib() skipped sequential cell "sky130_fd_sc_hd__dfxtp_2".
ABC: Scl_LibertyReadGenlib() skipped sequential cell "sky130_fd_sc_hd__dfxtp_4".
ABC: Scl_LibertyReadGenlib() skipped sequential cell "sky130_fd_sc_hd__dlxtn_1".
ABC: Scl_LibertyReadGenlib() skipped sequential cell "sky130_fd_sc_hd__dlxtn_2".
ABC: Scl_LibertyReadGenlib() skipped sequential cell "sky130_fd_sc_hd__dlxtn_4".
ABC: Scl_LibertyReadGenlib() skipped sequential cell "sky130_fd_sc_hd__dlxtp_1".
ABC: Scl_LibertyReadGenlib() skipped three-state cell "sky130_fd_sc_hd__ebufn_2".
ABC: Scl_LibertyReadGenlib() skipped three-state cell "sky130_fd_sc_hd__ebufn_4".
ABC: Scl_LibertyReadGenlib() skipped three-state cell "sky130_fd_sc_hd__ebufn_8".
ABC: Library "sky130_fd_sc_hd__tt_025C_1v80" from "/home/safan/Accelarray/src/SystolicArray/Config/runs/RUN_2025-12-14_03-49-42/tmp/2152df1b20934488838abe5c5cc06a57.lib" has 175 cells (17 skipped: 14 seq; 3 tri-state; 0 no func; 0 dont_use).  Time =     0.05 sec
ABC: Memory =    9.54 MB. Time =     0.05 sec
ABC: Warning: Detected 2 multi-output gates (for example, "sky130_fd_sc_hd__fa_1").
ABC: + read_constr -v /home/safan/Accelarray/src/SystolicArray/Config/runs/RUN_2025-12-14_03-49-42/1-synthesis-delay-3/synthesis.abc.sdc 
ABC: Setting driving cell to be "sky130_fd_sc_hd__inv_2/Y".
ABC: Setting output load to be 33.442001.
ABC: + source /home/safan/Accelarray/src/SystolicArray/Config/runs/RUN_2025-12-14_03-49-42/1-synthesis-delay-3/DELAY_3.abc 
ABC: Error: The network is combinational.
ABC: The cell areas are multiplied by the factor: <num_fanins> ^ (0.90).
ABC: The cell delays are multiplied by the factor: <num_fanins> ^ (0.20).
ABC: Cannot find the default PI driving cell (sky130_fd_sc_hd__inv_2/Y) in the library.
ABC: WireLoad = "none"  Gates =  41529 (  2.0 %)   Cap = 13.6 ff (  2.7 %)   Area =   409262.50 ( 88.4 %)   Delay =231009.73 ps  (  4.4 %)               
ABC: Path  0 --     279 : 0 2764 pi                       A =   0.00  Df =   0.0   -0.0 ps  S =   0.0 ps  Cin =  0.0 ff  Cout =9150.0 ff  Cmax =   0.0 ff  G =    0  
ABC: Path  1 --   12148 : 1 1545 sky130_fd_sc_hd__inv_2   A =   3.75  Df =13509.2-7015.3 ps  S =19756.7 ps  Cin =  4.5 ff  Cout =4425.7 ff  Cmax = 331.4 ff  G =94400  
ABC: Path  2 --   13112 : 2 1996 sky130_fd_sc_hd__nor2_2  A =   6.26  Df =198287.6-137813.4 ps  S =92527.0 ps  Cin =  4.4 ff  Cout =6534.8 ff  Cmax = 141.9 ff  G =142620  
ABC: Path  3 --   22480 : 4    1 sky130_fd_sc_hd__a31oi_2 A =  12.51  Df =231009.7-15427.5 ps  S =10504.6 ps  Cin =  4.4 ff  Cout =  33.4 ff  Cmax = 118.1 ff  G =  760  
ABC: Start-point = pi278 (\enable_cycle).  End-point = po1496 ($auto$rtlil.cc:2739:MuxGate$108725).
ABC: netlist                       : i/o = 6062/ 5996  lat =    0  nd = 41529  edge = 133366  area =145806.11  delay =1559.34  lev = 18
ABC: + write_blif /tmp/yosys-abc-1RIeiC/output.blif 

447.1.2. Re-integrating ABC results.
ABC RESULTS:   sky130_fd_sc_hd__nor4b_2 cells:        2
ABC RESULTS:   sky130_fd_sc_hd__a2111o_2 cells:       16
ABC RESULTS:   sky130_fd_sc_hd__o32a_2 cells:       48
ABC RESULTS:   sky130_fd_sc_hd__or4b_2 cells:       31
ABC RESULTS:   sky130_fd_sc_hd__o311ai_2 cells:       10
ABC RESULTS:   sky130_fd_sc_hd__or4bb_2 cells:       28
ABC RESULTS:   sky130_fd_sc_hd__o32ai_2 cells:       46
ABC RESULTS:   sky130_fd_sc_hd__nor3b_2 cells:       25
ABC RESULTS:   sky130_fd_sc_hd__o2111a_2 cells:      167
ABC RESULTS:   sky130_fd_sc_hd__and4b_2 cells:       50
ABC RESULTS:   sky130_fd_sc_hd__and4bb_2 cells:       31
ABC RESULTS:   sky130_fd_sc_hd__o41ai_2 cells:        8
ABC RESULTS:   sky130_fd_sc_hd__and2b_2 cells:       92
ABC RESULTS:   sky130_fd_sc_hd__a311o_2 cells:       69
ABC RESULTS:   sky130_fd_sc_hd__o41a_2 cells:       20
ABC RESULTS:   sky130_fd_sc_hd__a311oi_2 cells:      103
ABC RESULTS:   sky130_fd_sc_hd__and3b_2 cells:       39
ABC RESULTS:   sky130_fd_sc_hd__nor4_2 cells:       33
ABC RESULTS:   sky130_fd_sc_hd__a2111oi_2 cells:       28
ABC RESULTS:   sky130_fd_sc_hd__nor3_2 cells:      115
ABC RESULTS:   sky130_fd_sc_hd__a2bb2o_2 cells:      652
ABC RESULTS:   sky130_fd_sc_hd__a221oi_2 cells:       63
ABC RESULTS:   sky130_fd_sc_hd__o311a_2 cells:       81
ABC RESULTS:   sky130_fd_sc_hd__a32oi_2 cells:      140
ABC RESULTS:   sky130_fd_sc_hd__a2bb2oi_2 cells:      158
ABC RESULTS:   sky130_fd_sc_hd__o2bb2a_2 cells:      362
ABC RESULTS:   sky130_fd_sc_hd__a211o_2 cells:      302
ABC RESULTS:   sky130_fd_sc_hd__nand4b_2 cells:      102
ABC RESULTS:   sky130_fd_sc_hd__o21bai_2 cells:      299
ABC RESULTS:   sky130_fd_sc_hd__o211a_2 cells:      628
ABC RESULTS:   sky130_fd_sc_hd__o221a_2 cells:       99
ABC RESULTS:   sky130_fd_sc_hd__o22ai_2 cells:      462
ABC RESULTS:   sky130_fd_sc_hd__or3b_2 cells:      121
ABC RESULTS:   sky130_fd_sc_hd__o31ai_2 cells:      123
ABC RESULTS:   sky130_fd_sc_hd__a221o_2 cells:      179
ABC RESULTS:   sky130_fd_sc_hd__inv_2 cells:      843
ABC RESULTS:   sky130_fd_sc_hd__o21a_2 cells:      896
ABC RESULTS:   sky130_fd_sc_hd__and4_2 cells:     1162
ABC RESULTS:   sky130_fd_sc_hd__a22oi_2 cells:     1353
ABC RESULTS:   sky130_fd_sc_hd__nand3b_2 cells:      333
ABC RESULTS:   sky130_fd_sc_hd__nand4_2 cells:     1860
ABC RESULTS:   sky130_fd_sc_hd__or3_2 cells:      137
ABC RESULTS:   sky130_fd_sc_hd__a211oi_2 cells:      149
ABC RESULTS:   sky130_fd_sc_hd__a21boi_2 cells:      279
ABC RESULTS:   sky130_fd_sc_hd__or2_2 cells:     1016
ABC RESULTS:   sky130_fd_sc_hd__o2111ai_2 cells:      482
ABC RESULTS:   sky130_fd_sc_hd__and3_2 cells:     1331
ABC RESULTS:   sky130_fd_sc_hd__o221ai_2 cells:      298
ABC RESULTS:   sky130_fd_sc_hd__a21bo_2 cells:      179
ABC RESULTS:   sky130_fd_sc_hd__or4_2 cells:       46
ABC RESULTS:   sky130_fd_sc_hd__o211ai_2 cells:     1501
ABC RESULTS:   sky130_fd_sc_hd__a21o_2 cells:     1710
ABC RESULTS:   sky130_fd_sc_hd__nand3_2 cells:     2167
ABC RESULTS:   sky130_fd_sc_hd__a22o_2 cells:     2153
ABC RESULTS:   sky130_fd_sc_hd__xor2_2 cells:      233
ABC RESULTS:   sky130_fd_sc_hd__nor2_2 cells:     1275
ABC RESULTS:   sky130_fd_sc_hd__nand2_2 cells:     4428
ABC RESULTS:   sky130_fd_sc_hd__nand2b_2 cells:      132
ABC RESULTS:   sky130_fd_sc_hd__a21oi_2 cells:     2249
ABC RESULTS:   sky130_fd_sc_hd__a31o_2 cells:      967
ABC RESULTS:   sky130_fd_sc_hd__o31a_2 cells:      263
ABC RESULTS:   sky130_fd_sc_hd__a31oi_2 cells:      342
ABC RESULTS:   sky130_fd_sc_hd__a41o_2 cells:      159
ABC RESULTS:   sky130_fd_sc_hd__xnor2_2 cells:      306
ABC RESULTS:   sky130_fd_sc_hd__o21ba_2 cells:       67
ABC RESULTS:   sky130_fd_sc_hd__a41oi_2 cells:       54
ABC RESULTS:   sky130_fd_sc_hd__and2_2 cells:      853
ABC RESULTS:   sky130_fd_sc_hd__o2bb2ai_2 cells:     1079
ABC RESULTS:   sky130_fd_sc_hd__o21ai_2 cells:     2060
ABC RESULTS:   sky130_fd_sc_hd__a32o_2 cells:      231
ABC RESULTS:   sky130_fd_sc_hd__o22a_2 cells:      359
ABC RESULTS:   sky130_fd_sc_hd__mux2_1 cells:     3845
ABC RESULTS:        internal signals:    31451
ABC RESULTS:           input signals:     6062
ABC RESULTS:          output signals:     5996
Removing temp directory.

448. Executing SETUNDEF pass (replace undef values with defined constants).

449. Executing HILOMAP pass (mapping to constant drivers).

450. Executing SPLITNETS pass (splitting up multi-bit signals).

451. Executing OPT_CLEAN pass (remove unused cells and wires).
Finding unused cells or wires in module \systolic_array_8x8..
Removed 2496 unused cells and 50996 unused wires.
<suppressed ~5892 debug messages>

452. Executing INSBUF pass (insert buffer cells for connected wires).

453. Executing CHECK pass (checking for obvious problems).
Checking module systolic_array_8x8...
Found and reported 0 problems.
{
   "creator": "Yosys 0.46 (git sha1 e97731b9dda91fa5fa53ed87df7c34163ba59a41, clang++ 17.0.6 -fPIC -O3)",
   "invocation": "stat -json -liberty /home/safan/Accelarray/src/SystolicArray/Config/runs/RUN_2025-12-14_03-49-42/tmp/2152df1b20934488838abe5c5cc06a57.lib ",
   "modules": {
      "\\systolic_array_8x8": {
         "num_wires":         47508,
         "num_wire_bits":     47595,
         "num_pub_wires":     5979,
         "num_pub_wire_bits": 6066,
         "num_ports":         14,
         "num_port_bits":     101,
         "num_memories":      0,
         "num_memory_bits":   0,
         "num_processes":     0,
         "num_cells":         47527,
         "area":              566736.044800,
         "num_cells_by_type": {
            "sky130_fd_sc_hd__a2111o_2": 16,
            "sky130_fd_sc_hd__a2111oi_2": 28,
            "sky130_fd_sc_hd__a211o_2": 302,
            "sky130_fd_sc_hd__a211oi_2": 149,
            "sky130_fd_sc_hd__a21bo_2": 179,
            "sky130_fd_sc_hd__a21boi_2": 279,
            "sky130_fd_sc_hd__a21o_2": 1710,
            "sky130_fd_sc_hd__a21oi_2": 2249,
            "sky130_fd_sc_hd__a221o_2": 179,
            "sky130_fd_sc_hd__a221oi_2": 63,
            "sky130_fd_sc_hd__a22o_2": 2153,
            "sky130_fd_sc_hd__a22oi_2": 1353,
            "sky130_fd_sc_hd__a2bb2o_2": 652,
            "sky130_fd_sc_hd__a2bb2oi_2": 158,
            "sky130_fd_sc_hd__a311o_2": 69,
            "sky130_fd_sc_hd__a311oi_2": 103,
            "sky130_fd_sc_hd__a31o_2": 967,
            "sky130_fd_sc_hd__a31oi_2": 342,
            "sky130_fd_sc_hd__a32o_2": 231,
            "sky130_fd_sc_hd__a32oi_2": 140,
            "sky130_fd_sc_hd__a41o_2": 159,
            "sky130_fd_sc_hd__a41oi_2": 54,
            "sky130_fd_sc_hd__and2_2": 853,
            "sky130_fd_sc_hd__and2b_2": 92,
            "sky130_fd_sc_hd__and3_2": 1331,
            "sky130_fd_sc_hd__and3b_2": 39,
            "sky130_fd_sc_hd__and4_2": 1162,
            "sky130_fd_sc_hd__and4b_2": 50,
            "sky130_fd_sc_hd__and4bb_2": 31,
            "sky130_fd_sc_hd__conb_1": 2,
            "sky130_fd_sc_hd__dfrtp_2": 5980,
            "sky130_fd_sc_hd__dfxtp_2": 16,
            "sky130_fd_sc_hd__inv_2": 843,
            "sky130_fd_sc_hd__mux2_1": 3845,
            "sky130_fd_sc_hd__nand2_2": 4428,
            "sky130_fd_sc_hd__nand2b_2": 132,
            "sky130_fd_sc_hd__nand3_2": 2167,
            "sky130_fd_sc_hd__nand3b_2": 333,
            "sky130_fd_sc_hd__nand4_2": 1860,
            "sky130_fd_sc_hd__nand4b_2": 102,
            "sky130_fd_sc_hd__nor2_2": 1275,
            "sky130_fd_sc_hd__nor3_2": 115,
            "sky130_fd_sc_hd__nor3b_2": 25,
            "sky130_fd_sc_hd__nor4_2": 33,
            "sky130_fd_sc_hd__nor4b_2": 2,
            "sky130_fd_sc_hd__o2111a_2": 167,
            "sky130_fd_sc_hd__o2111ai_2": 482,
            "sky130_fd_sc_hd__o211a_2": 628,
            "sky130_fd_sc_hd__o211ai_2": 1501,
            "sky130_fd_sc_hd__o21a_2": 896,
            "sky130_fd_sc_hd__o21ai_2": 2060,
            "sky130_fd_sc_hd__o21ba_2": 67,
            "sky130_fd_sc_hd__o21bai_2": 299,
            "sky130_fd_sc_hd__o221a_2": 99,
            "sky130_fd_sc_hd__o221ai_2": 298,
            "sky130_fd_sc_hd__o22a_2": 359,
            "sky130_fd_sc_hd__o22ai_2": 462,
            "sky130_fd_sc_hd__o2bb2a_2": 362,
            "sky130_fd_sc_hd__o2bb2ai_2": 1079,
            "sky130_fd_sc_hd__o311a_2": 81,
            "sky130_fd_sc_hd__o311ai_2": 10,
            "sky130_fd_sc_hd__o31a_2": 263,
            "sky130_fd_sc_hd__o31ai_2": 123,
            "sky130_fd_sc_hd__o32a_2": 48,
            "sky130_fd_sc_hd__o32ai_2": 46,
            "sky130_fd_sc_hd__o41a_2": 20,
            "sky130_fd_sc_hd__o41ai_2": 8,
            "sky130_fd_sc_hd__or2_2": 1016,
            "sky130_fd_sc_hd__or3_2": 137,
            "sky130_fd_sc_hd__or3b_2": 121,
            "sky130_fd_sc_hd__or4_2": 46,
            "sky130_fd_sc_hd__or4b_2": 31,
            "sky130_fd_sc_hd__or4bb_2": 28,
            "sky130_fd_sc_hd__xnor2_2": 306,
            "sky130_fd_sc_hd__xor2_2": 233
         }
      }
   },
      "design": {
         "num_wires":         47508,
         "num_wire_bits":     47595,
         "num_pub_wires":     5979,
         "num_pub_wire_bits": 6066,
         "num_ports":         14,
         "num_port_bits":     101,
         "num_memories":      0,
         "num_memory_bits":   0,
         "num_processes":     0,
         "num_cells":         47527,
         "area":              566736.044800,
         "num_cells_by_type": {
            "sky130_fd_sc_hd__a2111o_2": 16,
            "sky130_fd_sc_hd__a2111oi_2": 28,
            "sky130_fd_sc_hd__a211o_2": 302,
            "sky130_fd_sc_hd__a211oi_2": 149,
            "sky130_fd_sc_hd__a21bo_2": 179,
            "sky130_fd_sc_hd__a21boi_2": 279,
            "sky130_fd_sc_hd__a21o_2": 1710,
            "sky130_fd_sc_hd__a21oi_2": 2249,
            "sky130_fd_sc_hd__a221o_2": 179,
            "sky130_fd_sc_hd__a221oi_2": 63,
            "sky130_fd_sc_hd__a22o_2": 2153,
            "sky130_fd_sc_hd__a22oi_2": 1353,
            "sky130_fd_sc_hd__a2bb2o_2": 652,
            "sky130_fd_sc_hd__a2bb2oi_2": 158,
            "sky130_fd_sc_hd__a311o_2": 69,
            "sky130_fd_sc_hd__a311oi_2": 103,
            "sky130_fd_sc_hd__a31o_2": 967,
            "sky130_fd_sc_hd__a31oi_2": 342,
            "sky130_fd_sc_hd__a32o_2": 231,
            "sky130_fd_sc_hd__a32oi_2": 140,
            "sky130_fd_sc_hd__a41o_2": 159,
            "sky130_fd_sc_hd__a41oi_2": 54,
            "sky130_fd_sc_hd__and2_2": 853,
            "sky130_fd_sc_hd__and2b_2": 92,
            "sky130_fd_sc_hd__and3_2": 1331,
            "sky130_fd_sc_hd__and3b_2": 39,
            "sky130_fd_sc_hd__and4_2": 1162,
            "sky130_fd_sc_hd__and4b_2": 50,
            "sky130_fd_sc_hd__and4bb_2": 31,
            "sky130_fd_sc_hd__conb_1": 2,
            "sky130_fd_sc_hd__dfrtp_2": 5980,
            "sky130_fd_sc_hd__dfxtp_2": 16,
            "sky130_fd_sc_hd__inv_2": 843,
            "sky130_fd_sc_hd__mux2_1": 3845,
            "sky130_fd_sc_hd__nand2_2": 4428,
            "sky130_fd_sc_hd__nand2b_2": 132,
            "sky130_fd_sc_hd__nand3_2": 2167,
            "sky130_fd_sc_hd__nand3b_2": 333,
            "sky130_fd_sc_hd__nand4_2": 1860,
            "sky130_fd_sc_hd__nand4b_2": 102,
            "sky130_fd_sc_hd__nor2_2": 1275,
            "sky130_fd_sc_hd__nor3_2": 115,
            "sky130_fd_sc_hd__nor3b_2": 25,
            "sky130_fd_sc_hd__nor4_2": 33,
            "sky130_fd_sc_hd__nor4b_2": 2,
            "sky130_fd_sc_hd__o2111a_2": 167,
            "sky130_fd_sc_hd__o2111ai_2": 482,
            "sky130_fd_sc_hd__o211a_2": 628,
            "sky130_fd_sc_hd__o211ai_2": 1501,
            "sky130_fd_sc_hd__o21a_2": 896,
            "sky130_fd_sc_hd__o21ai_2": 2060,
            "sky130_fd_sc_hd__o21ba_2": 67,
            "sky130_fd_sc_hd__o21bai_2": 299,
            "sky130_fd_sc_hd__o221a_2": 99,
            "sky130_fd_sc_hd__o221ai_2": 298,
            "sky130_fd_sc_hd__o22a_2": 359,
            "sky130_fd_sc_hd__o22ai_2": 462,
            "sky130_fd_sc_hd__o2bb2a_2": 362,
            "sky130_fd_sc_hd__o2bb2ai_2": 1079,
            "sky130_fd_sc_hd__o311a_2": 81,
            "sky130_fd_sc_hd__o311ai_2": 10,
            "sky130_fd_sc_hd__o31a_2": 263,
            "sky130_fd_sc_hd__o31ai_2": 123,
            "sky130_fd_sc_hd__o32a_2": 48,
            "sky130_fd_sc_hd__o32ai_2": 46,
            "sky130_fd_sc_hd__o41a_2": 20,
            "sky130_fd_sc_hd__o41ai_2": 8,
            "sky130_fd_sc_hd__or2_2": 1016,
            "sky130_fd_sc_hd__or3_2": 137,
            "sky130_fd_sc_hd__or3b_2": 121,
            "sky130_fd_sc_hd__or4_2": 46,
            "sky130_fd_sc_hd__or4b_2": 31,
            "sky130_fd_sc_hd__or4bb_2": 28,
            "sky130_fd_sc_hd__xnor2_2": 306,
            "sky130_fd_sc_hd__xor2_2": 233
         }
      }
}

454. Printing statistics.

=== systolic_array_8x8 ===

   Number of wires:              47508
   Number of wire bits:          47595
   Number of public wires:        5979
   Number of public wire bits:    6066
   Number of ports:                 14
   Number of port bits:            101
   Number of memories:               0
   Number of memory bits:            0
   Number of processes:              0
   Number of cells:              47527
     sky130_fd_sc_hd__a2111o_2      16
     sky130_fd_sc_hd__a2111oi_2     28
     sky130_fd_sc_hd__a211o_2      302
     sky130_fd_sc_hd__a211oi_2     149
     sky130_fd_sc_hd__a21bo_2      179
     sky130_fd_sc_hd__a21boi_2     279
     sky130_fd_sc_hd__a21o_2      1710
     sky130_fd_sc_hd__a21oi_2     2249
     sky130_fd_sc_hd__a221o_2      179
     sky130_fd_sc_hd__a221oi_2      63
     sky130_fd_sc_hd__a22o_2      2153
     sky130_fd_sc_hd__a22oi_2     1353
     sky130_fd_sc_hd__a2bb2o_2     652
     sky130_fd_sc_hd__a2bb2oi_2    158
     sky130_fd_sc_hd__a311o_2       69
     sky130_fd_sc_hd__a311oi_2     103
     sky130_fd_sc_hd__a31o_2       967
     sky130_fd_sc_hd__a31oi_2      342
     sky130_fd_sc_hd__a32o_2       231
     sky130_fd_sc_hd__a32oi_2      140
     sky130_fd_sc_hd__a41o_2       159
     sky130_fd_sc_hd__a41oi_2       54
     sky130_fd_sc_hd__and2_2       853
     sky130_fd_sc_hd__and2b_2       92
     sky130_fd_sc_hd__and3_2      1331
     sky130_fd_sc_hd__and3b_2       39
     sky130_fd_sc_hd__and4_2      1162
     sky130_fd_sc_hd__and4b_2       50
     sky130_fd_sc_hd__and4bb_2      31
     sky130_fd_sc_hd__conb_1         2
     sky130_fd_sc_hd__dfrtp_2     5980
     sky130_fd_sc_hd__dfxtp_2       16
     sky130_fd_sc_hd__inv_2        843
     sky130_fd_sc_hd__mux2_1      3845
     sky130_fd_sc_hd__nand2_2     4428
     sky130_fd_sc_hd__nand2b_2     132
     sky130_fd_sc_hd__nand3_2     2167
     sky130_fd_sc_hd__nand3b_2     333
     sky130_fd_sc_hd__nand4_2     1860
     sky130_fd_sc_hd__nand4b_2     102
     sky130_fd_sc_hd__nor2_2      1275
     sky130_fd_sc_hd__nor3_2       115
     sky130_fd_sc_hd__nor3b_2       25
     sky130_fd_sc_hd__nor4_2        33
     sky130_fd_sc_hd__nor4b_2        2
     sky130_fd_sc_hd__o2111a_2     167
     sky130_fd_sc_hd__o2111ai_2    482
     sky130_fd_sc_hd__o211a_2      628
     sky130_fd_sc_hd__o211ai_2    1501
     sky130_fd_sc_hd__o21a_2       896
     sky130_fd_sc_hd__o21ai_2     2060
     sky130_fd_sc_hd__o21ba_2       67
     sky130_fd_sc_hd__o21bai_2     299
     sky130_fd_sc_hd__o221a_2       99
     sky130_fd_sc_hd__o221ai_2     298
     sky130_fd_sc_hd__o22a_2       359
     sky130_fd_sc_hd__o22ai_2      462
     sky130_fd_sc_hd__o2bb2a_2     362
     sky130_fd_sc_hd__o2bb2ai_2   1079
     sky130_fd_sc_hd__o311a_2       81
     sky130_fd_sc_hd__o311ai_2      10
     sky130_fd_sc_hd__o31a_2       263
     sky130_fd_sc_hd__o31ai_2      123
     sky130_fd_sc_hd__o32a_2        48
     sky130_fd_sc_hd__o32ai_2       46
     sky130_fd_sc_hd__o41a_2        20
     sky130_fd_sc_hd__o41ai_2        8
     sky130_fd_sc_hd__or2_2       1016
     sky130_fd_sc_hd__or3_2        137
     sky130_fd_sc_hd__or3b_2       121
     sky130_fd_sc_hd__or4_2         46
     sky130_fd_sc_hd__or4b_2        31
     sky130_fd_sc_hd__or4bb_2       28
     sky130_fd_sc_hd__xnor2_2      306
     sky130_fd_sc_hd__xor2_2       233

   Chip area for module '\systolic_array_8x8': 566736.044800
     of which used for sequential elements: 157466.022400 (27.78%)

455. Executing Verilog backend.
Dumping module `\systolic_array_8x8'.

456. Executing JSON backend.
