
===========================================================================
Violator List
============================================================================
[setup in-reg] enable_cycle -> _87476_/D : -211.189850
[setup in-reg] enable_cycle -> _88098_/D : -211.189850
[setup in-reg] enable_cycle -> _88261_/D : -211.189850
[setup in-reg] enable_cycle -> _89123_/D : -211.189850
[setup in-reg] enable_cycle -> _91097_/D : -211.189850
[setup in-reg] enable_cycle -> _91545_/D : -211.189850
[setup in-reg] enable_cycle -> _91963_/D : -211.189850
[setup in-reg] enable_cycle -> _91810_/D : -210.518280
[setup in-reg] enable_cycle -> _92037_/D : -210.518280
[setup in-reg] enable_cycle -> _92369_/D : -210.518280
[setup in-reg] enable_cycle -> _92538_/D : -210.518280
[setup in-reg] enable_cycle -> _87327_/D : -210.444336
[setup in-reg] enable_cycle -> _86664_/D : -210.137024
[setup in-reg] enable_cycle -> _86673_/D : -210.137024
[setup in-reg] enable_cycle -> _89364_/D : -210.137024
[setup in-reg] enable_cycle -> _89452_/D : -210.137024
[setup in-reg] enable_cycle -> _89659_/D : -210.137024
[setup in-reg] enable_cycle -> _90097_/D : -210.137024
[setup in-reg] enable_cycle -> _90583_/D : -210.137024
[setup in-reg] enable_cycle -> _90671_/D : -210.137024
[setup in-reg] enable_cycle -> _91903_/D : -209.965637
[setup in-reg] enable_cycle -> _87790_/D : -209.930893
[setup in-reg] enable_cycle -> _89838_/D : -209.930893
[setup in-reg] enable_cycle -> _90090_/D : -209.930893
[setup in-reg] enable_cycle -> _90302_/D : -209.930893
[setup in-reg] enable_cycle -> _90417_/D : -209.930893
[setup in-reg] enable_cycle -> _90848_/D : -209.930893
[setup in-reg] enable_cycle -> _92099_/D : -209.930893
[setup in-reg] enable_cycle -> _87328_/D : -209.496201
[setup in-reg] enable_cycle -> _87793_/D : -209.496201
[setup in-reg] enable_cycle -> _87797_/D : -209.496201
[setup in-reg] enable_cycle -> _89113_/D : -209.496201
[setup in-reg] enable_cycle -> _90003_/D : -209.496201
[setup in-reg] enable_cycle -> _90582_/D : -209.496201
[setup in-reg] enable_cycle -> _90670_/D : -209.496201
[setup in-reg] enable_cycle -> _90978_/D : -209.496201
[setup in-reg] enable_cycle -> _91088_/D : -209.496201
[setup in-reg] enable_cycle -> _91542_/D : -209.496201
[setup in-reg] enable_cycle -> _92361_/D : -209.496201
[setup in-reg] enable_cycle -> _87131_/D : -209.321671
[setup in-reg] enable_cycle -> _87234_/D : -209.321671
[setup in-reg] enable_cycle -> _88090_/D : -209.321671
[setup in-reg] enable_cycle -> _88279_/D : -209.321671
[setup in-reg] enable_cycle -> _89281_/D : -209.321671
[setup in-reg] enable_cycle -> _89369_/D : -209.321671
[setup in-reg] enable_cycle -> _89533_/D : -209.321671
[setup in-reg] enable_cycle -> _89756_/D : -209.321671
[setup in-reg] enable_cycle -> _89841_/D : -209.321671
[setup in-reg] enable_cycle -> _90011_/D : -209.321671
[setup in-reg] enable_cycle -> _90092_/D : -209.321671
[setup in-reg] enable_cycle -> _90098_/D : -209.321671
[setup in-reg] enable_cycle -> _90305_/D : -209.321671
[setup in-reg] enable_cycle -> _90306_/D : -209.321671
[setup in-reg] enable_cycle -> _90674_/D : -209.321671
[setup in-reg] enable_cycle -> _90678_/D : -209.321671
[setup in-reg] enable_cycle -> _90764_/D : -209.321671
[setup in-reg] enable_cycle -> _90852_/D : -209.321671
[setup in-reg] enable_cycle -> _90985_/D : -209.321671
[setup in-reg] enable_cycle -> _91095_/D : -209.321671
[setup in-reg] enable_cycle -> _91273_/D : -209.321671
[setup in-reg] enable_cycle -> _91368_/D : -209.321671
[setup in-reg] enable_cycle -> _91550_/D : -209.321671
[setup in-reg] enable_cycle -> _91552_/D : -209.321671
[setup in-reg] enable_cycle -> _91805_/D : -209.321671
[setup in-reg] enable_cycle -> _91889_/D : -209.321671
[setup in-reg] enable_cycle -> _91982_/D : -209.321671
[setup in-reg] enable_cycle -> _92021_/D : -209.321671
[setup in-reg] enable_cycle -> _92117_/D : -209.321671
[setup in-reg] enable_cycle -> _92125_/D : -209.321671
[setup in-reg] enable_cycle -> _92161_/D : -209.321671
[setup in-reg] enable_cycle -> _92169_/D : -209.321671
[setup in-reg] enable_cycle -> _92358_/D : -209.321671
[setup in-reg] enable_cycle -> _92458_/D : -209.321671
[setup in-reg] enable_cycle -> _92110_/D : -209.242584
[setup in-reg] enable_cycle -> _92111_/D : -209.209991
[setup in-reg] enable_cycle -> _87591_/D : -209.132477
[setup in-reg] enable_cycle -> _89114_/D : -209.132477
[setup in-reg] enable_cycle -> _90004_/D : -209.132477
[setup in-reg] enable_cycle -> _90099_/D : -209.132477
[setup in-reg] enable_cycle -> _91179_/D : -209.132477
[setup in-reg] enable_cycle -> _91543_/D : -209.132477
[setup in-reg] enable_cycle -> _92234_/D : -209.132477
[setup in-reg] enable_cycle -> _87598_/D : -209.105652
[setup in-reg] enable_cycle -> _88259_/D : -209.105652
[setup in-reg] enable_cycle -> _89209_/D : -209.105652
[setup in-reg] enable_cycle -> _89367_/D : -209.105652
[setup in-reg] enable_cycle -> _91969_/D : -209.105652
[setup in-reg] enable_cycle -> _92233_/D : -209.105652
[setup in-reg] enable_cycle -> _92174_/D : -209.047073
[setup in-reg] enable_cycle -> _87145_/D : -209.027283
[setup in-reg] enable_cycle -> _91904_/D : -208.984940
[setup in-reg] enable_cycle -> _87144_/D : -208.944016
[setup in-reg] enable_cycle -> _87586_/D : -208.878143
[setup in-reg] enable_cycle -> _87684_/D : -208.878143
[setup in-reg] enable_cycle -> _87785_/D : -208.878143
[setup in-reg] enable_cycle -> _87992_/D : -208.878143
[setup in-reg] enable_cycle -> _89283_/D : -208.878143
[setup in-reg] enable_cycle -> _89447_/D : -208.878143
[setup in-reg] enable_cycle -> _89523_/D : -208.878143
[setup in-reg] enable_cycle -> _89529_/D : -208.878143
[setup in-reg] enable_cycle -> _89846_/D : -208.878143
[setup in-reg] enable_cycle -> _89918_/D : -208.878143
[setup in-reg] enable_cycle -> _90088_/D : -208.878143
[setup in-reg] enable_cycle -> _90101_/D : -208.878143
[setup in-reg] enable_cycle -> _90173_/D : -208.878143
[setup in-reg] enable_cycle -> _90494_/D : -208.878143
[setup in-reg] enable_cycle -> _90759_/D : -208.878143
[setup in-reg] enable_cycle -> _91189_/D : -208.878143
[setup in-reg] enable_cycle -> _91360_/D : -208.878143
[setup in-reg] enable_cycle -> _91373_/D : -208.878143
[setup in-reg] enable_cycle -> _91460_/D : -208.878143
[setup in-reg] enable_cycle -> _91888_/D : -208.878143
[setup in-reg] enable_cycle -> _91986_/D : -208.878143
[setup in-reg] enable_cycle -> _92230_/D : -208.878143
[setup in-reg] enable_cycle -> _92452_/D : -208.878143
[setup in-reg] enable_cycle -> _92454_/D : -208.878143
[setup in-reg] enable_cycle -> _92465_/D : -208.878143
[setup in-reg] enable_cycle -> _92519_/D : -208.878143
[setup in-reg] enable_cycle -> _92524_/D : -208.878143
[setup in-reg] enable_cycle -> _87596_/D : -208.775513
[setup in-reg] enable_cycle -> _86676_/D : -208.682465
[setup in-reg] enable_cycle -> _86811_/D : -208.682465
[setup in-reg] enable_cycle -> _86939_/D : -208.682465
[setup in-reg] enable_cycle -> _86941_/D : -208.682465
[setup in-reg] enable_cycle -> _87031_/D : -208.682465
[setup in-reg] enable_cycle -> _87036_/D : -208.682465
[setup in-reg] enable_cycle -> _87038_/D : -208.682465
[setup in-reg] enable_cycle -> _87041_/D : -208.682465
[setup in-reg] enable_cycle -> _87128_/D : -208.682465
[setup in-reg] enable_cycle -> _87132_/D : -208.682465
[setup in-reg] enable_cycle -> _87230_/D : -208.682465
[setup in-reg] enable_cycle -> _87235_/D : -208.682465
[setup in-reg] enable_cycle -> _87323_/D : -208.682465
[setup in-reg] enable_cycle -> _87325_/D : -208.682465
[setup in-reg] enable_cycle -> _87330_/D : -208.682465
[setup in-reg] enable_cycle -> _87333_/D : -208.682465
[setup in-reg] enable_cycle -> _87590_/D : -208.682465
[setup in-reg] enable_cycle -> _87698_/D : -208.682465
[setup in-reg] enable_cycle -> _87887_/D : -208.682465
[setup in-reg] enable_cycle -> _87898_/D : -208.682465
[setup in-reg] enable_cycle -> _87986_/D : -208.682465
[setup in-reg] enable_cycle -> _87997_/D : -208.682465
[setup in-reg] enable_cycle -> _88085_/D : -208.682465
[setup in-reg] enable_cycle -> _88255_/D : -208.682465
[setup in-reg] enable_cycle -> _88258_/D : -208.682465
[setup in-reg] enable_cycle -> _88281_/D : -208.682465
[setup in-reg] enable_cycle -> _89117_/D : -208.682465
[setup in-reg] enable_cycle -> _89120_/D : -208.682465
[setup in-reg] enable_cycle -> _89121_/D : -208.682465
[setup in-reg] enable_cycle -> _89124_/D : -208.682465
[setup in-reg] enable_cycle -> _89205_/D : -208.682465
[setup in-reg] enable_cycle -> _89280_/D : -208.682465
[setup in-reg] enable_cycle -> _89368_/D : -208.682465
[setup in-reg] enable_cycle -> _89448_/D : -208.682465
[setup in-reg] enable_cycle -> _89454_/D : -208.682465
[setup in-reg] enable_cycle -> _89526_/D : -208.682465
[setup in-reg] enable_cycle -> _89535_/D : -208.682465
[setup in-reg] enable_cycle -> _89649_/D : -208.682465
[setup in-reg] enable_cycle -> _89749_/D : -208.682465
[setup in-reg] enable_cycle -> _89751_/D : -208.682465
[setup in-reg] enable_cycle -> _89755_/D : -208.682465
[setup in-reg] enable_cycle -> _89759_/D : -208.682465
[setup in-reg] enable_cycle -> _89842_/D : -208.682465
[setup in-reg] enable_cycle -> _89925_/D : -208.682465
[setup in-reg] enable_cycle -> _89930_/D : -208.682465
[setup in-reg] enable_cycle -> _90010_/D : -208.682465
[setup in-reg] enable_cycle -> _90015_/D : -208.682465
[setup in-reg] enable_cycle -> _90312_/D : -208.682465
[setup in-reg] enable_cycle -> _90407_/D : -208.682465
[setup in-reg] enable_cycle -> _90495_/D : -208.682465
[setup in-reg] enable_cycle -> _90499_/D : -208.682465
[setup in-reg] enable_cycle -> _90501_/D : -208.682465
[setup in-reg] enable_cycle -> _90505_/D : -208.682465
[setup in-reg] enable_cycle -> _90585_/D : -208.682465
[setup in-reg] enable_cycle -> _90675_/D : -208.682465
[setup in-reg] enable_cycle -> _90769_/D : -208.682465
[setup in-reg] enable_cycle -> _90986_/D : -208.682465
[setup in-reg] enable_cycle -> _90990_/D : -208.682465
[setup in-reg] enable_cycle -> _91090_/D : -208.682465
[setup in-reg] enable_cycle -> _91091_/D : -208.682465
[setup in-reg] enable_cycle -> _91092_/D : -208.682465
[setup in-reg] enable_cycle -> _91100_/D : -208.682465
[setup in-reg] enable_cycle -> _91101_/D : -208.682465
[setup in-reg] enable_cycle -> _91181_/D : -208.682465
[setup in-reg] enable_cycle -> _91184_/D : -208.682465
[setup in-reg] enable_cycle -> _91185_/D : -208.682465
[setup in-reg] enable_cycle -> _91191_/D : -208.682465
[setup in-reg] enable_cycle -> _91192_/D : -208.682465
[setup in-reg] enable_cycle -> _91274_/D : -208.682465
[setup in-reg] enable_cycle -> _91283_/D : -208.682465
[setup in-reg] enable_cycle -> _91456_/D : -208.682465
[setup in-reg] enable_cycle -> _91465_/D : -208.682465
[setup in-reg] enable_cycle -> _91548_/D : -208.682465
[setup in-reg] enable_cycle -> _91551_/D : -208.682465
[setup in-reg] enable_cycle -> _91555_/D : -208.682465
[setup in-reg] enable_cycle -> _91682_/D : -208.682465
[setup in-reg] enable_cycle -> _91684_/D : -208.682465
[setup in-reg] enable_cycle -> _91690_/D : -208.682465
[setup in-reg] enable_cycle -> _91801_/D : -208.682465
[setup in-reg] enable_cycle -> _91895_/D : -208.682465
[setup in-reg] enable_cycle -> _91899_/D : -208.682465
[setup in-reg] enable_cycle -> _91962_/D : -208.682465
[setup in-reg] enable_cycle -> _91964_/D : -208.682465
[setup in-reg] enable_cycle -> _91970_/D : -208.682465
[setup in-reg] enable_cycle -> _91981_/D : -208.682465
[setup in-reg] enable_cycle -> _91991_/D : -208.682465
[setup in-reg] enable_cycle -> _92022_/D : -208.682465
[setup in-reg] enable_cycle -> _92024_/D : -208.682465
[setup in-reg] enable_cycle -> _92025_/D : -208.682465
[setup in-reg] enable_cycle -> _92031_/D : -208.682465
[setup in-reg] enable_cycle -> _92105_/D : -208.682465
[setup in-reg] enable_cycle -> _92106_/D : -208.682465
[setup in-reg] enable_cycle -> _92116_/D : -208.682465
[setup in-reg] enable_cycle -> _92118_/D : -208.682465
[setup in-reg] enable_cycle -> _92121_/D : -208.682465
[setup in-reg] enable_cycle -> _92127_/D : -208.682465
[setup in-reg] enable_cycle -> _92156_/D : -208.682465
[setup in-reg] enable_cycle -> _92243_/D : -208.682465
[setup in-reg] enable_cycle -> _92245_/D : -208.682465
[setup in-reg] enable_cycle -> _92364_/D : -208.682465
[setup in-reg] enable_cycle -> _92526_/D : -208.682465
[setup in-reg] enable_cycle -> _92533_/D : -208.682465
[setup in-reg] enable_cycle -> _86662_/D : -208.680313
[setup in-reg] enable_cycle -> _86827_/D : -208.680313
[setup in-reg] enable_cycle -> _87029_/D : -208.680313
[setup in-reg] enable_cycle -> _87222_/D : -208.680313
[setup in-reg] enable_cycle -> _87584_/D : -208.680313
[setup in-reg] enable_cycle -> _87792_/D : -208.680313
[setup in-reg] enable_cycle -> _88084_/D : -208.680313
[setup in-reg] enable_cycle -> _89277_/D : -208.680313
[setup in-reg] enable_cycle -> _89366_/D : -208.680313
[setup in-reg] enable_cycle -> _89748_/D : -208.680313
[setup in-reg] enable_cycle -> _90406_/D : -208.680313
[setup in-reg] enable_cycle -> _90761_/D : -208.680313
[setup in-reg] enable_cycle -> _90765_/D : -208.680313
[setup in-reg] enable_cycle -> _90977_/D : -208.680313
[setup in-reg] enable_cycle -> _91087_/D : -208.680313
[setup in-reg] enable_cycle -> _91178_/D : -208.680313
[setup in-reg] enable_cycle -> _91451_/D : -208.680313
[setup in-reg] enable_cycle -> _91791_/D : -208.680313
[setup in-reg] enable_cycle -> _91978_/D : -208.680313
[setup in-reg] enable_cycle -> _92018_/D : -208.680313
[setup in-reg] enable_cycle -> _92113_/D : -208.680313
[setup in-reg] enable_cycle -> _92155_/D : -208.680313
[setup in-reg] enable_cycle -> _92350_/D : -208.680313
[setup in-reg] enable_cycle -> _91886_/D : -208.453995
[setup in-reg] enable_cycle -> _91194_/D : -208.349777
[setup in-reg] enable_cycle -> _91558_/D : -208.349777
[setup in-reg] enable_cycle -> _91196_/D : -208.005554
[setup in-reg] enable_cycle -> _91560_/D : -208.005554
[setup in-reg] enable_cycle -> _91195_/D : -207.850357
[setup in-reg] enable_cycle -> _91559_/D : -207.850357
[setup in-reg] enable_cycle -> _86668_/D : -207.825974
[setup in-reg] enable_cycle -> _86937_/D : -207.825974
[setup in-reg] enable_cycle -> _87137_/D : -207.825974
[setup in-reg] enable_cycle -> _87466_/D : -207.825974
[setup in-reg] enable_cycle -> _91985_/D : -207.825974
[setup in-reg] enable_cycle -> _92520_/D : -207.825974
[setup in-reg] enable_cycle -> _88278_/D : -207.824860
[setup in-reg] enable_cycle -> _90095_/D : -207.824860
[setup in-reg] enable_cycle -> _90304_/D : -207.824860
[setup in-reg] enable_cycle -> _88285_/D : -207.692017
[setup in-reg] enable_cycle -> _91272_/D : -207.636185
[setup in-reg] enable_cycle -> _86661_/D : -207.619675
[setup in-reg] enable_cycle -> _86671_/D : -207.619675
[setup in-reg] enable_cycle -> _86674_/D : -207.619675
[setup in-reg] enable_cycle -> _86677_/D : -207.619675
[setup in-reg] enable_cycle -> _86809_/D : -207.619675
[setup in-reg] enable_cycle -> _86820_/D : -207.619675
[setup in-reg] enable_cycle -> _86823_/D : -207.619675
[setup in-reg] enable_cycle -> _86824_/D : -207.619675
[setup in-reg] enable_cycle -> _86825_/D : -207.619675
[setup in-reg] enable_cycle -> _86826_/D : -207.619675
[setup in-reg] enable_cycle -> _86828_/D : -207.619675
[setup in-reg] enable_cycle -> _86930_/D : -207.619675
[setup in-reg] enable_cycle -> _86945_/D : -207.619675
[setup in-reg] enable_cycle -> _87027_/D : -207.619675
[setup in-reg] enable_cycle -> _87033_/D : -207.619675
[setup in-reg] enable_cycle -> _87040_/D : -207.619675
[setup in-reg] enable_cycle -> _87124_/D : -207.619675
[setup in-reg] enable_cycle -> _87135_/D : -207.619675
[setup in-reg] enable_cycle -> _87221_/D : -207.619675
[setup in-reg] enable_cycle -> _87231_/D : -207.619675
[setup in-reg] enable_cycle -> _87232_/D : -207.619675
[setup in-reg] enable_cycle -> _87237_/D : -207.619675
[setup in-reg] enable_cycle -> _87318_/D : -207.619675
[setup in-reg] enable_cycle -> _87326_/D : -207.619675
[setup in-reg] enable_cycle -> _87329_/D : -207.619675
[setup in-reg] enable_cycle -> _87334_/D : -207.619675
[setup in-reg] enable_cycle -> _87461_/D : -207.619675
[setup in-reg] enable_cycle -> _87467_/D : -207.619675
[setup in-reg] enable_cycle -> _87471_/D : -207.619675
[setup in-reg] enable_cycle -> _87472_/D : -207.619675
[setup in-reg] enable_cycle -> _87477_/D : -207.619675
[setup in-reg] enable_cycle -> _87478_/D : -207.619675
[setup in-reg] enable_cycle -> _87479_/D : -207.619675
[setup in-reg] enable_cycle -> _87583_/D : -207.619675
[setup in-reg] enable_cycle -> _87594_/D : -207.619675
[setup in-reg] enable_cycle -> _87602_/D : -207.619675
[setup in-reg] enable_cycle -> _87683_/D : -207.619675
[setup in-reg] enable_cycle -> _87687_/D : -207.619675
[setup in-reg] enable_cycle -> _87691_/D : -207.619675
[setup in-reg] enable_cycle -> _87692_/D : -207.619675
[setup in-reg] enable_cycle -> _87693_/D : -207.619675
[setup in-reg] enable_cycle -> _87694_/D : -207.619675
[setup in-reg] enable_cycle -> _87699_/D : -207.619675
[setup in-reg] enable_cycle -> _87702_/D : -207.619675
[setup in-reg] enable_cycle -> _87783_/D : -207.619675
[setup in-reg] enable_cycle -> _87789_/D : -207.619675
[setup in-reg] enable_cycle -> _87799_/D : -207.619675
[setup in-reg] enable_cycle -> _87883_/D : -207.619675
[setup in-reg] enable_cycle -> _87889_/D : -207.619675
[setup in-reg] enable_cycle -> _87894_/D : -207.619675
[setup in-reg] enable_cycle -> _87899_/D : -207.619675
[setup in-reg] enable_cycle -> _87983_/D : -207.619675
[setup in-reg] enable_cycle -> _87991_/D : -207.619675
[setup in-reg] enable_cycle -> _87994_/D : -207.619675
[setup in-reg] enable_cycle -> _87995_/D : -207.619675
[setup in-reg] enable_cycle -> _88083_/D : -207.619675
[setup in-reg] enable_cycle -> _88094_/D : -207.619675
[setup in-reg] enable_cycle -> _88102_/D : -207.619675
[setup in-reg] enable_cycle -> _88246_/D : -207.619675
[setup in-reg] enable_cycle -> _88256_/D : -207.619675
[setup in-reg] enable_cycle -> _88262_/D : -207.619675
[setup in-reg] enable_cycle -> _88265_/D : -207.619675
[setup in-reg] enable_cycle -> _88269_/D : -207.619675
[setup in-reg] enable_cycle -> _89112_/D : -207.619675
[setup in-reg] enable_cycle -> _89122_/D : -207.619675
[setup in-reg] enable_cycle -> _89194_/D : -207.619675
[setup in-reg] enable_cycle -> _89204_/D : -207.619675
[setup in-reg] enable_cycle -> _89276_/D : -207.619675
[setup in-reg] enable_cycle -> _89282_/D : -207.619675
[setup in-reg] enable_cycle -> _89290_/D : -207.619675
[setup in-reg] enable_cycle -> _89358_/D : -207.619675
[setup in-reg] enable_cycle -> _89372_/D : -207.619675
[setup in-reg] enable_cycle -> _89440_/D : -207.619675
[setup in-reg] enable_cycle -> _89446_/D : -207.619675
[setup in-reg] enable_cycle -> _89450_/D : -207.619675
[setup in-reg] enable_cycle -> _89522_/D : -207.619675
[setup in-reg] enable_cycle -> _89532_/D : -207.619675
[setup in-reg] enable_cycle -> _89534_/D : -207.619675
[setup in-reg] enable_cycle -> _89536_/D : -207.619675
[setup in-reg] enable_cycle -> _89645_/D : -207.619675
[setup in-reg] enable_cycle -> _89660_/D : -207.619675
[setup in-reg] enable_cycle -> _89747_/D : -207.619675
[setup in-reg] enable_cycle -> _89753_/D : -207.619675
[setup in-reg] enable_cycle -> _89757_/D : -207.619675
[setup in-reg] enable_cycle -> _89832_/D : -207.619675
[setup in-reg] enable_cycle -> _89917_/D : -207.619675
[setup in-reg] enable_cycle -> _89927_/D : -207.619675
[setup in-reg] enable_cycle -> _89929_/D : -207.619675
[setup in-reg] enable_cycle -> _90002_/D : -207.619675
[setup in-reg] enable_cycle -> _90012_/D : -207.619675
[setup in-reg] enable_cycle -> _90016_/D : -207.619675
[setup in-reg] enable_cycle -> _90087_/D : -207.619675
[setup in-reg] enable_cycle -> _90100_/D : -207.619675
[setup in-reg] enable_cycle -> _90172_/D : -207.619675
[setup in-reg] enable_cycle -> _90178_/D : -207.619675
[setup in-reg] enable_cycle -> _90182_/D : -207.619675
[setup in-reg] enable_cycle -> _90183_/D : -207.619675
[setup in-reg] enable_cycle -> _90184_/D : -207.619675
[setup in-reg] enable_cycle -> _90299_/D : -207.619675
[setup in-reg] enable_cycle -> _90313_/D : -207.619675
[setup in-reg] enable_cycle -> _90405_/D : -207.619675
[setup in-reg] enable_cycle -> _90418_/D : -207.619675
[setup in-reg] enable_cycle -> _90419_/D : -207.619675
[setup in-reg] enable_cycle -> _90493_/D : -207.619675
[setup in-reg] enable_cycle -> _90506_/D : -207.619675
[setup in-reg] enable_cycle -> _90507_/D : -207.619675
[setup in-reg] enable_cycle -> _90581_/D : -207.619675
[setup in-reg] enable_cycle -> _90669_/D : -207.619675
[setup in-reg] enable_cycle -> _90679_/D : -207.619675
[setup in-reg] enable_cycle -> _90681_/D : -207.619675
[setup in-reg] enable_cycle -> _90757_/D : -207.619675
[setup in-reg] enable_cycle -> _90770_/D : -207.619675
[setup in-reg] enable_cycle -> _90771_/D : -207.619675
[setup in-reg] enable_cycle -> _90773_/D : -207.619675
[setup in-reg] enable_cycle -> _90845_/D : -207.619675
[setup in-reg] enable_cycle -> _90859_/D : -207.619675
[setup in-reg] enable_cycle -> _90860_/D : -207.619675
[setup in-reg] enable_cycle -> _90976_/D : -207.619675
[setup in-reg] enable_cycle -> _90988_/D : -207.619675
[setup in-reg] enable_cycle -> _90989_/D : -207.619675
[setup in-reg] enable_cycle -> _91086_/D : -207.619675
[setup in-reg] enable_cycle -> _91096_/D : -207.619675
[setup in-reg] enable_cycle -> _91102_/D : -207.619675
[setup in-reg] enable_cycle -> _91177_/D : -207.619675
[setup in-reg] enable_cycle -> _91187_/D : -207.619675
[setup in-reg] enable_cycle -> _91190_/D : -207.619675
[setup in-reg] enable_cycle -> _91268_/D : -207.619675
[setup in-reg] enable_cycle -> _91279_/D : -207.619675
[setup in-reg] enable_cycle -> _91285_/D : -207.619675
[setup in-reg] enable_cycle -> _91359_/D : -207.619675
[setup in-reg] enable_cycle -> _91366_/D : -207.619675
[setup in-reg] enable_cycle -> _91369_/D : -207.619675
[setup in-reg] enable_cycle -> _91375_/D : -207.619675
[setup in-reg] enable_cycle -> _91450_/D : -207.619675
[setup in-reg] enable_cycle -> _91454_/D : -207.619675
[setup in-reg] enable_cycle -> _91462_/D : -207.619675
[setup in-reg] enable_cycle -> _91466_/D : -207.619675
[setup in-reg] enable_cycle -> _91541_/D : -207.619675
[setup in-reg] enable_cycle -> _91553_/D : -207.619675
[setup in-reg] enable_cycle -> _91556_/D : -207.619675
[setup in-reg] enable_cycle -> _91676_/D : -207.619675
[setup in-reg] enable_cycle -> _91686_/D : -207.619675
[setup in-reg] enable_cycle -> _91688_/D : -207.619675
[setup in-reg] enable_cycle -> _91689_/D : -207.619675
[setup in-reg] enable_cycle -> _91692_/D : -207.619675
[setup in-reg] enable_cycle -> _91790_/D : -207.619675
[setup in-reg] enable_cycle -> _91800_/D : -207.619675
[setup in-reg] enable_cycle -> _91807_/D : -207.619675
[setup in-reg] enable_cycle -> _91884_/D : -207.619675
[setup in-reg] enable_cycle -> _91894_/D : -207.619675
[setup in-reg] enable_cycle -> _91900_/D : -207.619675
[setup in-reg] enable_cycle -> _91958_/D : -207.619675
[setup in-reg] enable_cycle -> _91968_/D : -207.619675
[setup in-reg] enable_cycle -> _91977_/D : -207.619675
[setup in-reg] enable_cycle -> _91989_/D : -207.619675
[setup in-reg] enable_cycle -> _91990_/D : -207.619675
[setup in-reg] enable_cycle -> _91993_/D : -207.619675
[setup in-reg] enable_cycle -> _91995_/D : -207.619675
[setup in-reg] enable_cycle -> _92017_/D : -207.619675
[setup in-reg] enable_cycle -> _92027_/D : -207.619675
[setup in-reg] enable_cycle -> _92032_/D : -207.619675
[setup in-reg] enable_cycle -> _92034_/D : -207.619675
[setup in-reg] enable_cycle -> _92091_/D : -207.619675
[setup in-reg] enable_cycle -> _92101_/D : -207.619675
[setup in-reg] enable_cycle -> _92103_/D : -207.619675
[setup in-reg] enable_cycle -> _92107_/D : -207.619675
[setup in-reg] enable_cycle -> _92112_/D : -207.619675
[setup in-reg] enable_cycle -> _92128_/D : -207.619675
[setup in-reg] enable_cycle -> _92154_/D : -207.619675
[setup in-reg] enable_cycle -> _92164_/D : -207.619675
[setup in-reg] enable_cycle -> _92228_/D : -207.619675
[setup in-reg] enable_cycle -> _92236_/D : -207.619675
[setup in-reg] enable_cycle -> _92244_/D : -207.619675
[setup in-reg] enable_cycle -> _92247_/D : -207.619675
[setup in-reg] enable_cycle -> _92349_/D : -207.619675
[setup in-reg] enable_cycle -> _92359_/D : -207.619675
[setup in-reg] enable_cycle -> _92362_/D : -207.619675
[setup in-reg] enable_cycle -> _92366_/D : -207.619675
[setup in-reg] enable_cycle -> _92451_/D : -207.619675
[setup in-reg] enable_cycle -> _92518_/D : -207.619675
[setup in-reg] enable_cycle -> _92535_/D : -207.619675
[setup in-reg] enable_cycle -> _86813_/D : -207.617661
[setup in-reg] enable_cycle -> _87233_/D : -207.617661
[setup in-reg] enable_cycle -> _87787_/D : -207.617661
[setup in-reg] enable_cycle -> _88101_/D : -207.617661
[setup in-reg] enable_cycle -> _89128_/D : -207.617661
[setup in-reg] enable_cycle -> _89202_/D : -207.617661
[setup in-reg] enable_cycle -> _89292_/D : -207.617661
[setup in-reg] enable_cycle -> _89922_/D : -207.617661
[setup in-reg] enable_cycle -> _90413_/D : -207.617661
[setup in-reg] enable_cycle -> _90980_/D : -207.617661
[setup in-reg] enable_cycle -> _91796_/D : -207.617661
[setup in-reg] enable_cycle -> _91979_/D : -207.617661
[setup in-reg] enable_cycle -> _92246_/D : -207.617661
[setup in-reg] enable_cycle -> _87690_/D : -207.541260
[setup in-reg] enable_cycle -> _90423_/D : -207.541260
[setup in-reg] enable_cycle -> _90509_/D : -207.541260
[setup in-reg] enable_cycle -> _91546_/D : -207.541260
[setup in-reg] enable_cycle -> _91792_/D : -207.541260
[setup in-reg] enable_cycle -> _92351_/D : -207.541260
[setup in-reg] enable_cycle -> _87141_/D : -207.518951
[setup in-reg] enable_cycle -> _86632_/D : -207.274216
[setup in-reg] enable_cycle -> _86633_/D : -207.274216
[setup in-reg] enable_cycle -> _86634_/D : -207.274216
[setup in-reg] enable_cycle -> _86635_/D : -207.274216
[setup in-reg] enable_cycle -> _86636_/D : -207.274216
[setup in-reg] enable_cycle -> _86637_/D : -207.274216
[setup in-reg] enable_cycle -> _86638_/D : -207.274216
[setup in-reg] enable_cycle -> _86639_/D : -207.274216
[setup in-reg] enable_cycle -> _86640_/D : -207.274216
[setup in-reg] enable_cycle -> _86641_/D : -207.274216
[setup in-reg] enable_cycle -> _86642_/D : -207.274216
[setup in-reg] enable_cycle -> _86643_/D : -207.274216
[setup in-reg] enable_cycle -> _86644_/D : -207.274216
[setup in-reg] enable_cycle -> _86645_/D : -207.274216
[setup in-reg] enable_cycle -> _86646_/D : -207.274216
[setup in-reg] enable_cycle -> _86647_/D : -207.274216
[setup in-reg] enable_cycle -> _86648_/D : -207.274216
[setup in-reg] enable_cycle -> _86649_/D : -207.274216
[setup in-reg] enable_cycle -> _86650_/D : -207.274216
[setup in-reg] enable_cycle -> _86651_/D : -207.274216
[setup in-reg] enable_cycle -> _86652_/D : -207.274216
[setup in-reg] enable_cycle -> _86712_/D : -207.274216
[setup in-reg] enable_cycle -> _86713_/D : -207.274216
[setup in-reg] enable_cycle -> _86714_/D : -207.274216
[setup in-reg] enable_cycle -> _86715_/D : -207.274216
[setup in-reg] enable_cycle -> _86716_/D : -207.274216
[setup in-reg] enable_cycle -> _86717_/D : -207.274216
[setup in-reg] enable_cycle -> _86718_/D : -207.274216
[setup in-reg] enable_cycle -> _86719_/D : -207.274216
[setup in-reg] enable_cycle -> _86720_/D : -207.274216
[setup in-reg] enable_cycle -> _86721_/D : -207.274216
[setup in-reg] enable_cycle -> _86722_/D : -207.274216
[setup in-reg] enable_cycle -> _86723_/D : -207.274216
[setup in-reg] enable_cycle -> _86724_/D : -207.274216
[setup in-reg] enable_cycle -> _86725_/D : -207.274216
[setup in-reg] enable_cycle -> _86726_/D : -207.274216
[setup in-reg] enable_cycle -> _86727_/D : -207.274216
[setup in-reg] enable_cycle -> _86728_/D : -207.274216
[setup in-reg] enable_cycle -> _86729_/D : -207.274216
[setup in-reg] enable_cycle -> _86730_/D : -207.274216
[setup in-reg] enable_cycle -> _86731_/D : -207.274216
[setup in-reg] enable_cycle -> _86732_/D : -207.274216
[setup in-reg] enable_cycle -> _86733_/D : -207.274216
[setup in-reg] enable_cycle -> _86847_/D : -207.274216
[setup in-reg] enable_cycle -> _86848_/D : -207.274216
[setup in-reg] enable_cycle -> _86849_/D : -207.274216
[setup in-reg] enable_cycle -> _86850_/D : -207.274216
[setup in-reg] enable_cycle -> _86851_/D : -207.274216
[setup in-reg] enable_cycle -> _86852_/D : -207.274216
[setup in-reg] enable_cycle -> _86853_/D : -207.274216
[setup in-reg] enable_cycle -> _86854_/D : -207.274216
[setup in-reg] enable_cycle -> _86855_/D : -207.274216
[setup in-reg] enable_cycle -> _86856_/D : -207.274216
[setup in-reg] enable_cycle -> _86857_/D : -207.274216
[setup in-reg] enable_cycle -> _86858_/D : -207.274216
[setup in-reg] enable_cycle -> _86859_/D : -207.274216
[setup in-reg] enable_cycle -> _86860_/D : -207.274216
[setup in-reg] enable_cycle -> _86861_/D : -207.274216
[setup in-reg] enable_cycle -> _86862_/D : -207.274216
[setup in-reg] enable_cycle -> _86863_/D : -207.274216
[setup in-reg] enable_cycle -> _86864_/D : -207.274216
[setup in-reg] enable_cycle -> _86865_/D : -207.274216
[setup in-reg] enable_cycle -> _86866_/D : -207.274216
[setup in-reg] enable_cycle -> _86867_/D : -207.274216
[setup in-reg] enable_cycle -> _86868_/D : -207.274216
[setup in-reg] enable_cycle -> _86968_/D : -207.274216
[setup in-reg] enable_cycle -> _86969_/D : -207.274216
[setup in-reg] enable_cycle -> _86970_/D : -207.274216
[setup in-reg] enable_cycle -> _86971_/D : -207.274216
[setup in-reg] enable_cycle -> _86972_/D : -207.274216
[setup in-reg] enable_cycle -> _86973_/D : -207.274216
[setup in-reg] enable_cycle -> _86974_/D : -207.274216
[setup in-reg] enable_cycle -> _86975_/D : -207.274216
[setup in-reg] enable_cycle -> _86976_/D : -207.274216
[setup in-reg] enable_cycle -> _86977_/D : -207.274216
[setup in-reg] enable_cycle -> _86978_/D : -207.274216
[setup in-reg] enable_cycle -> _86979_/D : -207.274216
[setup in-reg] enable_cycle -> _86980_/D : -207.274216
[setup in-reg] enable_cycle -> _86981_/D : -207.274216
[setup in-reg] enable_cycle -> _86982_/D : -207.274216
[setup in-reg] enable_cycle -> _86983_/D : -207.274216
[setup in-reg] enable_cycle -> _86984_/D : -207.274216
[setup in-reg] enable_cycle -> _86985_/D : -207.274216
[setup in-reg] enable_cycle -> _86986_/D : -207.274216
[setup in-reg] enable_cycle -> _86987_/D : -207.274216
[setup in-reg] enable_cycle -> _86988_/D : -207.274216
[setup in-reg] enable_cycle -> _86989_/D : -207.274216
[setup in-reg] enable_cycle -> _87065_/D : -207.274216
[setup in-reg] enable_cycle -> _87066_/D : -207.274216
[setup in-reg] enable_cycle -> _87067_/D : -207.274216
[setup in-reg] enable_cycle -> _87068_/D : -207.274216
[setup in-reg] enable_cycle -> _87069_/D : -207.274216
[setup in-reg] enable_cycle -> _87070_/D : -207.274216
[setup in-reg] enable_cycle -> _87071_/D : -207.274216
[setup in-reg] enable_cycle -> _87072_/D : -207.274216
[setup in-reg] enable_cycle -> _87073_/D : -207.274216
[setup in-reg] enable_cycle -> _87074_/D : -207.274216
[setup in-reg] enable_cycle -> _87075_/D : -207.274216
[setup in-reg] enable_cycle -> _87076_/D : -207.274216
[setup in-reg] enable_cycle -> _87077_/D : -207.274216
[setup in-reg] enable_cycle -> _87078_/D : -207.274216
[setup in-reg] enable_cycle -> _87079_/D : -207.274216
[setup in-reg] enable_cycle -> _87080_/D : -207.274216
[setup in-reg] enable_cycle -> _87081_/D : -207.274216
[setup in-reg] enable_cycle -> _87082_/D : -207.274216
[setup in-reg] enable_cycle -> _87083_/D : -207.274216
[setup in-reg] enable_cycle -> _87084_/D : -207.274216
[setup in-reg] enable_cycle -> _87085_/D : -207.274216
[setup in-reg] enable_cycle -> _87086_/D : -207.274216
[setup in-reg] enable_cycle -> _87162_/D : -207.274216
[setup in-reg] enable_cycle -> _87163_/D : -207.274216
[setup in-reg] enable_cycle -> _87164_/D : -207.274216
[setup in-reg] enable_cycle -> _87165_/D : -207.274216
[setup in-reg] enable_cycle -> _87166_/D : -207.274216
[setup in-reg] enable_cycle -> _87167_/D : -207.274216
[setup in-reg] enable_cycle -> _87168_/D : -207.274216
[setup in-reg] enable_cycle -> _87169_/D : -207.274216
[setup in-reg] enable_cycle -> _87170_/D : -207.274216
[setup in-reg] enable_cycle -> _87171_/D : -207.274216
[setup in-reg] enable_cycle -> _87172_/D : -207.274216
[setup in-reg] enable_cycle -> _87173_/D : -207.274216
[setup in-reg] enable_cycle -> _87174_/D : -207.274216
[setup in-reg] enable_cycle -> _87175_/D : -207.274216
[setup in-reg] enable_cycle -> _87176_/D : -207.274216
[setup in-reg] enable_cycle -> _87177_/D : -207.274216
[setup in-reg] enable_cycle -> _87178_/D : -207.274216
[setup in-reg] enable_cycle -> _87179_/D : -207.274216
[setup in-reg] enable_cycle -> _87180_/D : -207.274216
[setup in-reg] enable_cycle -> _87181_/D : -207.274216
[setup in-reg] enable_cycle -> _87182_/D : -207.274216
[setup in-reg] enable_cycle -> _87183_/D : -207.274216
[setup in-reg] enable_cycle -> _87259_/D : -207.274216
[setup in-reg] enable_cycle -> _87260_/D : -207.274216
[setup in-reg] enable_cycle -> _87261_/D : -207.274216
[setup in-reg] enable_cycle -> _87262_/D : -207.274216
[setup in-reg] enable_cycle -> _87263_/D : -207.274216
[setup in-reg] enable_cycle -> _87264_/D : -207.274216
[setup in-reg] enable_cycle -> _87265_/D : -207.274216
[setup in-reg] enable_cycle -> _87266_/D : -207.274216
[setup in-reg] enable_cycle -> _87267_/D : -207.274216
[setup in-reg] enable_cycle -> _87268_/D : -207.274216
[setup in-reg] enable_cycle -> _87269_/D : -207.274216
[setup in-reg] enable_cycle -> _87270_/D : -207.274216
[setup in-reg] enable_cycle -> _87271_/D : -207.274216
[setup in-reg] enable_cycle -> _87272_/D : -207.274216
[setup in-reg] enable_cycle -> _87273_/D : -207.274216
[setup in-reg] enable_cycle -> _87274_/D : -207.274216
[setup in-reg] enable_cycle -> _87275_/D : -207.274216
[setup in-reg] enable_cycle -> _87276_/D : -207.274216
[setup in-reg] enable_cycle -> _87277_/D : -207.274216
[setup in-reg] enable_cycle -> _87278_/D : -207.274216
[setup in-reg] enable_cycle -> _87279_/D : -207.274216
[setup in-reg] enable_cycle -> _87280_/D : -207.274216
[setup in-reg] enable_cycle -> _87356_/D : -207.274216
[setup in-reg] enable_cycle -> _87357_/D : -207.274216
[setup in-reg] enable_cycle -> _87358_/D : -207.274216
[setup in-reg] enable_cycle -> _87359_/D : -207.274216
[setup in-reg] enable_cycle -> _87360_/D : -207.274216
[setup in-reg] enable_cycle -> _87361_/D : -207.274216
[setup in-reg] enable_cycle -> _87362_/D : -207.274216
[setup in-reg] enable_cycle -> _87363_/D : -207.274216
[setup in-reg] enable_cycle -> _87364_/D : -207.274216
[setup in-reg] enable_cycle -> _87365_/D : -207.274216
[setup in-reg] enable_cycle -> _87366_/D : -207.274216
[setup in-reg] enable_cycle -> _87367_/D : -207.274216
[setup in-reg] enable_cycle -> _87368_/D : -207.274216
[setup in-reg] enable_cycle -> _87369_/D : -207.274216
[setup in-reg] enable_cycle -> _87370_/D : -207.274216
[setup in-reg] enable_cycle -> _87371_/D : -207.274216
[setup in-reg] enable_cycle -> _87372_/D : -207.274216
[setup in-reg] enable_cycle -> _87373_/D : -207.274216
[setup in-reg] enable_cycle -> _87374_/D : -207.274216
[setup in-reg] enable_cycle -> _87375_/D : -207.274216
[setup in-reg] enable_cycle -> _87376_/D : -207.274216
[setup in-reg] enable_cycle -> _87377_/D : -207.274216
[setup in-reg] enable_cycle -> _87431_/D : -207.274216
[setup in-reg] enable_cycle -> _87432_/D : -207.274216
[setup in-reg] enable_cycle -> _87433_/D : -207.274216
[setup in-reg] enable_cycle -> _87434_/D : -207.274216
[setup in-reg] enable_cycle -> _87435_/D : -207.274216
[setup in-reg] enable_cycle -> _87436_/D : -207.274216
[setup in-reg] enable_cycle -> _87437_/D : -207.274216
[setup in-reg] enable_cycle -> _87438_/D : -207.274216
[setup in-reg] enable_cycle -> _87439_/D : -207.274216
[setup in-reg] enable_cycle -> _87440_/D : -207.274216
[setup in-reg] enable_cycle -> _87441_/D : -207.274216
[setup in-reg] enable_cycle -> _87442_/D : -207.274216
[setup in-reg] enable_cycle -> _87443_/D : -207.274216
[setup in-reg] enable_cycle -> _87444_/D : -207.274216
[setup in-reg] enable_cycle -> _87445_/D : -207.274216
[setup in-reg] enable_cycle -> _87446_/D : -207.274216
[setup in-reg] enable_cycle -> _87447_/D : -207.274216
[setup in-reg] enable_cycle -> _87448_/D : -207.274216
[setup in-reg] enable_cycle -> _87449_/D : -207.274216
[setup in-reg] enable_cycle -> _87450_/D : -207.274216
[setup in-reg] enable_cycle -> _87451_/D : -207.274216
[setup in-reg] enable_cycle -> _87452_/D : -207.274216
[setup in-reg] enable_cycle -> _87483_/D : -207.274216
[setup in-reg] enable_cycle -> _87484_/D : -207.274216
[setup in-reg] enable_cycle -> _87485_/D : -207.274216
[setup in-reg] enable_cycle -> _87486_/D : -207.274216
[setup in-reg] enable_cycle -> _87487_/D : -207.274216
[setup in-reg] enable_cycle -> _87488_/D : -207.274216
[setup in-reg] enable_cycle -> _87489_/D : -207.274216
[setup in-reg] enable_cycle -> _87490_/D : -207.274216
[setup in-reg] enable_cycle -> _87491_/D : -207.274216
[setup in-reg] enable_cycle -> _87492_/D : -207.274216
[setup in-reg] enable_cycle -> _87493_/D : -207.274216
[setup in-reg] enable_cycle -> _87494_/D : -207.274216
[setup in-reg] enable_cycle -> _87495_/D : -207.274216
[setup in-reg] enable_cycle -> _87496_/D : -207.274216
[setup in-reg] enable_cycle -> _87497_/D : -207.274216
[setup in-reg] enable_cycle -> _87498_/D : -207.274216
[setup in-reg] enable_cycle -> _87499_/D : -207.274216
[setup in-reg] enable_cycle -> _87500_/D : -207.274216
[setup in-reg] enable_cycle -> _87501_/D : -207.274216
[setup in-reg] enable_cycle -> _87502_/D : -207.274216
[setup in-reg] enable_cycle -> _87503_/D : -207.274216
[setup in-reg] enable_cycle -> _87504_/D : -207.274216
[setup in-reg] enable_cycle -> _87505_/D : -207.274216
[setup in-reg] enable_cycle -> _87622_/D : -207.274216
[setup in-reg] enable_cycle -> _87623_/D : -207.274216
[setup in-reg] enable_cycle -> _87624_/D : -207.274216
[setup in-reg] enable_cycle -> _87625_/D : -207.274216
[setup in-reg] enable_cycle -> _87626_/D : -207.274216
[setup in-reg] enable_cycle -> _87627_/D : -207.274216
[setup in-reg] enable_cycle -> _87628_/D : -207.274216
[setup in-reg] enable_cycle -> _87629_/D : -207.274216
[setup in-reg] enable_cycle -> _87630_/D : -207.274216
[setup in-reg] enable_cycle -> _87631_/D : -207.274216
[setup in-reg] enable_cycle -> _87632_/D : -207.274216
[setup in-reg] enable_cycle -> _87633_/D : -207.274216
[setup in-reg] enable_cycle -> _87634_/D : -207.274216
[setup in-reg] enable_cycle -> _87635_/D : -207.274216
[setup in-reg] enable_cycle -> _87636_/D : -207.274216
[setup in-reg] enable_cycle -> _87637_/D : -207.274216
[setup in-reg] enable_cycle -> _87638_/D : -207.274216
[setup in-reg] enable_cycle -> _87639_/D : -207.274216
[setup in-reg] enable_cycle -> _87640_/D : -207.274216
[setup in-reg] enable_cycle -> _87641_/D : -207.274216
[setup in-reg] enable_cycle -> _87642_/D : -207.274216
[setup in-reg] enable_cycle -> _87643_/D : -207.274216
[setup in-reg] enable_cycle -> _87644_/D : -207.274216
[setup in-reg] enable_cycle -> _87722_/D : -207.274216
[setup in-reg] enable_cycle -> _87723_/D : -207.274216
[setup in-reg] enable_cycle -> _87724_/D : -207.274216
[setup in-reg] enable_cycle -> _87725_/D : -207.274216
[setup in-reg] enable_cycle -> _87726_/D : -207.274216
[setup in-reg] enable_cycle -> _87727_/D : -207.274216
[setup in-reg] enable_cycle -> _87728_/D : -207.274216
[setup in-reg] enable_cycle -> _87729_/D : -207.274216
[setup in-reg] enable_cycle -> _87730_/D : -207.274216
[setup in-reg] enable_cycle -> _87731_/D : -207.274216
[setup in-reg] enable_cycle -> _87732_/D : -207.274216
[setup in-reg] enable_cycle -> _87733_/D : -207.274216
[setup in-reg] enable_cycle -> _87734_/D : -207.274216
[setup in-reg] enable_cycle -> _87735_/D : -207.274216
[setup in-reg] enable_cycle -> _87736_/D : -207.274216
[setup in-reg] enable_cycle -> _87737_/D : -207.274216
[setup in-reg] enable_cycle -> _87738_/D : -207.274216
[setup in-reg] enable_cycle -> _87739_/D : -207.274216
[setup in-reg] enable_cycle -> _87740_/D : -207.274216
[setup in-reg] enable_cycle -> _87741_/D : -207.274216
[setup in-reg] enable_cycle -> _87742_/D : -207.274216
[setup in-reg] enable_cycle -> _87743_/D : -207.274216
[setup in-reg] enable_cycle -> _87744_/D : -207.274216
[setup in-reg] enable_cycle -> _87822_/D : -207.274216
[setup in-reg] enable_cycle -> _87823_/D : -207.274216
[setup in-reg] enable_cycle -> _87824_/D : -207.274216
[setup in-reg] enable_cycle -> _87825_/D : -207.274216
[setup in-reg] enable_cycle -> _87826_/D : -207.274216
[setup in-reg] enable_cycle -> _87827_/D : -207.274216
[setup in-reg] enable_cycle -> _87828_/D : -207.274216
[setup in-reg] enable_cycle -> _87829_/D : -207.274216
[setup in-reg] enable_cycle -> _87830_/D : -207.274216
[setup in-reg] enable_cycle -> _87831_/D : -207.274216
[setup in-reg] enable_cycle -> _87832_/D : -207.274216
[setup in-reg] enable_cycle -> _87833_/D : -207.274216
[setup in-reg] enable_cycle -> _87834_/D : -207.274216
[setup in-reg] enable_cycle -> _87835_/D : -207.274216
[setup in-reg] enable_cycle -> _87836_/D : -207.274216
[setup in-reg] enable_cycle -> _87837_/D : -207.274216
[setup in-reg] enable_cycle -> _87838_/D : -207.274216
[setup in-reg] enable_cycle -> _87839_/D : -207.274216
[setup in-reg] enable_cycle -> _87840_/D : -207.274216
[setup in-reg] enable_cycle -> _87841_/D : -207.274216
[setup in-reg] enable_cycle -> _87842_/D : -207.274216
[setup in-reg] enable_cycle -> _87843_/D : -207.274216
[setup in-reg] enable_cycle -> _87844_/D : -207.274216
[setup in-reg] enable_cycle -> _87922_/D : -207.274216
[setup in-reg] enable_cycle -> _87923_/D : -207.274216
[setup in-reg] enable_cycle -> _87924_/D : -207.274216
[setup in-reg] enable_cycle -> _87925_/D : -207.274216
[setup in-reg] enable_cycle -> _87926_/D : -207.274216
[setup in-reg] enable_cycle -> _87927_/D : -207.274216
[setup in-reg] enable_cycle -> _87928_/D : -207.274216
[setup in-reg] enable_cycle -> _87929_/D : -207.274216
[setup in-reg] enable_cycle -> _87930_/D : -207.274216
[setup in-reg] enable_cycle -> _87931_/D : -207.274216
[setup in-reg] enable_cycle -> _87932_/D : -207.274216
[setup in-reg] enable_cycle -> _87933_/D : -207.274216
[setup in-reg] enable_cycle -> _87934_/D : -207.274216
[setup in-reg] enable_cycle -> _87935_/D : -207.274216
[setup in-reg] enable_cycle -> _87936_/D : -207.274216
[setup in-reg] enable_cycle -> _87937_/D : -207.274216
[setup in-reg] enable_cycle -> _87938_/D : -207.274216
[setup in-reg] enable_cycle -> _87939_/D : -207.274216
[setup in-reg] enable_cycle -> _87940_/D : -207.274216
[setup in-reg] enable_cycle -> _87941_/D : -207.274216
[setup in-reg] enable_cycle -> _87942_/D : -207.274216
[setup in-reg] enable_cycle -> _87943_/D : -207.274216
[setup in-reg] enable_cycle -> _87944_/D : -207.274216
[setup in-reg] enable_cycle -> _88022_/D : -207.274216
[setup in-reg] enable_cycle -> _88023_/D : -207.274216
[setup in-reg] enable_cycle -> _88024_/D : -207.274216
[setup in-reg] enable_cycle -> _88025_/D : -207.274216
[setup in-reg] enable_cycle -> _88026_/D : -207.274216
[setup in-reg] enable_cycle -> _88027_/D : -207.274216
[setup in-reg] enable_cycle -> _88028_/D : -207.274216
[setup in-reg] enable_cycle -> _88029_/D : -207.274216
[setup in-reg] enable_cycle -> _88030_/D : -207.274216
[setup in-reg] enable_cycle -> _88031_/D : -207.274216
[setup in-reg] enable_cycle -> _88032_/D : -207.274216
[setup in-reg] enable_cycle -> _88033_/D : -207.274216
[setup in-reg] enable_cycle -> _88034_/D : -207.274216
[setup in-reg] enable_cycle -> _88035_/D : -207.274216
[setup in-reg] enable_cycle -> _88036_/D : -207.274216
[setup in-reg] enable_cycle -> _88037_/D : -207.274216
[setup in-reg] enable_cycle -> _88038_/D : -207.274216
[setup in-reg] enable_cycle -> _88039_/D : -207.274216
[setup in-reg] enable_cycle -> _88040_/D : -207.274216
[setup in-reg] enable_cycle -> _88041_/D : -207.274216
[setup in-reg] enable_cycle -> _88042_/D : -207.274216
[setup in-reg] enable_cycle -> _88043_/D : -207.274216
[setup in-reg] enable_cycle -> _88044_/D : -207.274216
[setup in-reg] enable_cycle -> _88122_/D : -207.274216
[setup in-reg] enable_cycle -> _88123_/D : -207.274216
[setup in-reg] enable_cycle -> _88124_/D : -207.274216
[setup in-reg] enable_cycle -> _88125_/D : -207.274216
[setup in-reg] enable_cycle -> _88126_/D : -207.274216
[setup in-reg] enable_cycle -> _88127_/D : -207.274216
[setup in-reg] enable_cycle -> _88128_/D : -207.274216
[setup in-reg] enable_cycle -> _88129_/D : -207.274216
[setup in-reg] enable_cycle -> _88130_/D : -207.274216
[setup in-reg] enable_cycle -> _88131_/D : -207.274216
[setup in-reg] enable_cycle -> _88132_/D : -207.274216
[setup in-reg] enable_cycle -> _88133_/D : -207.274216
[setup in-reg] enable_cycle -> _88134_/D : -207.274216
[setup in-reg] enable_cycle -> _88135_/D : -207.274216
[setup in-reg] enable_cycle -> _88136_/D : -207.274216
[setup in-reg] enable_cycle -> _88137_/D : -207.274216
[setup in-reg] enable_cycle -> _88138_/D : -207.274216
[setup in-reg] enable_cycle -> _88139_/D : -207.274216
[setup in-reg] enable_cycle -> _88140_/D : -207.274216
[setup in-reg] enable_cycle -> _88141_/D : -207.274216
[setup in-reg] enable_cycle -> _88142_/D : -207.274216
[setup in-reg] enable_cycle -> _88143_/D : -207.274216
[setup in-reg] enable_cycle -> _88144_/D : -207.274216
[setup in-reg] enable_cycle -> _88161_/D : -207.274216
[setup in-reg] enable_cycle -> _88162_/D : -207.274216
[setup in-reg] enable_cycle -> _88163_/D : -207.274216
[setup in-reg] enable_cycle -> _88164_/D : -207.274216
[setup in-reg] enable_cycle -> _88165_/D : -207.274216
[setup in-reg] enable_cycle -> _88166_/D : -207.274216
[setup in-reg] enable_cycle -> _88167_/D : -207.274216
[setup in-reg] enable_cycle -> _88168_/D : -207.274216
[setup in-reg] enable_cycle -> _88169_/D : -207.274216
[setup in-reg] enable_cycle -> _88170_/D : -207.274216
[setup in-reg] enable_cycle -> _88171_/D : -207.274216
[setup in-reg] enable_cycle -> _88172_/D : -207.274216
[setup in-reg] enable_cycle -> _88173_/D : -207.274216
[setup in-reg] enable_cycle -> _88174_/D : -207.274216
[setup in-reg] enable_cycle -> _88175_/D : -207.274216
[setup in-reg] enable_cycle -> _88176_/D : -207.274216
[setup in-reg] enable_cycle -> _88215_/D : -207.274216
[setup in-reg] enable_cycle -> _88216_/D : -207.274216
[setup in-reg] enable_cycle -> _88217_/D : -207.274216
[setup in-reg] enable_cycle -> _88218_/D : -207.274216
[setup in-reg] enable_cycle -> _88219_/D : -207.274216
[setup in-reg] enable_cycle -> _88220_/D : -207.274216
[setup in-reg] enable_cycle -> _88221_/D : -207.274216
[setup in-reg] enable_cycle -> _88222_/D : -207.274216
[setup in-reg] enable_cycle -> _88223_/D : -207.274216
[setup in-reg] enable_cycle -> _88224_/D : -207.274216
[setup in-reg] enable_cycle -> _88225_/D : -207.274216
[setup in-reg] enable_cycle -> _88226_/D : -207.274216
[setup in-reg] enable_cycle -> _88227_/D : -207.274216
[setup in-reg] enable_cycle -> _88228_/D : -207.274216
[setup in-reg] enable_cycle -> _88229_/D : -207.274216
[setup in-reg] enable_cycle -> _88230_/D : -207.274216
[setup in-reg] enable_cycle -> _88231_/D : -207.274216
[setup in-reg] enable_cycle -> _88232_/D : -207.274216
[setup in-reg] enable_cycle -> _88233_/D : -207.274216
[setup in-reg] enable_cycle -> _88234_/D : -207.274216
[setup in-reg] enable_cycle -> _88235_/D : -207.274216
[setup in-reg] enable_cycle -> _88236_/D : -207.274216
[setup in-reg] enable_cycle -> _88237_/D : -207.274216
[setup in-reg] enable_cycle -> _88358_/D : -207.274216
[setup in-reg] enable_cycle -> _88359_/D : -207.274216
[setup in-reg] enable_cycle -> _88360_/D : -207.274216
[setup in-reg] enable_cycle -> _88361_/D : -207.274216
[setup in-reg] enable_cycle -> _88362_/D : -207.274216
[setup in-reg] enable_cycle -> _88363_/D : -207.274216
[setup in-reg] enable_cycle -> _88364_/D : -207.274216
[setup in-reg] enable_cycle -> _88365_/D : -207.274216
[setup in-reg] enable_cycle -> _88366_/D : -207.274216
[setup in-reg] enable_cycle -> _88367_/D : -207.274216
[setup in-reg] enable_cycle -> _88368_/D : -207.274216
[setup in-reg] enable_cycle -> _88369_/D : -207.274216
[setup in-reg] enable_cycle -> _88370_/D : -207.274216
[setup in-reg] enable_cycle -> _88371_/D : -207.274216
[setup in-reg] enable_cycle -> _88372_/D : -207.274216
[setup in-reg] enable_cycle -> _88373_/D : -207.274216
[setup in-reg] enable_cycle -> _88590_/D : -207.274216
[setup in-reg] enable_cycle -> _88591_/D : -207.274216
[setup in-reg] enable_cycle -> _88592_/D : -207.274216
[setup in-reg] enable_cycle -> _88593_/D : -207.274216
[setup in-reg] enable_cycle -> _88594_/D : -207.274216
[setup in-reg] enable_cycle -> _88595_/D : -207.274216
[setup in-reg] enable_cycle -> _88596_/D : -207.274216
[setup in-reg] enable_cycle -> _88597_/D : -207.274216
[setup in-reg] enable_cycle -> _88598_/D : -207.274216
[setup in-reg] enable_cycle -> _88599_/D : -207.274216
[setup in-reg] enable_cycle -> _88600_/D : -207.274216
[setup in-reg] enable_cycle -> _88601_/D : -207.274216
[setup in-reg] enable_cycle -> _88602_/D : -207.274216
[setup in-reg] enable_cycle -> _88603_/D : -207.274216
[setup in-reg] enable_cycle -> _88604_/D : -207.274216
[setup in-reg] enable_cycle -> _88605_/D : -207.274216
[setup in-reg] enable_cycle -> _88622_/D : -207.274216
[setup in-reg] enable_cycle -> _88623_/D : -207.274216
[setup in-reg] enable_cycle -> _88624_/D : -207.274216
[setup in-reg] enable_cycle -> _88625_/D : -207.274216
[setup in-reg] enable_cycle -> _88626_/D : -207.274216
[setup in-reg] enable_cycle -> _88627_/D : -207.274216
[setup in-reg] enable_cycle -> _88628_/D : -207.274216
[setup in-reg] enable_cycle -> _88629_/D : -207.274216
[setup in-reg] enable_cycle -> _88630_/D : -207.274216
[setup in-reg] enable_cycle -> _88631_/D : -207.274216
[setup in-reg] enable_cycle -> _88632_/D : -207.274216
[setup in-reg] enable_cycle -> _88633_/D : -207.274216
[setup in-reg] enable_cycle -> _88634_/D : -207.274216
[setup in-reg] enable_cycle -> _88635_/D : -207.274216
[setup in-reg] enable_cycle -> _88636_/D : -207.274216
[setup in-reg] enable_cycle -> _88637_/D : -207.274216
[setup in-reg] enable_cycle -> _88654_/D : -207.274216
[setup in-reg] enable_cycle -> _88655_/D : -207.274216
[setup in-reg] enable_cycle -> _88656_/D : -207.274216
[setup in-reg] enable_cycle -> _88657_/D : -207.274216
[setup in-reg] enable_cycle -> _88658_/D : -207.274216
[setup in-reg] enable_cycle -> _88659_/D : -207.274216
[setup in-reg] enable_cycle -> _88660_/D : -207.274216
[setup in-reg] enable_cycle -> _88661_/D : -207.274216
[setup in-reg] enable_cycle -> _88662_/D : -207.274216
[setup in-reg] enable_cycle -> _88663_/D : -207.274216
[setup in-reg] enable_cycle -> _88664_/D : -207.274216
[setup in-reg] enable_cycle -> _88665_/D : -207.274216
[setup in-reg] enable_cycle -> _88666_/D : -207.274216
[setup in-reg] enable_cycle -> _88667_/D : -207.274216
[setup in-reg] enable_cycle -> _88668_/D : -207.274216
[setup in-reg] enable_cycle -> _88669_/D : -207.274216
[setup in-reg] enable_cycle -> _88686_/D : -207.274216
[setup in-reg] enable_cycle -> _88687_/D : -207.274216
[setup in-reg] enable_cycle -> _88688_/D : -207.274216
[setup in-reg] enable_cycle -> _88689_/D : -207.274216
[setup in-reg] enable_cycle -> _88690_/D : -207.274216
[setup in-reg] enable_cycle -> _88691_/D : -207.274216
[setup in-reg] enable_cycle -> _88692_/D : -207.274216
[setup in-reg] enable_cycle -> _88693_/D : -207.274216
[setup in-reg] enable_cycle -> _88694_/D : -207.274216
[setup in-reg] enable_cycle -> _88695_/D : -207.274216
[setup in-reg] enable_cycle -> _88696_/D : -207.274216
[setup in-reg] enable_cycle -> _88697_/D : -207.274216
[setup in-reg] enable_cycle -> _88698_/D : -207.274216
[setup in-reg] enable_cycle -> _88699_/D : -207.274216
[setup in-reg] enable_cycle -> _88700_/D : -207.274216
[setup in-reg] enable_cycle -> _88701_/D : -207.274216
[setup in-reg] enable_cycle -> _88718_/D : -207.274216
[setup in-reg] enable_cycle -> _88719_/D : -207.274216
[setup in-reg] enable_cycle -> _88720_/D : -207.274216
[setup in-reg] enable_cycle -> _88721_/D : -207.274216
[setup in-reg] enable_cycle -> _88722_/D : -207.274216
[setup in-reg] enable_cycle -> _88723_/D : -207.274216
[setup in-reg] enable_cycle -> _88724_/D : -207.274216
[setup in-reg] enable_cycle -> _88725_/D : -207.274216
[setup in-reg] enable_cycle -> _88726_/D : -207.274216
[setup in-reg] enable_cycle -> _88727_/D : -207.274216
[setup in-reg] enable_cycle -> _88728_/D : -207.274216
[setup in-reg] enable_cycle -> _88729_/D : -207.274216
[setup in-reg] enable_cycle -> _88730_/D : -207.274216
[setup in-reg] enable_cycle -> _88731_/D : -207.274216
[setup in-reg] enable_cycle -> _88732_/D : -207.274216
[setup in-reg] enable_cycle -> _88733_/D : -207.274216
[setup in-reg] enable_cycle -> _88750_/D : -207.274216
[setup in-reg] enable_cycle -> _88751_/D : -207.274216
[setup in-reg] enable_cycle -> _88752_/D : -207.274216
[setup in-reg] enable_cycle -> _88753_/D : -207.274216
[setup in-reg] enable_cycle -> _88754_/D : -207.274216
[setup in-reg] enable_cycle -> _88755_/D : -207.274216
[setup in-reg] enable_cycle -> _88756_/D : -207.274216
[setup in-reg] enable_cycle -> _88757_/D : -207.274216
[setup in-reg] enable_cycle -> _88758_/D : -207.274216
[setup in-reg] enable_cycle -> _88759_/D : -207.274216
[setup in-reg] enable_cycle -> _88760_/D : -207.274216
[setup in-reg] enable_cycle -> _88761_/D : -207.274216
[setup in-reg] enable_cycle -> _88762_/D : -207.274216
[setup in-reg] enable_cycle -> _88763_/D : -207.274216
[setup in-reg] enable_cycle -> _88764_/D : -207.274216
[setup in-reg] enable_cycle -> _88765_/D : -207.274216
[setup in-reg] enable_cycle -> _88782_/D : -207.274216
[setup in-reg] enable_cycle -> _88783_/D : -207.274216
[setup in-reg] enable_cycle -> _88784_/D : -207.274216
[setup in-reg] enable_cycle -> _88785_/D : -207.274216
[setup in-reg] enable_cycle -> _88786_/D : -207.274216
[setup in-reg] enable_cycle -> _88787_/D : -207.274216
[setup in-reg] enable_cycle -> _88788_/D : -207.274216
[setup in-reg] enable_cycle -> _88789_/D : -207.274216
[setup in-reg] enable_cycle -> _88790_/D : -207.274216
[setup in-reg] enable_cycle -> _88791_/D : -207.274216
[setup in-reg] enable_cycle -> _88792_/D : -207.274216
[setup in-reg] enable_cycle -> _88793_/D : -207.274216
[setup in-reg] enable_cycle -> _88794_/D : -207.274216
[setup in-reg] enable_cycle -> _88795_/D : -207.274216
[setup in-reg] enable_cycle -> _88796_/D : -207.274216
[setup in-reg] enable_cycle -> _88797_/D : -207.274216
[setup in-reg] enable_cycle -> _88814_/D : -207.274216
[setup in-reg] enable_cycle -> _88815_/D : -207.274216
[setup in-reg] enable_cycle -> _88816_/D : -207.274216
[setup in-reg] enable_cycle -> _88817_/D : -207.274216
[setup in-reg] enable_cycle -> _88818_/D : -207.274216
[setup in-reg] enable_cycle -> _88819_/D : -207.274216
[setup in-reg] enable_cycle -> _88820_/D : -207.274216
[setup in-reg] enable_cycle -> _88821_/D : -207.274216
[setup in-reg] enable_cycle -> _88822_/D : -207.274216
[setup in-reg] enable_cycle -> _88823_/D : -207.274216
[setup in-reg] enable_cycle -> _88824_/D : -207.274216
[setup in-reg] enable_cycle -> _88825_/D : -207.274216
[setup in-reg] enable_cycle -> _88826_/D : -207.274216
[setup in-reg] enable_cycle -> _88827_/D : -207.274216
[setup in-reg] enable_cycle -> _88828_/D : -207.274216
[setup in-reg] enable_cycle -> _88829_/D : -207.274216
[setup in-reg] enable_cycle -> _88846_/D : -207.274216
[setup in-reg] enable_cycle -> _88847_/D : -207.274216
[setup in-reg] enable_cycle -> _88848_/D : -207.274216
[setup in-reg] enable_cycle -> _88849_/D : -207.274216
[setup in-reg] enable_cycle -> _88850_/D : -207.274216
[setup in-reg] enable_cycle -> _88851_/D : -207.274216
[setup in-reg] enable_cycle -> _88852_/D : -207.274216
[setup in-reg] enable_cycle -> _88853_/D : -207.274216
[setup in-reg] enable_cycle -> _88854_/D : -207.274216
[setup in-reg] enable_cycle -> _88855_/D : -207.274216
[setup in-reg] enable_cycle -> _88856_/D : -207.274216
[setup in-reg] enable_cycle -> _88857_/D : -207.274216
[setup in-reg] enable_cycle -> _88858_/D : -207.274216
[setup in-reg] enable_cycle -> _88859_/D : -207.274216
[setup in-reg] enable_cycle -> _88860_/D : -207.274216
[setup in-reg] enable_cycle -> _88861_/D : -207.274216
[setup in-reg] enable_cycle -> _88878_/D : -207.274216
[setup in-reg] enable_cycle -> _88879_/D : -207.274216
[setup in-reg] enable_cycle -> _88880_/D : -207.274216
[setup in-reg] enable_cycle -> _88881_/D : -207.274216
[setup in-reg] enable_cycle -> _88882_/D : -207.274216
[setup in-reg] enable_cycle -> _88883_/D : -207.274216
[setup in-reg] enable_cycle -> _88884_/D : -207.274216
[setup in-reg] enable_cycle -> _88885_/D : -207.274216
[setup in-reg] enable_cycle -> _88886_/D : -207.274216
[setup in-reg] enable_cycle -> _88887_/D : -207.274216
[setup in-reg] enable_cycle -> _88888_/D : -207.274216
[setup in-reg] enable_cycle -> _88889_/D : -207.274216
[setup in-reg] enable_cycle -> _88890_/D : -207.274216
[setup in-reg] enable_cycle -> _88891_/D : -207.274216
[setup in-reg] enable_cycle -> _88892_/D : -207.274216
[setup in-reg] enable_cycle -> _88893_/D : -207.274216
[setup in-reg] enable_cycle -> _88910_/D : -207.274216
[setup in-reg] enable_cycle -> _88911_/D : -207.274216
[setup in-reg] enable_cycle -> _88912_/D : -207.274216
[setup in-reg] enable_cycle -> _88913_/D : -207.274216
[setup in-reg] enable_cycle -> _88914_/D : -207.274216
[setup in-reg] enable_cycle -> _88915_/D : -207.274216
[setup in-reg] enable_cycle -> _88916_/D : -207.274216
[setup in-reg] enable_cycle -> _88917_/D : -207.274216
[setup in-reg] enable_cycle -> _88918_/D : -207.274216
[setup in-reg] enable_cycle -> _88919_/D : -207.274216
[setup in-reg] enable_cycle -> _88920_/D : -207.274216
[setup in-reg] enable_cycle -> _88921_/D : -207.274216
[setup in-reg] enable_cycle -> _88922_/D : -207.274216
[setup in-reg] enable_cycle -> _88923_/D : -207.274216
[setup in-reg] enable_cycle -> _88924_/D : -207.274216
[setup in-reg] enable_cycle -> _88925_/D : -207.274216
[setup in-reg] enable_cycle -> _88942_/D : -207.274216
[setup in-reg] enable_cycle -> _88943_/D : -207.274216
[setup in-reg] enable_cycle -> _88944_/D : -207.274216
[setup in-reg] enable_cycle -> _88945_/D : -207.274216
[setup in-reg] enable_cycle -> _88946_/D : -207.274216
[setup in-reg] enable_cycle -> _88947_/D : -207.274216
[setup in-reg] enable_cycle -> _88948_/D : -207.274216
[setup in-reg] enable_cycle -> _88949_/D : -207.274216
[setup in-reg] enable_cycle -> _88950_/D : -207.274216
[setup in-reg] enable_cycle -> _88951_/D : -207.274216
[setup in-reg] enable_cycle -> _88952_/D : -207.274216
[setup in-reg] enable_cycle -> _88953_/D : -207.274216
[setup in-reg] enable_cycle -> _88954_/D : -207.274216
[setup in-reg] enable_cycle -> _88955_/D : -207.274216
[setup in-reg] enable_cycle -> _88956_/D : -207.274216
[setup in-reg] enable_cycle -> _88957_/D : -207.274216
[setup in-reg] enable_cycle -> _88990_/D : -207.274216
[setup in-reg] enable_cycle -> _88991_/D : -207.274216
[setup in-reg] enable_cycle -> _88992_/D : -207.274216
[setup in-reg] enable_cycle -> _88993_/D : -207.274216
[setup in-reg] enable_cycle -> _88994_/D : -207.274216
[setup in-reg] enable_cycle -> _88995_/D : -207.274216
[setup in-reg] enable_cycle -> _88996_/D : -207.274216
[setup in-reg] enable_cycle -> _88997_/D : -207.274216
[setup in-reg] enable_cycle -> _88998_/D : -207.274216
[setup in-reg] enable_cycle -> _88999_/D : -207.274216
[setup in-reg] enable_cycle -> _89000_/D : -207.274216
[setup in-reg] enable_cycle -> _89001_/D : -207.274216
[setup in-reg] enable_cycle -> _89002_/D : -207.274216
[setup in-reg] enable_cycle -> _89003_/D : -207.274216
[setup in-reg] enable_cycle -> _89004_/D : -207.274216
[setup in-reg] enable_cycle -> _89005_/D : -207.274216
[setup in-reg] enable_cycle -> _89014_/D : -207.274216
[setup in-reg] enable_cycle -> _89015_/D : -207.274216
[setup in-reg] enable_cycle -> _89016_/D : -207.274216
[setup in-reg] enable_cycle -> _89017_/D : -207.274216
[setup in-reg] enable_cycle -> _89018_/D : -207.274216
[setup in-reg] enable_cycle -> _89019_/D : -207.274216
[setup in-reg] enable_cycle -> _89020_/D : -207.274216
[setup in-reg] enable_cycle -> _89021_/D : -207.274216
[setup in-reg] enable_cycle -> _89022_/D : -207.274216
[setup in-reg] enable_cycle -> _89023_/D : -207.274216
[setup in-reg] enable_cycle -> _89024_/D : -207.274216
[setup in-reg] enable_cycle -> _89025_/D : -207.274216
[setup in-reg] enable_cycle -> _89026_/D : -207.274216
[setup in-reg] enable_cycle -> _89027_/D : -207.274216
[setup in-reg] enable_cycle -> _89028_/D : -207.274216
[setup in-reg] enable_cycle -> _89029_/D : -207.274216
[setup in-reg] enable_cycle -> _89030_/D : -207.274216
[setup in-reg] enable_cycle -> _89031_/D : -207.274216
[setup in-reg] enable_cycle -> _89032_/D : -207.274216
[setup in-reg] enable_cycle -> _89033_/D : -207.274216
[setup in-reg] enable_cycle -> _89034_/D : -207.274216
[setup in-reg] enable_cycle -> _89035_/D : -207.274216
[setup in-reg] enable_cycle -> _89036_/D : -207.274216
[setup in-reg] enable_cycle -> _89037_/D : -207.274216
[setup in-reg] enable_cycle -> _89038_/D : -207.274216
[setup in-reg] enable_cycle -> _89039_/D : -207.274216
[setup in-reg] enable_cycle -> _89040_/D : -207.274216
[setup in-reg] enable_cycle -> _89041_/D : -207.274216
[setup in-reg] enable_cycle -> _89042_/D : -207.274216
[setup in-reg] enable_cycle -> _89043_/D : -207.274216
[setup in-reg] enable_cycle -> _89044_/D : -207.274216
[setup in-reg] enable_cycle -> _89045_/D : -207.274216
[setup in-reg] enable_cycle -> _89046_/D : -207.274216
[setup in-reg] enable_cycle -> _89145_/D : -207.274216
[setup in-reg] enable_cycle -> _89146_/D : -207.274216
[setup in-reg] enable_cycle -> _89147_/D : -207.274216
[setup in-reg] enable_cycle -> _89148_/D : -207.274216
[setup in-reg] enable_cycle -> _89149_/D : -207.274216
[setup in-reg] enable_cycle -> _89150_/D : -207.274216
[setup in-reg] enable_cycle -> _89151_/D : -207.274216
[setup in-reg] enable_cycle -> _89152_/D : -207.274216
[setup in-reg] enable_cycle -> _89153_/D : -207.274216
[setup in-reg] enable_cycle -> _89154_/D : -207.274216
[setup in-reg] enable_cycle -> _89155_/D : -207.274216
[setup in-reg] enable_cycle -> _89156_/D : -207.274216
[setup in-reg] enable_cycle -> _89157_/D : -207.274216
[setup in-reg] enable_cycle -> _89158_/D : -207.274216
[setup in-reg] enable_cycle -> _89159_/D : -207.274216
[setup in-reg] enable_cycle -> _89160_/D : -207.274216
[setup in-reg] enable_cycle -> _89161_/D : -207.274216
[setup in-reg] enable_cycle -> _89227_/D : -207.274216
[setup in-reg] enable_cycle -> _89228_/D : -207.274216
[setup in-reg] enable_cycle -> _89229_/D : -207.274216
[setup in-reg] enable_cycle -> _89230_/D : -207.274216
[setup in-reg] enable_cycle -> _89231_/D : -207.274216
[setup in-reg] enable_cycle -> _89232_/D : -207.274216
[setup in-reg] enable_cycle -> _89233_/D : -207.274216
[setup in-reg] enable_cycle -> _89234_/D : -207.274216
[setup in-reg] enable_cycle -> _89235_/D : -207.274216
[setup in-reg] enable_cycle -> _89236_/D : -207.274216
[setup in-reg] enable_cycle -> _89237_/D : -207.274216
[setup in-reg] enable_cycle -> _89238_/D : -207.274216
[setup in-reg] enable_cycle -> _89239_/D : -207.274216
[setup in-reg] enable_cycle -> _89240_/D : -207.274216
[setup in-reg] enable_cycle -> _89241_/D : -207.274216
[setup in-reg] enable_cycle -> _89242_/D : -207.274216
[setup in-reg] enable_cycle -> _89243_/D : -207.274216
[setup in-reg] enable_cycle -> _89309_/D : -207.274216
[setup in-reg] enable_cycle -> _89310_/D : -207.274216
[setup in-reg] enable_cycle -> _89311_/D : -207.274216
[setup in-reg] enable_cycle -> _89312_/D : -207.274216
[setup in-reg] enable_cycle -> _89313_/D : -207.274216
[setup in-reg] enable_cycle -> _89314_/D : -207.274216
[setup in-reg] enable_cycle -> _89315_/D : -207.274216
[setup in-reg] enable_cycle -> _89316_/D : -207.274216
[setup in-reg] enable_cycle -> _89317_/D : -207.274216
[setup in-reg] enable_cycle -> _89318_/D : -207.274216
[setup in-reg] enable_cycle -> _89319_/D : -207.274216
[setup in-reg] enable_cycle -> _89320_/D : -207.274216
[setup in-reg] enable_cycle -> _89321_/D : -207.274216
[setup in-reg] enable_cycle -> _89322_/D : -207.274216
[setup in-reg] enable_cycle -> _89323_/D : -207.274216
[setup in-reg] enable_cycle -> _89324_/D : -207.274216
[setup in-reg] enable_cycle -> _89325_/D : -207.274216
[setup in-reg] enable_cycle -> _89391_/D : -207.274216
[setup in-reg] enable_cycle -> _89392_/D : -207.274216
[setup in-reg] enable_cycle -> _89393_/D : -207.274216
[setup in-reg] enable_cycle -> _89394_/D : -207.274216
[setup in-reg] enable_cycle -> _89395_/D : -207.274216
[setup in-reg] enable_cycle -> _89396_/D : -207.274216
[setup in-reg] enable_cycle -> _89397_/D : -207.274216
[setup in-reg] enable_cycle -> _89398_/D : -207.274216
[setup in-reg] enable_cycle -> _89399_/D : -207.274216
[setup in-reg] enable_cycle -> _89400_/D : -207.274216
[setup in-reg] enable_cycle -> _89401_/D : -207.274216
[setup in-reg] enable_cycle -> _89402_/D : -207.274216
[setup in-reg] enable_cycle -> _89403_/D : -207.274216
[setup in-reg] enable_cycle -> _89404_/D : -207.274216
[setup in-reg] enable_cycle -> _89405_/D : -207.274216
[setup in-reg] enable_cycle -> _89406_/D : -207.274216
[setup in-reg] enable_cycle -> _89407_/D : -207.274216
[setup in-reg] enable_cycle -> _89473_/D : -207.274216
[setup in-reg] enable_cycle -> _89474_/D : -207.274216
[setup in-reg] enable_cycle -> _89475_/D : -207.274216
[setup in-reg] enable_cycle -> _89476_/D : -207.274216
[setup in-reg] enable_cycle -> _89477_/D : -207.274216
[setup in-reg] enable_cycle -> _89478_/D : -207.274216
[setup in-reg] enable_cycle -> _89479_/D : -207.274216
[setup in-reg] enable_cycle -> _89480_/D : -207.274216
[setup in-reg] enable_cycle -> _89481_/D : -207.274216
[setup in-reg] enable_cycle -> _89482_/D : -207.274216
[setup in-reg] enable_cycle -> _89483_/D : -207.274216
[setup in-reg] enable_cycle -> _89484_/D : -207.274216
[setup in-reg] enable_cycle -> _89485_/D : -207.274216
[setup in-reg] enable_cycle -> _89486_/D : -207.274216
[setup in-reg] enable_cycle -> _89487_/D : -207.274216
[setup in-reg] enable_cycle -> _89488_/D : -207.274216
[setup in-reg] enable_cycle -> _89489_/D : -207.274216
[setup in-reg] enable_cycle -> _89555_/D : -207.274216
[setup in-reg] enable_cycle -> _89556_/D : -207.274216
[setup in-reg] enable_cycle -> _89557_/D : -207.274216
[setup in-reg] enable_cycle -> _89558_/D : -207.274216
[setup in-reg] enable_cycle -> _89559_/D : -207.274216
[setup in-reg] enable_cycle -> _89560_/D : -207.274216
[setup in-reg] enable_cycle -> _89561_/D : -207.274216
[setup in-reg] enable_cycle -> _89562_/D : -207.274216
[setup in-reg] enable_cycle -> _89563_/D : -207.274216
[setup in-reg] enable_cycle -> _89564_/D : -207.274216
[setup in-reg] enable_cycle -> _89565_/D : -207.274216
[setup in-reg] enable_cycle -> _89566_/D : -207.274216
[setup in-reg] enable_cycle -> _89567_/D : -207.274216
[setup in-reg] enable_cycle -> _89568_/D : -207.274216
[setup in-reg] enable_cycle -> _89569_/D : -207.274216
[setup in-reg] enable_cycle -> _89570_/D : -207.274216
[setup in-reg] enable_cycle -> _89571_/D : -207.274216
[setup in-reg] enable_cycle -> _89620_/D : -207.274216
[setup in-reg] enable_cycle -> _89621_/D : -207.274216
[setup in-reg] enable_cycle -> _89622_/D : -207.274216
[setup in-reg] enable_cycle -> _89623_/D : -207.274216
[setup in-reg] enable_cycle -> _89624_/D : -207.274216
[setup in-reg] enable_cycle -> _89625_/D : -207.274216
[setup in-reg] enable_cycle -> _89626_/D : -207.274216
[setup in-reg] enable_cycle -> _89627_/D : -207.274216
[setup in-reg] enable_cycle -> _89628_/D : -207.274216
[setup in-reg] enable_cycle -> _89629_/D : -207.274216
[setup in-reg] enable_cycle -> _89630_/D : -207.274216
[setup in-reg] enable_cycle -> _89631_/D : -207.274216
[setup in-reg] enable_cycle -> _89632_/D : -207.274216
[setup in-reg] enable_cycle -> _89633_/D : -207.274216
[setup in-reg] enable_cycle -> _89634_/D : -207.274216
[setup in-reg] enable_cycle -> _89635_/D : -207.274216
[setup in-reg] enable_cycle -> _89636_/D : -207.274216
[setup in-reg] enable_cycle -> _89662_/D : -207.274216
[setup in-reg] enable_cycle -> _89663_/D : -207.274216
[setup in-reg] enable_cycle -> _89664_/D : -207.274216
[setup in-reg] enable_cycle -> _89665_/D : -207.274216
[setup in-reg] enable_cycle -> _89666_/D : -207.274216
[setup in-reg] enable_cycle -> _89667_/D : -207.274216
[setup in-reg] enable_cycle -> _89668_/D : -207.274216
[setup in-reg] enable_cycle -> _89669_/D : -207.274216
[setup in-reg] enable_cycle -> _89670_/D : -207.274216
[setup in-reg] enable_cycle -> _89671_/D : -207.274216
[setup in-reg] enable_cycle -> _89672_/D : -207.274216
[setup in-reg] enable_cycle -> _89673_/D : -207.274216
[setup in-reg] enable_cycle -> _89674_/D : -207.274216
[setup in-reg] enable_cycle -> _89675_/D : -207.274216
[setup in-reg] enable_cycle -> _89676_/D : -207.274216
[setup in-reg] enable_cycle -> _89677_/D : -207.274216
[setup in-reg] enable_cycle -> _89678_/D : -207.274216
[setup in-reg] enable_cycle -> _89679_/D : -207.274216
[setup in-reg] enable_cycle -> _89781_/D : -207.274216
[setup in-reg] enable_cycle -> _89782_/D : -207.274216
[setup in-reg] enable_cycle -> _89783_/D : -207.274216
[setup in-reg] enable_cycle -> _89784_/D : -207.274216
[setup in-reg] enable_cycle -> _89785_/D : -207.274216
[setup in-reg] enable_cycle -> _89786_/D : -207.274216
[setup in-reg] enable_cycle -> _89787_/D : -207.274216
[setup in-reg] enable_cycle -> _89788_/D : -207.274216
[setup in-reg] enable_cycle -> _89789_/D : -207.274216
[setup in-reg] enable_cycle -> _89790_/D : -207.274216
[setup in-reg] enable_cycle -> _89791_/D : -207.274216
[setup in-reg] enable_cycle -> _89792_/D : -207.274216
[setup in-reg] enable_cycle -> _89793_/D : -207.274216
[setup in-reg] enable_cycle -> _89794_/D : -207.274216
[setup in-reg] enable_cycle -> _89795_/D : -207.274216
[setup in-reg] enable_cycle -> _89796_/D : -207.274216
[setup in-reg] enable_cycle -> _89797_/D : -207.274216
[setup in-reg] enable_cycle -> _89798_/D : -207.274216
[setup in-reg] enable_cycle -> _89866_/D : -207.274216
[setup in-reg] enable_cycle -> _89867_/D : -207.274216
[setup in-reg] enable_cycle -> _89868_/D : -207.274216
[setup in-reg] enable_cycle -> _89869_/D : -207.274216
[setup in-reg] enable_cycle -> _89870_/D : -207.274216
[setup in-reg] enable_cycle -> _89871_/D : -207.274216
[setup in-reg] enable_cycle -> _89872_/D : -207.274216
[setup in-reg] enable_cycle -> _89873_/D : -207.274216
[setup in-reg] enable_cycle -> _89874_/D : -207.274216
[setup in-reg] enable_cycle -> _89875_/D : -207.274216
[setup in-reg] enable_cycle -> _89876_/D : -207.274216
[setup in-reg] enable_cycle -> _89877_/D : -207.274216
[setup in-reg] enable_cycle -> _89878_/D : -207.274216
[setup in-reg] enable_cycle -> _89879_/D : -207.274216
[setup in-reg] enable_cycle -> _89880_/D : -207.274216
[setup in-reg] enable_cycle -> _89881_/D : -207.274216
[setup in-reg] enable_cycle -> _89882_/D : -207.274216
[setup in-reg] enable_cycle -> _89883_/D : -207.274216
[setup in-reg] enable_cycle -> _89951_/D : -207.274216
[setup in-reg] enable_cycle -> _89952_/D : -207.274216
[setup in-reg] enable_cycle -> _89953_/D : -207.274216
[setup in-reg] enable_cycle -> _89954_/D : -207.274216
[setup in-reg] enable_cycle -> _89955_/D : -207.274216
[setup in-reg] enable_cycle -> _89956_/D : -207.274216
[setup in-reg] enable_cycle -> _89957_/D : -207.274216
[setup in-reg] enable_cycle -> _89958_/D : -207.274216
[setup in-reg] enable_cycle -> _89959_/D : -207.274216
[setup in-reg] enable_cycle -> _89960_/D : -207.274216
[setup in-reg] enable_cycle -> _89961_/D : -207.274216
[setup in-reg] enable_cycle -> _89962_/D : -207.274216
[setup in-reg] enable_cycle -> _89963_/D : -207.274216
[setup in-reg] enable_cycle -> _89964_/D : -207.274216
[setup in-reg] enable_cycle -> _89965_/D : -207.274216
[setup in-reg] enable_cycle -> _89966_/D : -207.274216
[setup in-reg] enable_cycle -> _89967_/D : -207.274216
[setup in-reg] enable_cycle -> _89968_/D : -207.274216
[setup in-reg] enable_cycle -> _90036_/D : -207.274216
[setup in-reg] enable_cycle -> _90037_/D : -207.274216
[setup in-reg] enable_cycle -> _90038_/D : -207.274216
[setup in-reg] enable_cycle -> _90039_/D : -207.274216
[setup in-reg] enable_cycle -> _90040_/D : -207.274216
[setup in-reg] enable_cycle -> _90041_/D : -207.274216
[setup in-reg] enable_cycle -> _90042_/D : -207.274216
[setup in-reg] enable_cycle -> _90043_/D : -207.274216
[setup in-reg] enable_cycle -> _90044_/D : -207.274216
[setup in-reg] enable_cycle -> _90045_/D : -207.274216
[setup in-reg] enable_cycle -> _90046_/D : -207.274216
[setup in-reg] enable_cycle -> _90047_/D : -207.274216
[setup in-reg] enable_cycle -> _90048_/D : -207.274216
[setup in-reg] enable_cycle -> _90049_/D : -207.274216
[setup in-reg] enable_cycle -> _90050_/D : -207.274216
[setup in-reg] enable_cycle -> _90051_/D : -207.274216
[setup in-reg] enable_cycle -> _90052_/D : -207.274216
[setup in-reg] enable_cycle -> _90053_/D : -207.274216
[setup in-reg] enable_cycle -> _90121_/D : -207.274216
[setup in-reg] enable_cycle -> _90122_/D : -207.274216
[setup in-reg] enable_cycle -> _90123_/D : -207.274216
[setup in-reg] enable_cycle -> _90124_/D : -207.274216
[setup in-reg] enable_cycle -> _90125_/D : -207.274216
[setup in-reg] enable_cycle -> _90126_/D : -207.274216
[setup in-reg] enable_cycle -> _90127_/D : -207.274216
[setup in-reg] enable_cycle -> _90128_/D : -207.274216
[setup in-reg] enable_cycle -> _90129_/D : -207.274216
[setup in-reg] enable_cycle -> _90130_/D : -207.274216
[setup in-reg] enable_cycle -> _90131_/D : -207.274216
[setup in-reg] enable_cycle -> _90132_/D : -207.274216
[setup in-reg] enable_cycle -> _90133_/D : -207.274216
[setup in-reg] enable_cycle -> _90134_/D : -207.274216
[setup in-reg] enable_cycle -> _90135_/D : -207.274216
[setup in-reg] enable_cycle -> _90136_/D : -207.274216
[setup in-reg] enable_cycle -> _90137_/D : -207.274216
[setup in-reg] enable_cycle -> _90138_/D : -207.274216
[setup in-reg] enable_cycle -> _90206_/D : -207.274216
[setup in-reg] enable_cycle -> _90207_/D : -207.274216
[setup in-reg] enable_cycle -> _90208_/D : -207.274216
[setup in-reg] enable_cycle -> _90209_/D : -207.274216
[setup in-reg] enable_cycle -> _90210_/D : -207.274216
[setup in-reg] enable_cycle -> _90211_/D : -207.274216
[setup in-reg] enable_cycle -> _90212_/D : -207.274216
[setup in-reg] enable_cycle -> _90213_/D : -207.274216
[setup in-reg] enable_cycle -> _90214_/D : -207.274216
[setup in-reg] enable_cycle -> _90215_/D : -207.274216
[setup in-reg] enable_cycle -> _90216_/D : -207.274216
[setup in-reg] enable_cycle -> _90217_/D : -207.274216
[setup in-reg] enable_cycle -> _90218_/D : -207.274216
[setup in-reg] enable_cycle -> _90219_/D : -207.274216
[setup in-reg] enable_cycle -> _90220_/D : -207.274216
[setup in-reg] enable_cycle -> _90221_/D : -207.274216
[setup in-reg] enable_cycle -> _90222_/D : -207.274216
[setup in-reg] enable_cycle -> _90223_/D : -207.274216
[setup in-reg] enable_cycle -> _90273_/D : -207.274216
[setup in-reg] enable_cycle -> _90274_/D : -207.274216
[setup in-reg] enable_cycle -> _90275_/D : -207.274216
[setup in-reg] enable_cycle -> _90276_/D : -207.274216
[setup in-reg] enable_cycle -> _90277_/D : -207.274216
[setup in-reg] enable_cycle -> _90278_/D : -207.274216
[setup in-reg] enable_cycle -> _90279_/D : -207.274216
[setup in-reg] enable_cycle -> _90280_/D : -207.274216
[setup in-reg] enable_cycle -> _90281_/D : -207.274216
[setup in-reg] enable_cycle -> _90282_/D : -207.274216
[setup in-reg] enable_cycle -> _90283_/D : -207.274216
[setup in-reg] enable_cycle -> _90284_/D : -207.274216
[setup in-reg] enable_cycle -> _90285_/D : -207.274216
[setup in-reg] enable_cycle -> _90286_/D : -207.274216
[setup in-reg] enable_cycle -> _90287_/D : -207.274216
[setup in-reg] enable_cycle -> _90288_/D : -207.274216
[setup in-reg] enable_cycle -> _90289_/D : -207.274216
[setup in-reg] enable_cycle -> _90290_/D : -207.274216
[setup in-reg] enable_cycle -> _90317_/D : -207.274216
[setup in-reg] enable_cycle -> _90318_/D : -207.274216
[setup in-reg] enable_cycle -> _90319_/D : -207.274216
[setup in-reg] enable_cycle -> _90320_/D : -207.274216
[setup in-reg] enable_cycle -> _90321_/D : -207.274216
[setup in-reg] enable_cycle -> _90322_/D : -207.274216
[setup in-reg] enable_cycle -> _90323_/D : -207.274216
[setup in-reg] enable_cycle -> _90324_/D : -207.274216
[setup in-reg] enable_cycle -> _90325_/D : -207.274216
[setup in-reg] enable_cycle -> _90326_/D : -207.274216
[setup in-reg] enable_cycle -> _90327_/D : -207.274216
[setup in-reg] enable_cycle -> _90328_/D : -207.274216
[setup in-reg] enable_cycle -> _90329_/D : -207.274216
[setup in-reg] enable_cycle -> _90330_/D : -207.274216
[setup in-reg] enable_cycle -> _90331_/D : -207.274216
[setup in-reg] enable_cycle -> _90332_/D : -207.274216
[setup in-reg] enable_cycle -> _90333_/D : -207.274216
[setup in-reg] enable_cycle -> _90334_/D : -207.274216
[setup in-reg] enable_cycle -> _90335_/D : -207.274216
[setup in-reg] enable_cycle -> _90440_/D : -207.274216
[setup in-reg] enable_cycle -> _90441_/D : -207.274216
[setup in-reg] enable_cycle -> _90442_/D : -207.274216
[setup in-reg] enable_cycle -> _90443_/D : -207.274216
[setup in-reg] enable_cycle -> _90444_/D : -207.274216
[setup in-reg] enable_cycle -> _90445_/D : -207.274216
[setup in-reg] enable_cycle -> _90446_/D : -207.274216
[setup in-reg] enable_cycle -> _90447_/D : -207.274216
[setup in-reg] enable_cycle -> _90448_/D : -207.274216
[setup in-reg] enable_cycle -> _90449_/D : -207.274216
[setup in-reg] enable_cycle -> _90450_/D : -207.274216
[setup in-reg] enable_cycle -> _90451_/D : -207.274216
[setup in-reg] enable_cycle -> _90452_/D : -207.274216
[setup in-reg] enable_cycle -> _90453_/D : -207.274216
[setup in-reg] enable_cycle -> _90454_/D : -207.274216
[setup in-reg] enable_cycle -> _90455_/D : -207.274216
[setup in-reg] enable_cycle -> _90456_/D : -207.274216
[setup in-reg] enable_cycle -> _90457_/D : -207.274216
[setup in-reg] enable_cycle -> _90458_/D : -207.274216
[setup in-reg] enable_cycle -> _90528_/D : -207.274216
[setup in-reg] enable_cycle -> _90529_/D : -207.274216
[setup in-reg] enable_cycle -> _90530_/D : -207.274216
[setup in-reg] enable_cycle -> _90531_/D : -207.274216
[setup in-reg] enable_cycle -> _90532_/D : -207.274216
[setup in-reg] enable_cycle -> _90533_/D : -207.274216
[setup in-reg] enable_cycle -> _90534_/D : -207.274216
[setup in-reg] enable_cycle -> _90535_/D : -207.274216
[setup in-reg] enable_cycle -> _90536_/D : -207.274216
[setup in-reg] enable_cycle -> _90537_/D : -207.274216
[setup in-reg] enable_cycle -> _90538_/D : -207.274216
[setup in-reg] enable_cycle -> _90539_/D : -207.274216
[setup in-reg] enable_cycle -> _90540_/D : -207.274216
[setup in-reg] enable_cycle -> _90541_/D : -207.274216
[setup in-reg] enable_cycle -> _90542_/D : -207.274216
[setup in-reg] enable_cycle -> _90543_/D : -207.274216
[setup in-reg] enable_cycle -> _90544_/D : -207.274216
[setup in-reg] enable_cycle -> _90545_/D : -207.274216
[setup in-reg] enable_cycle -> _90546_/D : -207.274216
[setup in-reg] enable_cycle -> _90616_/D : -207.274216
[setup in-reg] enable_cycle -> _90617_/D : -207.274216
[setup in-reg] enable_cycle -> _90618_/D : -207.274216
[setup in-reg] enable_cycle -> _90619_/D : -207.274216
[setup in-reg] enable_cycle -> _90620_/D : -207.274216
[setup in-reg] enable_cycle -> _90621_/D : -207.274216
[setup in-reg] enable_cycle -> _90622_/D : -207.274216
[setup in-reg] enable_cycle -> _90623_/D : -207.274216
[setup in-reg] enable_cycle -> _90624_/D : -207.274216
[setup in-reg] enable_cycle -> _90625_/D : -207.274216
[setup in-reg] enable_cycle -> _90626_/D : -207.274216
[setup in-reg] enable_cycle -> _90627_/D : -207.274216
[setup in-reg] enable_cycle -> _90628_/D : -207.274216
[setup in-reg] enable_cycle -> _90629_/D : -207.274216
[setup in-reg] enable_cycle -> _90630_/D : -207.274216
[setup in-reg] enable_cycle -> _90631_/D : -207.274216
[setup in-reg] enable_cycle -> _90632_/D : -207.274216
[setup in-reg] enable_cycle -> _90633_/D : -207.274216
[setup in-reg] enable_cycle -> _90634_/D : -207.274216
[setup in-reg] enable_cycle -> _90704_/D : -207.274216
[setup in-reg] enable_cycle -> _90705_/D : -207.274216
[setup in-reg] enable_cycle -> _90706_/D : -207.274216
[setup in-reg] enable_cycle -> _90707_/D : -207.274216
[setup in-reg] enable_cycle -> _90708_/D : -207.274216
[setup in-reg] enable_cycle -> _90709_/D : -207.274216
[setup in-reg] enable_cycle -> _90710_/D : -207.274216
[setup in-reg] enable_cycle -> _90711_/D : -207.274216
[setup in-reg] enable_cycle -> _90712_/D : -207.274216
[setup in-reg] enable_cycle -> _90713_/D : -207.274216
[setup in-reg] enable_cycle -> _90714_/D : -207.274216
[setup in-reg] enable_cycle -> _90715_/D : -207.274216
[setup in-reg] enable_cycle -> _90716_/D : -207.274216
[setup in-reg] enable_cycle -> _90717_/D : -207.274216
[setup in-reg] enable_cycle -> _90718_/D : -207.274216
[setup in-reg] enable_cycle -> _90719_/D : -207.274216
[setup in-reg] enable_cycle -> _90720_/D : -207.274216
[setup in-reg] enable_cycle -> _90721_/D : -207.274216
[setup in-reg] enable_cycle -> _90722_/D : -207.274216
[setup in-reg] enable_cycle -> _90792_/D : -207.274216
[setup in-reg] enable_cycle -> _90793_/D : -207.274216
[setup in-reg] enable_cycle -> _90794_/D : -207.274216
[setup in-reg] enable_cycle -> _90795_/D : -207.274216
[setup in-reg] enable_cycle -> _90796_/D : -207.274216
[setup in-reg] enable_cycle -> _90797_/D : -207.274216
[setup in-reg] enable_cycle -> _90798_/D : -207.274216
[setup in-reg] enable_cycle -> _90799_/D : -207.274216
[setup in-reg] enable_cycle -> _90800_/D : -207.274216
[setup in-reg] enable_cycle -> _90801_/D : -207.274216
[setup in-reg] enable_cycle -> _90802_/D : -207.274216
[setup in-reg] enable_cycle -> _90803_/D : -207.274216
[setup in-reg] enable_cycle -> _90804_/D : -207.274216
[setup in-reg] enable_cycle -> _90805_/D : -207.274216
[setup in-reg] enable_cycle -> _90806_/D : -207.274216
[setup in-reg] enable_cycle -> _90807_/D : -207.274216
[setup in-reg] enable_cycle -> _90808_/D : -207.274216
[setup in-reg] enable_cycle -> _90809_/D : -207.274216
[setup in-reg] enable_cycle -> _90810_/D : -207.274216
[setup in-reg] enable_cycle -> _90880_/D : -207.274216
[setup in-reg] enable_cycle -> _90881_/D : -207.274216
[setup in-reg] enable_cycle -> _90882_/D : -207.274216
[setup in-reg] enable_cycle -> _90883_/D : -207.274216
[setup in-reg] enable_cycle -> _90884_/D : -207.274216
[setup in-reg] enable_cycle -> _90885_/D : -207.274216
[setup in-reg] enable_cycle -> _90886_/D : -207.274216
[setup in-reg] enable_cycle -> _90887_/D : -207.274216
[setup in-reg] enable_cycle -> _90888_/D : -207.274216
[setup in-reg] enable_cycle -> _90889_/D : -207.274216
[setup in-reg] enable_cycle -> _90890_/D : -207.274216
[setup in-reg] enable_cycle -> _90891_/D : -207.274216
[setup in-reg] enable_cycle -> _90892_/D : -207.274216
[setup in-reg] enable_cycle -> _90893_/D : -207.274216
[setup in-reg] enable_cycle -> _90894_/D : -207.274216
[setup in-reg] enable_cycle -> _90895_/D : -207.274216
[setup in-reg] enable_cycle -> _90896_/D : -207.274216
[setup in-reg] enable_cycle -> _90897_/D : -207.274216
[setup in-reg] enable_cycle -> _90898_/D : -207.274216
[setup in-reg] enable_cycle -> _90949_/D : -207.274216
[setup in-reg] enable_cycle -> _90950_/D : -207.274216
[setup in-reg] enable_cycle -> _90951_/D : -207.274216
[setup in-reg] enable_cycle -> _90952_/D : -207.274216
[setup in-reg] enable_cycle -> _90953_/D : -207.274216
[setup in-reg] enable_cycle -> _90954_/D : -207.274216
[setup in-reg] enable_cycle -> _90955_/D : -207.274216
[setup in-reg] enable_cycle -> _90956_/D : -207.274216
[setup in-reg] enable_cycle -> _90957_/D : -207.274216
[setup in-reg] enable_cycle -> _90958_/D : -207.274216
[setup in-reg] enable_cycle -> _90959_/D : -207.274216
[setup in-reg] enable_cycle -> _90960_/D : -207.274216
[setup in-reg] enable_cycle -> _90961_/D : -207.274216
[setup in-reg] enable_cycle -> _90962_/D : -207.274216
[setup in-reg] enable_cycle -> _90963_/D : -207.274216
[setup in-reg] enable_cycle -> _90964_/D : -207.274216
[setup in-reg] enable_cycle -> _90965_/D : -207.274216
[setup in-reg] enable_cycle -> _90966_/D : -207.274216
[setup in-reg] enable_cycle -> _90967_/D : -207.274216
[setup in-reg] enable_cycle -> _90995_/D : -207.274216
[setup in-reg] enable_cycle -> _90996_/D : -207.274216
[setup in-reg] enable_cycle -> _90997_/D : -207.274216
[setup in-reg] enable_cycle -> _90998_/D : -207.274216
[setup in-reg] enable_cycle -> _90999_/D : -207.274216
[setup in-reg] enable_cycle -> _91000_/D : -207.274216
[setup in-reg] enable_cycle -> _91001_/D : -207.274216
[setup in-reg] enable_cycle -> _91002_/D : -207.274216
[setup in-reg] enable_cycle -> _91003_/D : -207.274216
[setup in-reg] enable_cycle -> _91004_/D : -207.274216
[setup in-reg] enable_cycle -> _91005_/D : -207.274216
[setup in-reg] enable_cycle -> _91006_/D : -207.274216
[setup in-reg] enable_cycle -> _91007_/D : -207.274216
[setup in-reg] enable_cycle -> _91008_/D : -207.274216
[setup in-reg] enable_cycle -> _91009_/D : -207.274216
[setup in-reg] enable_cycle -> _91010_/D : -207.274216
[setup in-reg] enable_cycle -> _91011_/D : -207.274216
[setup in-reg] enable_cycle -> _91012_/D : -207.274216
[setup in-reg] enable_cycle -> _91013_/D : -207.274216
[setup in-reg] enable_cycle -> _91014_/D : -207.274216
[setup in-reg] enable_cycle -> _91122_/D : -207.274216
[setup in-reg] enable_cycle -> _91123_/D : -207.274216
[setup in-reg] enable_cycle -> _91124_/D : -207.274216
[setup in-reg] enable_cycle -> _91125_/D : -207.274216
[setup in-reg] enable_cycle -> _91126_/D : -207.274216
[setup in-reg] enable_cycle -> _91127_/D : -207.274216
[setup in-reg] enable_cycle -> _91128_/D : -207.274216
[setup in-reg] enable_cycle -> _91129_/D : -207.274216
[setup in-reg] enable_cycle -> _91130_/D : -207.274216
[setup in-reg] enable_cycle -> _91131_/D : -207.274216
[setup in-reg] enable_cycle -> _91132_/D : -207.274216
[setup in-reg] enable_cycle -> _91133_/D : -207.274216
[setup in-reg] enable_cycle -> _91134_/D : -207.274216
[setup in-reg] enable_cycle -> _91135_/D : -207.274216
[setup in-reg] enable_cycle -> _91136_/D : -207.274216
[setup in-reg] enable_cycle -> _91137_/D : -207.274216
[setup in-reg] enable_cycle -> _91138_/D : -207.274216
[setup in-reg] enable_cycle -> _91139_/D : -207.274216
[setup in-reg] enable_cycle -> _91140_/D : -207.274216
[setup in-reg] enable_cycle -> _91141_/D : -207.274216
[setup in-reg] enable_cycle -> _91213_/D : -207.274216
[setup in-reg] enable_cycle -> _91214_/D : -207.274216
[setup in-reg] enable_cycle -> _91215_/D : -207.274216
[setup in-reg] enable_cycle -> _91216_/D : -207.274216
[setup in-reg] enable_cycle -> _91217_/D : -207.274216
[setup in-reg] enable_cycle -> _91218_/D : -207.274216
[setup in-reg] enable_cycle -> _91219_/D : -207.274216
[setup in-reg] enable_cycle -> _91220_/D : -207.274216
[setup in-reg] enable_cycle -> _91221_/D : -207.274216
[setup in-reg] enable_cycle -> _91222_/D : -207.274216
[setup in-reg] enable_cycle -> _91223_/D : -207.274216
[setup in-reg] enable_cycle -> _91224_/D : -207.274216
[setup in-reg] enable_cycle -> _91225_/D : -207.274216
[setup in-reg] enable_cycle -> _91226_/D : -207.274216
[setup in-reg] enable_cycle -> _91227_/D : -207.274216
[setup in-reg] enable_cycle -> _91228_/D : -207.274216
[setup in-reg] enable_cycle -> _91229_/D : -207.274216
[setup in-reg] enable_cycle -> _91230_/D : -207.274216
[setup in-reg] enable_cycle -> _91231_/D : -207.274216
[setup in-reg] enable_cycle -> _91232_/D : -207.274216
[setup in-reg] enable_cycle -> _91304_/D : -207.274216
[setup in-reg] enable_cycle -> _91305_/D : -207.274216
[setup in-reg] enable_cycle -> _91306_/D : -207.274216
[setup in-reg] enable_cycle -> _91307_/D : -207.274216
[setup in-reg] enable_cycle -> _91308_/D : -207.274216
[setup in-reg] enable_cycle -> _91309_/D : -207.274216
[setup in-reg] enable_cycle -> _91310_/D : -207.274216
[setup in-reg] enable_cycle -> _91311_/D : -207.274216
[setup in-reg] enable_cycle -> _91312_/D : -207.274216
[setup in-reg] enable_cycle -> _91313_/D : -207.274216
[setup in-reg] enable_cycle -> _91314_/D : -207.274216
[setup in-reg] enable_cycle -> _91315_/D : -207.274216
[setup in-reg] enable_cycle -> _91316_/D : -207.274216
[setup in-reg] enable_cycle -> _91317_/D : -207.274216
[setup in-reg] enable_cycle -> _91318_/D : -207.274216
[setup in-reg] enable_cycle -> _91319_/D : -207.274216
[setup in-reg] enable_cycle -> _91320_/D : -207.274216
[setup in-reg] enable_cycle -> _91321_/D : -207.274216
[setup in-reg] enable_cycle -> _91322_/D : -207.274216
[setup in-reg] enable_cycle -> _91323_/D : -207.274216
[setup in-reg] enable_cycle -> _91395_/D : -207.274216
[setup in-reg] enable_cycle -> _91396_/D : -207.274216
[setup in-reg] enable_cycle -> _91397_/D : -207.274216
[setup in-reg] enable_cycle -> _91398_/D : -207.274216
[setup in-reg] enable_cycle -> _91399_/D : -207.274216
[setup in-reg] enable_cycle -> _91400_/D : -207.274216
[setup in-reg] enable_cycle -> _91401_/D : -207.274216
[setup in-reg] enable_cycle -> _91402_/D : -207.274216
[setup in-reg] enable_cycle -> _91403_/D : -207.274216
[setup in-reg] enable_cycle -> _91404_/D : -207.274216
[setup in-reg] enable_cycle -> _91405_/D : -207.274216
[setup in-reg] enable_cycle -> _91406_/D : -207.274216
[setup in-reg] enable_cycle -> _91407_/D : -207.274216
[setup in-reg] enable_cycle -> _91408_/D : -207.274216
[setup in-reg] enable_cycle -> _91409_/D : -207.274216
[setup in-reg] enable_cycle -> _91410_/D : -207.274216
[setup in-reg] enable_cycle -> _91411_/D : -207.274216
[setup in-reg] enable_cycle -> _91412_/D : -207.274216
[setup in-reg] enable_cycle -> _91413_/D : -207.274216
[setup in-reg] enable_cycle -> _91414_/D : -207.274216
[setup in-reg] enable_cycle -> _91486_/D : -207.274216
[setup in-reg] enable_cycle -> _91487_/D : -207.274216
[setup in-reg] enable_cycle -> _91488_/D : -207.274216
[setup in-reg] enable_cycle -> _91489_/D : -207.274216
[setup in-reg] enable_cycle -> _91490_/D : -207.274216
[setup in-reg] enable_cycle -> _91491_/D : -207.274216
[setup in-reg] enable_cycle -> _91492_/D : -207.274216
[setup in-reg] enable_cycle -> _91493_/D : -207.274216
[setup in-reg] enable_cycle -> _91494_/D : -207.274216
[setup in-reg] enable_cycle -> _91495_/D : -207.274216
[setup in-reg] enable_cycle -> _91496_/D : -207.274216
[setup in-reg] enable_cycle -> _91497_/D : -207.274216
[setup in-reg] enable_cycle -> _91498_/D : -207.274216
[setup in-reg] enable_cycle -> _91499_/D : -207.274216
[setup in-reg] enable_cycle -> _91500_/D : -207.274216
[setup in-reg] enable_cycle -> _91501_/D : -207.274216
[setup in-reg] enable_cycle -> _91502_/D : -207.274216
[setup in-reg] enable_cycle -> _91503_/D : -207.274216
[setup in-reg] enable_cycle -> _91504_/D : -207.274216
[setup in-reg] enable_cycle -> _91505_/D : -207.274216
[setup in-reg] enable_cycle -> _91577_/D : -207.274216
[setup in-reg] enable_cycle -> _91578_/D : -207.274216
[setup in-reg] enable_cycle -> _91579_/D : -207.274216
[setup in-reg] enable_cycle -> _91580_/D : -207.274216
[setup in-reg] enable_cycle -> _91581_/D : -207.274216
[setup in-reg] enable_cycle -> _91582_/D : -207.274216
[setup in-reg] enable_cycle -> _91583_/D : -207.274216
[setup in-reg] enable_cycle -> _91584_/D : -207.274216
[setup in-reg] enable_cycle -> _91585_/D : -207.274216
[setup in-reg] enable_cycle -> _91586_/D : -207.274216
[setup in-reg] enable_cycle -> _91587_/D : -207.274216
[setup in-reg] enable_cycle -> _91588_/D : -207.274216
[setup in-reg] enable_cycle -> _91589_/D : -207.274216
[setup in-reg] enable_cycle -> _91590_/D : -207.274216
[setup in-reg] enable_cycle -> _91591_/D : -207.274216
[setup in-reg] enable_cycle -> _91592_/D : -207.274216
[setup in-reg] enable_cycle -> _91593_/D : -207.274216
[setup in-reg] enable_cycle -> _91594_/D : -207.274216
[setup in-reg] enable_cycle -> _91595_/D : -207.274216
[setup in-reg] enable_cycle -> _91596_/D : -207.274216
[setup in-reg] enable_cycle -> _91648_/D : -207.274216
[setup in-reg] enable_cycle -> _91649_/D : -207.274216
[setup in-reg] enable_cycle -> _91650_/D : -207.274216
[setup in-reg] enable_cycle -> _91651_/D : -207.274216
[setup in-reg] enable_cycle -> _91652_/D : -207.274216
[setup in-reg] enable_cycle -> _91653_/D : -207.274216
[setup in-reg] enable_cycle -> _91654_/D : -207.274216
[setup in-reg] enable_cycle -> _91655_/D : -207.274216
[setup in-reg] enable_cycle -> _91656_/D : -207.274216
[setup in-reg] enable_cycle -> _91657_/D : -207.274216
[setup in-reg] enable_cycle -> _91658_/D : -207.274216
[setup in-reg] enable_cycle -> _91659_/D : -207.274216
[setup in-reg] enable_cycle -> _91660_/D : -207.274216
[setup in-reg] enable_cycle -> _91661_/D : -207.274216
[setup in-reg] enable_cycle -> _91662_/D : -207.274216
[setup in-reg] enable_cycle -> _91663_/D : -207.274216
[setup in-reg] enable_cycle -> _91664_/D : -207.274216
[setup in-reg] enable_cycle -> _91665_/D : -207.274216
[setup in-reg] enable_cycle -> _91666_/D : -207.274216
[setup in-reg] enable_cycle -> _91667_/D : -207.274216
[setup in-reg] enable_cycle -> _91696_/D : -207.274216
[setup in-reg] enable_cycle -> _91697_/D : -207.274216
[setup in-reg] enable_cycle -> _91698_/D : -207.274216
[setup in-reg] enable_cycle -> _91699_/D : -207.274216
[setup in-reg] enable_cycle -> _91700_/D : -207.274216
[setup in-reg] enable_cycle -> _91701_/D : -207.274216
[setup in-reg] enable_cycle -> _91702_/D : -207.274216
[setup in-reg] enable_cycle -> _91703_/D : -207.274216
[setup in-reg] enable_cycle -> _91704_/D : -207.274216
[setup in-reg] enable_cycle -> _91705_/D : -207.274216
[setup in-reg] enable_cycle -> _91706_/D : -207.274216
[setup in-reg] enable_cycle -> _91707_/D : -207.274216
[setup in-reg] enable_cycle -> _91708_/D : -207.274216
[setup in-reg] enable_cycle -> _91709_/D : -207.274216
[setup in-reg] enable_cycle -> _91710_/D : -207.274216
[setup in-reg] enable_cycle -> _91711_/D : -207.274216
[setup in-reg] enable_cycle -> _91712_/D : -207.274216
[setup in-reg] enable_cycle -> _91713_/D : -207.274216
[setup in-reg] enable_cycle -> _91714_/D : -207.274216
[setup in-reg] enable_cycle -> _91715_/D : -207.274216
[setup in-reg] enable_cycle -> _91716_/D : -207.274216
[setup in-reg] enable_cycle -> _91827_/D : -207.274216
[setup in-reg] enable_cycle -> _91828_/D : -207.274216
[setup in-reg] enable_cycle -> _91829_/D : -207.274216
[setup in-reg] enable_cycle -> _91830_/D : -207.274216
[setup in-reg] enable_cycle -> _91831_/D : -207.274216
[setup in-reg] enable_cycle -> _91832_/D : -207.274216
[setup in-reg] enable_cycle -> _91833_/D : -207.274216
[setup in-reg] enable_cycle -> _91834_/D : -207.274216
[setup in-reg] enable_cycle -> _91835_/D : -207.274216
[setup in-reg] enable_cycle -> _91836_/D : -207.274216
[setup in-reg] enable_cycle -> _91837_/D : -207.274216
[setup in-reg] enable_cycle -> _91838_/D : -207.274216
[setup in-reg] enable_cycle -> _91839_/D : -207.274216
[setup in-reg] enable_cycle -> _91840_/D : -207.274216
[setup in-reg] enable_cycle -> _91841_/D : -207.274216
[setup in-reg] enable_cycle -> _91842_/D : -207.274216
[setup in-reg] enable_cycle -> _91843_/D : -207.274216
[setup in-reg] enable_cycle -> _91844_/D : -207.274216
[setup in-reg] enable_cycle -> _91845_/D : -207.274216
[setup in-reg] enable_cycle -> _91846_/D : -207.274216
[setup in-reg] enable_cycle -> _91847_/D : -207.274216
[setup in-reg] enable_cycle -> _91921_/D : -207.274216
[setup in-reg] enable_cycle -> _91922_/D : -207.274216
[setup in-reg] enable_cycle -> _91923_/D : -207.274216
[setup in-reg] enable_cycle -> _91924_/D : -207.274216
[setup in-reg] enable_cycle -> _91925_/D : -207.274216
[setup in-reg] enable_cycle -> _91926_/D : -207.274216
[setup in-reg] enable_cycle -> _91927_/D : -207.274216
[setup in-reg] enable_cycle -> _91928_/D : -207.274216
[setup in-reg] enable_cycle -> _91929_/D : -207.274216
[setup in-reg] enable_cycle -> _91930_/D : -207.274216
[setup in-reg] enable_cycle -> _91931_/D : -207.274216
[setup in-reg] enable_cycle -> _91932_/D : -207.274216
[setup in-reg] enable_cycle -> _91933_/D : -207.274216
[setup in-reg] enable_cycle -> _91934_/D : -207.274216
[setup in-reg] enable_cycle -> _91935_/D : -207.274216
[setup in-reg] enable_cycle -> _91936_/D : -207.274216
[setup in-reg] enable_cycle -> _91937_/D : -207.274216
[setup in-reg] enable_cycle -> _91938_/D : -207.274216
[setup in-reg] enable_cycle -> _91939_/D : -207.274216
[setup in-reg] enable_cycle -> _91940_/D : -207.274216
[setup in-reg] enable_cycle -> _91941_/D : -207.274216
[setup in-reg] enable_cycle -> _92054_/D : -207.274216
[setup in-reg] enable_cycle -> _92055_/D : -207.274216
[setup in-reg] enable_cycle -> _92056_/D : -207.274216
[setup in-reg] enable_cycle -> _92057_/D : -207.274216
[setup in-reg] enable_cycle -> _92058_/D : -207.274216
[setup in-reg] enable_cycle -> _92059_/D : -207.274216
[setup in-reg] enable_cycle -> _92060_/D : -207.274216
[setup in-reg] enable_cycle -> _92061_/D : -207.274216
[setup in-reg] enable_cycle -> _92062_/D : -207.274216
[setup in-reg] enable_cycle -> _92063_/D : -207.274216
[setup in-reg] enable_cycle -> _92064_/D : -207.274216
[setup in-reg] enable_cycle -> _92065_/D : -207.274216
[setup in-reg] enable_cycle -> _92066_/D : -207.274216
[setup in-reg] enable_cycle -> _92067_/D : -207.274216
[setup in-reg] enable_cycle -> _92068_/D : -207.274216
[setup in-reg] enable_cycle -> _92069_/D : -207.274216
[setup in-reg] enable_cycle -> _92070_/D : -207.274216
[setup in-reg] enable_cycle -> _92071_/D : -207.274216
[setup in-reg] enable_cycle -> _92072_/D : -207.274216
[setup in-reg] enable_cycle -> _92073_/D : -207.274216
[setup in-reg] enable_cycle -> _92074_/D : -207.274216
[setup in-reg] enable_cycle -> _92191_/D : -207.274216
[setup in-reg] enable_cycle -> _92192_/D : -207.274216
[setup in-reg] enable_cycle -> _92193_/D : -207.274216
[setup in-reg] enable_cycle -> _92194_/D : -207.274216
[setup in-reg] enable_cycle -> _92195_/D : -207.274216
[setup in-reg] enable_cycle -> _92196_/D : -207.274216
[setup in-reg] enable_cycle -> _92197_/D : -207.274216
[setup in-reg] enable_cycle -> _92198_/D : -207.274216
[setup in-reg] enable_cycle -> _92199_/D : -207.274216
[setup in-reg] enable_cycle -> _92200_/D : -207.274216
[setup in-reg] enable_cycle -> _92201_/D : -207.274216
[setup in-reg] enable_cycle -> _92202_/D : -207.274216
[setup in-reg] enable_cycle -> _92203_/D : -207.274216
[setup in-reg] enable_cycle -> _92204_/D : -207.274216
[setup in-reg] enable_cycle -> _92205_/D : -207.274216
[setup in-reg] enable_cycle -> _92206_/D : -207.274216
[setup in-reg] enable_cycle -> _92207_/D : -207.274216
[setup in-reg] enable_cycle -> _92208_/D : -207.274216
[setup in-reg] enable_cycle -> _92209_/D : -207.274216
[setup in-reg] enable_cycle -> _92210_/D : -207.274216
[setup in-reg] enable_cycle -> _92211_/D : -207.274216
[setup in-reg] enable_cycle -> _92386_/D : -207.274216
[setup in-reg] enable_cycle -> _92387_/D : -207.274216
[setup in-reg] enable_cycle -> _92388_/D : -207.274216
[setup in-reg] enable_cycle -> _92389_/D : -207.274216
[setup in-reg] enable_cycle -> _92390_/D : -207.274216
[setup in-reg] enable_cycle -> _92391_/D : -207.274216
[setup in-reg] enable_cycle -> _92392_/D : -207.274216
[setup in-reg] enable_cycle -> _92393_/D : -207.274216
[setup in-reg] enable_cycle -> _92394_/D : -207.274216
[setup in-reg] enable_cycle -> _92395_/D : -207.274216
[setup in-reg] enable_cycle -> _92396_/D : -207.274216
[setup in-reg] enable_cycle -> _92397_/D : -207.274216
[setup in-reg] enable_cycle -> _92398_/D : -207.274216
[setup in-reg] enable_cycle -> _92399_/D : -207.274216
[setup in-reg] enable_cycle -> _92400_/D : -207.274216
[setup in-reg] enable_cycle -> _92401_/D : -207.274216
[setup in-reg] enable_cycle -> _92402_/D : -207.274216
[setup in-reg] enable_cycle -> _92403_/D : -207.274216
[setup in-reg] enable_cycle -> _92404_/D : -207.274216
[setup in-reg] enable_cycle -> _92405_/D : -207.274216
[setup in-reg] enable_cycle -> _92406_/D : -207.274216
[setup in-reg] enable_cycle -> _92555_/D : -207.274216
[setup in-reg] enable_cycle -> _92556_/D : -207.274216
[setup in-reg] enable_cycle -> _92557_/D : -207.274216
[setup in-reg] enable_cycle -> _92558_/D : -207.274216
[setup in-reg] enable_cycle -> _92559_/D : -207.274216
[setup in-reg] enable_cycle -> _92560_/D : -207.274216
[setup in-reg] enable_cycle -> _92561_/D : -207.274216
[setup in-reg] enable_cycle -> _92562_/D : -207.274216
[setup in-reg] enable_cycle -> _92563_/D : -207.274216
[setup in-reg] enable_cycle -> _92564_/D : -207.274216
[setup in-reg] enable_cycle -> _92565_/D : -207.274216
[setup in-reg] enable_cycle -> _92566_/D : -207.274216
[setup in-reg] enable_cycle -> _92567_/D : -207.274216
[setup in-reg] enable_cycle -> _92568_/D : -207.274216
[setup in-reg] enable_cycle -> _92569_/D : -207.274216
[setup in-reg] enable_cycle -> _92570_/D : -207.274216
[setup in-reg] enable_cycle -> _92571_/D : -207.274216
[setup in-reg] enable_cycle -> _92572_/D : -207.274216
[setup in-reg] enable_cycle -> _92573_/D : -207.274216
[setup in-reg] enable_cycle -> _92574_/D : -207.274216
[setup in-reg] enable_cycle -> _92575_/D : -207.274216
[setup in-reg] enable_cycle -> _86665_/D : -207.054535
[setup in-reg] enable_cycle -> _86666_/D : -207.054535
[setup in-reg] enable_cycle -> _86667_/D : -207.054535
[setup in-reg] enable_cycle -> _86814_/D : -207.054535
[setup in-reg] enable_cycle -> _86816_/D : -207.054535
[setup in-reg] enable_cycle -> _86818_/D : -207.054535
[setup in-reg] enable_cycle -> _86934_/D : -207.054535
[setup in-reg] enable_cycle -> _86936_/D : -207.054535
[setup in-reg] enable_cycle -> _87028_/D : -207.054535
[setup in-reg] enable_cycle -> _87032_/D : -207.054535
[setup in-reg] enable_cycle -> _87042_/D : -207.054535
[setup in-reg] enable_cycle -> _87125_/D : -207.054535
[setup in-reg] enable_cycle -> _87130_/D : -207.054535
[setup in-reg] enable_cycle -> _87139_/D : -207.054535
[setup in-reg] enable_cycle -> _87226_/D : -207.054535
[setup in-reg] enable_cycle -> _87228_/D : -207.054535
[setup in-reg] enable_cycle -> _87236_/D : -207.054535
[setup in-reg] enable_cycle -> _87331_/D : -207.054535
[setup in-reg] enable_cycle -> _87474_/D : -207.054535
[setup in-reg] enable_cycle -> _87588_/D : -207.054535
[setup in-reg] enable_cycle -> _87688_/D : -207.054535
[setup in-reg] enable_cycle -> _87696_/D : -207.054535
[setup in-reg] enable_cycle -> _87784_/D : -207.054535
[setup in-reg] enable_cycle -> _87788_/D : -207.054535
[setup in-reg] enable_cycle -> _87796_/D : -207.054535
[setup in-reg] enable_cycle -> _87896_/D : -207.054535
[setup in-reg] enable_cycle -> _87984_/D : -207.054535
[setup in-reg] enable_cycle -> _87990_/D : -207.054535
[setup in-reg] enable_cycle -> _87996_/D : -207.054535
[setup in-reg] enable_cycle -> _87998_/D : -207.054535
[setup in-reg] enable_cycle -> _88089_/D : -207.054535
[setup in-reg] enable_cycle -> _88096_/D : -207.054535
[setup in-reg] enable_cycle -> _88251_/D : -207.054535
[setup in-reg] enable_cycle -> _88253_/D : -207.054535
[setup in-reg] enable_cycle -> _88274_/D : -207.054535
[setup in-reg] enable_cycle -> _88275_/D : -207.054535
[setup in-reg] enable_cycle -> _88276_/D : -207.054535
[setup in-reg] enable_cycle -> _89199_/D : -207.054535
[setup in-reg] enable_cycle -> _89287_/D : -207.054535
[setup in-reg] enable_cycle -> _89359_/D : -207.054535
[setup in-reg] enable_cycle -> _89451_/D : -207.054535
[setup in-reg] enable_cycle -> _89527_/D : -207.054535
[setup in-reg] enable_cycle -> _89531_/D : -207.054535
[setup in-reg] enable_cycle -> _89651_/D : -207.054535
[setup in-reg] enable_cycle -> _89655_/D : -207.054535
[setup in-reg] enable_cycle -> _89758_/D : -207.054535
[setup in-reg] enable_cycle -> _89833_/D : -207.054535
[setup in-reg] enable_cycle -> _89840_/D : -207.054535
[setup in-reg] enable_cycle -> _89847_/D : -207.054535
[setup in-reg] enable_cycle -> _89926_/D : -207.054535
[setup in-reg] enable_cycle -> _89928_/D : -207.054535
[setup in-reg] enable_cycle -> _90008_/D : -207.054535
[setup in-reg] enable_cycle -> _90009_/D : -207.054535
[setup in-reg] enable_cycle -> _90013_/D : -207.054535
[setup in-reg] enable_cycle -> _90094_/D : -207.054535
[setup in-reg] enable_cycle -> _90300_/D : -207.054535
[setup in-reg] enable_cycle -> _90307_/D : -207.054535
[setup in-reg] enable_cycle -> _90310_/D : -207.054535
[setup in-reg] enable_cycle -> _90314_/D : -207.054535
[setup in-reg] enable_cycle -> _90414_/D : -207.054535
[setup in-reg] enable_cycle -> _90498_/D : -207.054535
[setup in-reg] enable_cycle -> _90502_/D : -207.054535
[setup in-reg] enable_cycle -> _90586_/D : -207.054535
[setup in-reg] enable_cycle -> _90680_/D : -207.054535
[setup in-reg] enable_cycle -> _90758_/D : -207.054535
[setup in-reg] enable_cycle -> _90763_/D : -207.054535
[setup in-reg] enable_cycle -> _90767_/D : -207.054535
[setup in-reg] enable_cycle -> _90850_/D : -207.054535
[setup in-reg] enable_cycle -> _90858_/D : -207.054535
[setup in-reg] enable_cycle -> _90981_/D : -207.054535
[setup in-reg] enable_cycle -> _90987_/D : -207.054535
[setup in-reg] enable_cycle -> _91094_/D : -207.054535
[setup in-reg] enable_cycle -> _91182_/D : -207.054535
[setup in-reg] enable_cycle -> _91183_/D : -207.054535
[setup in-reg] enable_cycle -> _91186_/D : -207.054535
[setup in-reg] enable_cycle -> _91277_/D : -207.054535
[setup in-reg] enable_cycle -> _91365_/D : -207.054535
[setup in-reg] enable_cycle -> _91374_/D : -207.054535
[setup in-reg] enable_cycle -> _91547_/D : -207.054535
[setup in-reg] enable_cycle -> _91681_/D : -207.054535
[setup in-reg] enable_cycle -> _91685_/D : -207.054535
[setup in-reg] enable_cycle -> _91794_/D : -207.054535
[setup in-reg] enable_cycle -> _91799_/D : -207.054535
[setup in-reg] enable_cycle -> _91890_/D : -207.054535
[setup in-reg] enable_cycle -> _91967_/D : -207.054535
[setup in-reg] enable_cycle -> _92019_/D : -207.054535
[setup in-reg] enable_cycle -> _92023_/D : -207.054535
[setup in-reg] enable_cycle -> _92026_/D : -207.054535
[setup in-reg] enable_cycle -> _92095_/D : -207.054535
[setup in-reg] enable_cycle -> _92096_/D : -207.054535
[setup in-reg] enable_cycle -> _92100_/D : -207.054535
[setup in-reg] enable_cycle -> _92158_/D : -207.054535
[setup in-reg] enable_cycle -> _92241_/D : -207.054535
[setup in-reg] enable_cycle -> _92353_/D : -207.054535
[setup in-reg] enable_cycle -> _92354_/D : -207.054535
[setup in-reg] enable_cycle -> _92355_/D : -207.054535
[setup in-reg] enable_cycle -> _92356_/D : -207.054535
[setup in-reg] enable_cycle -> _92459_/D : -207.054535
[setup in-reg] enable_cycle -> _92461_/D : -207.054535
[setup in-reg] enable_cycle -> _92464_/D : -207.054535
[setup in-reg] enable_cycle -> _92523_/D : -207.054535
[setup in-reg] enable_cycle -> _92527_/D : -207.054535
[setup in-reg] enable_cycle -> _86669_/D : -207.018799
[setup in-reg] enable_cycle -> _86679_/D : -207.018799
[setup in-reg] enable_cycle -> _87903_/D : -207.018799
[setup in-reg] enable_cycle -> _88103_/D : -207.018799
[setup in-reg] enable_cycle -> _89286_/D : -207.018799
[setup in-reg] enable_cycle -> _89288_/D : -207.018799
[setup in-reg] enable_cycle -> _89837_/D : -207.018799
[setup in-reg] enable_cycle -> _90096_/D : -207.018799
[setup in-reg] enable_cycle -> _90415_/D : -207.018799
[setup in-reg] enable_cycle -> _92123_/D : -207.018799
[setup in-reg] enable_cycle -> _92248_/D : -207.018799
[setup in-reg] enable_cycle -> _92368_/D : -206.820541
[setup in-reg] enable_cycle -> _90422_/D : -206.419769
[setup in-reg] enable_cycle -> _92036_/D : -206.310974
[setup in-reg] enable_cycle -> _92537_/D : -206.310974
[setup in-reg] enable_cycle -> _87988_/D : -206.186035
[setup in-reg] enable_cycle -> _89363_/D : -206.186035
[setup in-reg] enable_cycle -> _91691_/D : -206.186035
[setup in-reg] enable_cycle -> _92235_/D : -206.186035
[setup in-reg] enable_cycle -> _87704_/D : -206.000122
[setup in-reg] enable_cycle -> _88267_/D : -206.000122
[setup in-reg] enable_cycle -> _86943_/D : -205.917358
[setup in-reg] enable_cycle -> _86951_/D : -205.917358
[setup in-reg] enable_cycle -> _87048_/D : -205.917358
[setup in-reg] enable_cycle -> _88282_/D : -205.917358
[setup in-reg] enable_cycle -> _89849_/D : -205.917358
[setup in-reg] enable_cycle -> _89934_/D : -205.917358
[setup in-reg] enable_cycle -> _90019_/D : -205.917358
[setup in-reg] enable_cycle -> _91378_/D : -205.917358
[setup in-reg] enable_cycle -> _91695_/D : -205.917358
[setup in-reg] enable_cycle -> _92133_/D : -205.917358
[setup in-reg] enable_cycle -> _90104_/D : -205.829178
[setup in-reg] enable_cycle -> _90316_/D : -205.829178
[setup in-reg] enable_cycle -> _86822_/D : -205.828384
[setup in-reg] enable_cycle -> _87223_/D : -205.828384
[setup in-reg] enable_cycle -> _87322_/D : -205.828384
[setup in-reg] enable_cycle -> _87463_/D : -205.828384
[setup in-reg] enable_cycle -> _87465_/D : -205.828384
[setup in-reg] enable_cycle -> _87685_/D : -205.828384
[setup in-reg] enable_cycle -> _87697_/D : -205.828384
[setup in-reg] enable_cycle -> _88248_/D : -205.828384
[setup in-reg] enable_cycle -> _88273_/D : -205.828384
[setup in-reg] enable_cycle -> _89198_/D : -205.828384
[setup in-reg] enable_cycle -> _89524_/D : -205.828384
[setup in-reg] enable_cycle -> _89657_/D : -205.828384
[setup in-reg] enable_cycle -> _89658_/D : -205.828384
[setup in-reg] enable_cycle -> _89836_/D : -205.828384
[setup in-reg] enable_cycle -> _89919_/D : -205.828384
[setup in-reg] enable_cycle -> _89921_/D : -205.828384
[setup in-reg] enable_cycle -> _90089_/D : -205.828384
[setup in-reg] enable_cycle -> _90174_/D : -205.828384
[setup in-reg] enable_cycle -> _90176_/D : -205.828384
[setup in-reg] enable_cycle -> _90409_/D : -205.828384
[setup in-reg] enable_cycle -> _90497_/D : -205.828384
[setup in-reg] enable_cycle -> _90673_/D : -205.828384
[setup in-reg] enable_cycle -> _90849_/D : -205.828384
[setup in-reg] enable_cycle -> _90984_/D : -205.828384
[setup in-reg] enable_cycle -> _91269_/D : -205.828384
[setup in-reg] enable_cycle -> _91361_/D : -205.828384
[setup in-reg] enable_cycle -> _91679_/D : -205.828384
[setup in-reg] enable_cycle -> _92114_/D : -205.828384
[setup in-reg] enable_cycle -> _91809_/D : -205.812820
[setup in-reg] enable_cycle -> _89764_/D : -205.797836
[setup in-reg] enable_cycle -> _90598_/D : -205.782150
[setup in-reg] enable_cycle -> _88004_/D : -205.773605
[setup in-reg] enable_cycle -> _86810_/D : -205.693298
[setup in-reg] enable_cycle -> _86830_/D : -205.693298
[setup in-reg] enable_cycle -> _87242_/D : -205.693298
[setup in-reg] enable_cycle -> _87339_/D : -205.693298
[setup in-reg] enable_cycle -> _87473_/D : -205.693298
[setup in-reg] enable_cycle -> _87482_/D : -205.693298
[setup in-reg] enable_cycle -> _87695_/D : -205.693298
[setup in-reg] enable_cycle -> _89195_/D : -205.693298
[setup in-reg] enable_cycle -> _89289_/D : -205.693298
[setup in-reg] enable_cycle -> _89444_/D : -205.693298
[setup in-reg] enable_cycle -> _89652_/D : -205.693298
[setup in-reg] enable_cycle -> _89656_/D : -205.693298
[setup in-reg] enable_cycle -> _90177_/D : -205.693298
[setup in-reg] enable_cycle -> _90189_/D : -205.693298
[setup in-reg] enable_cycle -> _90416_/D : -205.693298
[setup in-reg] enable_cycle -> _90590_/D : -205.693298
[setup in-reg] enable_cycle -> _90762_/D : -205.693298
[setup in-reg] enable_cycle -> _90855_/D : -205.693298
[setup in-reg] enable_cycle -> _91105_/D : -205.693298
[setup in-reg] enable_cycle -> _91188_/D : -205.693298
[setup in-reg] enable_cycle -> _91287_/D : -205.693298
[setup in-reg] enable_cycle -> _91469_/D : -205.693298
[setup in-reg] enable_cycle -> _91893_/D : -205.693298
[setup in-reg] enable_cycle -> _91980_/D : -205.693298
[setup in-reg] enable_cycle -> _91996_/D : -205.693298
[setup in-reg] enable_cycle -> _92165_/D : -205.693298
[setup in-reg] enable_cycle -> _92456_/D : -205.693298
[setup in-reg] enable_cycle -> _92460_/D : -205.693298
[setup in-reg] enable_cycle -> _92468_/D : -205.693298
[setup in-reg] enable_cycle -> _92522_/D : -205.693298
[setup in-reg] enable_cycle -> _90103_/D : -205.671570
[setup in-reg] enable_cycle -> _90315_/D : -205.671570
[setup in-reg] enable_cycle -> _89763_/D : -205.652847
[setup in-reg] enable_cycle -> _86680_/D : -205.412109
[setup in-reg] enable_cycle -> _87480_/D : -204.787384
[setup in-reg] enable_cycle -> _89291_/D : -204.787384
[setup in-reg] enable_cycle -> _89456_/D : -204.787384
[setup in-reg] enable_cycle -> _89537_/D : -204.787384
[setup in-reg] enable_cycle -> _89538_/D : -204.787384
[setup in-reg] enable_cycle -> _90991_/D : -204.787384
[setup in-reg] enable_cycle -> _91973_/D : -204.787384
[setup in-reg] enable_cycle -> _91362_/D : -204.655350
[setup in-reg] enable_cycle -> _91372_/D : -204.655350
[setup in-reg] enable_cycle -> _91803_/D : -204.655350
[setup in-reg] enable_cycle -> _91988_/D : -204.655350
[setup in-reg] enable_cycle -> _92167_/D : -204.655350
[setup in-reg] enable_cycle -> _90597_/D : -204.623642
[setup in-reg] enable_cycle -> _91972_/D : -204.623642
[setup in-reg] enable_cycle -> _92033_/D : -204.623642
[setup in-reg] enable_cycle -> _92467_/D : -204.609131
[setup in-reg] enable_cycle -> _89373_/D : -204.002716
[setup in-reg] enable_cycle -> _86819_/D : -203.467163
[setup in-reg] enable_cycle -> _86940_/D : -203.467163
[setup in-reg] enable_cycle -> _86942_/D : -203.467163
[setup in-reg] enable_cycle -> _87037_/D : -203.467163
[setup in-reg] enable_cycle -> _87039_/D : -203.467163
[setup in-reg] enable_cycle -> _87134_/D : -203.467163
[setup in-reg] enable_cycle -> _87142_/D : -203.467163
[setup in-reg] enable_cycle -> _87143_/D : -203.467163
[setup in-reg] enable_cycle -> _87464_/D : -203.467163
[setup in-reg] enable_cycle -> _87599_/D : -203.467163
[setup in-reg] enable_cycle -> _88093_/D : -203.467163
[setup in-reg] enable_cycle -> _89525_/D : -203.467163
[setup in-reg] enable_cycle -> _89661_/D : -203.467163
[setup in-reg] enable_cycle -> _89920_/D : -203.467163
[setup in-reg] enable_cycle -> _90175_/D : -203.467163
[setup in-reg] enable_cycle -> _90408_/D : -203.467163
[setup in-reg] enable_cycle -> _90410_/D : -203.467163
[setup in-reg] enable_cycle -> _90496_/D : -203.467163
[setup in-reg] enable_cycle -> _90760_/D : -203.467163
[setup in-reg] enable_cycle -> _90982_/D : -203.467163
[setup in-reg] enable_cycle -> _91089_/D : -203.467163
[setup in-reg] enable_cycle -> _91098_/D : -203.467163
[setup in-reg] enable_cycle -> _91278_/D : -203.467163
[setup in-reg] enable_cycle -> _91284_/D : -203.467163
[setup in-reg] enable_cycle -> _91802_/D : -203.467163
[setup in-reg] enable_cycle -> _91806_/D : -203.467163
[setup in-reg] enable_cycle -> _92029_/D : -203.467163
[setup in-reg] enable_cycle -> _92122_/D : -203.467163
[setup in-reg] enable_cycle -> _92166_/D : -203.467163
[setup in-reg] enable_cycle -> _92231_/D : -203.467163
[setup in-reg] enable_cycle -> _92365_/D : -203.467163
[setup in-reg] enable_cycle -> _92534_/D : -203.467163
[setup in-reg] enable_cycle -> _90993_/D : -202.935455
[setup in-reg] enable_cycle -> _91687_/D : -202.426147
[setup in-reg] enable_cycle -> _92173_/D : -202.348953
[setup in-reg] enable_cycle -> _88087_/D : -159.701385
[setup in-reg] enable_cycle -> _87703_/D : -159.699493
[setup in-reg] enable_cycle -> _88266_/D : -159.699493
[setup in-reg] enable_cycle -> _90510_/D : -159.697113
[setup in-reg] enable_cycle -> _90774_/D : -159.697113
[setup in-reg] enable_cycle -> _91975_/D : -159.697113
[setup in-reg] enable_cycle -> _86931_/D : -159.695435
[setup in-reg] enable_cycle -> _87319_/D : -159.695435
[setup in-reg] enable_cycle -> _87885_/D : -159.695435
[setup in-reg] enable_cycle -> _88001_/D : -159.695435
[setup in-reg] enable_cycle -> _91960_/D : -159.695435
[setup in-reg] enable_cycle -> _92171_/D : -159.695435
[setup in-reg] enable_cycle -> _92229_/D : -159.695435
[setup in-reg] enable_cycle -> _88003_/D : -159.692123
[setup in-reg] enable_cycle -> _87241_/D : -159.686737
[setup in-reg] enable_cycle -> _91104_/D : -159.659042
[setup in-reg] enable_cycle -> _91468_/D : -159.659042
[setup in-reg] enable_cycle -> _86678_/D : -159.628601
[setup in-reg] enable_cycle -> _86948_/D : -159.628601
[setup in-reg] enable_cycle -> _87034_/D : -159.628601
[setup in-reg] enable_cycle -> _87035_/D : -159.628601
[setup in-reg] enable_cycle -> _87136_/D : -159.628601
[setup in-reg] enable_cycle -> _87138_/D : -159.628601
[setup in-reg] enable_cycle -> _87229_/D : -159.628601
[setup in-reg] enable_cycle -> _87238_/D : -159.628601
[setup in-reg] enable_cycle -> _87240_/D : -159.628601
[setup in-reg] enable_cycle -> _87468_/D : -159.628601
[setup in-reg] enable_cycle -> _87470_/D : -159.628601
[setup in-reg] enable_cycle -> _87475_/D : -159.628601
[setup in-reg] enable_cycle -> _87587_/D : -159.628601
[setup in-reg] enable_cycle -> _87595_/D : -159.628601
[setup in-reg] enable_cycle -> _87597_/D : -159.628601
[setup in-reg] enable_cycle -> _87791_/D : -159.628601
[setup in-reg] enable_cycle -> _87794_/D : -159.628601
[setup in-reg] enable_cycle -> _87886_/D : -159.628601
[setup in-reg] enable_cycle -> _87890_/D : -159.628601
[setup in-reg] enable_cycle -> _87892_/D : -159.628601
[setup in-reg] enable_cycle -> _87900_/D : -159.628601
[setup in-reg] enable_cycle -> _87902_/D : -159.628601
[setup in-reg] enable_cycle -> _88002_/D : -159.628601
[setup in-reg] enable_cycle -> _88086_/D : -159.628601
[setup in-reg] enable_cycle -> _88088_/D : -159.628601
[setup in-reg] enable_cycle -> _88092_/D : -159.628601
[setup in-reg] enable_cycle -> _88254_/D : -159.628601
[setup in-reg] enable_cycle -> _88272_/D : -159.628601
[setup in-reg] enable_cycle -> _89116_/D : -159.628601
[setup in-reg] enable_cycle -> _89125_/D : -159.628601
[setup in-reg] enable_cycle -> _89207_/D : -159.628601
[setup in-reg] enable_cycle -> _89208_/D : -159.628601
[setup in-reg] enable_cycle -> _89284_/D : -159.628601
[setup in-reg] enable_cycle -> _89360_/D : -159.628601
[setup in-reg] enable_cycle -> _89371_/D : -159.628601
[setup in-reg] enable_cycle -> _89442_/D : -159.628601
[setup in-reg] enable_cycle -> _89453_/D : -159.628601
[setup in-reg] enable_cycle -> _89528_/D : -159.628601
[setup in-reg] enable_cycle -> _89650_/D : -159.628601
[setup in-reg] enable_cycle -> _89843_/D : -159.628601
[setup in-reg] enable_cycle -> _89844_/D : -159.628601
[setup in-reg] enable_cycle -> _90006_/D : -159.628601
[setup in-reg] enable_cycle -> _90091_/D : -159.628601
[setup in-reg] enable_cycle -> _90180_/D : -159.628601
[setup in-reg] enable_cycle -> _90181_/D : -159.628601
[setup in-reg] enable_cycle -> _90185_/D : -159.628601
[setup in-reg] enable_cycle -> _90186_/D : -159.628601
[setup in-reg] enable_cycle -> _90303_/D : -159.628601
[setup in-reg] enable_cycle -> _90309_/D : -159.628601
[setup in-reg] enable_cycle -> _90311_/D : -159.628601
[setup in-reg] enable_cycle -> _90503_/D : -159.628601
[setup in-reg] enable_cycle -> _90592_/D : -159.628601
[setup in-reg] enable_cycle -> _90593_/D : -159.628601
[setup in-reg] enable_cycle -> _90594_/D : -159.628601
[setup in-reg] enable_cycle -> _90682_/D : -159.628601
[setup in-reg] enable_cycle -> _90772_/D : -159.628601
[setup in-reg] enable_cycle -> _90851_/D : -159.628601
[setup in-reg] enable_cycle -> _90854_/D : -159.628601
[setup in-reg] enable_cycle -> _91093_/D : -159.628601
[setup in-reg] enable_cycle -> _91275_/D : -159.628601
[setup in-reg] enable_cycle -> _91280_/D : -159.628601
[setup in-reg] enable_cycle -> _91282_/D : -159.628601
[setup in-reg] enable_cycle -> _91370_/D : -159.628601
[setup in-reg] enable_cycle -> _91457_/D : -159.628601
[setup in-reg] enable_cycle -> _91459_/D : -159.628601
[setup in-reg] enable_cycle -> _91693_/D : -159.628601
[setup in-reg] enable_cycle -> _91891_/D : -159.628601
[setup in-reg] enable_cycle -> _91892_/D : -159.628601
[setup in-reg] enable_cycle -> _91901_/D : -159.628601
[setup in-reg] enable_cycle -> _91971_/D : -159.628601
[setup in-reg] enable_cycle -> _91987_/D : -159.628601
[setup in-reg] enable_cycle -> _91992_/D : -159.628601
[setup in-reg] enable_cycle -> _92020_/D : -159.628601
[setup in-reg] enable_cycle -> _92028_/D : -159.628601
[setup in-reg] enable_cycle -> _92098_/D : -159.628601
[setup in-reg] enable_cycle -> _92108_/D : -159.628601
[setup in-reg] enable_cycle -> _92129_/D : -159.628601
[setup in-reg] enable_cycle -> _92157_/D : -159.628601
[setup in-reg] enable_cycle -> _92160_/D : -159.628601
[setup in-reg] enable_cycle -> _92163_/D : -159.628601
[setup in-reg] enable_cycle -> _92237_/D : -159.628601
[setup in-reg] enable_cycle -> _92360_/D : -159.628601
[setup in-reg] enable_cycle -> _92453_/D : -159.628601
[setup in-reg] enable_cycle -> _92455_/D : -159.628601
[setup in-reg] enable_cycle -> _92457_/D : -159.628601
[setup in-reg] enable_cycle -> _92528_/D : -159.628601
[setup in-reg] enable_cycle -> _92529_/D : -159.628601
[setup in-reg] enable_cycle -> _92532_/D : -159.628601
[setup in-reg] enable_cycle -> _86670_/D : -159.612122
[setup in-reg] enable_cycle -> _86812_/D : -159.612122
[setup in-reg] enable_cycle -> _86935_/D : -159.612122
[setup in-reg] enable_cycle -> _87127_/D : -159.612122
[setup in-reg] enable_cycle -> _87224_/D : -159.612122
[setup in-reg] enable_cycle -> _87786_/D : -159.612122
[setup in-reg] enable_cycle -> _87893_/D : -159.612122
[setup in-reg] enable_cycle -> _88277_/D : -159.612122
[setup in-reg] enable_cycle -> _88280_/D : -159.612122
[setup in-reg] enable_cycle -> _89361_/D : -159.612122
[setup in-reg] enable_cycle -> _89445_/D : -159.612122
[setup in-reg] enable_cycle -> _89449_/D : -159.612122
[setup in-reg] enable_cycle -> _90504_/D : -159.612122
[setup in-reg] enable_cycle -> _90979_/D : -159.612122
[setup in-reg] enable_cycle -> _91363_/D : -159.612122
[setup in-reg] enable_cycle -> _91453_/D : -159.612122
[setup in-reg] enable_cycle -> _91461_/D : -159.612122
[setup in-reg] enable_cycle -> _91680_/D : -159.612122
[setup in-reg] enable_cycle -> _91683_/D : -159.612122
[setup in-reg] enable_cycle -> _91795_/D : -159.612122
[setup in-reg] enable_cycle -> _91887_/D : -159.612122
[setup in-reg] enable_cycle -> _92030_/D : -159.612122
[setup in-reg] enable_cycle -> _92094_/D : -159.612122
[setup in-reg] enable_cycle -> _92097_/D : -159.612122
[setup in-reg] enable_cycle -> _92102_/D : -159.612122
[setup in-reg] enable_cycle -> _92104_/D : -159.612122
[setup in-reg] enable_cycle -> _92159_/D : -159.612122
[setup in-reg] enable_cycle -> _92239_/D : -159.612122
[setup in-reg] enable_cycle -> _92531_/D : -159.612122
[setup in-reg] enable_cycle -> _86829_/D : -159.609482
[setup in-reg] enable_cycle -> _87338_/D : -159.609482
[setup in-reg] enable_cycle -> _87481_/D : -159.609482
[setup in-reg] enable_cycle -> _91286_/D : -159.609482
[setup in-reg] enable_cycle -> _90992_/D : -159.590088
[setup in-reg] enable_cycle -> _87803_/D : -159.583359
[setup in-reg] enable_cycle -> _89127_/D : -159.583359
[setup in-reg] enable_cycle -> _89760_/D : -159.583359
[setup in-reg] enable_cycle -> _90421_/D : -159.583359
[setup in-reg] enable_cycle -> _90508_/D : -159.583359
[setup in-reg] enable_cycle -> _90685_/D : -159.583359
[setup in-reg] enable_cycle -> _87705_/D : -159.559952
[setup in-reg] enable_cycle -> _88268_/D : -159.559952
[setup in-reg] enable_cycle -> _90511_/D : -159.519516
[setup in-reg] enable_cycle -> _90599_/D : -159.519516
[setup in-reg] enable_cycle -> _90775_/D : -159.519516
[setup in-reg] enable_cycle -> _90994_/D : -159.519516
[setup in-reg] enable_cycle -> _91976_/D : -159.519516
[setup in-reg] enable_cycle -> _91694_/D : -159.489258
[setup in-reg] enable_cycle -> _91377_/D : -159.486557
[setup in-reg] enable_cycle -> _86663_/D : -159.472168
[setup in-reg] enable_cycle -> _86681_/D : -159.472168
[setup in-reg] enable_cycle -> _86815_/D : -159.472168
[setup in-reg] enable_cycle -> _86817_/D : -159.472168
[setup in-reg] enable_cycle -> _86932_/D : -159.472168
[setup in-reg] enable_cycle -> _86938_/D : -159.472168
[setup in-reg] enable_cycle -> _86946_/D : -159.472168
[setup in-reg] enable_cycle -> _86947_/D : -159.472168
[setup in-reg] enable_cycle -> _86949_/D : -159.472168
[setup in-reg] enable_cycle -> _86950_/D : -159.472168
[setup in-reg] enable_cycle -> _87043_/D : -159.472168
[setup in-reg] enable_cycle -> _87044_/D : -159.472168
[setup in-reg] enable_cycle -> _87126_/D : -159.472168
[setup in-reg] enable_cycle -> _87129_/D : -159.472168
[setup in-reg] enable_cycle -> _87133_/D : -159.472168
[setup in-reg] enable_cycle -> _87227_/D : -159.472168
[setup in-reg] enable_cycle -> _87239_/D : -159.472168
[setup in-reg] enable_cycle -> _87320_/D : -159.472168
[setup in-reg] enable_cycle -> _87335_/D : -159.472168
[setup in-reg] enable_cycle -> _87336_/D : -159.472168
[setup in-reg] enable_cycle -> _87337_/D : -159.472168
[setup in-reg] enable_cycle -> _87469_/D : -159.472168
[setup in-reg] enable_cycle -> _87592_/D : -159.472168
[setup in-reg] enable_cycle -> _87593_/D : -159.472168
[setup in-reg] enable_cycle -> _87600_/D : -159.472168
[setup in-reg] enable_cycle -> _87605_/D : -159.472168
[setup in-reg] enable_cycle -> _87686_/D : -159.472168
[setup in-reg] enable_cycle -> _87689_/D : -159.472168
[setup in-reg] enable_cycle -> _87701_/D : -159.472168
[setup in-reg] enable_cycle -> _87798_/D : -159.472168
[setup in-reg] enable_cycle -> _87800_/D : -159.472168
[setup in-reg] enable_cycle -> _87801_/D : -159.472168
[setup in-reg] enable_cycle -> _87802_/D : -159.472168
[setup in-reg] enable_cycle -> _87888_/D : -159.472168
[setup in-reg] enable_cycle -> _87891_/D : -159.472168
[setup in-reg] enable_cycle -> _87895_/D : -159.472168
[setup in-reg] enable_cycle -> _87901_/D : -159.472168
[setup in-reg] enable_cycle -> _87987_/D : -159.472168
[setup in-reg] enable_cycle -> _87989_/D : -159.472168
[setup in-reg] enable_cycle -> _87999_/D : -159.472168
[setup in-reg] enable_cycle -> _88000_/D : -159.472168
[setup in-reg] enable_cycle -> _88095_/D : -159.472168
[setup in-reg] enable_cycle -> _88097_/D : -159.472168
[setup in-reg] enable_cycle -> _88100_/D : -159.472168
[setup in-reg] enable_cycle -> _88249_/D : -159.472168
[setup in-reg] enable_cycle -> _88250_/D : -159.472168
[setup in-reg] enable_cycle -> _88252_/D : -159.472168
[setup in-reg] enable_cycle -> _88257_/D : -159.472168
[setup in-reg] enable_cycle -> _88260_/D : -159.472168
[setup in-reg] enable_cycle -> _88263_/D : -159.472168
[setup in-reg] enable_cycle -> _88264_/D : -159.472168
[setup in-reg] enable_cycle -> _88270_/D : -159.472168
[setup in-reg] enable_cycle -> _88271_/D : -159.472168
[setup in-reg] enable_cycle -> _88283_/D : -159.472168
[setup in-reg] enable_cycle -> _88284_/D : -159.472168
[setup in-reg] enable_cycle -> _89118_/D : -159.472168
[setup in-reg] enable_cycle -> _89126_/D : -159.472168
[setup in-reg] enable_cycle -> _89196_/D : -159.472168
[setup in-reg] enable_cycle -> _89201_/D : -159.472168
[setup in-reg] enable_cycle -> _89285_/D : -159.472168
[setup in-reg] enable_cycle -> _89362_/D : -159.472168
[setup in-reg] enable_cycle -> _89365_/D : -159.472168
[setup in-reg] enable_cycle -> _89370_/D : -159.472168
[setup in-reg] enable_cycle -> _89443_/D : -159.472168
[setup in-reg] enable_cycle -> _89647_/D : -159.472168
[setup in-reg] enable_cycle -> _89653_/D : -159.472168
[setup in-reg] enable_cycle -> _89752_/D : -159.472168
[setup in-reg] enable_cycle -> _89761_/D : -159.472168
[setup in-reg] enable_cycle -> _89845_/D : -159.472168
[setup in-reg] enable_cycle -> _89848_/D : -159.472168
[setup in-reg] enable_cycle -> _89923_/D : -159.472168
[setup in-reg] enable_cycle -> _89931_/D : -159.472168
[setup in-reg] enable_cycle -> _89933_/D : -159.472168
[setup in-reg] enable_cycle -> _90007_/D : -159.472168
[setup in-reg] enable_cycle -> _90017_/D : -159.472168
[setup in-reg] enable_cycle -> _90018_/D : -159.472168
[setup in-reg] enable_cycle -> _90102_/D : -159.472168
[setup in-reg] enable_cycle -> _90187_/D : -159.472168
[setup in-reg] enable_cycle -> _90411_/D : -159.472168
[setup in-reg] enable_cycle -> _90412_/D : -159.472168
[setup in-reg] enable_cycle -> _90420_/D : -159.472168
[setup in-reg] enable_cycle -> _90500_/D : -159.472168
[setup in-reg] enable_cycle -> _90587_/D : -159.472168
[setup in-reg] enable_cycle -> _90591_/D : -159.472168
[setup in-reg] enable_cycle -> _90595_/D : -159.472168
[setup in-reg] enable_cycle -> _90596_/D : -159.472168
[setup in-reg] enable_cycle -> _90676_/D : -159.472168
[setup in-reg] enable_cycle -> _90683_/D : -159.472168
[setup in-reg] enable_cycle -> _90684_/D : -159.472168
[setup in-reg] enable_cycle -> _90687_/D : -159.472168
[setup in-reg] enable_cycle -> _90768_/D : -159.472168
[setup in-reg] enable_cycle -> _90847_/D : -159.472168
[setup in-reg] enable_cycle -> _90853_/D : -159.472168
[setup in-reg] enable_cycle -> _90856_/D : -159.472168
[setup in-reg] enable_cycle -> _90861_/D : -159.472168
[setup in-reg] enable_cycle -> _90863_/D : -159.472168
[setup in-reg] enable_cycle -> _90983_/D : -159.472168
[setup in-reg] enable_cycle -> _91103_/D : -159.472168
[setup in-reg] enable_cycle -> _91270_/D : -159.472168
[setup in-reg] enable_cycle -> _91271_/D : -159.472168
[setup in-reg] enable_cycle -> _91276_/D : -159.472168
[setup in-reg] enable_cycle -> _91281_/D : -159.472168
[setup in-reg] enable_cycle -> _91367_/D : -159.472168
[setup in-reg] enable_cycle -> _91371_/D : -159.472168
[setup in-reg] enable_cycle -> _91376_/D : -159.472168
[setup in-reg] enable_cycle -> _91463_/D : -159.472168
[setup in-reg] enable_cycle -> _91464_/D : -159.472168
[setup in-reg] enable_cycle -> _91467_/D : -159.472168
[setup in-reg] enable_cycle -> _91554_/D : -159.472168
[setup in-reg] enable_cycle -> _91678_/D : -159.472168
[setup in-reg] enable_cycle -> _91797_/D : -159.472168
[setup in-reg] enable_cycle -> _91804_/D : -159.472168
[setup in-reg] enable_cycle -> _91808_/D : -159.472168
[setup in-reg] enable_cycle -> _91897_/D : -159.472168
[setup in-reg] enable_cycle -> _91902_/D : -159.472168
[setup in-reg] enable_cycle -> _91965_/D : -159.472168
[setup in-reg] enable_cycle -> _91966_/D : -159.472168
[setup in-reg] enable_cycle -> _91974_/D : -159.472168
[setup in-reg] enable_cycle -> _91983_/D : -159.472168
[setup in-reg] enable_cycle -> _91994_/D : -159.472168
[setup in-reg] enable_cycle -> _92035_/D : -159.472168
[setup in-reg] enable_cycle -> _92109_/D : -159.472168
[setup in-reg] enable_cycle -> _92115_/D : -159.472168
[setup in-reg] enable_cycle -> _92120_/D : -159.472168
[setup in-reg] enable_cycle -> _92124_/D : -159.472168
[setup in-reg] enable_cycle -> _92126_/D : -159.472168
[setup in-reg] enable_cycle -> _92130_/D : -159.472168
[setup in-reg] enable_cycle -> _92131_/D : -159.472168
[setup in-reg] enable_cycle -> _92132_/D : -159.472168
[setup in-reg] enable_cycle -> _92162_/D : -159.472168
[setup in-reg] enable_cycle -> _92170_/D : -159.472168
[setup in-reg] enable_cycle -> _92172_/D : -159.472168
[setup in-reg] enable_cycle -> _92240_/D : -159.472168
[setup in-reg] enable_cycle -> _92367_/D : -159.472168
[setup in-reg] enable_cycle -> _92462_/D : -159.472168
[setup in-reg] enable_cycle -> _92466_/D : -159.472168
[setup in-reg] enable_cycle -> _92521_/D : -159.472168
[setup in-reg] enable_cycle -> _92530_/D : -159.472168
[setup in-reg] enable_cycle -> _92536_/D : -159.472168
[setup in-reg] enable_cycle -> _87700_/D : -159.470230
[setup in-reg] enable_cycle -> _91193_/D : -159.441696
[setup in-reg] enable_cycle -> _91557_/D : -159.441696
[setup in-reg] enable_cycle -> _89374_/D : -159.421463
[setup in-reg] enable_cycle -> _90188_/D : -159.408951
[setup in-reg] enable_cycle -> _90766_/D : -159.391937
[setup in-reg] enable_cycle -> _87046_/D : -159.380600
[setup in-reg] enable_cycle -> _89455_/D : -159.380600
[setup in-reg] enable_cycle -> _89762_/D : -159.380600
[setup in-reg] enable_cycle -> _87604_/D : -159.311203
[setup in-reg] enable_cycle -> _87804_/D : -159.311203
[setup in-reg] enable_cycle -> _87904_/D : -159.311203
[setup in-reg] enable_cycle -> _88104_/D : -159.311203
[setup in-reg] enable_cycle -> _92249_/D : -159.311203
[setup in-reg] enable_cycle -> _86675_/D : -159.307068
[setup in-reg] enable_cycle -> _86944_/D : -159.307068
[setup in-reg] enable_cycle -> _87030_/D : -159.307068
[setup in-reg] enable_cycle -> _87140_/D : -159.307068
[setup in-reg] enable_cycle -> _87225_/D : -159.307068
[setup in-reg] enable_cycle -> _87321_/D : -159.307068
[setup in-reg] enable_cycle -> _87324_/D : -159.307068
[setup in-reg] enable_cycle -> _87332_/D : -159.307068
[setup in-reg] enable_cycle -> _87462_/D : -159.307068
[setup in-reg] enable_cycle -> _87585_/D : -159.307068
[setup in-reg] enable_cycle -> _87589_/D : -159.307068
[setup in-reg] enable_cycle -> _87795_/D : -159.307068
[setup in-reg] enable_cycle -> _87805_/D : -159.307068
[setup in-reg] enable_cycle -> _87884_/D : -159.307068
[setup in-reg] enable_cycle -> _87897_/D : -159.307068
[setup in-reg] enable_cycle -> _87905_/D : -159.307068
[setup in-reg] enable_cycle -> _87985_/D : -159.307068
[setup in-reg] enable_cycle -> _88005_/D : -159.307068
[setup in-reg] enable_cycle -> _88091_/D : -159.307068
[setup in-reg] enable_cycle -> _88099_/D : -159.307068
[setup in-reg] enable_cycle -> _88105_/D : -159.307068
[setup in-reg] enable_cycle -> _88247_/D : -159.307068
[setup in-reg] enable_cycle -> _89115_/D : -159.307068
[setup in-reg] enable_cycle -> _89200_/D : -159.307068
[setup in-reg] enable_cycle -> _89206_/D : -159.307068
[setup in-reg] enable_cycle -> _89278_/D : -159.307068
[setup in-reg] enable_cycle -> _89441_/D : -159.307068
[setup in-reg] enable_cycle -> _89530_/D : -159.307068
[setup in-reg] enable_cycle -> _89646_/D : -159.307068
[setup in-reg] enable_cycle -> _89750_/D : -159.307068
[setup in-reg] enable_cycle -> _89754_/D : -159.307068
[setup in-reg] enable_cycle -> _89834_/D : -159.307068
[setup in-reg] enable_cycle -> _89839_/D : -159.307068
[setup in-reg] enable_cycle -> _90005_/D : -159.307068
[setup in-reg] enable_cycle -> _90014_/D : -159.307068
[setup in-reg] enable_cycle -> _90179_/D : -159.307068
[setup in-reg] enable_cycle -> _90301_/D : -159.307068
[setup in-reg] enable_cycle -> _90308_/D : -159.307068
[setup in-reg] enable_cycle -> _90584_/D : -159.307068
[setup in-reg] enable_cycle -> _90588_/D : -159.307068
[setup in-reg] enable_cycle -> _90589_/D : -159.307068
[setup in-reg] enable_cycle -> _90672_/D : -159.307068
[setup in-reg] enable_cycle -> _90677_/D : -159.307068
[setup in-reg] enable_cycle -> _90846_/D : -159.307068
[setup in-reg] enable_cycle -> _90857_/D : -159.307068
[setup in-reg] enable_cycle -> _91099_/D : -159.307068
[setup in-reg] enable_cycle -> _91452_/D : -159.307068
[setup in-reg] enable_cycle -> _91455_/D : -159.307068
[setup in-reg] enable_cycle -> _91458_/D : -159.307068
[setup in-reg] enable_cycle -> _91544_/D : -159.307068
[setup in-reg] enable_cycle -> _91549_/D : -159.307068
[setup in-reg] enable_cycle -> _91677_/D : -159.307068
[setup in-reg] enable_cycle -> _91793_/D : -159.307068
[setup in-reg] enable_cycle -> _91798_/D : -159.307068
[setup in-reg] enable_cycle -> _91885_/D : -159.307068
[setup in-reg] enable_cycle -> _91896_/D : -159.307068
[setup in-reg] enable_cycle -> _91898_/D : -159.307068
[setup in-reg] enable_cycle -> _91959_/D : -159.307068
[setup in-reg] enable_cycle -> _91961_/D : -159.307068
[setup in-reg] enable_cycle -> _92092_/D : -159.307068
[setup in-reg] enable_cycle -> _92093_/D : -159.307068
[setup in-reg] enable_cycle -> _92168_/D : -159.307068
[setup in-reg] enable_cycle -> _92232_/D : -159.307068
[setup in-reg] enable_cycle -> _92238_/D : -159.307068
[setup in-reg] enable_cycle -> _92242_/D : -159.307068
[setup in-reg] enable_cycle -> _92250_/D : -159.307068
[setup in-reg] enable_cycle -> _92352_/D : -159.307068
[setup in-reg] enable_cycle -> _92357_/D : -159.307068
[setup in-reg] enable_cycle -> _92363_/D : -159.307068
[setup in-reg] enable_cycle -> _92463_/D : -159.307068
[setup in-reg] enable_cycle -> _91364_/D : -159.267624
[setup in-reg] enable_cycle -> _90686_/D : -159.205841
[setup in-reg] enable_cycle -> _90862_/D : -159.205841
[setup in-reg] enable_cycle -> _87047_/D : -159.183685
[setup in-reg] enable_cycle -> _92525_/D : -159.149246
[setup in-reg] enable_cycle -> _86933_/D : -159.130737
[setup in-reg] enable_cycle -> _87601_/D : -159.099411
[setup in-reg] enable_cycle -> _89279_/D : -159.099411
[setup in-reg] enable_cycle -> _89932_/D : -159.099411
[setup in-reg] enable_cycle -> _90093_/D : -159.099411
[setup in-reg] enable_cycle -> _91984_/D : -159.099411
[setup in-reg] enable_cycle -> _92119_/D : -159.099411
[setup in-reg] enable_cycle -> _89197_/D : -159.079788
[setup in-reg] enable_cycle -> _89654_/D : -159.079788
[setup in-reg] enable_cycle -> _86672_/D : -159.070419
[setup in-reg] enable_cycle -> _86821_/D : -159.070419
[setup in-reg] enable_cycle -> _89648_/D : -159.070419
[setup in-reg] enable_cycle -> _89835_/D : -159.070419
[setup in-reg] enable_cycle -> _87045_/D : -158.978348
[setup in-reg] enable_cycle -> _87603_/D : -158.978348
[setup in-reg] enable_cycle -> _89119_/D : -158.978348
[setup in-reg] enable_cycle -> _89203_/D : -158.978348
[setup in-reg] enable_cycle -> _89210_/D : -158.978348
[setup in-reg] enable_cycle -> _89924_/D : -158.978348
[setup in-reg] enable_cycle -> _91180_/D : -158.978348
[setup in-reg] enable_cycle -> _87993_/D : -158.871994
[setup in-reg] enable_cycle -> _86967_/D : -152.978714
[setup in-reg] enable_cycle -> _87721_/D : -152.978714
[setup in-reg] enable_cycle -> _88941_/D : -152.978714
[setup in-reg] enable_cycle -> _88010_/D : -152.803940
[setup in-reg] enable_cycle -> _88989_/D : -152.781006
[setup in-reg] enable_cycle -> _89695_/D : -152.781021
[setup in-reg] enable_cycle -> _91576_/D : -152.781036
[setup in-reg] enable_cycle -> _92554_/D : -152.763641
[setup in-reg] enable_cycle -> _88877_/D : -152.738846
[setup in-reg] enable_cycle -> _86736_/D : -152.712540
[setup in-reg] enable_cycle -> _89541_/D : -152.712540
[setup in-reg] enable_cycle -> _92277_/D : -152.693787
[setup in-reg] enable_cycle -> _89546_/D : -152.671402
[setup in-reg] enable_cycle -> _89062_/D : -152.649384
[setup in-reg] enable_cycle -> _90351_/D : -152.649384
[setup in-reg] enable_cycle -> _87064_/D : -152.608231
[setup in-reg] enable_cycle -> _92283_/D : -152.606888
[setup in-reg] enable_cycle -> _87521_/D : -152.601074
[setup in-reg] enable_cycle -> _88813_/D : -152.601089
[setup in-reg] enable_cycle -> _89780_/D : -152.601089
[setup in-reg] enable_cycle -> _91485_/D : -152.601028
[setup in-reg] enable_cycle -> _87621_/D : -152.598877
[setup in-reg] enable_cycle -> _91394_/D : -152.598877
[setup in-reg] enable_cycle -> _91121_/D : -152.598129
[setup in-reg] enable_cycle -> _91108_/D : -152.582382
[setup in-reg] enable_cycle -> _90195_/D : -152.573456
[setup in-reg] enable_cycle -> _88621_/D : -152.566483
[setup in-reg] enable_cycle -> _91030_/D : -152.566406
[setup in-reg] enable_cycle -> _92322_/D : -152.553299
[setup in-reg] enable_cycle -> _88679_/D : -152.542450
[setup in-reg] enable_cycle -> _91724_/D : -152.542450
[setup in-reg] enable_cycle -> _87247_/D : -152.521500
[setup in-reg] enable_cycle -> _86902_/D : -152.508118
[setup in-reg] enable_cycle -> _88017_/D : -152.508118
[setup in-reg] enable_cycle -> _92324_/D : -152.508118
[setup in-reg] enable_cycle -> _87819_/D : -152.502213
[setup in-reg] enable_cycle -> _88741_/D : -152.502213
[setup in-reg] enable_cycle -> _88983_/D : -152.502213
[setup in-reg] enable_cycle -> _90609_/D : -152.502213
[setup in-reg] enable_cycle -> _91206_/D : -152.502213
[setup in-reg] enable_cycle -> _91479_/D : -152.502213
[setup in-reg] enable_cycle -> _91817_/D : -152.502213
[setup in-reg] enable_cycle -> _86693_/D : -152.497528
[setup in-reg] enable_cycle -> _86908_/D : -152.497528
[setup in-reg] enable_cycle -> _87921_/D : -152.497528
[setup in-reg] enable_cycle -> _88931_/D : -152.497513
[setup in-reg] enable_cycle -> _92047_/D : -152.497513
[setup in-reg] enable_cycle -> _90780_/D : -152.494690
[setup in-reg] enable_cycle -> _86625_/D : -152.489014
[setup in-reg] enable_cycle -> _86739_/D : -152.489014
[setup in-reg] enable_cycle -> _87615_/D : -152.489014
[setup in-reg] enable_cycle -> _88113_/D : -152.489014
[setup in-reg] enable_cycle -> _89544_/D : -152.489014
[setup in-reg] enable_cycle -> _89612_/D : -152.489014
[setup in-reg] enable_cycle -> _89776_/D : -152.489014
[setup in-reg] enable_cycle -> _90870_/D : -152.489014
[setup in-reg] enable_cycle -> _90875_/D : -152.489014
[setup in-reg] enable_cycle -> _90877_/D : -152.489014
[setup in-reg] enable_cycle -> _91641_/D : -152.489014
[setup in-reg] enable_cycle -> _91722_/D : -152.489014
[setup in-reg] enable_cycle -> _91726_/D : -152.489014
[setup in-reg] enable_cycle -> _92049_/D : -152.489014
[setup in-reg] enable_cycle -> _92297_/D : -152.489014
[setup in-reg] enable_cycle -> _92490_/D : -152.489014
[setup in-reg] enable_cycle -> _90615_/D : -152.487305
[setup in-reg] enable_cycle -> _86619_/D : -152.481628
[setup in-reg] enable_cycle -> _86628_/D : -152.481598
[setup in-reg] enable_cycle -> _86629_/D : -152.481598
[setup in-reg] enable_cycle -> _86835_/D : -152.481598
[setup in-reg] enable_cycle -> _87354_/D : -152.481598
[setup in-reg] enable_cycle -> _87516_/D : -152.481628
[setup in-reg] enable_cycle -> _87910_/D : -152.481628
[setup in-reg] enable_cycle -> _88213_/D : -152.481628
[setup in-reg] enable_cycle -> _89143_/D : -152.481598
[setup in-reg] enable_cycle -> _89471_/D : -152.481628
[setup in-reg] enable_cycle -> _89553_/D : -152.481598
[setup in-reg] enable_cycle -> _89616_/D : -152.481598
[setup in-reg] enable_cycle -> _89686_/D : -152.481598
[setup in-reg] enable_cycle -> _90117_/D : -152.481628
[setup in-reg] enable_cycle -> _90204_/D : -152.481598
[setup in-reg] enable_cycle -> _90346_/D : -152.481628
[setup in-reg] enable_cycle -> _90524_/D : -152.481628
[setup in-reg] enable_cycle -> _90787_/D : -152.481598
[setup in-reg] enable_cycle -> _90789_/D : -152.481598
[setup in-reg] enable_cycle -> _90878_/D : -152.481628
[setup in-reg] enable_cycle -> _90945_/D : -152.481628
[setup in-reg] enable_cycle -> _91025_/D : -152.481598
[setup in-reg] enable_cycle -> _91482_/D : -152.481598
[setup in-reg] enable_cycle -> _91822_/D : -152.481598
[setup in-reg] enable_cycle -> _91916_/D : -152.481628
[setup in-reg] enable_cycle -> _91918_/D : -152.481598
[setup in-reg] enable_cycle -> _92189_/D : -152.481628
[setup in-reg] enable_cycle -> _92258_/D : -152.481598
[setup in-reg] enable_cycle -> _92314_/D : -152.481598
[setup in-reg] enable_cycle -> _89861_/D : -152.479172
[setup in-reg] enable_cycle -> _86689_/D : -152.475128
[setup in-reg] enable_cycle -> _86745_/D : -152.475143
[setup in-reg] enable_cycle -> _87257_/D : -152.475159
[setup in-reg] enable_cycle -> _87352_/D : -152.475159
[setup in-reg] enable_cycle -> _87920_/D : -152.475143
[setup in-reg] enable_cycle -> _88119_/D : -152.475143
[setup in-reg] enable_cycle -> _88120_/D : -152.475143
[setup in-reg] enable_cycle -> _88356_/D : -152.475159
[setup in-reg] enable_cycle -> _88875_/D : -152.475159
[setup in-reg] enable_cycle -> _89057_/D : -152.475159
[setup in-reg] enable_cycle -> _89378_/D : -152.475159
[setup in-reg] enable_cycle -> _89381_/D : -152.475143
[setup in-reg] enable_cycle -> _89618_/D : -152.475159
[setup in-reg] enable_cycle -> _89692_/D : -152.475159
[setup in-reg] enable_cycle -> _89778_/D : -152.475143
[setup in-reg] enable_cycle -> _89863_/D : -152.475143
[setup in-reg] enable_cycle -> _90119_/D : -152.475143
[setup in-reg] enable_cycle -> _90267_/D : -152.475159
[setup in-reg] enable_cycle -> _90268_/D : -152.475143
[setup in-reg] enable_cycle -> _90269_/D : -152.475143
[setup in-reg] enable_cycle -> _90350_/D : -152.475143
[setup in-reg] enable_cycle -> _90526_/D : -152.475159
[setup in-reg] enable_cycle -> _90699_/D : -152.475143
[setup in-reg] enable_cycle -> _90700_/D : -152.475143
[setup in-reg] enable_cycle -> _90790_/D : -152.475159
[setup in-reg] enable_cycle -> _90876_/D : -152.475159
[setup in-reg] enable_cycle -> _91298_/D : -152.475143
[setup in-reg] enable_cycle -> _91389_/D : -152.475159
[setup in-reg] enable_cycle -> _91478_/D : -152.475143
[setup in-reg] enable_cycle -> _91572_/D : -152.475143
[setup in-reg] enable_cycle -> _91729_/D : -152.475143
[setup in-reg] enable_cycle -> _91908_/D : -152.475143
[setup in-reg] enable_cycle -> _92272_/D : -152.475159
[setup in-reg] enable_cycle -> _92298_/D : -152.475159
[setup in-reg] enable_cycle -> _92382_/D : -152.475159
[setup in-reg] enable_cycle -> _88743_/D : -152.467834
[setup in-reg] enable_cycle -> _89220_/D : -152.467834
[setup in-reg] enable_cycle -> _90437_/D : -152.467834
[setup in-reg] enable_cycle -> _91388_/D : -152.467834
[setup in-reg] enable_cycle -> _88620_/D : -152.467407
[setup in-reg] enable_cycle -> _88940_/D : -152.467407
[setup in-reg] enable_cycle -> _91029_/D : -152.467407
[setup in-reg] enable_cycle -> _92299_/D : -152.467407
[setup in-reg] enable_cycle -> _92553_/D : -152.467407
[setup in-reg] enable_cycle -> _92316_/D : -152.463882
[setup in-reg] enable_cycle -> _92376_/D : -152.463730
[setup in-reg] enable_cycle -> _86695_/D : -152.461044
[setup in-reg] enable_cycle -> _87353_/D : -152.461044
[setup in-reg] enable_cycle -> _88019_/D : -152.461029
[setup in-reg] enable_cycle -> _89948_/D : -152.461044
[setup in-reg] enable_cycle -> _91574_/D : -152.461075
[setup in-reg] enable_cycle -> _92285_/D : -152.461044
[setup in-reg] enable_cycle -> _88869_/D : -152.454620
[setup in-reg] enable_cycle -> _86711_/D : -152.453430
[setup in-reg] enable_cycle -> _92450_/D : -152.453384
[setup in-reg] enable_cycle -> _90262_/D : -152.451019
[setup in-reg] enable_cycle -> _92286_/D : -152.449570
[setup in-reg] enable_cycle -> _86630_/D : -152.438995
[setup in-reg] enable_cycle -> _86965_/D : -152.439087
[setup in-reg] enable_cycle -> _89949_/D : -152.439041
[setup in-reg] enable_cycle -> _88121_/D : -152.436752
[setup in-reg] enable_cycle -> _90120_/D : -152.436752
[setup in-reg] enable_cycle -> _87160_/D : -152.435608
[setup in-reg] enable_cycle -> _91637_/D : -152.427917
[setup in-reg] enable_cycle -> _92301_/D : -152.422241
[setup in-reg] enable_cycle -> _88117_/D : -152.421021
[setup in-reg] enable_cycle -> _86710_/D : -152.418991
[setup in-reg] enable_cycle -> _92449_/D : -152.418793
[setup in-reg] enable_cycle -> _86846_/D : -152.407211
[setup in-reg] enable_cycle -> _88685_/D : -152.407211
[setup in-reg] enable_cycle -> _91647_/D : -152.407211
[setup in-reg] enable_cycle -> _92053_/D : -152.407211
[setup in-reg] enable_cycle -> _87512_/D : -152.403427
[setup in-reg] enable_cycle -> _87614_/D : -152.403427
[setup in-reg] enable_cycle -> _88607_/D : -152.403427
[setup in-reg] enable_cycle -> _88678_/D : -152.403427
[setup in-reg] enable_cycle -> _89540_/D : -152.403427
[setup in-reg] enable_cycle -> _89687_/D : -152.403427
[setup in-reg] enable_cycle -> _89854_/D : -152.403427
[setup in-reg] enable_cycle -> _90106_/D : -152.403427
[setup in-reg] enable_cycle -> _90337_/D : -152.403427
[setup in-reg] enable_cycle -> _90689_/D : -152.403488
[setup in-reg] enable_cycle -> _91474_/D : -152.403427
[setup in-reg] enable_cycle -> _91723_/D : -152.403427
[setup in-reg] enable_cycle -> _92252_/D : -152.403427
[setup in-reg] enable_cycle -> _87716_/D : -152.401077
[setup in-reg] enable_cycle -> _87912_/D : -152.401108
[setup in-reg] enable_cycle -> _88018_/D : -152.401108
[setup in-reg] enable_cycle -> _88110_/D : -152.393173
[setup in-reg] enable_cycle -> _88978_/D : -152.393173
[setup in-reg] enable_cycle -> _90108_/D : -152.393173
[setup in-reg] enable_cycle -> _87258_/D : -152.391663
[setup in-reg] enable_cycle -> _92190_/D : -152.391678
[setup in-reg] enable_cycle -> _92488_/D : -152.391220
[setup in-reg] enable_cycle -> _86624_/D : -152.390289
[setup in-reg] enable_cycle -> _86626_/D : -152.390289
[setup in-reg] enable_cycle -> _86686_/D : -152.390427
[setup in-reg] enable_cycle -> _86707_/D : -152.390427
[setup in-reg] enable_cycle -> _86738_/D : -152.390289
[setup in-reg] enable_cycle -> _86841_/D : -152.390289
[setup in-reg] enable_cycle -> _86888_/D : -152.390289
[setup in-reg] enable_cycle -> _86893_/D : -152.390289
[setup in-reg] enable_cycle -> _86905_/D : -152.390289
[setup in-reg] enable_cycle -> _86954_/D : -152.390289
[setup in-reg] enable_cycle -> _86960_/D : -152.390289
[setup in-reg] enable_cycle -> _87148_/D : -152.390289
[setup in-reg] enable_cycle -> _87152_/D : -152.390289
[setup in-reg] enable_cycle -> _87346_/D : -152.390289
[setup in-reg] enable_cycle -> _87349_/D : -152.390289
[setup in-reg] enable_cycle -> _87421_/D : -152.390289
[setup in-reg] enable_cycle -> _87423_/D : -152.390289
[setup in-reg] enable_cycle -> _87608_/D : -152.390289
[setup in-reg] enable_cycle -> _87714_/D : -152.390289
[setup in-reg] enable_cycle -> _87808_/D : -152.390289
[setup in-reg] enable_cycle -> _87914_/D : -152.390289
[setup in-reg] enable_cycle -> _87915_/D : -152.390289
[setup in-reg] enable_cycle -> _88114_/D : -152.390289
[setup in-reg] enable_cycle -> _88209_/D : -152.390289
[setup in-reg] enable_cycle -> _88349_/D : -152.390289
[setup in-reg] enable_cycle -> _88350_/D : -152.390289
[setup in-reg] enable_cycle -> _88351_/D : -152.390289
[setup in-reg] enable_cycle -> _88611_/D : -152.390289
[setup in-reg] enable_cycle -> _88671_/D : -152.390289
[setup in-reg] enable_cycle -> _88740_/D : -152.390289
[setup in-reg] enable_cycle -> _88742_/D : -152.390289
[setup in-reg] enable_cycle -> _88804_/D : -152.390289
[setup in-reg] enable_cycle -> _88806_/D : -152.390289
[setup in-reg] enable_cycle -> _88871_/D : -152.390289
[setup in-reg] enable_cycle -> _88934_/D : -152.390289
[setup in-reg] enable_cycle -> _88976_/D : -152.390289
[setup in-reg] enable_cycle -> _88982_/D : -152.390289
[setup in-reg] enable_cycle -> _88984_/D : -152.390289
[setup in-reg] enable_cycle -> _89134_/D : -152.390289
[setup in-reg] enable_cycle -> _89303_/D : -152.390289
[setup in-reg] enable_cycle -> _89379_/D : -152.390289
[setup in-reg] enable_cycle -> _89382_/D : -152.390289
[setup in-reg] enable_cycle -> _89461_/D : -152.390289
[setup in-reg] enable_cycle -> _89463_/D : -152.390289
[setup in-reg] enable_cycle -> _89543_/D : -152.390289
[setup in-reg] enable_cycle -> _89545_/D : -152.390289
[setup in-reg] enable_cycle -> _89684_/D : -152.390289
[setup in-reg] enable_cycle -> _89688_/D : -152.390289
[setup in-reg] enable_cycle -> _89775_/D : -152.390289
[setup in-reg] enable_cycle -> _89939_/D : -152.390289
[setup in-reg] enable_cycle -> _89943_/D : -152.390289
[setup in-reg] enable_cycle -> _90028_/D : -152.390289
[setup in-reg] enable_cycle -> _90113_/D : -152.390289
[setup in-reg] enable_cycle -> _90115_/D : -152.390289
[setup in-reg] enable_cycle -> _90199_/D : -152.390289
[setup in-reg] enable_cycle -> _90200_/D : -152.390289
[setup in-reg] enable_cycle -> _90340_/D : -152.390289
[setup in-reg] enable_cycle -> _90434_/D : -152.390289
[setup in-reg] enable_cycle -> _90516_/D : -152.390289
[setup in-reg] enable_cycle -> _90519_/D : -152.390289
[setup in-reg] enable_cycle -> _90612_/D : -152.390289
[setup in-reg] enable_cycle -> _90692_/D : -152.390289
[setup in-reg] enable_cycle -> _90782_/D : -152.390289
[setup in-reg] enable_cycle -> _90784_/D : -152.390289
[setup in-reg] enable_cycle -> _90871_/D : -152.390289
[setup in-reg] enable_cycle -> _90872_/D : -152.390289
[setup in-reg] enable_cycle -> _91023_/D : -152.390289
[setup in-reg] enable_cycle -> _91113_/D : -152.390289
[setup in-reg] enable_cycle -> _91114_/D : -152.390289
[setup in-reg] enable_cycle -> _91199_/D : -152.390289
[setup in-reg] enable_cycle -> _91294_/D : -152.390289
[setup in-reg] enable_cycle -> _91296_/D : -152.390289
[setup in-reg] enable_cycle -> _91387_/D : -152.390289
[setup in-reg] enable_cycle -> _91634_/D : -152.390289
[setup in-reg] enable_cycle -> _91638_/D : -152.390289
[setup in-reg] enable_cycle -> _91814_/D : -152.390289
[setup in-reg] enable_cycle -> _92041_/D : -152.390289
[setup in-reg] enable_cycle -> _92046_/D : -152.390289
[setup in-reg] enable_cycle -> _92178_/D : -152.390289
[setup in-reg] enable_cycle -> _92179_/D : -152.390289
[setup in-reg] enable_cycle -> _92256_/D : -152.390289
[setup in-reg] enable_cycle -> _92261_/D : -152.390289
[setup in-reg] enable_cycle -> _90435_/D : -152.388214
[setup in-reg] enable_cycle -> _91210_/D : -152.388168
[setup in-reg] enable_cycle -> _91208_/D : -152.387222
[setup in-reg] enable_cycle -> _89142_/D : -152.382309
[setup in-reg] enable_cycle -> _90347_/D : -152.382370
[setup in-reg] enable_cycle -> _90203_/D : -152.371536
[setup in-reg] enable_cycle -> _87517_/D : -152.363037
[setup in-reg] enable_cycle -> _87719_/D : -152.363037
[setup in-reg] enable_cycle -> _88809_/D : -152.363037
[setup in-reg] enable_cycle -> _88987_/D : -152.363037
[setup in-reg] enable_cycle -> _89058_/D : -152.363037
[setup in-reg] enable_cycle -> _89060_/D : -152.363037
[setup in-reg] enable_cycle -> _89140_/D : -152.363037
[setup in-reg] enable_cycle -> _89224_/D : -152.363037
[setup in-reg] enable_cycle -> _89388_/D : -152.363037
[setup in-reg] enable_cycle -> _89470_/D : -152.363037
[setup in-reg] enable_cycle -> _89691_/D : -152.363037
[setup in-reg] enable_cycle -> _90349_/D : -152.363037
[setup in-reg] enable_cycle -> _91392_/D : -152.363037
[setup in-reg] enable_cycle -> _91643_/D : -152.363037
[setup in-reg] enable_cycle -> _91824_/D : -152.363037
[setup in-reg] enable_cycle -> _92186_/D : -152.363037
[setup in-reg] enable_cycle -> _86702_/D : -152.362366
[setup in-reg] enable_cycle -> _86741_/D : -152.362228
[setup in-reg] enable_cycle -> _87710_/D : -152.362228
[setup in-reg] enable_cycle -> _87811_/D : -152.362244
[setup in-reg] enable_cycle -> _87812_/D : -152.362244
[setup in-reg] enable_cycle -> _88675_/D : -152.362244
[setup in-reg] enable_cycle -> _88800_/D : -152.362228
[setup in-reg] enable_cycle -> _88803_/D : -152.362228
[setup in-reg] enable_cycle -> _88936_/D : -152.362244
[setup in-reg] enable_cycle -> _89218_/D : -152.362228
[setup in-reg] enable_cycle -> _89858_/D : -152.362228
[setup in-reg] enable_cycle -> _89945_/D : -152.362244
[setup in-reg] enable_cycle -> _90202_/D : -152.362244
[setup in-reg] enable_cycle -> _90265_/D : -152.362228
[setup in-reg] enable_cycle -> _90345_/D : -152.362228
[setup in-reg] enable_cycle -> _90608_/D : -152.362228
[setup in-reg] enable_cycle -> _90694_/D : -152.362228
[setup in-reg] enable_cycle -> _90783_/D : -152.362228
[setup in-reg] enable_cycle -> _90940_/D : -152.362259
[setup in-reg] enable_cycle -> _91018_/D : -152.362228
[setup in-reg] enable_cycle -> _91636_/D : -152.362228
[setup in-reg] enable_cycle -> _92184_/D : -152.362228
[setup in-reg] enable_cycle -> _92296_/D : -152.362228
[setup in-reg] enable_cycle -> _92306_/D : -152.362244
[setup in-reg] enable_cycle -> _92315_/D : -152.362228
[setup in-reg] enable_cycle -> _92445_/D : -152.362228
[setup in-reg] enable_cycle -> _92545_/D : -152.362244
[setup in-reg] enable_cycle -> _88021_/D : -152.352875
[setup in-reg] enable_cycle -> _87420_/D : -152.347778
[setup in-reg] enable_cycle -> _86684_/D : -152.339905
[setup in-reg] enable_cycle -> _87250_/D : -152.339890
[setup in-reg] enable_cycle -> _87347_/D : -152.339905
[setup in-reg] enable_cycle -> _88208_/D : -152.339905
[setup in-reg] enable_cycle -> _89466_/D : -152.339905
[setup in-reg] enable_cycle -> _91028_/D : -152.339905
[setup in-reg] enable_cycle -> _91295_/D : -152.339905
[setup in-reg] enable_cycle -> _92375_/D : -152.339905
[setup in-reg] enable_cycle -> _88680_/D : -152.335464
[setup in-reg] enable_cycle -> _89386_/D : -152.335297
[setup in-reg] enable_cycle -> _92444_/D : -152.335297
[setup in-reg] enable_cycle -> _87817_/D : -152.332657
[setup in-reg] enable_cycle -> _87062_/D : -152.327194
[setup in-reg] enable_cycle -> _87159_/D : -152.327194
[setup in-reg] enable_cycle -> _87519_/D : -152.327194
[setup in-reg] enable_cycle -> _88617_/D : -152.327194
[setup in-reg] enable_cycle -> _88811_/D : -152.327194
[setup in-reg] enable_cycle -> _88939_/D : -152.327194
[setup in-reg] enable_cycle -> _91026_/D : -152.327194
[setup in-reg] enable_cycle -> _91730_/D : -152.327194
[setup in-reg] enable_cycle -> _92552_/D : -152.327194
[setup in-reg] enable_cycle -> _87418_/D : -152.325714
[setup in-reg] enable_cycle -> _86906_/D : -152.323166
[setup in-reg] enable_cycle -> _87252_/D : -152.323181
[setup in-reg] enable_cycle -> _87610_/D : -152.323166
[setup in-reg] enable_cycle -> _87613_/D : -152.323166
[setup in-reg] enable_cycle -> _88867_/D : -152.323166
[setup in-reg] enable_cycle -> _89306_/D : -152.323166
[setup in-reg] enable_cycle -> _90266_/D : -152.323166
[setup in-reg] enable_cycle -> _90604_/D : -152.323166
[setup in-reg] enable_cycle -> _92304_/D : -152.323166
[setup in-reg] enable_cycle -> _86844_/D : -152.316986
[setup in-reg] enable_cycle -> _87157_/D : -152.316986
[setup in-reg] enable_cycle -> _88355_/D : -152.316986
[setup in-reg] enable_cycle -> _89617_/D : -152.316986
[setup in-reg] enable_cycle -> _86687_/D : -152.312897
[setup in-reg] enable_cycle -> _86698_/D : -152.312897
[setup in-reg] enable_cycle -> _86699_/D : -152.312897
[setup in-reg] enable_cycle -> _86703_/D : -152.312897
[setup in-reg] enable_cycle -> _86838_/D : -152.312775
[setup in-reg] enable_cycle -> _86890_/D : -152.312759
[setup in-reg] enable_cycle -> _86896_/D : -152.312759
[setup in-reg] enable_cycle -> _86959_/D : -152.312759
[setup in-reg] enable_cycle -> _87150_/D : -152.312759
[setup in-reg] enable_cycle -> _87151_/D : -152.312775
[setup in-reg] enable_cycle -> _87153_/D : -152.312759
[setup in-reg] enable_cycle -> _87248_/D : -152.312775
[setup in-reg] enable_cycle -> _87253_/D : -152.312759
[setup in-reg] enable_cycle -> _87344_/D : -152.312759
[setup in-reg] enable_cycle -> _87424_/D : -152.312775
[setup in-reg] enable_cycle -> _87513_/D : -152.312790
[setup in-reg] enable_cycle -> _87612_/D : -152.312759
[setup in-reg] enable_cycle -> _87715_/D : -152.312775
[setup in-reg] enable_cycle -> _87809_/D : -152.312759
[setup in-reg] enable_cycle -> _87815_/D : -152.312759
[setup in-reg] enable_cycle -> _87908_/D : -152.312759
[setup in-reg] enable_cycle -> _88009_/D : -152.312759
[setup in-reg] enable_cycle -> _88207_/D : -152.312759
[setup in-reg] enable_cycle -> _88612_/D : -152.312759
[setup in-reg] enable_cycle -> _88673_/D : -152.312759
[setup in-reg] enable_cycle -> _88674_/D : -152.312759
[setup in-reg] enable_cycle -> _88807_/D : -152.312759
[setup in-reg] enable_cycle -> _88929_/D : -152.312759
[setup in-reg] enable_cycle -> _88933_/D : -152.312759
[setup in-reg] enable_cycle -> _88981_/D : -152.312759
[setup in-reg] enable_cycle -> _89050_/D : -152.312759
[setup in-reg] enable_cycle -> _89052_/D : -152.312759
[setup in-reg] enable_cycle -> _89132_/D : -152.312759
[setup in-reg] enable_cycle -> _89215_/D : -152.312759
[setup in-reg] enable_cycle -> _89301_/D : -152.312759
[setup in-reg] enable_cycle -> _89380_/D : -152.312775
[setup in-reg] enable_cycle -> _89548_/D : -152.312775
[setup in-reg] enable_cycle -> _89853_/D : -152.312759
[setup in-reg] enable_cycle -> _89856_/D : -152.312759
[setup in-reg] enable_cycle -> _90023_/D : -152.312759
[setup in-reg] enable_cycle -> _90341_/D : -152.312790
[setup in-reg] enable_cycle -> _90428_/D : -152.312759
[setup in-reg] enable_cycle -> _90430_/D : -152.312759
[setup in-reg] enable_cycle -> _90431_/D : -152.312759
[setup in-reg] enable_cycle -> _90517_/D : -152.312759
[setup in-reg] enable_cycle -> _90695_/D : -152.312759
[setup in-reg] enable_cycle -> _90785_/D : -152.312775
[setup in-reg] enable_cycle -> _91019_/D : -152.312759
[setup in-reg] enable_cycle -> _91021_/D : -152.312759
[setup in-reg] enable_cycle -> _91204_/D : -152.312759
[setup in-reg] enable_cycle -> _91477_/D : -152.312775
[setup in-reg] enable_cycle -> _91821_/D : -152.312775
[setup in-reg] enable_cycle -> _91909_/D : -152.312759
[setup in-reg] enable_cycle -> _91911_/D : -152.312759
[setup in-reg] enable_cycle -> _91912_/D : -152.312775
[setup in-reg] enable_cycle -> _92181_/D : -152.312759
[setup in-reg] enable_cycle -> _92183_/D : -152.312759
[setup in-reg] enable_cycle -> _92262_/D : -152.312759
[setup in-reg] enable_cycle -> _92264_/D : -152.312805
[setup in-reg] enable_cycle -> _92269_/D : -152.312759
[setup in-reg] enable_cycle -> _92279_/D : -152.312759
[setup in-reg] enable_cycle -> _92291_/D : -152.312805
[setup in-reg] enable_cycle -> _92293_/D : -152.312759
[setup in-reg] enable_cycle -> _92307_/D : -152.312759
[setup in-reg] enable_cycle -> _92308_/D : -152.312759
[setup in-reg] enable_cycle -> _92310_/D : -152.312759
[setup in-reg] enable_cycle -> _92312_/D : -152.312759
[setup in-reg] enable_cycle -> _92318_/D : -152.312775
[setup in-reg] enable_cycle -> _92377_/D : -152.312775
[setup in-reg] enable_cycle -> _92379_/D : -152.312759
[setup in-reg] enable_cycle -> _92433_/D : -152.312759
[setup in-reg] enable_cycle -> _92434_/D : -152.312759
[setup in-reg] enable_cycle -> _92436_/D : -152.312759
[setup in-reg] enable_cycle -> _92442_/D : -152.312759
[setup in-reg] enable_cycle -> _92473_/D : -152.312759
[setup in-reg] enable_cycle -> _92474_/D : -152.312775
[setup in-reg] enable_cycle -> _92478_/D : -152.312759
[setup in-reg] enable_cycle -> _92480_/D : -152.312759
[setup in-reg] enable_cycle -> _92482_/D : -152.312759
[setup in-reg] enable_cycle -> _92484_/D : -152.312759
[setup in-reg] enable_cycle -> _92485_/D : -152.312759
[setup in-reg] enable_cycle -> _92487_/D : -152.312759
[setup in-reg] enable_cycle -> _92546_/D : -152.312759
[setup in-reg] enable_cycle -> _86742_/D : -152.302460
[setup in-reg] enable_cycle -> _90111_/D : -152.300049
[setup in-reg] enable_cycle -> _90788_/D : -152.300034
[setup in-reg] enable_cycle -> _86842_/D : -152.285278
[setup in-reg] enable_cycle -> _87429_/D : -152.285278
[setup in-reg] enable_cycle -> _87617_/D : -152.285278
[setup in-reg] enable_cycle -> _87619_/D : -152.285278
[setup in-reg] enable_cycle -> _87720_/D : -152.285278
[setup in-reg] enable_cycle -> _88812_/D : -152.285278
[setup in-reg] enable_cycle -> _88876_/D : -152.285278
[setup in-reg] enable_cycle -> _89468_/D : -152.285278
[setup in-reg] enable_cycle -> _90116_/D : -152.285278
[setup in-reg] enable_cycle -> _91301_/D : -152.285278
[setup in-reg] enable_cycle -> _91575_/D : -152.285278
[setup in-reg] enable_cycle -> _91731_/D : -152.285278
[setup in-reg] enable_cycle -> _92383_/D : -152.285278
[setup in-reg] enable_cycle -> _86705_/D : -152.257858
[setup in-reg] enable_cycle -> _87158_/D : -152.256973
[setup in-reg] enable_cycle -> _89469_/D : -152.256927
[setup in-reg] enable_cycle -> _92050_/D : -152.256927
[setup in-reg] enable_cycle -> _91393_/D : -152.254456
[setup in-reg] enable_cycle -> _89298_/D : -152.250366
[setup in-reg] enable_cycle -> _89302_/D : -152.250275
[setup in-reg] enable_cycle -> _87913_/D : -152.249908
[setup in-reg] enable_cycle -> _91385_/D : -152.250061
[setup in-reg] enable_cycle -> _91570_/D : -152.250153
[setup in-reg] enable_cycle -> _91818_/D : -152.249893
[setup in-reg] enable_cycle -> _90197_/D : -152.249664
[setup in-reg] enable_cycle -> _87425_/D : -152.249069
[setup in-reg] enable_cycle -> _87511_/D : -152.249069
[setup in-reg] enable_cycle -> _89053_/D : -152.249054
[setup in-reg] enable_cycle -> _90112_/D : -152.249054
[setup in-reg] enable_cycle -> _92542_/D : -152.249054
[setup in-reg] enable_cycle -> _89464_/D : -152.243454
[setup in-reg] enable_cycle -> _89940_/D : -152.240601
[setup in-reg] enable_cycle -> _92544_/D : -152.239944
[setup in-reg] enable_cycle -> _88020_/D : -152.237793
[setup in-reg] enable_cycle -> _92275_/D : -152.233536
[setup in-reg] enable_cycle -> _92302_/D : -152.233612
[setup in-reg] enable_cycle -> _90024_/D : -152.232285
[setup in-reg] enable_cycle -> _86620_/D : -152.230957
[setup in-reg] enable_cycle -> _86836_/D : -152.230957
[setup in-reg] enable_cycle -> _87510_/D : -152.230957
[setup in-reg] enable_cycle -> _87911_/D : -152.230957
[setup in-reg] enable_cycle -> _88930_/D : -152.230957
[setup in-reg] enable_cycle -> _90194_/D : -152.230957
[setup in-reg] enable_cycle -> _90869_/D : -152.230972
[setup in-reg] enable_cycle -> _91027_/D : -152.230881
[setup in-reg] enable_cycle -> _91917_/D : -152.230881
[setup in-reg] enable_cycle -> _92180_/D : -152.230957
[setup in-reg] enable_cycle -> _92267_/D : -152.230957
[setup in-reg] enable_cycle -> _92327_/D : -152.230865
[setup in-reg] enable_cycle -> _92424_/D : -152.230881
[setup in-reg] enable_cycle -> _92543_/D : -152.230972
[setup in-reg] enable_cycle -> _86682_/D : -152.230560
[setup in-reg] enable_cycle -> _86692_/D : -152.230560
[setup in-reg] enable_cycle -> _86697_/D : -152.230453
[setup in-reg] enable_cycle -> _86706_/D : -152.230560
[setup in-reg] enable_cycle -> _86709_/D : -152.230560
[setup in-reg] enable_cycle -> _86743_/D : -152.230560
[setup in-reg] enable_cycle -> _86885_/D : -152.230560
[setup in-reg] enable_cycle -> _86897_/D : -152.230560
[setup in-reg] enable_cycle -> _86898_/D : -152.230560
[setup in-reg] enable_cycle -> _86904_/D : -152.230560
[setup in-reg] enable_cycle -> _86962_/D : -152.230560
[setup in-reg] enable_cycle -> _87052_/D : -152.230453
[setup in-reg] enable_cycle -> _87249_/D : -152.230453
[setup in-reg] enable_cycle -> _87342_/D : -152.230453
[setup in-reg] enable_cycle -> _87609_/D : -152.230560
[setup in-reg] enable_cycle -> _87814_/D : -152.230560
[setup in-reg] enable_cycle -> _88011_/D : -152.230560
[setup in-reg] enable_cycle -> _88016_/D : -152.230560
[setup in-reg] enable_cycle -> _88203_/D : -152.230453
[setup in-reg] enable_cycle -> _88206_/D : -152.230560
[setup in-reg] enable_cycle -> _88616_/D : -152.230560
[setup in-reg] enable_cycle -> _88618_/D : -152.230560
[setup in-reg] enable_cycle -> _88746_/D : -152.230560
[setup in-reg] enable_cycle -> _88808_/D : -152.230560
[setup in-reg] enable_cycle -> _88868_/D : -152.230560
[setup in-reg] enable_cycle -> _88986_/D : -152.230560
[setup in-reg] enable_cycle -> _89055_/D : -152.230560
[setup in-reg] enable_cycle -> _89059_/D : -152.230560
[setup in-reg] enable_cycle -> _89137_/D : -152.230560
[setup in-reg] enable_cycle -> _89141_/D : -152.230560
[setup in-reg] enable_cycle -> _89213_/D : -152.230453
[setup in-reg] enable_cycle -> _89297_/D : -152.230453
[setup in-reg] enable_cycle -> _89384_/D : -152.230453
[setup in-reg] enable_cycle -> _89465_/D : -152.230453
[setup in-reg] enable_cycle -> _89609_/D : -152.230560
[setup in-reg] enable_cycle -> _89682_/D : -152.230453
[setup in-reg] enable_cycle -> _89767_/D : -152.230453
[setup in-reg] enable_cycle -> _89773_/D : -152.230560
[setup in-reg] enable_cycle -> _89774_/D : -152.230560
[setup in-reg] enable_cycle -> _90029_/D : -152.230560
[setup in-reg] enable_cycle -> _90109_/D : -152.230453
[setup in-reg] enable_cycle -> _90196_/D : -152.230560
[setup in-reg] enable_cycle -> _90258_/D : -152.230453
[setup in-reg] enable_cycle -> _90264_/D : -152.230560
[setup in-reg] enable_cycle -> _90342_/D : -152.230560
[setup in-reg] enable_cycle -> _90348_/D : -152.230453
[setup in-reg] enable_cycle -> _90426_/D : -152.230453
[setup in-reg] enable_cycle -> _90514_/D : -152.230453
[setup in-reg] enable_cycle -> _90520_/D : -152.230560
[setup in-reg] enable_cycle -> _90602_/D : -152.230453
[setup in-reg] enable_cycle -> _90605_/D : -152.230560
[setup in-reg] enable_cycle -> _90606_/D : -152.230560
[setup in-reg] enable_cycle -> _90874_/D : -152.230453
[setup in-reg] enable_cycle -> _90934_/D : -152.230453
[setup in-reg] enable_cycle -> _90939_/D : -152.230560
[setup in-reg] enable_cycle -> _90943_/D : -152.230453
[setup in-reg] enable_cycle -> _91112_/D : -152.230560
[setup in-reg] enable_cycle -> _91297_/D : -152.230560
[setup in-reg] enable_cycle -> _91382_/D : -152.230453
[setup in-reg] enable_cycle -> _91476_/D : -152.230560
[setup in-reg] enable_cycle -> _91564_/D : -152.230453
[setup in-reg] enable_cycle -> _91720_/D : -152.230560
[setup in-reg] enable_cycle -> _91721_/D : -152.230560
[setup in-reg] enable_cycle -> _91823_/D : -152.230560
[setup in-reg] enable_cycle -> _92251_/D : -152.230560
[setup in-reg] enable_cycle -> _92255_/D : -152.230453
[setup in-reg] enable_cycle -> _92265_/D : -152.230453
[setup in-reg] enable_cycle -> _92270_/D : -152.230560
[setup in-reg] enable_cycle -> _92271_/D : -152.230560
[setup in-reg] enable_cycle -> _92276_/D : -152.230560
[setup in-reg] enable_cycle -> _92278_/D : -152.230453
[setup in-reg] enable_cycle -> _92280_/D : -152.230453
[setup in-reg] enable_cycle -> _92290_/D : -152.230560
[setup in-reg] enable_cycle -> _92294_/D : -152.230453
[setup in-reg] enable_cycle -> _92303_/D : -152.230560
[setup in-reg] enable_cycle -> _92311_/D : -152.230560
[setup in-reg] enable_cycle -> _92317_/D : -152.230453
[setup in-reg] enable_cycle -> _92323_/D : -152.230560
[setup in-reg] enable_cycle -> _92325_/D : -152.230560
[setup in-reg] enable_cycle -> _92326_/D : -152.230560
[setup in-reg] enable_cycle -> _92423_/D : -152.230560
[setup in-reg] enable_cycle -> _92425_/D : -152.230453
[setup in-reg] enable_cycle -> _92426_/D : -152.230560
[setup in-reg] enable_cycle -> _92431_/D : -152.230560
[setup in-reg] enable_cycle -> _92439_/D : -152.230560
[setup in-reg] enable_cycle -> _92440_/D : -152.230560
[setup in-reg] enable_cycle -> _92441_/D : -152.230560
[setup in-reg] enable_cycle -> _92447_/D : -152.230560
[setup in-reg] enable_cycle -> _92469_/D : -152.230560
[setup in-reg] enable_cycle -> _92475_/D : -152.230560
[setup in-reg] enable_cycle -> _92476_/D : -152.230560
[setup in-reg] enable_cycle -> _92477_/D : -152.230560
[setup in-reg] enable_cycle -> _92479_/D : -152.230453
[setup in-reg] enable_cycle -> _92489_/D : -152.230560
[setup in-reg] enable_cycle -> _92493_/D : -152.230560
[setup in-reg] enable_cycle -> _92547_/D : -152.230560
[setup in-reg] enable_cycle -> _86622_/D : -152.229843
[setup in-reg] enable_cycle -> _86744_/D : -152.229843
[setup in-reg] enable_cycle -> _86839_/D : -152.229858
[setup in-reg] enable_cycle -> _86840_/D : -152.229828
[setup in-reg] enable_cycle -> _86843_/D : -152.229828
[setup in-reg] enable_cycle -> _86900_/D : -152.229828
[setup in-reg] enable_cycle -> _86907_/D : -152.229858
[setup in-reg] enable_cycle -> _86958_/D : -152.229858
[setup in-reg] enable_cycle -> _86964_/D : -152.229843
[setup in-reg] enable_cycle -> _87050_/D : -152.229843
[setup in-reg] enable_cycle -> _87058_/D : -152.229828
[setup in-reg] enable_cycle -> _87061_/D : -152.229843
[setup in-reg] enable_cycle -> _87149_/D : -152.229858
[setup in-reg] enable_cycle -> _87154_/D : -152.229858
[setup in-reg] enable_cycle -> _87156_/D : -152.229843
[setup in-reg] enable_cycle -> _87255_/D : -152.229858
[setup in-reg] enable_cycle -> _87343_/D : -152.229858
[setup in-reg] enable_cycle -> _87350_/D : -152.229858
[setup in-reg] enable_cycle -> _87351_/D : -152.229843
[setup in-reg] enable_cycle -> _87427_/D : -152.229858
[setup in-reg] enable_cycle -> _87507_/D : -152.229843
[setup in-reg] enable_cycle -> _87518_/D : -152.229843
[setup in-reg] enable_cycle -> _87616_/D : -152.229843
[setup in-reg] enable_cycle -> _87711_/D : -152.229843
[setup in-reg] enable_cycle -> _87712_/D : -152.229828
[setup in-reg] enable_cycle -> _87717_/D : -152.229858
[setup in-reg] enable_cycle -> _87718_/D : -152.229828
[setup in-reg] enable_cycle -> _87813_/D : -152.229843
[setup in-reg] enable_cycle -> _87818_/D : -152.229843
[setup in-reg] enable_cycle -> _87907_/D : -152.229843
[setup in-reg] enable_cycle -> _88007_/D : -152.229828
[setup in-reg] enable_cycle -> _88012_/D : -152.229858
[setup in-reg] enable_cycle -> _88013_/D : -152.229828
[setup in-reg] enable_cycle -> _88014_/D : -152.229843
[setup in-reg] enable_cycle -> _88015_/D : -152.229843
[setup in-reg] enable_cycle -> _88112_/D : -152.229828
[setup in-reg] enable_cycle -> _88118_/D : -152.229858
[setup in-reg] enable_cycle -> _88200_/D : -152.229843
[setup in-reg] enable_cycle -> _88201_/D : -152.229843
[setup in-reg] enable_cycle -> _88211_/D : -152.229843
[setup in-reg] enable_cycle -> _88348_/D : -152.229874
[setup in-reg] enable_cycle -> _88354_/D : -152.229874
[setup in-reg] enable_cycle -> _88609_/D : -152.229874
[setup in-reg] enable_cycle -> _88677_/D : -152.229874
[setup in-reg] enable_cycle -> _88682_/D : -152.229874
[setup in-reg] enable_cycle -> _88744_/D : -152.229874
[setup in-reg] enable_cycle -> _88864_/D : -152.229874
[setup in-reg] enable_cycle -> _88865_/D : -152.229874
[setup in-reg] enable_cycle -> _88866_/D : -152.229874
[setup in-reg] enable_cycle -> _88870_/D : -152.229874
[setup in-reg] enable_cycle -> _88873_/D : -152.229874
[setup in-reg] enable_cycle -> _88874_/D : -152.229874
[setup in-reg] enable_cycle -> _88927_/D : -152.229874
[setup in-reg] enable_cycle -> _88938_/D : -152.229874
[setup in-reg] enable_cycle -> _88975_/D : -152.229874
[setup in-reg] enable_cycle -> _89135_/D : -152.229843
[setup in-reg] enable_cycle -> _89216_/D : -152.229828
[setup in-reg] enable_cycle -> _89223_/D : -152.229858
[setup in-reg] enable_cycle -> _89299_/D : -152.229858
[setup in-reg] enable_cycle -> _89304_/D : -152.229843
[setup in-reg] enable_cycle -> _89305_/D : -152.229858
[setup in-reg] enable_cycle -> _89387_/D : -152.229843
[setup in-reg] enable_cycle -> _89467_/D : -152.229858
[setup in-reg] enable_cycle -> _89551_/D : -152.229858
[setup in-reg] enable_cycle -> _89605_/D : -152.229843
[setup in-reg] enable_cycle -> _89607_/D : -152.229858
[setup in-reg] enable_cycle -> _89611_/D : -152.229828
[setup in-reg] enable_cycle -> _89685_/D : -152.229828
[setup in-reg] enable_cycle -> _89769_/D : -152.229858
[setup in-reg] enable_cycle -> _89770_/D : -152.229828
[setup in-reg] enable_cycle -> _89771_/D : -152.229858
[setup in-reg] enable_cycle -> _89772_/D : -152.229843
[setup in-reg] enable_cycle -> _89777_/D : -152.229828
[setup in-reg] enable_cycle -> _89857_/D : -152.229858
[setup in-reg] enable_cycle -> _89944_/D : -152.229843
[setup in-reg] enable_cycle -> _89947_/D : -152.229828
[setup in-reg] enable_cycle -> _90025_/D : -152.229828
[setup in-reg] enable_cycle -> _90026_/D : -152.229828
[setup in-reg] enable_cycle -> _90030_/D : -152.229858
[setup in-reg] enable_cycle -> _90032_/D : -152.229828
[setup in-reg] enable_cycle -> _90110_/D : -152.229828
[setup in-reg] enable_cycle -> _90114_/D : -152.229828
[setup in-reg] enable_cycle -> _90427_/D : -152.229858
[setup in-reg] enable_cycle -> _90696_/D : -152.229843
[setup in-reg] enable_cycle -> _90698_/D : -152.229843
[setup in-reg] enable_cycle -> _90866_/D : -152.229843
[setup in-reg] enable_cycle -> _90935_/D : -152.229843
[setup in-reg] enable_cycle -> _90936_/D : -152.229858
[setup in-reg] enable_cycle -> _91022_/D : -152.229828
[setup in-reg] enable_cycle -> _91109_/D : -152.229843
[setup in-reg] enable_cycle -> _91110_/D : -152.229828
[setup in-reg] enable_cycle -> _91118_/D : -152.229843
[setup in-reg] enable_cycle -> _91202_/D : -152.229828
[setup in-reg] enable_cycle -> _91205_/D : -152.229843
[setup in-reg] enable_cycle -> _91207_/D : -152.229828
[setup in-reg] enable_cycle -> _91209_/D : -152.229858
[setup in-reg] enable_cycle -> _91300_/D : -152.229843
[setup in-reg] enable_cycle -> _91391_/D : -152.229828
[setup in-reg] enable_cycle -> _91480_/D : -152.229828
[setup in-reg] enable_cycle -> _91566_/D : -152.229858
[setup in-reg] enable_cycle -> _91567_/D : -152.229843
[setup in-reg] enable_cycle -> _91569_/D : -152.229843
[setup in-reg] enable_cycle -> _91573_/D : -152.229843
[setup in-reg] enable_cycle -> _91633_/D : -152.229843
[setup in-reg] enable_cycle -> _91640_/D : -152.229843
[setup in-reg] enable_cycle -> _91644_/D : -152.229858
[setup in-reg] enable_cycle -> _91645_/D : -152.229858
[setup in-reg] enable_cycle -> _91646_/D : -152.229843
[setup in-reg] enable_cycle -> _91725_/D : -152.229843
[setup in-reg] enable_cycle -> _91727_/D : -152.229858
[setup in-reg] enable_cycle -> _91816_/D : -152.229828
[setup in-reg] enable_cycle -> _91819_/D : -152.229843
[setup in-reg] enable_cycle -> _91910_/D : -152.229843
[setup in-reg] enable_cycle -> _91915_/D : -152.229858
[setup in-reg] enable_cycle -> _92045_/D : -152.229828
[setup in-reg] enable_cycle -> _92048_/D : -152.229858
[setup in-reg] enable_cycle -> _92185_/D : -152.229858
[setup in-reg] enable_cycle -> _92187_/D : -152.229858
[setup in-reg] enable_cycle -> _92263_/D : -152.229828
[setup in-reg] enable_cycle -> _92292_/D : -152.229828
[setup in-reg] enable_cycle -> _92319_/D : -152.229858
[setup in-reg] enable_cycle -> _92320_/D : -152.229828
[setup in-reg] enable_cycle -> _92321_/D : -152.229843
[setup in-reg] enable_cycle -> _92378_/D : -152.229828
[setup in-reg] enable_cycle -> _92384_/D : -152.229858
[setup in-reg] enable_cycle -> _92435_/D : -152.229858
[setup in-reg] enable_cycle -> _92446_/D : -152.229858
[setup in-reg] enable_cycle -> _92448_/D : -152.229843
[setup in-reg] enable_cycle -> _92491_/D : -152.229828
[setup in-reg] enable_cycle -> _92492_/D : -152.229843
[setup in-reg] enable_cycle -> _92548_/D : -152.229843
[setup in-reg] enable_cycle -> _86618_/D : -152.229584
[setup in-reg] enable_cycle -> _86623_/D : -152.229630
[setup in-reg] enable_cycle -> _86690_/D : -152.229630
[setup in-reg] enable_cycle -> _86837_/D : -152.229584
[setup in-reg] enable_cycle -> _86887_/D : -152.229584
[setup in-reg] enable_cycle -> _86889_/D : -152.229630
[setup in-reg] enable_cycle -> _86891_/D : -152.229584
[setup in-reg] enable_cycle -> _86899_/D : -152.229645
[setup in-reg] enable_cycle -> _86903_/D : -152.229645
[setup in-reg] enable_cycle -> _86953_/D : -152.229584
[setup in-reg] enable_cycle -> _86955_/D : -152.229630
[setup in-reg] enable_cycle -> _87053_/D : -152.229630
[setup in-reg] enable_cycle -> _87155_/D : -152.229584
[setup in-reg] enable_cycle -> _87244_/D : -152.229584
[setup in-reg] enable_cycle -> _87509_/D : -152.229584
[setup in-reg] enable_cycle -> _87607_/D : -152.229584
[setup in-reg] enable_cycle -> _87618_/D : -152.229584
[setup in-reg] enable_cycle -> _87713_/D : -152.229645
[setup in-reg] enable_cycle -> _87909_/D : -152.229630
[setup in-reg] enable_cycle -> _88111_/D : -152.229630
[setup in-reg] enable_cycle -> _88115_/D : -152.229630
[setup in-reg] enable_cycle -> _88202_/D : -152.229584
[setup in-reg] enable_cycle -> _88608_/D : -152.229584
[setup in-reg] enable_cycle -> _88801_/D : -152.229630
[setup in-reg] enable_cycle -> _88802_/D : -152.229584
[setup in-reg] enable_cycle -> _88863_/D : -152.229584
[setup in-reg] enable_cycle -> _88872_/D : -152.229584
[setup in-reg] enable_cycle -> _89048_/D : -152.229584
[setup in-reg] enable_cycle -> _89049_/D : -152.229584
[setup in-reg] enable_cycle -> _89130_/D : -152.229584
[setup in-reg] enable_cycle -> _89295_/D : -152.229584
[setup in-reg] enable_cycle -> _89459_/D : -152.229584
[setup in-reg] enable_cycle -> _89462_/D : -152.229630
[setup in-reg] enable_cycle -> _89606_/D : -152.229584
[setup in-reg] enable_cycle -> _89610_/D : -152.229630
[setup in-reg] enable_cycle -> _89851_/D : -152.229584
[setup in-reg] enable_cycle -> _89852_/D : -152.229645
[setup in-reg] enable_cycle -> _90021_/D : -152.229584
[setup in-reg] enable_cycle -> _90191_/D : -152.229584
[setup in-reg] enable_cycle -> _90192_/D : -152.229584
[setup in-reg] enable_cycle -> _90261_/D : -152.229630
[setup in-reg] enable_cycle -> _90338_/D : -152.229584
[setup in-reg] enable_cycle -> _90344_/D : -152.229630
[setup in-reg] enable_cycle -> _90425_/D : -152.229584
[setup in-reg] enable_cycle -> _90436_/D : -152.229630
[setup in-reg] enable_cycle -> _90515_/D : -152.229584
[setup in-reg] enable_cycle -> _90518_/D : -152.229630
[setup in-reg] enable_cycle -> _90607_/D : -152.229630
[setup in-reg] enable_cycle -> _90690_/D : -152.229584
[setup in-reg] enable_cycle -> _90778_/D : -152.229584
[setup in-reg] enable_cycle -> _91016_/D : -152.229584
[setup in-reg] enable_cycle -> _91017_/D : -152.229645
[setup in-reg] enable_cycle -> _91111_/D : -152.229630
[setup in-reg] enable_cycle -> _91198_/D : -152.229584
[setup in-reg] enable_cycle -> _91203_/D : -152.229630
[setup in-reg] enable_cycle -> _91471_/D : -152.229584
[setup in-reg] enable_cycle -> _91472_/D : -152.229645
[setup in-reg] enable_cycle -> _91571_/D : -152.229584
[setup in-reg] enable_cycle -> _91635_/D : -152.229630
[setup in-reg] enable_cycle -> _91813_/D : -152.229584
[setup in-reg] enable_cycle -> _91906_/D : -152.229584
[setup in-reg] enable_cycle -> _91907_/D : -152.229645
[setup in-reg] enable_cycle -> _92259_/D : -152.229645
[setup in-reg] enable_cycle -> _92282_/D : -152.229584
[setup in-reg] enable_cycle -> _92287_/D : -152.229645
[setup in-reg] enable_cycle -> _92305_/D : -152.229721
[setup in-reg] enable_cycle -> _92371_/D : -152.229584
[setup in-reg] enable_cycle -> _92374_/D : -152.229584
[setup in-reg] enable_cycle -> _92427_/D : -152.229645
[setup in-reg] enable_cycle -> _92429_/D : -152.229645
[setup in-reg] enable_cycle -> _92471_/D : -152.229584
[setup in-reg] enable_cycle -> _92481_/D : -152.229645
[setup in-reg] enable_cycle -> _92483_/D : -152.229645
[setup in-reg] enable_cycle -> _92497_/D : -152.229675
[setup in-reg] enable_cycle -> _92551_/D : -152.229584
[setup in-reg] enable_cycle -> _90523_/D : -152.219788
[setup in-reg] enable_cycle -> _90946_/D : -152.219788
[setup in-reg] enable_cycle -> _89614_/D : -152.218155
[setup in-reg] enable_cycle -> _86740_/D : -152.217834
[setup in-reg] enable_cycle -> _89941_/D : -152.217850
[setup in-reg] enable_cycle -> _88979_/D : -152.206253
[setup in-reg] enable_cycle -> _89061_/D : -152.206253
[setup in-reg] enable_cycle -> _90941_/D : -152.206253
[setup in-reg] enable_cycle -> _91117_/D : -152.206253
[setup in-reg] enable_cycle -> _92430_/D : -152.206253
[setup in-reg] enable_cycle -> _92494_/D : -152.206253
[setup in-reg] enable_cycle -> _90937_/D : -152.203674
[setup in-reg] enable_cycle -> _87514_/D : -152.201691
[setup in-reg] enable_cycle -> _89689_/D : -152.201599
[setup in-reg] enable_cycle -> _88937_/D : -152.198730
[setup in-reg] enable_cycle -> _90201_/D : -152.198730
[setup in-reg] enable_cycle -> _92188_/D : -152.198730
[setup in-reg] enable_cycle -> _88988_/D : -152.196655
[setup in-reg] enable_cycle -> _89389_/D : -152.196655
[setup in-reg] enable_cycle -> _89694_/D : -152.196655
[setup in-reg] enable_cycle -> _89860_/D : -152.196655
[setup in-reg] enable_cycle -> _90702_/D : -152.196655
[setup in-reg] enable_cycle -> _91913_/D : -152.192795
[setup in-reg] enable_cycle -> _88739_/D : -152.187973
[setup in-reg] enable_cycle -> _90868_/D : -152.187958
[setup in-reg] enable_cycle -> _92549_/D : -152.187943
[setup in-reg] enable_cycle -> _86616_/D : -152.183548
[setup in-reg] enable_cycle -> _86688_/D : -152.183548
[setup in-reg] enable_cycle -> _86694_/D : -152.183426
[setup in-reg] enable_cycle -> _86735_/D : -152.183548
[setup in-reg] enable_cycle -> _86737_/D : -152.183548
[setup in-reg] enable_cycle -> _86834_/D : -152.183548
[setup in-reg] enable_cycle -> _86886_/D : -152.183548
[setup in-reg] enable_cycle -> _87054_/D : -152.183548
[setup in-reg] enable_cycle -> _87057_/D : -152.183548
[setup in-reg] enable_cycle -> _87147_/D : -152.183548
[setup in-reg] enable_cycle -> _87341_/D : -152.183548
[setup in-reg] enable_cycle -> _87709_/D : -152.183548
[setup in-reg] enable_cycle -> _87807_/D : -152.183548
[setup in-reg] enable_cycle -> _88107_/D : -152.183548
[setup in-reg] enable_cycle -> _88108_/D : -152.183548
[setup in-reg] enable_cycle -> _88343_/D : -152.183548
[setup in-reg] enable_cycle -> _88347_/D : -152.183548
[setup in-reg] enable_cycle -> _88610_/D : -152.183548
[setup in-reg] enable_cycle -> _88676_/D : -152.183548
[setup in-reg] enable_cycle -> _88735_/D : -152.183548
[setup in-reg] enable_cycle -> _88738_/D : -152.183548
[setup in-reg] enable_cycle -> _88799_/D : -152.183548
[setup in-reg] enable_cycle -> _88977_/D : -152.183548
[setup in-reg] enable_cycle -> _89047_/D : -152.183548
[setup in-reg] enable_cycle -> _89136_/D : -152.183548
[setup in-reg] enable_cycle -> _89211_/D : -152.183548
[setup in-reg] enable_cycle -> _89212_/D : -152.183548
[setup in-reg] enable_cycle -> _89214_/D : -152.183548
[setup in-reg] enable_cycle -> _89217_/D : -152.183548
[setup in-reg] enable_cycle -> _89219_/D : -152.183548
[setup in-reg] enable_cycle -> _89294_/D : -152.183548
[setup in-reg] enable_cycle -> _89296_/D : -152.183548
[setup in-reg] enable_cycle -> _89375_/D : -152.183548
[setup in-reg] enable_cycle -> _89458_/D : -152.183548
[setup in-reg] enable_cycle -> _89460_/D : -152.183548
[setup in-reg] enable_cycle -> _89539_/D : -152.183548
[setup in-reg] enable_cycle -> _89542_/D : -152.183548
[setup in-reg] enable_cycle -> _89680_/D : -152.183548
[setup in-reg] enable_cycle -> _89681_/D : -152.183548
[setup in-reg] enable_cycle -> _89683_/D : -152.183548
[setup in-reg] enable_cycle -> _89690_/D : -152.183548
[setup in-reg] enable_cycle -> _89766_/D : -152.183548
[setup in-reg] enable_cycle -> _89768_/D : -152.183548
[setup in-reg] enable_cycle -> _89850_/D : -152.183548
[setup in-reg] enable_cycle -> _89855_/D : -152.183548
[setup in-reg] enable_cycle -> _89938_/D : -152.183548
[setup in-reg] enable_cycle -> _90020_/D : -152.183548
[setup in-reg] enable_cycle -> _90107_/D : -152.183548
[setup in-reg] enable_cycle -> _90190_/D : -152.183548
[setup in-reg] enable_cycle -> _90193_/D : -152.183548
[setup in-reg] enable_cycle -> _90198_/D : -152.183548
[setup in-reg] enable_cycle -> _90336_/D : -152.183548
[setup in-reg] enable_cycle -> _90339_/D : -152.183548
[setup in-reg] enable_cycle -> _90512_/D : -152.183548
[setup in-reg] enable_cycle -> _90513_/D : -152.183548
[setup in-reg] enable_cycle -> _90601_/D : -152.183548
[setup in-reg] enable_cycle -> _90610_/D : -152.183548
[setup in-reg] enable_cycle -> _90688_/D : -152.183548
[setup in-reg] enable_cycle -> _90691_/D : -152.183548
[setup in-reg] enable_cycle -> _90693_/D : -152.183548
[setup in-reg] enable_cycle -> _90697_/D : -152.183548
[setup in-reg] enable_cycle -> _90779_/D : -152.183548
[setup in-reg] enable_cycle -> _90864_/D : -152.183548
[setup in-reg] enable_cycle -> _90865_/D : -152.183548
[setup in-reg] enable_cycle -> _90867_/D : -152.183548
[setup in-reg] enable_cycle -> _91015_/D : -152.183548
[setup in-reg] enable_cycle -> _91020_/D : -152.183548
[setup in-reg] enable_cycle -> _91106_/D : -152.183548
[setup in-reg] enable_cycle -> _91116_/D : -152.183548
[setup in-reg] enable_cycle -> _91200_/D : -152.183548
[setup in-reg] enable_cycle -> _91289_/D : -152.183548
[setup in-reg] enable_cycle -> _91291_/D : -152.183548
[setup in-reg] enable_cycle -> _91292_/D : -152.183548
[setup in-reg] enable_cycle -> _91293_/D : -152.183548
[setup in-reg] enable_cycle -> _91473_/D : -152.183548
[setup in-reg] enable_cycle -> _91563_/D : -152.183548
[setup in-reg] enable_cycle -> _91642_/D : -152.183548
[setup in-reg] enable_cycle -> _91718_/D : -152.183548
[setup in-reg] enable_cycle -> _91815_/D : -152.183548
[setup in-reg] enable_cycle -> _91905_/D : -152.183548
[setup in-reg] enable_cycle -> _92042_/D : -152.183548
[setup in-reg] enable_cycle -> _92043_/D : -152.183548
[setup in-reg] enable_cycle -> _92266_/D : -152.183548
[setup in-reg] enable_cycle -> _92437_/D : -152.183548
[setup in-reg] enable_cycle -> _92443_/D : -152.183548
[setup in-reg] enable_cycle -> _92472_/D : -152.183548
[setup in-reg] enable_cycle -> _92540_/D : -152.183548
[setup in-reg] enable_cycle -> _86685_/D : -152.183350
[setup in-reg] enable_cycle -> _86734_/D : -152.183395
[setup in-reg] enable_cycle -> _86895_/D : -152.183350
[setup in-reg] enable_cycle -> _86956_/D : -152.183426
[setup in-reg] enable_cycle -> _87051_/D : -152.183350
[setup in-reg] enable_cycle -> _87146_/D : -152.183395
[setup in-reg] enable_cycle -> _87243_/D : -152.183395
[setup in-reg] enable_cycle -> _87246_/D : -152.183350
[setup in-reg] enable_cycle -> _87340_/D : -152.183395
[setup in-reg] enable_cycle -> _87348_/D : -152.183426
[setup in-reg] enable_cycle -> _87416_/D : -152.183350
[setup in-reg] enable_cycle -> _87611_/D : -152.183350
[setup in-reg] enable_cycle -> _87706_/D : -152.183395
[setup in-reg] enable_cycle -> _87806_/D : -152.183395
[setup in-reg] enable_cycle -> _87810_/D : -152.183350
[setup in-reg] enable_cycle -> _87916_/D : -152.183350
[setup in-reg] enable_cycle -> _88006_/D : -152.183395
[setup in-reg] enable_cycle -> _88106_/D : -152.183395
[setup in-reg] enable_cycle -> _88109_/D : -152.183350
[setup in-reg] enable_cycle -> _88199_/D : -152.183395
[setup in-reg] enable_cycle -> _88342_/D : -152.183395
[setup in-reg] enable_cycle -> _88344_/D : -152.183350
[setup in-reg] enable_cycle -> _88346_/D : -152.183350
[setup in-reg] enable_cycle -> _88606_/D : -152.183395
[setup in-reg] enable_cycle -> _88670_/D : -152.183395
[setup in-reg] enable_cycle -> _88672_/D : -152.183350
[setup in-reg] enable_cycle -> _88734_/D : -152.183395
[setup in-reg] enable_cycle -> _88737_/D : -152.183350
[setup in-reg] enable_cycle -> _88798_/D : -152.183395
[setup in-reg] enable_cycle -> _88805_/D : -152.183426
[setup in-reg] enable_cycle -> _88862_/D : -152.183395
[setup in-reg] enable_cycle -> _88926_/D : -152.183395
[setup in-reg] enable_cycle -> _88935_/D : -152.183350
[setup in-reg] enable_cycle -> _88974_/D : -152.183395
[setup in-reg] enable_cycle -> _88980_/D : -152.183350
[setup in-reg] enable_cycle -> _89129_/D : -152.183395
[setup in-reg] enable_cycle -> _89293_/D : -152.183395
[setup in-reg] enable_cycle -> _89385_/D : -152.183350
[setup in-reg] enable_cycle -> _89457_/D : -152.183395
[setup in-reg] enable_cycle -> _89604_/D : -152.183395
[setup in-reg] enable_cycle -> _89765_/D : -152.183395
[setup in-reg] enable_cycle -> _89935_/D : -152.183395
[setup in-reg] enable_cycle -> _90105_/D : -152.183395
[setup in-reg] enable_cycle -> _90259_/D : -152.183350
[setup in-reg] enable_cycle -> _90260_/D : -152.183426
[setup in-reg] enable_cycle -> _90343_/D : -152.183350
[setup in-reg] enable_cycle -> _90424_/D : -152.183395
[setup in-reg] enable_cycle -> _90429_/D : -152.183395
[setup in-reg] enable_cycle -> _90432_/D : -152.183426
[setup in-reg] enable_cycle -> _90600_/D : -152.183395
[setup in-reg] enable_cycle -> _90776_/D : -152.183395
[setup in-reg] enable_cycle -> _90933_/D : -152.183395
[setup in-reg] enable_cycle -> _91197_/D : -152.183395
[setup in-reg] enable_cycle -> _91288_/D : -152.183395
[setup in-reg] enable_cycle -> _91379_/D : -152.183395
[setup in-reg] enable_cycle -> _91383_/D : -152.183426
[setup in-reg] enable_cycle -> _91470_/D : -152.183395
[setup in-reg] enable_cycle -> _91632_/D : -152.183395
[setup in-reg] enable_cycle -> _91717_/D : -152.183395
[setup in-reg] enable_cycle -> _92038_/D : -152.183395
[setup in-reg] enable_cycle -> _92044_/D : -152.183350
[setup in-reg] enable_cycle -> _92175_/D : -152.183395
[setup in-reg] enable_cycle -> _92370_/D : -152.183395
[setup in-reg] enable_cycle -> _92373_/D : -152.183350
[setup in-reg] enable_cycle -> _92539_/D : -152.183395
[setup in-reg] enable_cycle -> _92541_/D : -152.183350
[setup in-reg] enable_cycle -> _86621_/D : -152.182571
[setup in-reg] enable_cycle -> _86704_/D : -152.182571
[setup in-reg] enable_cycle -> _87345_/D : -152.182571
[setup in-reg] enable_cycle -> _88613_/D : -152.182571
[setup in-reg] enable_cycle -> _89608_/D : -152.182571
[setup in-reg] enable_cycle -> _90938_/D : -152.182571
[setup in-reg] enable_cycle -> _91914_/D : -152.182571
[setup in-reg] enable_cycle -> _87508_/D : -152.182358
[setup in-reg] enable_cycle -> _89051_/D : -152.182465
[setup in-reg] enable_cycle -> _89133_/D : -152.182571
[setup in-reg] enable_cycle -> _90603_/D : -152.182358
[setup in-reg] enable_cycle -> _91384_/D : -152.182358
[setup in-reg] enable_cycle -> _91475_/D : -152.182465
[setup in-reg] enable_cycle -> _88210_/D : -152.180893
[setup in-reg] enable_cycle -> _89054_/D : -152.181030
[setup in-reg] enable_cycle -> _90027_/D : -152.180893
[setup in-reg] enable_cycle -> _92288_/D : -152.181030
[setup in-reg] enable_cycle -> _92380_/D : -152.181030
[setup in-reg] enable_cycle -> _92182_/D : -152.180862
[setup in-reg] enable_cycle -> _86627_/D : -152.179718
[setup in-reg] enable_cycle -> _86966_/D : -152.179718
[setup in-reg] enable_cycle -> _87620_/D : -152.179718
[setup in-reg] enable_cycle -> _90271_/D : -152.178726
[setup in-reg] enable_cycle -> _88748_/D : -152.177048
[setup in-reg] enable_cycle -> _87251_/D : -152.159851
[setup in-reg] enable_cycle -> _90522_/D : -152.097366
[setup in-reg] rst_n -> _86596_/RESET_B : -90.651688
[setup in-reg] rst_n -> _86597_/RESET_B : -90.651688
[setup in-reg] rst_n -> _86598_/RESET_B : -90.651688
[setup in-reg] rst_n -> _86599_/RESET_B : -90.651688
[setup in-reg] rst_n -> _86600_/RESET_B : -90.651688
[setup in-reg] rst_n -> _86601_/RESET_B : -90.651688
[setup in-reg] rst_n -> _86602_/RESET_B : -90.651688
[setup in-reg] rst_n -> _86603_/RESET_B : -90.651688
[setup in-reg] rst_n -> _86604_/RESET_B : -90.651688
[setup in-reg] rst_n -> _86605_/RESET_B : -90.651688
[setup in-reg] rst_n -> _86606_/RESET_B : -90.651688
[setup in-reg] rst_n -> _86607_/RESET_B : -90.651688
[setup in-reg] rst_n -> _86608_/RESET_B : -90.651688
[setup in-reg] rst_n -> _86609_/RESET_B : -90.651688
[setup in-reg] rst_n -> _86610_/RESET_B : -90.651688
[setup in-reg] rst_n -> _86611_/RESET_B : -90.651688
[setup in-reg] rst_n -> _86612_/RESET_B : -90.651688
[setup in-reg] rst_n -> _86613_/RESET_B : -90.651688
[setup in-reg] rst_n -> _86614_/RESET_B : -90.651688
[setup in-reg] rst_n -> _86615_/RESET_B : -90.651688
[setup in-reg] rst_n -> _86616_/RESET_B : -90.651688
[setup in-reg] rst_n -> _86617_/RESET_B : -90.651688
[setup in-reg] rst_n -> _86618_/RESET_B : -90.651688
[setup in-reg] rst_n -> _86619_/RESET_B : -90.651688
[setup in-reg] rst_n -> _86620_/RESET_B : -90.651688
[setup in-reg] rst_n -> _86621_/RESET_B : -90.651688
[setup in-reg] rst_n -> _86622_/RESET_B : -90.651688
[setup in-reg] rst_n -> _86623_/RESET_B : -90.651688
[setup in-reg] rst_n -> _86624_/RESET_B : -90.651688
[setup in-reg] rst_n -> _86625_/RESET_B : -90.651688
[setup in-reg] rst_n -> _86626_/RESET_B : -90.651688
[setup in-reg] rst_n -> _86627_/RESET_B : -90.651688
[setup in-reg] rst_n -> _86628_/RESET_B : -90.651688
[setup in-reg] rst_n -> _86629_/RESET_B : -90.651688
[setup in-reg] rst_n -> _86630_/RESET_B : -90.651688
[setup in-reg] rst_n -> _86631_/RESET_B : -90.651688
[setup in-reg] rst_n -> _86632_/RESET_B : -90.651688
[setup in-reg] rst_n -> _86633_/RESET_B : -90.651688
[setup in-reg] rst_n -> _86634_/RESET_B : -90.651688
[setup in-reg] rst_n -> _86635_/RESET_B : -90.651688
[setup in-reg] rst_n -> _86636_/RESET_B : -90.651688
[setup in-reg] rst_n -> _86637_/RESET_B : -90.651688
[setup in-reg] rst_n -> _86638_/RESET_B : -90.651688
[setup in-reg] rst_n -> _86639_/RESET_B : -90.651688
[setup in-reg] rst_n -> _86640_/RESET_B : -90.651688
[setup in-reg] rst_n -> _86641_/RESET_B : -90.651688
[setup in-reg] rst_n -> _86642_/RESET_B : -90.651688
[setup in-reg] rst_n -> _86643_/RESET_B : -90.651688
[setup in-reg] rst_n -> _86644_/RESET_B : -90.651688
[setup in-reg] rst_n -> _86645_/RESET_B : -90.651688
[setup in-reg] rst_n -> _86646_/RESET_B : -90.651688
[setup in-reg] rst_n -> _86647_/RESET_B : -90.651688
[setup in-reg] rst_n -> _86648_/RESET_B : -90.651688
[setup in-reg] rst_n -> _86649_/RESET_B : -90.651688
[setup in-reg] rst_n -> _86650_/RESET_B : -90.651688
[setup in-reg] rst_n -> _86651_/RESET_B : -90.651688
[setup in-reg] rst_n -> _86652_/RESET_B : -90.651688
[setup in-reg] rst_n -> _86653_/RESET_B : -90.651688
[setup in-reg] rst_n -> _86654_/RESET_B : -90.651688
[setup in-reg] rst_n -> _86655_/RESET_B : -90.651688
[setup in-reg] rst_n -> _86656_/RESET_B : -90.651688
[setup in-reg] rst_n -> _86657_/RESET_B : -90.651688
[setup in-reg] rst_n -> _86658_/RESET_B : -90.651688
[setup in-reg] rst_n -> _86659_/RESET_B : -90.651688
[setup in-reg] rst_n -> _86660_/RESET_B : -90.651688
[setup in-reg] rst_n -> _86661_/RESET_B : -90.651688
[setup in-reg] rst_n -> _86662_/RESET_B : -90.651688
[setup in-reg] rst_n -> _86663_/RESET_B : -90.651688
[setup in-reg] rst_n -> _86664_/RESET_B : -90.651688
[setup in-reg] rst_n -> _86665_/RESET_B : -90.651688
[setup in-reg] rst_n -> _86666_/RESET_B : -90.651688
[setup in-reg] rst_n -> _86667_/RESET_B : -90.651688
[setup in-reg] rst_n -> _86668_/RESET_B : -90.651688
[setup in-reg] rst_n -> _86669_/RESET_B : -90.651688
[setup in-reg] rst_n -> _86670_/RESET_B : -90.651688
[setup in-reg] rst_n -> _86671_/RESET_B : -90.651688
[setup in-reg] rst_n -> _86672_/RESET_B : -90.651688
[setup in-reg] rst_n -> _86673_/RESET_B : -90.651688
[setup in-reg] rst_n -> _86674_/RESET_B : -90.651688
[setup in-reg] rst_n -> _86675_/RESET_B : -90.651688
[setup in-reg] rst_n -> _86676_/RESET_B : -90.651688
[setup in-reg] rst_n -> _86677_/RESET_B : -90.651688
[setup in-reg] rst_n -> _86678_/RESET_B : -90.651688
[setup in-reg] rst_n -> _86679_/RESET_B : -90.651688
[setup in-reg] rst_n -> _86680_/RESET_B : -90.651688
[setup in-reg] rst_n -> _86681_/RESET_B : -90.651688
[setup in-reg] rst_n -> _86682_/RESET_B : -90.651688
[setup in-reg] rst_n -> _86683_/RESET_B : -90.651688
[setup in-reg] rst_n -> _86684_/RESET_B : -90.651688
[setup in-reg] rst_n -> _86685_/RESET_B : -90.651688
[setup in-reg] rst_n -> _86686_/RESET_B : -90.651688
[setup in-reg] rst_n -> _86687_/RESET_B : -90.651688
[setup in-reg] rst_n -> _86688_/RESET_B : -90.651688
[setup in-reg] rst_n -> _86689_/RESET_B : -90.651688
[setup in-reg] rst_n -> _86690_/RESET_B : -90.651688
[setup in-reg] rst_n -> _86691_/RESET_B : -90.651688
[setup in-reg] rst_n -> _86692_/RESET_B : -90.651688
[setup in-reg] rst_n -> _86693_/RESET_B : -90.651688
[setup in-reg] rst_n -> _86694_/RESET_B : -90.651688
[setup in-reg] rst_n -> _86695_/RESET_B : -90.651688
[setup in-reg] rst_n -> _86696_/RESET_B : -90.651688
[setup in-reg] rst_n -> _86697_/RESET_B : -90.651688
[setup in-reg] rst_n -> _86698_/RESET_B : -90.651688
[setup in-reg] rst_n -> _86699_/RESET_B : -90.651688
[setup in-reg] rst_n -> _86700_/RESET_B : -90.651688
[setup in-reg] rst_n -> _86701_/RESET_B : -90.651688
[setup in-reg] rst_n -> _86702_/RESET_B : -90.651688
[setup in-reg] rst_n -> _86703_/RESET_B : -90.651688
[setup in-reg] rst_n -> _86704_/RESET_B : -90.651688
[setup in-reg] rst_n -> _86705_/RESET_B : -90.651688
[setup in-reg] rst_n -> _86706_/RESET_B : -90.651688
[setup in-reg] rst_n -> _86707_/RESET_B : -90.651688
[setup in-reg] rst_n -> _86708_/RESET_B : -90.651688
[setup in-reg] rst_n -> _86709_/RESET_B : -90.651688
[setup in-reg] rst_n -> _86710_/RESET_B : -90.651688
[setup in-reg] rst_n -> _86711_/RESET_B : -90.651688
[setup in-reg] rst_n -> _86712_/RESET_B : -90.651688
[setup in-reg] rst_n -> _86713_/RESET_B : -90.651688
[setup in-reg] rst_n -> _86714_/RESET_B : -90.651688
[setup in-reg] rst_n -> _86715_/RESET_B : -90.651688
[setup in-reg] rst_n -> _86716_/RESET_B : -90.651688
[setup in-reg] rst_n -> _86717_/RESET_B : -90.651688
[setup in-reg] rst_n -> _86718_/RESET_B : -90.651688
[setup in-reg] rst_n -> _86719_/RESET_B : -90.651688
[setup in-reg] rst_n -> _86720_/RESET_B : -90.651688
[setup in-reg] rst_n -> _86721_/RESET_B : -90.651688
[setup in-reg] rst_n -> _86722_/RESET_B : -90.651688
[setup in-reg] rst_n -> _86723_/RESET_B : -90.651688
[setup in-reg] rst_n -> _86724_/RESET_B : -90.651688
[setup in-reg] rst_n -> _86725_/RESET_B : -90.651688
[setup in-reg] rst_n -> _86726_/RESET_B : -90.651688
[setup in-reg] rst_n -> _86727_/RESET_B : -90.651688
[setup in-reg] rst_n -> _86728_/RESET_B : -90.651688
[setup in-reg] rst_n -> _86729_/RESET_B : -90.651688
[setup in-reg] rst_n -> _86730_/RESET_B : -90.651688
[setup in-reg] rst_n -> _86731_/RESET_B : -90.651688
[setup in-reg] rst_n -> _86732_/RESET_B : -90.651688
[setup in-reg] rst_n -> _86733_/RESET_B : -90.651688
[setup in-reg] rst_n -> _86734_/RESET_B : -90.651688
[setup in-reg] rst_n -> _86735_/RESET_B : -90.651688
[setup in-reg] rst_n -> _86736_/RESET_B : -90.651688
[setup in-reg] rst_n -> _86737_/RESET_B : -90.651688
[setup in-reg] rst_n -> _86738_/RESET_B : -90.651688
[setup in-reg] rst_n -> _86739_/RESET_B : -90.651688
[setup in-reg] rst_n -> _86740_/RESET_B : -90.651688
[setup in-reg] rst_n -> _86741_/RESET_B : -90.651688
[setup in-reg] rst_n -> _86742_/RESET_B : -90.651688
[setup in-reg] rst_n -> _86743_/RESET_B : -90.651688
[setup in-reg] rst_n -> _86744_/RESET_B : -90.651688
[setup in-reg] rst_n -> _86745_/RESET_B : -90.651688
[setup in-reg] rst_n -> _86746_/RESET_B : -90.651688
[setup in-reg] rst_n -> _86747_/RESET_B : -90.651688
[setup in-reg] rst_n -> _86748_/RESET_B : -90.651688
[setup in-reg] rst_n -> _86749_/RESET_B : -90.651688
[setup in-reg] rst_n -> _86750_/RESET_B : -90.651688
[setup in-reg] rst_n -> _86751_/RESET_B : -90.651688
[setup in-reg] rst_n -> _86752_/RESET_B : -90.651688
[setup in-reg] rst_n -> _86753_/RESET_B : -90.651688
[setup in-reg] rst_n -> _86754_/RESET_B : -90.651688
[setup in-reg] rst_n -> _86755_/RESET_B : -90.651688
[setup in-reg] rst_n -> _86756_/RESET_B : -90.651688
[setup in-reg] rst_n -> _86757_/RESET_B : -90.651688
[setup in-reg] rst_n -> _86758_/RESET_B : -90.651688
[setup in-reg] rst_n -> _86759_/RESET_B : -90.651688
[setup in-reg] rst_n -> _86760_/RESET_B : -90.651688
[setup in-reg] rst_n -> _86761_/RESET_B : -90.651688
[setup in-reg] rst_n -> _86762_/RESET_B : -90.651688
[setup in-reg] rst_n -> _86763_/RESET_B : -90.651688
[setup in-reg] rst_n -> _86764_/RESET_B : -90.651688
[setup in-reg] rst_n -> _86765_/RESET_B : -90.651688
[setup in-reg] rst_n -> _86766_/RESET_B : -90.651688
[setup in-reg] rst_n -> _86767_/RESET_B : -90.651688
[setup in-reg] rst_n -> _86768_/RESET_B : -90.651688
[setup in-reg] rst_n -> _86769_/RESET_B : -90.651688
[setup in-reg] rst_n -> _86770_/RESET_B : -90.651688
[setup in-reg] rst_n -> _86771_/RESET_B : -90.651688
[setup in-reg] rst_n -> _86772_/RESET_B : -90.651688
[setup in-reg] rst_n -> _86773_/RESET_B : -90.651688
[setup in-reg] rst_n -> _86774_/RESET_B : -90.651688
[setup in-reg] rst_n -> _86775_/RESET_B : -90.651688
[setup in-reg] rst_n -> _86776_/RESET_B : -90.651688
[setup in-reg] rst_n -> _86777_/RESET_B : -90.651688
[setup in-reg] rst_n -> _86778_/RESET_B : -90.651688
[setup in-reg] rst_n -> _86779_/RESET_B : -90.651688
[setup in-reg] rst_n -> _86780_/RESET_B : -90.651688
[setup in-reg] rst_n -> _86781_/RESET_B : -90.651688
[setup in-reg] rst_n -> _86782_/RESET_B : -90.651688
[setup in-reg] rst_n -> _86783_/RESET_B : -90.651688
[setup in-reg] rst_n -> _86784_/RESET_B : -90.651688
[setup in-reg] rst_n -> _86785_/RESET_B : -90.651688
[setup in-reg] rst_n -> _86786_/RESET_B : -90.651688
[setup in-reg] rst_n -> _86787_/RESET_B : -90.651688
[setup in-reg] rst_n -> _86788_/RESET_B : -90.651688
[setup in-reg] rst_n -> _86789_/RESET_B : -90.651688
[setup in-reg] rst_n -> _86790_/RESET_B : -90.651688
[setup in-reg] rst_n -> _86791_/RESET_B : -90.651688
[setup in-reg] rst_n -> _86792_/RESET_B : -90.651688
[setup in-reg] rst_n -> _86793_/RESET_B : -90.651688
[setup in-reg] rst_n -> _86794_/RESET_B : -90.651688
[setup in-reg] rst_n -> _86795_/RESET_B : -90.651688
[setup in-reg] rst_n -> _86796_/RESET_B : -90.651688
[setup in-reg] rst_n -> _86797_/RESET_B : -90.651688
[setup in-reg] rst_n -> _86798_/RESET_B : -90.651688
[setup in-reg] rst_n -> _86799_/RESET_B : -90.651688
[setup in-reg] rst_n -> _86800_/RESET_B : -90.651688
[setup in-reg] rst_n -> _86801_/RESET_B : -90.651688
[setup in-reg] rst_n -> _86802_/RESET_B : -90.651688
[setup in-reg] rst_n -> _86803_/RESET_B : -90.651688
[setup in-reg] rst_n -> _86804_/RESET_B : -90.651688
[setup in-reg] rst_n -> _86805_/RESET_B : -90.651688
[setup in-reg] rst_n -> _86806_/RESET_B : -90.651688
[setup in-reg] rst_n -> _86807_/RESET_B : -90.651688
[setup in-reg] rst_n -> _86808_/RESET_B : -90.651688
[setup in-reg] rst_n -> _86809_/RESET_B : -90.651688
[setup in-reg] rst_n -> _86810_/RESET_B : -90.651688
[setup in-reg] rst_n -> _86811_/RESET_B : -90.651688
[setup in-reg] rst_n -> _86812_/RESET_B : -90.651688
[setup in-reg] rst_n -> _86813_/RESET_B : -90.651688
[setup in-reg] rst_n -> _86814_/RESET_B : -90.651688
[setup in-reg] rst_n -> _86815_/RESET_B : -90.651688
[setup in-reg] rst_n -> _86816_/RESET_B : -90.651688
[setup in-reg] rst_n -> _86817_/RESET_B : -90.651688
[setup in-reg] rst_n -> _86818_/RESET_B : -90.651688
[setup in-reg] rst_n -> _86819_/RESET_B : -90.651688
[setup in-reg] rst_n -> _86820_/RESET_B : -90.651688
[setup in-reg] rst_n -> _86821_/RESET_B : -90.651688
[setup in-reg] rst_n -> _86822_/RESET_B : -90.651688
[setup in-reg] rst_n -> _86823_/RESET_B : -90.651688
[setup in-reg] rst_n -> _86824_/RESET_B : -90.651688
[setup in-reg] rst_n -> _86825_/RESET_B : -90.651688
[setup in-reg] rst_n -> _86826_/RESET_B : -90.651688
[setup in-reg] rst_n -> _86827_/RESET_B : -90.651688
[setup in-reg] rst_n -> _86828_/RESET_B : -90.651688
[setup in-reg] rst_n -> _86829_/RESET_B : -90.651688
[setup in-reg] rst_n -> _86830_/RESET_B : -90.651688
[setup in-reg] rst_n -> _86831_/RESET_B : -90.651688
[setup in-reg] rst_n -> _86832_/RESET_B : -90.651688
[setup in-reg] rst_n -> _86833_/RESET_B : -90.651688
[setup in-reg] rst_n -> _86834_/RESET_B : -90.651688
[setup in-reg] rst_n -> _86835_/RESET_B : -90.651688
[setup in-reg] rst_n -> _86836_/RESET_B : -90.651688
[setup in-reg] rst_n -> _86837_/RESET_B : -90.651688
[setup in-reg] rst_n -> _86838_/RESET_B : -90.651688
[setup in-reg] rst_n -> _86839_/RESET_B : -90.651688
[setup in-reg] rst_n -> _86840_/RESET_B : -90.651688
[setup in-reg] rst_n -> _86841_/RESET_B : -90.651688
[setup in-reg] rst_n -> _86842_/RESET_B : -90.651688
[setup in-reg] rst_n -> _86843_/RESET_B : -90.651688
[setup in-reg] rst_n -> _86844_/RESET_B : -90.651688
[setup in-reg] rst_n -> _86845_/RESET_B : -90.651688
[setup in-reg] rst_n -> _86846_/RESET_B : -90.651688
[setup in-reg] rst_n -> _86847_/RESET_B : -90.651688
[setup in-reg] rst_n -> _86848_/RESET_B : -90.651688
[setup in-reg] rst_n -> _86849_/RESET_B : -90.651688
[setup in-reg] rst_n -> _86850_/RESET_B : -90.651688
[setup in-reg] rst_n -> _86851_/RESET_B : -90.651688
[setup in-reg] rst_n -> _86852_/RESET_B : -90.651688
[setup in-reg] rst_n -> _86853_/RESET_B : -90.651688
[setup in-reg] rst_n -> _86854_/RESET_B : -90.651688
[setup in-reg] rst_n -> _86855_/RESET_B : -90.651688
[setup in-reg] rst_n -> _86856_/RESET_B : -90.651688
[setup in-reg] rst_n -> _86857_/RESET_B : -90.651688
[setup in-reg] rst_n -> _86858_/RESET_B : -90.651688
[setup in-reg] rst_n -> _86859_/RESET_B : -90.651688
[setup in-reg] rst_n -> _86860_/RESET_B : -90.651688
[setup in-reg] rst_n -> _86861_/RESET_B : -90.651688
[setup in-reg] rst_n -> _86862_/RESET_B : -90.651688
[setup in-reg] rst_n -> _86863_/RESET_B : -90.651688
[setup in-reg] rst_n -> _86864_/RESET_B : -90.651688
[setup in-reg] rst_n -> _86865_/RESET_B : -90.651688
[setup in-reg] rst_n -> _86866_/RESET_B : -90.651688
[setup in-reg] rst_n -> _86867_/RESET_B : -90.651688
[setup in-reg] rst_n -> _86868_/RESET_B : -90.651688
[setup in-reg] rst_n -> _86869_/RESET_B : -90.651688
[setup in-reg] rst_n -> _86870_/RESET_B : -90.651688
[setup in-reg] rst_n -> _86871_/RESET_B : -90.651688
[setup in-reg] rst_n -> _86872_/RESET_B : -90.651688
[setup in-reg] rst_n -> _86873_/RESET_B : -90.651688
[setup in-reg] rst_n -> _86874_/RESET_B : -90.651688
[setup in-reg] rst_n -> _86875_/RESET_B : -90.651688
[setup in-reg] rst_n -> _86876_/RESET_B : -90.651688
[setup in-reg] rst_n -> _86877_/RESET_B : -90.651688
[setup in-reg] rst_n -> _86878_/RESET_B : -90.651688
[setup in-reg] rst_n -> _86879_/RESET_B : -90.651688
[setup in-reg] rst_n -> _86880_/RESET_B : -90.651688
[setup in-reg] rst_n -> _86881_/RESET_B : -90.651688
[setup in-reg] rst_n -> _86882_/RESET_B : -90.651688
[setup in-reg] rst_n -> _86883_/RESET_B : -90.651688
[setup in-reg] rst_n -> _86884_/RESET_B : -90.651688
[setup in-reg] rst_n -> _86885_/RESET_B : -90.651688
[setup in-reg] rst_n -> _86886_/RESET_B : -90.651688
[setup in-reg] rst_n -> _86887_/RESET_B : -90.651688
[setup in-reg] rst_n -> _86888_/RESET_B : -90.651688
[setup in-reg] rst_n -> _86889_/RESET_B : -90.651688
[setup in-reg] rst_n -> _86890_/RESET_B : -90.651688
[setup in-reg] rst_n -> _86891_/RESET_B : -90.651688
[setup in-reg] rst_n -> _86892_/RESET_B : -90.651688
[setup in-reg] rst_n -> _86893_/RESET_B : -90.651688
[setup in-reg] rst_n -> _86894_/RESET_B : -90.651688
[setup in-reg] rst_n -> _86895_/RESET_B : -90.651688
[setup in-reg] rst_n -> _86896_/RESET_B : -90.651688
[setup in-reg] rst_n -> _86897_/RESET_B : -90.651688
[setup in-reg] rst_n -> _86898_/RESET_B : -90.651688
[setup in-reg] rst_n -> _86899_/RESET_B : -90.651688
[setup in-reg] rst_n -> _86900_/RESET_B : -90.651688
[setup in-reg] rst_n -> _86901_/RESET_B : -90.651688
[setup in-reg] rst_n -> _86902_/RESET_B : -90.651688
[setup in-reg] rst_n -> _86903_/RESET_B : -90.651688
[setup in-reg] rst_n -> _86904_/RESET_B : -90.651688
[setup in-reg] rst_n -> _86905_/RESET_B : -90.651688
[setup in-reg] rst_n -> _86906_/RESET_B : -90.651688
[setup in-reg] rst_n -> _86907_/RESET_B : -90.651688
[setup in-reg] rst_n -> _86908_/RESET_B : -90.651688
[setup in-reg] rst_n -> _86909_/RESET_B : -90.651688
[setup in-reg] rst_n -> _86910_/RESET_B : -90.651688
[setup in-reg] rst_n -> _86911_/RESET_B : -90.651688
[setup in-reg] rst_n -> _86912_/RESET_B : -90.651688
[setup in-reg] rst_n -> _86913_/RESET_B : -90.651688
[setup in-reg] rst_n -> _86914_/RESET_B : -90.651688
[setup in-reg] rst_n -> _86915_/RESET_B : -90.651688
[setup in-reg] rst_n -> _86916_/RESET_B : -90.651688
[setup in-reg] rst_n -> _86917_/RESET_B : -90.651688
[setup in-reg] rst_n -> _86918_/RESET_B : -90.651688
[setup in-reg] rst_n -> _86919_/RESET_B : -90.651688
[setup in-reg] rst_n -> _86920_/RESET_B : -90.651688
[setup in-reg] rst_n -> _86921_/RESET_B : -90.651688
[setup in-reg] rst_n -> _86922_/RESET_B : -90.651688
[setup in-reg] rst_n -> _86923_/RESET_B : -90.651688
[setup in-reg] rst_n -> _86924_/RESET_B : -90.651688
[setup in-reg] rst_n -> _86925_/RESET_B : -90.651688
[setup in-reg] rst_n -> _86926_/RESET_B : -90.651688
[setup in-reg] rst_n -> _86927_/RESET_B : -90.651688
[setup in-reg] rst_n -> _86928_/RESET_B : -90.651688
[setup in-reg] rst_n -> _86929_/RESET_B : -90.651688
[setup in-reg] rst_n -> _86930_/RESET_B : -90.651688
[setup in-reg] rst_n -> _86931_/RESET_B : -90.651688
[setup in-reg] rst_n -> _86932_/RESET_B : -90.651688
[setup in-reg] rst_n -> _86933_/RESET_B : -90.651688
[setup in-reg] rst_n -> _86934_/RESET_B : -90.651688
[setup in-reg] rst_n -> _86935_/RESET_B : -90.651688
[setup in-reg] rst_n -> _86936_/RESET_B : -90.651688
[setup in-reg] rst_n -> _86937_/RESET_B : -90.651688
[setup in-reg] rst_n -> _86938_/RESET_B : -90.651688
[setup in-reg] rst_n -> _86939_/RESET_B : -90.651688
[setup in-reg] rst_n -> _86940_/RESET_B : -90.651688
[setup in-reg] rst_n -> _86941_/RESET_B : -90.651688
[setup in-reg] rst_n -> _86942_/RESET_B : -90.651688
[setup in-reg] rst_n -> _86943_/RESET_B : -90.651688
[setup in-reg] rst_n -> _86944_/RESET_B : -90.651688
[setup in-reg] rst_n -> _86945_/RESET_B : -90.651688
[setup in-reg] rst_n -> _86946_/RESET_B : -90.651688
[setup in-reg] rst_n -> _86947_/RESET_B : -90.651688
[setup in-reg] rst_n -> _86948_/RESET_B : -90.651688
[setup in-reg] rst_n -> _86949_/RESET_B : -90.651688
[setup in-reg] rst_n -> _86950_/RESET_B : -90.651688
[setup in-reg] rst_n -> _86951_/RESET_B : -90.651688
[setup in-reg] rst_n -> _86952_/RESET_B : -90.651688
[setup in-reg] rst_n -> _86953_/RESET_B : -90.651688
[setup in-reg] rst_n -> _86954_/RESET_B : -90.651688
[setup in-reg] rst_n -> _86955_/RESET_B : -90.651688
[setup in-reg] rst_n -> _86956_/RESET_B : -90.651688
[setup in-reg] rst_n -> _86957_/RESET_B : -90.651688
[setup in-reg] rst_n -> _86958_/RESET_B : -90.651688
[setup in-reg] rst_n -> _86959_/RESET_B : -90.651688
[setup in-reg] rst_n -> _86960_/RESET_B : -90.651688
[setup in-reg] rst_n -> _86961_/RESET_B : -90.651688
[setup in-reg] rst_n -> _86962_/RESET_B : -90.651688
[setup in-reg] rst_n -> _86963_/RESET_B : -90.651688
[setup in-reg] rst_n -> _86964_/RESET_B : -90.651688
[setup in-reg] rst_n -> _86965_/RESET_B : -90.651688
[setup in-reg] rst_n -> _86966_/RESET_B : -90.651688
[setup in-reg] rst_n -> _86967_/RESET_B : -90.651688
[setup in-reg] rst_n -> _86968_/RESET_B : -90.651688
[setup in-reg] rst_n -> _86969_/RESET_B : -90.651688
[setup in-reg] rst_n -> _86970_/RESET_B : -90.651688
[setup in-reg] rst_n -> _86971_/RESET_B : -90.651688
[setup in-reg] rst_n -> _86972_/RESET_B : -90.651688
[setup in-reg] rst_n -> _86973_/RESET_B : -90.651688
[setup in-reg] rst_n -> _86974_/RESET_B : -90.651688
[setup in-reg] rst_n -> _86975_/RESET_B : -90.651688
[setup in-reg] rst_n -> _86976_/RESET_B : -90.651688
[setup in-reg] rst_n -> _86977_/RESET_B : -90.651688
[setup in-reg] rst_n -> _86978_/RESET_B : -90.651688
[setup in-reg] rst_n -> _86979_/RESET_B : -90.651688
[setup in-reg] rst_n -> _86980_/RESET_B : -90.651688
[setup in-reg] rst_n -> _86981_/RESET_B : -90.651688
[setup in-reg] rst_n -> _86982_/RESET_B : -90.651688
[setup in-reg] rst_n -> _86983_/RESET_B : -90.651688
[setup in-reg] rst_n -> _86984_/RESET_B : -90.651688
[setup in-reg] rst_n -> _86985_/RESET_B : -90.651688
[setup in-reg] rst_n -> _86986_/RESET_B : -90.651688
[setup in-reg] rst_n -> _86987_/RESET_B : -90.651688
[setup in-reg] rst_n -> _86988_/RESET_B : -90.651688
[setup in-reg] rst_n -> _86989_/RESET_B : -90.651688
[setup in-reg] rst_n -> _86990_/RESET_B : -90.651688
[setup in-reg] rst_n -> _86991_/RESET_B : -90.651688
[setup in-reg] rst_n -> _86992_/RESET_B : -90.651688
[setup in-reg] rst_n -> _86993_/RESET_B : -90.651688
[setup in-reg] rst_n -> _86994_/RESET_B : -90.651688
[setup in-reg] rst_n -> _86995_/RESET_B : -90.651688
[setup in-reg] rst_n -> _86996_/RESET_B : -90.651688
[setup in-reg] rst_n -> _86997_/RESET_B : -90.651688
[setup in-reg] rst_n -> _86998_/RESET_B : -90.651688
[setup in-reg] rst_n -> _86999_/RESET_B : -90.651688
[setup in-reg] rst_n -> _87000_/RESET_B : -90.651688
[setup in-reg] rst_n -> _87001_/RESET_B : -90.651688
[setup in-reg] rst_n -> _87002_/RESET_B : -90.651688
[setup in-reg] rst_n -> _87003_/RESET_B : -90.651688
[setup in-reg] rst_n -> _87004_/RESET_B : -90.651688
[setup in-reg] rst_n -> _87005_/RESET_B : -90.651688
[setup in-reg] rst_n -> _87006_/RESET_B : -90.651688
[setup in-reg] rst_n -> _87007_/RESET_B : -90.651688
[setup in-reg] rst_n -> _87008_/RESET_B : -90.651688
[setup in-reg] rst_n -> _87009_/RESET_B : -90.651688
[setup in-reg] rst_n -> _87010_/RESET_B : -90.651688
[setup in-reg] rst_n -> _87011_/RESET_B : -90.651688
[setup in-reg] rst_n -> _87012_/RESET_B : -90.651688
[setup in-reg] rst_n -> _87013_/RESET_B : -90.651688
[setup in-reg] rst_n -> _87014_/RESET_B : -90.651688
[setup in-reg] rst_n -> _87015_/RESET_B : -90.651688
[setup in-reg] rst_n -> _87016_/RESET_B : -90.651688
[setup in-reg] rst_n -> _87017_/RESET_B : -90.651688
[setup in-reg] rst_n -> _87018_/RESET_B : -90.651688
[setup in-reg] rst_n -> _87019_/RESET_B : -90.651688
[setup in-reg] rst_n -> _87020_/RESET_B : -90.651688
[setup in-reg] rst_n -> _87021_/RESET_B : -90.651688
[setup in-reg] rst_n -> _87022_/RESET_B : -90.651688
[setup in-reg] rst_n -> _87023_/RESET_B : -90.651688
[setup in-reg] rst_n -> _87024_/RESET_B : -90.651688
[setup in-reg] rst_n -> _87025_/RESET_B : -90.651688
[setup in-reg] rst_n -> _87026_/RESET_B : -90.651688
[setup in-reg] rst_n -> _87027_/RESET_B : -90.651688
[setup in-reg] rst_n -> _87028_/RESET_B : -90.651688
[setup in-reg] rst_n -> _87029_/RESET_B : -90.651688
[setup in-reg] rst_n -> _87030_/RESET_B : -90.651688
[setup in-reg] rst_n -> _87031_/RESET_B : -90.651688
[setup in-reg] rst_n -> _87032_/RESET_B : -90.651688
[setup in-reg] rst_n -> _87033_/RESET_B : -90.651688
[setup in-reg] rst_n -> _87034_/RESET_B : -90.651688
[setup in-reg] rst_n -> _87035_/RESET_B : -90.651688
[setup in-reg] rst_n -> _87036_/RESET_B : -90.651688
[setup in-reg] rst_n -> _87037_/RESET_B : -90.651688
[setup in-reg] rst_n -> _87038_/RESET_B : -90.651688
[setup in-reg] rst_n -> _87039_/RESET_B : -90.651688
[setup in-reg] rst_n -> _87040_/RESET_B : -90.651688
[setup in-reg] rst_n -> _87041_/RESET_B : -90.651688
[setup in-reg] rst_n -> _87042_/RESET_B : -90.651688
[setup in-reg] rst_n -> _87043_/RESET_B : -90.651688
[setup in-reg] rst_n -> _87044_/RESET_B : -90.651688
[setup in-reg] rst_n -> _87045_/RESET_B : -90.651688
[setup in-reg] rst_n -> _87046_/RESET_B : -90.651688
[setup in-reg] rst_n -> _87047_/RESET_B : -90.651688
[setup in-reg] rst_n -> _87048_/RESET_B : -90.651688
[setup in-reg] rst_n -> _87049_/RESET_B : -90.651688
[setup in-reg] rst_n -> _87050_/RESET_B : -90.651688
[setup in-reg] rst_n -> _87051_/RESET_B : -90.651688
[setup in-reg] rst_n -> _87052_/RESET_B : -90.651688
[setup in-reg] rst_n -> _87053_/RESET_B : -90.651688
[setup in-reg] rst_n -> _87054_/RESET_B : -90.651688
[setup in-reg] rst_n -> _87055_/RESET_B : -90.651688
[setup in-reg] rst_n -> _87056_/RESET_B : -90.651688
[setup in-reg] rst_n -> _87057_/RESET_B : -90.651688
[setup in-reg] rst_n -> _87058_/RESET_B : -90.651688
[setup in-reg] rst_n -> _87059_/RESET_B : -90.651688
[setup in-reg] rst_n -> _87060_/RESET_B : -90.651688
[setup in-reg] rst_n -> _87061_/RESET_B : -90.651688
[setup in-reg] rst_n -> _87062_/RESET_B : -90.651688
[setup in-reg] rst_n -> _87063_/RESET_B : -90.651688
[setup in-reg] rst_n -> _87064_/RESET_B : -90.651688
[setup in-reg] rst_n -> _87065_/RESET_B : -90.651688
[setup in-reg] rst_n -> _87066_/RESET_B : -90.651688
[setup in-reg] rst_n -> _87067_/RESET_B : -90.651688
[setup in-reg] rst_n -> _87068_/RESET_B : -90.651688
[setup in-reg] rst_n -> _87069_/RESET_B : -90.651688
[setup in-reg] rst_n -> _87070_/RESET_B : -90.651688
[setup in-reg] rst_n -> _87071_/RESET_B : -90.651688
[setup in-reg] rst_n -> _87072_/RESET_B : -90.651688
[setup in-reg] rst_n -> _87073_/RESET_B : -90.651688
[setup in-reg] rst_n -> _87074_/RESET_B : -90.651688
[setup in-reg] rst_n -> _87075_/RESET_B : -90.651688
[setup in-reg] rst_n -> _87076_/RESET_B : -90.651688
[setup in-reg] rst_n -> _87077_/RESET_B : -90.651688
[setup in-reg] rst_n -> _87078_/RESET_B : -90.651688
[setup in-reg] rst_n -> _87079_/RESET_B : -90.651688
[setup in-reg] rst_n -> _87080_/RESET_B : -90.651688
[setup in-reg] rst_n -> _87081_/RESET_B : -90.651688
[setup in-reg] rst_n -> _87082_/RESET_B : -90.651688
[setup in-reg] rst_n -> _87083_/RESET_B : -90.651688
[setup in-reg] rst_n -> _87084_/RESET_B : -90.651688
[setup in-reg] rst_n -> _87085_/RESET_B : -90.651688
[setup in-reg] rst_n -> _87086_/RESET_B : -90.651688
[setup in-reg] rst_n -> _87087_/RESET_B : -90.651688
[setup in-reg] rst_n -> _87088_/RESET_B : -90.651688
[setup in-reg] rst_n -> _87089_/RESET_B : -90.651688
[setup in-reg] rst_n -> _87090_/RESET_B : -90.651688
[setup in-reg] rst_n -> _87091_/RESET_B : -90.651688
[setup in-reg] rst_n -> _87092_/RESET_B : -90.651688
[setup in-reg] rst_n -> _87093_/RESET_B : -90.651688
[setup in-reg] rst_n -> _87094_/RESET_B : -90.651688
[setup in-reg] rst_n -> _87095_/RESET_B : -90.651688
[setup in-reg] rst_n -> _87096_/RESET_B : -90.651688
[setup in-reg] rst_n -> _87097_/RESET_B : -90.651688
[setup in-reg] rst_n -> _87098_/RESET_B : -90.651688
[setup in-reg] rst_n -> _87099_/RESET_B : -90.651688
[setup in-reg] rst_n -> _87100_/RESET_B : -90.651688
[setup in-reg] rst_n -> _87101_/RESET_B : -90.651688
[setup in-reg] rst_n -> _87102_/RESET_B : -90.651688
[setup in-reg] rst_n -> _87103_/RESET_B : -90.651688
[setup in-reg] rst_n -> _87104_/RESET_B : -90.651688
[setup in-reg] rst_n -> _87105_/RESET_B : -90.651688
[setup in-reg] rst_n -> _87106_/RESET_B : -90.651688
[setup in-reg] rst_n -> _87107_/RESET_B : -90.651688
[setup in-reg] rst_n -> _87108_/RESET_B : -90.651688
[setup in-reg] rst_n -> _87109_/RESET_B : -90.651688
[setup in-reg] rst_n -> _87110_/RESET_B : -90.651688
[setup in-reg] rst_n -> _87111_/RESET_B : -90.651688
[setup in-reg] rst_n -> _87112_/RESET_B : -90.651688
[setup in-reg] rst_n -> _87113_/RESET_B : -90.651688
[setup in-reg] rst_n -> _87114_/RESET_B : -90.651688
[setup in-reg] rst_n -> _87115_/RESET_B : -90.651688
[setup in-reg] rst_n -> _87116_/RESET_B : -90.651688
[setup in-reg] rst_n -> _87117_/RESET_B : -90.651688
[setup in-reg] rst_n -> _87118_/RESET_B : -90.651688
[setup in-reg] rst_n -> _87119_/RESET_B : -90.651688
[setup in-reg] rst_n -> _87120_/RESET_B : -90.651688
[setup in-reg] rst_n -> _87121_/RESET_B : -90.651688
[setup in-reg] rst_n -> _87122_/RESET_B : -90.651688
[setup in-reg] rst_n -> _87123_/RESET_B : -90.651688
[setup in-reg] rst_n -> _87124_/RESET_B : -90.651688
[setup in-reg] rst_n -> _87125_/RESET_B : -90.651688
[setup in-reg] rst_n -> _87126_/RESET_B : -90.651688
[setup in-reg] rst_n -> _87127_/RESET_B : -90.651688
[setup in-reg] rst_n -> _87128_/RESET_B : -90.651688
[setup in-reg] rst_n -> _87129_/RESET_B : -90.651688
[setup in-reg] rst_n -> _87130_/RESET_B : -90.651688
[setup in-reg] rst_n -> _87131_/RESET_B : -90.651688
[setup in-reg] rst_n -> _87132_/RESET_B : -90.651688
[setup in-reg] rst_n -> _87133_/RESET_B : -90.651688
[setup in-reg] rst_n -> _87134_/RESET_B : -90.651688
[setup in-reg] rst_n -> _87135_/RESET_B : -90.651688
[setup in-reg] rst_n -> _87136_/RESET_B : -90.651688
[setup in-reg] rst_n -> _87137_/RESET_B : -90.651688
[setup in-reg] rst_n -> _87138_/RESET_B : -90.651688
[setup in-reg] rst_n -> _87139_/RESET_B : -90.651688
[setup in-reg] rst_n -> _87140_/RESET_B : -90.651688
[setup in-reg] rst_n -> _87141_/RESET_B : -90.651688
[setup in-reg] rst_n -> _87142_/RESET_B : -90.651688
[setup in-reg] rst_n -> _87143_/RESET_B : -90.651688
[setup in-reg] rst_n -> _87144_/RESET_B : -90.651688
[setup in-reg] rst_n -> _87145_/RESET_B : -90.651688
[setup in-reg] rst_n -> _87146_/RESET_B : -90.651688
[setup in-reg] rst_n -> _87147_/RESET_B : -90.651688
[setup in-reg] rst_n -> _87148_/RESET_B : -90.651688
[setup in-reg] rst_n -> _87149_/RESET_B : -90.651688
[setup in-reg] rst_n -> _87150_/RESET_B : -90.651688
[setup in-reg] rst_n -> _87151_/RESET_B : -90.651688
[setup in-reg] rst_n -> _87152_/RESET_B : -90.651688
[setup in-reg] rst_n -> _87153_/RESET_B : -90.651688
[setup in-reg] rst_n -> _87154_/RESET_B : -90.651688
[setup in-reg] rst_n -> _87155_/RESET_B : -90.651688
[setup in-reg] rst_n -> _87156_/RESET_B : -90.651688
[setup in-reg] rst_n -> _87157_/RESET_B : -90.651688
[setup in-reg] rst_n -> _87158_/RESET_B : -90.651688
[setup in-reg] rst_n -> _87159_/RESET_B : -90.651688
[setup in-reg] rst_n -> _87160_/RESET_B : -90.651688
[setup in-reg] rst_n -> _87161_/RESET_B : -90.651688
[setup in-reg] rst_n -> _87162_/RESET_B : -90.651688
[setup in-reg] rst_n -> _87163_/RESET_B : -90.651688
[setup in-reg] rst_n -> _87164_/RESET_B : -90.651688
[setup in-reg] rst_n -> _87165_/RESET_B : -90.651688
[setup in-reg] rst_n -> _87166_/RESET_B : -90.651688
[setup in-reg] rst_n -> _87167_/RESET_B : -90.651688
[setup in-reg] rst_n -> _87168_/RESET_B : -90.651688
[setup in-reg] rst_n -> _87169_/RESET_B : -90.651688
[setup in-reg] rst_n -> _87170_/RESET_B : -90.651688
[setup in-reg] rst_n -> _87171_/RESET_B : -90.651688
[setup in-reg] rst_n -> _87172_/RESET_B : -90.651688
[setup in-reg] rst_n -> _87173_/RESET_B : -90.651688
[setup in-reg] rst_n -> _87174_/RESET_B : -90.651688
[setup in-reg] rst_n -> _87175_/RESET_B : -90.651688
[setup in-reg] rst_n -> _87176_/RESET_B : -90.651688
[setup in-reg] rst_n -> _87177_/RESET_B : -90.651688
[setup in-reg] rst_n -> _87178_/RESET_B : -90.651688
[setup in-reg] rst_n -> _87179_/RESET_B : -90.651688
[setup in-reg] rst_n -> _87180_/RESET_B : -90.651688
[setup in-reg] rst_n -> _87181_/RESET_B : -90.651688
[setup in-reg] rst_n -> _87182_/RESET_B : -90.651688
[setup in-reg] rst_n -> _87183_/RESET_B : -90.651688
[setup in-reg] rst_n -> _87184_/RESET_B : -90.651688
[setup in-reg] rst_n -> _87185_/RESET_B : -90.651688
[setup in-reg] rst_n -> _87186_/RESET_B : -90.651688
[setup in-reg] rst_n -> _87187_/RESET_B : -90.651688
[setup in-reg] rst_n -> _87188_/RESET_B : -90.651688
[setup in-reg] rst_n -> _87189_/RESET_B : -90.651688
[setup in-reg] rst_n -> _87190_/RESET_B : -90.651688
[setup in-reg] rst_n -> _87191_/RESET_B : -90.651688
[setup in-reg] rst_n -> _87192_/RESET_B : -90.651688
[setup in-reg] rst_n -> _87193_/RESET_B : -90.651688
[setup in-reg] rst_n -> _87194_/RESET_B : -90.651688
[setup in-reg] rst_n -> _87195_/RESET_B : -90.651688
[setup in-reg] rst_n -> _87196_/RESET_B : -90.651688
[setup in-reg] rst_n -> _87197_/RESET_B : -90.651688
[setup in-reg] rst_n -> _87198_/RESET_B : -90.651688
[setup in-reg] rst_n -> _87199_/RESET_B : -90.651688
[setup in-reg] rst_n -> _87200_/RESET_B : -90.651688
[setup in-reg] rst_n -> _87201_/RESET_B : -90.651688
[setup in-reg] rst_n -> _87202_/RESET_B : -90.651688
[setup in-reg] rst_n -> _87203_/RESET_B : -90.651688
[setup in-reg] rst_n -> _87204_/RESET_B : -90.651688
[setup in-reg] rst_n -> _87205_/RESET_B : -90.651688
[setup in-reg] rst_n -> _87206_/RESET_B : -90.651688
[setup in-reg] rst_n -> _87207_/RESET_B : -90.651688
[setup in-reg] rst_n -> _87208_/RESET_B : -90.651688
[setup in-reg] rst_n -> _87209_/RESET_B : -90.651688
[setup in-reg] rst_n -> _87210_/RESET_B : -90.651688
[setup in-reg] rst_n -> _87211_/RESET_B : -90.651688
[setup in-reg] rst_n -> _87212_/RESET_B : -90.651688
[setup in-reg] rst_n -> _87213_/RESET_B : -90.651688
[setup in-reg] rst_n -> _87214_/RESET_B : -90.651688
[setup in-reg] rst_n -> _87215_/RESET_B : -90.651688
[setup in-reg] rst_n -> _87216_/RESET_B : -90.651688
[setup in-reg] rst_n -> _87217_/RESET_B : -90.651688
[setup in-reg] rst_n -> _87218_/RESET_B : -90.651688
[setup in-reg] rst_n -> _87219_/RESET_B : -90.651688
[setup in-reg] rst_n -> _87220_/RESET_B : -90.651688
[setup in-reg] rst_n -> _87221_/RESET_B : -90.651688
[setup in-reg] rst_n -> _87222_/RESET_B : -90.651688
[setup in-reg] rst_n -> _87223_/RESET_B : -90.651688
[setup in-reg] rst_n -> _87224_/RESET_B : -90.651688
[setup in-reg] rst_n -> _87225_/RESET_B : -90.651688
[setup in-reg] rst_n -> _87226_/RESET_B : -90.651688
[setup in-reg] rst_n -> _87227_/RESET_B : -90.651688
[setup in-reg] rst_n -> _87228_/RESET_B : -90.651688
[setup in-reg] rst_n -> _87229_/RESET_B : -90.651688
[setup in-reg] rst_n -> _87230_/RESET_B : -90.651688
[setup in-reg] rst_n -> _87231_/RESET_B : -90.651688
[setup in-reg] rst_n -> _87232_/RESET_B : -90.651688
[setup in-reg] rst_n -> _87233_/RESET_B : -90.651688
[setup in-reg] rst_n -> _87234_/RESET_B : -90.651688
[setup in-reg] rst_n -> _87235_/RESET_B : -90.651688
[setup in-reg] rst_n -> _87236_/RESET_B : -90.651688
[setup in-reg] rst_n -> _87237_/RESET_B : -90.651688
[setup in-reg] rst_n -> _87238_/RESET_B : -90.651688
[setup in-reg] rst_n -> _87239_/RESET_B : -90.651688
[setup in-reg] rst_n -> _87240_/RESET_B : -90.651688
[setup in-reg] rst_n -> _87241_/RESET_B : -90.651688
[setup in-reg] rst_n -> _87242_/RESET_B : -90.651688
[setup in-reg] rst_n -> _87243_/RESET_B : -90.651688
[setup in-reg] rst_n -> _87244_/RESET_B : -90.651688
[setup in-reg] rst_n -> _87245_/RESET_B : -90.651688
[setup in-reg] rst_n -> _87246_/RESET_B : -90.651688
[setup in-reg] rst_n -> _87247_/RESET_B : -90.651688
[setup in-reg] rst_n -> _87248_/RESET_B : -90.651688
[setup in-reg] rst_n -> _87249_/RESET_B : -90.651688
[setup in-reg] rst_n -> _87250_/RESET_B : -90.651688
[setup in-reg] rst_n -> _87251_/RESET_B : -90.651688
[setup in-reg] rst_n -> _87252_/RESET_B : -90.651688
[setup in-reg] rst_n -> _87253_/RESET_B : -90.651688
[setup in-reg] rst_n -> _87254_/RESET_B : -90.651688
[setup in-reg] rst_n -> _87255_/RESET_B : -90.651688
[setup in-reg] rst_n -> _87256_/RESET_B : -90.651688
[setup in-reg] rst_n -> _87257_/RESET_B : -90.651688
[setup in-reg] rst_n -> _87258_/RESET_B : -90.651688
[setup in-reg] rst_n -> _87259_/RESET_B : -90.651688
[setup in-reg] rst_n -> _87260_/RESET_B : -90.651688
[setup in-reg] rst_n -> _87261_/RESET_B : -90.651688
[setup in-reg] rst_n -> _87262_/RESET_B : -90.651688
[setup in-reg] rst_n -> _87263_/RESET_B : -90.651688
[setup in-reg] rst_n -> _87264_/RESET_B : -90.651688
[setup in-reg] rst_n -> _87265_/RESET_B : -90.651688
[setup in-reg] rst_n -> _87266_/RESET_B : -90.651688
[setup in-reg] rst_n -> _87267_/RESET_B : -90.651688
[setup in-reg] rst_n -> _87268_/RESET_B : -90.651688
[setup in-reg] rst_n -> _87269_/RESET_B : -90.651688
[setup in-reg] rst_n -> _87270_/RESET_B : -90.651688
[setup in-reg] rst_n -> _87271_/RESET_B : -90.651688
[setup in-reg] rst_n -> _87272_/RESET_B : -90.651688
[setup in-reg] rst_n -> _87273_/RESET_B : -90.651688
[setup in-reg] rst_n -> _87274_/RESET_B : -90.651688
[setup in-reg] rst_n -> _87275_/RESET_B : -90.651688
[setup in-reg] rst_n -> _87276_/RESET_B : -90.651688
[setup in-reg] rst_n -> _87277_/RESET_B : -90.651688
[setup in-reg] rst_n -> _87278_/RESET_B : -90.651688
[setup in-reg] rst_n -> _87279_/RESET_B : -90.651688
[setup in-reg] rst_n -> _87280_/RESET_B : -90.651688
[setup in-reg] rst_n -> _87281_/RESET_B : -90.651688
[setup in-reg] rst_n -> _87282_/RESET_B : -90.651688
[setup in-reg] rst_n -> _87283_/RESET_B : -90.651688
[setup in-reg] rst_n -> _87284_/RESET_B : -90.651688
[setup in-reg] rst_n -> _87285_/RESET_B : -90.651688
[setup in-reg] rst_n -> _87286_/RESET_B : -90.651688
[setup in-reg] rst_n -> _87287_/RESET_B : -90.651688
[setup in-reg] rst_n -> _87288_/RESET_B : -90.651688
[setup in-reg] rst_n -> _87289_/RESET_B : -90.651688
[setup in-reg] rst_n -> _87290_/RESET_B : -90.651688
[setup in-reg] rst_n -> _87291_/RESET_B : -90.651688
[setup in-reg] rst_n -> _87292_/RESET_B : -90.651688
[setup in-reg] rst_n -> _87293_/RESET_B : -90.651688
[setup in-reg] rst_n -> _87294_/RESET_B : -90.651688
[setup in-reg] rst_n -> _87295_/RESET_B : -90.651688
[setup in-reg] rst_n -> _87296_/RESET_B : -90.651688
[setup in-reg] rst_n -> _87297_/RESET_B : -90.651688
[setup in-reg] rst_n -> _87298_/RESET_B : -90.651688
[setup in-reg] rst_n -> _87299_/RESET_B : -90.651688
[setup in-reg] rst_n -> _87300_/RESET_B : -90.651688
[setup in-reg] rst_n -> _87301_/RESET_B : -90.651688
[setup in-reg] rst_n -> _87302_/RESET_B : -90.651688
[setup in-reg] rst_n -> _87303_/RESET_B : -90.651688
[setup in-reg] rst_n -> _87304_/RESET_B : -90.651688
[setup in-reg] rst_n -> _87305_/RESET_B : -90.651688
[setup in-reg] rst_n -> _87306_/RESET_B : -90.651688
[setup in-reg] rst_n -> _87307_/RESET_B : -90.651688
[setup in-reg] rst_n -> _87308_/RESET_B : -90.651688
[setup in-reg] rst_n -> _87309_/RESET_B : -90.651688
[setup in-reg] rst_n -> _87310_/RESET_B : -90.651688
[setup in-reg] rst_n -> _87311_/RESET_B : -90.651688
[setup in-reg] rst_n -> _87312_/RESET_B : -90.651688
[setup in-reg] rst_n -> _87313_/RESET_B : -90.651688
[setup in-reg] rst_n -> _87314_/RESET_B : -90.651688
[setup in-reg] rst_n -> _87315_/RESET_B : -90.651688
[setup in-reg] rst_n -> _87316_/RESET_B : -90.651688
[setup in-reg] rst_n -> _87317_/RESET_B : -90.651688
[setup in-reg] rst_n -> _87318_/RESET_B : -90.651688
[setup in-reg] rst_n -> _87319_/RESET_B : -90.651688
[setup in-reg] rst_n -> _87320_/RESET_B : -90.651688
[setup in-reg] rst_n -> _87321_/RESET_B : -90.651688
[setup in-reg] rst_n -> _87322_/RESET_B : -90.651688
[setup in-reg] rst_n -> _87323_/RESET_B : -90.651688
[setup in-reg] rst_n -> _87324_/RESET_B : -90.651688
[setup in-reg] rst_n -> _87325_/RESET_B : -90.651688
[setup in-reg] rst_n -> _87326_/RESET_B : -90.651688
[setup in-reg] rst_n -> _87327_/RESET_B : -90.651688
[setup in-reg] rst_n -> _87328_/RESET_B : -90.651688
[setup in-reg] rst_n -> _87329_/RESET_B : -90.651688
[setup in-reg] rst_n -> _87330_/RESET_B : -90.651688
[setup in-reg] rst_n -> _87331_/RESET_B : -90.651688
[setup in-reg] rst_n -> _87332_/RESET_B : -90.651688
[setup in-reg] rst_n -> _87333_/RESET_B : -90.651688
[setup in-reg] rst_n -> _87334_/RESET_B : -90.651688
[setup in-reg] rst_n -> _87335_/RESET_B : -90.651688
[setup in-reg] rst_n -> _87336_/RESET_B : -90.651688
[setup in-reg] rst_n -> _87337_/RESET_B : -90.651688
[setup in-reg] rst_n -> _87338_/RESET_B : -90.651688
[setup in-reg] rst_n -> _87339_/RESET_B : -90.651688
[setup in-reg] rst_n -> _87340_/RESET_B : -90.651688
[setup in-reg] rst_n -> _87341_/RESET_B : -90.651688
[setup in-reg] rst_n -> _87342_/RESET_B : -90.651688
[setup in-reg] rst_n -> _87343_/RESET_B : -90.651688
[setup in-reg] rst_n -> _87344_/RESET_B : -90.651688
[setup in-reg] rst_n -> _87345_/RESET_B : -90.651688
[setup in-reg] rst_n -> _87346_/RESET_B : -90.651688
[setup in-reg] rst_n -> _87347_/RESET_B : -90.651688
[setup in-reg] rst_n -> _87348_/RESET_B : -90.651688
[setup in-reg] rst_n -> _87349_/RESET_B : -90.651688
[setup in-reg] rst_n -> _87350_/RESET_B : -90.651688
[setup in-reg] rst_n -> _87351_/RESET_B : -90.651688
[setup in-reg] rst_n -> _87352_/RESET_B : -90.651688
[setup in-reg] rst_n -> _87353_/RESET_B : -90.651688
[setup in-reg] rst_n -> _87354_/RESET_B : -90.651688
[setup in-reg] rst_n -> _87355_/RESET_B : -90.651688
[setup in-reg] rst_n -> _87356_/RESET_B : -90.651688
[setup in-reg] rst_n -> _87357_/RESET_B : -90.651688
[setup in-reg] rst_n -> _87358_/RESET_B : -90.651688
[setup in-reg] rst_n -> _87359_/RESET_B : -90.651688
[setup in-reg] rst_n -> _87360_/RESET_B : -90.651688
[setup in-reg] rst_n -> _87361_/RESET_B : -90.651688
[setup in-reg] rst_n -> _87362_/RESET_B : -90.651688
[setup in-reg] rst_n -> _87363_/RESET_B : -90.651688
[setup in-reg] rst_n -> _87364_/RESET_B : -90.651688
[setup in-reg] rst_n -> _87365_/RESET_B : -90.651688
[setup in-reg] rst_n -> _87366_/RESET_B : -90.651688
[setup in-reg] rst_n -> _87367_/RESET_B : -90.651688
[setup in-reg] rst_n -> _87368_/RESET_B : -90.651688
[setup in-reg] rst_n -> _87369_/RESET_B : -90.651688
[setup in-reg] rst_n -> _87370_/RESET_B : -90.651688
[setup in-reg] rst_n -> _87371_/RESET_B : -90.651688
[setup in-reg] rst_n -> _87372_/RESET_B : -90.651688
[setup in-reg] rst_n -> _87373_/RESET_B : -90.651688
[setup in-reg] rst_n -> _87374_/RESET_B : -90.651688
[setup in-reg] rst_n -> _87375_/RESET_B : -90.651688
[setup in-reg] rst_n -> _87376_/RESET_B : -90.651688
[setup in-reg] rst_n -> _87377_/RESET_B : -90.651688
[setup in-reg] rst_n -> _87378_/RESET_B : -90.651688
[setup in-reg] rst_n -> _87379_/RESET_B : -90.651688
[setup in-reg] rst_n -> _87380_/RESET_B : -90.651688
[setup in-reg] rst_n -> _87381_/RESET_B : -90.651688
[setup in-reg] rst_n -> _87382_/RESET_B : -90.651688
[setup in-reg] rst_n -> _87383_/RESET_B : -90.651688
[setup in-reg] rst_n -> _87384_/RESET_B : -90.651688
[setup in-reg] rst_n -> _87385_/RESET_B : -90.651688
[setup in-reg] rst_n -> _87386_/RESET_B : -90.651688
[setup in-reg] rst_n -> _87387_/RESET_B : -90.651688
[setup in-reg] rst_n -> _87388_/RESET_B : -90.651688
[setup in-reg] rst_n -> _87389_/RESET_B : -90.651688
[setup in-reg] rst_n -> _87390_/RESET_B : -90.651688
[setup in-reg] rst_n -> _87391_/RESET_B : -90.651688
[setup in-reg] rst_n -> _87392_/RESET_B : -90.651688
[setup in-reg] rst_n -> _87393_/RESET_B : -90.651688
[setup in-reg] rst_n -> _87394_/RESET_B : -90.651688
[setup in-reg] rst_n -> _87395_/RESET_B : -90.651688
[setup in-reg] rst_n -> _87396_/RESET_B : -90.651688
[setup in-reg] rst_n -> _87397_/RESET_B : -90.651688
[setup in-reg] rst_n -> _87398_/RESET_B : -90.651688
[setup in-reg] rst_n -> _87399_/RESET_B : -90.651688
[setup in-reg] rst_n -> _87400_/RESET_B : -90.651688
[setup in-reg] rst_n -> _87401_/RESET_B : -90.651688
[setup in-reg] rst_n -> _87402_/RESET_B : -90.651688
[setup in-reg] rst_n -> _87403_/RESET_B : -90.651688
[setup in-reg] rst_n -> _87404_/RESET_B : -90.651688
[setup in-reg] rst_n -> _87405_/RESET_B : -90.651688
[setup in-reg] rst_n -> _87406_/RESET_B : -90.651688
[setup in-reg] rst_n -> _87407_/RESET_B : -90.651688
[setup in-reg] rst_n -> _87408_/RESET_B : -90.651688
[setup in-reg] rst_n -> _87409_/RESET_B : -90.651688
[setup in-reg] rst_n -> _87410_/RESET_B : -90.651688
[setup in-reg] rst_n -> _87411_/RESET_B : -90.651688
[setup in-reg] rst_n -> _87412_/RESET_B : -90.651688
[setup in-reg] rst_n -> _87413_/RESET_B : -90.651688
[setup in-reg] rst_n -> _87414_/RESET_B : -90.651688
[setup in-reg] rst_n -> _87415_/RESET_B : -90.651688
[setup in-reg] rst_n -> _87416_/RESET_B : -90.651688
[setup in-reg] rst_n -> _87417_/RESET_B : -90.651688
[setup in-reg] rst_n -> _87418_/RESET_B : -90.651688
[setup in-reg] rst_n -> _87419_/RESET_B : -90.651688
[setup in-reg] rst_n -> _87420_/RESET_B : -90.651688
[setup in-reg] rst_n -> _87421_/RESET_B : -90.651688
[setup in-reg] rst_n -> _87422_/RESET_B : -90.651688
[setup in-reg] rst_n -> _87423_/RESET_B : -90.651688
[setup in-reg] rst_n -> _87424_/RESET_B : -90.651688
[setup in-reg] rst_n -> _87425_/RESET_B : -90.651688
[setup in-reg] rst_n -> _87426_/RESET_B : -90.651688
[setup in-reg] rst_n -> _87427_/RESET_B : -90.651688
[setup in-reg] rst_n -> _87428_/RESET_B : -90.651688
[setup in-reg] rst_n -> _87429_/RESET_B : -90.651688
[setup in-reg] rst_n -> _87430_/RESET_B : -90.651688
[setup in-reg] rst_n -> _87431_/RESET_B : -90.651688
[setup in-reg] rst_n -> _87432_/RESET_B : -90.651688
[setup in-reg] rst_n -> _87433_/RESET_B : -90.651688
[setup in-reg] rst_n -> _87434_/RESET_B : -90.651688
[setup in-reg] rst_n -> _87435_/RESET_B : -90.651688
[setup in-reg] rst_n -> _87436_/RESET_B : -90.651688
[setup in-reg] rst_n -> _87437_/RESET_B : -90.651688
[setup in-reg] rst_n -> _87438_/RESET_B : -90.651688
[setup in-reg] rst_n -> _87439_/RESET_B : -90.651688
[setup in-reg] rst_n -> _87440_/RESET_B : -90.651688
[setup in-reg] rst_n -> _87441_/RESET_B : -90.651688
[setup in-reg] rst_n -> _87442_/RESET_B : -90.651688
[setup in-reg] rst_n -> _87443_/RESET_B : -90.651688
[setup in-reg] rst_n -> _87444_/RESET_B : -90.651688
[setup in-reg] rst_n -> _87445_/RESET_B : -90.651688
[setup in-reg] rst_n -> _87446_/RESET_B : -90.651688
[setup in-reg] rst_n -> _87447_/RESET_B : -90.651688
[setup in-reg] rst_n -> _87448_/RESET_B : -90.651688
[setup in-reg] rst_n -> _87449_/RESET_B : -90.651688
[setup in-reg] rst_n -> _87450_/RESET_B : -90.651688
[setup in-reg] rst_n -> _87451_/RESET_B : -90.651688
[setup in-reg] rst_n -> _87452_/RESET_B : -90.651688
[setup in-reg] rst_n -> _87453_/RESET_B : -90.651688
[setup in-reg] rst_n -> _87454_/RESET_B : -90.651688
[setup in-reg] rst_n -> _87455_/RESET_B : -90.651688
[setup in-reg] rst_n -> _87456_/RESET_B : -90.651688
[setup in-reg] rst_n -> _87457_/RESET_B : -90.651688
[setup in-reg] rst_n -> _87458_/RESET_B : -90.651688
[setup in-reg] rst_n -> _87459_/RESET_B : -90.651688
[setup in-reg] rst_n -> _87460_/RESET_B : -90.651688
[setup in-reg] rst_n -> _87461_/RESET_B : -90.651688
[setup in-reg] rst_n -> _87462_/RESET_B : -90.651688
[setup in-reg] rst_n -> _87463_/RESET_B : -90.651688
[setup in-reg] rst_n -> _87464_/RESET_B : -90.651688
[setup in-reg] rst_n -> _87465_/RESET_B : -90.651688
[setup in-reg] rst_n -> _87466_/RESET_B : -90.651688
[setup in-reg] rst_n -> _87467_/RESET_B : -90.651688
[setup in-reg] rst_n -> _87468_/RESET_B : -90.651688
[setup in-reg] rst_n -> _87469_/RESET_B : -90.651688
[setup in-reg] rst_n -> _87470_/RESET_B : -90.651688
[setup in-reg] rst_n -> _87471_/RESET_B : -90.651688
[setup in-reg] rst_n -> _87472_/RESET_B : -90.651688
[setup in-reg] rst_n -> _87473_/RESET_B : -90.651688
[setup in-reg] rst_n -> _87474_/RESET_B : -90.651688
[setup in-reg] rst_n -> _87475_/RESET_B : -90.651688
[setup in-reg] rst_n -> _87476_/RESET_B : -90.651688
[setup in-reg] rst_n -> _87477_/RESET_B : -90.651688
[setup in-reg] rst_n -> _87478_/RESET_B : -90.651688
[setup in-reg] rst_n -> _87479_/RESET_B : -90.651688
[setup in-reg] rst_n -> _87480_/RESET_B : -90.651688
[setup in-reg] rst_n -> _87481_/RESET_B : -90.651688
[setup in-reg] rst_n -> _87482_/RESET_B : -90.651688
[setup in-reg] rst_n -> _87483_/RESET_B : -90.651688
[setup in-reg] rst_n -> _87484_/RESET_B : -90.651688
[setup in-reg] rst_n -> _87485_/RESET_B : -90.651688
[setup in-reg] rst_n -> _87486_/RESET_B : -90.651688
[setup in-reg] rst_n -> _87487_/RESET_B : -90.651688
[setup in-reg] rst_n -> _87488_/RESET_B : -90.651688
[setup in-reg] rst_n -> _87489_/RESET_B : -90.651688
[setup in-reg] rst_n -> _87490_/RESET_B : -90.651688
[setup in-reg] rst_n -> _87491_/RESET_B : -90.651688
[setup in-reg] rst_n -> _87492_/RESET_B : -90.651688
[setup in-reg] rst_n -> _87493_/RESET_B : -90.651688
[setup in-reg] rst_n -> _87494_/RESET_B : -90.651688
[setup in-reg] rst_n -> _87495_/RESET_B : -90.651688
[setup in-reg] rst_n -> _87496_/RESET_B : -90.651688
[setup in-reg] rst_n -> _87497_/RESET_B : -90.651688
[setup in-reg] rst_n -> _87498_/RESET_B : -90.651688
[setup in-reg] rst_n -> _87499_/RESET_B : -90.651688
[setup in-reg] rst_n -> _87500_/RESET_B : -90.651688
[setup in-reg] rst_n -> _87501_/RESET_B : -90.651688
[setup in-reg] rst_n -> _87502_/RESET_B : -90.651688
[setup in-reg] rst_n -> _87503_/RESET_B : -90.651688
[setup in-reg] rst_n -> _87504_/RESET_B : -90.651688
[setup in-reg] rst_n -> _87505_/RESET_B : -90.651688
[setup in-reg] rst_n -> _87506_/RESET_B : -90.651688
[setup in-reg] rst_n -> _87507_/RESET_B : -90.651688
[setup in-reg] rst_n -> _87508_/RESET_B : -90.651688
[setup in-reg] rst_n -> _87509_/RESET_B : -90.651688
[setup in-reg] rst_n -> _87510_/RESET_B : -90.651688
[setup in-reg] rst_n -> _87511_/RESET_B : -90.651688
[setup in-reg] rst_n -> _87512_/RESET_B : -90.651688
[setup in-reg] rst_n -> _87513_/RESET_B : -90.651688
[setup in-reg] rst_n -> _87514_/RESET_B : -90.651688
[setup in-reg] rst_n -> _87515_/RESET_B : -90.651688
[setup in-reg] rst_n -> _87516_/RESET_B : -90.651688
[setup in-reg] rst_n -> _87517_/RESET_B : -90.651688
[setup in-reg] rst_n -> _87518_/RESET_B : -90.651688
[setup in-reg] rst_n -> _87519_/RESET_B : -90.651688
[setup in-reg] rst_n -> _87520_/RESET_B : -90.651688
[setup in-reg] rst_n -> _87521_/RESET_B : -90.651688
[setup in-reg] rst_n -> _87522_/RESET_B : -90.651688
[setup in-reg] rst_n -> _87523_/RESET_B : -90.651688
[setup in-reg] rst_n -> _87524_/RESET_B : -90.651688
[setup in-reg] rst_n -> _87525_/RESET_B : -90.651688
[setup in-reg] rst_n -> _87526_/RESET_B : -90.651688
[setup in-reg] rst_n -> _87527_/RESET_B : -90.651688
[setup in-reg] rst_n -> _87528_/RESET_B : -90.651688
[setup in-reg] rst_n -> _87529_/RESET_B : -90.651688
[setup in-reg] rst_n -> _87530_/RESET_B : -90.651688
[setup in-reg] rst_n -> _87531_/RESET_B : -90.651688
[setup in-reg] rst_n -> _87532_/RESET_B : -90.651688
[setup in-reg] rst_n -> _87533_/RESET_B : -90.651688
[setup in-reg] rst_n -> _87534_/RESET_B : -90.651688
[setup in-reg] rst_n -> _87535_/RESET_B : -90.651688
[setup in-reg] rst_n -> _87536_/RESET_B : -90.651688
[setup in-reg] rst_n -> _87537_/RESET_B : -90.651688
[setup in-reg] rst_n -> _87538_/RESET_B : -90.651688
[setup in-reg] rst_n -> _87539_/RESET_B : -90.651688
[setup in-reg] rst_n -> _87540_/RESET_B : -90.651688
[setup in-reg] rst_n -> _87541_/RESET_B : -90.651688
[setup in-reg] rst_n -> _87542_/RESET_B : -90.651688
[setup in-reg] rst_n -> _87543_/RESET_B : -90.651688
[setup in-reg] rst_n -> _87544_/RESET_B : -90.651688
[setup in-reg] rst_n -> _87545_/RESET_B : -90.651688
[setup in-reg] rst_n -> _87546_/RESET_B : -90.651688
[setup in-reg] rst_n -> _87547_/RESET_B : -90.651688
[setup in-reg] rst_n -> _87548_/RESET_B : -90.651688
[setup in-reg] rst_n -> _87549_/RESET_B : -90.651688
[setup in-reg] rst_n -> _87550_/RESET_B : -90.651688
[setup in-reg] rst_n -> _87551_/RESET_B : -90.651688
[setup in-reg] rst_n -> _87552_/RESET_B : -90.651688
[setup in-reg] rst_n -> _87553_/RESET_B : -90.651688
[setup in-reg] rst_n -> _87554_/RESET_B : -90.651688
[setup in-reg] rst_n -> _87555_/RESET_B : -90.651688
[setup in-reg] rst_n -> _87556_/RESET_B : -90.651688
[setup in-reg] rst_n -> _87557_/RESET_B : -90.651688
[setup in-reg] rst_n -> _87558_/RESET_B : -90.651688
[setup in-reg] rst_n -> _87559_/RESET_B : -90.651688
[setup in-reg] rst_n -> _87560_/RESET_B : -90.651688
[setup in-reg] rst_n -> _87561_/RESET_B : -90.651688
[setup in-reg] rst_n -> _87562_/RESET_B : -90.651688
[setup in-reg] rst_n -> _87563_/RESET_B : -90.651688
[setup in-reg] rst_n -> _87564_/RESET_B : -90.651688
[setup in-reg] rst_n -> _87565_/RESET_B : -90.651688
[setup in-reg] rst_n -> _87566_/RESET_B : -90.651688
[setup in-reg] rst_n -> _87567_/RESET_B : -90.651688
[setup in-reg] rst_n -> _87568_/RESET_B : -90.651688
[setup in-reg] rst_n -> _87569_/RESET_B : -90.651688
[setup in-reg] rst_n -> _87570_/RESET_B : -90.651688
[setup in-reg] rst_n -> _87571_/RESET_B : -90.651688
[setup in-reg] rst_n -> _87572_/RESET_B : -90.651688
[setup in-reg] rst_n -> _87573_/RESET_B : -90.651688
[setup in-reg] rst_n -> _87574_/RESET_B : -90.651688
[setup in-reg] rst_n -> _87575_/RESET_B : -90.651688
[setup in-reg] rst_n -> _87576_/RESET_B : -90.651688
[setup in-reg] rst_n -> _87577_/RESET_B : -90.651688
[setup in-reg] rst_n -> _87578_/RESET_B : -90.651688
[setup in-reg] rst_n -> _87579_/RESET_B : -90.651688
[setup in-reg] rst_n -> _87580_/RESET_B : -90.651688
[setup in-reg] rst_n -> _87581_/RESET_B : -90.651688
[setup in-reg] rst_n -> _87582_/RESET_B : -90.651688
[setup in-reg] rst_n -> _87583_/RESET_B : -90.651688
[setup in-reg] rst_n -> _87584_/RESET_B : -90.651688
[setup in-reg] rst_n -> _87585_/RESET_B : -90.651688
[setup in-reg] rst_n -> _87586_/RESET_B : -90.651688
[setup in-reg] rst_n -> _87587_/RESET_B : -90.651688
[setup in-reg] rst_n -> _87588_/RESET_B : -90.651688
[setup in-reg] rst_n -> _87589_/RESET_B : -90.651688
[setup in-reg] rst_n -> _87590_/RESET_B : -90.651688
[setup in-reg] rst_n -> _87591_/RESET_B : -90.651688
[setup in-reg] rst_n -> _87592_/RESET_B : -90.651688
[setup in-reg] rst_n -> _87593_/RESET_B : -90.651688
[setup in-reg] rst_n -> _87594_/RESET_B : -90.651688
[setup in-reg] rst_n -> _87595_/RESET_B : -90.651688
[setup in-reg] rst_n -> _87596_/RESET_B : -90.651688
[setup in-reg] rst_n -> _87597_/RESET_B : -90.651688
[setup in-reg] rst_n -> _87598_/RESET_B : -90.651688
[setup in-reg] rst_n -> _87599_/RESET_B : -90.651688
[setup in-reg] rst_n -> _87600_/RESET_B : -90.651688
[setup in-reg] rst_n -> _87601_/RESET_B : -90.651688
[setup in-reg] rst_n -> _87602_/RESET_B : -90.651688
[setup in-reg] rst_n -> _87603_/RESET_B : -90.651688
[setup in-reg] rst_n -> _87604_/RESET_B : -90.651688
[setup in-reg] rst_n -> _87605_/RESET_B : -90.651688
[setup in-reg] rst_n -> _87606_/RESET_B : -90.651688
[setup in-reg] rst_n -> _87607_/RESET_B : -90.651688
[setup in-reg] rst_n -> _87608_/RESET_B : -90.651688
[setup in-reg] rst_n -> _87609_/RESET_B : -90.651688
[setup in-reg] rst_n -> _87610_/RESET_B : -90.651688
[setup in-reg] rst_n -> _87611_/RESET_B : -90.651688
[setup in-reg] rst_n -> _87612_/RESET_B : -90.651688
[setup in-reg] rst_n -> _87613_/RESET_B : -90.651688
[setup in-reg] rst_n -> _87614_/RESET_B : -90.651688
[setup in-reg] rst_n -> _87615_/RESET_B : -90.651688
[setup in-reg] rst_n -> _87616_/RESET_B : -90.651688
[setup in-reg] rst_n -> _87617_/RESET_B : -90.651688
[setup in-reg] rst_n -> _87618_/RESET_B : -90.651688
[setup in-reg] rst_n -> _87619_/RESET_B : -90.651688
[setup in-reg] rst_n -> _87620_/RESET_B : -90.651688
[setup in-reg] rst_n -> _87621_/RESET_B : -90.651688
[setup in-reg] rst_n -> _87622_/RESET_B : -90.651688
[setup in-reg] rst_n -> _87623_/RESET_B : -90.651688
[setup in-reg] rst_n -> _87624_/RESET_B : -90.651688
[setup in-reg] rst_n -> _87625_/RESET_B : -90.651688
[setup in-reg] rst_n -> _87626_/RESET_B : -90.651688
[setup in-reg] rst_n -> _87627_/RESET_B : -90.651688
[setup in-reg] rst_n -> _87628_/RESET_B : -90.651688
[setup in-reg] rst_n -> _87629_/RESET_B : -90.651688
[setup in-reg] rst_n -> _87630_/RESET_B : -90.651688
[setup in-reg] rst_n -> _87631_/RESET_B : -90.651688
[setup in-reg] rst_n -> _87632_/RESET_B : -90.651688
[setup in-reg] rst_n -> _87633_/RESET_B : -90.651688
[setup in-reg] rst_n -> _87634_/RESET_B : -90.651688
[setup in-reg] rst_n -> _87635_/RESET_B : -90.651688
[setup in-reg] rst_n -> _87636_/RESET_B : -90.651688
[setup in-reg] rst_n -> _87637_/RESET_B : -90.651688
[setup in-reg] rst_n -> _87638_/RESET_B : -90.651688
[setup in-reg] rst_n -> _87639_/RESET_B : -90.651688
[setup in-reg] rst_n -> _87640_/RESET_B : -90.651688
[setup in-reg] rst_n -> _87641_/RESET_B : -90.651688
[setup in-reg] rst_n -> _87642_/RESET_B : -90.651688
[setup in-reg] rst_n -> _87643_/RESET_B : -90.651688
[setup in-reg] rst_n -> _87644_/RESET_B : -90.651688
[setup in-reg] rst_n -> _87645_/RESET_B : -90.651688
[setup in-reg] rst_n -> _87646_/RESET_B : -90.651688
[setup in-reg] rst_n -> _87647_/RESET_B : -90.651688
[setup in-reg] rst_n -> _87648_/RESET_B : -90.651688
[setup in-reg] rst_n -> _87649_/RESET_B : -90.651688
[setup in-reg] rst_n -> _87650_/RESET_B : -90.651688
[setup in-reg] rst_n -> _87651_/RESET_B : -90.651688
[setup in-reg] rst_n -> _87652_/RESET_B : -90.651688
[setup in-reg] rst_n -> _87653_/RESET_B : -90.651688
[setup in-reg] rst_n -> _87654_/RESET_B : -90.651688
[setup in-reg] rst_n -> _87655_/RESET_B : -90.651688
[setup in-reg] rst_n -> _87656_/RESET_B : -90.651688
[setup in-reg] rst_n -> _87657_/RESET_B : -90.651688
[setup in-reg] rst_n -> _87658_/RESET_B : -90.651688
[setup in-reg] rst_n -> _87659_/RESET_B : -90.651688
[setup in-reg] rst_n -> _87660_/RESET_B : -90.651688
[setup in-reg] rst_n -> _87661_/RESET_B : -90.651688
[setup in-reg] rst_n -> _87662_/RESET_B : -90.651688
[setup in-reg] rst_n -> _87663_/RESET_B : -90.651688
[setup in-reg] rst_n -> _87664_/RESET_B : -90.651688
[setup in-reg] rst_n -> _87665_/RESET_B : -90.651688
[setup in-reg] rst_n -> _87666_/RESET_B : -90.651688
[setup in-reg] rst_n -> _87667_/RESET_B : -90.651688
[setup in-reg] rst_n -> _87668_/RESET_B : -90.651688
[setup in-reg] rst_n -> _87669_/RESET_B : -90.651688
[setup in-reg] rst_n -> _87670_/RESET_B : -90.651688
[setup in-reg] rst_n -> _87671_/RESET_B : -90.651688
[setup in-reg] rst_n -> _87672_/RESET_B : -90.651688
[setup in-reg] rst_n -> _87673_/RESET_B : -90.651688
[setup in-reg] rst_n -> _87674_/RESET_B : -90.651688
[setup in-reg] rst_n -> _87675_/RESET_B : -90.651688
[setup in-reg] rst_n -> _87676_/RESET_B : -90.651688
[setup in-reg] rst_n -> _87677_/RESET_B : -90.651688
[setup in-reg] rst_n -> _87678_/RESET_B : -90.651688
[setup in-reg] rst_n -> _87679_/RESET_B : -90.651688
[setup in-reg] rst_n -> _87680_/RESET_B : -90.651688
[setup in-reg] rst_n -> _87681_/RESET_B : -90.651688
[setup in-reg] rst_n -> _87682_/RESET_B : -90.651688
[setup in-reg] rst_n -> _87683_/RESET_B : -90.651688
[setup in-reg] rst_n -> _87684_/RESET_B : -90.651688
[setup in-reg] rst_n -> _87685_/RESET_B : -90.651688
[setup in-reg] rst_n -> _87686_/RESET_B : -90.651688
[setup in-reg] rst_n -> _87687_/RESET_B : -90.651688
[setup in-reg] rst_n -> _87688_/RESET_B : -90.651688
[setup in-reg] rst_n -> _87689_/RESET_B : -90.651688
[setup in-reg] rst_n -> _87690_/RESET_B : -90.651688
[setup in-reg] rst_n -> _87691_/RESET_B : -90.651688
[setup in-reg] rst_n -> _87692_/RESET_B : -90.651688
[setup in-reg] rst_n -> _87693_/RESET_B : -90.651688
[setup in-reg] rst_n -> _87694_/RESET_B : -90.651688
[setup in-reg] rst_n -> _87695_/RESET_B : -90.651688
[setup in-reg] rst_n -> _87696_/RESET_B : -90.651688
[setup in-reg] rst_n -> _87697_/RESET_B : -90.651688
[setup in-reg] rst_n -> _87698_/RESET_B : -90.651688
[setup in-reg] rst_n -> _87699_/RESET_B : -90.651688
[setup in-reg] rst_n -> _87700_/RESET_B : -90.651688
[setup in-reg] rst_n -> _87701_/RESET_B : -90.651688
[setup in-reg] rst_n -> _87702_/RESET_B : -90.651688
[setup in-reg] rst_n -> _87703_/RESET_B : -90.651688
[setup in-reg] rst_n -> _87704_/RESET_B : -90.651688
[setup in-reg] rst_n -> _87705_/RESET_B : -90.651688
[setup in-reg] rst_n -> _87706_/RESET_B : -90.651688
[setup in-reg] rst_n -> _87707_/RESET_B : -90.651688
[setup in-reg] rst_n -> _87708_/RESET_B : -90.651688
[setup in-reg] rst_n -> _87709_/RESET_B : -90.651688
[setup in-reg] rst_n -> _87710_/RESET_B : -90.651688
[setup in-reg] rst_n -> _87711_/RESET_B : -90.651688
[setup in-reg] rst_n -> _87712_/RESET_B : -90.651688
[setup in-reg] rst_n -> _87713_/RESET_B : -90.651688
[setup in-reg] rst_n -> _87714_/RESET_B : -90.651688
[setup in-reg] rst_n -> _87715_/RESET_B : -90.651688
[setup in-reg] rst_n -> _87716_/RESET_B : -90.651688
[setup in-reg] rst_n -> _87717_/RESET_B : -90.651688
[setup in-reg] rst_n -> _87718_/RESET_B : -90.651688
[setup in-reg] rst_n -> _87719_/RESET_B : -90.651688
[setup in-reg] rst_n -> _87720_/RESET_B : -90.651688
[setup in-reg] rst_n -> _87721_/RESET_B : -90.651688
[setup in-reg] rst_n -> _87722_/RESET_B : -90.651688
[setup in-reg] rst_n -> _87723_/RESET_B : -90.651688
[setup in-reg] rst_n -> _87724_/RESET_B : -90.651688
[setup in-reg] rst_n -> _87725_/RESET_B : -90.651688
[setup in-reg] rst_n -> _87726_/RESET_B : -90.651688
[setup in-reg] rst_n -> _87727_/RESET_B : -90.651688
[setup in-reg] rst_n -> _87728_/RESET_B : -90.651688
[setup in-reg] rst_n -> _87729_/RESET_B : -90.651688
[setup in-reg] rst_n -> _87730_/RESET_B : -90.651688
[setup in-reg] rst_n -> _87731_/RESET_B : -90.651688
[setup in-reg] rst_n -> _87732_/RESET_B : -90.651688
[setup in-reg] rst_n -> _87733_/RESET_B : -90.651688
[setup in-reg] rst_n -> _87734_/RESET_B : -90.651688
[setup in-reg] rst_n -> _87735_/RESET_B : -90.651688
[setup in-reg] rst_n -> _87736_/RESET_B : -90.651688
[setup in-reg] rst_n -> _87737_/RESET_B : -90.651688
[setup in-reg] rst_n -> _87738_/RESET_B : -90.651688
[setup in-reg] rst_n -> _87739_/RESET_B : -90.651688
[setup in-reg] rst_n -> _87740_/RESET_B : -90.651688
[setup in-reg] rst_n -> _87741_/RESET_B : -90.651688
[setup in-reg] rst_n -> _87742_/RESET_B : -90.651688
[setup in-reg] rst_n -> _87743_/RESET_B : -90.651688
[setup in-reg] rst_n -> _87744_/RESET_B : -90.651688
[setup in-reg] rst_n -> _87745_/RESET_B : -90.651688
[setup in-reg] rst_n -> _87746_/RESET_B : -90.651688
[setup in-reg] rst_n -> _87747_/RESET_B : -90.651688
[setup in-reg] rst_n -> _87748_/RESET_B : -90.651688
[setup in-reg] rst_n -> _87749_/RESET_B : -90.651688
[setup in-reg] rst_n -> _87750_/RESET_B : -90.651688
[setup in-reg] rst_n -> _87751_/RESET_B : -90.651688
[setup in-reg] rst_n -> _87752_/RESET_B : -90.651688
[setup in-reg] rst_n -> _87753_/RESET_B : -90.651688
[setup in-reg] rst_n -> _87754_/RESET_B : -90.651688
[setup in-reg] rst_n -> _87755_/RESET_B : -90.651688
[setup in-reg] rst_n -> _87756_/RESET_B : -90.651688
[setup in-reg] rst_n -> _87757_/RESET_B : -90.651688
[setup in-reg] rst_n -> _87758_/RESET_B : -90.651688
[setup in-reg] rst_n -> _87759_/RESET_B : -90.651688
[setup in-reg] rst_n -> _87760_/RESET_B : -90.651688
[setup in-reg] rst_n -> _87761_/RESET_B : -90.651688
[setup in-reg] rst_n -> _87762_/RESET_B : -90.651688
[setup in-reg] rst_n -> _87763_/RESET_B : -90.651688
[setup in-reg] rst_n -> _87764_/RESET_B : -90.651688
[setup in-reg] rst_n -> _87765_/RESET_B : -90.651688
[setup in-reg] rst_n -> _87766_/RESET_B : -90.651688
[setup in-reg] rst_n -> _87767_/RESET_B : -90.651688
[setup in-reg] rst_n -> _87768_/RESET_B : -90.651688
[setup in-reg] rst_n -> _87769_/RESET_B : -90.651688
[setup in-reg] rst_n -> _87770_/RESET_B : -90.651688
[setup in-reg] rst_n -> _87771_/RESET_B : -90.651688
[setup in-reg] rst_n -> _87772_/RESET_B : -90.651688
[setup in-reg] rst_n -> _87773_/RESET_B : -90.651688
[setup in-reg] rst_n -> _87774_/RESET_B : -90.651688
[setup in-reg] rst_n -> _87775_/RESET_B : -90.651688
[setup in-reg] rst_n -> _87776_/RESET_B : -90.651688
[setup in-reg] rst_n -> _87777_/RESET_B : -90.651688
[setup in-reg] rst_n -> _87778_/RESET_B : -90.651688
[setup in-reg] rst_n -> _87779_/RESET_B : -90.651688
[setup in-reg] rst_n -> _87780_/RESET_B : -90.651688
[setup in-reg] rst_n -> _87781_/RESET_B : -90.651688
[setup in-reg] rst_n -> _87782_/RESET_B : -90.651688
[setup in-reg] rst_n -> _87783_/RESET_B : -90.651688
[setup in-reg] rst_n -> _87784_/RESET_B : -90.651688
[setup in-reg] rst_n -> _87785_/RESET_B : -90.651688
[setup in-reg] rst_n -> _87786_/RESET_B : -90.651688
[setup in-reg] rst_n -> _87787_/RESET_B : -90.651688
[setup in-reg] rst_n -> _87788_/RESET_B : -90.651688
[setup in-reg] rst_n -> _87789_/RESET_B : -90.651688
[setup in-reg] rst_n -> _87790_/RESET_B : -90.651688
[setup in-reg] rst_n -> _87791_/RESET_B : -90.651688
[setup in-reg] rst_n -> _87792_/RESET_B : -90.651688
[setup in-reg] rst_n -> _87793_/RESET_B : -90.651688
[setup in-reg] rst_n -> _87794_/RESET_B : -90.651688
[setup in-reg] rst_n -> _87795_/RESET_B : -90.651688
[setup in-reg] rst_n -> _87796_/RESET_B : -90.651688
[setup in-reg] rst_n -> _87797_/RESET_B : -90.651688
[setup in-reg] rst_n -> _87798_/RESET_B : -90.651688
[setup in-reg] rst_n -> _87799_/RESET_B : -90.651688
[setup in-reg] rst_n -> _87800_/RESET_B : -90.651688
[setup in-reg] rst_n -> _87801_/RESET_B : -90.651688
[setup in-reg] rst_n -> _87802_/RESET_B : -90.651688
[setup in-reg] rst_n -> _87803_/RESET_B : -90.651688
[setup in-reg] rst_n -> _87804_/RESET_B : -90.651688
[setup in-reg] rst_n -> _87805_/RESET_B : -90.651688
[setup in-reg] rst_n -> _87806_/RESET_B : -90.651688
[setup in-reg] rst_n -> _87807_/RESET_B : -90.651688
[setup in-reg] rst_n -> _87808_/RESET_B : -90.651688
[setup in-reg] rst_n -> _87809_/RESET_B : -90.651688
[setup in-reg] rst_n -> _87810_/RESET_B : -90.651688
[setup in-reg] rst_n -> _87811_/RESET_B : -90.651688
[setup in-reg] rst_n -> _87812_/RESET_B : -90.651688
[setup in-reg] rst_n -> _87813_/RESET_B : -90.651688
[setup in-reg] rst_n -> _87814_/RESET_B : -90.651688
[setup in-reg] rst_n -> _87815_/RESET_B : -90.651688
[setup in-reg] rst_n -> _87816_/RESET_B : -90.651688
[setup in-reg] rst_n -> _87817_/RESET_B : -90.651688
[setup in-reg] rst_n -> _87818_/RESET_B : -90.651688
[setup in-reg] rst_n -> _87819_/RESET_B : -90.651688
[setup in-reg] rst_n -> _87820_/RESET_B : -90.651688
[setup in-reg] rst_n -> _87821_/RESET_B : -90.651688
[setup in-reg] rst_n -> _87822_/RESET_B : -90.651688
[setup in-reg] rst_n -> _87823_/RESET_B : -90.651688
[setup in-reg] rst_n -> _87824_/RESET_B : -90.651688
[setup in-reg] rst_n -> _87825_/RESET_B : -90.651688
[setup in-reg] rst_n -> _87826_/RESET_B : -90.651688
[setup in-reg] rst_n -> _87827_/RESET_B : -90.651688
[setup in-reg] rst_n -> _87828_/RESET_B : -90.651688
[setup in-reg] rst_n -> _87829_/RESET_B : -90.651688
[setup in-reg] rst_n -> _87830_/RESET_B : -90.651688
[setup in-reg] rst_n -> _87831_/RESET_B : -90.651688
[setup in-reg] rst_n -> _87832_/RESET_B : -90.651688
[setup in-reg] rst_n -> _87833_/RESET_B : -90.651688
[setup in-reg] rst_n -> _87834_/RESET_B : -90.651688
[setup in-reg] rst_n -> _87835_/RESET_B : -90.651688
[setup in-reg] rst_n -> _87836_/RESET_B : -90.651688
[setup in-reg] rst_n -> _87837_/RESET_B : -90.651688
[setup in-reg] rst_n -> _87838_/RESET_B : -90.651688
[setup in-reg] rst_n -> _87839_/RESET_B : -90.651688
[setup in-reg] rst_n -> _87840_/RESET_B : -90.651688
[setup in-reg] rst_n -> _87841_/RESET_B : -90.651688
[setup in-reg] rst_n -> _87842_/RESET_B : -90.651688
[setup in-reg] rst_n -> _87843_/RESET_B : -90.651688
[setup in-reg] rst_n -> _87844_/RESET_B : -90.651688
[setup in-reg] rst_n -> _87845_/RESET_B : -90.651688
[setup in-reg] rst_n -> _87846_/RESET_B : -90.651688
[setup in-reg] rst_n -> _87847_/RESET_B : -90.651688
[setup in-reg] rst_n -> _87848_/RESET_B : -90.651688
[setup in-reg] rst_n -> _87849_/RESET_B : -90.651688
[setup in-reg] rst_n -> _87850_/RESET_B : -90.651688
[setup in-reg] rst_n -> _87851_/RESET_B : -90.651688
[setup in-reg] rst_n -> _87852_/RESET_B : -90.651688
[setup in-reg] rst_n -> _87853_/RESET_B : -90.651688
[setup in-reg] rst_n -> _87854_/RESET_B : -90.651688
[setup in-reg] rst_n -> _87855_/RESET_B : -90.651688
[setup in-reg] rst_n -> _87856_/RESET_B : -90.651688
[setup in-reg] rst_n -> _87857_/RESET_B : -90.651688
[setup in-reg] rst_n -> _87858_/RESET_B : -90.651688
[setup in-reg] rst_n -> _87859_/RESET_B : -90.651688
[setup in-reg] rst_n -> _87860_/RESET_B : -90.651688
[setup in-reg] rst_n -> _87861_/RESET_B : -90.651688
[setup in-reg] rst_n -> _87862_/RESET_B : -90.651688
[setup in-reg] rst_n -> _87863_/RESET_B : -90.651688
[setup in-reg] rst_n -> _87864_/RESET_B : -90.651688
[setup in-reg] rst_n -> _87865_/RESET_B : -90.651688
[setup in-reg] rst_n -> _87866_/RESET_B : -90.651688
[setup in-reg] rst_n -> _87867_/RESET_B : -90.651688
[setup in-reg] rst_n -> _87868_/RESET_B : -90.651688
[setup in-reg] rst_n -> _87869_/RESET_B : -90.651688
[setup in-reg] rst_n -> _87870_/RESET_B : -90.651688
[setup in-reg] rst_n -> _87871_/RESET_B : -90.651688
[setup in-reg] rst_n -> _87872_/RESET_B : -90.651688
[setup in-reg] rst_n -> _87873_/RESET_B : -90.651688
[setup in-reg] rst_n -> _87874_/RESET_B : -90.651688
[setup in-reg] rst_n -> _87875_/RESET_B : -90.651688
[setup in-reg] rst_n -> _87876_/RESET_B : -90.651688
[setup in-reg] rst_n -> _87877_/RESET_B : -90.651688
[setup in-reg] rst_n -> _87878_/RESET_B : -90.651688
[setup in-reg] rst_n -> _87879_/RESET_B : -90.651688
[setup in-reg] rst_n -> _87880_/RESET_B : -90.651688
[setup in-reg] rst_n -> _87881_/RESET_B : -90.651688
[setup in-reg] rst_n -> _87882_/RESET_B : -90.651688
[setup in-reg] rst_n -> _87883_/RESET_B : -90.651688
[setup in-reg] rst_n -> _87884_/RESET_B : -90.651688
[setup in-reg] rst_n -> _87885_/RESET_B : -90.651688
[setup in-reg] rst_n -> _87886_/RESET_B : -90.651688
[setup in-reg] rst_n -> _87887_/RESET_B : -90.651688
[setup in-reg] rst_n -> _87888_/RESET_B : -90.651688
[setup in-reg] rst_n -> _87889_/RESET_B : -90.651688
[setup in-reg] rst_n -> _87890_/RESET_B : -90.651688
[setup in-reg] rst_n -> _87891_/RESET_B : -90.651688
[setup in-reg] rst_n -> _87892_/RESET_B : -90.651688
[setup in-reg] rst_n -> _87893_/RESET_B : -90.651688
[setup in-reg] rst_n -> _87894_/RESET_B : -90.651688
[setup in-reg] rst_n -> _87895_/RESET_B : -90.651688
[setup in-reg] rst_n -> _87896_/RESET_B : -90.651688
[setup in-reg] rst_n -> _87897_/RESET_B : -90.651688
[setup in-reg] rst_n -> _87898_/RESET_B : -90.651688
[setup in-reg] rst_n -> _87899_/RESET_B : -90.651688
[setup in-reg] rst_n -> _87900_/RESET_B : -90.651688
[setup in-reg] rst_n -> _87901_/RESET_B : -90.651688
[setup in-reg] rst_n -> _87902_/RESET_B : -90.651688
[setup in-reg] rst_n -> _87903_/RESET_B : -90.651688
[setup in-reg] rst_n -> _87904_/RESET_B : -90.651688
[setup in-reg] rst_n -> _87905_/RESET_B : -90.651688
[setup in-reg] rst_n -> _87906_/RESET_B : -90.651688
[setup in-reg] rst_n -> _87907_/RESET_B : -90.651688
[setup in-reg] rst_n -> _87908_/RESET_B : -90.651688
[setup in-reg] rst_n -> _87909_/RESET_B : -90.651688
[setup in-reg] rst_n -> _87910_/RESET_B : -90.651688
[setup in-reg] rst_n -> _87911_/RESET_B : -90.651688
[setup in-reg] rst_n -> _87912_/RESET_B : -90.651688
[setup in-reg] rst_n -> _87913_/RESET_B : -90.651688
[setup in-reg] rst_n -> _87914_/RESET_B : -90.651688
[setup in-reg] rst_n -> _87915_/RESET_B : -90.651688
[setup in-reg] rst_n -> _87916_/RESET_B : -90.651688
[setup in-reg] rst_n -> _87917_/RESET_B : -90.651688
[setup in-reg] rst_n -> _87918_/RESET_B : -90.651688
[setup in-reg] rst_n -> _87919_/RESET_B : -90.651688
[setup in-reg] rst_n -> _87920_/RESET_B : -90.651688
[setup in-reg] rst_n -> _87921_/RESET_B : -90.651688
[setup in-reg] rst_n -> _87922_/RESET_B : -90.651688
[setup in-reg] rst_n -> _87923_/RESET_B : -90.651688
[setup in-reg] rst_n -> _87924_/RESET_B : -90.651688
[setup in-reg] rst_n -> _87925_/RESET_B : -90.651688
[setup in-reg] rst_n -> _87926_/RESET_B : -90.651688
[setup in-reg] rst_n -> _87927_/RESET_B : -90.651688
[setup in-reg] rst_n -> _87928_/RESET_B : -90.651688
[setup in-reg] rst_n -> _87929_/RESET_B : -90.651688
[setup in-reg] rst_n -> _87930_/RESET_B : -90.651688
[setup in-reg] rst_n -> _87931_/RESET_B : -90.651688
[setup in-reg] rst_n -> _87932_/RESET_B : -90.651688
[setup in-reg] rst_n -> _87933_/RESET_B : -90.651688
[setup in-reg] rst_n -> _87934_/RESET_B : -90.651688
[setup in-reg] rst_n -> _87935_/RESET_B : -90.651688
[setup in-reg] rst_n -> _87936_/RESET_B : -90.651688
[setup in-reg] rst_n -> _87937_/RESET_B : -90.651688
[setup in-reg] rst_n -> _87938_/RESET_B : -90.651688
[setup in-reg] rst_n -> _87939_/RESET_B : -90.651688
[setup in-reg] rst_n -> _87940_/RESET_B : -90.651688
[setup in-reg] rst_n -> _87941_/RESET_B : -90.651688
[setup in-reg] rst_n -> _87942_/RESET_B : -90.651688
[setup in-reg] rst_n -> _87943_/RESET_B : -90.651688
[setup in-reg] rst_n -> _87944_/RESET_B : -90.651688
[setup in-reg] rst_n -> _87945_/RESET_B : -90.651688
[setup in-reg] rst_n -> _87946_/RESET_B : -90.651688
[setup in-reg] rst_n -> _87947_/RESET_B : -90.651688
[setup in-reg] rst_n -> _87948_/RESET_B : -90.651688
[setup in-reg] rst_n -> _87949_/RESET_B : -90.651688
[setup in-reg] rst_n -> _87950_/RESET_B : -90.651688
[setup in-reg] rst_n -> _87951_/RESET_B : -90.651688
[setup in-reg] rst_n -> _87952_/RESET_B : -90.651688
[setup in-reg] rst_n -> _87953_/RESET_B : -90.651688
[setup in-reg] rst_n -> _87954_/RESET_B : -90.651688
[setup in-reg] rst_n -> _87955_/RESET_B : -90.651688
[setup in-reg] rst_n -> _87956_/RESET_B : -90.651688
[setup in-reg] rst_n -> _87957_/RESET_B : -90.651688
[setup in-reg] rst_n -> _87958_/RESET_B : -90.651688
[setup in-reg] rst_n -> _87959_/RESET_B : -90.651688
[setup in-reg] rst_n -> _87960_/RESET_B : -90.651688
[setup in-reg] rst_n -> _87961_/RESET_B : -90.651688
[setup in-reg] rst_n -> _87962_/RESET_B : -90.651688
[setup in-reg] rst_n -> _87963_/RESET_B : -90.651688
[setup in-reg] rst_n -> _87964_/RESET_B : -90.651688
[setup in-reg] rst_n -> _87965_/RESET_B : -90.651688
[setup in-reg] rst_n -> _87966_/RESET_B : -90.651688
[setup in-reg] rst_n -> _87967_/RESET_B : -90.651688
[setup in-reg] rst_n -> _87968_/RESET_B : -90.651688
[setup in-reg] rst_n -> _87969_/RESET_B : -90.651688
[setup in-reg] rst_n -> _87970_/RESET_B : -90.651688
[setup in-reg] rst_n -> _87971_/RESET_B : -90.651688
[setup in-reg] rst_n -> _87972_/RESET_B : -90.651688
[setup in-reg] rst_n -> _87973_/RESET_B : -90.651688
[setup in-reg] rst_n -> _87974_/RESET_B : -90.651688
[setup in-reg] rst_n -> _87975_/RESET_B : -90.651688
[setup in-reg] rst_n -> _87976_/RESET_B : -90.651688
[setup in-reg] rst_n -> _87977_/RESET_B : -90.651688
[setup in-reg] rst_n -> _87978_/RESET_B : -90.651688
[setup in-reg] rst_n -> _87979_/RESET_B : -90.651688
[setup in-reg] rst_n -> _87980_/RESET_B : -90.651688
[setup in-reg] rst_n -> _87981_/RESET_B : -90.651688
[setup in-reg] rst_n -> _87982_/RESET_B : -90.651688
[setup in-reg] rst_n -> _87983_/RESET_B : -90.651688
[setup in-reg] rst_n -> _87984_/RESET_B : -90.651688
[setup in-reg] rst_n -> _87985_/RESET_B : -90.651688
[setup in-reg] rst_n -> _87986_/RESET_B : -90.651688
[setup in-reg] rst_n -> _87987_/RESET_B : -90.651688
[setup in-reg] rst_n -> _87988_/RESET_B : -90.651688
[setup in-reg] rst_n -> _87989_/RESET_B : -90.651688
[setup in-reg] rst_n -> _87990_/RESET_B : -90.651688
[setup in-reg] rst_n -> _87991_/RESET_B : -90.651688
[setup in-reg] rst_n -> _87992_/RESET_B : -90.651688
[setup in-reg] rst_n -> _87993_/RESET_B : -90.651688
[setup in-reg] rst_n -> _87994_/RESET_B : -90.651688
[setup in-reg] rst_n -> _87995_/RESET_B : -90.651688
[setup in-reg] rst_n -> _87996_/RESET_B : -90.651688
[setup in-reg] rst_n -> _87997_/RESET_B : -90.651688
[setup in-reg] rst_n -> _87998_/RESET_B : -90.651688
[setup in-reg] rst_n -> _87999_/RESET_B : -90.651688
[setup in-reg] rst_n -> _88000_/RESET_B : -90.651688
[setup in-reg] rst_n -> _88001_/RESET_B : -90.651688
[setup in-reg] rst_n -> _88002_/RESET_B : -90.651688
[setup in-reg] rst_n -> _88003_/RESET_B : -90.651688
[setup in-reg] rst_n -> _88004_/RESET_B : -90.651688
[setup in-reg] rst_n -> _88005_/RESET_B : -90.651688
[setup in-reg] rst_n -> _88006_/RESET_B : -90.651688
[setup in-reg] rst_n -> _88007_/RESET_B : -90.651688
[setup in-reg] rst_n -> _88008_/RESET_B : -90.651688
[setup in-reg] rst_n -> _88009_/RESET_B : -90.651688
[setup in-reg] rst_n -> _88010_/RESET_B : -90.651688
[setup in-reg] rst_n -> _88011_/RESET_B : -90.651688
[setup in-reg] rst_n -> _88012_/RESET_B : -90.651688
[setup in-reg] rst_n -> _88013_/RESET_B : -90.651688
[setup in-reg] rst_n -> _88014_/RESET_B : -90.651688
[setup in-reg] rst_n -> _88015_/RESET_B : -90.651688
[setup in-reg] rst_n -> _88016_/RESET_B : -90.651688
[setup in-reg] rst_n -> _88017_/RESET_B : -90.651688
[setup in-reg] rst_n -> _88018_/RESET_B : -90.651688
[setup in-reg] rst_n -> _88019_/RESET_B : -90.651688
[setup in-reg] rst_n -> _88020_/RESET_B : -90.651688
[setup in-reg] rst_n -> _88021_/RESET_B : -90.651688
[setup in-reg] rst_n -> _88022_/RESET_B : -90.651688
[setup in-reg] rst_n -> _88023_/RESET_B : -90.651688
[setup in-reg] rst_n -> _88024_/RESET_B : -90.651688
[setup in-reg] rst_n -> _88025_/RESET_B : -90.651688
[setup in-reg] rst_n -> _88026_/RESET_B : -90.651688
[setup in-reg] rst_n -> _88027_/RESET_B : -90.651688
[setup in-reg] rst_n -> _88028_/RESET_B : -90.651688
[setup in-reg] rst_n -> _88029_/RESET_B : -90.651688
[setup in-reg] rst_n -> _88030_/RESET_B : -90.651688
[setup in-reg] rst_n -> _88031_/RESET_B : -90.651688
[setup in-reg] rst_n -> _88032_/RESET_B : -90.651688
[setup in-reg] rst_n -> _88033_/RESET_B : -90.651688
[setup in-reg] rst_n -> _88034_/RESET_B : -90.651688
[setup in-reg] rst_n -> _88035_/RESET_B : -90.651688
[setup in-reg] rst_n -> _88036_/RESET_B : -90.651688
[setup in-reg] rst_n -> _88037_/RESET_B : -90.651688
[setup in-reg] rst_n -> _88038_/RESET_B : -90.651688
[setup in-reg] rst_n -> _88039_/RESET_B : -90.651688
[setup in-reg] rst_n -> _88040_/RESET_B : -90.651688
[setup in-reg] rst_n -> _88041_/RESET_B : -90.651688
[setup in-reg] rst_n -> _88042_/RESET_B : -90.651688
[setup in-reg] rst_n -> _88043_/RESET_B : -90.651688
[setup in-reg] rst_n -> _88044_/RESET_B : -90.651688
[setup in-reg] rst_n -> _88045_/RESET_B : -90.651688
[setup in-reg] rst_n -> _88046_/RESET_B : -90.651688
[setup in-reg] rst_n -> _88047_/RESET_B : -90.651688
[setup in-reg] rst_n -> _88048_/RESET_B : -90.651688
[setup in-reg] rst_n -> _88049_/RESET_B : -90.651688
[setup in-reg] rst_n -> _88050_/RESET_B : -90.651688
[setup in-reg] rst_n -> _88051_/RESET_B : -90.651688
[setup in-reg] rst_n -> _88052_/RESET_B : -90.651688
[setup in-reg] rst_n -> _88053_/RESET_B : -90.651688
[setup in-reg] rst_n -> _88054_/RESET_B : -90.651688
[setup in-reg] rst_n -> _88055_/RESET_B : -90.651688
[setup in-reg] rst_n -> _88056_/RESET_B : -90.651688
[setup in-reg] rst_n -> _88057_/RESET_B : -90.651688
[setup in-reg] rst_n -> _88058_/RESET_B : -90.651688
[setup in-reg] rst_n -> _88059_/RESET_B : -90.651688
[setup in-reg] rst_n -> _88060_/RESET_B : -90.651688
[setup in-reg] rst_n -> _88061_/RESET_B : -90.651688
[setup in-reg] rst_n -> _88062_/RESET_B : -90.651688
[setup in-reg] rst_n -> _88063_/RESET_B : -90.651688
[setup in-reg] rst_n -> _88064_/RESET_B : -90.651688
[setup in-reg] rst_n -> _88065_/RESET_B : -90.651688
[setup in-reg] rst_n -> _88066_/RESET_B : -90.651688
[setup in-reg] rst_n -> _88067_/RESET_B : -90.651688
[setup in-reg] rst_n -> _88068_/RESET_B : -90.651688
[setup in-reg] rst_n -> _88069_/RESET_B : -90.651688
[setup in-reg] rst_n -> _88070_/RESET_B : -90.651688
[setup in-reg] rst_n -> _88071_/RESET_B : -90.651688
[setup in-reg] rst_n -> _88072_/RESET_B : -90.651688
[setup in-reg] rst_n -> _88073_/RESET_B : -90.651688
[setup in-reg] rst_n -> _88074_/RESET_B : -90.651688
[setup in-reg] rst_n -> _88075_/RESET_B : -90.651688
[setup in-reg] rst_n -> _88076_/RESET_B : -90.651688
[setup in-reg] rst_n -> _88077_/RESET_B : -90.651688
[setup in-reg] rst_n -> _88078_/RESET_B : -90.651688
[setup in-reg] rst_n -> _88079_/RESET_B : -90.651688
[setup in-reg] rst_n -> _88080_/RESET_B : -90.651688
[setup in-reg] rst_n -> _88081_/RESET_B : -90.651688
[setup in-reg] rst_n -> _88082_/RESET_B : -90.651688
[setup in-reg] rst_n -> _88083_/RESET_B : -90.651688
[setup in-reg] rst_n -> _88084_/RESET_B : -90.651688
[setup in-reg] rst_n -> _88085_/RESET_B : -90.651688
[setup in-reg] rst_n -> _88086_/RESET_B : -90.651688
[setup in-reg] rst_n -> _88087_/RESET_B : -90.651688
[setup in-reg] rst_n -> _88088_/RESET_B : -90.651688
[setup in-reg] rst_n -> _88089_/RESET_B : -90.651688
[setup in-reg] rst_n -> _88090_/RESET_B : -90.651688
[setup in-reg] rst_n -> _88091_/RESET_B : -90.651688
[setup in-reg] rst_n -> _88092_/RESET_B : -90.651688
[setup in-reg] rst_n -> _88093_/RESET_B : -90.651688
[setup in-reg] rst_n -> _88094_/RESET_B : -90.651688
[setup in-reg] rst_n -> _88095_/RESET_B : -90.651688
[setup in-reg] rst_n -> _88096_/RESET_B : -90.651688
[setup in-reg] rst_n -> _88097_/RESET_B : -90.651688
[setup in-reg] rst_n -> _88098_/RESET_B : -90.651688
[setup in-reg] rst_n -> _88099_/RESET_B : -90.651688
[setup in-reg] rst_n -> _88100_/RESET_B : -90.651688
[setup in-reg] rst_n -> _88101_/RESET_B : -90.651688
[setup in-reg] rst_n -> _88102_/RESET_B : -90.651688
[setup in-reg] rst_n -> _88103_/RESET_B : -90.651688
[setup in-reg] rst_n -> _88104_/RESET_B : -90.651688
[setup in-reg] rst_n -> _88105_/RESET_B : -90.651688
[setup in-reg] rst_n -> _88106_/RESET_B : -90.651688
[setup in-reg] rst_n -> _88107_/RESET_B : -90.651688
[setup in-reg] rst_n -> _88108_/RESET_B : -90.651688
[setup in-reg] rst_n -> _88109_/RESET_B : -90.651688
[setup in-reg] rst_n -> _88110_/RESET_B : -90.651688
[setup in-reg] rst_n -> _88111_/RESET_B : -90.651688
[setup in-reg] rst_n -> _88112_/RESET_B : -90.651688
[setup in-reg] rst_n -> _88113_/RESET_B : -90.651688
[setup in-reg] rst_n -> _88114_/RESET_B : -90.651688
[setup in-reg] rst_n -> _88115_/RESET_B : -90.651688
[setup in-reg] rst_n -> _88116_/RESET_B : -90.651688
[setup in-reg] rst_n -> _88117_/RESET_B : -90.651688
[setup in-reg] rst_n -> _88118_/RESET_B : -90.651688
[setup in-reg] rst_n -> _88119_/RESET_B : -90.651688
[setup in-reg] rst_n -> _88120_/RESET_B : -90.651688
[setup in-reg] rst_n -> _88121_/RESET_B : -90.651688
[setup in-reg] rst_n -> _88122_/RESET_B : -90.651688
[setup in-reg] rst_n -> _88123_/RESET_B : -90.651688
[setup in-reg] rst_n -> _88124_/RESET_B : -90.651688
[setup in-reg] rst_n -> _88125_/RESET_B : -90.651688
[setup in-reg] rst_n -> _88126_/RESET_B : -90.651688
[setup in-reg] rst_n -> _88127_/RESET_B : -90.651688
[setup in-reg] rst_n -> _88128_/RESET_B : -90.651688
[setup in-reg] rst_n -> _88129_/RESET_B : -90.651688
[setup in-reg] rst_n -> _88130_/RESET_B : -90.651688
[setup in-reg] rst_n -> _88131_/RESET_B : -90.651688
[setup in-reg] rst_n -> _88132_/RESET_B : -90.651688
[setup in-reg] rst_n -> _88133_/RESET_B : -90.651688
[setup in-reg] rst_n -> _88134_/RESET_B : -90.651688
[setup in-reg] rst_n -> _88135_/RESET_B : -90.651688
[setup in-reg] rst_n -> _88136_/RESET_B : -90.651688
[setup in-reg] rst_n -> _88137_/RESET_B : -90.651688
[setup in-reg] rst_n -> _88138_/RESET_B : -90.651688
[setup in-reg] rst_n -> _88139_/RESET_B : -90.651688
[setup in-reg] rst_n -> _88140_/RESET_B : -90.651688
[setup in-reg] rst_n -> _88141_/RESET_B : -90.651688
[setup in-reg] rst_n -> _88142_/RESET_B : -90.651688
[setup in-reg] rst_n -> _88143_/RESET_B : -90.651688
[setup in-reg] rst_n -> _88144_/RESET_B : -90.651688
[setup in-reg] rst_n -> _88145_/RESET_B : -90.651688
[setup in-reg] rst_n -> _88146_/RESET_B : -90.651688
[setup in-reg] rst_n -> _88147_/RESET_B : -90.651688
[setup in-reg] rst_n -> _88148_/RESET_B : -90.651688
[setup in-reg] rst_n -> _88149_/RESET_B : -90.651688
[setup in-reg] rst_n -> _88150_/RESET_B : -90.651688
[setup in-reg] rst_n -> _88151_/RESET_B : -90.651688
[setup in-reg] rst_n -> _88152_/RESET_B : -90.651688
[setup in-reg] rst_n -> _88153_/RESET_B : -90.651688
[setup in-reg] rst_n -> _88154_/RESET_B : -90.651688
[setup in-reg] rst_n -> _88155_/RESET_B : -90.651688
[setup in-reg] rst_n -> _88156_/RESET_B : -90.651688
[setup in-reg] rst_n -> _88157_/RESET_B : -90.651688
[setup in-reg] rst_n -> _88158_/RESET_B : -90.651688
[setup in-reg] rst_n -> _88159_/RESET_B : -90.651688
[setup in-reg] rst_n -> _88160_/RESET_B : -90.651688
[setup in-reg] rst_n -> _88161_/RESET_B : -90.651688
[setup in-reg] rst_n -> _88162_/RESET_B : -90.651688
[setup in-reg] rst_n -> _88163_/RESET_B : -90.651688
[setup in-reg] rst_n -> _88164_/RESET_B : -90.651688
[setup in-reg] rst_n -> _88165_/RESET_B : -90.651688
[setup in-reg] rst_n -> _88166_/RESET_B : -90.651688
[setup in-reg] rst_n -> _88167_/RESET_B : -90.651688
[setup in-reg] rst_n -> _88168_/RESET_B : -90.651688
[setup in-reg] rst_n -> _88169_/RESET_B : -90.651688
[setup in-reg] rst_n -> _88170_/RESET_B : -90.651688
[setup in-reg] rst_n -> _88171_/RESET_B : -90.651688
[setup in-reg] rst_n -> _88172_/RESET_B : -90.651688
[setup in-reg] rst_n -> _88173_/RESET_B : -90.651688
[setup in-reg] rst_n -> _88174_/RESET_B : -90.651688
[setup in-reg] rst_n -> _88175_/RESET_B : -90.651688
[setup in-reg] rst_n -> _88176_/RESET_B : -90.651688
[setup in-reg] rst_n -> _88177_/RESET_B : -90.651688
[setup in-reg] rst_n -> _88178_/RESET_B : -90.651688
[setup in-reg] rst_n -> _88179_/RESET_B : -90.651688
[setup in-reg] rst_n -> _88180_/RESET_B : -90.651688
[setup in-reg] rst_n -> _88181_/RESET_B : -90.651688
[setup in-reg] rst_n -> _88182_/RESET_B : -90.651688
[setup in-reg] rst_n -> _88183_/RESET_B : -90.651688
[setup in-reg] rst_n -> _88184_/RESET_B : -90.651688
[setup in-reg] rst_n -> _88185_/RESET_B : -90.651688
[setup in-reg] rst_n -> _88186_/RESET_B : -90.651688
[setup in-reg] rst_n -> _88187_/RESET_B : -90.651688
[setup in-reg] rst_n -> _88188_/RESET_B : -90.651688
[setup in-reg] rst_n -> _88189_/RESET_B : -90.651688
[setup in-reg] rst_n -> _88190_/RESET_B : -90.651688
[setup in-reg] rst_n -> _88191_/RESET_B : -90.651688
[setup in-reg] rst_n -> _88192_/RESET_B : -90.651688
[setup in-reg] rst_n -> _88193_/RESET_B : -90.651688
[setup in-reg] rst_n -> _88194_/RESET_B : -90.651688
[setup in-reg] rst_n -> _88195_/RESET_B : -90.651688
[setup in-reg] rst_n -> _88196_/RESET_B : -90.651688
[setup in-reg] rst_n -> _88197_/RESET_B : -90.651688
[setup in-reg] rst_n -> _88198_/RESET_B : -90.651688
[setup in-reg] rst_n -> _88199_/RESET_B : -90.651688
[setup in-reg] rst_n -> _88200_/RESET_B : -90.651688
[setup in-reg] rst_n -> _88201_/RESET_B : -90.651688
[setup in-reg] rst_n -> _88202_/RESET_B : -90.651688
[setup in-reg] rst_n -> _88203_/RESET_B : -90.651688
[setup in-reg] rst_n -> _88204_/RESET_B : -90.651688
[setup in-reg] rst_n -> _88205_/RESET_B : -90.651688
[setup in-reg] rst_n -> _88206_/RESET_B : -90.651688
[setup in-reg] rst_n -> _88207_/RESET_B : -90.651688
[setup in-reg] rst_n -> _88208_/RESET_B : -90.651688
[setup in-reg] rst_n -> _88209_/RESET_B : -90.651688
[setup in-reg] rst_n -> _88210_/RESET_B : -90.651688
[setup in-reg] rst_n -> _88211_/RESET_B : -90.651688
[setup in-reg] rst_n -> _88212_/RESET_B : -90.651688
[setup in-reg] rst_n -> _88213_/RESET_B : -90.651688
[setup in-reg] rst_n -> _88214_/RESET_B : -90.651688
[setup in-reg] rst_n -> _88215_/RESET_B : -90.651688
[setup in-reg] rst_n -> _88216_/RESET_B : -90.651688
[setup in-reg] rst_n -> _88217_/RESET_B : -90.651688
[setup in-reg] rst_n -> _88218_/RESET_B : -90.651688
[setup in-reg] rst_n -> _88219_/RESET_B : -90.651688
[setup in-reg] rst_n -> _88220_/RESET_B : -90.651688
[setup in-reg] rst_n -> _88221_/RESET_B : -90.651688
[setup in-reg] rst_n -> _88222_/RESET_B : -90.651688
[setup in-reg] rst_n -> _88223_/RESET_B : -90.651688
[setup in-reg] rst_n -> _88224_/RESET_B : -90.651688
[setup in-reg] rst_n -> _88225_/RESET_B : -90.651688
[setup in-reg] rst_n -> _88226_/RESET_B : -90.651688
[setup in-reg] rst_n -> _88227_/RESET_B : -90.651688
[setup in-reg] rst_n -> _88228_/RESET_B : -90.651688
[setup in-reg] rst_n -> _88229_/RESET_B : -90.651688
[setup in-reg] rst_n -> _88230_/RESET_B : -90.651688
[setup in-reg] rst_n -> _88231_/RESET_B : -90.651688
[setup in-reg] rst_n -> _88232_/RESET_B : -90.651688
[setup in-reg] rst_n -> _88233_/RESET_B : -90.651688
[setup in-reg] rst_n -> _88234_/RESET_B : -90.651688
[setup in-reg] rst_n -> _88235_/RESET_B : -90.651688
[setup in-reg] rst_n -> _88236_/RESET_B : -90.651688
[setup in-reg] rst_n -> _88237_/RESET_B : -90.651688
[setup in-reg] rst_n -> _88238_/RESET_B : -90.651688
[setup in-reg] rst_n -> _88239_/RESET_B : -90.651688
[setup in-reg] rst_n -> _88240_/RESET_B : -90.651688
[setup in-reg] rst_n -> _88241_/RESET_B : -90.651688
[setup in-reg] rst_n -> _88242_/RESET_B : -90.651688
[setup in-reg] rst_n -> _88243_/RESET_B : -90.651688
[setup in-reg] rst_n -> _88244_/RESET_B : -90.651688
[setup in-reg] rst_n -> _88245_/RESET_B : -90.651688
[setup in-reg] rst_n -> _88246_/RESET_B : -90.651688
[setup in-reg] rst_n -> _88247_/RESET_B : -90.651688
[setup in-reg] rst_n -> _88248_/RESET_B : -90.651688
[setup in-reg] rst_n -> _88249_/RESET_B : -90.651688
[setup in-reg] rst_n -> _88250_/RESET_B : -90.651688
[setup in-reg] rst_n -> _88251_/RESET_B : -90.651688
[setup in-reg] rst_n -> _88252_/RESET_B : -90.651688
[setup in-reg] rst_n -> _88253_/RESET_B : -90.651688
[setup in-reg] rst_n -> _88254_/RESET_B : -90.651688
[setup in-reg] rst_n -> _88255_/RESET_B : -90.651688
[setup in-reg] rst_n -> _88256_/RESET_B : -90.651688
[setup in-reg] rst_n -> _88257_/RESET_B : -90.651688
[setup in-reg] rst_n -> _88258_/RESET_B : -90.651688
[setup in-reg] rst_n -> _88259_/RESET_B : -90.651688
[setup in-reg] rst_n -> _88260_/RESET_B : -90.651688
[setup in-reg] rst_n -> _88261_/RESET_B : -90.651688
[setup in-reg] rst_n -> _88262_/RESET_B : -90.651688
[setup in-reg] rst_n -> _88263_/RESET_B : -90.651688
[setup in-reg] rst_n -> _88264_/RESET_B : -90.651688
[setup in-reg] rst_n -> _88265_/RESET_B : -90.651688
[setup in-reg] rst_n -> _88266_/RESET_B : -90.651688
[setup in-reg] rst_n -> _88267_/RESET_B : -90.651688
[setup in-reg] rst_n -> _88268_/RESET_B : -90.651688
[setup in-reg] rst_n -> _88269_/RESET_B : -90.651688
[setup in-reg] rst_n -> _88270_/RESET_B : -90.651688
[setup in-reg] rst_n -> _88271_/RESET_B : -90.651688
[setup in-reg] rst_n -> _88272_/RESET_B : -90.651688
[setup in-reg] rst_n -> _88273_/RESET_B : -90.651688
[setup in-reg] rst_n -> _88274_/RESET_B : -90.651688
[setup in-reg] rst_n -> _88275_/RESET_B : -90.651688
[setup in-reg] rst_n -> _88276_/RESET_B : -90.651688
[setup in-reg] rst_n -> _88277_/RESET_B : -90.651688
[setup in-reg] rst_n -> _88278_/RESET_B : -90.651688
[setup in-reg] rst_n -> _88279_/RESET_B : -90.651688
[setup in-reg] rst_n -> _88280_/RESET_B : -90.651688
[setup in-reg] rst_n -> _88281_/RESET_B : -90.651688
[setup in-reg] rst_n -> _88282_/RESET_B : -90.651688
[setup in-reg] rst_n -> _88283_/RESET_B : -90.651688
[setup in-reg] rst_n -> _88284_/RESET_B : -90.651688
[setup in-reg] rst_n -> _88285_/RESET_B : -90.651688
[setup in-reg] rst_n -> _88286_/RESET_B : -90.651688
[setup in-reg] rst_n -> _88287_/RESET_B : -90.651688
[setup in-reg] rst_n -> _88288_/RESET_B : -90.651688
[setup in-reg] rst_n -> _88289_/RESET_B : -90.651688
[setup in-reg] rst_n -> _88290_/RESET_B : -90.651688
[setup in-reg] rst_n -> _88291_/RESET_B : -90.651688
[setup in-reg] rst_n -> _88292_/RESET_B : -90.651688
[setup in-reg] rst_n -> _88293_/RESET_B : -90.651688
[setup in-reg] rst_n -> _88294_/RESET_B : -90.651688
[setup in-reg] rst_n -> _88295_/RESET_B : -90.651688
[setup in-reg] rst_n -> _88296_/RESET_B : -90.651688
[setup in-reg] rst_n -> _88297_/RESET_B : -90.651688
[setup in-reg] rst_n -> _88298_/RESET_B : -90.651688
[setup in-reg] rst_n -> _88299_/RESET_B : -90.651688
[setup in-reg] rst_n -> _88300_/RESET_B : -90.651688
[setup in-reg] rst_n -> _88301_/RESET_B : -90.651688
[setup in-reg] rst_n -> _88318_/RESET_B : -90.651688
[setup in-reg] rst_n -> _88319_/RESET_B : -90.651688
[setup in-reg] rst_n -> _88320_/RESET_B : -90.651688
[setup in-reg] rst_n -> _88321_/RESET_B : -90.651688
[setup in-reg] rst_n -> _88322_/RESET_B : -90.651688
[setup in-reg] rst_n -> _88323_/RESET_B : -90.651688
[setup in-reg] rst_n -> _88324_/RESET_B : -90.651688
[setup in-reg] rst_n -> _88325_/RESET_B : -90.651688
[setup in-reg] rst_n -> _88326_/RESET_B : -90.651688
[setup in-reg] rst_n -> _88327_/RESET_B : -90.651688
[setup in-reg] rst_n -> _88328_/RESET_B : -90.651688
[setup in-reg] rst_n -> _88329_/RESET_B : -90.651688
[setup in-reg] rst_n -> _88330_/RESET_B : -90.651688
[setup in-reg] rst_n -> _88331_/RESET_B : -90.651688
[setup in-reg] rst_n -> _88332_/RESET_B : -90.651688
[setup in-reg] rst_n -> _88333_/RESET_B : -90.651688
[setup in-reg] rst_n -> _88334_/RESET_B : -90.651688
[setup in-reg] rst_n -> _88335_/RESET_B : -90.651688
[setup in-reg] rst_n -> _88336_/RESET_B : -90.651688
[setup in-reg] rst_n -> _88337_/RESET_B : -90.651688
[setup in-reg] rst_n -> _88338_/RESET_B : -90.651688
[setup in-reg] rst_n -> _88339_/RESET_B : -90.651688
[setup in-reg] rst_n -> _88340_/RESET_B : -90.651688
[setup in-reg] rst_n -> _88341_/RESET_B : -90.651688
[setup in-reg] rst_n -> _88342_/RESET_B : -90.651688
[setup in-reg] rst_n -> _88343_/RESET_B : -90.651688
[setup in-reg] rst_n -> _88344_/RESET_B : -90.651688
[setup in-reg] rst_n -> _88345_/RESET_B : -90.651688
[setup in-reg] rst_n -> _88346_/RESET_B : -90.651688
[setup in-reg] rst_n -> _88347_/RESET_B : -90.651688
[setup in-reg] rst_n -> _88348_/RESET_B : -90.651688
[setup in-reg] rst_n -> _88349_/RESET_B : -90.651688
[setup in-reg] rst_n -> _88350_/RESET_B : -90.651688
[setup in-reg] rst_n -> _88351_/RESET_B : -90.651688
[setup in-reg] rst_n -> _88352_/RESET_B : -90.651688
[setup in-reg] rst_n -> _88353_/RESET_B : -90.651688
[setup in-reg] rst_n -> _88354_/RESET_B : -90.651688
[setup in-reg] rst_n -> _88355_/RESET_B : -90.651688
[setup in-reg] rst_n -> _88356_/RESET_B : -90.651688
[setup in-reg] rst_n -> _88357_/RESET_B : -90.651688
[setup in-reg] rst_n -> _88358_/RESET_B : -90.651688
[setup in-reg] rst_n -> _88359_/RESET_B : -90.651688
[setup in-reg] rst_n -> _88360_/RESET_B : -90.651688
[setup in-reg] rst_n -> _88361_/RESET_B : -90.651688
[setup in-reg] rst_n -> _88362_/RESET_B : -90.651688
[setup in-reg] rst_n -> _88363_/RESET_B : -90.651688
[setup in-reg] rst_n -> _88364_/RESET_B : -90.651688
[setup in-reg] rst_n -> _88365_/RESET_B : -90.651688
[setup in-reg] rst_n -> _88366_/RESET_B : -90.651688
[setup in-reg] rst_n -> _88367_/RESET_B : -90.651688
[setup in-reg] rst_n -> _88368_/RESET_B : -90.651688
[setup in-reg] rst_n -> _88369_/RESET_B : -90.651688
[setup in-reg] rst_n -> _88370_/RESET_B : -90.651688
[setup in-reg] rst_n -> _88371_/RESET_B : -90.651688
[setup in-reg] rst_n -> _88372_/RESET_B : -90.651688
[setup in-reg] rst_n -> _88373_/RESET_B : -90.651688
[setup in-reg] rst_n -> _88374_/RESET_B : -90.651688
[setup in-reg] rst_n -> _88375_/RESET_B : -90.651688
[setup in-reg] rst_n -> _88376_/RESET_B : -90.651688
[setup in-reg] rst_n -> _88377_/RESET_B : -90.651688
[setup in-reg] rst_n -> _88378_/RESET_B : -90.651688
[setup in-reg] rst_n -> _88379_/RESET_B : -90.651688
[setup in-reg] rst_n -> _88380_/RESET_B : -90.651688
[setup in-reg] rst_n -> _88381_/RESET_B : -90.651688
[setup in-reg] rst_n -> _88382_/RESET_B : -90.651688
[setup in-reg] rst_n -> _88383_/RESET_B : -90.651688
[setup in-reg] rst_n -> _88384_/RESET_B : -90.651688
[setup in-reg] rst_n -> _88385_/RESET_B : -90.651688
[setup in-reg] rst_n -> _88386_/RESET_B : -90.651688
[setup in-reg] rst_n -> _88387_/RESET_B : -90.651688
[setup in-reg] rst_n -> _88388_/RESET_B : -90.651688
[setup in-reg] rst_n -> _88389_/RESET_B : -90.651688
[setup in-reg] rst_n -> _88390_/RESET_B : -90.651688
[setup in-reg] rst_n -> _88391_/RESET_B : -90.651688
[setup in-reg] rst_n -> _88392_/RESET_B : -90.651688
[setup in-reg] rst_n -> _88393_/RESET_B : -90.651688
[setup in-reg] rst_n -> _88394_/RESET_B : -90.651688
[setup in-reg] rst_n -> _88395_/RESET_B : -90.651688
[setup in-reg] rst_n -> _88396_/RESET_B : -90.651688
[setup in-reg] rst_n -> _88397_/RESET_B : -90.651688
[setup in-reg] rst_n -> _88398_/RESET_B : -90.651688
[setup in-reg] rst_n -> _88399_/RESET_B : -90.651688
[setup in-reg] rst_n -> _88400_/RESET_B : -90.651688
[setup in-reg] rst_n -> _88401_/RESET_B : -90.651688
[setup in-reg] rst_n -> _88402_/RESET_B : -90.651688
[setup in-reg] rst_n -> _88403_/RESET_B : -90.651688
[setup in-reg] rst_n -> _88404_/RESET_B : -90.651688
[setup in-reg] rst_n -> _88405_/RESET_B : -90.651688
[setup in-reg] rst_n -> _88406_/RESET_B : -90.651688
[setup in-reg] rst_n -> _88407_/RESET_B : -90.651688
[setup in-reg] rst_n -> _88408_/RESET_B : -90.651688
[setup in-reg] rst_n -> _88409_/RESET_B : -90.651688
[setup in-reg] rst_n -> _88410_/RESET_B : -90.651688
[setup in-reg] rst_n -> _88411_/RESET_B : -90.651688
[setup in-reg] rst_n -> _88412_/RESET_B : -90.651688
[setup in-reg] rst_n -> _88413_/RESET_B : -90.651688
[setup in-reg] rst_n -> _88414_/RESET_B : -90.651688
[setup in-reg] rst_n -> _88415_/RESET_B : -90.651688
[setup in-reg] rst_n -> _88416_/RESET_B : -90.651688
[setup in-reg] rst_n -> _88417_/RESET_B : -90.651688
[setup in-reg] rst_n -> _88418_/RESET_B : -90.651688
[setup in-reg] rst_n -> _88419_/RESET_B : -90.651688
[setup in-reg] rst_n -> _88420_/RESET_B : -90.651688
[setup in-reg] rst_n -> _88421_/RESET_B : -90.651688
[setup in-reg] rst_n -> _88422_/RESET_B : -90.651688
[setup in-reg] rst_n -> _88423_/RESET_B : -90.651688
[setup in-reg] rst_n -> _88424_/RESET_B : -90.651688
[setup in-reg] rst_n -> _88425_/RESET_B : -90.651688
[setup in-reg] rst_n -> _88426_/RESET_B : -90.651688
[setup in-reg] rst_n -> _88427_/RESET_B : -90.651688
[setup in-reg] rst_n -> _88428_/RESET_B : -90.651688
[setup in-reg] rst_n -> _88429_/RESET_B : -90.651688
[setup in-reg] rst_n -> _88430_/RESET_B : -90.651688
[setup in-reg] rst_n -> _88431_/RESET_B : -90.651688
[setup in-reg] rst_n -> _88432_/RESET_B : -90.651688
[setup in-reg] rst_n -> _88433_/RESET_B : -90.651688
[setup in-reg] rst_n -> _88434_/RESET_B : -90.651688
[setup in-reg] rst_n -> _88435_/RESET_B : -90.651688
[setup in-reg] rst_n -> _88436_/RESET_B : -90.651688
[setup in-reg] rst_n -> _88437_/RESET_B : -90.651688
[setup in-reg] rst_n -> _88438_/RESET_B : -90.651688
[setup in-reg] rst_n -> _88439_/RESET_B : -90.651688
[setup in-reg] rst_n -> _88440_/RESET_B : -90.651688
[setup in-reg] rst_n -> _88441_/RESET_B : -90.651688
[setup in-reg] rst_n -> _88442_/RESET_B : -90.651688
[setup in-reg] rst_n -> _88443_/RESET_B : -90.651688
[setup in-reg] rst_n -> _88444_/RESET_B : -90.651688
[setup in-reg] rst_n -> _88445_/RESET_B : -90.651688
[setup in-reg] rst_n -> _88446_/RESET_B : -90.651688
[setup in-reg] rst_n -> _88447_/RESET_B : -90.651688
[setup in-reg] rst_n -> _88448_/RESET_B : -90.651688
[setup in-reg] rst_n -> _88449_/RESET_B : -90.651688
[setup in-reg] rst_n -> _88450_/RESET_B : -90.651688
[setup in-reg] rst_n -> _88451_/RESET_B : -90.651688
[setup in-reg] rst_n -> _88452_/RESET_B : -90.651688
[setup in-reg] rst_n -> _88453_/RESET_B : -90.651688
[setup in-reg] rst_n -> _88454_/RESET_B : -90.651688
[setup in-reg] rst_n -> _88455_/RESET_B : -90.651688
[setup in-reg] rst_n -> _88456_/RESET_B : -90.651688
[setup in-reg] rst_n -> _88457_/RESET_B : -90.651688
[setup in-reg] rst_n -> _88458_/RESET_B : -90.651688
[setup in-reg] rst_n -> _88459_/RESET_B : -90.651688
[setup in-reg] rst_n -> _88460_/RESET_B : -90.651688
[setup in-reg] rst_n -> _88461_/RESET_B : -90.651688
[setup in-reg] rst_n -> _88462_/RESET_B : -90.651688
[setup in-reg] rst_n -> _88463_/RESET_B : -90.651688
[setup in-reg] rst_n -> _88464_/RESET_B : -90.651688
[setup in-reg] rst_n -> _88465_/RESET_B : -90.651688
[setup in-reg] rst_n -> _88466_/RESET_B : -90.651688
[setup in-reg] rst_n -> _88467_/RESET_B : -90.651688
[setup in-reg] rst_n -> _88468_/RESET_B : -90.651688
[setup in-reg] rst_n -> _88469_/RESET_B : -90.651688
[setup in-reg] rst_n -> _88470_/RESET_B : -90.651688
[setup in-reg] rst_n -> _88471_/RESET_B : -90.651688
[setup in-reg] rst_n -> _88472_/RESET_B : -90.651688
[setup in-reg] rst_n -> _88473_/RESET_B : -90.651688
[setup in-reg] rst_n -> _88474_/RESET_B : -90.651688
[setup in-reg] rst_n -> _88475_/RESET_B : -90.651688
[setup in-reg] rst_n -> _88476_/RESET_B : -90.651688
[setup in-reg] rst_n -> _88477_/RESET_B : -90.651688
[setup in-reg] rst_n -> _88478_/RESET_B : -90.651688
[setup in-reg] rst_n -> _88479_/RESET_B : -90.651688
[setup in-reg] rst_n -> _88480_/RESET_B : -90.651688
[setup in-reg] rst_n -> _88481_/RESET_B : -90.651688
[setup in-reg] rst_n -> _88482_/RESET_B : -90.651688
[setup in-reg] rst_n -> _88483_/RESET_B : -90.651688
[setup in-reg] rst_n -> _88484_/RESET_B : -90.651688
[setup in-reg] rst_n -> _88485_/RESET_B : -90.651688
[setup in-reg] rst_n -> _88486_/RESET_B : -90.651688
[setup in-reg] rst_n -> _88487_/RESET_B : -90.651688
[setup in-reg] rst_n -> _88488_/RESET_B : -90.651688
[setup in-reg] rst_n -> _88489_/RESET_B : -90.651688
[setup in-reg] rst_n -> _88490_/RESET_B : -90.651688
[setup in-reg] rst_n -> _88491_/RESET_B : -90.651688
[setup in-reg] rst_n -> _88492_/RESET_B : -90.651688
[setup in-reg] rst_n -> _88493_/RESET_B : -90.651688
[setup in-reg] rst_n -> _88494_/RESET_B : -90.651688
[setup in-reg] rst_n -> _88495_/RESET_B : -90.651688
[setup in-reg] rst_n -> _88496_/RESET_B : -90.651688
[setup in-reg] rst_n -> _88497_/RESET_B : -90.651688
[setup in-reg] rst_n -> _88498_/RESET_B : -90.651688
[setup in-reg] rst_n -> _88499_/RESET_B : -90.651688
[setup in-reg] rst_n -> _88500_/RESET_B : -90.651688
[setup in-reg] rst_n -> _88501_/RESET_B : -90.651688
[setup in-reg] rst_n -> _88502_/RESET_B : -90.651688
[setup in-reg] rst_n -> _88503_/RESET_B : -90.651688
[setup in-reg] rst_n -> _88504_/RESET_B : -90.651688
[setup in-reg] rst_n -> _88505_/RESET_B : -90.651688
[setup in-reg] rst_n -> _88506_/RESET_B : -90.651688
[setup in-reg] rst_n -> _88507_/RESET_B : -90.651688
[setup in-reg] rst_n -> _88508_/RESET_B : -90.651688
[setup in-reg] rst_n -> _88509_/RESET_B : -90.651688
[setup in-reg] rst_n -> _88510_/RESET_B : -90.651688
[setup in-reg] rst_n -> _88511_/RESET_B : -90.651688
[setup in-reg] rst_n -> _88512_/RESET_B : -90.651688
[setup in-reg] rst_n -> _88513_/RESET_B : -90.651688
[setup in-reg] rst_n -> _88514_/RESET_B : -90.651688
[setup in-reg] rst_n -> _88515_/RESET_B : -90.651688
[setup in-reg] rst_n -> _88516_/RESET_B : -90.651688
[setup in-reg] rst_n -> _88517_/RESET_B : -90.651688
[setup in-reg] rst_n -> _88518_/RESET_B : -90.651688
[setup in-reg] rst_n -> _88519_/RESET_B : -90.651688
[setup in-reg] rst_n -> _88520_/RESET_B : -90.651688
[setup in-reg] rst_n -> _88521_/RESET_B : -90.651688
[setup in-reg] rst_n -> _88522_/RESET_B : -90.651688
[setup in-reg] rst_n -> _88523_/RESET_B : -90.651688
[setup in-reg] rst_n -> _88524_/RESET_B : -90.651688
[setup in-reg] rst_n -> _88525_/RESET_B : -90.651688
[setup in-reg] rst_n -> _88526_/RESET_B : -90.651688
[setup in-reg] rst_n -> _88527_/RESET_B : -90.651688
[setup in-reg] rst_n -> _88528_/RESET_B : -90.651688
[setup in-reg] rst_n -> _88529_/RESET_B : -90.651688
[setup in-reg] rst_n -> _88530_/RESET_B : -90.651688
[setup in-reg] rst_n -> _88531_/RESET_B : -90.651688
[setup in-reg] rst_n -> _88532_/RESET_B : -90.651688
[setup in-reg] rst_n -> _88533_/RESET_B : -90.651688
[setup in-reg] rst_n -> _88534_/RESET_B : -90.651688
[setup in-reg] rst_n -> _88535_/RESET_B : -90.651688
[setup in-reg] rst_n -> _88536_/RESET_B : -90.651688
[setup in-reg] rst_n -> _88537_/RESET_B : -90.651688
[setup in-reg] rst_n -> _88538_/RESET_B : -90.651688
[setup in-reg] rst_n -> _88539_/RESET_B : -90.651688
[setup in-reg] rst_n -> _88540_/RESET_B : -90.651688
[setup in-reg] rst_n -> _88541_/RESET_B : -90.651688
[setup in-reg] rst_n -> _88542_/RESET_B : -90.651688
[setup in-reg] rst_n -> _88543_/RESET_B : -90.651688
[setup in-reg] rst_n -> _88544_/RESET_B : -90.651688
[setup in-reg] rst_n -> _88545_/RESET_B : -90.651688
[setup in-reg] rst_n -> _88546_/RESET_B : -90.651688
[setup in-reg] rst_n -> _88547_/RESET_B : -90.651688
[setup in-reg] rst_n -> _88548_/RESET_B : -90.651688
[setup in-reg] rst_n -> _88549_/RESET_B : -90.651688
[setup in-reg] rst_n -> _88550_/RESET_B : -90.651688
[setup in-reg] rst_n -> _88551_/RESET_B : -90.651688
[setup in-reg] rst_n -> _88552_/RESET_B : -90.651688
[setup in-reg] rst_n -> _88553_/RESET_B : -90.651688
[setup in-reg] rst_n -> _88554_/RESET_B : -90.651688
[setup in-reg] rst_n -> _88555_/RESET_B : -90.651688
[setup in-reg] rst_n -> _88556_/RESET_B : -90.651688
[setup in-reg] rst_n -> _88557_/RESET_B : -90.651688
[setup in-reg] rst_n -> _88558_/RESET_B : -90.651688
[setup in-reg] rst_n -> _88559_/RESET_B : -90.651688
[setup in-reg] rst_n -> _88560_/RESET_B : -90.651688
[setup in-reg] rst_n -> _88561_/RESET_B : -90.651688
[setup in-reg] rst_n -> _88562_/RESET_B : -90.651688
[setup in-reg] rst_n -> _88563_/RESET_B : -90.651688
[setup in-reg] rst_n -> _88564_/RESET_B : -90.651688
[setup in-reg] rst_n -> _88565_/RESET_B : -90.651688
[setup in-reg] rst_n -> _88566_/RESET_B : -90.651688
[setup in-reg] rst_n -> _88567_/RESET_B : -90.651688
[setup in-reg] rst_n -> _88568_/RESET_B : -90.651688
[setup in-reg] rst_n -> _88569_/RESET_B : -90.651688
[setup in-reg] rst_n -> _88570_/RESET_B : -90.651688
[setup in-reg] rst_n -> _88571_/RESET_B : -90.651688
[setup in-reg] rst_n -> _88572_/RESET_B : -90.651688
[setup in-reg] rst_n -> _88573_/RESET_B : -90.651688
[setup in-reg] rst_n -> _88574_/RESET_B : -90.651688
[setup in-reg] rst_n -> _88575_/RESET_B : -90.651688
[setup in-reg] rst_n -> _88576_/RESET_B : -90.651688
[setup in-reg] rst_n -> _88577_/RESET_B : -90.651688
[setup in-reg] rst_n -> _88578_/RESET_B : -90.651688
[setup in-reg] rst_n -> _88579_/RESET_B : -90.651688
[setup in-reg] rst_n -> _88580_/RESET_B : -90.651688
[setup in-reg] rst_n -> _88581_/RESET_B : -90.651688
[setup in-reg] rst_n -> _88582_/RESET_B : -90.651688
[setup in-reg] rst_n -> _88583_/RESET_B : -90.651688
[setup in-reg] rst_n -> _88584_/RESET_B : -90.651688
[setup in-reg] rst_n -> _88585_/RESET_B : -90.651688
[setup in-reg] rst_n -> _88586_/RESET_B : -90.651688
[setup in-reg] rst_n -> _88587_/RESET_B : -90.651688
[setup in-reg] rst_n -> _88588_/RESET_B : -90.651688
[setup in-reg] rst_n -> _88589_/RESET_B : -90.651688
[setup in-reg] rst_n -> _88590_/RESET_B : -90.651688
[setup in-reg] rst_n -> _88591_/RESET_B : -90.651688
[setup in-reg] rst_n -> _88592_/RESET_B : -90.651688
[setup in-reg] rst_n -> _88593_/RESET_B : -90.651688
[setup in-reg] rst_n -> _88594_/RESET_B : -90.651688
[setup in-reg] rst_n -> _88595_/RESET_B : -90.651688
[setup in-reg] rst_n -> _88596_/RESET_B : -90.651688
[setup in-reg] rst_n -> _88597_/RESET_B : -90.651688
[setup in-reg] rst_n -> _88598_/RESET_B : -90.651688
[setup in-reg] rst_n -> _88599_/RESET_B : -90.651688
[setup in-reg] rst_n -> _88600_/RESET_B : -90.651688
[setup in-reg] rst_n -> _88601_/RESET_B : -90.651688
[setup in-reg] rst_n -> _88602_/RESET_B : -90.651688
[setup in-reg] rst_n -> _88603_/RESET_B : -90.651688
[setup in-reg] rst_n -> _88604_/RESET_B : -90.651688
[setup in-reg] rst_n -> _88605_/RESET_B : -90.651688
[setup in-reg] rst_n -> _88606_/RESET_B : -90.651688
[setup in-reg] rst_n -> _88607_/RESET_B : -90.651688
[setup in-reg] rst_n -> _88608_/RESET_B : -90.651688
[setup in-reg] rst_n -> _88609_/RESET_B : -90.651688
[setup in-reg] rst_n -> _88610_/RESET_B : -90.651688
[setup in-reg] rst_n -> _88611_/RESET_B : -90.651688
[setup in-reg] rst_n -> _88612_/RESET_B : -90.651688
[setup in-reg] rst_n -> _88613_/RESET_B : -90.651688
[setup in-reg] rst_n -> _88614_/RESET_B : -90.651688
[setup in-reg] rst_n -> _88615_/RESET_B : -90.651688
[setup in-reg] rst_n -> _88616_/RESET_B : -90.651688
[setup in-reg] rst_n -> _88617_/RESET_B : -90.651688
[setup in-reg] rst_n -> _88618_/RESET_B : -90.651688
[setup in-reg] rst_n -> _88619_/RESET_B : -90.651688
[setup in-reg] rst_n -> _88620_/RESET_B : -90.651688
[setup in-reg] rst_n -> _88621_/RESET_B : -90.651688
[setup in-reg] rst_n -> _88622_/RESET_B : -90.651688
[setup in-reg] rst_n -> _88623_/RESET_B : -90.651688
[setup in-reg] rst_n -> _88624_/RESET_B : -90.651688
[setup in-reg] rst_n -> _88625_/RESET_B : -90.651688
[setup in-reg] rst_n -> _88626_/RESET_B : -90.651688
[setup in-reg] rst_n -> _88627_/RESET_B : -90.651688
[setup in-reg] rst_n -> _88628_/RESET_B : -90.651688
[setup in-reg] rst_n -> _88629_/RESET_B : -90.651688
[setup in-reg] rst_n -> _88630_/RESET_B : -90.651688
[setup in-reg] rst_n -> _88631_/RESET_B : -90.651688
[setup in-reg] rst_n -> _88632_/RESET_B : -90.651688
[setup in-reg] rst_n -> _88633_/RESET_B : -90.651688
[setup in-reg] rst_n -> _88634_/RESET_B : -90.651688
[setup in-reg] rst_n -> _88635_/RESET_B : -90.651688
[setup in-reg] rst_n -> _88636_/RESET_B : -90.651688
[setup in-reg] rst_n -> _88637_/RESET_B : -90.651688
[setup in-reg] rst_n -> _88638_/RESET_B : -90.651688
[setup in-reg] rst_n -> _88639_/RESET_B : -90.651688
[setup in-reg] rst_n -> _88640_/RESET_B : -90.651688
[setup in-reg] rst_n -> _88641_/RESET_B : -90.651688
[setup in-reg] rst_n -> _88642_/RESET_B : -90.651688
[setup in-reg] rst_n -> _88643_/RESET_B : -90.651688
[setup in-reg] rst_n -> _88644_/RESET_B : -90.651688
[setup in-reg] rst_n -> _88645_/RESET_B : -90.651688
[setup in-reg] rst_n -> _88646_/RESET_B : -90.651688
[setup in-reg] rst_n -> _88647_/RESET_B : -90.651688
[setup in-reg] rst_n -> _88648_/RESET_B : -90.651688
[setup in-reg] rst_n -> _88649_/RESET_B : -90.651688
[setup in-reg] rst_n -> _88650_/RESET_B : -90.651688
[setup in-reg] rst_n -> _88651_/RESET_B : -90.651688
[setup in-reg] rst_n -> _88652_/RESET_B : -90.651688
[setup in-reg] rst_n -> _88653_/RESET_B : -90.651688
[setup in-reg] rst_n -> _88654_/RESET_B : -90.651688
[setup in-reg] rst_n -> _88655_/RESET_B : -90.651688
[setup in-reg] rst_n -> _88656_/RESET_B : -90.651688
[setup in-reg] rst_n -> _88657_/RESET_B : -90.651688
[setup in-reg] rst_n -> _88658_/RESET_B : -90.651688
[setup in-reg] rst_n -> _88659_/RESET_B : -90.651688
[setup in-reg] rst_n -> _88660_/RESET_B : -90.651688
[setup in-reg] rst_n -> _88661_/RESET_B : -90.651688
[setup in-reg] rst_n -> _88662_/RESET_B : -90.651688
[setup in-reg] rst_n -> _88663_/RESET_B : -90.651688
[setup in-reg] rst_n -> _88664_/RESET_B : -90.651688
[setup in-reg] rst_n -> _88665_/RESET_B : -90.651688
[setup in-reg] rst_n -> _88666_/RESET_B : -90.651688
[setup in-reg] rst_n -> _88667_/RESET_B : -90.651688
[setup in-reg] rst_n -> _88668_/RESET_B : -90.651688
[setup in-reg] rst_n -> _88669_/RESET_B : -90.651688
[setup in-reg] rst_n -> _88670_/RESET_B : -90.651688
[setup in-reg] rst_n -> _88671_/RESET_B : -90.651688
[setup in-reg] rst_n -> _88672_/RESET_B : -90.651688
[setup in-reg] rst_n -> _88673_/RESET_B : -90.651688
[setup in-reg] rst_n -> _88674_/RESET_B : -90.651688
[setup in-reg] rst_n -> _88675_/RESET_B : -90.651688
[setup in-reg] rst_n -> _88676_/RESET_B : -90.651688
[setup in-reg] rst_n -> _88677_/RESET_B : -90.651688
[setup in-reg] rst_n -> _88678_/RESET_B : -90.651688
[setup in-reg] rst_n -> _88679_/RESET_B : -90.651688
[setup in-reg] rst_n -> _88680_/RESET_B : -90.651688
[setup in-reg] rst_n -> _88681_/RESET_B : -90.651688
[setup in-reg] rst_n -> _88682_/RESET_B : -90.651688
[setup in-reg] rst_n -> _88683_/RESET_B : -90.651688
[setup in-reg] rst_n -> _88684_/RESET_B : -90.651688
[setup in-reg] rst_n -> _88685_/RESET_B : -90.651688
[setup in-reg] rst_n -> _88686_/RESET_B : -90.651688
[setup in-reg] rst_n -> _88687_/RESET_B : -90.651688
[setup in-reg] rst_n -> _88688_/RESET_B : -90.651688
[setup in-reg] rst_n -> _88689_/RESET_B : -90.651688
[setup in-reg] rst_n -> _88690_/RESET_B : -90.651688
[setup in-reg] rst_n -> _88691_/RESET_B : -90.651688
[setup in-reg] rst_n -> _88692_/RESET_B : -90.651688
[setup in-reg] rst_n -> _88693_/RESET_B : -90.651688
[setup in-reg] rst_n -> _88694_/RESET_B : -90.651688
[setup in-reg] rst_n -> _88695_/RESET_B : -90.651688
[setup in-reg] rst_n -> _88696_/RESET_B : -90.651688
[setup in-reg] rst_n -> _88697_/RESET_B : -90.651688
[setup in-reg] rst_n -> _88698_/RESET_B : -90.651688
[setup in-reg] rst_n -> _88699_/RESET_B : -90.651688
[setup in-reg] rst_n -> _88700_/RESET_B : -90.651688
[setup in-reg] rst_n -> _88701_/RESET_B : -90.651688
[setup in-reg] rst_n -> _88702_/RESET_B : -90.651688
[setup in-reg] rst_n -> _88703_/RESET_B : -90.651688
[setup in-reg] rst_n -> _88704_/RESET_B : -90.651688
[setup in-reg] rst_n -> _88705_/RESET_B : -90.651688
[setup in-reg] rst_n -> _88706_/RESET_B : -90.651688
[setup in-reg] rst_n -> _88707_/RESET_B : -90.651688
[setup in-reg] rst_n -> _88708_/RESET_B : -90.651688
[setup in-reg] rst_n -> _88709_/RESET_B : -90.651688
[setup in-reg] rst_n -> _88710_/RESET_B : -90.651688
[setup in-reg] rst_n -> _88711_/RESET_B : -90.651688
[setup in-reg] rst_n -> _88712_/RESET_B : -90.651688
[setup in-reg] rst_n -> _88713_/RESET_B : -90.651688
[setup in-reg] rst_n -> _88714_/RESET_B : -90.651688
[setup in-reg] rst_n -> _88715_/RESET_B : -90.651688
[setup in-reg] rst_n -> _88716_/RESET_B : -90.651688
[setup in-reg] rst_n -> _88717_/RESET_B : -90.651688
[setup in-reg] rst_n -> _88718_/RESET_B : -90.651688
[setup in-reg] rst_n -> _88719_/RESET_B : -90.651688
[setup in-reg] rst_n -> _88720_/RESET_B : -90.651688
[setup in-reg] rst_n -> _88721_/RESET_B : -90.651688
[setup in-reg] rst_n -> _88722_/RESET_B : -90.651688
[setup in-reg] rst_n -> _88723_/RESET_B : -90.651688
[setup in-reg] rst_n -> _88724_/RESET_B : -90.651688
[setup in-reg] rst_n -> _88725_/RESET_B : -90.651688
[setup in-reg] rst_n -> _88726_/RESET_B : -90.651688
[setup in-reg] rst_n -> _88727_/RESET_B : -90.651688
[setup in-reg] rst_n -> _88728_/RESET_B : -90.651688
[setup in-reg] rst_n -> _88729_/RESET_B : -90.651688
[setup in-reg] rst_n -> _88730_/RESET_B : -90.651688
[setup in-reg] rst_n -> _88731_/RESET_B : -90.651688
[setup in-reg] rst_n -> _88732_/RESET_B : -90.651688
[setup in-reg] rst_n -> _88733_/RESET_B : -90.651688
[setup in-reg] rst_n -> _88734_/RESET_B : -90.651688
[setup in-reg] rst_n -> _88735_/RESET_B : -90.651688
[setup in-reg] rst_n -> _88736_/RESET_B : -90.651688
[setup in-reg] rst_n -> _88737_/RESET_B : -90.651688
[setup in-reg] rst_n -> _88738_/RESET_B : -90.651688
[setup in-reg] rst_n -> _88739_/RESET_B : -90.651688
[setup in-reg] rst_n -> _88740_/RESET_B : -90.651688
[setup in-reg] rst_n -> _88741_/RESET_B : -90.651688
[setup in-reg] rst_n -> _88742_/RESET_B : -90.651688
[setup in-reg] rst_n -> _88743_/RESET_B : -90.651688
[setup in-reg] rst_n -> _88744_/RESET_B : -90.651688
[setup in-reg] rst_n -> _88745_/RESET_B : -90.651688
[setup in-reg] rst_n -> _88746_/RESET_B : -90.651688
[setup in-reg] rst_n -> _88747_/RESET_B : -90.651688
[setup in-reg] rst_n -> _88748_/RESET_B : -90.651688
[setup in-reg] rst_n -> _88749_/RESET_B : -90.651688
[setup in-reg] rst_n -> _88750_/RESET_B : -90.651688
[setup in-reg] rst_n -> _88751_/RESET_B : -90.651688
[setup in-reg] rst_n -> _88752_/RESET_B : -90.651688
[setup in-reg] rst_n -> _88753_/RESET_B : -90.651688
[setup in-reg] rst_n -> _88754_/RESET_B : -90.651688
[setup in-reg] rst_n -> _88755_/RESET_B : -90.651688
[setup in-reg] rst_n -> _88756_/RESET_B : -90.651688
[setup in-reg] rst_n -> _88757_/RESET_B : -90.651688
[setup in-reg] rst_n -> _88758_/RESET_B : -90.651688
[setup in-reg] rst_n -> _88759_/RESET_B : -90.651688
[setup in-reg] rst_n -> _88760_/RESET_B : -90.651688
[setup in-reg] rst_n -> _88761_/RESET_B : -90.651688
[setup in-reg] rst_n -> _88762_/RESET_B : -90.651688
[setup in-reg] rst_n -> _88763_/RESET_B : -90.651688
[setup in-reg] rst_n -> _88764_/RESET_B : -90.651688
[setup in-reg] rst_n -> _88765_/RESET_B : -90.651688
[setup in-reg] rst_n -> _88766_/RESET_B : -90.651688
[setup in-reg] rst_n -> _88767_/RESET_B : -90.651688
[setup in-reg] rst_n -> _88768_/RESET_B : -90.651688
[setup in-reg] rst_n -> _88769_/RESET_B : -90.651688
[setup in-reg] rst_n -> _88770_/RESET_B : -90.651688
[setup in-reg] rst_n -> _88771_/RESET_B : -90.651688
[setup in-reg] rst_n -> _88772_/RESET_B : -90.651688
[setup in-reg] rst_n -> _88773_/RESET_B : -90.651688
[setup in-reg] rst_n -> _88774_/RESET_B : -90.651688
[setup in-reg] rst_n -> _88775_/RESET_B : -90.651688
[setup in-reg] rst_n -> _88776_/RESET_B : -90.651688
[setup in-reg] rst_n -> _88777_/RESET_B : -90.651688
[setup in-reg] rst_n -> _88778_/RESET_B : -90.651688
[setup in-reg] rst_n -> _88779_/RESET_B : -90.651688
[setup in-reg] rst_n -> _88780_/RESET_B : -90.651688
[setup in-reg] rst_n -> _88781_/RESET_B : -90.651688
[setup in-reg] rst_n -> _88782_/RESET_B : -90.651688
[setup in-reg] rst_n -> _88783_/RESET_B : -90.651688
[setup in-reg] rst_n -> _88784_/RESET_B : -90.651688
[setup in-reg] rst_n -> _88785_/RESET_B : -90.651688
[setup in-reg] rst_n -> _88786_/RESET_B : -90.651688
[setup in-reg] rst_n -> _88787_/RESET_B : -90.651688
[setup in-reg] rst_n -> _88788_/RESET_B : -90.651688
[setup in-reg] rst_n -> _88789_/RESET_B : -90.651688
[setup in-reg] rst_n -> _88790_/RESET_B : -90.651688
[setup in-reg] rst_n -> _88791_/RESET_B : -90.651688
[setup in-reg] rst_n -> _88792_/RESET_B : -90.651688
[setup in-reg] rst_n -> _88793_/RESET_B : -90.651688
[setup in-reg] rst_n -> _88794_/RESET_B : -90.651688
[setup in-reg] rst_n -> _88795_/RESET_B : -90.651688
[setup in-reg] rst_n -> _88796_/RESET_B : -90.651688
[setup in-reg] rst_n -> _88797_/RESET_B : -90.651688
[setup in-reg] rst_n -> _88798_/RESET_B : -90.651688
[setup in-reg] rst_n -> _88799_/RESET_B : -90.651688
[setup in-reg] rst_n -> _88800_/RESET_B : -90.651688
[setup in-reg] rst_n -> _88801_/RESET_B : -90.651688
[setup in-reg] rst_n -> _88802_/RESET_B : -90.651688
[setup in-reg] rst_n -> _88803_/RESET_B : -90.651688
[setup in-reg] rst_n -> _88804_/RESET_B : -90.651688
[setup in-reg] rst_n -> _88805_/RESET_B : -90.651688
[setup in-reg] rst_n -> _88806_/RESET_B : -90.651688
[setup in-reg] rst_n -> _88807_/RESET_B : -90.651688
[setup in-reg] rst_n -> _88808_/RESET_B : -90.651688
[setup in-reg] rst_n -> _88809_/RESET_B : -90.651688
[setup in-reg] rst_n -> _88810_/RESET_B : -90.651688
[setup in-reg] rst_n -> _88811_/RESET_B : -90.651688
[setup in-reg] rst_n -> _88812_/RESET_B : -90.651688
[setup in-reg] rst_n -> _88813_/RESET_B : -90.651688
[setup in-reg] rst_n -> _88814_/RESET_B : -90.651688
[setup in-reg] rst_n -> _88815_/RESET_B : -90.651688
[setup in-reg] rst_n -> _88816_/RESET_B : -90.651688
[setup in-reg] rst_n -> _88817_/RESET_B : -90.651688
[setup in-reg] rst_n -> _88818_/RESET_B : -90.651688
[setup in-reg] rst_n -> _88819_/RESET_B : -90.651688
[setup in-reg] rst_n -> _88820_/RESET_B : -90.651688
[setup in-reg] rst_n -> _88821_/RESET_B : -90.651688
[setup in-reg] rst_n -> _88822_/RESET_B : -90.651688
[setup in-reg] rst_n -> _88823_/RESET_B : -90.651688
[setup in-reg] rst_n -> _88824_/RESET_B : -90.651688
[setup in-reg] rst_n -> _88825_/RESET_B : -90.651688
[setup in-reg] rst_n -> _88826_/RESET_B : -90.651688
[setup in-reg] rst_n -> _88827_/RESET_B : -90.651688
[setup in-reg] rst_n -> _88828_/RESET_B : -90.651688
[setup in-reg] rst_n -> _88829_/RESET_B : -90.651688
[setup in-reg] rst_n -> _88830_/RESET_B : -90.651688
[setup in-reg] rst_n -> _88831_/RESET_B : -90.651688
[setup in-reg] rst_n -> _88832_/RESET_B : -90.651688
[setup in-reg] rst_n -> _88833_/RESET_B : -90.651688
[setup in-reg] rst_n -> _88834_/RESET_B : -90.651688
[setup in-reg] rst_n -> _88835_/RESET_B : -90.651688
[setup in-reg] rst_n -> _88836_/RESET_B : -90.651688
[setup in-reg] rst_n -> _88837_/RESET_B : -90.651688
[setup in-reg] rst_n -> _88838_/RESET_B : -90.651688
[setup in-reg] rst_n -> _88839_/RESET_B : -90.651688
[setup in-reg] rst_n -> _88840_/RESET_B : -90.651688
[setup in-reg] rst_n -> _88841_/RESET_B : -90.651688
[setup in-reg] rst_n -> _88842_/RESET_B : -90.651688
[setup in-reg] rst_n -> _88843_/RESET_B : -90.651688
[setup in-reg] rst_n -> _88844_/RESET_B : -90.651688
[setup in-reg] rst_n -> _88845_/RESET_B : -90.651688
[setup in-reg] rst_n -> _88846_/RESET_B : -90.651688
[setup in-reg] rst_n -> _88847_/RESET_B : -90.651688
[setup in-reg] rst_n -> _88848_/RESET_B : -90.651688
[setup in-reg] rst_n -> _88849_/RESET_B : -90.651688
[setup in-reg] rst_n -> _88850_/RESET_B : -90.651688
[setup in-reg] rst_n -> _88851_/RESET_B : -90.651688
[setup in-reg] rst_n -> _88852_/RESET_B : -90.651688
[setup in-reg] rst_n -> _88853_/RESET_B : -90.651688
[setup in-reg] rst_n -> _88854_/RESET_B : -90.651688
[setup in-reg] rst_n -> _88855_/RESET_B : -90.651688
[setup in-reg] rst_n -> _88856_/RESET_B : -90.651688
[setup in-reg] rst_n -> _88857_/RESET_B : -90.651688
[setup in-reg] rst_n -> _88858_/RESET_B : -90.651688
[setup in-reg] rst_n -> _88859_/RESET_B : -90.651688
[setup in-reg] rst_n -> _88860_/RESET_B : -90.651688
[setup in-reg] rst_n -> _88861_/RESET_B : -90.651688
[setup in-reg] rst_n -> _88862_/RESET_B : -90.651688
[setup in-reg] rst_n -> _88863_/RESET_B : -90.651688
[setup in-reg] rst_n -> _88864_/RESET_B : -90.651688
[setup in-reg] rst_n -> _88865_/RESET_B : -90.651688
[setup in-reg] rst_n -> _88866_/RESET_B : -90.651688
[setup in-reg] rst_n -> _88867_/RESET_B : -90.651688
[setup in-reg] rst_n -> _88868_/RESET_B : -90.651688
[setup in-reg] rst_n -> _88869_/RESET_B : -90.651688
[setup in-reg] rst_n -> _88870_/RESET_B : -90.651688
[setup in-reg] rst_n -> _88871_/RESET_B : -90.651688
[setup in-reg] rst_n -> _88872_/RESET_B : -90.651688
[setup in-reg] rst_n -> _88873_/RESET_B : -90.651688
[setup in-reg] rst_n -> _88874_/RESET_B : -90.651688
[setup in-reg] rst_n -> _88875_/RESET_B : -90.651688
[setup in-reg] rst_n -> _88876_/RESET_B : -90.651688
[setup in-reg] rst_n -> _88877_/RESET_B : -90.651688
[setup in-reg] rst_n -> _88878_/RESET_B : -90.651688
[setup in-reg] rst_n -> _88879_/RESET_B : -90.651688
[setup in-reg] rst_n -> _88880_/RESET_B : -90.651688
[setup in-reg] rst_n -> _88881_/RESET_B : -90.651688
[setup in-reg] rst_n -> _88882_/RESET_B : -90.651688
[setup in-reg] rst_n -> _88883_/RESET_B : -90.651688
[setup in-reg] rst_n -> _88884_/RESET_B : -90.651688
[setup in-reg] rst_n -> _88885_/RESET_B : -90.651688
[setup in-reg] rst_n -> _88886_/RESET_B : -90.651688
[setup in-reg] rst_n -> _88887_/RESET_B : -90.651688
[setup in-reg] rst_n -> _88888_/RESET_B : -90.651688
[setup in-reg] rst_n -> _88889_/RESET_B : -90.651688
[setup in-reg] rst_n -> _88890_/RESET_B : -90.651688
[setup in-reg] rst_n -> _88891_/RESET_B : -90.651688
[setup in-reg] rst_n -> _88892_/RESET_B : -90.651688
[setup in-reg] rst_n -> _88893_/RESET_B : -90.651688
[setup in-reg] rst_n -> _88894_/RESET_B : -90.651688
[setup in-reg] rst_n -> _88895_/RESET_B : -90.651688
[setup in-reg] rst_n -> _88896_/RESET_B : -90.651688
[setup in-reg] rst_n -> _88897_/RESET_B : -90.651688
[setup in-reg] rst_n -> _88898_/RESET_B : -90.651688
[setup in-reg] rst_n -> _88899_/RESET_B : -90.651688
[setup in-reg] rst_n -> _88900_/RESET_B : -90.651688
[setup in-reg] rst_n -> _88901_/RESET_B : -90.651688
[setup in-reg] rst_n -> _88902_/RESET_B : -90.651688
[setup in-reg] rst_n -> _88903_/RESET_B : -90.651688
[setup in-reg] rst_n -> _88904_/RESET_B : -90.651688
[setup in-reg] rst_n -> _88905_/RESET_B : -90.651688
[setup in-reg] rst_n -> _88906_/RESET_B : -90.651688
[setup in-reg] rst_n -> _88907_/RESET_B : -90.651688
[setup in-reg] rst_n -> _88908_/RESET_B : -90.651688
[setup in-reg] rst_n -> _88909_/RESET_B : -90.651688
[setup in-reg] rst_n -> _88910_/RESET_B : -90.651688
[setup in-reg] rst_n -> _88911_/RESET_B : -90.651688
[setup in-reg] rst_n -> _88912_/RESET_B : -90.651688
[setup in-reg] rst_n -> _88913_/RESET_B : -90.651688
[setup in-reg] rst_n -> _88914_/RESET_B : -90.651688
[setup in-reg] rst_n -> _88915_/RESET_B : -90.651688
[setup in-reg] rst_n -> _88916_/RESET_B : -90.651688
[setup in-reg] rst_n -> _88917_/RESET_B : -90.651688
[setup in-reg] rst_n -> _88918_/RESET_B : -90.651688
[setup in-reg] rst_n -> _88919_/RESET_B : -90.651688
[setup in-reg] rst_n -> _88920_/RESET_B : -90.651688
[setup in-reg] rst_n -> _88921_/RESET_B : -90.651688
[setup in-reg] rst_n -> _88922_/RESET_B : -90.651688
[setup in-reg] rst_n -> _88923_/RESET_B : -90.651688
[setup in-reg] rst_n -> _88924_/RESET_B : -90.651688
[setup in-reg] rst_n -> _88925_/RESET_B : -90.651688
[setup in-reg] rst_n -> _88926_/RESET_B : -90.651688
[setup in-reg] rst_n -> _88927_/RESET_B : -90.651688
[setup in-reg] rst_n -> _88928_/RESET_B : -90.651688
[setup in-reg] rst_n -> _88929_/RESET_B : -90.651688
[setup in-reg] rst_n -> _88930_/RESET_B : -90.651688
[setup in-reg] rst_n -> _88931_/RESET_B : -90.651688
[setup in-reg] rst_n -> _88932_/RESET_B : -90.651688
[setup in-reg] rst_n -> _88933_/RESET_B : -90.651688
[setup in-reg] rst_n -> _88934_/RESET_B : -90.651688
[setup in-reg] rst_n -> _88935_/RESET_B : -90.651688
[setup in-reg] rst_n -> _88936_/RESET_B : -90.651688
[setup in-reg] rst_n -> _88937_/RESET_B : -90.651688
[setup in-reg] rst_n -> _88938_/RESET_B : -90.651688
[setup in-reg] rst_n -> _88939_/RESET_B : -90.651688
[setup in-reg] rst_n -> _88940_/RESET_B : -90.651688
[setup in-reg] rst_n -> _88941_/RESET_B : -90.651688
[setup in-reg] rst_n -> _88942_/RESET_B : -90.651688
[setup in-reg] rst_n -> _88943_/RESET_B : -90.651688
[setup in-reg] rst_n -> _88944_/RESET_B : -90.651688
[setup in-reg] rst_n -> _88945_/RESET_B : -90.651688
[setup in-reg] rst_n -> _88946_/RESET_B : -90.651688
[setup in-reg] rst_n -> _88947_/RESET_B : -90.651688
[setup in-reg] rst_n -> _88948_/RESET_B : -90.651688
[setup in-reg] rst_n -> _88949_/RESET_B : -90.651688
[setup in-reg] rst_n -> _88950_/RESET_B : -90.651688
[setup in-reg] rst_n -> _88951_/RESET_B : -90.651688
[setup in-reg] rst_n -> _88952_/RESET_B : -90.651688
[setup in-reg] rst_n -> _88953_/RESET_B : -90.651688
[setup in-reg] rst_n -> _88954_/RESET_B : -90.651688
[setup in-reg] rst_n -> _88955_/RESET_B : -90.651688
[setup in-reg] rst_n -> _88956_/RESET_B : -90.651688
[setup in-reg] rst_n -> _88957_/RESET_B : -90.651688
[setup in-reg] rst_n -> _88958_/RESET_B : -90.651688
[setup in-reg] rst_n -> _88959_/RESET_B : -90.651688
[setup in-reg] rst_n -> _88960_/RESET_B : -90.651688
[setup in-reg] rst_n -> _88961_/RESET_B : -90.651688
[setup in-reg] rst_n -> _88962_/RESET_B : -90.651688
[setup in-reg] rst_n -> _88963_/RESET_B : -90.651688
[setup in-reg] rst_n -> _88964_/RESET_B : -90.651688
[setup in-reg] rst_n -> _88965_/RESET_B : -90.651688
[setup in-reg] rst_n -> _88966_/RESET_B : -90.651688
[setup in-reg] rst_n -> _88967_/RESET_B : -90.651688
[setup in-reg] rst_n -> _88968_/RESET_B : -90.651688
[setup in-reg] rst_n -> _88969_/RESET_B : -90.651688
[setup in-reg] rst_n -> _88970_/RESET_B : -90.651688
[setup in-reg] rst_n -> _88971_/RESET_B : -90.651688
[setup in-reg] rst_n -> _88972_/RESET_B : -90.651688
[setup in-reg] rst_n -> _88973_/RESET_B : -90.651688
[setup in-reg] rst_n -> _88974_/RESET_B : -90.651688
[setup in-reg] rst_n -> _88975_/RESET_B : -90.651688
[setup in-reg] rst_n -> _88976_/RESET_B : -90.651688
[setup in-reg] rst_n -> _88977_/RESET_B : -90.651688
[setup in-reg] rst_n -> _88978_/RESET_B : -90.651688
[setup in-reg] rst_n -> _88979_/RESET_B : -90.651688
[setup in-reg] rst_n -> _88980_/RESET_B : -90.651688
[setup in-reg] rst_n -> _88981_/RESET_B : -90.651688
[setup in-reg] rst_n -> _88982_/RESET_B : -90.651688
[setup in-reg] rst_n -> _88983_/RESET_B : -90.651688
[setup in-reg] rst_n -> _88984_/RESET_B : -90.651688
[setup in-reg] rst_n -> _88985_/RESET_B : -90.651688
[setup in-reg] rst_n -> _88986_/RESET_B : -90.651688
[setup in-reg] rst_n -> _88987_/RESET_B : -90.651688
[setup in-reg] rst_n -> _88988_/RESET_B : -90.651688
[setup in-reg] rst_n -> _88989_/RESET_B : -90.651688
[setup in-reg] rst_n -> _88990_/RESET_B : -90.651688
[setup in-reg] rst_n -> _88991_/RESET_B : -90.651688
[setup in-reg] rst_n -> _88992_/RESET_B : -90.651688
[setup in-reg] rst_n -> _88993_/RESET_B : -90.651688
[setup in-reg] rst_n -> _88994_/RESET_B : -90.651688
[setup in-reg] rst_n -> _88995_/RESET_B : -90.651688
[setup in-reg] rst_n -> _88996_/RESET_B : -90.651688
[setup in-reg] rst_n -> _88997_/RESET_B : -90.651688
[setup in-reg] rst_n -> _88998_/RESET_B : -90.651688
[setup in-reg] rst_n -> _88999_/RESET_B : -90.651688
[setup in-reg] rst_n -> _89000_/RESET_B : -90.651688
[setup in-reg] rst_n -> _89001_/RESET_B : -90.651688
[setup in-reg] rst_n -> _89002_/RESET_B : -90.651688
[setup in-reg] rst_n -> _89003_/RESET_B : -90.651688
[setup in-reg] rst_n -> _89004_/RESET_B : -90.651688
[setup in-reg] rst_n -> _89005_/RESET_B : -90.651688
[setup in-reg] rst_n -> _89006_/RESET_B : -90.651688
[setup in-reg] rst_n -> _89007_/RESET_B : -90.651688
[setup in-reg] rst_n -> _89008_/RESET_B : -90.651688
[setup in-reg] rst_n -> _89009_/RESET_B : -90.651688
[setup in-reg] rst_n -> _89010_/RESET_B : -90.651688
[setup in-reg] rst_n -> _89011_/RESET_B : -90.651688
[setup in-reg] rst_n -> _89012_/RESET_B : -90.651688
[setup in-reg] rst_n -> _89013_/RESET_B : -90.651688
[setup in-reg] rst_n -> _89014_/RESET_B : -90.651688
[setup in-reg] rst_n -> _89015_/RESET_B : -90.651688
[setup in-reg] rst_n -> _89016_/RESET_B : -90.651688
[setup in-reg] rst_n -> _89017_/RESET_B : -90.651688
[setup in-reg] rst_n -> _89018_/RESET_B : -90.651688
[setup in-reg] rst_n -> _89019_/RESET_B : -90.651688
[setup in-reg] rst_n -> _89020_/RESET_B : -90.651688
[setup in-reg] rst_n -> _89021_/RESET_B : -90.651688
[setup in-reg] rst_n -> _89022_/RESET_B : -90.651688
[setup in-reg] rst_n -> _89023_/RESET_B : -90.651688
[setup in-reg] rst_n -> _89024_/RESET_B : -90.651688
[setup in-reg] rst_n -> _89025_/RESET_B : -90.651688
[setup in-reg] rst_n -> _89026_/RESET_B : -90.651688
[setup in-reg] rst_n -> _89027_/RESET_B : -90.651688
[setup in-reg] rst_n -> _89028_/RESET_B : -90.651688
[setup in-reg] rst_n -> _89029_/RESET_B : -90.651688
[setup in-reg] rst_n -> _89030_/RESET_B : -90.651688
[setup in-reg] rst_n -> _89031_/RESET_B : -90.651688
[setup in-reg] rst_n -> _89032_/RESET_B : -90.651688
[setup in-reg] rst_n -> _89033_/RESET_B : -90.651688
[setup in-reg] rst_n -> _89034_/RESET_B : -90.651688
[setup in-reg] rst_n -> _89035_/RESET_B : -90.651688
[setup in-reg] rst_n -> _89036_/RESET_B : -90.651688
[setup in-reg] rst_n -> _89037_/RESET_B : -90.651688
[setup in-reg] rst_n -> _89038_/RESET_B : -90.651688
[setup in-reg] rst_n -> _89039_/RESET_B : -90.651688
[setup in-reg] rst_n -> _89040_/RESET_B : -90.651688
[setup in-reg] rst_n -> _89041_/RESET_B : -90.651688
[setup in-reg] rst_n -> _89042_/RESET_B : -90.651688
[setup in-reg] rst_n -> _89043_/RESET_B : -90.651688
[setup in-reg] rst_n -> _89044_/RESET_B : -90.651688
[setup in-reg] rst_n -> _89045_/RESET_B : -90.651688
[setup in-reg] rst_n -> _89046_/RESET_B : -90.651688
[setup in-reg] rst_n -> _89047_/RESET_B : -90.651688
[setup in-reg] rst_n -> _89048_/RESET_B : -90.651688
[setup in-reg] rst_n -> _89049_/RESET_B : -90.651688
[setup in-reg] rst_n -> _89050_/RESET_B : -90.651688
[setup in-reg] rst_n -> _89051_/RESET_B : -90.651688
[setup in-reg] rst_n -> _89052_/RESET_B : -90.651688
[setup in-reg] rst_n -> _89053_/RESET_B : -90.651688
[setup in-reg] rst_n -> _89054_/RESET_B : -90.651688
[setup in-reg] rst_n -> _89055_/RESET_B : -90.651688
[setup in-reg] rst_n -> _89056_/RESET_B : -90.651688
[setup in-reg] rst_n -> _89057_/RESET_B : -90.651688
[setup in-reg] rst_n -> _89058_/RESET_B : -90.651688
[setup in-reg] rst_n -> _89059_/RESET_B : -90.651688
[setup in-reg] rst_n -> _89060_/RESET_B : -90.651688
[setup in-reg] rst_n -> _89061_/RESET_B : -90.651688
[setup in-reg] rst_n -> _89062_/RESET_B : -90.651688
[setup in-reg] rst_n -> _89063_/RESET_B : -90.651688
[setup in-reg] rst_n -> _89064_/RESET_B : -90.651688
[setup in-reg] rst_n -> _89065_/RESET_B : -90.651688
[setup in-reg] rst_n -> _89066_/RESET_B : -90.651688
[setup in-reg] rst_n -> _89067_/RESET_B : -90.651688
[setup in-reg] rst_n -> _89068_/RESET_B : -90.651688
[setup in-reg] rst_n -> _89069_/RESET_B : -90.651688
[setup in-reg] rst_n -> _89070_/RESET_B : -90.651688
[setup in-reg] rst_n -> _89071_/RESET_B : -90.651688
[setup in-reg] rst_n -> _89072_/RESET_B : -90.651688
[setup in-reg] rst_n -> _89073_/RESET_B : -90.651688
[setup in-reg] rst_n -> _89074_/RESET_B : -90.651688
[setup in-reg] rst_n -> _89075_/RESET_B : -90.651688
[setup in-reg] rst_n -> _89076_/RESET_B : -90.651688
[setup in-reg] rst_n -> _89077_/RESET_B : -90.651688
[setup in-reg] rst_n -> _89078_/RESET_B : -90.651688
[setup in-reg] rst_n -> _89079_/RESET_B : -90.651688
[setup in-reg] rst_n -> _89080_/RESET_B : -90.651688
[setup in-reg] rst_n -> _89081_/RESET_B : -90.651688
[setup in-reg] rst_n -> _89082_/RESET_B : -90.651688
[setup in-reg] rst_n -> _89083_/RESET_B : -90.651688
[setup in-reg] rst_n -> _89084_/RESET_B : -90.651688
[setup in-reg] rst_n -> _89085_/RESET_B : -90.651688
[setup in-reg] rst_n -> _89086_/RESET_B : -90.651688
[setup in-reg] rst_n -> _89087_/RESET_B : -90.651688
[setup in-reg] rst_n -> _89088_/RESET_B : -90.651688
[setup in-reg] rst_n -> _89089_/RESET_B : -90.651688
[setup in-reg] rst_n -> _89090_/RESET_B : -90.651688
[setup in-reg] rst_n -> _89091_/RESET_B : -90.651688
[setup in-reg] rst_n -> _89092_/RESET_B : -90.651688
[setup in-reg] rst_n -> _89093_/RESET_B : -90.651688
[setup in-reg] rst_n -> _89094_/RESET_B : -90.651688
[setup in-reg] rst_n -> _89095_/RESET_B : -90.651688
[setup in-reg] rst_n -> _89096_/RESET_B : -90.651688
[setup in-reg] rst_n -> _89097_/RESET_B : -90.651688
[setup in-reg] rst_n -> _89098_/RESET_B : -90.651688
[setup in-reg] rst_n -> _89099_/RESET_B : -90.651688
[setup in-reg] rst_n -> _89100_/RESET_B : -90.651688
[setup in-reg] rst_n -> _89101_/RESET_B : -90.651688
[setup in-reg] rst_n -> _89102_/RESET_B : -90.651688
[setup in-reg] rst_n -> _89103_/RESET_B : -90.651688
[setup in-reg] rst_n -> _89104_/RESET_B : -90.651688
[setup in-reg] rst_n -> _89105_/RESET_B : -90.651688
[setup in-reg] rst_n -> _89106_/RESET_B : -90.651688
[setup in-reg] rst_n -> _89107_/RESET_B : -90.651688
[setup in-reg] rst_n -> _89108_/RESET_B : -90.651688
[setup in-reg] rst_n -> _89109_/RESET_B : -90.651688
[setup in-reg] rst_n -> _89110_/RESET_B : -90.651688
[setup in-reg] rst_n -> _89111_/RESET_B : -90.651688
[setup in-reg] rst_n -> _89112_/RESET_B : -90.651688
[setup in-reg] rst_n -> _89113_/RESET_B : -90.651688
[setup in-reg] rst_n -> _89114_/RESET_B : -90.651688
[setup in-reg] rst_n -> _89115_/RESET_B : -90.651688
[setup in-reg] rst_n -> _89116_/RESET_B : -90.651688
[setup in-reg] rst_n -> _89117_/RESET_B : -90.651688
[setup in-reg] rst_n -> _89118_/RESET_B : -90.651688
[setup in-reg] rst_n -> _89119_/RESET_B : -90.651688
[setup in-reg] rst_n -> _89120_/RESET_B : -90.651688
[setup in-reg] rst_n -> _89121_/RESET_B : -90.651688
[setup in-reg] rst_n -> _89122_/RESET_B : -90.651688
[setup in-reg] rst_n -> _89123_/RESET_B : -90.651688
[setup in-reg] rst_n -> _89124_/RESET_B : -90.651688
[setup in-reg] rst_n -> _89125_/RESET_B : -90.651688
[setup in-reg] rst_n -> _89126_/RESET_B : -90.651688
[setup in-reg] rst_n -> _89127_/RESET_B : -90.651688
[setup in-reg] rst_n -> _89128_/RESET_B : -90.651688
[setup in-reg] rst_n -> _89129_/RESET_B : -90.651688
[setup in-reg] rst_n -> _89130_/RESET_B : -90.651688
[setup in-reg] rst_n -> _89131_/RESET_B : -90.651688
[setup in-reg] rst_n -> _89132_/RESET_B : -90.651688
[setup in-reg] rst_n -> _89133_/RESET_B : -90.651688
[setup in-reg] rst_n -> _89134_/RESET_B : -90.651688
[setup in-reg] rst_n -> _89135_/RESET_B : -90.651688
[setup in-reg] rst_n -> _89136_/RESET_B : -90.651688
[setup in-reg] rst_n -> _89137_/RESET_B : -90.651688
[setup in-reg] rst_n -> _89138_/RESET_B : -90.651688
[setup in-reg] rst_n -> _89139_/RESET_B : -90.651688
[setup in-reg] rst_n -> _89140_/RESET_B : -90.651688
[setup in-reg] rst_n -> _89141_/RESET_B : -90.651688
[setup in-reg] rst_n -> _89142_/RESET_B : -90.651688
[setup in-reg] rst_n -> _89143_/RESET_B : -90.651688
[setup in-reg] rst_n -> _89144_/RESET_B : -90.651688
[setup in-reg] rst_n -> _89145_/RESET_B : -90.651688
[setup in-reg] rst_n -> _89146_/RESET_B : -90.651688
[setup in-reg] rst_n -> _89147_/RESET_B : -90.651688
[setup in-reg] rst_n -> _89148_/RESET_B : -90.651688
[setup in-reg] rst_n -> _89149_/RESET_B : -90.651688
[setup in-reg] rst_n -> _89150_/RESET_B : -90.651688
[setup in-reg] rst_n -> _89151_/RESET_B : -90.651688
[setup in-reg] rst_n -> _89152_/RESET_B : -90.651688
[setup in-reg] rst_n -> _89153_/RESET_B : -90.651688
[setup in-reg] rst_n -> _89154_/RESET_B : -90.651688
[setup in-reg] rst_n -> _89155_/RESET_B : -90.651688
[setup in-reg] rst_n -> _89156_/RESET_B : -90.651688
[setup in-reg] rst_n -> _89157_/RESET_B : -90.651688
[setup in-reg] rst_n -> _89158_/RESET_B : -90.651688
[setup in-reg] rst_n -> _89159_/RESET_B : -90.651688
[setup in-reg] rst_n -> _89160_/RESET_B : -90.651688
[setup in-reg] rst_n -> _89161_/RESET_B : -90.651688
[setup in-reg] rst_n -> _89162_/RESET_B : -90.651688
[setup in-reg] rst_n -> _89163_/RESET_B : -90.651688
[setup in-reg] rst_n -> _89164_/RESET_B : -90.651688
[setup in-reg] rst_n -> _89165_/RESET_B : -90.651688
[setup in-reg] rst_n -> _89166_/RESET_B : -90.651688
[setup in-reg] rst_n -> _89167_/RESET_B : -90.651688
[setup in-reg] rst_n -> _89168_/RESET_B : -90.651688
[setup in-reg] rst_n -> _89169_/RESET_B : -90.651688
[setup in-reg] rst_n -> _89170_/RESET_B : -90.651688
[setup in-reg] rst_n -> _89171_/RESET_B : -90.651688
[setup in-reg] rst_n -> _89172_/RESET_B : -90.651688
[setup in-reg] rst_n -> _89173_/RESET_B : -90.651688
[setup in-reg] rst_n -> _89174_/RESET_B : -90.651688
[setup in-reg] rst_n -> _89175_/RESET_B : -90.651688
[setup in-reg] rst_n -> _89176_/RESET_B : -90.651688
[setup in-reg] rst_n -> _89177_/RESET_B : -90.651688
[setup in-reg] rst_n -> _89178_/RESET_B : -90.651688
[setup in-reg] rst_n -> _89179_/RESET_B : -90.651688
[setup in-reg] rst_n -> _89180_/RESET_B : -90.651688
[setup in-reg] rst_n -> _89181_/RESET_B : -90.651688
[setup in-reg] rst_n -> _89182_/RESET_B : -90.651688
[setup in-reg] rst_n -> _89183_/RESET_B : -90.651688
[setup in-reg] rst_n -> _89184_/RESET_B : -90.651688
[setup in-reg] rst_n -> _89185_/RESET_B : -90.651688
[setup in-reg] rst_n -> _89186_/RESET_B : -90.651688
[setup in-reg] rst_n -> _89187_/RESET_B : -90.651688
[setup in-reg] rst_n -> _89188_/RESET_B : -90.651688
[setup in-reg] rst_n -> _89189_/RESET_B : -90.651688
[setup in-reg] rst_n -> _89190_/RESET_B : -90.651688
[setup in-reg] rst_n -> _89191_/RESET_B : -90.651688
[setup in-reg] rst_n -> _89192_/RESET_B : -90.651688
[setup in-reg] rst_n -> _89193_/RESET_B : -90.651688
[setup in-reg] rst_n -> _89194_/RESET_B : -90.651688
[setup in-reg] rst_n -> _89195_/RESET_B : -90.651688
[setup in-reg] rst_n -> _89196_/RESET_B : -90.651688
[setup in-reg] rst_n -> _89197_/RESET_B : -90.651688
[setup in-reg] rst_n -> _89198_/RESET_B : -90.651688
[setup in-reg] rst_n -> _89199_/RESET_B : -90.651688
[setup in-reg] rst_n -> _89200_/RESET_B : -90.651688
[setup in-reg] rst_n -> _89201_/RESET_B : -90.651688
[setup in-reg] rst_n -> _89202_/RESET_B : -90.651688
[setup in-reg] rst_n -> _89203_/RESET_B : -90.651688
[setup in-reg] rst_n -> _89204_/RESET_B : -90.651688
[setup in-reg] rst_n -> _89205_/RESET_B : -90.651688
[setup in-reg] rst_n -> _89206_/RESET_B : -90.651688
[setup in-reg] rst_n -> _89207_/RESET_B : -90.651688
[setup in-reg] rst_n -> _89208_/RESET_B : -90.651688
[setup in-reg] rst_n -> _89209_/RESET_B : -90.651688
[setup in-reg] rst_n -> _89210_/RESET_B : -90.651688
[setup in-reg] rst_n -> _89211_/RESET_B : -90.651688
[setup in-reg] rst_n -> _89212_/RESET_B : -90.651688
[setup in-reg] rst_n -> _89213_/RESET_B : -90.651688
[setup in-reg] rst_n -> _89214_/RESET_B : -90.651688
[setup in-reg] rst_n -> _89215_/RESET_B : -90.651688
[setup in-reg] rst_n -> _89216_/RESET_B : -90.651688
[setup in-reg] rst_n -> _89217_/RESET_B : -90.651688
[setup in-reg] rst_n -> _89218_/RESET_B : -90.651688
[setup in-reg] rst_n -> _89219_/RESET_B : -90.651688
[setup in-reg] rst_n -> _89220_/RESET_B : -90.651688
[setup in-reg] rst_n -> _89221_/RESET_B : -90.651688
[setup in-reg] rst_n -> _89222_/RESET_B : -90.651688
[setup in-reg] rst_n -> _89223_/RESET_B : -90.651688
[setup in-reg] rst_n -> _89224_/RESET_B : -90.651688
[setup in-reg] rst_n -> _89225_/RESET_B : -90.651688
[setup in-reg] rst_n -> _89226_/RESET_B : -90.651688
[setup in-reg] rst_n -> _89227_/RESET_B : -90.651688
[setup in-reg] rst_n -> _89228_/RESET_B : -90.651688
[setup in-reg] rst_n -> _89229_/RESET_B : -90.651688
[setup in-reg] rst_n -> _89230_/RESET_B : -90.651688
[setup in-reg] rst_n -> _89231_/RESET_B : -90.651688
[setup in-reg] rst_n -> _89232_/RESET_B : -90.651688
[setup in-reg] rst_n -> _89233_/RESET_B : -90.651688
[setup in-reg] rst_n -> _89234_/RESET_B : -90.651688
[setup in-reg] rst_n -> _89235_/RESET_B : -90.651688
[setup in-reg] rst_n -> _89236_/RESET_B : -90.651688
[setup in-reg] rst_n -> _89237_/RESET_B : -90.651688
[setup in-reg] rst_n -> _89238_/RESET_B : -90.651688
[setup in-reg] rst_n -> _89239_/RESET_B : -90.651688
[setup in-reg] rst_n -> _89240_/RESET_B : -90.651688
[setup in-reg] rst_n -> _89241_/RESET_B : -90.651688
[setup in-reg] rst_n -> _89242_/RESET_B : -90.651688
[setup in-reg] rst_n -> _89243_/RESET_B : -90.651688
[setup in-reg] rst_n -> _89244_/RESET_B : -90.651688
[setup in-reg] rst_n -> _89245_/RESET_B : -90.651688
[setup in-reg] rst_n -> _89246_/RESET_B : -90.651688
[setup in-reg] rst_n -> _89247_/RESET_B : -90.651688
[setup in-reg] rst_n -> _89248_/RESET_B : -90.651688
[setup in-reg] rst_n -> _89249_/RESET_B : -90.651688
[setup in-reg] rst_n -> _89250_/RESET_B : -90.651688
[setup in-reg] rst_n -> _89251_/RESET_B : -90.651688
[setup in-reg] rst_n -> _89252_/RESET_B : -90.651688
[setup in-reg] rst_n -> _89253_/RESET_B : -90.651688
[setup in-reg] rst_n -> _89254_/RESET_B : -90.651688
[setup in-reg] rst_n -> _89255_/RESET_B : -90.651688
[setup in-reg] rst_n -> _89256_/RESET_B : -90.651688
[setup in-reg] rst_n -> _89257_/RESET_B : -90.651688
[setup in-reg] rst_n -> _89258_/RESET_B : -90.651688
[setup in-reg] rst_n -> _89259_/RESET_B : -90.651688
[setup in-reg] rst_n -> _89260_/RESET_B : -90.651688
[setup in-reg] rst_n -> _89261_/RESET_B : -90.651688
[setup in-reg] rst_n -> _89262_/RESET_B : -90.651688
[setup in-reg] rst_n -> _89263_/RESET_B : -90.651688
[setup in-reg] rst_n -> _89264_/RESET_B : -90.651688
[setup in-reg] rst_n -> _89265_/RESET_B : -90.651688
[setup in-reg] rst_n -> _89266_/RESET_B : -90.651688
[setup in-reg] rst_n -> _89267_/RESET_B : -90.651688
[setup in-reg] rst_n -> _89268_/RESET_B : -90.651688
[setup in-reg] rst_n -> _89269_/RESET_B : -90.651688
[setup in-reg] rst_n -> _89270_/RESET_B : -90.651688
[setup in-reg] rst_n -> _89271_/RESET_B : -90.651688
[setup in-reg] rst_n -> _89272_/RESET_B : -90.651688
[setup in-reg] rst_n -> _89273_/RESET_B : -90.651688
[setup in-reg] rst_n -> _89274_/RESET_B : -90.651688
[setup in-reg] rst_n -> _89275_/RESET_B : -90.651688
[setup in-reg] rst_n -> _89276_/RESET_B : -90.651688
[setup in-reg] rst_n -> _89277_/RESET_B : -90.651688
[setup in-reg] rst_n -> _89278_/RESET_B : -90.651688
[setup in-reg] rst_n -> _89279_/RESET_B : -90.651688
[setup in-reg] rst_n -> _89280_/RESET_B : -90.651688
[setup in-reg] rst_n -> _89281_/RESET_B : -90.651688
[setup in-reg] rst_n -> _89282_/RESET_B : -90.651688
[setup in-reg] rst_n -> _89283_/RESET_B : -90.651688
[setup in-reg] rst_n -> _89284_/RESET_B : -90.651688
[setup in-reg] rst_n -> _89285_/RESET_B : -90.651688
[setup in-reg] rst_n -> _89286_/RESET_B : -90.651688
[setup in-reg] rst_n -> _89287_/RESET_B : -90.651688
[setup in-reg] rst_n -> _89288_/RESET_B : -90.651688
[setup in-reg] rst_n -> _89289_/RESET_B : -90.651688
[setup in-reg] rst_n -> _89290_/RESET_B : -90.651688
[setup in-reg] rst_n -> _89291_/RESET_B : -90.651688
[setup in-reg] rst_n -> _89292_/RESET_B : -90.651688
[setup in-reg] rst_n -> _89293_/RESET_B : -90.651688
[setup in-reg] rst_n -> _89294_/RESET_B : -90.651688
[setup in-reg] rst_n -> _89295_/RESET_B : -90.651688
[setup in-reg] rst_n -> _89296_/RESET_B : -90.651688
[setup in-reg] rst_n -> _89297_/RESET_B : -90.651688
[setup in-reg] rst_n -> _89298_/RESET_B : -90.651688
[setup in-reg] rst_n -> _89299_/RESET_B : -90.651688
[setup in-reg] rst_n -> _89300_/RESET_B : -90.651688
[setup in-reg] rst_n -> _89301_/RESET_B : -90.651688
[setup in-reg] rst_n -> _89302_/RESET_B : -90.651688
[setup in-reg] rst_n -> _89303_/RESET_B : -90.651688
[setup in-reg] rst_n -> _89304_/RESET_B : -90.651688
[setup in-reg] rst_n -> _89305_/RESET_B : -90.651688
[setup in-reg] rst_n -> _89306_/RESET_B : -90.651688
[setup in-reg] rst_n -> _89307_/RESET_B : -90.651688
[setup in-reg] rst_n -> _89308_/RESET_B : -90.651688
[setup in-reg] rst_n -> _89309_/RESET_B : -90.651688
[setup in-reg] rst_n -> _89310_/RESET_B : -90.651688
[setup in-reg] rst_n -> _89311_/RESET_B : -90.651688
[setup in-reg] rst_n -> _89312_/RESET_B : -90.651688
[setup in-reg] rst_n -> _89313_/RESET_B : -90.651688
[setup in-reg] rst_n -> _89314_/RESET_B : -90.651688
[setup in-reg] rst_n -> _89315_/RESET_B : -90.651688
[setup in-reg] rst_n -> _89316_/RESET_B : -90.651688
[setup in-reg] rst_n -> _89317_/RESET_B : -90.651688
[setup in-reg] rst_n -> _89318_/RESET_B : -90.651688
[setup in-reg] rst_n -> _89319_/RESET_B : -90.651688
[setup in-reg] rst_n -> _89320_/RESET_B : -90.651688
[setup in-reg] rst_n -> _89321_/RESET_B : -90.651688
[setup in-reg] rst_n -> _89322_/RESET_B : -90.651688
[setup in-reg] rst_n -> _89323_/RESET_B : -90.651688
[setup in-reg] rst_n -> _89324_/RESET_B : -90.651688
[setup in-reg] rst_n -> _89325_/RESET_B : -90.651688
[setup in-reg] rst_n -> _89326_/RESET_B : -90.651688
[setup in-reg] rst_n -> _89327_/RESET_B : -90.651688
[setup in-reg] rst_n -> _89328_/RESET_B : -90.651688
[setup in-reg] rst_n -> _89329_/RESET_B : -90.651688
[setup in-reg] rst_n -> _89330_/RESET_B : -90.651688
[setup in-reg] rst_n -> _89331_/RESET_B : -90.651688
[setup in-reg] rst_n -> _89332_/RESET_B : -90.651688
[setup in-reg] rst_n -> _89333_/RESET_B : -90.651688
[setup in-reg] rst_n -> _89334_/RESET_B : -90.651688
[setup in-reg] rst_n -> _89335_/RESET_B : -90.651688
[setup in-reg] rst_n -> _89336_/RESET_B : -90.651688
[setup in-reg] rst_n -> _89337_/RESET_B : -90.651688
[setup in-reg] rst_n -> _89338_/RESET_B : -90.651688
[setup in-reg] rst_n -> _89339_/RESET_B : -90.651688
[setup in-reg] rst_n -> _89340_/RESET_B : -90.651688
[setup in-reg] rst_n -> _89341_/RESET_B : -90.651688
[setup in-reg] rst_n -> _89342_/RESET_B : -90.651688
[setup in-reg] rst_n -> _89343_/RESET_B : -90.651688
[setup in-reg] rst_n -> _89344_/RESET_B : -90.651688
[setup in-reg] rst_n -> _89345_/RESET_B : -90.651688
[setup in-reg] rst_n -> _89346_/RESET_B : -90.651688
[setup in-reg] rst_n -> _89347_/RESET_B : -90.651688
[setup in-reg] rst_n -> _89348_/RESET_B : -90.651688
[setup in-reg] rst_n -> _89349_/RESET_B : -90.651688
[setup in-reg] rst_n -> _89350_/RESET_B : -90.651688
[setup in-reg] rst_n -> _89351_/RESET_B : -90.651688
[setup in-reg] rst_n -> _89352_/RESET_B : -90.651688
[setup in-reg] rst_n -> _89353_/RESET_B : -90.651688
[setup in-reg] rst_n -> _89354_/RESET_B : -90.651688
[setup in-reg] rst_n -> _89355_/RESET_B : -90.651688
[setup in-reg] rst_n -> _89356_/RESET_B : -90.651688
[setup in-reg] rst_n -> _89357_/RESET_B : -90.651688
[setup in-reg] rst_n -> _89358_/RESET_B : -90.651688
[setup in-reg] rst_n -> _89359_/RESET_B : -90.651688
[setup in-reg] rst_n -> _89360_/RESET_B : -90.651688
[setup in-reg] rst_n -> _89361_/RESET_B : -90.651688
[setup in-reg] rst_n -> _89362_/RESET_B : -90.651688
[setup in-reg] rst_n -> _89363_/RESET_B : -90.651688
[setup in-reg] rst_n -> _89364_/RESET_B : -90.651688
[setup in-reg] rst_n -> _89365_/RESET_B : -90.651688
[setup in-reg] rst_n -> _89366_/RESET_B : -90.651688
[setup in-reg] rst_n -> _89367_/RESET_B : -90.651688
[setup in-reg] rst_n -> _89368_/RESET_B : -90.651688
[setup in-reg] rst_n -> _89369_/RESET_B : -90.651688
[setup in-reg] rst_n -> _89370_/RESET_B : -90.651688
[setup in-reg] rst_n -> _89371_/RESET_B : -90.651688
[setup in-reg] rst_n -> _89372_/RESET_B : -90.651688
[setup in-reg] rst_n -> _89373_/RESET_B : -90.651688
[setup in-reg] rst_n -> _89374_/RESET_B : -90.651688
[setup in-reg] rst_n -> _89375_/RESET_B : -90.651688
[setup in-reg] rst_n -> _89376_/RESET_B : -90.651688
[setup in-reg] rst_n -> _89377_/RESET_B : -90.651688
[setup in-reg] rst_n -> _89378_/RESET_B : -90.651688
[setup in-reg] rst_n -> _89379_/RESET_B : -90.651688
[setup in-reg] rst_n -> _89380_/RESET_B : -90.651688
[setup in-reg] rst_n -> _89381_/RESET_B : -90.651688
[setup in-reg] rst_n -> _89382_/RESET_B : -90.651688
[setup in-reg] rst_n -> _89383_/RESET_B : -90.651688
[setup in-reg] rst_n -> _89384_/RESET_B : -90.651688
[setup in-reg] rst_n -> _89385_/RESET_B : -90.651688
[setup in-reg] rst_n -> _89386_/RESET_B : -90.651688
[setup in-reg] rst_n -> _89387_/RESET_B : -90.651688
[setup in-reg] rst_n -> _89388_/RESET_B : -90.651688
[setup in-reg] rst_n -> _89389_/RESET_B : -90.651688
[setup in-reg] rst_n -> _89390_/RESET_B : -90.651688
[setup in-reg] rst_n -> _89391_/RESET_B : -90.651688
[setup in-reg] rst_n -> _89392_/RESET_B : -90.651688
[setup in-reg] rst_n -> _89393_/RESET_B : -90.651688
[setup in-reg] rst_n -> _89394_/RESET_B : -90.651688
[setup in-reg] rst_n -> _89395_/RESET_B : -90.651688
[setup in-reg] rst_n -> _89396_/RESET_B : -90.651688
[setup in-reg] rst_n -> _89397_/RESET_B : -90.651688
[setup in-reg] rst_n -> _89398_/RESET_B : -90.651688
[setup in-reg] rst_n -> _89399_/RESET_B : -90.651688
[setup in-reg] rst_n -> _89400_/RESET_B : -90.651688
[setup in-reg] rst_n -> _89401_/RESET_B : -90.651688
[setup in-reg] rst_n -> _89402_/RESET_B : -90.651688
[setup in-reg] rst_n -> _89403_/RESET_B : -90.651688
[setup in-reg] rst_n -> _89404_/RESET_B : -90.651688
[setup in-reg] rst_n -> _89405_/RESET_B : -90.651688
[setup in-reg] rst_n -> _89406_/RESET_B : -90.651688
[setup in-reg] rst_n -> _89407_/RESET_B : -90.651688
[setup in-reg] rst_n -> _89408_/RESET_B : -90.651688
[setup in-reg] rst_n -> _89409_/RESET_B : -90.651688
[setup in-reg] rst_n -> _89410_/RESET_B : -90.651688
[setup in-reg] rst_n -> _89411_/RESET_B : -90.651688
[setup in-reg] rst_n -> _89412_/RESET_B : -90.651688
[setup in-reg] rst_n -> _89413_/RESET_B : -90.651688
[setup in-reg] rst_n -> _89414_/RESET_B : -90.651688
[setup in-reg] rst_n -> _89415_/RESET_B : -90.651688
[setup in-reg] rst_n -> _89416_/RESET_B : -90.651688
[setup in-reg] rst_n -> _89417_/RESET_B : -90.651688
[setup in-reg] rst_n -> _89418_/RESET_B : -90.651688
[setup in-reg] rst_n -> _89419_/RESET_B : -90.651688
[setup in-reg] rst_n -> _89420_/RESET_B : -90.651688
[setup in-reg] rst_n -> _89421_/RESET_B : -90.651688
[setup in-reg] rst_n -> _89422_/RESET_B : -90.651688
[setup in-reg] rst_n -> _89423_/RESET_B : -90.651688
[setup in-reg] rst_n -> _89424_/RESET_B : -90.651688
[setup in-reg] rst_n -> _89425_/RESET_B : -90.651688
[setup in-reg] rst_n -> _89426_/RESET_B : -90.651688
[setup in-reg] rst_n -> _89427_/RESET_B : -90.651688
[setup in-reg] rst_n -> _89428_/RESET_B : -90.651688
[setup in-reg] rst_n -> _89429_/RESET_B : -90.651688
[setup in-reg] rst_n -> _89430_/RESET_B : -90.651688
[setup in-reg] rst_n -> _89431_/RESET_B : -90.651688
[setup in-reg] rst_n -> _89432_/RESET_B : -90.651688
[setup in-reg] rst_n -> _89433_/RESET_B : -90.651688
[setup in-reg] rst_n -> _89434_/RESET_B : -90.651688
[setup in-reg] rst_n -> _89435_/RESET_B : -90.651688
[setup in-reg] rst_n -> _89436_/RESET_B : -90.651688
[setup in-reg] rst_n -> _89437_/RESET_B : -90.651688
[setup in-reg] rst_n -> _89438_/RESET_B : -90.651688
[setup in-reg] rst_n -> _89439_/RESET_B : -90.651688
[setup in-reg] rst_n -> _89440_/RESET_B : -90.651688
[setup in-reg] rst_n -> _89441_/RESET_B : -90.651688
[setup in-reg] rst_n -> _89442_/RESET_B : -90.651688
[setup in-reg] rst_n -> _89443_/RESET_B : -90.651688
[setup in-reg] rst_n -> _89444_/RESET_B : -90.651688
[setup in-reg] rst_n -> _89445_/RESET_B : -90.651688
[setup in-reg] rst_n -> _89446_/RESET_B : -90.651688
[setup in-reg] rst_n -> _89447_/RESET_B : -90.651688
[setup in-reg] rst_n -> _89448_/RESET_B : -90.651688
[setup in-reg] rst_n -> _89449_/RESET_B : -90.651688
[setup in-reg] rst_n -> _89450_/RESET_B : -90.651688
[setup in-reg] rst_n -> _89451_/RESET_B : -90.651688
[setup in-reg] rst_n -> _89452_/RESET_B : -90.651688
[setup in-reg] rst_n -> _89453_/RESET_B : -90.651688
[setup in-reg] rst_n -> _89454_/RESET_B : -90.651688
[setup in-reg] rst_n -> _89455_/RESET_B : -90.651688
[setup in-reg] rst_n -> _89456_/RESET_B : -90.651688
[setup in-reg] rst_n -> _89457_/RESET_B : -90.651688
[setup in-reg] rst_n -> _89458_/RESET_B : -90.651688
[setup in-reg] rst_n -> _89459_/RESET_B : -90.651688
[setup in-reg] rst_n -> _89460_/RESET_B : -90.651688
[setup in-reg] rst_n -> _89461_/RESET_B : -90.651688
[setup in-reg] rst_n -> _89462_/RESET_B : -90.651688
[setup in-reg] rst_n -> _89463_/RESET_B : -90.651688
[setup in-reg] rst_n -> _89464_/RESET_B : -90.651688
[setup in-reg] rst_n -> _89465_/RESET_B : -90.651688
[setup in-reg] rst_n -> _89466_/RESET_B : -90.651688
[setup in-reg] rst_n -> _89467_/RESET_B : -90.651688
[setup in-reg] rst_n -> _89468_/RESET_B : -90.651688
[setup in-reg] rst_n -> _89469_/RESET_B : -90.651688
[setup in-reg] rst_n -> _89470_/RESET_B : -90.651688
[setup in-reg] rst_n -> _89471_/RESET_B : -90.651688
[setup in-reg] rst_n -> _89472_/RESET_B : -90.651688
[setup in-reg] rst_n -> _89473_/RESET_B : -90.651688
[setup in-reg] rst_n -> _89474_/RESET_B : -90.651688
[setup in-reg] rst_n -> _89475_/RESET_B : -90.651688
[setup in-reg] rst_n -> _89476_/RESET_B : -90.651688
[setup in-reg] rst_n -> _89477_/RESET_B : -90.651688
[setup in-reg] rst_n -> _89478_/RESET_B : -90.651688
[setup in-reg] rst_n -> _89479_/RESET_B : -90.651688
[setup in-reg] rst_n -> _89480_/RESET_B : -90.651688
[setup in-reg] rst_n -> _89481_/RESET_B : -90.651688
[setup in-reg] rst_n -> _89482_/RESET_B : -90.651688
[setup in-reg] rst_n -> _89483_/RESET_B : -90.651688
[setup in-reg] rst_n -> _89484_/RESET_B : -90.651688
[setup in-reg] rst_n -> _89485_/RESET_B : -90.651688
[setup in-reg] rst_n -> _89486_/RESET_B : -90.651688
[setup in-reg] rst_n -> _89487_/RESET_B : -90.651688
[setup in-reg] rst_n -> _89488_/RESET_B : -90.651688
[setup in-reg] rst_n -> _89489_/RESET_B : -90.651688
[setup in-reg] rst_n -> _89490_/RESET_B : -90.651688
[setup in-reg] rst_n -> _89491_/RESET_B : -90.651688
[setup in-reg] rst_n -> _89492_/RESET_B : -90.651688
[setup in-reg] rst_n -> _89493_/RESET_B : -90.651688
[setup in-reg] rst_n -> _89494_/RESET_B : -90.651688
[setup in-reg] rst_n -> _89495_/RESET_B : -90.651688
[setup in-reg] rst_n -> _89496_/RESET_B : -90.651688
[setup in-reg] rst_n -> _89497_/RESET_B : -90.651688
[setup in-reg] rst_n -> _89498_/RESET_B : -90.651688
[setup in-reg] rst_n -> _89499_/RESET_B : -90.651688
[setup in-reg] rst_n -> _89500_/RESET_B : -90.651688
[setup in-reg] rst_n -> _89501_/RESET_B : -90.651688
[setup in-reg] rst_n -> _89502_/RESET_B : -90.651688
[setup in-reg] rst_n -> _89503_/RESET_B : -90.651688
[setup in-reg] rst_n -> _89504_/RESET_B : -90.651688
[setup in-reg] rst_n -> _89505_/RESET_B : -90.651688
[setup in-reg] rst_n -> _89506_/RESET_B : -90.651688
[setup in-reg] rst_n -> _89507_/RESET_B : -90.651688
[setup in-reg] rst_n -> _89508_/RESET_B : -90.651688
[setup in-reg] rst_n -> _89509_/RESET_B : -90.651688
[setup in-reg] rst_n -> _89510_/RESET_B : -90.651688
[setup in-reg] rst_n -> _89511_/RESET_B : -90.651688
[setup in-reg] rst_n -> _89512_/RESET_B : -90.651688
[setup in-reg] rst_n -> _89513_/RESET_B : -90.651688
[setup in-reg] rst_n -> _89514_/RESET_B : -90.651688
[setup in-reg] rst_n -> _89515_/RESET_B : -90.651688
[setup in-reg] rst_n -> _89516_/RESET_B : -90.651688
[setup in-reg] rst_n -> _89517_/RESET_B : -90.651688
[setup in-reg] rst_n -> _89518_/RESET_B : -90.651688
[setup in-reg] rst_n -> _89519_/RESET_B : -90.651688
[setup in-reg] rst_n -> _89520_/RESET_B : -90.651688
[setup in-reg] rst_n -> _89521_/RESET_B : -90.651688
[setup in-reg] rst_n -> _89522_/RESET_B : -90.651688
[setup in-reg] rst_n -> _89523_/RESET_B : -90.651688
[setup in-reg] rst_n -> _89524_/RESET_B : -90.651688
[setup in-reg] rst_n -> _89525_/RESET_B : -90.651688
[setup in-reg] rst_n -> _89526_/RESET_B : -90.651688
[setup in-reg] rst_n -> _89527_/RESET_B : -90.651688
[setup in-reg] rst_n -> _89528_/RESET_B : -90.651688
[setup in-reg] rst_n -> _89529_/RESET_B : -90.651688
[setup in-reg] rst_n -> _89530_/RESET_B : -90.651688
[setup in-reg] rst_n -> _89531_/RESET_B : -90.651688
[setup in-reg] rst_n -> _89532_/RESET_B : -90.651688
[setup in-reg] rst_n -> _89533_/RESET_B : -90.651688
[setup in-reg] rst_n -> _89534_/RESET_B : -90.651688
[setup in-reg] rst_n -> _89535_/RESET_B : -90.651688
[setup in-reg] rst_n -> _89536_/RESET_B : -90.651688
[setup in-reg] rst_n -> _89537_/RESET_B : -90.651688
[setup in-reg] rst_n -> _89538_/RESET_B : -90.651688
[setup in-reg] rst_n -> _89539_/RESET_B : -90.651688
[setup in-reg] rst_n -> _89540_/RESET_B : -90.651688
[setup in-reg] rst_n -> _89541_/RESET_B : -90.651688
[setup in-reg] rst_n -> _89542_/RESET_B : -90.651688
[setup in-reg] rst_n -> _89543_/RESET_B : -90.651688
[setup in-reg] rst_n -> _89544_/RESET_B : -90.651688
[setup in-reg] rst_n -> _89545_/RESET_B : -90.651688
[setup in-reg] rst_n -> _89546_/RESET_B : -90.651688
[setup in-reg] rst_n -> _89547_/RESET_B : -90.651688
[setup in-reg] rst_n -> _89548_/RESET_B : -90.651688
[setup in-reg] rst_n -> _89549_/RESET_B : -90.651688
[setup in-reg] rst_n -> _89550_/RESET_B : -90.651688
[setup in-reg] rst_n -> _89551_/RESET_B : -90.651688
[setup in-reg] rst_n -> _89552_/RESET_B : -90.651688
[setup in-reg] rst_n -> _89553_/RESET_B : -90.651688
[setup in-reg] rst_n -> _89554_/RESET_B : -90.651688
[setup in-reg] rst_n -> _89555_/RESET_B : -90.651688
[setup in-reg] rst_n -> _89556_/RESET_B : -90.651688
[setup in-reg] rst_n -> _89557_/RESET_B : -90.651688
[setup in-reg] rst_n -> _89558_/RESET_B : -90.651688
[setup in-reg] rst_n -> _89559_/RESET_B : -90.651688
[setup in-reg] rst_n -> _89560_/RESET_B : -90.651688
[setup in-reg] rst_n -> _89561_/RESET_B : -90.651688
[setup in-reg] rst_n -> _89562_/RESET_B : -90.651688
[setup in-reg] rst_n -> _89563_/RESET_B : -90.651688
[setup in-reg] rst_n -> _89564_/RESET_B : -90.651688
[setup in-reg] rst_n -> _89565_/RESET_B : -90.651688
[setup in-reg] rst_n -> _89566_/RESET_B : -90.651688
[setup in-reg] rst_n -> _89567_/RESET_B : -90.651688
[setup in-reg] rst_n -> _89568_/RESET_B : -90.651688
[setup in-reg] rst_n -> _89569_/RESET_B : -90.651688
[setup in-reg] rst_n -> _89570_/RESET_B : -90.651688
[setup in-reg] rst_n -> _89571_/RESET_B : -90.651688
[setup in-reg] rst_n -> _89572_/RESET_B : -90.651688
[setup in-reg] rst_n -> _89573_/RESET_B : -90.651688
[setup in-reg] rst_n -> _89574_/RESET_B : -90.651688
[setup in-reg] rst_n -> _89575_/RESET_B : -90.651688
[setup in-reg] rst_n -> _89576_/RESET_B : -90.651688
[setup in-reg] rst_n -> _89577_/RESET_B : -90.651688
[setup in-reg] rst_n -> _89578_/RESET_B : -90.651688
[setup in-reg] rst_n -> _89579_/RESET_B : -90.651688
[setup in-reg] rst_n -> _89580_/RESET_B : -90.651688
[setup in-reg] rst_n -> _89581_/RESET_B : -90.651688
[setup in-reg] rst_n -> _89582_/RESET_B : -90.651688
[setup in-reg] rst_n -> _89583_/RESET_B : -90.651688
[setup in-reg] rst_n -> _89584_/RESET_B : -90.651688
[setup in-reg] rst_n -> _89585_/RESET_B : -90.651688
[setup in-reg] rst_n -> _89586_/RESET_B : -90.651688
[setup in-reg] rst_n -> _89587_/RESET_B : -90.651688
[setup in-reg] rst_n -> _89588_/RESET_B : -90.651688
[setup in-reg] rst_n -> _89589_/RESET_B : -90.651688
[setup in-reg] rst_n -> _89590_/RESET_B : -90.651688
[setup in-reg] rst_n -> _89591_/RESET_B : -90.651688
[setup in-reg] rst_n -> _89592_/RESET_B : -90.651688
[setup in-reg] rst_n -> _89593_/RESET_B : -90.651688
[setup in-reg] rst_n -> _89594_/RESET_B : -90.651688
[setup in-reg] rst_n -> _89595_/RESET_B : -90.651688
[setup in-reg] rst_n -> _89596_/RESET_B : -90.651688
[setup in-reg] rst_n -> _89597_/RESET_B : -90.651688
[setup in-reg] rst_n -> _89598_/RESET_B : -90.651688
[setup in-reg] rst_n -> _89599_/RESET_B : -90.651688
[setup in-reg] rst_n -> _89600_/RESET_B : -90.651688
[setup in-reg] rst_n -> _89601_/RESET_B : -90.651688
[setup in-reg] rst_n -> _89602_/RESET_B : -90.651688
[setup in-reg] rst_n -> _89603_/RESET_B : -90.651688
[setup in-reg] rst_n -> _89604_/RESET_B : -90.651688
[setup in-reg] rst_n -> _89605_/RESET_B : -90.651688
[setup in-reg] rst_n -> _89606_/RESET_B : -90.651688
[setup in-reg] rst_n -> _89607_/RESET_B : -90.651688
[setup in-reg] rst_n -> _89608_/RESET_B : -90.651688
[setup in-reg] rst_n -> _89609_/RESET_B : -90.651688
[setup in-reg] rst_n -> _89610_/RESET_B : -90.651688
[setup in-reg] rst_n -> _89611_/RESET_B : -90.651688
[setup in-reg] rst_n -> _89612_/RESET_B : -90.651688
[setup in-reg] rst_n -> _89613_/RESET_B : -90.651688
[setup in-reg] rst_n -> _89614_/RESET_B : -90.651688
[setup in-reg] rst_n -> _89615_/RESET_B : -90.651688
[setup in-reg] rst_n -> _89616_/RESET_B : -90.651688
[setup in-reg] rst_n -> _89617_/RESET_B : -90.651688
[setup in-reg] rst_n -> _89618_/RESET_B : -90.651688
[setup in-reg] rst_n -> _89619_/RESET_B : -90.651688
[setup in-reg] rst_n -> _89620_/RESET_B : -90.651688
[setup in-reg] rst_n -> _89621_/RESET_B : -90.651688
[setup in-reg] rst_n -> _89622_/RESET_B : -90.651688
[setup in-reg] rst_n -> _89623_/RESET_B : -90.651688
[setup in-reg] rst_n -> _89624_/RESET_B : -90.651688
[setup in-reg] rst_n -> _89625_/RESET_B : -90.651688
[setup in-reg] rst_n -> _89626_/RESET_B : -90.651688
[setup in-reg] rst_n -> _89627_/RESET_B : -90.651688
[setup in-reg] rst_n -> _89628_/RESET_B : -90.651688
[setup in-reg] rst_n -> _89629_/RESET_B : -90.651688
[setup in-reg] rst_n -> _89630_/RESET_B : -90.651688
[setup in-reg] rst_n -> _89631_/RESET_B : -90.651688
[setup in-reg] rst_n -> _89632_/RESET_B : -90.651688
[setup in-reg] rst_n -> _89633_/RESET_B : -90.651688
[setup in-reg] rst_n -> _89634_/RESET_B : -90.651688
[setup in-reg] rst_n -> _89635_/RESET_B : -90.651688
[setup in-reg] rst_n -> _89636_/RESET_B : -90.651688
[setup in-reg] rst_n -> _89637_/RESET_B : -90.651688
[setup in-reg] rst_n -> _89638_/RESET_B : -90.651688
[setup in-reg] rst_n -> _89639_/RESET_B : -90.651688
[setup in-reg] rst_n -> _89640_/RESET_B : -90.651688
[setup in-reg] rst_n -> _89641_/RESET_B : -90.651688
[setup in-reg] rst_n -> _89642_/RESET_B : -90.651688
[setup in-reg] rst_n -> _89643_/RESET_B : -90.651688
[setup in-reg] rst_n -> _89644_/RESET_B : -90.651688
[setup in-reg] rst_n -> _89645_/RESET_B : -90.651688
[setup in-reg] rst_n -> _89646_/RESET_B : -90.651688
[setup in-reg] rst_n -> _89647_/RESET_B : -90.651688
[setup in-reg] rst_n -> _89648_/RESET_B : -90.651688
[setup in-reg] rst_n -> _89649_/RESET_B : -90.651688
[setup in-reg] rst_n -> _89650_/RESET_B : -90.651688
[setup in-reg] rst_n -> _89651_/RESET_B : -90.651688
[setup in-reg] rst_n -> _89652_/RESET_B : -90.651688
[setup in-reg] rst_n -> _89653_/RESET_B : -90.651688
[setup in-reg] rst_n -> _89654_/RESET_B : -90.651688
[setup in-reg] rst_n -> _89655_/RESET_B : -90.651688
[setup in-reg] rst_n -> _89656_/RESET_B : -90.651688
[setup in-reg] rst_n -> _89657_/RESET_B : -90.651688
[setup in-reg] rst_n -> _89658_/RESET_B : -90.651688
[setup in-reg] rst_n -> _89659_/RESET_B : -90.651688
[setup in-reg] rst_n -> _89660_/RESET_B : -90.651688
[setup in-reg] rst_n -> _89661_/RESET_B : -90.651688
[setup in-reg] rst_n -> _89662_/RESET_B : -90.651688
[setup in-reg] rst_n -> _89663_/RESET_B : -90.651688
[setup in-reg] rst_n -> _89664_/RESET_B : -90.651688
[setup in-reg] rst_n -> _89665_/RESET_B : -90.651688
[setup in-reg] rst_n -> _89666_/RESET_B : -90.651688
[setup in-reg] rst_n -> _89667_/RESET_B : -90.651688
[setup in-reg] rst_n -> _89668_/RESET_B : -90.651688
[setup in-reg] rst_n -> _89669_/RESET_B : -90.651688
[setup in-reg] rst_n -> _89670_/RESET_B : -90.651688
[setup in-reg] rst_n -> _89671_/RESET_B : -90.651688
[setup in-reg] rst_n -> _89672_/RESET_B : -90.651688
[setup in-reg] rst_n -> _89673_/RESET_B : -90.651688
[setup in-reg] rst_n -> _89674_/RESET_B : -90.651688
[setup in-reg] rst_n -> _89675_/RESET_B : -90.651688
[setup in-reg] rst_n -> _89676_/RESET_B : -90.651688
[setup in-reg] rst_n -> _89677_/RESET_B : -90.651688
[setup in-reg] rst_n -> _89678_/RESET_B : -90.651688
[setup in-reg] rst_n -> _89679_/RESET_B : -90.651688
[setup in-reg] rst_n -> _89680_/RESET_B : -90.651688
[setup in-reg] rst_n -> _89681_/RESET_B : -90.651688
[setup in-reg] rst_n -> _89682_/RESET_B : -90.651688
[setup in-reg] rst_n -> _89683_/RESET_B : -90.651688
[setup in-reg] rst_n -> _89684_/RESET_B : -90.651688
[setup in-reg] rst_n -> _89685_/RESET_B : -90.651688
[setup in-reg] rst_n -> _89686_/RESET_B : -90.651688
[setup in-reg] rst_n -> _89687_/RESET_B : -90.651688
[setup in-reg] rst_n -> _89688_/RESET_B : -90.651688
[setup in-reg] rst_n -> _89689_/RESET_B : -90.651688
[setup in-reg] rst_n -> _89690_/RESET_B : -90.651688
[setup in-reg] rst_n -> _89691_/RESET_B : -90.651688
[setup in-reg] rst_n -> _89692_/RESET_B : -90.651688
[setup in-reg] rst_n -> _89693_/RESET_B : -90.651688
[setup in-reg] rst_n -> _89694_/RESET_B : -90.651688
[setup in-reg] rst_n -> _89695_/RESET_B : -90.651688
[setup in-reg] rst_n -> _89696_/RESET_B : -90.651688
[setup in-reg] rst_n -> _89697_/RESET_B : -90.651688
[setup in-reg] rst_n -> _89698_/RESET_B : -90.651688
[setup in-reg] rst_n -> _89699_/RESET_B : -90.651688
[setup in-reg] rst_n -> _89700_/RESET_B : -90.651688
[setup in-reg] rst_n -> _89701_/RESET_B : -90.651688
[setup in-reg] rst_n -> _89702_/RESET_B : -90.651688
[setup in-reg] rst_n -> _89703_/RESET_B : -90.651688
[setup in-reg] rst_n -> _89704_/RESET_B : -90.651688
[setup in-reg] rst_n -> _89705_/RESET_B : -90.651688
[setup in-reg] rst_n -> _89706_/RESET_B : -90.651688
[setup in-reg] rst_n -> _89707_/RESET_B : -90.651688
[setup in-reg] rst_n -> _89708_/RESET_B : -90.651688
[setup in-reg] rst_n -> _89709_/RESET_B : -90.651688
[setup in-reg] rst_n -> _89710_/RESET_B : -90.651688
[setup in-reg] rst_n -> _89711_/RESET_B : -90.651688
[setup in-reg] rst_n -> _89712_/RESET_B : -90.651688
[setup in-reg] rst_n -> _89713_/RESET_B : -90.651688
[setup in-reg] rst_n -> _89714_/RESET_B : -90.651688
[setup in-reg] rst_n -> _89715_/RESET_B : -90.651688
[setup in-reg] rst_n -> _89716_/RESET_B : -90.651688
[setup in-reg] rst_n -> _89717_/RESET_B : -90.651688
[setup in-reg] rst_n -> _89718_/RESET_B : -90.651688
[setup in-reg] rst_n -> _89719_/RESET_B : -90.651688
[setup in-reg] rst_n -> _89720_/RESET_B : -90.651688
[setup in-reg] rst_n -> _89721_/RESET_B : -90.651688
[setup in-reg] rst_n -> _89722_/RESET_B : -90.651688
[setup in-reg] rst_n -> _89723_/RESET_B : -90.651688
[setup in-reg] rst_n -> _89724_/RESET_B : -90.651688
[setup in-reg] rst_n -> _89725_/RESET_B : -90.651688
[setup in-reg] rst_n -> _89726_/RESET_B : -90.651688
[setup in-reg] rst_n -> _89727_/RESET_B : -90.651688
[setup in-reg] rst_n -> _89728_/RESET_B : -90.651688
[setup in-reg] rst_n -> _89729_/RESET_B : -90.651688
[setup in-reg] rst_n -> _89730_/RESET_B : -90.651688
[setup in-reg] rst_n -> _89731_/RESET_B : -90.651688
[setup in-reg] rst_n -> _89732_/RESET_B : -90.651688
[setup in-reg] rst_n -> _89733_/RESET_B : -90.651688
[setup in-reg] rst_n -> _89734_/RESET_B : -90.651688
[setup in-reg] rst_n -> _89735_/RESET_B : -90.651688
[setup in-reg] rst_n -> _89736_/RESET_B : -90.651688
[setup in-reg] rst_n -> _89737_/RESET_B : -90.651688
[setup in-reg] rst_n -> _89738_/RESET_B : -90.651688
[setup in-reg] rst_n -> _89739_/RESET_B : -90.651688
[setup in-reg] rst_n -> _89740_/RESET_B : -90.651688
[setup in-reg] rst_n -> _89741_/RESET_B : -90.651688
[setup in-reg] rst_n -> _89742_/RESET_B : -90.651688
[setup in-reg] rst_n -> _89743_/RESET_B : -90.651688
[setup in-reg] rst_n -> _89744_/RESET_B : -90.651688
[setup in-reg] rst_n -> _89745_/RESET_B : -90.651688
[setup in-reg] rst_n -> _89746_/RESET_B : -90.651688
[setup in-reg] rst_n -> _89747_/RESET_B : -90.651688
[setup in-reg] rst_n -> _89748_/RESET_B : -90.651688
[setup in-reg] rst_n -> _89749_/RESET_B : -90.651688
[setup in-reg] rst_n -> _89750_/RESET_B : -90.651688
[setup in-reg] rst_n -> _89751_/RESET_B : -90.651688
[setup in-reg] rst_n -> _89752_/RESET_B : -90.651688
[setup in-reg] rst_n -> _89753_/RESET_B : -90.651688
[setup in-reg] rst_n -> _89754_/RESET_B : -90.651688
[setup in-reg] rst_n -> _89755_/RESET_B : -90.651688
[setup in-reg] rst_n -> _89756_/RESET_B : -90.651688
[setup in-reg] rst_n -> _89757_/RESET_B : -90.651688
[setup in-reg] rst_n -> _89758_/RESET_B : -90.651688
[setup in-reg] rst_n -> _89759_/RESET_B : -90.651688
[setup in-reg] rst_n -> _89760_/RESET_B : -90.651688
[setup in-reg] rst_n -> _89761_/RESET_B : -90.651688
[setup in-reg] rst_n -> _89762_/RESET_B : -90.651688
[setup in-reg] rst_n -> _89763_/RESET_B : -90.651688
[setup in-reg] rst_n -> _89764_/RESET_B : -90.651688
[setup in-reg] rst_n -> _89765_/RESET_B : -90.651688
[setup in-reg] rst_n -> _89766_/RESET_B : -90.651688
[setup in-reg] rst_n -> _89767_/RESET_B : -90.651688
[setup in-reg] rst_n -> _89768_/RESET_B : -90.651688
[setup in-reg] rst_n -> _89769_/RESET_B : -90.651688
[setup in-reg] rst_n -> _89770_/RESET_B : -90.651688
[setup in-reg] rst_n -> _89771_/RESET_B : -90.651688
[setup in-reg] rst_n -> _89772_/RESET_B : -90.651688
[setup in-reg] rst_n -> _89773_/RESET_B : -90.651688
[setup in-reg] rst_n -> _89774_/RESET_B : -90.651688
[setup in-reg] rst_n -> _89775_/RESET_B : -90.651688
[setup in-reg] rst_n -> _89776_/RESET_B : -90.651688
[setup in-reg] rst_n -> _89777_/RESET_B : -90.651688
[setup in-reg] rst_n -> _89778_/RESET_B : -90.651688
[setup in-reg] rst_n -> _89779_/RESET_B : -90.651688
[setup in-reg] rst_n -> _89780_/RESET_B : -90.651688
[setup in-reg] rst_n -> _89781_/RESET_B : -90.651688
[setup in-reg] rst_n -> _89782_/RESET_B : -90.651688
[setup in-reg] rst_n -> _89783_/RESET_B : -90.651688
[setup in-reg] rst_n -> _89784_/RESET_B : -90.651688
[setup in-reg] rst_n -> _89785_/RESET_B : -90.651688
[setup in-reg] rst_n -> _89786_/RESET_B : -90.651688
[setup in-reg] rst_n -> _89787_/RESET_B : -90.651688
[setup in-reg] rst_n -> _89788_/RESET_B : -90.651688
[setup in-reg] rst_n -> _89789_/RESET_B : -90.651688
[setup in-reg] rst_n -> _89790_/RESET_B : -90.651688
[setup in-reg] rst_n -> _89791_/RESET_B : -90.651688
[setup in-reg] rst_n -> _89792_/RESET_B : -90.651688
[setup in-reg] rst_n -> _89793_/RESET_B : -90.651688
[setup in-reg] rst_n -> _89794_/RESET_B : -90.651688
[setup in-reg] rst_n -> _89795_/RESET_B : -90.651688
[setup in-reg] rst_n -> _89796_/RESET_B : -90.651688
[setup in-reg] rst_n -> _89797_/RESET_B : -90.651688
[setup in-reg] rst_n -> _89798_/RESET_B : -90.651688
[setup in-reg] rst_n -> _89799_/RESET_B : -90.651688
[setup in-reg] rst_n -> _89800_/RESET_B : -90.651688
[setup in-reg] rst_n -> _89801_/RESET_B : -90.651688
[setup in-reg] rst_n -> _89802_/RESET_B : -90.651688
[setup in-reg] rst_n -> _89803_/RESET_B : -90.651688
[setup in-reg] rst_n -> _89804_/RESET_B : -90.651688
[setup in-reg] rst_n -> _89805_/RESET_B : -90.651688
[setup in-reg] rst_n -> _89806_/RESET_B : -90.651688
[setup in-reg] rst_n -> _89807_/RESET_B : -90.651688
[setup in-reg] rst_n -> _89808_/RESET_B : -90.651688
[setup in-reg] rst_n -> _89809_/RESET_B : -90.651688
[setup in-reg] rst_n -> _89810_/RESET_B : -90.651688
[setup in-reg] rst_n -> _89811_/RESET_B : -90.651688
[setup in-reg] rst_n -> _89812_/RESET_B : -90.651688
[setup in-reg] rst_n -> _89813_/RESET_B : -90.651688
[setup in-reg] rst_n -> _89814_/RESET_B : -90.651688
[setup in-reg] rst_n -> _89815_/RESET_B : -90.651688
[setup in-reg] rst_n -> _89816_/RESET_B : -90.651688
[setup in-reg] rst_n -> _89817_/RESET_B : -90.651688
[setup in-reg] rst_n -> _89818_/RESET_B : -90.651688
[setup in-reg] rst_n -> _89819_/RESET_B : -90.651688
[setup in-reg] rst_n -> _89820_/RESET_B : -90.651688
[setup in-reg] rst_n -> _89821_/RESET_B : -90.651688
[setup in-reg] rst_n -> _89822_/RESET_B : -90.651688
[setup in-reg] rst_n -> _89823_/RESET_B : -90.651688
[setup in-reg] rst_n -> _89824_/RESET_B : -90.651688
[setup in-reg] rst_n -> _89825_/RESET_B : -90.651688
[setup in-reg] rst_n -> _89826_/RESET_B : -90.651688
[setup in-reg] rst_n -> _89827_/RESET_B : -90.651688
[setup in-reg] rst_n -> _89828_/RESET_B : -90.651688
[setup in-reg] rst_n -> _89829_/RESET_B : -90.651688
[setup in-reg] rst_n -> _89830_/RESET_B : -90.651688
[setup in-reg] rst_n -> _89831_/RESET_B : -90.651688
[setup in-reg] rst_n -> _89832_/RESET_B : -90.651688
[setup in-reg] rst_n -> _89833_/RESET_B : -90.651688
[setup in-reg] rst_n -> _89834_/RESET_B : -90.651688
[setup in-reg] rst_n -> _89835_/RESET_B : -90.651688
[setup in-reg] rst_n -> _89836_/RESET_B : -90.651688
[setup in-reg] rst_n -> _89837_/RESET_B : -90.651688
[setup in-reg] rst_n -> _89838_/RESET_B : -90.651688
[setup in-reg] rst_n -> _89839_/RESET_B : -90.651688
[setup in-reg] rst_n -> _89840_/RESET_B : -90.651688
[setup in-reg] rst_n -> _89841_/RESET_B : -90.651688
[setup in-reg] rst_n -> _89842_/RESET_B : -90.651688
[setup in-reg] rst_n -> _89843_/RESET_B : -90.651688
[setup in-reg] rst_n -> _89844_/RESET_B : -90.651688
[setup in-reg] rst_n -> _89845_/RESET_B : -90.651688
[setup in-reg] rst_n -> _89846_/RESET_B : -90.651688
[setup in-reg] rst_n -> _89847_/RESET_B : -90.651688
[setup in-reg] rst_n -> _89848_/RESET_B : -90.651688
[setup in-reg] rst_n -> _89849_/RESET_B : -90.651688
[setup in-reg] rst_n -> _89850_/RESET_B : -90.651688
[setup in-reg] rst_n -> _89851_/RESET_B : -90.651688
[setup in-reg] rst_n -> _89852_/RESET_B : -90.651688
[setup in-reg] rst_n -> _89853_/RESET_B : -90.651688
[setup in-reg] rst_n -> _89854_/RESET_B : -90.651688
[setup in-reg] rst_n -> _89855_/RESET_B : -90.651688
[setup in-reg] rst_n -> _89856_/RESET_B : -90.651688
[setup in-reg] rst_n -> _89857_/RESET_B : -90.651688
[setup in-reg] rst_n -> _89858_/RESET_B : -90.651688
[setup in-reg] rst_n -> _89859_/RESET_B : -90.651688
[setup in-reg] rst_n -> _89860_/RESET_B : -90.651688
[setup in-reg] rst_n -> _89861_/RESET_B : -90.651688
[setup in-reg] rst_n -> _89862_/RESET_B : -90.651688
[setup in-reg] rst_n -> _89863_/RESET_B : -90.651688
[setup in-reg] rst_n -> _89864_/RESET_B : -90.651688
[setup in-reg] rst_n -> _89865_/RESET_B : -90.651688
[setup in-reg] rst_n -> _89866_/RESET_B : -90.651688
[setup in-reg] rst_n -> _89867_/RESET_B : -90.651688
[setup in-reg] rst_n -> _89868_/RESET_B : -90.651688
[setup in-reg] rst_n -> _89869_/RESET_B : -90.651688
[setup in-reg] rst_n -> _89870_/RESET_B : -90.651688
[setup in-reg] rst_n -> _89871_/RESET_B : -90.651688
[setup in-reg] rst_n -> _89872_/RESET_B : -90.651688
[setup in-reg] rst_n -> _89873_/RESET_B : -90.651688
[setup in-reg] rst_n -> _89874_/RESET_B : -90.651688
[setup in-reg] rst_n -> _89875_/RESET_B : -90.651688
[setup in-reg] rst_n -> _89876_/RESET_B : -90.651688
[setup in-reg] rst_n -> _89877_/RESET_B : -90.651688
[setup in-reg] rst_n -> _89878_/RESET_B : -90.651688
[setup in-reg] rst_n -> _89879_/RESET_B : -90.651688
[setup in-reg] rst_n -> _89880_/RESET_B : -90.651688
[setup in-reg] rst_n -> _89881_/RESET_B : -90.651688
[setup in-reg] rst_n -> _89882_/RESET_B : -90.651688
[setup in-reg] rst_n -> _89883_/RESET_B : -90.651688
[setup in-reg] rst_n -> _89884_/RESET_B : -90.651688
[setup in-reg] rst_n -> _89885_/RESET_B : -90.651688
[setup in-reg] rst_n -> _89886_/RESET_B : -90.651688
[setup in-reg] rst_n -> _89887_/RESET_B : -90.651688
[setup in-reg] rst_n -> _89888_/RESET_B : -90.651688
[setup in-reg] rst_n -> _89889_/RESET_B : -90.651688
[setup in-reg] rst_n -> _89890_/RESET_B : -90.651688
[setup in-reg] rst_n -> _89891_/RESET_B : -90.651688
[setup in-reg] rst_n -> _89892_/RESET_B : -90.651688
[setup in-reg] rst_n -> _89893_/RESET_B : -90.651688
[setup in-reg] rst_n -> _89894_/RESET_B : -90.651688
[setup in-reg] rst_n -> _89895_/RESET_B : -90.651688
[setup in-reg] rst_n -> _89896_/RESET_B : -90.651688
[setup in-reg] rst_n -> _89897_/RESET_B : -90.651688
[setup in-reg] rst_n -> _89898_/RESET_B : -90.651688
[setup in-reg] rst_n -> _89899_/RESET_B : -90.651688
[setup in-reg] rst_n -> _89900_/RESET_B : -90.651688
[setup in-reg] rst_n -> _89901_/RESET_B : -90.651688
[setup in-reg] rst_n -> _89902_/RESET_B : -90.651688
[setup in-reg] rst_n -> _89903_/RESET_B : -90.651688
[setup in-reg] rst_n -> _89904_/RESET_B : -90.651688
[setup in-reg] rst_n -> _89905_/RESET_B : -90.651688
[setup in-reg] rst_n -> _89906_/RESET_B : -90.651688
[setup in-reg] rst_n -> _89907_/RESET_B : -90.651688
[setup in-reg] rst_n -> _89908_/RESET_B : -90.651688
[setup in-reg] rst_n -> _89909_/RESET_B : -90.651688
[setup in-reg] rst_n -> _89910_/RESET_B : -90.651688
[setup in-reg] rst_n -> _89911_/RESET_B : -90.651688
[setup in-reg] rst_n -> _89912_/RESET_B : -90.651688
[setup in-reg] rst_n -> _89913_/RESET_B : -90.651688
[setup in-reg] rst_n -> _89914_/RESET_B : -90.651688
[setup in-reg] rst_n -> _89915_/RESET_B : -90.651688
[setup in-reg] rst_n -> _89916_/RESET_B : -90.651688
[setup in-reg] rst_n -> _89917_/RESET_B : -90.651688
[setup in-reg] rst_n -> _89918_/RESET_B : -90.651688
[setup in-reg] rst_n -> _89919_/RESET_B : -90.651688
[setup in-reg] rst_n -> _89920_/RESET_B : -90.651688
[setup in-reg] rst_n -> _89921_/RESET_B : -90.651688
[setup in-reg] rst_n -> _89922_/RESET_B : -90.651688
[setup in-reg] rst_n -> _89923_/RESET_B : -90.651688
[setup in-reg] rst_n -> _89924_/RESET_B : -90.651688
[setup in-reg] rst_n -> _89925_/RESET_B : -90.651688
[setup in-reg] rst_n -> _89926_/RESET_B : -90.651688
[setup in-reg] rst_n -> _89927_/RESET_B : -90.651688
[setup in-reg] rst_n -> _89928_/RESET_B : -90.651688
[setup in-reg] rst_n -> _89929_/RESET_B : -90.651688
[setup in-reg] rst_n -> _89930_/RESET_B : -90.651688
[setup in-reg] rst_n -> _89931_/RESET_B : -90.651688
[setup in-reg] rst_n -> _89932_/RESET_B : -90.651688
[setup in-reg] rst_n -> _89933_/RESET_B : -90.651688
[setup in-reg] rst_n -> _89934_/RESET_B : -90.651688
[setup in-reg] rst_n -> _89935_/RESET_B : -90.651688
[setup in-reg] rst_n -> _89936_/RESET_B : -90.651688
[setup in-reg] rst_n -> _89937_/RESET_B : -90.651688
[setup in-reg] rst_n -> _89938_/RESET_B : -90.651688
[setup in-reg] rst_n -> _89939_/RESET_B : -90.651688
[setup in-reg] rst_n -> _89940_/RESET_B : -90.651688
[setup in-reg] rst_n -> _89941_/RESET_B : -90.651688
[setup in-reg] rst_n -> _89942_/RESET_B : -90.651688
[setup in-reg] rst_n -> _89943_/RESET_B : -90.651688
[setup in-reg] rst_n -> _89944_/RESET_B : -90.651688
[setup in-reg] rst_n -> _89945_/RESET_B : -90.651688
[setup in-reg] rst_n -> _89946_/RESET_B : -90.651688
[setup in-reg] rst_n -> _89947_/RESET_B : -90.651688
[setup in-reg] rst_n -> _89948_/RESET_B : -90.651688
[setup in-reg] rst_n -> _89949_/RESET_B : -90.651688
[setup in-reg] rst_n -> _89950_/RESET_B : -90.651688
[setup in-reg] rst_n -> _89951_/RESET_B : -90.651688
[setup in-reg] rst_n -> _89952_/RESET_B : -90.651688
[setup in-reg] rst_n -> _89953_/RESET_B : -90.651688
[setup in-reg] rst_n -> _89954_/RESET_B : -90.651688
[setup in-reg] rst_n -> _89955_/RESET_B : -90.651688
[setup in-reg] rst_n -> _89956_/RESET_B : -90.651688
[setup in-reg] rst_n -> _89957_/RESET_B : -90.651688
[setup in-reg] rst_n -> _89958_/RESET_B : -90.651688
[setup in-reg] rst_n -> _89959_/RESET_B : -90.651688
[setup in-reg] rst_n -> _89960_/RESET_B : -90.651688
[setup in-reg] rst_n -> _89961_/RESET_B : -90.651688
[setup in-reg] rst_n -> _89962_/RESET_B : -90.651688
[setup in-reg] rst_n -> _89963_/RESET_B : -90.651688
[setup in-reg] rst_n -> _89964_/RESET_B : -90.651688
[setup in-reg] rst_n -> _89965_/RESET_B : -90.651688
[setup in-reg] rst_n -> _89966_/RESET_B : -90.651688
[setup in-reg] rst_n -> _89967_/RESET_B : -90.651688
[setup in-reg] rst_n -> _89968_/RESET_B : -90.651688
[setup in-reg] rst_n -> _89969_/RESET_B : -90.651688
[setup in-reg] rst_n -> _89970_/RESET_B : -90.651688
[setup in-reg] rst_n -> _89971_/RESET_B : -90.651688
[setup in-reg] rst_n -> _89972_/RESET_B : -90.651688
[setup in-reg] rst_n -> _89973_/RESET_B : -90.651688
[setup in-reg] rst_n -> _89974_/RESET_B : -90.651688
[setup in-reg] rst_n -> _89975_/RESET_B : -90.651688
[setup in-reg] rst_n -> _89976_/RESET_B : -90.651688
[setup in-reg] rst_n -> _89977_/RESET_B : -90.651688
[setup in-reg] rst_n -> _89978_/RESET_B : -90.651688
[setup in-reg] rst_n -> _89979_/RESET_B : -90.651688
[setup in-reg] rst_n -> _89980_/RESET_B : -90.651688
[setup in-reg] rst_n -> _89981_/RESET_B : -90.651688
[setup in-reg] rst_n -> _89982_/RESET_B : -90.651688
[setup in-reg] rst_n -> _89983_/RESET_B : -90.651688
[setup in-reg] rst_n -> _89984_/RESET_B : -90.651688
[setup in-reg] rst_n -> _89985_/RESET_B : -90.651688
[setup in-reg] rst_n -> _89986_/RESET_B : -90.651688
[setup in-reg] rst_n -> _89987_/RESET_B : -90.651688
[setup in-reg] rst_n -> _89988_/RESET_B : -90.651688
[setup in-reg] rst_n -> _89989_/RESET_B : -90.651688
[setup in-reg] rst_n -> _89990_/RESET_B : -90.651688
[setup in-reg] rst_n -> _89991_/RESET_B : -90.651688
[setup in-reg] rst_n -> _89992_/RESET_B : -90.651688
[setup in-reg] rst_n -> _89993_/RESET_B : -90.651688
[setup in-reg] rst_n -> _89994_/RESET_B : -90.651688
[setup in-reg] rst_n -> _89995_/RESET_B : -90.651688
[setup in-reg] rst_n -> _89996_/RESET_B : -90.651688
[setup in-reg] rst_n -> _89997_/RESET_B : -90.651688
[setup in-reg] rst_n -> _89998_/RESET_B : -90.651688
[setup in-reg] rst_n -> _89999_/RESET_B : -90.651688
[setup in-reg] rst_n -> _90000_/RESET_B : -90.651688
[setup in-reg] rst_n -> _90001_/RESET_B : -90.651688
[setup in-reg] rst_n -> _90002_/RESET_B : -90.651688
[setup in-reg] rst_n -> _90003_/RESET_B : -90.651688
[setup in-reg] rst_n -> _90004_/RESET_B : -90.651688
[setup in-reg] rst_n -> _90005_/RESET_B : -90.651688
[setup in-reg] rst_n -> _90006_/RESET_B : -90.651688
[setup in-reg] rst_n -> _90007_/RESET_B : -90.651688
[setup in-reg] rst_n -> _90008_/RESET_B : -90.651688
[setup in-reg] rst_n -> _90009_/RESET_B : -90.651688
[setup in-reg] rst_n -> _90010_/RESET_B : -90.651688
[setup in-reg] rst_n -> _90011_/RESET_B : -90.651688
[setup in-reg] rst_n -> _90012_/RESET_B : -90.651688
[setup in-reg] rst_n -> _90013_/RESET_B : -90.651688
[setup in-reg] rst_n -> _90014_/RESET_B : -90.651688
[setup in-reg] rst_n -> _90015_/RESET_B : -90.651688
[setup in-reg] rst_n -> _90016_/RESET_B : -90.651688
[setup in-reg] rst_n -> _90017_/RESET_B : -90.651688
[setup in-reg] rst_n -> _90018_/RESET_B : -90.651688
[setup in-reg] rst_n -> _90019_/RESET_B : -90.651688
[setup in-reg] rst_n -> _90020_/RESET_B : -90.651688
[setup in-reg] rst_n -> _90021_/RESET_B : -90.651688
[setup in-reg] rst_n -> _90022_/RESET_B : -90.651688
[setup in-reg] rst_n -> _90023_/RESET_B : -90.651688
[setup in-reg] rst_n -> _90024_/RESET_B : -90.651688
[setup in-reg] rst_n -> _90025_/RESET_B : -90.651688
[setup in-reg] rst_n -> _90026_/RESET_B : -90.651688
[setup in-reg] rst_n -> _90027_/RESET_B : -90.651688
[setup in-reg] rst_n -> _90028_/RESET_B : -90.651688
[setup in-reg] rst_n -> _90029_/RESET_B : -90.651688
[setup in-reg] rst_n -> _90030_/RESET_B : -90.651688
[setup in-reg] rst_n -> _90031_/RESET_B : -90.651688
[setup in-reg] rst_n -> _90032_/RESET_B : -90.651688
[setup in-reg] rst_n -> _90033_/RESET_B : -90.651688
[setup in-reg] rst_n -> _90034_/RESET_B : -90.651688
[setup in-reg] rst_n -> _90035_/RESET_B : -90.651688
[setup in-reg] rst_n -> _90036_/RESET_B : -90.651688
[setup in-reg] rst_n -> _90037_/RESET_B : -90.651688
[setup in-reg] rst_n -> _90038_/RESET_B : -90.651688
[setup in-reg] rst_n -> _90039_/RESET_B : -90.651688
[setup in-reg] rst_n -> _90040_/RESET_B : -90.651688
[setup in-reg] rst_n -> _90041_/RESET_B : -90.651688
[setup in-reg] rst_n -> _90042_/RESET_B : -90.651688
[setup in-reg] rst_n -> _90043_/RESET_B : -90.651688
[setup in-reg] rst_n -> _90044_/RESET_B : -90.651688
[setup in-reg] rst_n -> _90045_/RESET_B : -90.651688
[setup in-reg] rst_n -> _90046_/RESET_B : -90.651688
[setup in-reg] rst_n -> _90047_/RESET_B : -90.651688
[setup in-reg] rst_n -> _90048_/RESET_B : -90.651688
[setup in-reg] rst_n -> _90049_/RESET_B : -90.651688
[setup in-reg] rst_n -> _90050_/RESET_B : -90.651688
[setup in-reg] rst_n -> _90051_/RESET_B : -90.651688
[setup in-reg] rst_n -> _90052_/RESET_B : -90.651688
[setup in-reg] rst_n -> _90053_/RESET_B : -90.651688
[setup in-reg] rst_n -> _90054_/RESET_B : -90.651688
[setup in-reg] rst_n -> _90055_/RESET_B : -90.651688
[setup in-reg] rst_n -> _90056_/RESET_B : -90.651688
[setup in-reg] rst_n -> _90057_/RESET_B : -90.651688
[setup in-reg] rst_n -> _90058_/RESET_B : -90.651688
[setup in-reg] rst_n -> _90059_/RESET_B : -90.651688
[setup in-reg] rst_n -> _90060_/RESET_B : -90.651688
[setup in-reg] rst_n -> _90061_/RESET_B : -90.651688
[setup in-reg] rst_n -> _90062_/RESET_B : -90.651688
[setup in-reg] rst_n -> _90063_/RESET_B : -90.651688
[setup in-reg] rst_n -> _90064_/RESET_B : -90.651688
[setup in-reg] rst_n -> _90065_/RESET_B : -90.651688
[setup in-reg] rst_n -> _90066_/RESET_B : -90.651688
[setup in-reg] rst_n -> _90067_/RESET_B : -90.651688
[setup in-reg] rst_n -> _90068_/RESET_B : -90.651688
[setup in-reg] rst_n -> _90069_/RESET_B : -90.651688
[setup in-reg] rst_n -> _90070_/RESET_B : -90.651688
[setup in-reg] rst_n -> _90071_/RESET_B : -90.651688
[setup in-reg] rst_n -> _90072_/RESET_B : -90.651688
[setup in-reg] rst_n -> _90073_/RESET_B : -90.651688
[setup in-reg] rst_n -> _90074_/RESET_B : -90.651688
[setup in-reg] rst_n -> _90075_/RESET_B : -90.651688
[setup in-reg] rst_n -> _90076_/RESET_B : -90.651688
[setup in-reg] rst_n -> _90077_/RESET_B : -90.651688
[setup in-reg] rst_n -> _90078_/RESET_B : -90.651688
[setup in-reg] rst_n -> _90079_/RESET_B : -90.651688
[setup in-reg] rst_n -> _90080_/RESET_B : -90.651688
[setup in-reg] rst_n -> _90081_/RESET_B : -90.651688
[setup in-reg] rst_n -> _90082_/RESET_B : -90.651688
[setup in-reg] rst_n -> _90083_/RESET_B : -90.651688
[setup in-reg] rst_n -> _90084_/RESET_B : -90.651688
[setup in-reg] rst_n -> _90085_/RESET_B : -90.651688
[setup in-reg] rst_n -> _90086_/RESET_B : -90.651688
[setup in-reg] rst_n -> _90087_/RESET_B : -90.651688
[setup in-reg] rst_n -> _90088_/RESET_B : -90.651688
[setup in-reg] rst_n -> _90089_/RESET_B : -90.651688
[setup in-reg] rst_n -> _90090_/RESET_B : -90.651688
[setup in-reg] rst_n -> _90091_/RESET_B : -90.651688
[setup in-reg] rst_n -> _90092_/RESET_B : -90.651688
[setup in-reg] rst_n -> _90093_/RESET_B : -90.651688
[setup in-reg] rst_n -> _90094_/RESET_B : -90.651688
[setup in-reg] rst_n -> _90095_/RESET_B : -90.651688
[setup in-reg] rst_n -> _90096_/RESET_B : -90.651688
[setup in-reg] rst_n -> _90097_/RESET_B : -90.651688
[setup in-reg] rst_n -> _90098_/RESET_B : -90.651688
[setup in-reg] rst_n -> _90099_/RESET_B : -90.651688
[setup in-reg] rst_n -> _90100_/RESET_B : -90.651688
[setup in-reg] rst_n -> _90101_/RESET_B : -90.651688
[setup in-reg] rst_n -> _90102_/RESET_B : -90.651688
[setup in-reg] rst_n -> _90103_/RESET_B : -90.651688
[setup in-reg] rst_n -> _90104_/RESET_B : -90.651688
[setup in-reg] rst_n -> _90105_/RESET_B : -90.651688
[setup in-reg] rst_n -> _90106_/RESET_B : -90.651688
[setup in-reg] rst_n -> _90107_/RESET_B : -90.651688
[setup in-reg] rst_n -> _90108_/RESET_B : -90.651688
[setup in-reg] rst_n -> _90109_/RESET_B : -90.651688
[setup in-reg] rst_n -> _90110_/RESET_B : -90.651688
[setup in-reg] rst_n -> _90111_/RESET_B : -90.651688
[setup in-reg] rst_n -> _90112_/RESET_B : -90.651688
[setup in-reg] rst_n -> _90113_/RESET_B : -90.651688
[setup in-reg] rst_n -> _90114_/RESET_B : -90.651688
[setup in-reg] rst_n -> _90115_/RESET_B : -90.651688
[setup in-reg] rst_n -> _90116_/RESET_B : -90.651688
[setup in-reg] rst_n -> _90117_/RESET_B : -90.651688
[setup in-reg] rst_n -> _90118_/RESET_B : -90.651688
[setup in-reg] rst_n -> _90119_/RESET_B : -90.651688
[setup in-reg] rst_n -> _90120_/RESET_B : -90.651688
[setup in-reg] rst_n -> _90121_/RESET_B : -90.651688
[setup in-reg] rst_n -> _90122_/RESET_B : -90.651688
[setup in-reg] rst_n -> _90123_/RESET_B : -90.651688
[setup in-reg] rst_n -> _90124_/RESET_B : -90.651688
[setup in-reg] rst_n -> _90125_/RESET_B : -90.651688
[setup in-reg] rst_n -> _90126_/RESET_B : -90.651688
[setup in-reg] rst_n -> _90127_/RESET_B : -90.651688
[setup in-reg] rst_n -> _90128_/RESET_B : -90.651688
[setup in-reg] rst_n -> _90129_/RESET_B : -90.651688
[setup in-reg] rst_n -> _90130_/RESET_B : -90.651688
[setup in-reg] rst_n -> _90131_/RESET_B : -90.651688
[setup in-reg] rst_n -> _90132_/RESET_B : -90.651688
[setup in-reg] rst_n -> _90133_/RESET_B : -90.651688
[setup in-reg] rst_n -> _90134_/RESET_B : -90.651688
[setup in-reg] rst_n -> _90135_/RESET_B : -90.651688
[setup in-reg] rst_n -> _90136_/RESET_B : -90.651688
[setup in-reg] rst_n -> _90137_/RESET_B : -90.651688
[setup in-reg] rst_n -> _90138_/RESET_B : -90.651688
[setup in-reg] rst_n -> _90139_/RESET_B : -90.651688
[setup in-reg] rst_n -> _90140_/RESET_B : -90.651688
[setup in-reg] rst_n -> _90141_/RESET_B : -90.651688
[setup in-reg] rst_n -> _90142_/RESET_B : -90.651688
[setup in-reg] rst_n -> _90143_/RESET_B : -90.651688
[setup in-reg] rst_n -> _90144_/RESET_B : -90.651688
[setup in-reg] rst_n -> _90145_/RESET_B : -90.651688
[setup in-reg] rst_n -> _90146_/RESET_B : -90.651688
[setup in-reg] rst_n -> _90147_/RESET_B : -90.651688
[setup in-reg] rst_n -> _90148_/RESET_B : -90.651688
[setup in-reg] rst_n -> _90149_/RESET_B : -90.651688
[setup in-reg] rst_n -> _90150_/RESET_B : -90.651688
[setup in-reg] rst_n -> _90151_/RESET_B : -90.651688
[setup in-reg] rst_n -> _90152_/RESET_B : -90.651688
[setup in-reg] rst_n -> _90153_/RESET_B : -90.651688
[setup in-reg] rst_n -> _90154_/RESET_B : -90.651688
[setup in-reg] rst_n -> _90155_/RESET_B : -90.651688
[setup in-reg] rst_n -> _90156_/RESET_B : -90.651688
[setup in-reg] rst_n -> _90157_/RESET_B : -90.651688
[setup in-reg] rst_n -> _90158_/RESET_B : -90.651688
[setup in-reg] rst_n -> _90159_/RESET_B : -90.651688
[setup in-reg] rst_n -> _90160_/RESET_B : -90.651688
[setup in-reg] rst_n -> _90161_/RESET_B : -90.651688
[setup in-reg] rst_n -> _90162_/RESET_B : -90.651688
[setup in-reg] rst_n -> _90163_/RESET_B : -90.651688
[setup in-reg] rst_n -> _90164_/RESET_B : -90.651688
[setup in-reg] rst_n -> _90165_/RESET_B : -90.651688
[setup in-reg] rst_n -> _90166_/RESET_B : -90.651688
[setup in-reg] rst_n -> _90167_/RESET_B : -90.651688
[setup in-reg] rst_n -> _90168_/RESET_B : -90.651688
[setup in-reg] rst_n -> _90169_/RESET_B : -90.651688
[setup in-reg] rst_n -> _90170_/RESET_B : -90.651688
[setup in-reg] rst_n -> _90171_/RESET_B : -90.651688
[setup in-reg] rst_n -> _90172_/RESET_B : -90.651688
[setup in-reg] rst_n -> _90173_/RESET_B : -90.651688
[setup in-reg] rst_n -> _90174_/RESET_B : -90.651688
[setup in-reg] rst_n -> _90175_/RESET_B : -90.651688
[setup in-reg] rst_n -> _90176_/RESET_B : -90.651688
[setup in-reg] rst_n -> _90177_/RESET_B : -90.651688
[setup in-reg] rst_n -> _90178_/RESET_B : -90.651688
[setup in-reg] rst_n -> _90179_/RESET_B : -90.651688
[setup in-reg] rst_n -> _90180_/RESET_B : -90.651688
[setup in-reg] rst_n -> _90181_/RESET_B : -90.651688
[setup in-reg] rst_n -> _90182_/RESET_B : -90.651688
[setup in-reg] rst_n -> _90183_/RESET_B : -90.651688
[setup in-reg] rst_n -> _90184_/RESET_B : -90.651688
[setup in-reg] rst_n -> _90185_/RESET_B : -90.651688
[setup in-reg] rst_n -> _90186_/RESET_B : -90.651688
[setup in-reg] rst_n -> _90187_/RESET_B : -90.651688
[setup in-reg] rst_n -> _90188_/RESET_B : -90.651688
[setup in-reg] rst_n -> _90189_/RESET_B : -90.651688
[setup in-reg] rst_n -> _90190_/RESET_B : -90.651688
[setup in-reg] rst_n -> _90191_/RESET_B : -90.651688
[setup in-reg] rst_n -> _90192_/RESET_B : -90.651688
[setup in-reg] rst_n -> _90193_/RESET_B : -90.651688
[setup in-reg] rst_n -> _90194_/RESET_B : -90.651688
[setup in-reg] rst_n -> _90195_/RESET_B : -90.651688
[setup in-reg] rst_n -> _90196_/RESET_B : -90.651688
[setup in-reg] rst_n -> _90197_/RESET_B : -90.651688
[setup in-reg] rst_n -> _90198_/RESET_B : -90.651688
[setup in-reg] rst_n -> _90199_/RESET_B : -90.651688
[setup in-reg] rst_n -> _90200_/RESET_B : -90.651688
[setup in-reg] rst_n -> _90201_/RESET_B : -90.651688
[setup in-reg] rst_n -> _90202_/RESET_B : -90.651688
[setup in-reg] rst_n -> _90203_/RESET_B : -90.651688
[setup in-reg] rst_n -> _90204_/RESET_B : -90.651688
[setup in-reg] rst_n -> _90205_/RESET_B : -90.651688
[setup in-reg] rst_n -> _90206_/RESET_B : -90.651688
[setup in-reg] rst_n -> _90207_/RESET_B : -90.651688
[setup in-reg] rst_n -> _90208_/RESET_B : -90.651688
[setup in-reg] rst_n -> _90209_/RESET_B : -90.651688
[setup in-reg] rst_n -> _90210_/RESET_B : -90.651688
[setup in-reg] rst_n -> _90211_/RESET_B : -90.651688
[setup in-reg] rst_n -> _90212_/RESET_B : -90.651688
[setup in-reg] rst_n -> _90213_/RESET_B : -90.651688
[setup in-reg] rst_n -> _90214_/RESET_B : -90.651688
[setup in-reg] rst_n -> _90215_/RESET_B : -90.651688
[setup in-reg] rst_n -> _90216_/RESET_B : -90.651688
[setup in-reg] rst_n -> _90217_/RESET_B : -90.651688
[setup in-reg] rst_n -> _90218_/RESET_B : -90.651688
[setup in-reg] rst_n -> _90219_/RESET_B : -90.651688
[setup in-reg] rst_n -> _90220_/RESET_B : -90.651688
[setup in-reg] rst_n -> _90221_/RESET_B : -90.651688
[setup in-reg] rst_n -> _90222_/RESET_B : -90.651688
[setup in-reg] rst_n -> _90223_/RESET_B : -90.651688
[setup in-reg] rst_n -> _90224_/RESET_B : -90.651688
[setup in-reg] rst_n -> _90225_/RESET_B : -90.651688
[setup in-reg] rst_n -> _90226_/RESET_B : -90.651688
[setup in-reg] rst_n -> _90227_/RESET_B : -90.651688
[setup in-reg] rst_n -> _90228_/RESET_B : -90.651688
[setup in-reg] rst_n -> _90229_/RESET_B : -90.651688
[setup in-reg] rst_n -> _90230_/RESET_B : -90.651688
[setup in-reg] rst_n -> _90231_/RESET_B : -90.651688
[setup in-reg] rst_n -> _90232_/RESET_B : -90.651688
[setup in-reg] rst_n -> _90233_/RESET_B : -90.651688
[setup in-reg] rst_n -> _90234_/RESET_B : -90.651688
[setup in-reg] rst_n -> _90235_/RESET_B : -90.651688
[setup in-reg] rst_n -> _90236_/RESET_B : -90.651688
[setup in-reg] rst_n -> _90237_/RESET_B : -90.651688
[setup in-reg] rst_n -> _90238_/RESET_B : -90.651688
[setup in-reg] rst_n -> _90239_/RESET_B : -90.651688
[setup in-reg] rst_n -> _90240_/RESET_B : -90.651688
[setup in-reg] rst_n -> _90241_/RESET_B : -90.651688
[setup in-reg] rst_n -> _90242_/RESET_B : -90.651688
[setup in-reg] rst_n -> _90243_/RESET_B : -90.651688
[setup in-reg] rst_n -> _90244_/RESET_B : -90.651688
[setup in-reg] rst_n -> _90245_/RESET_B : -90.651688
[setup in-reg] rst_n -> _90246_/RESET_B : -90.651688
[setup in-reg] rst_n -> _90247_/RESET_B : -90.651688
[setup in-reg] rst_n -> _90248_/RESET_B : -90.651688
[setup in-reg] rst_n -> _90249_/RESET_B : -90.651688
[setup in-reg] rst_n -> _90250_/RESET_B : -90.651688
[setup in-reg] rst_n -> _90251_/RESET_B : -90.651688
[setup in-reg] rst_n -> _90252_/RESET_B : -90.651688
[setup in-reg] rst_n -> _90253_/RESET_B : -90.651688
[setup in-reg] rst_n -> _90254_/RESET_B : -90.651688
[setup in-reg] rst_n -> _90255_/RESET_B : -90.651688
[setup in-reg] rst_n -> _90256_/RESET_B : -90.651688
[setup in-reg] rst_n -> _90257_/RESET_B : -90.651688
[setup in-reg] rst_n -> _90258_/RESET_B : -90.651688
[setup in-reg] rst_n -> _90259_/RESET_B : -90.651688
[setup in-reg] rst_n -> _90260_/RESET_B : -90.651688
[setup in-reg] rst_n -> _90261_/RESET_B : -90.651688
[setup in-reg] rst_n -> _90262_/RESET_B : -90.651688
[setup in-reg] rst_n -> _90263_/RESET_B : -90.651688
[setup in-reg] rst_n -> _90264_/RESET_B : -90.651688
[setup in-reg] rst_n -> _90265_/RESET_B : -90.651688
[setup in-reg] rst_n -> _90266_/RESET_B : -90.651688
[setup in-reg] rst_n -> _90267_/RESET_B : -90.651688
[setup in-reg] rst_n -> _90268_/RESET_B : -90.651688
[setup in-reg] rst_n -> _90269_/RESET_B : -90.651688
[setup in-reg] rst_n -> _90270_/RESET_B : -90.651688
[setup in-reg] rst_n -> _90271_/RESET_B : -90.651688
[setup in-reg] rst_n -> _90272_/RESET_B : -90.651688
[setup in-reg] rst_n -> _90273_/RESET_B : -90.651688
[setup in-reg] rst_n -> _90274_/RESET_B : -90.651688
[setup in-reg] rst_n -> _90275_/RESET_B : -90.651688
[setup in-reg] rst_n -> _90276_/RESET_B : -90.651688
[setup in-reg] rst_n -> _90277_/RESET_B : -90.651688
[setup in-reg] rst_n -> _90278_/RESET_B : -90.651688
[setup in-reg] rst_n -> _90279_/RESET_B : -90.651688
[setup in-reg] rst_n -> _90280_/RESET_B : -90.651688
[setup in-reg] rst_n -> _90281_/RESET_B : -90.651688
[setup in-reg] rst_n -> _90282_/RESET_B : -90.651688
[setup in-reg] rst_n -> _90283_/RESET_B : -90.651688
[setup in-reg] rst_n -> _90284_/RESET_B : -90.651688
[setup in-reg] rst_n -> _90285_/RESET_B : -90.651688
[setup in-reg] rst_n -> _90286_/RESET_B : -90.651688
[setup in-reg] rst_n -> _90287_/RESET_B : -90.651688
[setup in-reg] rst_n -> _90288_/RESET_B : -90.651688
[setup in-reg] rst_n -> _90289_/RESET_B : -90.651688
[setup in-reg] rst_n -> _90290_/RESET_B : -90.651688
[setup in-reg] rst_n -> _90291_/RESET_B : -90.651688
[setup in-reg] rst_n -> _90292_/RESET_B : -90.651688
[setup in-reg] rst_n -> _90293_/RESET_B : -90.651688
[setup in-reg] rst_n -> _90294_/RESET_B : -90.651688
[setup in-reg] rst_n -> _90295_/RESET_B : -90.651688
[setup in-reg] rst_n -> _90296_/RESET_B : -90.651688
[setup in-reg] rst_n -> _90297_/RESET_B : -90.651688
[setup in-reg] rst_n -> _90298_/RESET_B : -90.651688
[setup in-reg] rst_n -> _90299_/RESET_B : -90.651688
[setup in-reg] rst_n -> _90300_/RESET_B : -90.651688
[setup in-reg] rst_n -> _90301_/RESET_B : -90.651688
[setup in-reg] rst_n -> _90302_/RESET_B : -90.651688
[setup in-reg] rst_n -> _90303_/RESET_B : -90.651688
[setup in-reg] rst_n -> _90304_/RESET_B : -90.651688
[setup in-reg] rst_n -> _90305_/RESET_B : -90.651688
[setup in-reg] rst_n -> _90306_/RESET_B : -90.651688
[setup in-reg] rst_n -> _90307_/RESET_B : -90.651688
[setup in-reg] rst_n -> _90308_/RESET_B : -90.651688
[setup in-reg] rst_n -> _90309_/RESET_B : -90.651688
[setup in-reg] rst_n -> _90310_/RESET_B : -90.651688
[setup in-reg] rst_n -> _90311_/RESET_B : -90.651688
[setup in-reg] rst_n -> _90312_/RESET_B : -90.651688
[setup in-reg] rst_n -> _90313_/RESET_B : -90.651688
[setup in-reg] rst_n -> _90314_/RESET_B : -90.651688
[setup in-reg] rst_n -> _90315_/RESET_B : -90.651688
[setup in-reg] rst_n -> _90316_/RESET_B : -90.651688
[setup in-reg] rst_n -> _90317_/RESET_B : -90.651688
[setup in-reg] rst_n -> _90318_/RESET_B : -90.651688
[setup in-reg] rst_n -> _90319_/RESET_B : -90.651688
[setup in-reg] rst_n -> _90320_/RESET_B : -90.651688
[setup in-reg] rst_n -> _90321_/RESET_B : -90.651688
[setup in-reg] rst_n -> _90322_/RESET_B : -90.651688
[setup in-reg] rst_n -> _90323_/RESET_B : -90.651688
[setup in-reg] rst_n -> _90324_/RESET_B : -90.651688
[setup in-reg] rst_n -> _90325_/RESET_B : -90.651688
[setup in-reg] rst_n -> _90326_/RESET_B : -90.651688
[setup in-reg] rst_n -> _90327_/RESET_B : -90.651688
[setup in-reg] rst_n -> _90328_/RESET_B : -90.651688
[setup in-reg] rst_n -> _90329_/RESET_B : -90.651688
[setup in-reg] rst_n -> _90330_/RESET_B : -90.651688
[setup in-reg] rst_n -> _90331_/RESET_B : -90.651688
[setup in-reg] rst_n -> _90332_/RESET_B : -90.651688
[setup in-reg] rst_n -> _90333_/RESET_B : -90.651688
[setup in-reg] rst_n -> _90334_/RESET_B : -90.651688
[setup in-reg] rst_n -> _90335_/RESET_B : -90.651688
[setup in-reg] rst_n -> _90336_/RESET_B : -90.651688
[setup in-reg] rst_n -> _90337_/RESET_B : -90.651688
[setup in-reg] rst_n -> _90338_/RESET_B : -90.651688
[setup in-reg] rst_n -> _90339_/RESET_B : -90.651688
[setup in-reg] rst_n -> _90340_/RESET_B : -90.651688
[setup in-reg] rst_n -> _90341_/RESET_B : -90.651688
[setup in-reg] rst_n -> _90342_/RESET_B : -90.651688
[setup in-reg] rst_n -> _90343_/RESET_B : -90.651688
[setup in-reg] rst_n -> _90344_/RESET_B : -90.651688
[setup in-reg] rst_n -> _90345_/RESET_B : -90.651688
[setup in-reg] rst_n -> _90346_/RESET_B : -90.651688
[setup in-reg] rst_n -> _90347_/RESET_B : -90.651688
[setup in-reg] rst_n -> _90348_/RESET_B : -90.651688
[setup in-reg] rst_n -> _90349_/RESET_B : -90.651688
[setup in-reg] rst_n -> _90350_/RESET_B : -90.651688
[setup in-reg] rst_n -> _90351_/RESET_B : -90.651688
[setup in-reg] rst_n -> _90352_/RESET_B : -90.651688
[setup in-reg] rst_n -> _90353_/RESET_B : -90.651688
[setup in-reg] rst_n -> _90354_/RESET_B : -90.651688
[setup in-reg] rst_n -> _90355_/RESET_B : -90.651688
[setup in-reg] rst_n -> _90356_/RESET_B : -90.651688
[setup in-reg] rst_n -> _90357_/RESET_B : -90.651688
[setup in-reg] rst_n -> _90358_/RESET_B : -90.651688
[setup in-reg] rst_n -> _90359_/RESET_B : -90.651688
[setup in-reg] rst_n -> _90360_/RESET_B : -90.651688
[setup in-reg] rst_n -> _90361_/RESET_B : -90.651688
[setup in-reg] rst_n -> _90362_/RESET_B : -90.651688
[setup in-reg] rst_n -> _90363_/RESET_B : -90.651688
[setup in-reg] rst_n -> _90364_/RESET_B : -90.651688
[setup in-reg] rst_n -> _90365_/RESET_B : -90.651688
[setup in-reg] rst_n -> _90366_/RESET_B : -90.651688
[setup in-reg] rst_n -> _90367_/RESET_B : -90.651688
[setup in-reg] rst_n -> _90368_/RESET_B : -90.651688
[setup in-reg] rst_n -> _90369_/RESET_B : -90.651688
[setup in-reg] rst_n -> _90370_/RESET_B : -90.651688
[setup in-reg] rst_n -> _90371_/RESET_B : -90.651688
[setup in-reg] rst_n -> _90372_/RESET_B : -90.651688
[setup in-reg] rst_n -> _90373_/RESET_B : -90.651688
[setup in-reg] rst_n -> _90374_/RESET_B : -90.651688
[setup in-reg] rst_n -> _90375_/RESET_B : -90.651688
[setup in-reg] rst_n -> _90376_/RESET_B : -90.651688
[setup in-reg] rst_n -> _90377_/RESET_B : -90.651688
[setup in-reg] rst_n -> _90378_/RESET_B : -90.651688
[setup in-reg] rst_n -> _90379_/RESET_B : -90.651688
[setup in-reg] rst_n -> _90380_/RESET_B : -90.651688
[setup in-reg] rst_n -> _90381_/RESET_B : -90.651688
[setup in-reg] rst_n -> _90382_/RESET_B : -90.651688
[setup in-reg] rst_n -> _90383_/RESET_B : -90.651688
[setup in-reg] rst_n -> _90384_/RESET_B : -90.651688
[setup in-reg] rst_n -> _90385_/RESET_B : -90.651688
[setup in-reg] rst_n -> _90386_/RESET_B : -90.651688
[setup in-reg] rst_n -> _90387_/RESET_B : -90.651688
[setup in-reg] rst_n -> _90388_/RESET_B : -90.651688
[setup in-reg] rst_n -> _90389_/RESET_B : -90.651688
[setup in-reg] rst_n -> _90390_/RESET_B : -90.651688
[setup in-reg] rst_n -> _90391_/RESET_B : -90.651688
[setup in-reg] rst_n -> _90392_/RESET_B : -90.651688
[setup in-reg] rst_n -> _90393_/RESET_B : -90.651688
[setup in-reg] rst_n -> _90394_/RESET_B : -90.651688
[setup in-reg] rst_n -> _90395_/RESET_B : -90.651688
[setup in-reg] rst_n -> _90396_/RESET_B : -90.651688
[setup in-reg] rst_n -> _90397_/RESET_B : -90.651688
[setup in-reg] rst_n -> _90398_/RESET_B : -90.651688
[setup in-reg] rst_n -> _90399_/RESET_B : -90.651688
[setup in-reg] rst_n -> _90400_/RESET_B : -90.651688
[setup in-reg] rst_n -> _90401_/RESET_B : -90.651688
[setup in-reg] rst_n -> _90402_/RESET_B : -90.651688
[setup in-reg] rst_n -> _90403_/RESET_B : -90.651688
[setup in-reg] rst_n -> _90404_/RESET_B : -90.651688
[setup in-reg] rst_n -> _90405_/RESET_B : -90.651688
[setup in-reg] rst_n -> _90406_/RESET_B : -90.651688
[setup in-reg] rst_n -> _90407_/RESET_B : -90.651688
[setup in-reg] rst_n -> _90408_/RESET_B : -90.651688
[setup in-reg] rst_n -> _90409_/RESET_B : -90.651688
[setup in-reg] rst_n -> _90410_/RESET_B : -90.651688
[setup in-reg] rst_n -> _90411_/RESET_B : -90.651688
[setup in-reg] rst_n -> _90412_/RESET_B : -90.651688
[setup in-reg] rst_n -> _90413_/RESET_B : -90.651688
[setup in-reg] rst_n -> _90414_/RESET_B : -90.651688
[setup in-reg] rst_n -> _90415_/RESET_B : -90.651688
[setup in-reg] rst_n -> _90416_/RESET_B : -90.651688
[setup in-reg] rst_n -> _90417_/RESET_B : -90.651688
[setup in-reg] rst_n -> _90418_/RESET_B : -90.651688
[setup in-reg] rst_n -> _90419_/RESET_B : -90.651688
[setup in-reg] rst_n -> _90420_/RESET_B : -90.651688
[setup in-reg] rst_n -> _90421_/RESET_B : -90.651688
[setup in-reg] rst_n -> _90422_/RESET_B : -90.651688
[setup in-reg] rst_n -> _90423_/RESET_B : -90.651688
[setup in-reg] rst_n -> _90424_/RESET_B : -90.651688
[setup in-reg] rst_n -> _90425_/RESET_B : -90.651688
[setup in-reg] rst_n -> _90426_/RESET_B : -90.651688
[setup in-reg] rst_n -> _90427_/RESET_B : -90.651688
[setup in-reg] rst_n -> _90428_/RESET_B : -90.651688
[setup in-reg] rst_n -> _90429_/RESET_B : -90.651688
[setup in-reg] rst_n -> _90430_/RESET_B : -90.651688
[setup in-reg] rst_n -> _90431_/RESET_B : -90.651688
[setup in-reg] rst_n -> _90432_/RESET_B : -90.651688
[setup in-reg] rst_n -> _90433_/RESET_B : -90.651688
[setup in-reg] rst_n -> _90434_/RESET_B : -90.651688
[setup in-reg] rst_n -> _90435_/RESET_B : -90.651688
[setup in-reg] rst_n -> _90436_/RESET_B : -90.651688
[setup in-reg] rst_n -> _90437_/RESET_B : -90.651688
[setup in-reg] rst_n -> _90438_/RESET_B : -90.651688
[setup in-reg] rst_n -> _90439_/RESET_B : -90.651688
[setup in-reg] rst_n -> _90440_/RESET_B : -90.651688
[setup in-reg] rst_n -> _90441_/RESET_B : -90.651688
[setup in-reg] rst_n -> _90442_/RESET_B : -90.651688
[setup in-reg] rst_n -> _90443_/RESET_B : -90.651688
[setup in-reg] rst_n -> _90444_/RESET_B : -90.651688
[setup in-reg] rst_n -> _90445_/RESET_B : -90.651688
[setup in-reg] rst_n -> _90446_/RESET_B : -90.651688
[setup in-reg] rst_n -> _90447_/RESET_B : -90.651688
[setup in-reg] rst_n -> _90448_/RESET_B : -90.651688
[setup in-reg] rst_n -> _90449_/RESET_B : -90.651688
[setup in-reg] rst_n -> _90450_/RESET_B : -90.651688
[setup in-reg] rst_n -> _90451_/RESET_B : -90.651688
[setup in-reg] rst_n -> _90452_/RESET_B : -90.651688
[setup in-reg] rst_n -> _90453_/RESET_B : -90.651688
[setup in-reg] rst_n -> _90454_/RESET_B : -90.651688
[setup in-reg] rst_n -> _90455_/RESET_B : -90.651688
[setup in-reg] rst_n -> _90456_/RESET_B : -90.651688
[setup in-reg] rst_n -> _90457_/RESET_B : -90.651688
[setup in-reg] rst_n -> _90458_/RESET_B : -90.651688
[setup in-reg] rst_n -> _90459_/RESET_B : -90.651688
[setup in-reg] rst_n -> _90460_/RESET_B : -90.651688
[setup in-reg] rst_n -> _90461_/RESET_B : -90.651688
[setup in-reg] rst_n -> _90462_/RESET_B : -90.651688
[setup in-reg] rst_n -> _90463_/RESET_B : -90.651688
[setup in-reg] rst_n -> _90464_/RESET_B : -90.651688
[setup in-reg] rst_n -> _90465_/RESET_B : -90.651688
[setup in-reg] rst_n -> _90466_/RESET_B : -90.651688
[setup in-reg] rst_n -> _90467_/RESET_B : -90.651688
[setup in-reg] rst_n -> _90468_/RESET_B : -90.651688
[setup in-reg] rst_n -> _90469_/RESET_B : -90.651688
[setup in-reg] rst_n -> _90470_/RESET_B : -90.651688
[setup in-reg] rst_n -> _90471_/RESET_B : -90.651688
[setup in-reg] rst_n -> _90472_/RESET_B : -90.651688
[setup in-reg] rst_n -> _90473_/RESET_B : -90.651688
[setup in-reg] rst_n -> _90474_/RESET_B : -90.651688
[setup in-reg] rst_n -> _90475_/RESET_B : -90.651688
[setup in-reg] rst_n -> _90476_/RESET_B : -90.651688
[setup in-reg] rst_n -> _90477_/RESET_B : -90.651688
[setup in-reg] rst_n -> _90478_/RESET_B : -90.651688
[setup in-reg] rst_n -> _90479_/RESET_B : -90.651688
[setup in-reg] rst_n -> _90480_/RESET_B : -90.651688
[setup in-reg] rst_n -> _90481_/RESET_B : -90.651688
[setup in-reg] rst_n -> _90482_/RESET_B : -90.651688
[setup in-reg] rst_n -> _90483_/RESET_B : -90.651688
[setup in-reg] rst_n -> _90484_/RESET_B : -90.651688
[setup in-reg] rst_n -> _90485_/RESET_B : -90.651688
[setup in-reg] rst_n -> _90486_/RESET_B : -90.651688
[setup in-reg] rst_n -> _90487_/RESET_B : -90.651688
[setup in-reg] rst_n -> _90488_/RESET_B : -90.651688
[setup in-reg] rst_n -> _90489_/RESET_B : -90.651688
[setup in-reg] rst_n -> _90490_/RESET_B : -90.651688
[setup in-reg] rst_n -> _90491_/RESET_B : -90.651688
[setup in-reg] rst_n -> _90492_/RESET_B : -90.651688
[setup in-reg] rst_n -> _90493_/RESET_B : -90.651688
[setup in-reg] rst_n -> _90494_/RESET_B : -90.651688
[setup in-reg] rst_n -> _90495_/RESET_B : -90.651688
[setup in-reg] rst_n -> _90496_/RESET_B : -90.651688
[setup in-reg] rst_n -> _90497_/RESET_B : -90.651688
[setup in-reg] rst_n -> _90498_/RESET_B : -90.651688
[setup in-reg] rst_n -> _90499_/RESET_B : -90.651688
[setup in-reg] rst_n -> _90500_/RESET_B : -90.651688
[setup in-reg] rst_n -> _90501_/RESET_B : -90.651688
[setup in-reg] rst_n -> _90502_/RESET_B : -90.651688
[setup in-reg] rst_n -> _90503_/RESET_B : -90.651688
[setup in-reg] rst_n -> _90504_/RESET_B : -90.651688
[setup in-reg] rst_n -> _90505_/RESET_B : -90.651688
[setup in-reg] rst_n -> _90506_/RESET_B : -90.651688
[setup in-reg] rst_n -> _90507_/RESET_B : -90.651688
[setup in-reg] rst_n -> _90508_/RESET_B : -90.651688
[setup in-reg] rst_n -> _90509_/RESET_B : -90.651688
[setup in-reg] rst_n -> _90510_/RESET_B : -90.651688
[setup in-reg] rst_n -> _90511_/RESET_B : -90.651688
[setup in-reg] rst_n -> _90512_/RESET_B : -90.651688
[setup in-reg] rst_n -> _90513_/RESET_B : -90.651688
[setup in-reg] rst_n -> _90514_/RESET_B : -90.651688
[setup in-reg] rst_n -> _90515_/RESET_B : -90.651688
[setup in-reg] rst_n -> _90516_/RESET_B : -90.651688
[setup in-reg] rst_n -> _90517_/RESET_B : -90.651688
[setup in-reg] rst_n -> _90518_/RESET_B : -90.651688
[setup in-reg] rst_n -> _90519_/RESET_B : -90.651688
[setup in-reg] rst_n -> _90520_/RESET_B : -90.651688
[setup in-reg] rst_n -> _90521_/RESET_B : -90.651688
[setup in-reg] rst_n -> _90522_/RESET_B : -90.651688
[setup in-reg] rst_n -> _90523_/RESET_B : -90.651688
[setup in-reg] rst_n -> _90524_/RESET_B : -90.651688
[setup in-reg] rst_n -> _90525_/RESET_B : -90.651688
[setup in-reg] rst_n -> _90526_/RESET_B : -90.651688
[setup in-reg] rst_n -> _90527_/RESET_B : -90.651688
[setup in-reg] rst_n -> _90528_/RESET_B : -90.651688
[setup in-reg] rst_n -> _90529_/RESET_B : -90.651688
[setup in-reg] rst_n -> _90530_/RESET_B : -90.651688
[setup in-reg] rst_n -> _90531_/RESET_B : -90.651688
[setup in-reg] rst_n -> _90532_/RESET_B : -90.651688
[setup in-reg] rst_n -> _90533_/RESET_B : -90.651688
[setup in-reg] rst_n -> _90534_/RESET_B : -90.651688
[setup in-reg] rst_n -> _90535_/RESET_B : -90.651688
[setup in-reg] rst_n -> _90536_/RESET_B : -90.651688
[setup in-reg] rst_n -> _90537_/RESET_B : -90.651688
[setup in-reg] rst_n -> _90538_/RESET_B : -90.651688
[setup in-reg] rst_n -> _90539_/RESET_B : -90.651688
[setup in-reg] rst_n -> _90540_/RESET_B : -90.651688
[setup in-reg] rst_n -> _90541_/RESET_B : -90.651688
[setup in-reg] rst_n -> _90542_/RESET_B : -90.651688
[setup in-reg] rst_n -> _90543_/RESET_B : -90.651688
[setup in-reg] rst_n -> _90544_/RESET_B : -90.651688
[setup in-reg] rst_n -> _90545_/RESET_B : -90.651688
[setup in-reg] rst_n -> _90546_/RESET_B : -90.651688
[setup in-reg] rst_n -> _90547_/RESET_B : -90.651688
[setup in-reg] rst_n -> _90548_/RESET_B : -90.651688
[setup in-reg] rst_n -> _90549_/RESET_B : -90.651688
[setup in-reg] rst_n -> _90550_/RESET_B : -90.651688
[setup in-reg] rst_n -> _90551_/RESET_B : -90.651688
[setup in-reg] rst_n -> _90552_/RESET_B : -90.651688
[setup in-reg] rst_n -> _90553_/RESET_B : -90.651688
[setup in-reg] rst_n -> _90554_/RESET_B : -90.651688
[setup in-reg] rst_n -> _90555_/RESET_B : -90.651688
[setup in-reg] rst_n -> _90556_/RESET_B : -90.651688
[setup in-reg] rst_n -> _90557_/RESET_B : -90.651688
[setup in-reg] rst_n -> _90558_/RESET_B : -90.651688
[setup in-reg] rst_n -> _90559_/RESET_B : -90.651688
[setup in-reg] rst_n -> _90560_/RESET_B : -90.651688
[setup in-reg] rst_n -> _90561_/RESET_B : -90.651688
[setup in-reg] rst_n -> _90562_/RESET_B : -90.651688
[setup in-reg] rst_n -> _90563_/RESET_B : -90.651688
[setup in-reg] rst_n -> _90564_/RESET_B : -90.651688
[setup in-reg] rst_n -> _90565_/RESET_B : -90.651688
[setup in-reg] rst_n -> _90566_/RESET_B : -90.651688
[setup in-reg] rst_n -> _90567_/RESET_B : -90.651688
[setup in-reg] rst_n -> _90568_/RESET_B : -90.651688
[setup in-reg] rst_n -> _90569_/RESET_B : -90.651688
[setup in-reg] rst_n -> _90570_/RESET_B : -90.651688
[setup in-reg] rst_n -> _90571_/RESET_B : -90.651688
[setup in-reg] rst_n -> _90572_/RESET_B : -90.651688
[setup in-reg] rst_n -> _90573_/RESET_B : -90.651688
[setup in-reg] rst_n -> _90574_/RESET_B : -90.651688
[setup in-reg] rst_n -> _90575_/RESET_B : -90.651688
[setup in-reg] rst_n -> _90576_/RESET_B : -90.651688
[setup in-reg] rst_n -> _90577_/RESET_B : -90.651688
[setup in-reg] rst_n -> _90578_/RESET_B : -90.651688
[setup in-reg] rst_n -> _90579_/RESET_B : -90.651688
[setup in-reg] rst_n -> _90580_/RESET_B : -90.651688
[setup in-reg] rst_n -> _90581_/RESET_B : -90.651688
[setup in-reg] rst_n -> _90582_/RESET_B : -90.651688
[setup in-reg] rst_n -> _90583_/RESET_B : -90.651688
[setup in-reg] rst_n -> _90584_/RESET_B : -90.651688
[setup in-reg] rst_n -> _90585_/RESET_B : -90.651688
[setup in-reg] rst_n -> _90586_/RESET_B : -90.651688
[setup in-reg] rst_n -> _90587_/RESET_B : -90.651688
[setup in-reg] rst_n -> _90588_/RESET_B : -90.651688
[setup in-reg] rst_n -> _90589_/RESET_B : -90.651688
[setup in-reg] rst_n -> _90590_/RESET_B : -90.651688
[setup in-reg] rst_n -> _90591_/RESET_B : -90.651688
[setup in-reg] rst_n -> _90592_/RESET_B : -90.651688
[setup in-reg] rst_n -> _90593_/RESET_B : -90.651688
[setup in-reg] rst_n -> _90594_/RESET_B : -90.651688
[setup in-reg] rst_n -> _90595_/RESET_B : -90.651688
[setup in-reg] rst_n -> _90596_/RESET_B : -90.651688
[setup in-reg] rst_n -> _90597_/RESET_B : -90.651688
[setup in-reg] rst_n -> _90598_/RESET_B : -90.651688
[setup in-reg] rst_n -> _90599_/RESET_B : -90.651688
[setup in-reg] rst_n -> _90600_/RESET_B : -90.651688
[setup in-reg] rst_n -> _90601_/RESET_B : -90.651688
[setup in-reg] rst_n -> _90602_/RESET_B : -90.651688
[setup in-reg] rst_n -> _90603_/RESET_B : -90.651688
[setup in-reg] rst_n -> _90604_/RESET_B : -90.651688
[setup in-reg] rst_n -> _90605_/RESET_B : -90.651688
[setup in-reg] rst_n -> _90606_/RESET_B : -90.651688
[setup in-reg] rst_n -> _90607_/RESET_B : -90.651688
[setup in-reg] rst_n -> _90608_/RESET_B : -90.651688
[setup in-reg] rst_n -> _90609_/RESET_B : -90.651688
[setup in-reg] rst_n -> _90610_/RESET_B : -90.651688
[setup in-reg] rst_n -> _90611_/RESET_B : -90.651688
[setup in-reg] rst_n -> _90612_/RESET_B : -90.651688
[setup in-reg] rst_n -> _90613_/RESET_B : -90.651688
[setup in-reg] rst_n -> _90614_/RESET_B : -90.651688
[setup in-reg] rst_n -> _90615_/RESET_B : -90.651688
[setup in-reg] rst_n -> _90616_/RESET_B : -90.651688
[setup in-reg] rst_n -> _90617_/RESET_B : -90.651688
[setup in-reg] rst_n -> _90618_/RESET_B : -90.651688
[setup in-reg] rst_n -> _90619_/RESET_B : -90.651688
[setup in-reg] rst_n -> _90620_/RESET_B : -90.651688
[setup in-reg] rst_n -> _90621_/RESET_B : -90.651688
[setup in-reg] rst_n -> _90622_/RESET_B : -90.651688
[setup in-reg] rst_n -> _90623_/RESET_B : -90.651688
[setup in-reg] rst_n -> _90624_/RESET_B : -90.651688
[setup in-reg] rst_n -> _90625_/RESET_B : -90.651688
[setup in-reg] rst_n -> _90626_/RESET_B : -90.651688
[setup in-reg] rst_n -> _90627_/RESET_B : -90.651688
[setup in-reg] rst_n -> _90628_/RESET_B : -90.651688
[setup in-reg] rst_n -> _90629_/RESET_B : -90.651688
[setup in-reg] rst_n -> _90630_/RESET_B : -90.651688
[setup in-reg] rst_n -> _90631_/RESET_B : -90.651688
[setup in-reg] rst_n -> _90632_/RESET_B : -90.651688
[setup in-reg] rst_n -> _90633_/RESET_B : -90.651688
[setup in-reg] rst_n -> _90634_/RESET_B : -90.651688
[setup in-reg] rst_n -> _90635_/RESET_B : -90.651688
[setup in-reg] rst_n -> _90636_/RESET_B : -90.651688
[setup in-reg] rst_n -> _90637_/RESET_B : -90.651688
[setup in-reg] rst_n -> _90638_/RESET_B : -90.651688
[setup in-reg] rst_n -> _90639_/RESET_B : -90.651688
[setup in-reg] rst_n -> _90640_/RESET_B : -90.651688
[setup in-reg] rst_n -> _90641_/RESET_B : -90.651688
[setup in-reg] rst_n -> _90642_/RESET_B : -90.651688
[setup in-reg] rst_n -> _90643_/RESET_B : -90.651688
[setup in-reg] rst_n -> _90644_/RESET_B : -90.651688
[setup in-reg] rst_n -> _90645_/RESET_B : -90.651688
[setup in-reg] rst_n -> _90646_/RESET_B : -90.651688
[setup in-reg] rst_n -> _90647_/RESET_B : -90.651688
[setup in-reg] rst_n -> _90648_/RESET_B : -90.651688
[setup in-reg] rst_n -> _90649_/RESET_B : -90.651688
[setup in-reg] rst_n -> _90650_/RESET_B : -90.651688
[setup in-reg] rst_n -> _90651_/RESET_B : -90.651688
[setup in-reg] rst_n -> _90652_/RESET_B : -90.651688
[setup in-reg] rst_n -> _90653_/RESET_B : -90.651688
[setup in-reg] rst_n -> _90654_/RESET_B : -90.651688
[setup in-reg] rst_n -> _90655_/RESET_B : -90.651688
[setup in-reg] rst_n -> _90656_/RESET_B : -90.651688
[setup in-reg] rst_n -> _90657_/RESET_B : -90.651688
[setup in-reg] rst_n -> _90658_/RESET_B : -90.651688
[setup in-reg] rst_n -> _90659_/RESET_B : -90.651688
[setup in-reg] rst_n -> _90660_/RESET_B : -90.651688
[setup in-reg] rst_n -> _90661_/RESET_B : -90.651688
[setup in-reg] rst_n -> _90662_/RESET_B : -90.651688
[setup in-reg] rst_n -> _90663_/RESET_B : -90.651688
[setup in-reg] rst_n -> _90664_/RESET_B : -90.651688
[setup in-reg] rst_n -> _90665_/RESET_B : -90.651688
[setup in-reg] rst_n -> _90666_/RESET_B : -90.651688
[setup in-reg] rst_n -> _90667_/RESET_B : -90.651688
[setup in-reg] rst_n -> _90668_/RESET_B : -90.651688
[setup in-reg] rst_n -> _90669_/RESET_B : -90.651688
[setup in-reg] rst_n -> _90670_/RESET_B : -90.651688
[setup in-reg] rst_n -> _90671_/RESET_B : -90.651688
[setup in-reg] rst_n -> _90672_/RESET_B : -90.651688
[setup in-reg] rst_n -> _90673_/RESET_B : -90.651688
[setup in-reg] rst_n -> _90674_/RESET_B : -90.651688
[setup in-reg] rst_n -> _90675_/RESET_B : -90.651688
[setup in-reg] rst_n -> _90676_/RESET_B : -90.651688
[setup in-reg] rst_n -> _90677_/RESET_B : -90.651688
[setup in-reg] rst_n -> _90678_/RESET_B : -90.651688
[setup in-reg] rst_n -> _90679_/RESET_B : -90.651688
[setup in-reg] rst_n -> _90680_/RESET_B : -90.651688
[setup in-reg] rst_n -> _90681_/RESET_B : -90.651688
[setup in-reg] rst_n -> _90682_/RESET_B : -90.651688
[setup in-reg] rst_n -> _90683_/RESET_B : -90.651688
[setup in-reg] rst_n -> _90684_/RESET_B : -90.651688
[setup in-reg] rst_n -> _90685_/RESET_B : -90.651688
[setup in-reg] rst_n -> _90686_/RESET_B : -90.651688
[setup in-reg] rst_n -> _90687_/RESET_B : -90.651688
[setup in-reg] rst_n -> _90688_/RESET_B : -90.651688
[setup in-reg] rst_n -> _90689_/RESET_B : -90.651688
[setup in-reg] rst_n -> _90690_/RESET_B : -90.651688
[setup in-reg] rst_n -> _90691_/RESET_B : -90.651688
[setup in-reg] rst_n -> _90692_/RESET_B : -90.651688
[setup in-reg] rst_n -> _90693_/RESET_B : -90.651688
[setup in-reg] rst_n -> _90694_/RESET_B : -90.651688
[setup in-reg] rst_n -> _90695_/RESET_B : -90.651688
[setup in-reg] rst_n -> _90696_/RESET_B : -90.651688
[setup in-reg] rst_n -> _90697_/RESET_B : -90.651688
[setup in-reg] rst_n -> _90698_/RESET_B : -90.651688
[setup in-reg] rst_n -> _90699_/RESET_B : -90.651688
[setup in-reg] rst_n -> _90700_/RESET_B : -90.651688
[setup in-reg] rst_n -> _90701_/RESET_B : -90.651688
[setup in-reg] rst_n -> _90702_/RESET_B : -90.651688
[setup in-reg] rst_n -> _90703_/RESET_B : -90.651688
[setup in-reg] rst_n -> _90704_/RESET_B : -90.651688
[setup in-reg] rst_n -> _90705_/RESET_B : -90.651688
[setup in-reg] rst_n -> _90706_/RESET_B : -90.651688
[setup in-reg] rst_n -> _90707_/RESET_B : -90.651688
[setup in-reg] rst_n -> _90708_/RESET_B : -90.651688
[setup in-reg] rst_n -> _90709_/RESET_B : -90.651688
[setup in-reg] rst_n -> _90710_/RESET_B : -90.651688
[setup in-reg] rst_n -> _90711_/RESET_B : -90.651688
[setup in-reg] rst_n -> _90712_/RESET_B : -90.651688
[setup in-reg] rst_n -> _90713_/RESET_B : -90.651688
[setup in-reg] rst_n -> _90714_/RESET_B : -90.651688
[setup in-reg] rst_n -> _90715_/RESET_B : -90.651688
[setup in-reg] rst_n -> _90716_/RESET_B : -90.651688
[setup in-reg] rst_n -> _90717_/RESET_B : -90.651688
[setup in-reg] rst_n -> _90718_/RESET_B : -90.651688
[setup in-reg] rst_n -> _90719_/RESET_B : -90.651688
[setup in-reg] rst_n -> _90720_/RESET_B : -90.651688
[setup in-reg] rst_n -> _90721_/RESET_B : -90.651688
[setup in-reg] rst_n -> _90722_/RESET_B : -90.651688
[setup in-reg] rst_n -> _90723_/RESET_B : -90.651688
[setup in-reg] rst_n -> _90724_/RESET_B : -90.651688
[setup in-reg] rst_n -> _90725_/RESET_B : -90.651688
[setup in-reg] rst_n -> _90726_/RESET_B : -90.651688
[setup in-reg] rst_n -> _90727_/RESET_B : -90.651688
[setup in-reg] rst_n -> _90728_/RESET_B : -90.651688
[setup in-reg] rst_n -> _90729_/RESET_B : -90.651688
[setup in-reg] rst_n -> _90730_/RESET_B : -90.651688
[setup in-reg] rst_n -> _90731_/RESET_B : -90.651688
[setup in-reg] rst_n -> _90732_/RESET_B : -90.651688
[setup in-reg] rst_n -> _90733_/RESET_B : -90.651688
[setup in-reg] rst_n -> _90734_/RESET_B : -90.651688
[setup in-reg] rst_n -> _90735_/RESET_B : -90.651688
[setup in-reg] rst_n -> _90736_/RESET_B : -90.651688
[setup in-reg] rst_n -> _90737_/RESET_B : -90.651688
[setup in-reg] rst_n -> _90738_/RESET_B : -90.651688
[setup in-reg] rst_n -> _90739_/RESET_B : -90.651688
[setup in-reg] rst_n -> _90740_/RESET_B : -90.651688
[setup in-reg] rst_n -> _90741_/RESET_B : -90.651688
[setup in-reg] rst_n -> _90742_/RESET_B : -90.651688
[setup in-reg] rst_n -> _90743_/RESET_B : -90.651688
[setup in-reg] rst_n -> _90744_/RESET_B : -90.651688
[setup in-reg] rst_n -> _90745_/RESET_B : -90.651688
[setup in-reg] rst_n -> _90746_/RESET_B : -90.651688
[setup in-reg] rst_n -> _90747_/RESET_B : -90.651688
[setup in-reg] rst_n -> _90748_/RESET_B : -90.651688
[setup in-reg] rst_n -> _90749_/RESET_B : -90.651688
[setup in-reg] rst_n -> _90750_/RESET_B : -90.651688
[setup in-reg] rst_n -> _90751_/RESET_B : -90.651688
[setup in-reg] rst_n -> _90752_/RESET_B : -90.651688
[setup in-reg] rst_n -> _90753_/RESET_B : -90.651688
[setup in-reg] rst_n -> _90754_/RESET_B : -90.651688
[setup in-reg] rst_n -> _90755_/RESET_B : -90.651688
[setup in-reg] rst_n -> _90756_/RESET_B : -90.651688
[setup in-reg] rst_n -> _90757_/RESET_B : -90.651688
[setup in-reg] rst_n -> _90758_/RESET_B : -90.651688
[setup in-reg] rst_n -> _90759_/RESET_B : -90.651688
[setup in-reg] rst_n -> _90760_/RESET_B : -90.651688
[setup in-reg] rst_n -> _90761_/RESET_B : -90.651688
[setup in-reg] rst_n -> _90762_/RESET_B : -90.651688
[setup in-reg] rst_n -> _90763_/RESET_B : -90.651688
[setup in-reg] rst_n -> _90764_/RESET_B : -90.651688
[setup in-reg] rst_n -> _90765_/RESET_B : -90.651688
[setup in-reg] rst_n -> _90766_/RESET_B : -90.651688
[setup in-reg] rst_n -> _90767_/RESET_B : -90.651688
[setup in-reg] rst_n -> _90768_/RESET_B : -90.651688
[setup in-reg] rst_n -> _90769_/RESET_B : -90.651688
[setup in-reg] rst_n -> _90770_/RESET_B : -90.651688
[setup in-reg] rst_n -> _90771_/RESET_B : -90.651688
[setup in-reg] rst_n -> _90772_/RESET_B : -90.651688
[setup in-reg] rst_n -> _90773_/RESET_B : -90.651688
[setup in-reg] rst_n -> _90774_/RESET_B : -90.651688
[setup in-reg] rst_n -> _90775_/RESET_B : -90.651688
[setup in-reg] rst_n -> _90776_/RESET_B : -90.651688
[setup in-reg] rst_n -> _90777_/RESET_B : -90.651688
[setup in-reg] rst_n -> _90778_/RESET_B : -90.651688
[setup in-reg] rst_n -> _90779_/RESET_B : -90.651688
[setup in-reg] rst_n -> _90780_/RESET_B : -90.651688
[setup in-reg] rst_n -> _90781_/RESET_B : -90.651688
[setup in-reg] rst_n -> _90782_/RESET_B : -90.651688
[setup in-reg] rst_n -> _90783_/RESET_B : -90.651688
[setup in-reg] rst_n -> _90784_/RESET_B : -90.651688
[setup in-reg] rst_n -> _90785_/RESET_B : -90.651688
[setup in-reg] rst_n -> _90786_/RESET_B : -90.651688
[setup in-reg] rst_n -> _90787_/RESET_B : -90.651688
[setup in-reg] rst_n -> _90788_/RESET_B : -90.651688
[setup in-reg] rst_n -> _90789_/RESET_B : -90.651688
[setup in-reg] rst_n -> _90790_/RESET_B : -90.651688
[setup in-reg] rst_n -> _90791_/RESET_B : -90.651688
[setup in-reg] rst_n -> _90792_/RESET_B : -90.651688
[setup in-reg] rst_n -> _90793_/RESET_B : -90.651688
[setup in-reg] rst_n -> _90794_/RESET_B : -90.651688
[setup in-reg] rst_n -> _90795_/RESET_B : -90.651688
[setup in-reg] rst_n -> _90796_/RESET_B : -90.651688
[setup in-reg] rst_n -> _90797_/RESET_B : -90.651688
[setup in-reg] rst_n -> _90798_/RESET_B : -90.651688
[setup in-reg] rst_n -> _90799_/RESET_B : -90.651688
[setup in-reg] rst_n -> _90800_/RESET_B : -90.651688
[setup in-reg] rst_n -> _90801_/RESET_B : -90.651688
[setup in-reg] rst_n -> _90802_/RESET_B : -90.651688
[setup in-reg] rst_n -> _90803_/RESET_B : -90.651688
[setup in-reg] rst_n -> _90804_/RESET_B : -90.651688
[setup in-reg] rst_n -> _90805_/RESET_B : -90.651688
[setup in-reg] rst_n -> _90806_/RESET_B : -90.651688
[setup in-reg] rst_n -> _90807_/RESET_B : -90.651688
[setup in-reg] rst_n -> _90808_/RESET_B : -90.651688
[setup in-reg] rst_n -> _90809_/RESET_B : -90.651688
[setup in-reg] rst_n -> _90810_/RESET_B : -90.651688
[setup in-reg] rst_n -> _90811_/RESET_B : -90.651688
[setup in-reg] rst_n -> _90812_/RESET_B : -90.651688
[setup in-reg] rst_n -> _90813_/RESET_B : -90.651688
[setup in-reg] rst_n -> _90814_/RESET_B : -90.651688
[setup in-reg] rst_n -> _90815_/RESET_B : -90.651688
[setup in-reg] rst_n -> _90816_/RESET_B : -90.651688
[setup in-reg] rst_n -> _90817_/RESET_B : -90.651688
[setup in-reg] rst_n -> _90818_/RESET_B : -90.651688
[setup in-reg] rst_n -> _90819_/RESET_B : -90.651688
[setup in-reg] rst_n -> _90820_/RESET_B : -90.651688
[setup in-reg] rst_n -> _90821_/RESET_B : -90.651688
[setup in-reg] rst_n -> _90822_/RESET_B : -90.651688
[setup in-reg] rst_n -> _90823_/RESET_B : -90.651688
[setup in-reg] rst_n -> _90824_/RESET_B : -90.651688
[setup in-reg] rst_n -> _90825_/RESET_B : -90.651688
[setup in-reg] rst_n -> _90826_/RESET_B : -90.651688
[setup in-reg] rst_n -> _90827_/RESET_B : -90.651688
[setup in-reg] rst_n -> _90828_/RESET_B : -90.651688
[setup in-reg] rst_n -> _90829_/RESET_B : -90.651688
[setup in-reg] rst_n -> _90830_/RESET_B : -90.651688
[setup in-reg] rst_n -> _90831_/RESET_B : -90.651688
[setup in-reg] rst_n -> _90832_/RESET_B : -90.651688
[setup in-reg] rst_n -> _90833_/RESET_B : -90.651688
[setup in-reg] rst_n -> _90834_/RESET_B : -90.651688
[setup in-reg] rst_n -> _90835_/RESET_B : -90.651688
[setup in-reg] rst_n -> _90836_/RESET_B : -90.651688
[setup in-reg] rst_n -> _90837_/RESET_B : -90.651688
[setup in-reg] rst_n -> _90838_/RESET_B : -90.651688
[setup in-reg] rst_n -> _90839_/RESET_B : -90.651688
[setup in-reg] rst_n -> _90840_/RESET_B : -90.651688
[setup in-reg] rst_n -> _90841_/RESET_B : -90.651688
[setup in-reg] rst_n -> _90842_/RESET_B : -90.651688
[setup in-reg] rst_n -> _90843_/RESET_B : -90.651688
[setup in-reg] rst_n -> _90844_/RESET_B : -90.651688
[setup in-reg] rst_n -> _90845_/RESET_B : -90.651688
[setup in-reg] rst_n -> _90846_/RESET_B : -90.651688
[setup in-reg] rst_n -> _90847_/RESET_B : -90.651688
[setup in-reg] rst_n -> _90848_/RESET_B : -90.651688
[setup in-reg] rst_n -> _90849_/RESET_B : -90.651688
[setup in-reg] rst_n -> _90850_/RESET_B : -90.651688
[setup in-reg] rst_n -> _90851_/RESET_B : -90.651688
[setup in-reg] rst_n -> _90852_/RESET_B : -90.651688
[setup in-reg] rst_n -> _90853_/RESET_B : -90.651688
[setup in-reg] rst_n -> _90854_/RESET_B : -90.651688
[setup in-reg] rst_n -> _90855_/RESET_B : -90.651688
[setup in-reg] rst_n -> _90856_/RESET_B : -90.651688
[setup in-reg] rst_n -> _90857_/RESET_B : -90.651688
[setup in-reg] rst_n -> _90858_/RESET_B : -90.651688
[setup in-reg] rst_n -> _90859_/RESET_B : -90.651688
[setup in-reg] rst_n -> _90860_/RESET_B : -90.651688
[setup in-reg] rst_n -> _90861_/RESET_B : -90.651688
[setup in-reg] rst_n -> _90862_/RESET_B : -90.651688
[setup in-reg] rst_n -> _90863_/RESET_B : -90.651688
[setup in-reg] rst_n -> _90864_/RESET_B : -90.651688
[setup in-reg] rst_n -> _90865_/RESET_B : -90.651688
[setup in-reg] rst_n -> _90866_/RESET_B : -90.651688
[setup in-reg] rst_n -> _90867_/RESET_B : -90.651688
[setup in-reg] rst_n -> _90868_/RESET_B : -90.651688
[setup in-reg] rst_n -> _90869_/RESET_B : -90.651688
[setup in-reg] rst_n -> _90870_/RESET_B : -90.651688
[setup in-reg] rst_n -> _90871_/RESET_B : -90.651688
[setup in-reg] rst_n -> _90872_/RESET_B : -90.651688
[setup in-reg] rst_n -> _90873_/RESET_B : -90.651688
[setup in-reg] rst_n -> _90874_/RESET_B : -90.651688
[setup in-reg] rst_n -> _90875_/RESET_B : -90.651688
[setup in-reg] rst_n -> _90876_/RESET_B : -90.651688
[setup in-reg] rst_n -> _90877_/RESET_B : -90.651688
[setup in-reg] rst_n -> _90878_/RESET_B : -90.651688
[setup in-reg] rst_n -> _90879_/RESET_B : -90.651688
[setup in-reg] rst_n -> _90880_/RESET_B : -90.651688
[setup in-reg] rst_n -> _90881_/RESET_B : -90.651688
[setup in-reg] rst_n -> _90882_/RESET_B : -90.651688
[setup in-reg] rst_n -> _90883_/RESET_B : -90.651688
[setup in-reg] rst_n -> _90884_/RESET_B : -90.651688
[setup in-reg] rst_n -> _90885_/RESET_B : -90.651688
[setup in-reg] rst_n -> _90886_/RESET_B : -90.651688
[setup in-reg] rst_n -> _90887_/RESET_B : -90.651688
[setup in-reg] rst_n -> _90888_/RESET_B : -90.651688
[setup in-reg] rst_n -> _90889_/RESET_B : -90.651688
[setup in-reg] rst_n -> _90890_/RESET_B : -90.651688
[setup in-reg] rst_n -> _90891_/RESET_B : -90.651688
[setup in-reg] rst_n -> _90892_/RESET_B : -90.651688
[setup in-reg] rst_n -> _90893_/RESET_B : -90.651688
[setup in-reg] rst_n -> _90894_/RESET_B : -90.651688
[setup in-reg] rst_n -> _90895_/RESET_B : -90.651688
[setup in-reg] rst_n -> _90896_/RESET_B : -90.651688
[setup in-reg] rst_n -> _90897_/RESET_B : -90.651688
[setup in-reg] rst_n -> _90898_/RESET_B : -90.651688
[setup in-reg] rst_n -> _90899_/RESET_B : -90.651688
[setup in-reg] rst_n -> _90900_/RESET_B : -90.651688
[setup in-reg] rst_n -> _90901_/RESET_B : -90.651688
[setup in-reg] rst_n -> _90902_/RESET_B : -90.651688
[setup in-reg] rst_n -> _90903_/RESET_B : -90.651688
[setup in-reg] rst_n -> _90904_/RESET_B : -90.651688
[setup in-reg] rst_n -> _90905_/RESET_B : -90.651688
[setup in-reg] rst_n -> _90906_/RESET_B : -90.651688
[setup in-reg] rst_n -> _90907_/RESET_B : -90.651688
[setup in-reg] rst_n -> _90908_/RESET_B : -90.651688
[setup in-reg] rst_n -> _90909_/RESET_B : -90.651688
[setup in-reg] rst_n -> _90910_/RESET_B : -90.651688
[setup in-reg] rst_n -> _90911_/RESET_B : -90.651688
[setup in-reg] rst_n -> _90912_/RESET_B : -90.651688
[setup in-reg] rst_n -> _90913_/RESET_B : -90.651688
[setup in-reg] rst_n -> _90914_/RESET_B : -90.651688
[setup in-reg] rst_n -> _90915_/RESET_B : -90.651688
[setup in-reg] rst_n -> _90916_/RESET_B : -90.651688
[setup in-reg] rst_n -> _90917_/RESET_B : -90.651688
[setup in-reg] rst_n -> _90918_/RESET_B : -90.651688
[setup in-reg] rst_n -> _90919_/RESET_B : -90.651688
[setup in-reg] rst_n -> _90920_/RESET_B : -90.651688
[setup in-reg] rst_n -> _90921_/RESET_B : -90.651688
[setup in-reg] rst_n -> _90922_/RESET_B : -90.651688
[setup in-reg] rst_n -> _90923_/RESET_B : -90.651688
[setup in-reg] rst_n -> _90924_/RESET_B : -90.651688
[setup in-reg] rst_n -> _90925_/RESET_B : -90.651688
[setup in-reg] rst_n -> _90926_/RESET_B : -90.651688
[setup in-reg] rst_n -> _90927_/RESET_B : -90.651688
[setup in-reg] rst_n -> _90928_/RESET_B : -90.651688
[setup in-reg] rst_n -> _90929_/RESET_B : -90.651688
[setup in-reg] rst_n -> _90930_/RESET_B : -90.651688
[setup in-reg] rst_n -> _90931_/RESET_B : -90.651688
[setup in-reg] rst_n -> _90932_/RESET_B : -90.651688
[setup in-reg] rst_n -> _90933_/RESET_B : -90.651688
[setup in-reg] rst_n -> _90934_/RESET_B : -90.651688
[setup in-reg] rst_n -> _90935_/RESET_B : -90.651688
[setup in-reg] rst_n -> _90936_/RESET_B : -90.651688
[setup in-reg] rst_n -> _90937_/RESET_B : -90.651688
[setup in-reg] rst_n -> _90938_/RESET_B : -90.651688
[setup in-reg] rst_n -> _90939_/RESET_B : -90.651688
[setup in-reg] rst_n -> _90940_/RESET_B : -90.651688
[setup in-reg] rst_n -> _90941_/RESET_B : -90.651688
[setup in-reg] rst_n -> _90942_/RESET_B : -90.651688
[setup in-reg] rst_n -> _90943_/RESET_B : -90.651688
[setup in-reg] rst_n -> _90944_/RESET_B : -90.651688
[setup in-reg] rst_n -> _90945_/RESET_B : -90.651688
[setup in-reg] rst_n -> _90946_/RESET_B : -90.651688
[setup in-reg] rst_n -> _90947_/RESET_B : -90.651688
[setup in-reg] rst_n -> _90948_/RESET_B : -90.651688
[setup in-reg] rst_n -> _90949_/RESET_B : -90.651688
[setup in-reg] rst_n -> _90950_/RESET_B : -90.651688
[setup in-reg] rst_n -> _90951_/RESET_B : -90.651688
[setup in-reg] rst_n -> _90952_/RESET_B : -90.651688
[setup in-reg] rst_n -> _90953_/RESET_B : -90.651688
[setup in-reg] rst_n -> _90954_/RESET_B : -90.651688
[setup in-reg] rst_n -> _90955_/RESET_B : -90.651688
[setup in-reg] rst_n -> _90956_/RESET_B : -90.651688
[setup in-reg] rst_n -> _90957_/RESET_B : -90.651688
[setup in-reg] rst_n -> _90958_/RESET_B : -90.651688
[setup in-reg] rst_n -> _90959_/RESET_B : -90.651688
[setup in-reg] rst_n -> _90960_/RESET_B : -90.651688
[setup in-reg] rst_n -> _90961_/RESET_B : -90.651688
[setup in-reg] rst_n -> _90962_/RESET_B : -90.651688
[setup in-reg] rst_n -> _90963_/RESET_B : -90.651688
[setup in-reg] rst_n -> _90964_/RESET_B : -90.651688
[setup in-reg] rst_n -> _90965_/RESET_B : -90.651688
[setup in-reg] rst_n -> _90966_/RESET_B : -90.651688
[setup in-reg] rst_n -> _90967_/RESET_B : -90.651688
[setup in-reg] rst_n -> _90968_/RESET_B : -90.651688
[setup in-reg] rst_n -> _90969_/RESET_B : -90.651688
[setup in-reg] rst_n -> _90970_/RESET_B : -90.651688
[setup in-reg] rst_n -> _90971_/RESET_B : -90.651688
[setup in-reg] rst_n -> _90972_/RESET_B : -90.651688
[setup in-reg] rst_n -> _90973_/RESET_B : -90.651688
[setup in-reg] rst_n -> _90974_/RESET_B : -90.651688
[setup in-reg] rst_n -> _90975_/RESET_B : -90.651688
[setup in-reg] rst_n -> _90976_/RESET_B : -90.651688
[setup in-reg] rst_n -> _90977_/RESET_B : -90.651688
[setup in-reg] rst_n -> _90978_/RESET_B : -90.651688
[setup in-reg] rst_n -> _90979_/RESET_B : -90.651688
[setup in-reg] rst_n -> _90980_/RESET_B : -90.651688
[setup in-reg] rst_n -> _90981_/RESET_B : -90.651688
[setup in-reg] rst_n -> _90982_/RESET_B : -90.651688
[setup in-reg] rst_n -> _90983_/RESET_B : -90.651688
[setup in-reg] rst_n -> _90984_/RESET_B : -90.651688
[setup in-reg] rst_n -> _90985_/RESET_B : -90.651688
[setup in-reg] rst_n -> _90986_/RESET_B : -90.651688
[setup in-reg] rst_n -> _90987_/RESET_B : -90.651688
[setup in-reg] rst_n -> _90988_/RESET_B : -90.651688
[setup in-reg] rst_n -> _90989_/RESET_B : -90.651688
[setup in-reg] rst_n -> _90990_/RESET_B : -90.651688
[setup in-reg] rst_n -> _90991_/RESET_B : -90.651688
[setup in-reg] rst_n -> _90992_/RESET_B : -90.651688
[setup in-reg] rst_n -> _90993_/RESET_B : -90.651688
[setup in-reg] rst_n -> _90994_/RESET_B : -90.651688
[setup in-reg] rst_n -> _90995_/RESET_B : -90.651688
[setup in-reg] rst_n -> _90996_/RESET_B : -90.651688
[setup in-reg] rst_n -> _90997_/RESET_B : -90.651688
[setup in-reg] rst_n -> _90998_/RESET_B : -90.651688
[setup in-reg] rst_n -> _90999_/RESET_B : -90.651688
[setup in-reg] rst_n -> _91000_/RESET_B : -90.651688
[setup in-reg] rst_n -> _91001_/RESET_B : -90.651688
[setup in-reg] rst_n -> _91002_/RESET_B : -90.651688
[setup in-reg] rst_n -> _91003_/RESET_B : -90.651688
[setup in-reg] rst_n -> _91004_/RESET_B : -90.651688
[setup in-reg] rst_n -> _91005_/RESET_B : -90.651688
[setup in-reg] rst_n -> _91006_/RESET_B : -90.651688
[setup in-reg] rst_n -> _91007_/RESET_B : -90.651688
[setup in-reg] rst_n -> _91008_/RESET_B : -90.651688
[setup in-reg] rst_n -> _91009_/RESET_B : -90.651688
[setup in-reg] rst_n -> _91010_/RESET_B : -90.651688
[setup in-reg] rst_n -> _91011_/RESET_B : -90.651688
[setup in-reg] rst_n -> _91012_/RESET_B : -90.651688
[setup in-reg] rst_n -> _91013_/RESET_B : -90.651688
[setup in-reg] rst_n -> _91014_/RESET_B : -90.651688
[setup in-reg] rst_n -> _91015_/RESET_B : -90.651688
[setup in-reg] rst_n -> _91016_/RESET_B : -90.651688
[setup in-reg] rst_n -> _91017_/RESET_B : -90.651688
[setup in-reg] rst_n -> _91018_/RESET_B : -90.651688
[setup in-reg] rst_n -> _91019_/RESET_B : -90.651688
[setup in-reg] rst_n -> _91020_/RESET_B : -90.651688
[setup in-reg] rst_n -> _91021_/RESET_B : -90.651688
[setup in-reg] rst_n -> _91022_/RESET_B : -90.651688
[setup in-reg] rst_n -> _91023_/RESET_B : -90.651688
[setup in-reg] rst_n -> _91024_/RESET_B : -90.651688
[setup in-reg] rst_n -> _91025_/RESET_B : -90.651688
[setup in-reg] rst_n -> _91026_/RESET_B : -90.651688
[setup in-reg] rst_n -> _91027_/RESET_B : -90.651688
[setup in-reg] rst_n -> _91028_/RESET_B : -90.651688
[setup in-reg] rst_n -> _91029_/RESET_B : -90.651688
[setup in-reg] rst_n -> _91030_/RESET_B : -90.651688
[setup in-reg] rst_n -> _91031_/RESET_B : -90.651688
[setup in-reg] rst_n -> _91032_/RESET_B : -90.651688
[setup in-reg] rst_n -> _91033_/RESET_B : -90.651688
[setup in-reg] rst_n -> _91034_/RESET_B : -90.651688
[setup in-reg] rst_n -> _91035_/RESET_B : -90.651688
[setup in-reg] rst_n -> _91036_/RESET_B : -90.651688
[setup in-reg] rst_n -> _91037_/RESET_B : -90.651688
[setup in-reg] rst_n -> _91038_/RESET_B : -90.651688
[setup in-reg] rst_n -> _91039_/RESET_B : -90.651688
[setup in-reg] rst_n -> _91040_/RESET_B : -90.651688
[setup in-reg] rst_n -> _91041_/RESET_B : -90.651688
[setup in-reg] rst_n -> _91042_/RESET_B : -90.651688
[setup in-reg] rst_n -> _91043_/RESET_B : -90.651688
[setup in-reg] rst_n -> _91044_/RESET_B : -90.651688
[setup in-reg] rst_n -> _91045_/RESET_B : -90.651688
[setup in-reg] rst_n -> _91046_/RESET_B : -90.651688
[setup in-reg] rst_n -> _91047_/RESET_B : -90.651688
[setup in-reg] rst_n -> _91048_/RESET_B : -90.651688
[setup in-reg] rst_n -> _91049_/RESET_B : -90.651688
[setup in-reg] rst_n -> _91050_/RESET_B : -90.651688
[setup in-reg] rst_n -> _91051_/RESET_B : -90.651688
[setup in-reg] rst_n -> _91052_/RESET_B : -90.651688
[setup in-reg] rst_n -> _91053_/RESET_B : -90.651688
[setup in-reg] rst_n -> _91054_/RESET_B : -90.651688
[setup in-reg] rst_n -> _91055_/RESET_B : -90.651688
[setup in-reg] rst_n -> _91056_/RESET_B : -90.651688
[setup in-reg] rst_n -> _91057_/RESET_B : -90.651688
[setup in-reg] rst_n -> _91058_/RESET_B : -90.651688
[setup in-reg] rst_n -> _91059_/RESET_B : -90.651688
[setup in-reg] rst_n -> _91060_/RESET_B : -90.651688
[setup in-reg] rst_n -> _91061_/RESET_B : -90.651688
[setup in-reg] rst_n -> _91062_/RESET_B : -90.651688
[setup in-reg] rst_n -> _91063_/RESET_B : -90.651688
[setup in-reg] rst_n -> _91064_/RESET_B : -90.651688
[setup in-reg] rst_n -> _91065_/RESET_B : -90.651688
[setup in-reg] rst_n -> _91066_/RESET_B : -90.651688
[setup in-reg] rst_n -> _91067_/RESET_B : -90.651688
[setup in-reg] rst_n -> _91068_/RESET_B : -90.651688
[setup in-reg] rst_n -> _91069_/RESET_B : -90.651688
[setup in-reg] rst_n -> _91070_/RESET_B : -90.651688
[setup in-reg] rst_n -> _91071_/RESET_B : -90.651688
[setup in-reg] rst_n -> _91072_/RESET_B : -90.651688
[setup in-reg] rst_n -> _91073_/RESET_B : -90.651688
[setup in-reg] rst_n -> _91074_/RESET_B : -90.651688
[setup in-reg] rst_n -> _91075_/RESET_B : -90.651688
[setup in-reg] rst_n -> _91076_/RESET_B : -90.651688
[setup in-reg] rst_n -> _91077_/RESET_B : -90.651688
[setup in-reg] rst_n -> _91078_/RESET_B : -90.651688
[setup in-reg] rst_n -> _91079_/RESET_B : -90.651688
[setup in-reg] rst_n -> _91080_/RESET_B : -90.651688
[setup in-reg] rst_n -> _91081_/RESET_B : -90.651688
[setup in-reg] rst_n -> _91082_/RESET_B : -90.651688
[setup in-reg] rst_n -> _91083_/RESET_B : -90.651688
[setup in-reg] rst_n -> _91084_/RESET_B : -90.651688
[setup in-reg] rst_n -> _91085_/RESET_B : -90.651688
[setup in-reg] rst_n -> _91086_/RESET_B : -90.651688
[setup in-reg] rst_n -> _91087_/RESET_B : -90.651688
[setup in-reg] rst_n -> _91088_/RESET_B : -90.651688
[setup in-reg] rst_n -> _91089_/RESET_B : -90.651688
[setup in-reg] rst_n -> _91090_/RESET_B : -90.651688
[setup in-reg] rst_n -> _91091_/RESET_B : -90.651688
[setup in-reg] rst_n -> _91092_/RESET_B : -90.651688
[setup in-reg] rst_n -> _91093_/RESET_B : -90.651688
[setup in-reg] rst_n -> _91094_/RESET_B : -90.651688
[setup in-reg] rst_n -> _91095_/RESET_B : -90.651688
[setup in-reg] rst_n -> _91096_/RESET_B : -90.651688
[setup in-reg] rst_n -> _91097_/RESET_B : -90.651688
[setup in-reg] rst_n -> _91098_/RESET_B : -90.651688
[setup in-reg] rst_n -> _91099_/RESET_B : -90.651688
[setup in-reg] rst_n -> _91100_/RESET_B : -90.651688
[setup in-reg] rst_n -> _91101_/RESET_B : -90.651688
[setup in-reg] rst_n -> _91102_/RESET_B : -90.651688
[setup in-reg] rst_n -> _91103_/RESET_B : -90.651688
[setup in-reg] rst_n -> _91104_/RESET_B : -90.651688
[setup in-reg] rst_n -> _91105_/RESET_B : -90.651688
[setup in-reg] rst_n -> _91106_/RESET_B : -90.651688
[setup in-reg] rst_n -> _91107_/RESET_B : -90.651688
[setup in-reg] rst_n -> _91108_/RESET_B : -90.651688
[setup in-reg] rst_n -> _91109_/RESET_B : -90.651688
[setup in-reg] rst_n -> _91110_/RESET_B : -90.651688
[setup in-reg] rst_n -> _91111_/RESET_B : -90.651688
[setup in-reg] rst_n -> _91112_/RESET_B : -90.651688
[setup in-reg] rst_n -> _91113_/RESET_B : -90.651688
[setup in-reg] rst_n -> _91114_/RESET_B : -90.651688
[setup in-reg] rst_n -> _91115_/RESET_B : -90.651688
[setup in-reg] rst_n -> _91116_/RESET_B : -90.651688
[setup in-reg] rst_n -> _91117_/RESET_B : -90.651688
[setup in-reg] rst_n -> _91118_/RESET_B : -90.651688
[setup in-reg] rst_n -> _91119_/RESET_B : -90.651688
[setup in-reg] rst_n -> _91120_/RESET_B : -90.651688
[setup in-reg] rst_n -> _91121_/RESET_B : -90.651688
[setup in-reg] rst_n -> _91122_/RESET_B : -90.651688
[setup in-reg] rst_n -> _91123_/RESET_B : -90.651688
[setup in-reg] rst_n -> _91124_/RESET_B : -90.651688
[setup in-reg] rst_n -> _91125_/RESET_B : -90.651688
[setup in-reg] rst_n -> _91126_/RESET_B : -90.651688
[setup in-reg] rst_n -> _91127_/RESET_B : -90.651688
[setup in-reg] rst_n -> _91128_/RESET_B : -90.651688
[setup in-reg] rst_n -> _91129_/RESET_B : -90.651688
[setup in-reg] rst_n -> _91130_/RESET_B : -90.651688
[setup in-reg] rst_n -> _91131_/RESET_B : -90.651688
[setup in-reg] rst_n -> _91132_/RESET_B : -90.651688
[setup in-reg] rst_n -> _91133_/RESET_B : -90.651688
[setup in-reg] rst_n -> _91134_/RESET_B : -90.651688
[setup in-reg] rst_n -> _91135_/RESET_B : -90.651688
[setup in-reg] rst_n -> _91136_/RESET_B : -90.651688
[setup in-reg] rst_n -> _91137_/RESET_B : -90.651688
[setup in-reg] rst_n -> _91138_/RESET_B : -90.651688
[setup in-reg] rst_n -> _91139_/RESET_B : -90.651688
[setup in-reg] rst_n -> _91140_/RESET_B : -90.651688
[setup in-reg] rst_n -> _91141_/RESET_B : -90.651688
[setup in-reg] rst_n -> _91142_/RESET_B : -90.651688
[setup in-reg] rst_n -> _91143_/RESET_B : -90.651688
[setup in-reg] rst_n -> _91144_/RESET_B : -90.651688
[setup in-reg] rst_n -> _91145_/RESET_B : -90.651688
[setup in-reg] rst_n -> _91146_/RESET_B : -90.651688
[setup in-reg] rst_n -> _91147_/RESET_B : -90.651688
[setup in-reg] rst_n -> _91148_/RESET_B : -90.651688
[setup in-reg] rst_n -> _91149_/RESET_B : -90.651688
[setup in-reg] rst_n -> _91150_/RESET_B : -90.651688
[setup in-reg] rst_n -> _91151_/RESET_B : -90.651688
[setup in-reg] rst_n -> _91152_/RESET_B : -90.651688
[setup in-reg] rst_n -> _91153_/RESET_B : -90.651688
[setup in-reg] rst_n -> _91154_/RESET_B : -90.651688
[setup in-reg] rst_n -> _91155_/RESET_B : -90.651688
[setup in-reg] rst_n -> _91156_/RESET_B : -90.651688
[setup in-reg] rst_n -> _91157_/RESET_B : -90.651688
[setup in-reg] rst_n -> _91158_/RESET_B : -90.651688
[setup in-reg] rst_n -> _91159_/RESET_B : -90.651688
[setup in-reg] rst_n -> _91160_/RESET_B : -90.651688
[setup in-reg] rst_n -> _91161_/RESET_B : -90.651688
[setup in-reg] rst_n -> _91162_/RESET_B : -90.651688
[setup in-reg] rst_n -> _91163_/RESET_B : -90.651688
[setup in-reg] rst_n -> _91164_/RESET_B : -90.651688
[setup in-reg] rst_n -> _91165_/RESET_B : -90.651688
[setup in-reg] rst_n -> _91166_/RESET_B : -90.651688
[setup in-reg] rst_n -> _91167_/RESET_B : -90.651688
[setup in-reg] rst_n -> _91168_/RESET_B : -90.651688
[setup in-reg] rst_n -> _91169_/RESET_B : -90.651688
[setup in-reg] rst_n -> _91170_/RESET_B : -90.651688
[setup in-reg] rst_n -> _91171_/RESET_B : -90.651688
[setup in-reg] rst_n -> _91172_/RESET_B : -90.651688
[setup in-reg] rst_n -> _91173_/RESET_B : -90.651688
[setup in-reg] rst_n -> _91174_/RESET_B : -90.651688
[setup in-reg] rst_n -> _91175_/RESET_B : -90.651688
[setup in-reg] rst_n -> _91176_/RESET_B : -90.651688
[setup in-reg] rst_n -> _91177_/RESET_B : -90.651688
[setup in-reg] rst_n -> _91178_/RESET_B : -90.651688
[setup in-reg] rst_n -> _91179_/RESET_B : -90.651688
[setup in-reg] rst_n -> _91180_/RESET_B : -90.651688
[setup in-reg] rst_n -> _91181_/RESET_B : -90.651688
[setup in-reg] rst_n -> _91182_/RESET_B : -90.651688
[setup in-reg] rst_n -> _91183_/RESET_B : -90.651688
[setup in-reg] rst_n -> _91184_/RESET_B : -90.651688
[setup in-reg] rst_n -> _91185_/RESET_B : -90.651688
[setup in-reg] rst_n -> _91186_/RESET_B : -90.651688
[setup in-reg] rst_n -> _91187_/RESET_B : -90.651688
[setup in-reg] rst_n -> _91188_/RESET_B : -90.651688
[setup in-reg] rst_n -> _91189_/RESET_B : -90.651688
[setup in-reg] rst_n -> _91190_/RESET_B : -90.651688
[setup in-reg] rst_n -> _91191_/RESET_B : -90.651688
[setup in-reg] rst_n -> _91192_/RESET_B : -90.651688
[setup in-reg] rst_n -> _91193_/RESET_B : -90.651688
[setup in-reg] rst_n -> _91194_/RESET_B : -90.651688
[setup in-reg] rst_n -> _91195_/RESET_B : -90.651688
[setup in-reg] rst_n -> _91196_/RESET_B : -90.651688
[setup in-reg] rst_n -> _91197_/RESET_B : -90.651688
[setup in-reg] rst_n -> _91198_/RESET_B : -90.651688
[setup in-reg] rst_n -> _91199_/RESET_B : -90.651688
[setup in-reg] rst_n -> _91200_/RESET_B : -90.651688
[setup in-reg] rst_n -> _91201_/RESET_B : -90.651688
[setup in-reg] rst_n -> _91202_/RESET_B : -90.651688
[setup in-reg] rst_n -> _91203_/RESET_B : -90.651688
[setup in-reg] rst_n -> _91204_/RESET_B : -90.651688
[setup in-reg] rst_n -> _91205_/RESET_B : -90.651688
[setup in-reg] rst_n -> _91206_/RESET_B : -90.651688
[setup in-reg] rst_n -> _91207_/RESET_B : -90.651688
[setup in-reg] rst_n -> _91208_/RESET_B : -90.651688
[setup in-reg] rst_n -> _91209_/RESET_B : -90.651688
[setup in-reg] rst_n -> _91210_/RESET_B : -90.651688
[setup in-reg] rst_n -> _91211_/RESET_B : -90.651688
[setup in-reg] rst_n -> _91212_/RESET_B : -90.651688
[setup in-reg] rst_n -> _91213_/RESET_B : -90.651688
[setup in-reg] rst_n -> _91214_/RESET_B : -90.651688
[setup in-reg] rst_n -> _91215_/RESET_B : -90.651688
[setup in-reg] rst_n -> _91216_/RESET_B : -90.651688
[setup in-reg] rst_n -> _91217_/RESET_B : -90.651688
[setup in-reg] rst_n -> _91218_/RESET_B : -90.651688
[setup in-reg] rst_n -> _91219_/RESET_B : -90.651688
[setup in-reg] rst_n -> _91220_/RESET_B : -90.651688
[setup in-reg] rst_n -> _91221_/RESET_B : -90.651688
[setup in-reg] rst_n -> _91222_/RESET_B : -90.651688
[setup in-reg] rst_n -> _91223_/RESET_B : -90.651688
[setup in-reg] rst_n -> _91224_/RESET_B : -90.651688
[setup in-reg] rst_n -> _91225_/RESET_B : -90.651688
[setup in-reg] rst_n -> _91226_/RESET_B : -90.651688
[setup in-reg] rst_n -> _91227_/RESET_B : -90.651688
[setup in-reg] rst_n -> _91228_/RESET_B : -90.651688
[setup in-reg] rst_n -> _91229_/RESET_B : -90.651688
[setup in-reg] rst_n -> _91230_/RESET_B : -90.651688
[setup in-reg] rst_n -> _91231_/RESET_B : -90.651688
[setup in-reg] rst_n -> _91232_/RESET_B : -90.651688
[setup in-reg] rst_n -> _91233_/RESET_B : -90.651688
[setup in-reg] rst_n -> _91234_/RESET_B : -90.651688
[setup in-reg] rst_n -> _91235_/RESET_B : -90.651688
[setup in-reg] rst_n -> _91236_/RESET_B : -90.651688
[setup in-reg] rst_n -> _91237_/RESET_B : -90.651688
[setup in-reg] rst_n -> _91238_/RESET_B : -90.651688
[setup in-reg] rst_n -> _91239_/RESET_B : -90.651688
[setup in-reg] rst_n -> _91240_/RESET_B : -90.651688
[setup in-reg] rst_n -> _91241_/RESET_B : -90.651688
[setup in-reg] rst_n -> _91242_/RESET_B : -90.651688
[setup in-reg] rst_n -> _91243_/RESET_B : -90.651688
[setup in-reg] rst_n -> _91244_/RESET_B : -90.651688
[setup in-reg] rst_n -> _91245_/RESET_B : -90.651688
[setup in-reg] rst_n -> _91246_/RESET_B : -90.651688
[setup in-reg] rst_n -> _91247_/RESET_B : -90.651688
[setup in-reg] rst_n -> _91248_/RESET_B : -90.651688
[setup in-reg] rst_n -> _91249_/RESET_B : -90.651688
[setup in-reg] rst_n -> _91250_/RESET_B : -90.651688
[setup in-reg] rst_n -> _91251_/RESET_B : -90.651688
[setup in-reg] rst_n -> _91252_/RESET_B : -90.651688
[setup in-reg] rst_n -> _91253_/RESET_B : -90.651688
[setup in-reg] rst_n -> _91254_/RESET_B : -90.651688
[setup in-reg] rst_n -> _91255_/RESET_B : -90.651688
[setup in-reg] rst_n -> _91256_/RESET_B : -90.651688
[setup in-reg] rst_n -> _91257_/RESET_B : -90.651688
[setup in-reg] rst_n -> _91258_/RESET_B : -90.651688
[setup in-reg] rst_n -> _91259_/RESET_B : -90.651688
[setup in-reg] rst_n -> _91260_/RESET_B : -90.651688
[setup in-reg] rst_n -> _91261_/RESET_B : -90.651688
[setup in-reg] rst_n -> _91262_/RESET_B : -90.651688
[setup in-reg] rst_n -> _91263_/RESET_B : -90.651688
[setup in-reg] rst_n -> _91264_/RESET_B : -90.651688
[setup in-reg] rst_n -> _91265_/RESET_B : -90.651688
[setup in-reg] rst_n -> _91266_/RESET_B : -90.651688
[setup in-reg] rst_n -> _91267_/RESET_B : -90.651688
[setup in-reg] rst_n -> _91268_/RESET_B : -90.651688
[setup in-reg] rst_n -> _91269_/RESET_B : -90.651688
[setup in-reg] rst_n -> _91270_/RESET_B : -90.651688
[setup in-reg] rst_n -> _91271_/RESET_B : -90.651688
[setup in-reg] rst_n -> _91272_/RESET_B : -90.651688
[setup in-reg] rst_n -> _91273_/RESET_B : -90.651688
[setup in-reg] rst_n -> _91274_/RESET_B : -90.651688
[setup in-reg] rst_n -> _91275_/RESET_B : -90.651688
[setup in-reg] rst_n -> _91276_/RESET_B : -90.651688
[setup in-reg] rst_n -> _91277_/RESET_B : -90.651688
[setup in-reg] rst_n -> _91278_/RESET_B : -90.651688
[setup in-reg] rst_n -> _91279_/RESET_B : -90.651688
[setup in-reg] rst_n -> _91280_/RESET_B : -90.651688
[setup in-reg] rst_n -> _91281_/RESET_B : -90.651688
[setup in-reg] rst_n -> _91282_/RESET_B : -90.651688
[setup in-reg] rst_n -> _91283_/RESET_B : -90.651688
[setup in-reg] rst_n -> _91284_/RESET_B : -90.651688
[setup in-reg] rst_n -> _91285_/RESET_B : -90.651688
[setup in-reg] rst_n -> _91286_/RESET_B : -90.651688
[setup in-reg] rst_n -> _91287_/RESET_B : -90.651688
[setup in-reg] rst_n -> _91288_/RESET_B : -90.651688
[setup in-reg] rst_n -> _91289_/RESET_B : -90.651688
[setup in-reg] rst_n -> _91290_/RESET_B : -90.651688
[setup in-reg] rst_n -> _91291_/RESET_B : -90.651688
[setup in-reg] rst_n -> _91292_/RESET_B : -90.651688
[setup in-reg] rst_n -> _91293_/RESET_B : -90.651688
[setup in-reg] rst_n -> _91294_/RESET_B : -90.651688
[setup in-reg] rst_n -> _91295_/RESET_B : -90.651688
[setup in-reg] rst_n -> _91296_/RESET_B : -90.651688
[setup in-reg] rst_n -> _91297_/RESET_B : -90.651688
[setup in-reg] rst_n -> _91298_/RESET_B : -90.651688
[setup in-reg] rst_n -> _91299_/RESET_B : -90.651688
[setup in-reg] rst_n -> _91300_/RESET_B : -90.651688
[setup in-reg] rst_n -> _91301_/RESET_B : -90.651688
[setup in-reg] rst_n -> _91302_/RESET_B : -90.651688
[setup in-reg] rst_n -> _91303_/RESET_B : -90.651688
[setup in-reg] rst_n -> _91304_/RESET_B : -90.651688
[setup in-reg] rst_n -> _91305_/RESET_B : -90.651688
[setup in-reg] rst_n -> _91306_/RESET_B : -90.651688
[setup in-reg] rst_n -> _91307_/RESET_B : -90.651688
[setup in-reg] rst_n -> _91308_/RESET_B : -90.651688
[setup in-reg] rst_n -> _91309_/RESET_B : -90.651688
[setup in-reg] rst_n -> _91310_/RESET_B : -90.651688
[setup in-reg] rst_n -> _91311_/RESET_B : -90.651688
[setup in-reg] rst_n -> _91312_/RESET_B : -90.651688
[setup in-reg] rst_n -> _91313_/RESET_B : -90.651688
[setup in-reg] rst_n -> _91314_/RESET_B : -90.651688
[setup in-reg] rst_n -> _91315_/RESET_B : -90.651688
[setup in-reg] rst_n -> _91316_/RESET_B : -90.651688
[setup in-reg] rst_n -> _91317_/RESET_B : -90.651688
[setup in-reg] rst_n -> _91318_/RESET_B : -90.651688
[setup in-reg] rst_n -> _91319_/RESET_B : -90.651688
[setup in-reg] rst_n -> _91320_/RESET_B : -90.651688
[setup in-reg] rst_n -> _91321_/RESET_B : -90.651688
[setup in-reg] rst_n -> _91322_/RESET_B : -90.651688
[setup in-reg] rst_n -> _91323_/RESET_B : -90.651688
[setup in-reg] rst_n -> _91324_/RESET_B : -90.651688
[setup in-reg] rst_n -> _91325_/RESET_B : -90.651688
[setup in-reg] rst_n -> _91326_/RESET_B : -90.651688
[setup in-reg] rst_n -> _91327_/RESET_B : -90.651688
[setup in-reg] rst_n -> _91328_/RESET_B : -90.651688
[setup in-reg] rst_n -> _91329_/RESET_B : -90.651688
[setup in-reg] rst_n -> _91330_/RESET_B : -90.651688
[setup in-reg] rst_n -> _91331_/RESET_B : -90.651688
[setup in-reg] rst_n -> _91332_/RESET_B : -90.651688
[setup in-reg] rst_n -> _91333_/RESET_B : -90.651688
[setup in-reg] rst_n -> _91334_/RESET_B : -90.651688
[setup in-reg] rst_n -> _91335_/RESET_B : -90.651688
[setup in-reg] rst_n -> _91336_/RESET_B : -90.651688
[setup in-reg] rst_n -> _91337_/RESET_B : -90.651688
[setup in-reg] rst_n -> _91338_/RESET_B : -90.651688
[setup in-reg] rst_n -> _91339_/RESET_B : -90.651688
[setup in-reg] rst_n -> _91340_/RESET_B : -90.651688
[setup in-reg] rst_n -> _91341_/RESET_B : -90.651688
[setup in-reg] rst_n -> _91342_/RESET_B : -90.651688
[setup in-reg] rst_n -> _91343_/RESET_B : -90.651688
[setup in-reg] rst_n -> _91344_/RESET_B : -90.651688
[setup in-reg] rst_n -> _91345_/RESET_B : -90.651688
[setup in-reg] rst_n -> _91346_/RESET_B : -90.651688
[setup in-reg] rst_n -> _91347_/RESET_B : -90.651688
[setup in-reg] rst_n -> _91348_/RESET_B : -90.651688
[setup in-reg] rst_n -> _91349_/RESET_B : -90.651688
[setup in-reg] rst_n -> _91350_/RESET_B : -90.651688
[setup in-reg] rst_n -> _91351_/RESET_B : -90.651688
[setup in-reg] rst_n -> _91352_/RESET_B : -90.651688
[setup in-reg] rst_n -> _91353_/RESET_B : -90.651688
[setup in-reg] rst_n -> _91354_/RESET_B : -90.651688
[setup in-reg] rst_n -> _91355_/RESET_B : -90.651688
[setup in-reg] rst_n -> _91356_/RESET_B : -90.651688
[setup in-reg] rst_n -> _91357_/RESET_B : -90.651688
[setup in-reg] rst_n -> _91358_/RESET_B : -90.651688
[setup in-reg] rst_n -> _91359_/RESET_B : -90.651688
[setup in-reg] rst_n -> _91360_/RESET_B : -90.651688
[setup in-reg] rst_n -> _91361_/RESET_B : -90.651688
[setup in-reg] rst_n -> _91362_/RESET_B : -90.651688
[setup in-reg] rst_n -> _91363_/RESET_B : -90.651688
[setup in-reg] rst_n -> _91364_/RESET_B : -90.651688
[setup in-reg] rst_n -> _91365_/RESET_B : -90.651688
[setup in-reg] rst_n -> _91366_/RESET_B : -90.651688
[setup in-reg] rst_n -> _91367_/RESET_B : -90.651688
[setup in-reg] rst_n -> _91368_/RESET_B : -90.651688
[setup in-reg] rst_n -> _91369_/RESET_B : -90.651688
[setup in-reg] rst_n -> _91370_/RESET_B : -90.651688
[setup in-reg] rst_n -> _91371_/RESET_B : -90.651688
[setup in-reg] rst_n -> _91372_/RESET_B : -90.651688
[setup in-reg] rst_n -> _91373_/RESET_B : -90.651688
[setup in-reg] rst_n -> _91374_/RESET_B : -90.651688
[setup in-reg] rst_n -> _91375_/RESET_B : -90.651688
[setup in-reg] rst_n -> _91376_/RESET_B : -90.651688
[setup in-reg] rst_n -> _91377_/RESET_B : -90.651688
[setup in-reg] rst_n -> _91378_/RESET_B : -90.651688
[setup in-reg] rst_n -> _91379_/RESET_B : -90.651688
[setup in-reg] rst_n -> _91380_/RESET_B : -90.651688
[setup in-reg] rst_n -> _91381_/RESET_B : -90.651688
[setup in-reg] rst_n -> _91382_/RESET_B : -90.651688
[setup in-reg] rst_n -> _91383_/RESET_B : -90.651688
[setup in-reg] rst_n -> _91384_/RESET_B : -90.651688
[setup in-reg] rst_n -> _91385_/RESET_B : -90.651688
[setup in-reg] rst_n -> _91386_/RESET_B : -90.651688
[setup in-reg] rst_n -> _91387_/RESET_B : -90.651688
[setup in-reg] rst_n -> _91388_/RESET_B : -90.651688
[setup in-reg] rst_n -> _91389_/RESET_B : -90.651688
[setup in-reg] rst_n -> _91390_/RESET_B : -90.651688
[setup in-reg] rst_n -> _91391_/RESET_B : -90.651688
[setup in-reg] rst_n -> _91392_/RESET_B : -90.651688
[setup in-reg] rst_n -> _91393_/RESET_B : -90.651688
[setup in-reg] rst_n -> _91394_/RESET_B : -90.651688
[setup in-reg] rst_n -> _91395_/RESET_B : -90.651688
[setup in-reg] rst_n -> _91396_/RESET_B : -90.651688
[setup in-reg] rst_n -> _91397_/RESET_B : -90.651688
[setup in-reg] rst_n -> _91398_/RESET_B : -90.651688
[setup in-reg] rst_n -> _91399_/RESET_B : -90.651688
[setup in-reg] rst_n -> _91400_/RESET_B : -90.651688
[setup in-reg] rst_n -> _91401_/RESET_B : -90.651688
[setup in-reg] rst_n -> _91402_/RESET_B : -90.651688
[setup in-reg] rst_n -> _91403_/RESET_B : -90.651688
[setup in-reg] rst_n -> _91404_/RESET_B : -90.651688
[setup in-reg] rst_n -> _91405_/RESET_B : -90.651688
[setup in-reg] rst_n -> _91406_/RESET_B : -90.651688
[setup in-reg] rst_n -> _91407_/RESET_B : -90.651688
[setup in-reg] rst_n -> _91408_/RESET_B : -90.651688
[setup in-reg] rst_n -> _91409_/RESET_B : -90.651688
[setup in-reg] rst_n -> _91410_/RESET_B : -90.651688
[setup in-reg] rst_n -> _91411_/RESET_B : -90.651688
[setup in-reg] rst_n -> _91412_/RESET_B : -90.651688
[setup in-reg] rst_n -> _91413_/RESET_B : -90.651688
[setup in-reg] rst_n -> _91414_/RESET_B : -90.651688
[setup in-reg] rst_n -> _91415_/RESET_B : -90.651688
[setup in-reg] rst_n -> _91416_/RESET_B : -90.651688
[setup in-reg] rst_n -> _91417_/RESET_B : -90.651688
[setup in-reg] rst_n -> _91418_/RESET_B : -90.651688
[setup in-reg] rst_n -> _91419_/RESET_B : -90.651688
[setup in-reg] rst_n -> _91420_/RESET_B : -90.651688
[setup in-reg] rst_n -> _91421_/RESET_B : -90.651688
[setup in-reg] rst_n -> _91422_/RESET_B : -90.651688
[setup in-reg] rst_n -> _91423_/RESET_B : -90.651688
[setup in-reg] rst_n -> _91424_/RESET_B : -90.651688
[setup in-reg] rst_n -> _91425_/RESET_B : -90.651688
[setup in-reg] rst_n -> _91426_/RESET_B : -90.651688
[setup in-reg] rst_n -> _91427_/RESET_B : -90.651688
[setup in-reg] rst_n -> _91428_/RESET_B : -90.651688
[setup in-reg] rst_n -> _91429_/RESET_B : -90.651688
[setup in-reg] rst_n -> _91430_/RESET_B : -90.651688
[setup in-reg] rst_n -> _91431_/RESET_B : -90.651688
[setup in-reg] rst_n -> _91432_/RESET_B : -90.651688
[setup in-reg] rst_n -> _91433_/RESET_B : -90.651688
[setup in-reg] rst_n -> _91434_/RESET_B : -90.651688
[setup in-reg] rst_n -> _91435_/RESET_B : -90.651688
[setup in-reg] rst_n -> _91436_/RESET_B : -90.651688
[setup in-reg] rst_n -> _91437_/RESET_B : -90.651688
[setup in-reg] rst_n -> _91438_/RESET_B : -90.651688
[setup in-reg] rst_n -> _91439_/RESET_B : -90.651688
[setup in-reg] rst_n -> _91440_/RESET_B : -90.651688
[setup in-reg] rst_n -> _91441_/RESET_B : -90.651688
[setup in-reg] rst_n -> _91442_/RESET_B : -90.651688
[setup in-reg] rst_n -> _91443_/RESET_B : -90.651688
[setup in-reg] rst_n -> _91444_/RESET_B : -90.651688
[setup in-reg] rst_n -> _91445_/RESET_B : -90.651688
[setup in-reg] rst_n -> _91446_/RESET_B : -90.651688
[setup in-reg] rst_n -> _91447_/RESET_B : -90.651688
[setup in-reg] rst_n -> _91448_/RESET_B : -90.651688
[setup in-reg] rst_n -> _91449_/RESET_B : -90.651688
[setup in-reg] rst_n -> _91450_/RESET_B : -90.651688
[setup in-reg] rst_n -> _91451_/RESET_B : -90.651688
[setup in-reg] rst_n -> _91452_/RESET_B : -90.651688
[setup in-reg] rst_n -> _91453_/RESET_B : -90.651688
[setup in-reg] rst_n -> _91454_/RESET_B : -90.651688
[setup in-reg] rst_n -> _91455_/RESET_B : -90.651688
[setup in-reg] rst_n -> _91456_/RESET_B : -90.651688
[setup in-reg] rst_n -> _91457_/RESET_B : -90.651688
[setup in-reg] rst_n -> _91458_/RESET_B : -90.651688
[setup in-reg] rst_n -> _91459_/RESET_B : -90.651688
[setup in-reg] rst_n -> _91460_/RESET_B : -90.651688
[setup in-reg] rst_n -> _91461_/RESET_B : -90.651688
[setup in-reg] rst_n -> _91462_/RESET_B : -90.651688
[setup in-reg] rst_n -> _91463_/RESET_B : -90.651688
[setup in-reg] rst_n -> _91464_/RESET_B : -90.651688
[setup in-reg] rst_n -> _91465_/RESET_B : -90.651688
[setup in-reg] rst_n -> _91466_/RESET_B : -90.651688
[setup in-reg] rst_n -> _91467_/RESET_B : -90.651688
[setup in-reg] rst_n -> _91468_/RESET_B : -90.651688
[setup in-reg] rst_n -> _91469_/RESET_B : -90.651688
[setup in-reg] rst_n -> _91470_/RESET_B : -90.651688
[setup in-reg] rst_n -> _91471_/RESET_B : -90.651688
[setup in-reg] rst_n -> _91472_/RESET_B : -90.651688
[setup in-reg] rst_n -> _91473_/RESET_B : -90.651688
[setup in-reg] rst_n -> _91474_/RESET_B : -90.651688
[setup in-reg] rst_n -> _91475_/RESET_B : -90.651688
[setup in-reg] rst_n -> _91476_/RESET_B : -90.651688
[setup in-reg] rst_n -> _91477_/RESET_B : -90.651688
[setup in-reg] rst_n -> _91478_/RESET_B : -90.651688
[setup in-reg] rst_n -> _91479_/RESET_B : -90.651688
[setup in-reg] rst_n -> _91480_/RESET_B : -90.651688
[setup in-reg] rst_n -> _91481_/RESET_B : -90.651688
[setup in-reg] rst_n -> _91482_/RESET_B : -90.651688
[setup in-reg] rst_n -> _91483_/RESET_B : -90.651688
[setup in-reg] rst_n -> _91484_/RESET_B : -90.651688
[setup in-reg] rst_n -> _91485_/RESET_B : -90.651688
[setup in-reg] rst_n -> _91486_/RESET_B : -90.651688
[setup in-reg] rst_n -> _91487_/RESET_B : -90.651688
[setup in-reg] rst_n -> _91488_/RESET_B : -90.651688
[setup in-reg] rst_n -> _91489_/RESET_B : -90.651688
[setup in-reg] rst_n -> _91490_/RESET_B : -90.651688
[setup in-reg] rst_n -> _91491_/RESET_B : -90.651688
[setup in-reg] rst_n -> _91492_/RESET_B : -90.651688
[setup in-reg] rst_n -> _91493_/RESET_B : -90.651688
[setup in-reg] rst_n -> _91494_/RESET_B : -90.651688
[setup in-reg] rst_n -> _91495_/RESET_B : -90.651688
[setup in-reg] rst_n -> _91496_/RESET_B : -90.651688
[setup in-reg] rst_n -> _91497_/RESET_B : -90.651688
[setup in-reg] rst_n -> _91498_/RESET_B : -90.651688
[setup in-reg] rst_n -> _91499_/RESET_B : -90.651688
[setup in-reg] rst_n -> _91500_/RESET_B : -90.651688
[setup in-reg] rst_n -> _91501_/RESET_B : -90.651688
[setup in-reg] rst_n -> _91502_/RESET_B : -90.651688
[setup in-reg] rst_n -> _91503_/RESET_B : -90.651688
[setup in-reg] rst_n -> _91504_/RESET_B : -90.651688
[setup in-reg] rst_n -> _91505_/RESET_B : -90.651688
[setup in-reg] rst_n -> _91506_/RESET_B : -90.651688
[setup in-reg] rst_n -> _91507_/RESET_B : -90.651688
[setup in-reg] rst_n -> _91508_/RESET_B : -90.651688
[setup in-reg] rst_n -> _91509_/RESET_B : -90.651688
[setup in-reg] rst_n -> _91510_/RESET_B : -90.651688
[setup in-reg] rst_n -> _91511_/RESET_B : -90.651688
[setup in-reg] rst_n -> _91512_/RESET_B : -90.651688
[setup in-reg] rst_n -> _91513_/RESET_B : -90.651688
[setup in-reg] rst_n -> _91514_/RESET_B : -90.651688
[setup in-reg] rst_n -> _91515_/RESET_B : -90.651688
[setup in-reg] rst_n -> _91516_/RESET_B : -90.651688
[setup in-reg] rst_n -> _91517_/RESET_B : -90.651688
[setup in-reg] rst_n -> _91518_/RESET_B : -90.651688
[setup in-reg] rst_n -> _91519_/RESET_B : -90.651688
[setup in-reg] rst_n -> _91520_/RESET_B : -90.651688
[setup in-reg] rst_n -> _91521_/RESET_B : -90.651688
[setup in-reg] rst_n -> _91522_/RESET_B : -90.651688
[setup in-reg] rst_n -> _91523_/RESET_B : -90.651688
[setup in-reg] rst_n -> _91524_/RESET_B : -90.651688
[setup in-reg] rst_n -> _91525_/RESET_B : -90.651688
[setup in-reg] rst_n -> _91526_/RESET_B : -90.651688
[setup in-reg] rst_n -> _91527_/RESET_B : -90.651688
[setup in-reg] rst_n -> _91528_/RESET_B : -90.651688
[setup in-reg] rst_n -> _91529_/RESET_B : -90.651688
[setup in-reg] rst_n -> _91530_/RESET_B : -90.651688
[setup in-reg] rst_n -> _91531_/RESET_B : -90.651688
[setup in-reg] rst_n -> _91532_/RESET_B : -90.651688
[setup in-reg] rst_n -> _91533_/RESET_B : -90.651688
[setup in-reg] rst_n -> _91534_/RESET_B : -90.651688
[setup in-reg] rst_n -> _91535_/RESET_B : -90.651688
[setup in-reg] rst_n -> _91536_/RESET_B : -90.651688
[setup in-reg] rst_n -> _91537_/RESET_B : -90.651688
[setup in-reg] rst_n -> _91538_/RESET_B : -90.651688
[setup in-reg] rst_n -> _91539_/RESET_B : -90.651688
[setup in-reg] rst_n -> _91540_/RESET_B : -90.651688
[setup in-reg] rst_n -> _91541_/RESET_B : -90.651688
[setup in-reg] rst_n -> _91542_/RESET_B : -90.651688
[setup in-reg] rst_n -> _91543_/RESET_B : -90.651688
[setup in-reg] rst_n -> _91544_/RESET_B : -90.651688
[setup in-reg] rst_n -> _91545_/RESET_B : -90.651688
[setup in-reg] rst_n -> _91546_/RESET_B : -90.651688
[setup in-reg] rst_n -> _91547_/RESET_B : -90.651688
[setup in-reg] rst_n -> _91548_/RESET_B : -90.651688
[setup in-reg] rst_n -> _91549_/RESET_B : -90.651688
[setup in-reg] rst_n -> _91550_/RESET_B : -90.651688
[setup in-reg] rst_n -> _91551_/RESET_B : -90.651688
[setup in-reg] rst_n -> _91552_/RESET_B : -90.651688
[setup in-reg] rst_n -> _91553_/RESET_B : -90.651688
[setup in-reg] rst_n -> _91554_/RESET_B : -90.651688
[setup in-reg] rst_n -> _91555_/RESET_B : -90.651688
[setup in-reg] rst_n -> _91556_/RESET_B : -90.651688
[setup in-reg] rst_n -> _91557_/RESET_B : -90.651688
[setup in-reg] rst_n -> _91558_/RESET_B : -90.651688
[setup in-reg] rst_n -> _91559_/RESET_B : -90.651688
[setup in-reg] rst_n -> _91560_/RESET_B : -90.651688
[setup in-reg] rst_n -> _91561_/RESET_B : -90.651688
[setup in-reg] rst_n -> _91562_/RESET_B : -90.651688
[setup in-reg] rst_n -> _91563_/RESET_B : -90.651688
[setup in-reg] rst_n -> _91564_/RESET_B : -90.651688
[setup in-reg] rst_n -> _91565_/RESET_B : -90.651688
[setup in-reg] rst_n -> _91566_/RESET_B : -90.651688
[setup in-reg] rst_n -> _91567_/RESET_B : -90.651688
[setup in-reg] rst_n -> _91568_/RESET_B : -90.651688
[setup in-reg] rst_n -> _91569_/RESET_B : -90.651688
[setup in-reg] rst_n -> _91570_/RESET_B : -90.651688
[setup in-reg] rst_n -> _91571_/RESET_B : -90.651688
[setup in-reg] rst_n -> _91572_/RESET_B : -90.651688
[setup in-reg] rst_n -> _91573_/RESET_B : -90.651688
[setup in-reg] rst_n -> _91574_/RESET_B : -90.651688
[setup in-reg] rst_n -> _91575_/RESET_B : -90.651688
[setup in-reg] rst_n -> _91576_/RESET_B : -90.651688
[setup in-reg] rst_n -> _91577_/RESET_B : -90.651688
[setup in-reg] rst_n -> _91578_/RESET_B : -90.651688
[setup in-reg] rst_n -> _91579_/RESET_B : -90.651688
[setup in-reg] rst_n -> _91580_/RESET_B : -90.651688
[setup in-reg] rst_n -> _91581_/RESET_B : -90.651688
[setup in-reg] rst_n -> _91582_/RESET_B : -90.651688
[setup in-reg] rst_n -> _91583_/RESET_B : -90.651688
[setup in-reg] rst_n -> _91584_/RESET_B : -90.651688
[setup in-reg] rst_n -> _91585_/RESET_B : -90.651688
[setup in-reg] rst_n -> _91586_/RESET_B : -90.651688
[setup in-reg] rst_n -> _91587_/RESET_B : -90.651688
[setup in-reg] rst_n -> _91588_/RESET_B : -90.651688
[setup in-reg] rst_n -> _91589_/RESET_B : -90.651688
[setup in-reg] rst_n -> _91590_/RESET_B : -90.651688
[setup in-reg] rst_n -> _91591_/RESET_B : -90.651688
[setup in-reg] rst_n -> _91592_/RESET_B : -90.651688
[setup in-reg] rst_n -> _91593_/RESET_B : -90.651688
[setup in-reg] rst_n -> _91594_/RESET_B : -90.651688
[setup in-reg] rst_n -> _91595_/RESET_B : -90.651688
[setup in-reg] rst_n -> _91596_/RESET_B : -90.651688
[setup in-reg] rst_n -> _91597_/RESET_B : -90.651688
[setup in-reg] rst_n -> _91598_/RESET_B : -90.651688
[setup in-reg] rst_n -> _91599_/RESET_B : -90.651688
[setup in-reg] rst_n -> _91600_/RESET_B : -90.651688
[setup in-reg] rst_n -> _91601_/RESET_B : -90.651688
[setup in-reg] rst_n -> _91602_/RESET_B : -90.651688
[setup in-reg] rst_n -> _91603_/RESET_B : -90.651688
[setup in-reg] rst_n -> _91604_/RESET_B : -90.651688
[setup in-reg] rst_n -> _91605_/RESET_B : -90.651688
[setup in-reg] rst_n -> _91606_/RESET_B : -90.651688
[setup in-reg] rst_n -> _91607_/RESET_B : -90.651688
[setup in-reg] rst_n -> _91608_/RESET_B : -90.651688
[setup in-reg] rst_n -> _91609_/RESET_B : -90.651688
[setup in-reg] rst_n -> _91610_/RESET_B : -90.651688
[setup in-reg] rst_n -> _91611_/RESET_B : -90.651688
[setup in-reg] rst_n -> _91612_/RESET_B : -90.651688
[setup in-reg] rst_n -> _91613_/RESET_B : -90.651688
[setup in-reg] rst_n -> _91614_/RESET_B : -90.651688
[setup in-reg] rst_n -> _91615_/RESET_B : -90.651688
[setup in-reg] rst_n -> _91616_/RESET_B : -90.651688
[setup in-reg] rst_n -> _91617_/RESET_B : -90.651688
[setup in-reg] rst_n -> _91618_/RESET_B : -90.651688
[setup in-reg] rst_n -> _91619_/RESET_B : -90.651688
[setup in-reg] rst_n -> _91620_/RESET_B : -90.651688
[setup in-reg] rst_n -> _91621_/RESET_B : -90.651688
[setup in-reg] rst_n -> _91622_/RESET_B : -90.651688
[setup in-reg] rst_n -> _91623_/RESET_B : -90.651688
[setup in-reg] rst_n -> _91624_/RESET_B : -90.651688
[setup in-reg] rst_n -> _91625_/RESET_B : -90.651688
[setup in-reg] rst_n -> _91626_/RESET_B : -90.651688
[setup in-reg] rst_n -> _91627_/RESET_B : -90.651688
[setup in-reg] rst_n -> _91628_/RESET_B : -90.651688
[setup in-reg] rst_n -> _91629_/RESET_B : -90.651688
[setup in-reg] rst_n -> _91630_/RESET_B : -90.651688
[setup in-reg] rst_n -> _91631_/RESET_B : -90.651688
[setup in-reg] rst_n -> _91632_/RESET_B : -90.651688
[setup in-reg] rst_n -> _91633_/RESET_B : -90.651688
[setup in-reg] rst_n -> _91634_/RESET_B : -90.651688
[setup in-reg] rst_n -> _91635_/RESET_B : -90.651688
[setup in-reg] rst_n -> _91636_/RESET_B : -90.651688
[setup in-reg] rst_n -> _91637_/RESET_B : -90.651688
[setup in-reg] rst_n -> _91638_/RESET_B : -90.651688
[setup in-reg] rst_n -> _91639_/RESET_B : -90.651688
[setup in-reg] rst_n -> _91640_/RESET_B : -90.651688
[setup in-reg] rst_n -> _91641_/RESET_B : -90.651688
[setup in-reg] rst_n -> _91642_/RESET_B : -90.651688
[setup in-reg] rst_n -> _91643_/RESET_B : -90.651688
[setup in-reg] rst_n -> _91644_/RESET_B : -90.651688
[setup in-reg] rst_n -> _91645_/RESET_B : -90.651688
[setup in-reg] rst_n -> _91646_/RESET_B : -90.651688
[setup in-reg] rst_n -> _91647_/RESET_B : -90.651688
[setup in-reg] rst_n -> _91648_/RESET_B : -90.651688
[setup in-reg] rst_n -> _91649_/RESET_B : -90.651688
[setup in-reg] rst_n -> _91650_/RESET_B : -90.651688
[setup in-reg] rst_n -> _91651_/RESET_B : -90.651688
[setup in-reg] rst_n -> _91652_/RESET_B : -90.651688
[setup in-reg] rst_n -> _91653_/RESET_B : -90.651688
[setup in-reg] rst_n -> _91654_/RESET_B : -90.651688
[setup in-reg] rst_n -> _91655_/RESET_B : -90.651688
[setup in-reg] rst_n -> _91656_/RESET_B : -90.651688
[setup in-reg] rst_n -> _91657_/RESET_B : -90.651688
[setup in-reg] rst_n -> _91658_/RESET_B : -90.651688
[setup in-reg] rst_n -> _91659_/RESET_B : -90.651688
[setup in-reg] rst_n -> _91660_/RESET_B : -90.651688
[setup in-reg] rst_n -> _91661_/RESET_B : -90.651688
[setup in-reg] rst_n -> _91662_/RESET_B : -90.651688
[setup in-reg] rst_n -> _91663_/RESET_B : -90.651688
[setup in-reg] rst_n -> _91664_/RESET_B : -90.651688
[setup in-reg] rst_n -> _91665_/RESET_B : -90.651688
[setup in-reg] rst_n -> _91666_/RESET_B : -90.651688
[setup in-reg] rst_n -> _91667_/RESET_B : -90.651688
[setup in-reg] rst_n -> _91668_/RESET_B : -90.651688
[setup in-reg] rst_n -> _91669_/RESET_B : -90.651688
[setup in-reg] rst_n -> _91670_/RESET_B : -90.651688
[setup in-reg] rst_n -> _91671_/RESET_B : -90.651688
[setup in-reg] rst_n -> _91672_/RESET_B : -90.651688
[setup in-reg] rst_n -> _91673_/RESET_B : -90.651688
[setup in-reg] rst_n -> _91674_/RESET_B : -90.651688
[setup in-reg] rst_n -> _91675_/RESET_B : -90.651688
[setup in-reg] rst_n -> _91676_/RESET_B : -90.651688
[setup in-reg] rst_n -> _91677_/RESET_B : -90.651688
[setup in-reg] rst_n -> _91678_/RESET_B : -90.651688
[setup in-reg] rst_n -> _91679_/RESET_B : -90.651688
[setup in-reg] rst_n -> _91680_/RESET_B : -90.651688
[setup in-reg] rst_n -> _91681_/RESET_B : -90.651688
[setup in-reg] rst_n -> _91682_/RESET_B : -90.651688
[setup in-reg] rst_n -> _91683_/RESET_B : -90.651688
[setup in-reg] rst_n -> _91684_/RESET_B : -90.651688
[setup in-reg] rst_n -> _91685_/RESET_B : -90.651688
[setup in-reg] rst_n -> _91686_/RESET_B : -90.651688
[setup in-reg] rst_n -> _91687_/RESET_B : -90.651688
[setup in-reg] rst_n -> _91688_/RESET_B : -90.651688
[setup in-reg] rst_n -> _91689_/RESET_B : -90.651688
[setup in-reg] rst_n -> _91690_/RESET_B : -90.651688
[setup in-reg] rst_n -> _91691_/RESET_B : -90.651688
[setup in-reg] rst_n -> _91692_/RESET_B : -90.651688
[setup in-reg] rst_n -> _91693_/RESET_B : -90.651688
[setup in-reg] rst_n -> _91694_/RESET_B : -90.651688
[setup in-reg] rst_n -> _91695_/RESET_B : -90.651688
[setup in-reg] rst_n -> _91696_/RESET_B : -90.651688
[setup in-reg] rst_n -> _91697_/RESET_B : -90.651688
[setup in-reg] rst_n -> _91698_/RESET_B : -90.651688
[setup in-reg] rst_n -> _91699_/RESET_B : -90.651688
[setup in-reg] rst_n -> _91700_/RESET_B : -90.651688
[setup in-reg] rst_n -> _91701_/RESET_B : -90.651688
[setup in-reg] rst_n -> _91702_/RESET_B : -90.651688
[setup in-reg] rst_n -> _91703_/RESET_B : -90.651688
[setup in-reg] rst_n -> _91704_/RESET_B : -90.651688
[setup in-reg] rst_n -> _91705_/RESET_B : -90.651688
[setup in-reg] rst_n -> _91706_/RESET_B : -90.651688
[setup in-reg] rst_n -> _91707_/RESET_B : -90.651688
[setup in-reg] rst_n -> _91708_/RESET_B : -90.651688
[setup in-reg] rst_n -> _91709_/RESET_B : -90.651688
[setup in-reg] rst_n -> _91710_/RESET_B : -90.651688
[setup in-reg] rst_n -> _91711_/RESET_B : -90.651688
[setup in-reg] rst_n -> _91712_/RESET_B : -90.651688
[setup in-reg] rst_n -> _91713_/RESET_B : -90.651688
[setup in-reg] rst_n -> _91714_/RESET_B : -90.651688
[setup in-reg] rst_n -> _91715_/RESET_B : -90.651688
[setup in-reg] rst_n -> _91716_/RESET_B : -90.651688
[setup in-reg] rst_n -> _91717_/RESET_B : -90.651688
[setup in-reg] rst_n -> _91718_/RESET_B : -90.651688
[setup in-reg] rst_n -> _91719_/RESET_B : -90.651688
[setup in-reg] rst_n -> _91720_/RESET_B : -90.651688
[setup in-reg] rst_n -> _91721_/RESET_B : -90.651688
[setup in-reg] rst_n -> _91722_/RESET_B : -90.651688
[setup in-reg] rst_n -> _91723_/RESET_B : -90.651688
[setup in-reg] rst_n -> _91724_/RESET_B : -90.651688
[setup in-reg] rst_n -> _91725_/RESET_B : -90.651688
[setup in-reg] rst_n -> _91726_/RESET_B : -90.651688
[setup in-reg] rst_n -> _91727_/RESET_B : -90.651688
[setup in-reg] rst_n -> _91728_/RESET_B : -90.651688
[setup in-reg] rst_n -> _91729_/RESET_B : -90.651688
[setup in-reg] rst_n -> _91730_/RESET_B : -90.651688
[setup in-reg] rst_n -> _91731_/RESET_B : -90.651688
[setup in-reg] rst_n -> _91732_/RESET_B : -90.651688
[setup in-reg] rst_n -> _91733_/RESET_B : -90.651688
[setup in-reg] rst_n -> _91734_/RESET_B : -90.651688
[setup in-reg] rst_n -> _91735_/RESET_B : -90.651688
[setup in-reg] rst_n -> _91736_/RESET_B : -90.651688
[setup in-reg] rst_n -> _91737_/RESET_B : -90.651688
[setup in-reg] rst_n -> _91738_/RESET_B : -90.651688
[setup in-reg] rst_n -> _91739_/RESET_B : -90.651688
[setup in-reg] rst_n -> _91740_/RESET_B : -90.651688
[setup in-reg] rst_n -> _91741_/RESET_B : -90.651688
[setup in-reg] rst_n -> _91742_/RESET_B : -90.651688
[setup in-reg] rst_n -> _91743_/RESET_B : -90.651688
[setup in-reg] rst_n -> _91744_/RESET_B : -90.651688
[setup in-reg] rst_n -> _91745_/RESET_B : -90.651688
[setup in-reg] rst_n -> _91746_/RESET_B : -90.651688
[setup in-reg] rst_n -> _91747_/RESET_B : -90.651688
[setup in-reg] rst_n -> _91748_/RESET_B : -90.651688
[setup in-reg] rst_n -> _91749_/RESET_B : -90.651688
[setup in-reg] rst_n -> _91750_/RESET_B : -90.651688
[setup in-reg] rst_n -> _91751_/RESET_B : -90.651688
[setup in-reg] rst_n -> _91752_/RESET_B : -90.651688
[setup in-reg] rst_n -> _91753_/RESET_B : -90.651688
[setup in-reg] rst_n -> _91754_/RESET_B : -90.651688
[setup in-reg] rst_n -> _91755_/RESET_B : -90.651688
[setup in-reg] rst_n -> _91756_/RESET_B : -90.651688
[setup in-reg] rst_n -> _91757_/RESET_B : -90.651688
[setup in-reg] rst_n -> _91758_/RESET_B : -90.651688
[setup in-reg] rst_n -> _91759_/RESET_B : -90.651688
[setup in-reg] rst_n -> _91760_/RESET_B : -90.651688
[setup in-reg] rst_n -> _91761_/RESET_B : -90.651688
[setup in-reg] rst_n -> _91762_/RESET_B : -90.651688
[setup in-reg] rst_n -> _91763_/RESET_B : -90.651688
[setup in-reg] rst_n -> _91764_/RESET_B : -90.651688
[setup in-reg] rst_n -> _91765_/RESET_B : -90.651688
[setup in-reg] rst_n -> _91766_/RESET_B : -90.651688
[setup in-reg] rst_n -> _91767_/RESET_B : -90.651688
[setup in-reg] rst_n -> _91768_/RESET_B : -90.651688
[setup in-reg] rst_n -> _91769_/RESET_B : -90.651688
[setup in-reg] rst_n -> _91770_/RESET_B : -90.651688
[setup in-reg] rst_n -> _91771_/RESET_B : -90.651688
[setup in-reg] rst_n -> _91772_/RESET_B : -90.651688
[setup in-reg] rst_n -> _91773_/RESET_B : -90.651688
[setup in-reg] rst_n -> _91774_/RESET_B : -90.651688
[setup in-reg] rst_n -> _91775_/RESET_B : -90.651688
[setup in-reg] rst_n -> _91776_/RESET_B : -90.651688
[setup in-reg] rst_n -> _91777_/RESET_B : -90.651688
[setup in-reg] rst_n -> _91778_/RESET_B : -90.651688
[setup in-reg] rst_n -> _91779_/RESET_B : -90.651688
[setup in-reg] rst_n -> _91780_/RESET_B : -90.651688
[setup in-reg] rst_n -> _91781_/RESET_B : -90.651688
[setup in-reg] rst_n -> _91782_/RESET_B : -90.651688
[setup in-reg] rst_n -> _91783_/RESET_B : -90.651688
[setup in-reg] rst_n -> _91784_/RESET_B : -90.651688
[setup in-reg] rst_n -> _91785_/RESET_B : -90.651688
[setup in-reg] rst_n -> _91786_/RESET_B : -90.651688
[setup in-reg] rst_n -> _91787_/RESET_B : -90.651688
[setup in-reg] rst_n -> _91788_/RESET_B : -90.651688
[setup in-reg] rst_n -> _91789_/RESET_B : -90.651688
[setup in-reg] rst_n -> _91790_/RESET_B : -90.651688
[setup in-reg] rst_n -> _91791_/RESET_B : -90.651688
[setup in-reg] rst_n -> _91792_/RESET_B : -90.651688
[setup in-reg] rst_n -> _91793_/RESET_B : -90.651688
[setup in-reg] rst_n -> _91794_/RESET_B : -90.651688
[setup in-reg] rst_n -> _91795_/RESET_B : -90.651688
[setup in-reg] rst_n -> _91796_/RESET_B : -90.651688
[setup in-reg] rst_n -> _91797_/RESET_B : -90.651688
[setup in-reg] rst_n -> _91798_/RESET_B : -90.651688
[setup in-reg] rst_n -> _91799_/RESET_B : -90.651688
[setup in-reg] rst_n -> _91800_/RESET_B : -90.651688
[setup in-reg] rst_n -> _91801_/RESET_B : -90.651688
[setup in-reg] rst_n -> _91802_/RESET_B : -90.651688
[setup in-reg] rst_n -> _91803_/RESET_B : -90.651688
[setup in-reg] rst_n -> _91804_/RESET_B : -90.651688
[setup in-reg] rst_n -> _91805_/RESET_B : -90.651688
[setup in-reg] rst_n -> _91806_/RESET_B : -90.651688
[setup in-reg] rst_n -> _91807_/RESET_B : -90.651688
[setup in-reg] rst_n -> _91808_/RESET_B : -90.651688
[setup in-reg] rst_n -> _91809_/RESET_B : -90.651688
[setup in-reg] rst_n -> _91810_/RESET_B : -90.651688
[setup in-reg] rst_n -> _91811_/RESET_B : -90.651688
[setup in-reg] rst_n -> _91812_/RESET_B : -90.651688
[setup in-reg] rst_n -> _91813_/RESET_B : -90.651688
[setup in-reg] rst_n -> _91814_/RESET_B : -90.651688
[setup in-reg] rst_n -> _91815_/RESET_B : -90.651688
[setup in-reg] rst_n -> _91816_/RESET_B : -90.651688
[setup in-reg] rst_n -> _91817_/RESET_B : -90.651688
[setup in-reg] rst_n -> _91818_/RESET_B : -90.651688
[setup in-reg] rst_n -> _91819_/RESET_B : -90.651688
[setup in-reg] rst_n -> _91820_/RESET_B : -90.651688
[setup in-reg] rst_n -> _91821_/RESET_B : -90.651688
[setup in-reg] rst_n -> _91822_/RESET_B : -90.651688
[setup in-reg] rst_n -> _91823_/RESET_B : -90.651688
[setup in-reg] rst_n -> _91824_/RESET_B : -90.651688
[setup in-reg] rst_n -> _91825_/RESET_B : -90.651688
[setup in-reg] rst_n -> _91826_/RESET_B : -90.651688
[setup in-reg] rst_n -> _91827_/RESET_B : -90.651688
[setup in-reg] rst_n -> _91828_/RESET_B : -90.651688
[setup in-reg] rst_n -> _91829_/RESET_B : -90.651688
[setup in-reg] rst_n -> _91830_/RESET_B : -90.651688
[setup in-reg] rst_n -> _91831_/RESET_B : -90.651688
[setup in-reg] rst_n -> _91832_/RESET_B : -90.651688
[setup in-reg] rst_n -> _91833_/RESET_B : -90.651688
[setup in-reg] rst_n -> _91834_/RESET_B : -90.651688
[setup in-reg] rst_n -> _91835_/RESET_B : -90.651688
[setup in-reg] rst_n -> _91836_/RESET_B : -90.651688
[setup in-reg] rst_n -> _91837_/RESET_B : -90.651688
[setup in-reg] rst_n -> _91838_/RESET_B : -90.651688
[setup in-reg] rst_n -> _91839_/RESET_B : -90.651688
[setup in-reg] rst_n -> _91840_/RESET_B : -90.651688
[setup in-reg] rst_n -> _91841_/RESET_B : -90.651688
[setup in-reg] rst_n -> _91842_/RESET_B : -90.651688
[setup in-reg] rst_n -> _91843_/RESET_B : -90.651688
[setup in-reg] rst_n -> _91844_/RESET_B : -90.651688
[setup in-reg] rst_n -> _91845_/RESET_B : -90.651688
[setup in-reg] rst_n -> _91846_/RESET_B : -90.651688
[setup in-reg] rst_n -> _91847_/RESET_B : -90.651688
[setup in-reg] rst_n -> _91848_/RESET_B : -90.651688
[setup in-reg] rst_n -> _91849_/RESET_B : -90.651688
[setup in-reg] rst_n -> _91850_/RESET_B : -90.651688
[setup in-reg] rst_n -> _91851_/RESET_B : -90.651688
[setup in-reg] rst_n -> _91852_/RESET_B : -90.651688
[setup in-reg] rst_n -> _91853_/RESET_B : -90.651688
[setup in-reg] rst_n -> _91854_/RESET_B : -90.651688
[setup in-reg] rst_n -> _91855_/RESET_B : -90.651688
[setup in-reg] rst_n -> _91856_/RESET_B : -90.651688
[setup in-reg] rst_n -> _91857_/RESET_B : -90.651688
[setup in-reg] rst_n -> _91858_/RESET_B : -90.651688
[setup in-reg] rst_n -> _91859_/RESET_B : -90.651688
[setup in-reg] rst_n -> _91860_/RESET_B : -90.651688
[setup in-reg] rst_n -> _91861_/RESET_B : -90.651688
[setup in-reg] rst_n -> _91862_/RESET_B : -90.651688
[setup in-reg] rst_n -> _91863_/RESET_B : -90.651688
[setup in-reg] rst_n -> _91864_/RESET_B : -90.651688
[setup in-reg] rst_n -> _91865_/RESET_B : -90.651688
[setup in-reg] rst_n -> _91866_/RESET_B : -90.651688
[setup in-reg] rst_n -> _91867_/RESET_B : -90.651688
[setup in-reg] rst_n -> _91868_/RESET_B : -90.651688
[setup in-reg] rst_n -> _91869_/RESET_B : -90.651688
[setup in-reg] rst_n -> _91870_/RESET_B : -90.651688
[setup in-reg] rst_n -> _91871_/RESET_B : -90.651688
[setup in-reg] rst_n -> _91872_/RESET_B : -90.651688
[setup in-reg] rst_n -> _91873_/RESET_B : -90.651688
[setup in-reg] rst_n -> _91874_/RESET_B : -90.651688
[setup in-reg] rst_n -> _91875_/RESET_B : -90.651688
[setup in-reg] rst_n -> _91876_/RESET_B : -90.651688
[setup in-reg] rst_n -> _91877_/RESET_B : -90.651688
[setup in-reg] rst_n -> _91878_/RESET_B : -90.651688
[setup in-reg] rst_n -> _91879_/RESET_B : -90.651688
[setup in-reg] rst_n -> _91880_/RESET_B : -90.651688
[setup in-reg] rst_n -> _91881_/RESET_B : -90.651688
[setup in-reg] rst_n -> _91882_/RESET_B : -90.651688
[setup in-reg] rst_n -> _91883_/RESET_B : -90.651688
[setup in-reg] rst_n -> _91884_/RESET_B : -90.651688
[setup in-reg] rst_n -> _91885_/RESET_B : -90.651688
[setup in-reg] rst_n -> _91886_/RESET_B : -90.651688
[setup in-reg] rst_n -> _91887_/RESET_B : -90.651688
[setup in-reg] rst_n -> _91888_/RESET_B : -90.651688
[setup in-reg] rst_n -> _91889_/RESET_B : -90.651688
[setup in-reg] rst_n -> _91890_/RESET_B : -90.651688
[setup in-reg] rst_n -> _91891_/RESET_B : -90.651688
[setup in-reg] rst_n -> _91892_/RESET_B : -90.651688
[setup in-reg] rst_n -> _91893_/RESET_B : -90.651688
[setup in-reg] rst_n -> _91894_/RESET_B : -90.651688
[setup in-reg] rst_n -> _91895_/RESET_B : -90.651688
[setup in-reg] rst_n -> _91896_/RESET_B : -90.651688
[setup in-reg] rst_n -> _91897_/RESET_B : -90.651688
[setup in-reg] rst_n -> _91898_/RESET_B : -90.651688
[setup in-reg] rst_n -> _91899_/RESET_B : -90.651688
[setup in-reg] rst_n -> _91900_/RESET_B : -90.651688
[setup in-reg] rst_n -> _91901_/RESET_B : -90.651688
[setup in-reg] rst_n -> _91902_/RESET_B : -90.651688
[setup in-reg] rst_n -> _91903_/RESET_B : -90.651688
[setup in-reg] rst_n -> _91904_/RESET_B : -90.651688
[setup in-reg] rst_n -> _91905_/RESET_B : -90.651688
[setup in-reg] rst_n -> _91906_/RESET_B : -90.651688
[setup in-reg] rst_n -> _91907_/RESET_B : -90.651688
[setup in-reg] rst_n -> _91908_/RESET_B : -90.651688
[setup in-reg] rst_n -> _91909_/RESET_B : -90.651688
[setup in-reg] rst_n -> _91910_/RESET_B : -90.651688
[setup in-reg] rst_n -> _91911_/RESET_B : -90.651688
[setup in-reg] rst_n -> _91912_/RESET_B : -90.651688
[setup in-reg] rst_n -> _91913_/RESET_B : -90.651688
[setup in-reg] rst_n -> _91914_/RESET_B : -90.651688
[setup in-reg] rst_n -> _91915_/RESET_B : -90.651688
[setup in-reg] rst_n -> _91916_/RESET_B : -90.651688
[setup in-reg] rst_n -> _91917_/RESET_B : -90.651688
[setup in-reg] rst_n -> _91918_/RESET_B : -90.651688
[setup in-reg] rst_n -> _91919_/RESET_B : -90.651688
[setup in-reg] rst_n -> _91920_/RESET_B : -90.651688
[setup in-reg] rst_n -> _91921_/RESET_B : -90.651688
[setup in-reg] rst_n -> _91922_/RESET_B : -90.651688
[setup in-reg] rst_n -> _91923_/RESET_B : -90.651688
[setup in-reg] rst_n -> _91924_/RESET_B : -90.651688
[setup in-reg] rst_n -> _91925_/RESET_B : -90.651688
[setup in-reg] rst_n -> _91926_/RESET_B : -90.651688
[setup in-reg] rst_n -> _91927_/RESET_B : -90.651688
[setup in-reg] rst_n -> _91928_/RESET_B : -90.651688
[setup in-reg] rst_n -> _91929_/RESET_B : -90.651688
[setup in-reg] rst_n -> _91930_/RESET_B : -90.651688
[setup in-reg] rst_n -> _91931_/RESET_B : -90.651688
[setup in-reg] rst_n -> _91932_/RESET_B : -90.651688
[setup in-reg] rst_n -> _91933_/RESET_B : -90.651688
[setup in-reg] rst_n -> _91934_/RESET_B : -90.651688
[setup in-reg] rst_n -> _91935_/RESET_B : -90.651688
[setup in-reg] rst_n -> _91936_/RESET_B : -90.651688
[setup in-reg] rst_n -> _91937_/RESET_B : -90.651688
[setup in-reg] rst_n -> _91938_/RESET_B : -90.651688
[setup in-reg] rst_n -> _91939_/RESET_B : -90.651688
[setup in-reg] rst_n -> _91940_/RESET_B : -90.651688
[setup in-reg] rst_n -> _91941_/RESET_B : -90.651688
[setup in-reg] rst_n -> _91942_/RESET_B : -90.651688
[setup in-reg] rst_n -> _91943_/RESET_B : -90.651688
[setup in-reg] rst_n -> _91944_/RESET_B : -90.651688
[setup in-reg] rst_n -> _91945_/RESET_B : -90.651688
[setup in-reg] rst_n -> _91946_/RESET_B : -90.651688
[setup in-reg] rst_n -> _91947_/RESET_B : -90.651688
[setup in-reg] rst_n -> _91948_/RESET_B : -90.651688
[setup in-reg] rst_n -> _91949_/RESET_B : -90.651688
[setup in-reg] rst_n -> _91950_/RESET_B : -90.651688
[setup in-reg] rst_n -> _91951_/RESET_B : -90.651688
[setup in-reg] rst_n -> _91952_/RESET_B : -90.651688
[setup in-reg] rst_n -> _91953_/RESET_B : -90.651688
[setup in-reg] rst_n -> _91954_/RESET_B : -90.651688
[setup in-reg] rst_n -> _91955_/RESET_B : -90.651688
[setup in-reg] rst_n -> _91956_/RESET_B : -90.651688
[setup in-reg] rst_n -> _91957_/RESET_B : -90.651688
[setup in-reg] rst_n -> _91958_/RESET_B : -90.651688
[setup in-reg] rst_n -> _91959_/RESET_B : -90.651688
[setup in-reg] rst_n -> _91960_/RESET_B : -90.651688
[setup in-reg] rst_n -> _91961_/RESET_B : -90.651688
[setup in-reg] rst_n -> _91962_/RESET_B : -90.651688
[setup in-reg] rst_n -> _91963_/RESET_B : -90.651688
[setup in-reg] rst_n -> _91964_/RESET_B : -90.651688
[setup in-reg] rst_n -> _91965_/RESET_B : -90.651688
[setup in-reg] rst_n -> _91966_/RESET_B : -90.651688
[setup in-reg] rst_n -> _91967_/RESET_B : -90.651688
[setup in-reg] rst_n -> _91968_/RESET_B : -90.651688
[setup in-reg] rst_n -> _91969_/RESET_B : -90.651688
[setup in-reg] rst_n -> _91970_/RESET_B : -90.651688
[setup in-reg] rst_n -> _91971_/RESET_B : -90.651688
[setup in-reg] rst_n -> _91972_/RESET_B : -90.651688
[setup in-reg] rst_n -> _91973_/RESET_B : -90.651688
[setup in-reg] rst_n -> _91974_/RESET_B : -90.651688
[setup in-reg] rst_n -> _91975_/RESET_B : -90.651688
[setup in-reg] rst_n -> _91976_/RESET_B : -90.651688
[setup in-reg] rst_n -> _91977_/RESET_B : -90.651688
[setup in-reg] rst_n -> _91978_/RESET_B : -90.651688
[setup in-reg] rst_n -> _91979_/RESET_B : -90.651688
[setup in-reg] rst_n -> _91980_/RESET_B : -90.651688
[setup in-reg] rst_n -> _91981_/RESET_B : -90.651688
[setup in-reg] rst_n -> _91982_/RESET_B : -90.651688
[setup in-reg] rst_n -> _91983_/RESET_B : -90.651688
[setup in-reg] rst_n -> _91984_/RESET_B : -90.651688
[setup in-reg] rst_n -> _91985_/RESET_B : -90.651688
[setup in-reg] rst_n -> _91986_/RESET_B : -90.651688
[setup in-reg] rst_n -> _91987_/RESET_B : -90.651688
[setup in-reg] rst_n -> _91988_/RESET_B : -90.651688
[setup in-reg] rst_n -> _91989_/RESET_B : -90.651688
[setup in-reg] rst_n -> _91990_/RESET_B : -90.651688
[setup in-reg] rst_n -> _91991_/RESET_B : -90.651688
[setup in-reg] rst_n -> _91992_/RESET_B : -90.651688
[setup in-reg] rst_n -> _91993_/RESET_B : -90.651688
[setup in-reg] rst_n -> _91994_/RESET_B : -90.651688
[setup in-reg] rst_n -> _91995_/RESET_B : -90.651688
[setup in-reg] rst_n -> _91996_/RESET_B : -90.651688
[setup in-reg] rst_n -> _91997_/RESET_B : -90.651688
[setup in-reg] rst_n -> _91998_/RESET_B : -90.651688
[setup in-reg] rst_n -> _91999_/RESET_B : -90.651688
[setup in-reg] rst_n -> _92000_/RESET_B : -90.651688
[setup in-reg] rst_n -> _92001_/RESET_B : -90.651688
[setup in-reg] rst_n -> _92002_/RESET_B : -90.651688
[setup in-reg] rst_n -> _92003_/RESET_B : -90.651688
[setup in-reg] rst_n -> _92004_/RESET_B : -90.651688
[setup in-reg] rst_n -> _92005_/RESET_B : -90.651688
[setup in-reg] rst_n -> _92006_/RESET_B : -90.651688
[setup in-reg] rst_n -> _92007_/RESET_B : -90.651688
[setup in-reg] rst_n -> _92008_/RESET_B : -90.651688
[setup in-reg] rst_n -> _92009_/RESET_B : -90.651688
[setup in-reg] rst_n -> _92010_/RESET_B : -90.651688
[setup in-reg] rst_n -> _92011_/RESET_B : -90.651688
[setup in-reg] rst_n -> _92012_/RESET_B : -90.651688
[setup in-reg] rst_n -> _92013_/RESET_B : -90.651688
[setup in-reg] rst_n -> _92014_/RESET_B : -90.651688
[setup in-reg] rst_n -> _92015_/RESET_B : -90.651688
[setup in-reg] rst_n -> _92016_/RESET_B : -90.651688
[setup in-reg] rst_n -> _92017_/RESET_B : -90.651688
[setup in-reg] rst_n -> _92018_/RESET_B : -90.651688
[setup in-reg] rst_n -> _92019_/RESET_B : -90.651688
[setup in-reg] rst_n -> _92020_/RESET_B : -90.651688
[setup in-reg] rst_n -> _92021_/RESET_B : -90.651688
[setup in-reg] rst_n -> _92022_/RESET_B : -90.651688
[setup in-reg] rst_n -> _92023_/RESET_B : -90.651688
[setup in-reg] rst_n -> _92024_/RESET_B : -90.651688
[setup in-reg] rst_n -> _92025_/RESET_B : -90.651688
[setup in-reg] rst_n -> _92026_/RESET_B : -90.651688
[setup in-reg] rst_n -> _92027_/RESET_B : -90.651688
[setup in-reg] rst_n -> _92028_/RESET_B : -90.651688
[setup in-reg] rst_n -> _92029_/RESET_B : -90.651688
[setup in-reg] rst_n -> _92030_/RESET_B : -90.651688
[setup in-reg] rst_n -> _92031_/RESET_B : -90.651688
[setup in-reg] rst_n -> _92032_/RESET_B : -90.651688
[setup in-reg] rst_n -> _92033_/RESET_B : -90.651688
[setup in-reg] rst_n -> _92034_/RESET_B : -90.651688
[setup in-reg] rst_n -> _92035_/RESET_B : -90.651688
[setup in-reg] rst_n -> _92036_/RESET_B : -90.651688
[setup in-reg] rst_n -> _92037_/RESET_B : -90.651688
[setup in-reg] rst_n -> _92038_/RESET_B : -90.651688
[setup in-reg] rst_n -> _92039_/RESET_B : -90.651688
[setup in-reg] rst_n -> _92040_/RESET_B : -90.651688
[setup in-reg] rst_n -> _92041_/RESET_B : -90.651688
[setup in-reg] rst_n -> _92042_/RESET_B : -90.651688
[setup in-reg] rst_n -> _92043_/RESET_B : -90.651688
[setup in-reg] rst_n -> _92044_/RESET_B : -90.651688
[setup in-reg] rst_n -> _92045_/RESET_B : -90.651688
[setup in-reg] rst_n -> _92046_/RESET_B : -90.651688
[setup in-reg] rst_n -> _92047_/RESET_B : -90.651688
[setup in-reg] rst_n -> _92048_/RESET_B : -90.651688
[setup in-reg] rst_n -> _92049_/RESET_B : -90.651688
[setup in-reg] rst_n -> _92050_/RESET_B : -90.651688
[setup in-reg] rst_n -> _92051_/RESET_B : -90.651688
[setup in-reg] rst_n -> _92052_/RESET_B : -90.651688
[setup in-reg] rst_n -> _92053_/RESET_B : -90.651688
[setup in-reg] rst_n -> _92054_/RESET_B : -90.651688
[setup in-reg] rst_n -> _92055_/RESET_B : -90.651688
[setup in-reg] rst_n -> _92056_/RESET_B : -90.651688
[setup in-reg] rst_n -> _92057_/RESET_B : -90.651688
[setup in-reg] rst_n -> _92058_/RESET_B : -90.651688
[setup in-reg] rst_n -> _92059_/RESET_B : -90.651688
[setup in-reg] rst_n -> _92060_/RESET_B : -90.651688
[setup in-reg] rst_n -> _92061_/RESET_B : -90.651688
[setup in-reg] rst_n -> _92062_/RESET_B : -90.651688
[setup in-reg] rst_n -> _92063_/RESET_B : -90.651688
[setup in-reg] rst_n -> _92064_/RESET_B : -90.651688
[setup in-reg] rst_n -> _92065_/RESET_B : -90.651688
[setup in-reg] rst_n -> _92066_/RESET_B : -90.651688
[setup in-reg] rst_n -> _92067_/RESET_B : -90.651688
[setup in-reg] rst_n -> _92068_/RESET_B : -90.651688
[setup in-reg] rst_n -> _92069_/RESET_B : -90.651688
[setup in-reg] rst_n -> _92070_/RESET_B : -90.651688
[setup in-reg] rst_n -> _92071_/RESET_B : -90.651688
[setup in-reg] rst_n -> _92072_/RESET_B : -90.651688
[setup in-reg] rst_n -> _92073_/RESET_B : -90.651688
[setup in-reg] rst_n -> _92074_/RESET_B : -90.651688
[setup in-reg] rst_n -> _92075_/RESET_B : -90.651688
[setup in-reg] rst_n -> _92076_/RESET_B : -90.651688
[setup in-reg] rst_n -> _92077_/RESET_B : -90.651688
[setup in-reg] rst_n -> _92078_/RESET_B : -90.651688
[setup in-reg] rst_n -> _92079_/RESET_B : -90.651688
[setup in-reg] rst_n -> _92080_/RESET_B : -90.651688
[setup in-reg] rst_n -> _92081_/RESET_B : -90.651688
[setup in-reg] rst_n -> _92082_/RESET_B : -90.651688
[setup in-reg] rst_n -> _92083_/RESET_B : -90.651688
[setup in-reg] rst_n -> _92084_/RESET_B : -90.651688
[setup in-reg] rst_n -> _92085_/RESET_B : -90.651688
[setup in-reg] rst_n -> _92086_/RESET_B : -90.651688
[setup in-reg] rst_n -> _92087_/RESET_B : -90.651688
[setup in-reg] rst_n -> _92088_/RESET_B : -90.651688
[setup in-reg] rst_n -> _92089_/RESET_B : -90.651688
[setup in-reg] rst_n -> _92090_/RESET_B : -90.651688
[setup in-reg] rst_n -> _92091_/RESET_B : -90.651688
[setup in-reg] rst_n -> _92092_/RESET_B : -90.651688
[setup in-reg] rst_n -> _92093_/RESET_B : -90.651688
[setup in-reg] rst_n -> _92094_/RESET_B : -90.651688
[setup in-reg] rst_n -> _92095_/RESET_B : -90.651688
[setup in-reg] rst_n -> _92096_/RESET_B : -90.651688
[setup in-reg] rst_n -> _92097_/RESET_B : -90.651688
[setup in-reg] rst_n -> _92098_/RESET_B : -90.651688
[setup in-reg] rst_n -> _92099_/RESET_B : -90.651688
[setup in-reg] rst_n -> _92100_/RESET_B : -90.651688
[setup in-reg] rst_n -> _92101_/RESET_B : -90.651688
[setup in-reg] rst_n -> _92102_/RESET_B : -90.651688
[setup in-reg] rst_n -> _92103_/RESET_B : -90.651688
[setup in-reg] rst_n -> _92104_/RESET_B : -90.651688
[setup in-reg] rst_n -> _92105_/RESET_B : -90.651688
[setup in-reg] rst_n -> _92106_/RESET_B : -90.651688
[setup in-reg] rst_n -> _92107_/RESET_B : -90.651688
[setup in-reg] rst_n -> _92108_/RESET_B : -90.651688
[setup in-reg] rst_n -> _92109_/RESET_B : -90.651688
[setup in-reg] rst_n -> _92110_/RESET_B : -90.651688
[setup in-reg] rst_n -> _92111_/RESET_B : -90.651688
[setup in-reg] rst_n -> _92112_/RESET_B : -90.651688
[setup in-reg] rst_n -> _92113_/RESET_B : -90.651688
[setup in-reg] rst_n -> _92114_/RESET_B : -90.651688
[setup in-reg] rst_n -> _92115_/RESET_B : -90.651688
[setup in-reg] rst_n -> _92116_/RESET_B : -90.651688
[setup in-reg] rst_n -> _92117_/RESET_B : -90.651688
[setup in-reg] rst_n -> _92118_/RESET_B : -90.651688
[setup in-reg] rst_n -> _92119_/RESET_B : -90.651688
[setup in-reg] rst_n -> _92120_/RESET_B : -90.651688
[setup in-reg] rst_n -> _92121_/RESET_B : -90.651688
[setup in-reg] rst_n -> _92122_/RESET_B : -90.651688
[setup in-reg] rst_n -> _92123_/RESET_B : -90.651688
[setup in-reg] rst_n -> _92124_/RESET_B : -90.651688
[setup in-reg] rst_n -> _92125_/RESET_B : -90.651688
[setup in-reg] rst_n -> _92126_/RESET_B : -90.651688
[setup in-reg] rst_n -> _92127_/RESET_B : -90.651688
[setup in-reg] rst_n -> _92128_/RESET_B : -90.651688
[setup in-reg] rst_n -> _92129_/RESET_B : -90.651688
[setup in-reg] rst_n -> _92130_/RESET_B : -90.651688
[setup in-reg] rst_n -> _92131_/RESET_B : -90.651688
[setup in-reg] rst_n -> _92132_/RESET_B : -90.651688
[setup in-reg] rst_n -> _92133_/RESET_B : -90.651688
[setup in-reg] rst_n -> _92134_/RESET_B : -90.651688
[setup in-reg] rst_n -> _92135_/RESET_B : -90.651688
[setup in-reg] rst_n -> _92136_/RESET_B : -90.651688
[setup in-reg] rst_n -> _92137_/RESET_B : -90.651688
[setup in-reg] rst_n -> _92138_/RESET_B : -90.651688
[setup in-reg] rst_n -> _92139_/RESET_B : -90.651688
[setup in-reg] rst_n -> _92140_/RESET_B : -90.651688
[setup in-reg] rst_n -> _92141_/RESET_B : -90.651688
[setup in-reg] rst_n -> _92142_/RESET_B : -90.651688
[setup in-reg] rst_n -> _92143_/RESET_B : -90.651688
[setup in-reg] rst_n -> _92144_/RESET_B : -90.651688
[setup in-reg] rst_n -> _92145_/RESET_B : -90.651688
[setup in-reg] rst_n -> _92146_/RESET_B : -90.651688
[setup in-reg] rst_n -> _92147_/RESET_B : -90.651688
[setup in-reg] rst_n -> _92148_/RESET_B : -90.651688
[setup in-reg] rst_n -> _92149_/RESET_B : -90.651688
[setup in-reg] rst_n -> _92150_/RESET_B : -90.651688
[setup in-reg] rst_n -> _92151_/RESET_B : -90.651688
[setup in-reg] rst_n -> _92152_/RESET_B : -90.651688
[setup in-reg] rst_n -> _92153_/RESET_B : -90.651688
[setup in-reg] rst_n -> _92154_/RESET_B : -90.651688
[setup in-reg] rst_n -> _92155_/RESET_B : -90.651688
[setup in-reg] rst_n -> _92156_/RESET_B : -90.651688
[setup in-reg] rst_n -> _92157_/RESET_B : -90.651688
[setup in-reg] rst_n -> _92158_/RESET_B : -90.651688
[setup in-reg] rst_n -> _92159_/RESET_B : -90.651688
[setup in-reg] rst_n -> _92160_/RESET_B : -90.651688
[setup in-reg] rst_n -> _92161_/RESET_B : -90.651688
[setup in-reg] rst_n -> _92162_/RESET_B : -90.651688
[setup in-reg] rst_n -> _92163_/RESET_B : -90.651688
[setup in-reg] rst_n -> _92164_/RESET_B : -90.651688
[setup in-reg] rst_n -> _92165_/RESET_B : -90.651688
[setup in-reg] rst_n -> _92166_/RESET_B : -90.651688
[setup in-reg] rst_n -> _92167_/RESET_B : -90.651688
[setup in-reg] rst_n -> _92168_/RESET_B : -90.651688
[setup in-reg] rst_n -> _92169_/RESET_B : -90.651688
[setup in-reg] rst_n -> _92170_/RESET_B : -90.651688
[setup in-reg] rst_n -> _92171_/RESET_B : -90.651688
[setup in-reg] rst_n -> _92172_/RESET_B : -90.651688
[setup in-reg] rst_n -> _92173_/RESET_B : -90.651688
[setup in-reg] rst_n -> _92174_/RESET_B : -90.651688
[setup in-reg] rst_n -> _92175_/RESET_B : -90.651688
[setup in-reg] rst_n -> _92176_/RESET_B : -90.651688
[setup in-reg] rst_n -> _92177_/RESET_B : -90.651688
[setup in-reg] rst_n -> _92178_/RESET_B : -90.651688
[setup in-reg] rst_n -> _92179_/RESET_B : -90.651688
[setup in-reg] rst_n -> _92180_/RESET_B : -90.651688
[setup in-reg] rst_n -> _92181_/RESET_B : -90.651688
[setup in-reg] rst_n -> _92182_/RESET_B : -90.651688
[setup in-reg] rst_n -> _92183_/RESET_B : -90.651688
[setup in-reg] rst_n -> _92184_/RESET_B : -90.651688
[setup in-reg] rst_n -> _92185_/RESET_B : -90.651688
[setup in-reg] rst_n -> _92186_/RESET_B : -90.651688
[setup in-reg] rst_n -> _92187_/RESET_B : -90.651688
[setup in-reg] rst_n -> _92188_/RESET_B : -90.651688
[setup in-reg] rst_n -> _92189_/RESET_B : -90.651688
[setup in-reg] rst_n -> _92190_/RESET_B : -90.651688
[setup in-reg] rst_n -> _92191_/RESET_B : -90.651688
[setup in-reg] rst_n -> _92192_/RESET_B : -90.651688
[setup in-reg] rst_n -> _92193_/RESET_B : -90.651688
[setup in-reg] rst_n -> _92194_/RESET_B : -90.651688
[setup in-reg] rst_n -> _92195_/RESET_B : -90.651688
[setup in-reg] rst_n -> _92196_/RESET_B : -90.651688
[setup in-reg] rst_n -> _92197_/RESET_B : -90.651688
[setup in-reg] rst_n -> _92198_/RESET_B : -90.651688
[setup in-reg] rst_n -> _92199_/RESET_B : -90.651688
[setup in-reg] rst_n -> _92200_/RESET_B : -90.651688
[setup in-reg] rst_n -> _92201_/RESET_B : -90.651688
[setup in-reg] rst_n -> _92202_/RESET_B : -90.651688
[setup in-reg] rst_n -> _92203_/RESET_B : -90.651688
[setup in-reg] rst_n -> _92204_/RESET_B : -90.651688
[setup in-reg] rst_n -> _92205_/RESET_B : -90.651688
[setup in-reg] rst_n -> _92206_/RESET_B : -90.651688
[setup in-reg] rst_n -> _92207_/RESET_B : -90.651688
[setup in-reg] rst_n -> _92208_/RESET_B : -90.651688
[setup in-reg] rst_n -> _92209_/RESET_B : -90.651688
[setup in-reg] rst_n -> _92210_/RESET_B : -90.651688
[setup in-reg] rst_n -> _92211_/RESET_B : -90.651688
[setup in-reg] rst_n -> _92212_/RESET_B : -90.651688
[setup in-reg] rst_n -> _92213_/RESET_B : -90.651688
[setup in-reg] rst_n -> _92214_/RESET_B : -90.651688
[setup in-reg] rst_n -> _92215_/RESET_B : -90.651688
[setup in-reg] rst_n -> _92216_/RESET_B : -90.651688
[setup in-reg] rst_n -> _92217_/RESET_B : -90.651688
[setup in-reg] rst_n -> _92218_/RESET_B : -90.651688
[setup in-reg] rst_n -> _92219_/RESET_B : -90.651688
[setup in-reg] rst_n -> _92220_/RESET_B : -90.651688
[setup in-reg] rst_n -> _92221_/RESET_B : -90.651688
[setup in-reg] rst_n -> _92222_/RESET_B : -90.651688
[setup in-reg] rst_n -> _92223_/RESET_B : -90.651688
[setup in-reg] rst_n -> _92224_/RESET_B : -90.651688
[setup in-reg] rst_n -> _92225_/RESET_B : -90.651688
[setup in-reg] rst_n -> _92226_/RESET_B : -90.651688
[setup in-reg] rst_n -> _92227_/RESET_B : -90.651688
[setup in-reg] rst_n -> _92228_/RESET_B : -90.651688
[setup in-reg] rst_n -> _92229_/RESET_B : -90.651688
[setup in-reg] rst_n -> _92230_/RESET_B : -90.651688
[setup in-reg] rst_n -> _92231_/RESET_B : -90.651688
[setup in-reg] rst_n -> _92232_/RESET_B : -90.651688
[setup in-reg] rst_n -> _92233_/RESET_B : -90.651688
[setup in-reg] rst_n -> _92234_/RESET_B : -90.651688
[setup in-reg] rst_n -> _92235_/RESET_B : -90.651688
[setup in-reg] rst_n -> _92236_/RESET_B : -90.651688
[setup in-reg] rst_n -> _92237_/RESET_B : -90.651688
[setup in-reg] rst_n -> _92238_/RESET_B : -90.651688
[setup in-reg] rst_n -> _92239_/RESET_B : -90.651688
[setup in-reg] rst_n -> _92240_/RESET_B : -90.651688
[setup in-reg] rst_n -> _92241_/RESET_B : -90.651688
[setup in-reg] rst_n -> _92242_/RESET_B : -90.651688
[setup in-reg] rst_n -> _92243_/RESET_B : -90.651688
[setup in-reg] rst_n -> _92244_/RESET_B : -90.651688
[setup in-reg] rst_n -> _92245_/RESET_B : -90.651688
[setup in-reg] rst_n -> _92246_/RESET_B : -90.651688
[setup in-reg] rst_n -> _92247_/RESET_B : -90.651688
[setup in-reg] rst_n -> _92248_/RESET_B : -90.651688
[setup in-reg] rst_n -> _92249_/RESET_B : -90.651688
[setup in-reg] rst_n -> _92250_/RESET_B : -90.651688
[setup in-reg] rst_n -> _92251_/RESET_B : -90.651688
[setup in-reg] rst_n -> _92252_/RESET_B : -90.651688
[setup in-reg] rst_n -> _92253_/RESET_B : -90.651688
[setup in-reg] rst_n -> _92254_/RESET_B : -90.651688
[setup in-reg] rst_n -> _92255_/RESET_B : -90.651688
[setup in-reg] rst_n -> _92256_/RESET_B : -90.651688
[setup in-reg] rst_n -> _92257_/RESET_B : -90.651688
[setup in-reg] rst_n -> _92258_/RESET_B : -90.651688
[setup in-reg] rst_n -> _92259_/RESET_B : -90.651688
[setup in-reg] rst_n -> _92260_/RESET_B : -90.651688
[setup in-reg] rst_n -> _92261_/RESET_B : -90.651688
[setup in-reg] rst_n -> _92262_/RESET_B : -90.651688
[setup in-reg] rst_n -> _92263_/RESET_B : -90.651688
[setup in-reg] rst_n -> _92264_/RESET_B : -90.651688
[setup in-reg] rst_n -> _92265_/RESET_B : -90.651688
[setup in-reg] rst_n -> _92266_/RESET_B : -90.651688
[setup in-reg] rst_n -> _92267_/RESET_B : -90.651688
[setup in-reg] rst_n -> _92268_/RESET_B : -90.651688
[setup in-reg] rst_n -> _92269_/RESET_B : -90.651688
[setup in-reg] rst_n -> _92270_/RESET_B : -90.651688
[setup in-reg] rst_n -> _92271_/RESET_B : -90.651688
[setup in-reg] rst_n -> _92272_/RESET_B : -90.651688
[setup in-reg] rst_n -> _92273_/RESET_B : -90.651688
[setup in-reg] rst_n -> _92274_/RESET_B : -90.651688
[setup in-reg] rst_n -> _92275_/RESET_B : -90.651688
[setup in-reg] rst_n -> _92276_/RESET_B : -90.651688
[setup in-reg] rst_n -> _92277_/RESET_B : -90.651688
[setup in-reg] rst_n -> _92278_/RESET_B : -90.651688
[setup in-reg] rst_n -> _92279_/RESET_B : -90.651688
[setup in-reg] rst_n -> _92280_/RESET_B : -90.651688
[setup in-reg] rst_n -> _92281_/RESET_B : -90.651688
[setup in-reg] rst_n -> _92282_/RESET_B : -90.651688
[setup in-reg] rst_n -> _92283_/RESET_B : -90.651688
[setup in-reg] rst_n -> _92284_/RESET_B : -90.651688
[setup in-reg] rst_n -> _92285_/RESET_B : -90.651688
[setup in-reg] rst_n -> _92286_/RESET_B : -90.651688
[setup in-reg] rst_n -> _92287_/RESET_B : -90.651688
[setup in-reg] rst_n -> _92288_/RESET_B : -90.651688
[setup in-reg] rst_n -> _92289_/RESET_B : -90.651688
[setup in-reg] rst_n -> _92290_/RESET_B : -90.651688
[setup in-reg] rst_n -> _92291_/RESET_B : -90.651688
[setup in-reg] rst_n -> _92292_/RESET_B : -90.651688
[setup in-reg] rst_n -> _92293_/RESET_B : -90.651688
[setup in-reg] rst_n -> _92294_/RESET_B : -90.651688
[setup in-reg] rst_n -> _92295_/RESET_B : -90.651688
[setup in-reg] rst_n -> _92296_/RESET_B : -90.651688
[setup in-reg] rst_n -> _92297_/RESET_B : -90.651688
[setup in-reg] rst_n -> _92298_/RESET_B : -90.651688
[setup in-reg] rst_n -> _92299_/RESET_B : -90.651688
[setup in-reg] rst_n -> _92300_/RESET_B : -90.651688
[setup in-reg] rst_n -> _92301_/RESET_B : -90.651688
[setup in-reg] rst_n -> _92302_/RESET_B : -90.651688
[setup in-reg] rst_n -> _92303_/RESET_B : -90.651688
[setup in-reg] rst_n -> _92304_/RESET_B : -90.651688
[setup in-reg] rst_n -> _92305_/RESET_B : -90.651688
[setup in-reg] rst_n -> _92306_/RESET_B : -90.651688
[setup in-reg] rst_n -> _92307_/RESET_B : -90.651688
[setup in-reg] rst_n -> _92308_/RESET_B : -90.651688
[setup in-reg] rst_n -> _92309_/RESET_B : -90.651688
[setup in-reg] rst_n -> _92310_/RESET_B : -90.651688
[setup in-reg] rst_n -> _92311_/RESET_B : -90.651688
[setup in-reg] rst_n -> _92312_/RESET_B : -90.651688
[setup in-reg] rst_n -> _92313_/RESET_B : -90.651688
[setup in-reg] rst_n -> _92314_/RESET_B : -90.651688
[setup in-reg] rst_n -> _92315_/RESET_B : -90.651688
[setup in-reg] rst_n -> _92316_/RESET_B : -90.651688
[setup in-reg] rst_n -> _92317_/RESET_B : -90.651688
[setup in-reg] rst_n -> _92318_/RESET_B : -90.651688
[setup in-reg] rst_n -> _92319_/RESET_B : -90.651688
[setup in-reg] rst_n -> _92320_/RESET_B : -90.651688
[setup in-reg] rst_n -> _92321_/RESET_B : -90.651688
[setup in-reg] rst_n -> _92322_/RESET_B : -90.651688
[setup in-reg] rst_n -> _92323_/RESET_B : -90.651688
[setup in-reg] rst_n -> _92324_/RESET_B : -90.651688
[setup in-reg] rst_n -> _92325_/RESET_B : -90.651688
[setup in-reg] rst_n -> _92326_/RESET_B : -90.651688
[setup in-reg] rst_n -> _92327_/RESET_B : -90.651688
[setup in-reg] rst_n -> _92328_/RESET_B : -90.651688
[setup in-reg] rst_n -> _92329_/RESET_B : -90.651688
[setup in-reg] rst_n -> _92330_/RESET_B : -90.651688
[setup in-reg] rst_n -> _92331_/RESET_B : -90.651688
[setup in-reg] rst_n -> _92332_/RESET_B : -90.651688
[setup in-reg] rst_n -> _92333_/RESET_B : -90.651688
[setup in-reg] rst_n -> _92334_/RESET_B : -90.651688
[setup in-reg] rst_n -> _92335_/RESET_B : -90.651688
[setup in-reg] rst_n -> _92336_/RESET_B : -90.651688
[setup in-reg] rst_n -> _92337_/RESET_B : -90.651688
[setup in-reg] rst_n -> _92338_/RESET_B : -90.651688
[setup in-reg] rst_n -> _92339_/RESET_B : -90.651688
[setup in-reg] rst_n -> _92340_/RESET_B : -90.651688
[setup in-reg] rst_n -> _92341_/RESET_B : -90.651688
[setup in-reg] rst_n -> _92342_/RESET_B : -90.651688
[setup in-reg] rst_n -> _92343_/RESET_B : -90.651688
[setup in-reg] rst_n -> _92344_/RESET_B : -90.651688
[setup in-reg] rst_n -> _92345_/RESET_B : -90.651688
[setup in-reg] rst_n -> _92346_/RESET_B : -90.651688
[setup in-reg] rst_n -> _92347_/RESET_B : -90.651688
[setup in-reg] rst_n -> _92348_/RESET_B : -90.651688
[setup in-reg] rst_n -> _92349_/RESET_B : -90.651688
[setup in-reg] rst_n -> _92350_/RESET_B : -90.651688
[setup in-reg] rst_n -> _92351_/RESET_B : -90.651688
[setup in-reg] rst_n -> _92352_/RESET_B : -90.651688
[setup in-reg] rst_n -> _92353_/RESET_B : -90.651688
[setup in-reg] rst_n -> _92354_/RESET_B : -90.651688
[setup in-reg] rst_n -> _92355_/RESET_B : -90.651688
[setup in-reg] rst_n -> _92356_/RESET_B : -90.651688
[setup in-reg] rst_n -> _92357_/RESET_B : -90.651688
[setup in-reg] rst_n -> _92358_/RESET_B : -90.651688
[setup in-reg] rst_n -> _92359_/RESET_B : -90.651688
[setup in-reg] rst_n -> _92360_/RESET_B : -90.651688
[setup in-reg] rst_n -> _92361_/RESET_B : -90.651688
[setup in-reg] rst_n -> _92362_/RESET_B : -90.651688
[setup in-reg] rst_n -> _92363_/RESET_B : -90.651688
[setup in-reg] rst_n -> _92364_/RESET_B : -90.651688
[setup in-reg] rst_n -> _92365_/RESET_B : -90.651688
[setup in-reg] rst_n -> _92366_/RESET_B : -90.651688
[setup in-reg] rst_n -> _92367_/RESET_B : -90.651688
[setup in-reg] rst_n -> _92368_/RESET_B : -90.651688
[setup in-reg] rst_n -> _92369_/RESET_B : -90.651688
[setup in-reg] rst_n -> _92370_/RESET_B : -90.651688
[setup in-reg] rst_n -> _92371_/RESET_B : -90.651688
[setup in-reg] rst_n -> _92372_/RESET_B : -90.651688
[setup in-reg] rst_n -> _92373_/RESET_B : -90.651688
[setup in-reg] rst_n -> _92374_/RESET_B : -90.651688
[setup in-reg] rst_n -> _92375_/RESET_B : -90.651688
[setup in-reg] rst_n -> _92376_/RESET_B : -90.651688
[setup in-reg] rst_n -> _92377_/RESET_B : -90.651688
[setup in-reg] rst_n -> _92378_/RESET_B : -90.651688
[setup in-reg] rst_n -> _92379_/RESET_B : -90.651688
[setup in-reg] rst_n -> _92380_/RESET_B : -90.651688
[setup in-reg] rst_n -> _92381_/RESET_B : -90.651688
[setup in-reg] rst_n -> _92382_/RESET_B : -90.651688
[setup in-reg] rst_n -> _92383_/RESET_B : -90.651688
[setup in-reg] rst_n -> _92384_/RESET_B : -90.651688
[setup in-reg] rst_n -> _92385_/RESET_B : -90.651688
[setup in-reg] rst_n -> _92386_/RESET_B : -90.651688
[setup in-reg] rst_n -> _92387_/RESET_B : -90.651688
[setup in-reg] rst_n -> _92388_/RESET_B : -90.651688
[setup in-reg] rst_n -> _92389_/RESET_B : -90.651688
[setup in-reg] rst_n -> _92390_/RESET_B : -90.651688
[setup in-reg] rst_n -> _92391_/RESET_B : -90.651688
[setup in-reg] rst_n -> _92392_/RESET_B : -90.651688
[setup in-reg] rst_n -> _92393_/RESET_B : -90.651688
[setup in-reg] rst_n -> _92394_/RESET_B : -90.651688
[setup in-reg] rst_n -> _92395_/RESET_B : -90.651688
[setup in-reg] rst_n -> _92396_/RESET_B : -90.651688
[setup in-reg] rst_n -> _92397_/RESET_B : -90.651688
[setup in-reg] rst_n -> _92398_/RESET_B : -90.651688
[setup in-reg] rst_n -> _92399_/RESET_B : -90.651688
[setup in-reg] rst_n -> _92400_/RESET_B : -90.651688
[setup in-reg] rst_n -> _92401_/RESET_B : -90.651688
[setup in-reg] rst_n -> _92402_/RESET_B : -90.651688
[setup in-reg] rst_n -> _92403_/RESET_B : -90.651688
[setup in-reg] rst_n -> _92404_/RESET_B : -90.651688
[setup in-reg] rst_n -> _92405_/RESET_B : -90.651688
[setup in-reg] rst_n -> _92406_/RESET_B : -90.651688
[setup in-reg] rst_n -> _92407_/RESET_B : -90.651688
[setup in-reg] rst_n -> _92408_/RESET_B : -90.651688
[setup in-reg] rst_n -> _92409_/RESET_B : -90.651688
[setup in-reg] rst_n -> _92410_/RESET_B : -90.651688
[setup in-reg] rst_n -> _92411_/RESET_B : -90.651688
[setup in-reg] rst_n -> _92412_/RESET_B : -90.651688
[setup in-reg] rst_n -> _92413_/RESET_B : -90.651688
[setup in-reg] rst_n -> _92414_/RESET_B : -90.651688
[setup in-reg] rst_n -> _92415_/RESET_B : -90.651688
[setup in-reg] rst_n -> _92416_/RESET_B : -90.651688
[setup in-reg] rst_n -> _92417_/RESET_B : -90.651688
[setup in-reg] rst_n -> _92418_/RESET_B : -90.651688
[setup in-reg] rst_n -> _92419_/RESET_B : -90.651688
[setup in-reg] rst_n -> _92420_/RESET_B : -90.651688
[setup in-reg] rst_n -> _92421_/RESET_B : -90.651688
[setup in-reg] rst_n -> _92422_/RESET_B : -90.651688
[setup in-reg] rst_n -> _92423_/RESET_B : -90.651688
[setup in-reg] rst_n -> _92424_/RESET_B : -90.651688
[setup in-reg] rst_n -> _92425_/RESET_B : -90.651688
[setup in-reg] rst_n -> _92426_/RESET_B : -90.651688
[setup in-reg] rst_n -> _92427_/RESET_B : -90.651688
[setup in-reg] rst_n -> _92428_/RESET_B : -90.651688
[setup in-reg] rst_n -> _92429_/RESET_B : -90.651688
[setup in-reg] rst_n -> _92430_/RESET_B : -90.651688
[setup in-reg] rst_n -> _92431_/RESET_B : -90.651688
[setup in-reg] rst_n -> _92432_/RESET_B : -90.651688
[setup in-reg] rst_n -> _92433_/RESET_B : -90.651688
[setup in-reg] rst_n -> _92434_/RESET_B : -90.651688
[setup in-reg] rst_n -> _92435_/RESET_B : -90.651688
[setup in-reg] rst_n -> _92436_/RESET_B : -90.651688
[setup in-reg] rst_n -> _92437_/RESET_B : -90.651688
[setup in-reg] rst_n -> _92438_/RESET_B : -90.651688
[setup in-reg] rst_n -> _92439_/RESET_B : -90.651688
[setup in-reg] rst_n -> _92440_/RESET_B : -90.651688
[setup in-reg] rst_n -> _92441_/RESET_B : -90.651688
[setup in-reg] rst_n -> _92442_/RESET_B : -90.651688
[setup in-reg] rst_n -> _92443_/RESET_B : -90.651688
[setup in-reg] rst_n -> _92444_/RESET_B : -90.651688
[setup in-reg] rst_n -> _92445_/RESET_B : -90.651688
[setup in-reg] rst_n -> _92446_/RESET_B : -90.651688
[setup in-reg] rst_n -> _92447_/RESET_B : -90.651688
[setup in-reg] rst_n -> _92448_/RESET_B : -90.651688
[setup in-reg] rst_n -> _92449_/RESET_B : -90.651688
[setup in-reg] rst_n -> _92450_/RESET_B : -90.651688
[setup in-reg] rst_n -> _92451_/RESET_B : -90.651688
[setup in-reg] rst_n -> _92452_/RESET_B : -90.651688
[setup in-reg] rst_n -> _92453_/RESET_B : -90.651688
[setup in-reg] rst_n -> _92454_/RESET_B : -90.651688
[setup in-reg] rst_n -> _92455_/RESET_B : -90.651688
[setup in-reg] rst_n -> _92456_/RESET_B : -90.651688
[setup in-reg] rst_n -> _92457_/RESET_B : -90.651688
[setup in-reg] rst_n -> _92458_/RESET_B : -90.651688
[setup in-reg] rst_n -> _92459_/RESET_B : -90.651688
[setup in-reg] rst_n -> _92460_/RESET_B : -90.651688
[setup in-reg] rst_n -> _92461_/RESET_B : -90.651688
[setup in-reg] rst_n -> _92462_/RESET_B : -90.651688
[setup in-reg] rst_n -> _92463_/RESET_B : -90.651688
[setup in-reg] rst_n -> _92464_/RESET_B : -90.651688
[setup in-reg] rst_n -> _92465_/RESET_B : -90.651688
[setup in-reg] rst_n -> _92466_/RESET_B : -90.651688
[setup in-reg] rst_n -> _92467_/RESET_B : -90.651688
[setup in-reg] rst_n -> _92468_/RESET_B : -90.651688
[setup in-reg] rst_n -> _92469_/RESET_B : -90.651688
[setup in-reg] rst_n -> _92470_/RESET_B : -90.651688
[setup in-reg] rst_n -> _92471_/RESET_B : -90.651688
[setup in-reg] rst_n -> _92472_/RESET_B : -90.651688
[setup in-reg] rst_n -> _92473_/RESET_B : -90.651688
[setup in-reg] rst_n -> _92474_/RESET_B : -90.651688
[setup in-reg] rst_n -> _92475_/RESET_B : -90.651688
[setup in-reg] rst_n -> _92476_/RESET_B : -90.651688
[setup in-reg] rst_n -> _92477_/RESET_B : -90.651688
[setup in-reg] rst_n -> _92478_/RESET_B : -90.651688
[setup in-reg] rst_n -> _92479_/RESET_B : -90.651688
[setup in-reg] rst_n -> _92480_/RESET_B : -90.651688
[setup in-reg] rst_n -> _92481_/RESET_B : -90.651688
[setup in-reg] rst_n -> _92482_/RESET_B : -90.651688
[setup in-reg] rst_n -> _92483_/RESET_B : -90.651688
[setup in-reg] rst_n -> _92484_/RESET_B : -90.651688
[setup in-reg] rst_n -> _92485_/RESET_B : -90.651688
[setup in-reg] rst_n -> _92486_/RESET_B : -90.651688
[setup in-reg] rst_n -> _92487_/RESET_B : -90.651688
[setup in-reg] rst_n -> _92488_/RESET_B : -90.651688
[setup in-reg] rst_n -> _92489_/RESET_B : -90.651688
[setup in-reg] rst_n -> _92490_/RESET_B : -90.651688
[setup in-reg] rst_n -> _92491_/RESET_B : -90.651688
[setup in-reg] rst_n -> _92492_/RESET_B : -90.651688
[setup in-reg] rst_n -> _92493_/RESET_B : -90.651688
[setup in-reg] rst_n -> _92494_/RESET_B : -90.651688
[setup in-reg] rst_n -> _92495_/RESET_B : -90.651688
[setup in-reg] rst_n -> _92496_/RESET_B : -90.651688
[setup in-reg] rst_n -> _92497_/RESET_B : -90.651688
[setup in-reg] rst_n -> _92498_/RESET_B : -90.651688
[setup in-reg] rst_n -> _92499_/RESET_B : -90.651688
[setup in-reg] rst_n -> _92500_/RESET_B : -90.651688
[setup in-reg] rst_n -> _92501_/RESET_B : -90.651688
[setup in-reg] rst_n -> _92502_/RESET_B : -90.651688
[setup in-reg] rst_n -> _92503_/RESET_B : -90.651688
[setup in-reg] rst_n -> _92504_/RESET_B : -90.651688
[setup in-reg] rst_n -> _92505_/RESET_B : -90.651688
[setup in-reg] rst_n -> _92506_/RESET_B : -90.651688
[setup in-reg] rst_n -> _92507_/RESET_B : -90.651688
[setup in-reg] rst_n -> _92508_/RESET_B : -90.651688
[setup in-reg] rst_n -> _92509_/RESET_B : -90.651688
[setup in-reg] rst_n -> _92510_/RESET_B : -90.651688
[setup in-reg] rst_n -> _92511_/RESET_B : -90.651688
[setup in-reg] rst_n -> _92512_/RESET_B : -90.651688
[setup in-reg] rst_n -> _92513_/RESET_B : -90.651688
[setup in-reg] rst_n -> _92514_/RESET_B : -90.651688
[setup in-reg] rst_n -> _92515_/RESET_B : -90.651688
[setup in-reg] rst_n -> _92516_/RESET_B : -90.651688
[setup in-reg] rst_n -> _92517_/RESET_B : -90.651688
[setup in-reg] rst_n -> _92518_/RESET_B : -90.651688
[setup in-reg] rst_n -> _92519_/RESET_B : -90.651688
[setup in-reg] rst_n -> _92520_/RESET_B : -90.651688
[setup in-reg] rst_n -> _92521_/RESET_B : -90.651688
[setup in-reg] rst_n -> _92522_/RESET_B : -90.651688
[setup in-reg] rst_n -> _92523_/RESET_B : -90.651688
[setup in-reg] rst_n -> _92524_/RESET_B : -90.651688
[setup in-reg] rst_n -> _92525_/RESET_B : -90.651688
[setup in-reg] rst_n -> _92526_/RESET_B : -90.651688
[setup in-reg] rst_n -> _92527_/RESET_B : -90.651688
[setup in-reg] rst_n -> _92528_/RESET_B : -90.651688
[setup in-reg] rst_n -> _92529_/RESET_B : -90.651688
[setup in-reg] rst_n -> _92530_/RESET_B : -90.651688
[setup in-reg] rst_n -> _92531_/RESET_B : -90.651688
[setup in-reg] rst_n -> _92532_/RESET_B : -90.651688
[setup in-reg] rst_n -> _92533_/RESET_B : -90.651688
[setup in-reg] rst_n -> _92534_/RESET_B : -90.651688
[setup in-reg] rst_n -> _92535_/RESET_B : -90.651688
[setup in-reg] rst_n -> _92536_/RESET_B : -90.651688
[setup in-reg] rst_n -> _92537_/RESET_B : -90.651688
[setup in-reg] rst_n -> _92538_/RESET_B : -90.651688
[setup in-reg] rst_n -> _92539_/RESET_B : -90.651688
[setup in-reg] rst_n -> _92540_/RESET_B : -90.651688
[setup in-reg] rst_n -> _92541_/RESET_B : -90.651688
[setup in-reg] rst_n -> _92542_/RESET_B : -90.651688
[setup in-reg] rst_n -> _92543_/RESET_B : -90.651688
[setup in-reg] rst_n -> _92544_/RESET_B : -90.651688
[setup in-reg] rst_n -> _92545_/RESET_B : -90.651688
[setup in-reg] rst_n -> _92546_/RESET_B : -90.651688
[setup in-reg] rst_n -> _92547_/RESET_B : -90.651688
[setup in-reg] rst_n -> _92548_/RESET_B : -90.651688
[setup in-reg] rst_n -> _92549_/RESET_B : -90.651688
[setup in-reg] rst_n -> _92550_/RESET_B : -90.651688
[setup in-reg] rst_n -> _92551_/RESET_B : -90.651688
[setup in-reg] rst_n -> _92552_/RESET_B : -90.651688
[setup in-reg] rst_n -> _92553_/RESET_B : -90.651688
[setup in-reg] rst_n -> _92554_/RESET_B : -90.651688
[setup in-reg] rst_n -> _92555_/RESET_B : -90.651688
[setup in-reg] rst_n -> _92556_/RESET_B : -90.651688
[setup in-reg] rst_n -> _92557_/RESET_B : -90.651688
[setup in-reg] rst_n -> _92558_/RESET_B : -90.651688
[setup in-reg] rst_n -> _92559_/RESET_B : -90.651688
[setup in-reg] rst_n -> _92560_/RESET_B : -90.651688
[setup in-reg] rst_n -> _92561_/RESET_B : -90.651688
[setup in-reg] rst_n -> _92562_/RESET_B : -90.651688
[setup in-reg] rst_n -> _92563_/RESET_B : -90.651688
[setup in-reg] rst_n -> _92564_/RESET_B : -90.651688
[setup in-reg] rst_n -> _92565_/RESET_B : -90.651688
[setup in-reg] rst_n -> _92566_/RESET_B : -90.651688
[setup in-reg] rst_n -> _92567_/RESET_B : -90.651688
[setup in-reg] rst_n -> _92568_/RESET_B : -90.651688
[setup in-reg] rst_n -> _92569_/RESET_B : -90.651688
[setup in-reg] rst_n -> _92570_/RESET_B : -90.651688
[setup in-reg] rst_n -> _92571_/RESET_B : -90.651688
[setup in-reg] rst_n -> _92572_/RESET_B : -90.651688
[setup in-reg] rst_n -> _92573_/RESET_B : -90.651688
[setup in-reg] rst_n -> _92574_/RESET_B : -90.651688
[setup in-reg] rst_n -> _92575_/RESET_B : -90.651688
[setup in-reg] rst_n -> _92576_/RESET_B : -90.651688
[setup in-reg] rst_n -> _92577_/RESET_B : -90.651688
[setup in-reg] rst_n -> _92578_/RESET_B : -90.651688
[setup in-reg] rst_n -> _92579_/RESET_B : -90.651688
[setup in-reg] rst_n -> _92580_/RESET_B : -90.651688
[setup in-reg] rst_n -> _92581_/RESET_B : -90.651688
[setup in-reg] rst_n -> _92582_/RESET_B : -90.651688
[setup in-reg] rst_n -> _92583_/RESET_B : -90.651688
[setup in-reg] rst_n -> _92584_/RESET_B : -90.651688
[setup in-reg] rst_n -> _92585_/RESET_B : -90.651688
[setup in-reg] rst_n -> _92586_/RESET_B : -90.651688
[setup in-reg] rst_n -> _92587_/RESET_B : -90.651688
[setup in-reg] rst_n -> _92588_/RESET_B : -90.651688
[setup in-reg] rst_n -> _92589_/RESET_B : -90.651688
[setup in-reg] rst_n -> _92590_/RESET_B : -90.651688
[setup in-reg] rst_n -> _92591_/RESET_B : -90.651688
[setup in-reg] enable_cycle -> _86653_/D : -63.788456
[setup in-reg] enable_cycle -> _86654_/D : -63.788456
[setup in-reg] enable_cycle -> _86655_/D : -63.788456
[setup in-reg] enable_cycle -> _86656_/D : -63.788456
[setup in-reg] enable_cycle -> _86657_/D : -63.788456
[setup in-reg] enable_cycle -> _86658_/D : -63.788456
[setup in-reg] enable_cycle -> _86659_/D : -63.788456
[setup in-reg] enable_cycle -> _86660_/D : -63.788456
[setup in-reg] enable_cycle -> _86772_/D : -63.788456
[setup in-reg] enable_cycle -> _86773_/D : -63.788456
[setup in-reg] enable_cycle -> _86774_/D : -63.788456
[setup in-reg] enable_cycle -> _86775_/D : -63.788456
[setup in-reg] enable_cycle -> _86776_/D : -63.788456
[setup in-reg] enable_cycle -> _86777_/D : -63.788456
[setup in-reg] enable_cycle -> _86778_/D : -63.788456
[setup in-reg] enable_cycle -> _86779_/D : -63.788456
[setup in-reg] enable_cycle -> _86869_/D : -63.788456
[setup in-reg] enable_cycle -> _86870_/D : -63.788456
[setup in-reg] enable_cycle -> _86871_/D : -63.788456
[setup in-reg] enable_cycle -> _86872_/D : -63.788456
[setup in-reg] enable_cycle -> _86873_/D : -63.788456
[setup in-reg] enable_cycle -> _86874_/D : -63.788456
[setup in-reg] enable_cycle -> _86875_/D : -63.788456
[setup in-reg] enable_cycle -> _86876_/D : -63.788456
[setup in-reg] enable_cycle -> _86990_/D : -63.788456
[setup in-reg] enable_cycle -> _86991_/D : -63.788456
[setup in-reg] enable_cycle -> _86992_/D : -63.788456
[setup in-reg] enable_cycle -> _86993_/D : -63.788456
[setup in-reg] enable_cycle -> _86994_/D : -63.788456
[setup in-reg] enable_cycle -> _86995_/D : -63.788456
[setup in-reg] enable_cycle -> _86996_/D : -63.788456
[setup in-reg] enable_cycle -> _86997_/D : -63.788456
[setup in-reg] enable_cycle -> _87087_/D : -63.788456
[setup in-reg] enable_cycle -> _87088_/D : -63.788456
[setup in-reg] enable_cycle -> _87089_/D : -63.788456
[setup in-reg] enable_cycle -> _87090_/D : -63.788456
[setup in-reg] enable_cycle -> _87091_/D : -63.788456
[setup in-reg] enable_cycle -> _87092_/D : -63.788456
[setup in-reg] enable_cycle -> _87093_/D : -63.788456
[setup in-reg] enable_cycle -> _87094_/D : -63.788456
[setup in-reg] enable_cycle -> _87184_/D : -63.788456
[setup in-reg] enable_cycle -> _87185_/D : -63.788456
[setup in-reg] enable_cycle -> _87186_/D : -63.788456
[setup in-reg] enable_cycle -> _87187_/D : -63.788456
[setup in-reg] enable_cycle -> _87188_/D : -63.788456
[setup in-reg] enable_cycle -> _87189_/D : -63.788456
[setup in-reg] enable_cycle -> _87190_/D : -63.788456
[setup in-reg] enable_cycle -> _87191_/D : -63.788456
[setup in-reg] enable_cycle -> _87281_/D : -63.788456
[setup in-reg] enable_cycle -> _87282_/D : -63.788456
[setup in-reg] enable_cycle -> _87283_/D : -63.788456
[setup in-reg] enable_cycle -> _87284_/D : -63.788456
[setup in-reg] enable_cycle -> _87285_/D : -63.788456
[setup in-reg] enable_cycle -> _87286_/D : -63.788456
[setup in-reg] enable_cycle -> _87287_/D : -63.788456
[setup in-reg] enable_cycle -> _87288_/D : -63.788456
[setup in-reg] enable_cycle -> _87378_/D : -63.788456
[setup in-reg] enable_cycle -> _87379_/D : -63.788456
[setup in-reg] enable_cycle -> _87380_/D : -63.788456
[setup in-reg] enable_cycle -> _87381_/D : -63.788456
[setup in-reg] enable_cycle -> _87382_/D : -63.788456
[setup in-reg] enable_cycle -> _87383_/D : -63.788456
[setup in-reg] enable_cycle -> _87384_/D : -63.788456
[setup in-reg] enable_cycle -> _87385_/D : -63.788456
[setup in-reg] enable_cycle -> _87453_/D : -63.788456
[setup in-reg] enable_cycle -> _87454_/D : -63.788456
[setup in-reg] enable_cycle -> _87455_/D : -63.788456
[setup in-reg] enable_cycle -> _87456_/D : -63.788456
[setup in-reg] enable_cycle -> _87457_/D : -63.788456
[setup in-reg] enable_cycle -> _87458_/D : -63.788456
[setup in-reg] enable_cycle -> _87459_/D : -63.788456
[setup in-reg] enable_cycle -> _87460_/D : -63.788456
[setup in-reg] enable_cycle -> _87545_/D : -63.788456
[setup in-reg] enable_cycle -> _87546_/D : -63.788456
[setup in-reg] enable_cycle -> _87547_/D : -63.788456
[setup in-reg] enable_cycle -> _87548_/D : -63.788456
[setup in-reg] enable_cycle -> _87549_/D : -63.788456
[setup in-reg] enable_cycle -> _87550_/D : -63.788456
[setup in-reg] enable_cycle -> _87551_/D : -63.788456
[setup in-reg] enable_cycle -> _87552_/D : -63.788456
[setup in-reg] enable_cycle -> _87645_/D : -63.788456
[setup in-reg] enable_cycle -> _87646_/D : -63.788456
[setup in-reg] enable_cycle -> _87647_/D : -63.788456
[setup in-reg] enable_cycle -> _87648_/D : -63.788456
[setup in-reg] enable_cycle -> _87649_/D : -63.788456
[setup in-reg] enable_cycle -> _87650_/D : -63.788456
[setup in-reg] enable_cycle -> _87651_/D : -63.788456
[setup in-reg] enable_cycle -> _87652_/D : -63.788456
[setup in-reg] enable_cycle -> _87745_/D : -63.788456
[setup in-reg] enable_cycle -> _87746_/D : -63.788456
[setup in-reg] enable_cycle -> _87747_/D : -63.788456
[setup in-reg] enable_cycle -> _87748_/D : -63.788456
[setup in-reg] enable_cycle -> _87749_/D : -63.788456
[setup in-reg] enable_cycle -> _87750_/D : -63.788456
[setup in-reg] enable_cycle -> _87751_/D : -63.788456
[setup in-reg] enable_cycle -> _87752_/D : -63.788456
[setup in-reg] enable_cycle -> _87845_/D : -63.788456
[setup in-reg] enable_cycle -> _87846_/D : -63.788456
[setup in-reg] enable_cycle -> _87847_/D : -63.788456
[setup in-reg] enable_cycle -> _87848_/D : -63.788456
[setup in-reg] enable_cycle -> _87849_/D : -63.788456
[setup in-reg] enable_cycle -> _87850_/D : -63.788456
[setup in-reg] enable_cycle -> _87851_/D : -63.788456
[setup in-reg] enable_cycle -> _87852_/D : -63.788456
[setup in-reg] enable_cycle -> _87945_/D : -63.788456
[setup in-reg] enable_cycle -> _87946_/D : -63.788456
[setup in-reg] enable_cycle -> _87947_/D : -63.788456
[setup in-reg] enable_cycle -> _87948_/D : -63.788456
[setup in-reg] enable_cycle -> _87949_/D : -63.788456
[setup in-reg] enable_cycle -> _87950_/D : -63.788456
[setup in-reg] enable_cycle -> _87951_/D : -63.788456
[setup in-reg] enable_cycle -> _87952_/D : -63.788456
[setup in-reg] enable_cycle -> _88045_/D : -63.788456
[setup in-reg] enable_cycle -> _88046_/D : -63.788456
[setup in-reg] enable_cycle -> _88047_/D : -63.788456
[setup in-reg] enable_cycle -> _88048_/D : -63.788456
[setup in-reg] enable_cycle -> _88049_/D : -63.788456
[setup in-reg] enable_cycle -> _88050_/D : -63.788456
[setup in-reg] enable_cycle -> _88051_/D : -63.788456
[setup in-reg] enable_cycle -> _88052_/D : -63.788456
[setup in-reg] enable_cycle -> _88145_/D : -63.788456
[setup in-reg] enable_cycle -> _88146_/D : -63.788456
[setup in-reg] enable_cycle -> _88147_/D : -63.788456
[setup in-reg] enable_cycle -> _88148_/D : -63.788456
[setup in-reg] enable_cycle -> _88149_/D : -63.788456
[setup in-reg] enable_cycle -> _88150_/D : -63.788456
[setup in-reg] enable_cycle -> _88151_/D : -63.788456
[setup in-reg] enable_cycle -> _88152_/D : -63.788456
[setup in-reg] enable_cycle -> _88238_/D : -63.788456
[setup in-reg] enable_cycle -> _88239_/D : -63.788456
[setup in-reg] enable_cycle -> _88240_/D : -63.788456
[setup in-reg] enable_cycle -> _88241_/D : -63.788456
[setup in-reg] enable_cycle -> _88242_/D : -63.788456
[setup in-reg] enable_cycle -> _88243_/D : -63.788456
[setup in-reg] enable_cycle -> _88244_/D : -63.788456
[setup in-reg] enable_cycle -> _88245_/D : -63.788456
[setup in-reg] enable_cycle -> _88294_/D : -63.788456
[setup in-reg] enable_cycle -> _88295_/D : -63.788456
[setup in-reg] enable_cycle -> _88296_/D : -63.788456
[setup in-reg] enable_cycle -> _88297_/D : -63.788456
[setup in-reg] enable_cycle -> _88298_/D : -63.788456
[setup in-reg] enable_cycle -> _88299_/D : -63.788456
[setup in-reg] enable_cycle -> _88300_/D : -63.788456
[setup in-reg] enable_cycle -> _88301_/D : -63.788456
[setup in-reg] enable_cycle -> _88638_/D : -63.788456
[setup in-reg] enable_cycle -> _88639_/D : -63.788456
[setup in-reg] enable_cycle -> _88640_/D : -63.788456
[setup in-reg] enable_cycle -> _88641_/D : -63.788456
[setup in-reg] enable_cycle -> _88642_/D : -63.788456
[setup in-reg] enable_cycle -> _88643_/D : -63.788456
[setup in-reg] enable_cycle -> _88644_/D : -63.788456
[setup in-reg] enable_cycle -> _88645_/D : -63.788456
[setup in-reg] enable_cycle -> _88702_/D : -63.788456
[setup in-reg] enable_cycle -> _88703_/D : -63.788456
[setup in-reg] enable_cycle -> _88704_/D : -63.788456
[setup in-reg] enable_cycle -> _88705_/D : -63.788456
[setup in-reg] enable_cycle -> _88706_/D : -63.788456
[setup in-reg] enable_cycle -> _88707_/D : -63.788456
[setup in-reg] enable_cycle -> _88708_/D : -63.788456
[setup in-reg] enable_cycle -> _88709_/D : -63.788456
[setup in-reg] enable_cycle -> _88766_/D : -63.788456
[setup in-reg] enable_cycle -> _88767_/D : -63.788456
[setup in-reg] enable_cycle -> _88768_/D : -63.788456
[setup in-reg] enable_cycle -> _88769_/D : -63.788456
[setup in-reg] enable_cycle -> _88770_/D : -63.788456
[setup in-reg] enable_cycle -> _88771_/D : -63.788456
[setup in-reg] enable_cycle -> _88772_/D : -63.788456
[setup in-reg] enable_cycle -> _88773_/D : -63.788456
[setup in-reg] enable_cycle -> _88830_/D : -63.788456
[setup in-reg] enable_cycle -> _88831_/D : -63.788456
[setup in-reg] enable_cycle -> _88832_/D : -63.788456
[setup in-reg] enable_cycle -> _88833_/D : -63.788456
[setup in-reg] enable_cycle -> _88834_/D : -63.788456
[setup in-reg] enable_cycle -> _88835_/D : -63.788456
[setup in-reg] enable_cycle -> _88836_/D : -63.788456
[setup in-reg] enable_cycle -> _88837_/D : -63.788456
[setup in-reg] enable_cycle -> _88894_/D : -63.788456
[setup in-reg] enable_cycle -> _88895_/D : -63.788456
[setup in-reg] enable_cycle -> _88896_/D : -63.788456
[setup in-reg] enable_cycle -> _88897_/D : -63.788456
[setup in-reg] enable_cycle -> _88898_/D : -63.788456
[setup in-reg] enable_cycle -> _88899_/D : -63.788456
[setup in-reg] enable_cycle -> _88900_/D : -63.788456
[setup in-reg] enable_cycle -> _88901_/D : -63.788456
[setup in-reg] enable_cycle -> _88958_/D : -63.788456
[setup in-reg] enable_cycle -> _88959_/D : -63.788456
[setup in-reg] enable_cycle -> _88960_/D : -63.788456
[setup in-reg] enable_cycle -> _88961_/D : -63.788456
[setup in-reg] enable_cycle -> _88962_/D : -63.788456
[setup in-reg] enable_cycle -> _88963_/D : -63.788456
[setup in-reg] enable_cycle -> _88964_/D : -63.788456
[setup in-reg] enable_cycle -> _88965_/D : -63.788456
[setup in-reg] enable_cycle -> _89006_/D : -63.788456
[setup in-reg] enable_cycle -> _89007_/D : -63.788456
[setup in-reg] enable_cycle -> _89008_/D : -63.788456
[setup in-reg] enable_cycle -> _89009_/D : -63.788456
[setup in-reg] enable_cycle -> _89010_/D : -63.788456
[setup in-reg] enable_cycle -> _89011_/D : -63.788456
[setup in-reg] enable_cycle -> _89012_/D : -63.788456
[setup in-reg] enable_cycle -> _89013_/D : -63.788456
[setup in-reg] enable_cycle -> _89080_/D : -63.788456
[setup in-reg] enable_cycle -> _89081_/D : -63.788456
[setup in-reg] enable_cycle -> _89082_/D : -63.788456
[setup in-reg] enable_cycle -> _89083_/D : -63.788456
[setup in-reg] enable_cycle -> _89084_/D : -63.788456
[setup in-reg] enable_cycle -> _89085_/D : -63.788456
[setup in-reg] enable_cycle -> _89086_/D : -63.788456
[setup in-reg] enable_cycle -> _89087_/D : -63.788456
[setup in-reg] enable_cycle -> _89162_/D : -63.788456
[setup in-reg] enable_cycle -> _89163_/D : -63.788456
[setup in-reg] enable_cycle -> _89164_/D : -63.788456
[setup in-reg] enable_cycle -> _89165_/D : -63.788456
[setup in-reg] enable_cycle -> _89166_/D : -63.788456
[setup in-reg] enable_cycle -> _89167_/D : -63.788456
[setup in-reg] enable_cycle -> _89168_/D : -63.788456
[setup in-reg] enable_cycle -> _89169_/D : -63.788456
[setup in-reg] enable_cycle -> _89244_/D : -63.788456
[setup in-reg] enable_cycle -> _89245_/D : -63.788456
[setup in-reg] enable_cycle -> _89246_/D : -63.788456
[setup in-reg] enable_cycle -> _89247_/D : -63.788456
[setup in-reg] enable_cycle -> _89248_/D : -63.788456
[setup in-reg] enable_cycle -> _89249_/D : -63.788456
[setup in-reg] enable_cycle -> _89250_/D : -63.788456
[setup in-reg] enable_cycle -> _89251_/D : -63.788456
[setup in-reg] enable_cycle -> _89326_/D : -63.788456
[setup in-reg] enable_cycle -> _89327_/D : -63.788456
[setup in-reg] enable_cycle -> _89328_/D : -63.788456
[setup in-reg] enable_cycle -> _89329_/D : -63.788456
[setup in-reg] enable_cycle -> _89330_/D : -63.788456
[setup in-reg] enable_cycle -> _89331_/D : -63.788456
[setup in-reg] enable_cycle -> _89332_/D : -63.788456
[setup in-reg] enable_cycle -> _89333_/D : -63.788456
[setup in-reg] enable_cycle -> _89408_/D : -63.788456
[setup in-reg] enable_cycle -> _89409_/D : -63.788456
[setup in-reg] enable_cycle -> _89410_/D : -63.788456
[setup in-reg] enable_cycle -> _89411_/D : -63.788456
[setup in-reg] enable_cycle -> _89412_/D : -63.788456
[setup in-reg] enable_cycle -> _89413_/D : -63.788456
[setup in-reg] enable_cycle -> _89414_/D : -63.788456
[setup in-reg] enable_cycle -> _89415_/D : -63.788456
[setup in-reg] enable_cycle -> _89490_/D : -63.788456
[setup in-reg] enable_cycle -> _89491_/D : -63.788456
[setup in-reg] enable_cycle -> _89492_/D : -63.788456
[setup in-reg] enable_cycle -> _89493_/D : -63.788456
[setup in-reg] enable_cycle -> _89494_/D : -63.788456
[setup in-reg] enable_cycle -> _89495_/D : -63.788456
[setup in-reg] enable_cycle -> _89496_/D : -63.788456
[setup in-reg] enable_cycle -> _89497_/D : -63.788456
[setup in-reg] enable_cycle -> _89572_/D : -63.788456
[setup in-reg] enable_cycle -> _89573_/D : -63.788456
[setup in-reg] enable_cycle -> _89574_/D : -63.788456
[setup in-reg] enable_cycle -> _89575_/D : -63.788456
[setup in-reg] enable_cycle -> _89576_/D : -63.788456
[setup in-reg] enable_cycle -> _89577_/D : -63.788456
[setup in-reg] enable_cycle -> _89578_/D : -63.788456
[setup in-reg] enable_cycle -> _89579_/D : -63.788456
[setup in-reg] enable_cycle -> _89637_/D : -63.788456
[setup in-reg] enable_cycle -> _89638_/D : -63.788456
[setup in-reg] enable_cycle -> _89639_/D : -63.788456
[setup in-reg] enable_cycle -> _89640_/D : -63.788456
[setup in-reg] enable_cycle -> _89641_/D : -63.788456
[setup in-reg] enable_cycle -> _89642_/D : -63.788456
[setup in-reg] enable_cycle -> _89643_/D : -63.788456
[setup in-reg] enable_cycle -> _89644_/D : -63.788456
[setup in-reg] enable_cycle -> _89714_/D : -63.788456
[setup in-reg] enable_cycle -> _89715_/D : -63.788456
[setup in-reg] enable_cycle -> _89716_/D : -63.788456
[setup in-reg] enable_cycle -> _89717_/D : -63.788456
[setup in-reg] enable_cycle -> _89718_/D : -63.788456
[setup in-reg] enable_cycle -> _89719_/D : -63.788456
[setup in-reg] enable_cycle -> _89720_/D : -63.788456
[setup in-reg] enable_cycle -> _89721_/D : -63.788456
[setup in-reg] enable_cycle -> _89799_/D : -63.788456
[setup in-reg] enable_cycle -> _89800_/D : -63.788456
[setup in-reg] enable_cycle -> _89801_/D : -63.788456
[setup in-reg] enable_cycle -> _89802_/D : -63.788456
[setup in-reg] enable_cycle -> _89803_/D : -63.788456
[setup in-reg] enable_cycle -> _89804_/D : -63.788456
[setup in-reg] enable_cycle -> _89805_/D : -63.788456
[setup in-reg] enable_cycle -> _89806_/D : -63.788456
[setup in-reg] enable_cycle -> _89884_/D : -63.788456
[setup in-reg] enable_cycle -> _89885_/D : -63.788456
[setup in-reg] enable_cycle -> _89886_/D : -63.788456
[setup in-reg] enable_cycle -> _89887_/D : -63.788456
[setup in-reg] enable_cycle -> _89888_/D : -63.788456
[setup in-reg] enable_cycle -> _89889_/D : -63.788456
[setup in-reg] enable_cycle -> _89890_/D : -63.788456
[setup in-reg] enable_cycle -> _89891_/D : -63.788456
[setup in-reg] enable_cycle -> _89969_/D : -63.788456
[setup in-reg] enable_cycle -> _89970_/D : -63.788456
[setup in-reg] enable_cycle -> _89971_/D : -63.788456
[setup in-reg] enable_cycle -> _89972_/D : -63.788456
[setup in-reg] enable_cycle -> _89973_/D : -63.788456
[setup in-reg] enable_cycle -> _89974_/D : -63.788456
[setup in-reg] enable_cycle -> _89975_/D : -63.788456
[setup in-reg] enable_cycle -> _89976_/D : -63.788456
[setup in-reg] enable_cycle -> _90054_/D : -63.788456
[setup in-reg] enable_cycle -> _90055_/D : -63.788456
[setup in-reg] enable_cycle -> _90056_/D : -63.788456
[setup in-reg] enable_cycle -> _90057_/D : -63.788456
[setup in-reg] enable_cycle -> _90058_/D : -63.788456
[setup in-reg] enable_cycle -> _90059_/D : -63.788456
[setup in-reg] enable_cycle -> _90060_/D : -63.788456
[setup in-reg] enable_cycle -> _90061_/D : -63.788456
[setup in-reg] enable_cycle -> _90139_/D : -63.788456
[setup in-reg] enable_cycle -> _90140_/D : -63.788456
[setup in-reg] enable_cycle -> _90141_/D : -63.788456
[setup in-reg] enable_cycle -> _90142_/D : -63.788456
[setup in-reg] enable_cycle -> _90143_/D : -63.788456
[setup in-reg] enable_cycle -> _90144_/D : -63.788456
[setup in-reg] enable_cycle -> _90145_/D : -63.788456
[setup in-reg] enable_cycle -> _90146_/D : -63.788456
[setup in-reg] enable_cycle -> _90224_/D : -63.788456
[setup in-reg] enable_cycle -> _90225_/D : -63.788456
[setup in-reg] enable_cycle -> _90226_/D : -63.788456
[setup in-reg] enable_cycle -> _90227_/D : -63.788456
[setup in-reg] enable_cycle -> _90228_/D : -63.788456
[setup in-reg] enable_cycle -> _90229_/D : -63.788456
[setup in-reg] enable_cycle -> _90230_/D : -63.788456
[setup in-reg] enable_cycle -> _90231_/D : -63.788456
[setup in-reg] enable_cycle -> _90291_/D : -63.788456
[setup in-reg] enable_cycle -> _90292_/D : -63.788456
[setup in-reg] enable_cycle -> _90293_/D : -63.788456
[setup in-reg] enable_cycle -> _90294_/D : -63.788456
[setup in-reg] enable_cycle -> _90295_/D : -63.788456
[setup in-reg] enable_cycle -> _90296_/D : -63.788456
[setup in-reg] enable_cycle -> _90297_/D : -63.788456
[setup in-reg] enable_cycle -> _90298_/D : -63.788456
[setup in-reg] enable_cycle -> _90371_/D : -63.788456
[setup in-reg] enable_cycle -> _90372_/D : -63.788456
[setup in-reg] enable_cycle -> _90373_/D : -63.788456
[setup in-reg] enable_cycle -> _90374_/D : -63.788456
[setup in-reg] enable_cycle -> _90375_/D : -63.788456
[setup in-reg] enable_cycle -> _90376_/D : -63.788456
[setup in-reg] enable_cycle -> _90377_/D : -63.788456
[setup in-reg] enable_cycle -> _90378_/D : -63.788456
[setup in-reg] enable_cycle -> _90459_/D : -63.788456
[setup in-reg] enable_cycle -> _90460_/D : -63.788456
[setup in-reg] enable_cycle -> _90461_/D : -63.788456
[setup in-reg] enable_cycle -> _90462_/D : -63.788456
[setup in-reg] enable_cycle -> _90463_/D : -63.788456
[setup in-reg] enable_cycle -> _90464_/D : -63.788456
[setup in-reg] enable_cycle -> _90465_/D : -63.788456
[setup in-reg] enable_cycle -> _90466_/D : -63.788456
[setup in-reg] enable_cycle -> _90547_/D : -63.788456
[setup in-reg] enable_cycle -> _90548_/D : -63.788456
[setup in-reg] enable_cycle -> _90549_/D : -63.788456
[setup in-reg] enable_cycle -> _90550_/D : -63.788456
[setup in-reg] enable_cycle -> _90551_/D : -63.788456
[setup in-reg] enable_cycle -> _90552_/D : -63.788456
[setup in-reg] enable_cycle -> _90553_/D : -63.788456
[setup in-reg] enable_cycle -> _90554_/D : -63.788456
[setup in-reg] enable_cycle -> _90635_/D : -63.788456
[setup in-reg] enable_cycle -> _90636_/D : -63.788456
[setup in-reg] enable_cycle -> _90637_/D : -63.788456
[setup in-reg] enable_cycle -> _90638_/D : -63.788456
[setup in-reg] enable_cycle -> _90639_/D : -63.788456
[setup in-reg] enable_cycle -> _90640_/D : -63.788456
[setup in-reg] enable_cycle -> _90641_/D : -63.788456
[setup in-reg] enable_cycle -> _90642_/D : -63.788456
[setup in-reg] enable_cycle -> _90723_/D : -63.788456
[setup in-reg] enable_cycle -> _90724_/D : -63.788456
[setup in-reg] enable_cycle -> _90725_/D : -63.788456
[setup in-reg] enable_cycle -> _90726_/D : -63.788456
[setup in-reg] enable_cycle -> _90727_/D : -63.788456
[setup in-reg] enable_cycle -> _90728_/D : -63.788456
[setup in-reg] enable_cycle -> _90729_/D : -63.788456
[setup in-reg] enable_cycle -> _90730_/D : -63.788456
[setup in-reg] enable_cycle -> _90811_/D : -63.788456
[setup in-reg] enable_cycle -> _90812_/D : -63.788456
[setup in-reg] enable_cycle -> _90813_/D : -63.788456
[setup in-reg] enable_cycle -> _90814_/D : -63.788456
[setup in-reg] enable_cycle -> _90815_/D : -63.788456
[setup in-reg] enable_cycle -> _90816_/D : -63.788456
[setup in-reg] enable_cycle -> _90817_/D : -63.788456
[setup in-reg] enable_cycle -> _90818_/D : -63.788456
[setup in-reg] enable_cycle -> _90899_/D : -63.788456
[setup in-reg] enable_cycle -> _90900_/D : -63.788456
[setup in-reg] enable_cycle -> _90901_/D : -63.788456
[setup in-reg] enable_cycle -> _90902_/D : -63.788456
[setup in-reg] enable_cycle -> _90903_/D : -63.788456
[setup in-reg] enable_cycle -> _90904_/D : -63.788456
[setup in-reg] enable_cycle -> _90905_/D : -63.788456
[setup in-reg] enable_cycle -> _90906_/D : -63.788456
[setup in-reg] enable_cycle -> _90968_/D : -63.788456
[setup in-reg] enable_cycle -> _90969_/D : -63.788456
[setup in-reg] enable_cycle -> _90970_/D : -63.788456
[setup in-reg] enable_cycle -> _90971_/D : -63.788456
[setup in-reg] enable_cycle -> _90972_/D : -63.788456
[setup in-reg] enable_cycle -> _90973_/D : -63.788456
[setup in-reg] enable_cycle -> _90974_/D : -63.788456
[setup in-reg] enable_cycle -> _90975_/D : -63.788456
[setup in-reg] enable_cycle -> _91051_/D : -63.788456
[setup in-reg] enable_cycle -> _91052_/D : -63.788456
[setup in-reg] enable_cycle -> _91053_/D : -63.788456
[setup in-reg] enable_cycle -> _91054_/D : -63.788456
[setup in-reg] enable_cycle -> _91055_/D : -63.788456
[setup in-reg] enable_cycle -> _91056_/D : -63.788456
[setup in-reg] enable_cycle -> _91057_/D : -63.788456
[setup in-reg] enable_cycle -> _91058_/D : -63.788456
[setup in-reg] enable_cycle -> _91142_/D : -63.788456
[setup in-reg] enable_cycle -> _91143_/D : -63.788456
[setup in-reg] enable_cycle -> _91144_/D : -63.788456
[setup in-reg] enable_cycle -> _91145_/D : -63.788456
[setup in-reg] enable_cycle -> _91146_/D : -63.788456
[setup in-reg] enable_cycle -> _91147_/D : -63.788456
[setup in-reg] enable_cycle -> _91148_/D : -63.788456
[setup in-reg] enable_cycle -> _91149_/D : -63.788456
[setup in-reg] enable_cycle -> _91233_/D : -63.788456
[setup in-reg] enable_cycle -> _91234_/D : -63.788456
[setup in-reg] enable_cycle -> _91235_/D : -63.788456
[setup in-reg] enable_cycle -> _91236_/D : -63.788456
[setup in-reg] enable_cycle -> _91237_/D : -63.788456
[setup in-reg] enable_cycle -> _91238_/D : -63.788456
[setup in-reg] enable_cycle -> _91239_/D : -63.788456
[setup in-reg] enable_cycle -> _91240_/D : -63.788456
[setup in-reg] enable_cycle -> _91324_/D : -63.788456
[setup in-reg] enable_cycle -> _91325_/D : -63.788456
[setup in-reg] enable_cycle -> _91326_/D : -63.788456
[setup in-reg] enable_cycle -> _91327_/D : -63.788456
[setup in-reg] enable_cycle -> _91328_/D : -63.788456
[setup in-reg] enable_cycle -> _91329_/D : -63.788456
[setup in-reg] enable_cycle -> _91330_/D : -63.788456
[setup in-reg] enable_cycle -> _91331_/D : -63.788456
[setup in-reg] enable_cycle -> _91415_/D : -63.788456
[setup in-reg] enable_cycle -> _91416_/D : -63.788456
[setup in-reg] enable_cycle -> _91417_/D : -63.788456
[setup in-reg] enable_cycle -> _91418_/D : -63.788456
[setup in-reg] enable_cycle -> _91419_/D : -63.788456
[setup in-reg] enable_cycle -> _91420_/D : -63.788456
[setup in-reg] enable_cycle -> _91421_/D : -63.788456
[setup in-reg] enable_cycle -> _91422_/D : -63.788456
[setup in-reg] enable_cycle -> _91506_/D : -63.788456
[setup in-reg] enable_cycle -> _91507_/D : -63.788456
[setup in-reg] enable_cycle -> _91508_/D : -63.788456
[setup in-reg] enable_cycle -> _91509_/D : -63.788456
[setup in-reg] enable_cycle -> _91510_/D : -63.788456
[setup in-reg] enable_cycle -> _91511_/D : -63.788456
[setup in-reg] enable_cycle -> _91512_/D : -63.788456
[setup in-reg] enable_cycle -> _91513_/D : -63.788456
[setup in-reg] enable_cycle -> _91597_/D : -63.788456
[setup in-reg] enable_cycle -> _91598_/D : -63.788456
[setup in-reg] enable_cycle -> _91599_/D : -63.788456
[setup in-reg] enable_cycle -> _91600_/D : -63.788456
[setup in-reg] enable_cycle -> _91601_/D : -63.788456
[setup in-reg] enable_cycle -> _91602_/D : -63.788456
[setup in-reg] enable_cycle -> _91603_/D : -63.788456
[setup in-reg] enable_cycle -> _91604_/D : -63.788456
[setup in-reg] enable_cycle -> _91668_/D : -63.788456
[setup in-reg] enable_cycle -> _91669_/D : -63.788456
[setup in-reg] enable_cycle -> _91670_/D : -63.788456
[setup in-reg] enable_cycle -> _91671_/D : -63.788456
[setup in-reg] enable_cycle -> _91672_/D : -63.788456
[setup in-reg] enable_cycle -> _91673_/D : -63.788456
[setup in-reg] enable_cycle -> _91674_/D : -63.788456
[setup in-reg] enable_cycle -> _91675_/D : -63.788456
[setup in-reg] enable_cycle -> _91754_/D : -63.788456
[setup in-reg] enable_cycle -> _91755_/D : -63.788456
[setup in-reg] enable_cycle -> _91756_/D : -63.788456
[setup in-reg] enable_cycle -> _91757_/D : -63.788456
[setup in-reg] enable_cycle -> _91758_/D : -63.788456
[setup in-reg] enable_cycle -> _91759_/D : -63.788456
[setup in-reg] enable_cycle -> _91760_/D : -63.788456
[setup in-reg] enable_cycle -> _91761_/D : -63.788456
[setup in-reg] enable_cycle -> _91848_/D : -63.788456
[setup in-reg] enable_cycle -> _91849_/D : -63.788456
[setup in-reg] enable_cycle -> _91850_/D : -63.788456
[setup in-reg] enable_cycle -> _91851_/D : -63.788456
[setup in-reg] enable_cycle -> _91852_/D : -63.788456
[setup in-reg] enable_cycle -> _91853_/D : -63.788456
[setup in-reg] enable_cycle -> _91854_/D : -63.788456
[setup in-reg] enable_cycle -> _91855_/D : -63.788456
[setup in-reg] enable_cycle -> _91942_/D : -63.788456
[setup in-reg] enable_cycle -> _91943_/D : -63.788456
[setup in-reg] enable_cycle -> _91944_/D : -63.788456
[setup in-reg] enable_cycle -> _91945_/D : -63.788456
[setup in-reg] enable_cycle -> _91946_/D : -63.788456
[setup in-reg] enable_cycle -> _91947_/D : -63.788456
[setup in-reg] enable_cycle -> _91948_/D : -63.788456
[setup in-reg] enable_cycle -> _91949_/D : -63.788456
[setup in-reg] enable_cycle -> _92075_/D : -63.788456
[setup in-reg] enable_cycle -> _92076_/D : -63.788456
[setup in-reg] enable_cycle -> _92077_/D : -63.788456
[setup in-reg] enable_cycle -> _92078_/D : -63.788456
[setup in-reg] enable_cycle -> _92079_/D : -63.788456
[setup in-reg] enable_cycle -> _92080_/D : -63.788456
[setup in-reg] enable_cycle -> _92081_/D : -63.788456
[setup in-reg] enable_cycle -> _92082_/D : -63.788456
[setup in-reg] enable_cycle -> _92212_/D : -63.788456
[setup in-reg] enable_cycle -> _92213_/D : -63.788456
[setup in-reg] enable_cycle -> _92214_/D : -63.788456
[setup in-reg] enable_cycle -> _92215_/D : -63.788456
[setup in-reg] enable_cycle -> _92216_/D : -63.788456
[setup in-reg] enable_cycle -> _92217_/D : -63.788456
[setup in-reg] enable_cycle -> _92218_/D : -63.788456
[setup in-reg] enable_cycle -> _92219_/D : -63.788456
[setup in-reg] enable_cycle -> _92407_/D : -63.788456
[setup in-reg] enable_cycle -> _92408_/D : -63.788456
[setup in-reg] enable_cycle -> _92409_/D : -63.788456
[setup in-reg] enable_cycle -> _92410_/D : -63.788456
[setup in-reg] enable_cycle -> _92411_/D : -63.788456
[setup in-reg] enable_cycle -> _92412_/D : -63.788456
[setup in-reg] enable_cycle -> _92413_/D : -63.788456
[setup in-reg] enable_cycle -> _92414_/D : -63.788456
[setup in-reg] enable_cycle -> _92576_/D : -63.788456
[setup in-reg] enable_cycle -> _92577_/D : -63.788456
[setup in-reg] enable_cycle -> _92578_/D : -63.788456
[setup in-reg] enable_cycle -> _92579_/D : -63.788456
[setup in-reg] enable_cycle -> _92580_/D : -63.788456
[setup in-reg] enable_cycle -> _92581_/D : -63.788456
[setup in-reg] enable_cycle -> _92582_/D : -63.788456
[setup in-reg] enable_cycle -> _92583_/D : -63.788456
[setup in-reg] enable_cycle -> _88302_/D : -63.391953
[setup in-reg] enable_cycle -> _86894_/D : -25.917591
[setup in-reg] enable_cycle -> _86957_/D : -25.917591
[setup in-reg] enable_cycle -> _87417_/D : -25.917591
[setup in-reg] enable_cycle -> _91639_/D : -25.917591
[setup in-reg] enable_cycle -> _92273_/D : -25.917591
[setup in-reg] enable_cycle -> _92432_/D : -25.917591
[setup in-reg] enable_cycle -> _88749_/D : -25.842106
[setup in-reg] enable_cycle -> _92385_/D : -25.842106
[setup in-reg] enable_cycle -> _90703_/D : -25.829313
[setup in-reg] enable_cycle -> _87161_/D : -25.755857
[setup in-reg] enable_cycle -> _88214_/D : -25.755857
[setup in-reg] enable_cycle -> _90272_/D : -25.755857
[setup in-reg] enable_cycle -> _89950_/D : -25.730007
[setup in-reg] enable_cycle -> _90791_/D : -25.730007
[setup in-reg] enable_cycle -> _90948_/D : -25.730007
[setup in-reg] enable_cycle -> _91212_/D : -25.673948
[setup in-reg] enable_cycle -> _89144_/D : -25.607456
[setup in-reg] enable_cycle -> _89226_/D : -25.527699
[setup in-reg] enable_cycle -> _90035_/D : -25.527699
[setup in-reg] enable_cycle -> _91920_/D : -25.527699
[setup in-reg] enable_cycle -> _86691_/D : -25.480307
[setup in-reg] enable_cycle -> _86631_/D : -25.469305
[setup in-reg] enable_cycle -> _87056_/D : -25.298965
[setup in-reg] enable_cycle -> _88932_/D : -25.298965
[setup in-reg] enable_cycle -> _87821_/D : -25.224098
[setup in-reg] enable_cycle -> _88357_/D : -25.224098
[setup in-reg] enable_cycle -> _89383_/D : -24.883846
[setup in-reg] enable_cycle -> _89619_/D : -24.826628
[setup in-reg] enable_cycle -> _89865_/D : -24.826628
[setup in-reg] enable_cycle -> _90439_/D : -24.826628
[setup in-reg] enable_cycle -> _86701_/D : -24.799816
[setup in-reg] enable_cycle -> _91568_/D : -24.799816
[setup in-reg] enable_cycle -> _92268_/D : -24.799816
[setup in-reg] enable_cycle -> _92260_/D : -24.736963
[setup in-reg] enable_cycle -> _89862_/D : -24.720066
[setup in-reg] enable_cycle -> _87254_/D : -24.704233
[setup in-reg] enable_cycle -> _87426_/D : -24.704233
[setup in-reg] enable_cycle -> _87428_/D : -24.704233
[setup in-reg] enable_cycle -> _87430_/D : -24.704233
[setup in-reg] enable_cycle -> _87515_/D : -24.704233
[setup in-reg] enable_cycle -> _87919_/D : -24.704233
[setup in-reg] enable_cycle -> _88681_/D : -24.704233
[setup in-reg] enable_cycle -> _88747_/D : -24.704233
[setup in-reg] enable_cycle -> _89300_/D : -24.704233
[setup in-reg] enable_cycle -> _89550_/D : -24.704233
[setup in-reg] enable_cycle -> _89552_/D : -24.704233
[setup in-reg] enable_cycle -> _89615_/D : -24.704233
[setup in-reg] enable_cycle -> _89859_/D : -24.704233
[setup in-reg] enable_cycle -> _89946_/D : -24.704233
[setup in-reg] enable_cycle -> _90033_/D : -24.704233
[setup in-reg] enable_cycle -> _90433_/D : -24.704233
[setup in-reg] enable_cycle -> _90701_/D : -24.704233
[setup in-reg] enable_cycle -> _90873_/D : -24.704233
[setup in-reg] enable_cycle -> _90942_/D : -24.704233
[setup in-reg] enable_cycle -> _90944_/D : -24.704233
[setup in-reg] enable_cycle -> _91732_/D : -24.704233
[setup in-reg] enable_cycle -> _91826_/D : -24.704233
[setup in-reg] enable_cycle -> _92313_/D : -24.704233
[setup in-reg] enable_cycle -> _88205_/D : -24.662258
[setup in-reg] enable_cycle -> _90031_/D : -24.616570
[setup in-reg] enable_cycle -> _92274_/D : -24.335041
[setup in-reg] enable_cycle -> _87419_/D : -24.102514
[setup in-reg] enable_cycle -> _92328_/D : -24.097490
[setup in-reg] enable_cycle -> _88614_/D : -24.011240
[setup in-reg] enable_cycle -> _88615_/D : -24.011240
[setup in-reg] enable_cycle -> _87256_/D : -24.002710
[setup in-reg] enable_cycle -> _88212_/D : -24.002710
[setup in-reg] enable_cycle -> _86617_/D : -23.929392
[setup in-reg] enable_cycle -> _86696_/D : -23.929392
[setup in-reg] enable_cycle -> _86700_/D : -23.929392
[setup in-reg] enable_cycle -> _86746_/D : -23.929392
[setup in-reg] enable_cycle -> _86832_/D : -23.929392
[setup in-reg] enable_cycle -> _86833_/D : -23.929392
[setup in-reg] enable_cycle -> _86901_/D : -23.929392
[setup in-reg] enable_cycle -> _86961_/D : -23.929392
[setup in-reg] enable_cycle -> _87245_/D : -23.929392
[setup in-reg] enable_cycle -> _87707_/D : -23.929392
[setup in-reg] enable_cycle -> _87708_/D : -23.929392
[setup in-reg] enable_cycle -> _87918_/D : -23.929392
[setup in-reg] enable_cycle -> _88116_/D : -23.929392
[setup in-reg] enable_cycle -> _88204_/D : -23.929392
[setup in-reg] enable_cycle -> _88345_/D : -23.929392
[setup in-reg] enable_cycle -> _88736_/D : -23.929392
[setup in-reg] enable_cycle -> _88810_/D : -23.929392
[setup in-reg] enable_cycle -> _88928_/D : -23.929392
[setup in-reg] enable_cycle -> _89221_/D : -23.929392
[setup in-reg] enable_cycle -> _89376_/D : -23.929392
[setup in-reg] enable_cycle -> _89377_/D : -23.929392
[setup in-reg] enable_cycle -> _89549_/D : -23.929392
[setup in-reg] enable_cycle -> _89936_/D : -23.929392
[setup in-reg] enable_cycle -> _89937_/D : -23.929392
[setup in-reg] enable_cycle -> _90022_/D : -23.929392
[setup in-reg] enable_cycle -> _90263_/D : -23.929392
[setup in-reg] enable_cycle -> _90777_/D : -23.929392
[setup in-reg] enable_cycle -> _91107_/D : -23.929392
[setup in-reg] enable_cycle -> _91201_/D : -23.929392
[setup in-reg] enable_cycle -> _91290_/D : -23.929392
[setup in-reg] enable_cycle -> _91380_/D : -23.929392
[setup in-reg] enable_cycle -> _91381_/D : -23.929392
[setup in-reg] enable_cycle -> _91386_/D : -23.929392
[setup in-reg] enable_cycle -> _91562_/D : -23.929392
[setup in-reg] enable_cycle -> _91565_/D : -23.929392
[setup in-reg] enable_cycle -> _91719_/D : -23.929392
[setup in-reg] enable_cycle -> _91812_/D : -23.929392
[setup in-reg] enable_cycle -> _92039_/D : -23.929392
[setup in-reg] enable_cycle -> _92040_/D : -23.929392
[setup in-reg] enable_cycle -> _92176_/D : -23.929392
[setup in-reg] enable_cycle -> _92177_/D : -23.929392
[setup in-reg] enable_cycle -> _92253_/D : -23.929392
[setup in-reg] enable_cycle -> _92254_/D : -23.929392
[setup in-reg] enable_cycle -> _92257_/D : -23.929392
[setup in-reg] enable_cycle -> _92284_/D : -23.929392
[setup in-reg] enable_cycle -> _92309_/D : -23.929392
[setup in-reg] enable_cycle -> _92372_/D : -23.929392
[setup in-reg] enable_cycle -> _92470_/D : -23.929392
[setup in-reg] enable_cycle -> _92486_/D : -23.929392
[setup in-reg] enable_cycle -> _86892_/D : -23.740753
[setup in-reg] enable_cycle -> _92496_/D : -23.676918
[setup in-reg] enable_cycle -> _86596_/D : -23.573509
[setup in-reg] enable_cycle -> _86597_/D : -23.573509
[setup in-reg] enable_cycle -> _86598_/D : -23.573509
[setup in-reg] enable_cycle -> _86599_/D : -23.573509
[setup in-reg] enable_cycle -> _86600_/D : -23.573509
[setup in-reg] enable_cycle -> _86601_/D : -23.573509
[setup in-reg] enable_cycle -> _86602_/D : -23.573509
[setup in-reg] enable_cycle -> _86603_/D : -23.573509
[setup in-reg] enable_cycle -> _86604_/D : -23.573509
[setup in-reg] enable_cycle -> _86605_/D : -23.573509
[setup in-reg] enable_cycle -> _86606_/D : -23.573509
[setup in-reg] enable_cycle -> _86607_/D : -23.573509
[setup in-reg] enable_cycle -> _86608_/D : -23.573509
[setup in-reg] enable_cycle -> _86609_/D : -23.573509
[setup in-reg] enable_cycle -> _86610_/D : -23.573509
[setup in-reg] enable_cycle -> _86611_/D : -23.573509
[setup in-reg] enable_cycle -> _86612_/D : -23.573509
[setup in-reg] enable_cycle -> _86613_/D : -23.573509
[setup in-reg] enable_cycle -> _86614_/D : -23.573509
[setup in-reg] enable_cycle -> _86615_/D : -23.573509
[setup in-reg] enable_cycle -> _86750_/D : -23.573509
[setup in-reg] enable_cycle -> _86751_/D : -23.573509
[setup in-reg] enable_cycle -> _86752_/D : -23.573509
[setup in-reg] enable_cycle -> _86753_/D : -23.573509
[setup in-reg] enable_cycle -> _86754_/D : -23.573509
[setup in-reg] enable_cycle -> _86755_/D : -23.573509
[setup in-reg] enable_cycle -> _86756_/D : -23.573509
[setup in-reg] enable_cycle -> _86757_/D : -23.573509
[setup in-reg] enable_cycle -> _86758_/D : -23.573509
[setup in-reg] enable_cycle -> _86759_/D : -23.573509
[setup in-reg] enable_cycle -> _86760_/D : -23.573509
[setup in-reg] enable_cycle -> _86761_/D : -23.573509
[setup in-reg] enable_cycle -> _86762_/D : -23.573509
[setup in-reg] enable_cycle -> _86763_/D : -23.573509
[setup in-reg] enable_cycle -> _86764_/D : -23.573509
[setup in-reg] enable_cycle -> _86765_/D : -23.573509
[setup in-reg] enable_cycle -> _86766_/D : -23.573509
[setup in-reg] enable_cycle -> _86767_/D : -23.573509
[setup in-reg] enable_cycle -> _86768_/D : -23.573509
[setup in-reg] enable_cycle -> _86769_/D : -23.573509
[setup in-reg] enable_cycle -> _86770_/D : -23.573509
[setup in-reg] enable_cycle -> _86771_/D : -23.573509
[setup in-reg] enable_cycle -> _86780_/D : -23.573509
[setup in-reg] enable_cycle -> _86781_/D : -23.573509
[setup in-reg] enable_cycle -> _86782_/D : -23.573509
[setup in-reg] enable_cycle -> _86783_/D : -23.573509
[setup in-reg] enable_cycle -> _86784_/D : -23.573509
[setup in-reg] enable_cycle -> _86785_/D : -23.573509
[setup in-reg] enable_cycle -> _86786_/D : -23.573509
[setup in-reg] enable_cycle -> _86787_/D : -23.573509
[setup in-reg] enable_cycle -> _86788_/D : -23.573509
[setup in-reg] enable_cycle -> _86789_/D : -23.573509
[setup in-reg] enable_cycle -> _86790_/D : -23.573509
[setup in-reg] enable_cycle -> _86791_/D : -23.573509
[setup in-reg] enable_cycle -> _86792_/D : -23.573509
[setup in-reg] enable_cycle -> _86793_/D : -23.573509
[setup in-reg] enable_cycle -> _86794_/D : -23.573509
[setup in-reg] enable_cycle -> _86795_/D : -23.573509
[setup in-reg] enable_cycle -> _86796_/D : -23.573509
[setup in-reg] enable_cycle -> _86797_/D : -23.573509
[setup in-reg] enable_cycle -> _86798_/D : -23.573509
[setup in-reg] enable_cycle -> _86799_/D : -23.573509
[setup in-reg] enable_cycle -> _86800_/D : -23.573509
[setup in-reg] enable_cycle -> _86801_/D : -23.573509
[setup in-reg] enable_cycle -> _86802_/D : -23.573509
[setup in-reg] enable_cycle -> _86803_/D : -23.573509
[setup in-reg] enable_cycle -> _86804_/D : -23.573509
[setup in-reg] enable_cycle -> _86805_/D : -23.573509
[setup in-reg] enable_cycle -> _86806_/D : -23.573509
[setup in-reg] enable_cycle -> _86807_/D : -23.573509
[setup in-reg] enable_cycle -> _86808_/D : -23.573509
[setup in-reg] enable_cycle -> _86831_/D : -23.573509
[setup in-reg] enable_cycle -> _86877_/D : -23.573509
[setup in-reg] enable_cycle -> _86878_/D : -23.573509
[setup in-reg] enable_cycle -> _86879_/D : -23.573509
[setup in-reg] enable_cycle -> _86880_/D : -23.573509
[setup in-reg] enable_cycle -> _86881_/D : -23.573509
[setup in-reg] enable_cycle -> _86882_/D : -23.573509
[setup in-reg] enable_cycle -> _86883_/D : -23.573509
[setup in-reg] enable_cycle -> _86884_/D : -23.573509
[setup in-reg] enable_cycle -> _86909_/D : -23.573509
[setup in-reg] enable_cycle -> _86910_/D : -23.573509
[setup in-reg] enable_cycle -> _86911_/D : -23.573509
[setup in-reg] enable_cycle -> _86912_/D : -23.573509
[setup in-reg] enable_cycle -> _86913_/D : -23.573509
[setup in-reg] enable_cycle -> _86914_/D : -23.573509
[setup in-reg] enable_cycle -> _86915_/D : -23.573509
[setup in-reg] enable_cycle -> _86916_/D : -23.573509
[setup in-reg] enable_cycle -> _86917_/D : -23.573509
[setup in-reg] enable_cycle -> _86918_/D : -23.573509
[setup in-reg] enable_cycle -> _86919_/D : -23.573509
[setup in-reg] enable_cycle -> _86920_/D : -23.573509
[setup in-reg] enable_cycle -> _86921_/D : -23.573509
[setup in-reg] enable_cycle -> _86922_/D : -23.573509
[setup in-reg] enable_cycle -> _86923_/D : -23.573509
[setup in-reg] enable_cycle -> _86924_/D : -23.573509
[setup in-reg] enable_cycle -> _86925_/D : -23.573509
[setup in-reg] enable_cycle -> _86926_/D : -23.573509
[setup in-reg] enable_cycle -> _86927_/D : -23.573509
[setup in-reg] enable_cycle -> _86928_/D : -23.573509
[setup in-reg] enable_cycle -> _86929_/D : -23.573509
[setup in-reg] enable_cycle -> _86952_/D : -23.573509
[setup in-reg] enable_cycle -> _86998_/D : -23.573509
[setup in-reg] enable_cycle -> _86999_/D : -23.573509
[setup in-reg] enable_cycle -> _87000_/D : -23.573509
[setup in-reg] enable_cycle -> _87001_/D : -23.573509
[setup in-reg] enable_cycle -> _87002_/D : -23.573509
[setup in-reg] enable_cycle -> _87003_/D : -23.573509
[setup in-reg] enable_cycle -> _87004_/D : -23.573509
[setup in-reg] enable_cycle -> _87005_/D : -23.573509
[setup in-reg] enable_cycle -> _87006_/D : -23.573509
[setup in-reg] enable_cycle -> _87007_/D : -23.573509
[setup in-reg] enable_cycle -> _87008_/D : -23.573509
[setup in-reg] enable_cycle -> _87009_/D : -23.573509
[setup in-reg] enable_cycle -> _87010_/D : -23.573509
[setup in-reg] enable_cycle -> _87011_/D : -23.573509
[setup in-reg] enable_cycle -> _87012_/D : -23.573509
[setup in-reg] enable_cycle -> _87013_/D : -23.573509
[setup in-reg] enable_cycle -> _87014_/D : -23.573509
[setup in-reg] enable_cycle -> _87015_/D : -23.573509
[setup in-reg] enable_cycle -> _87016_/D : -23.573509
[setup in-reg] enable_cycle -> _87017_/D : -23.573509
[setup in-reg] enable_cycle -> _87018_/D : -23.573509
[setup in-reg] enable_cycle -> _87019_/D : -23.573509
[setup in-reg] enable_cycle -> _87020_/D : -23.573509
[setup in-reg] enable_cycle -> _87021_/D : -23.573509
[setup in-reg] enable_cycle -> _87022_/D : -23.573509
[setup in-reg] enable_cycle -> _87023_/D : -23.573509
[setup in-reg] enable_cycle -> _87024_/D : -23.573509
[setup in-reg] enable_cycle -> _87025_/D : -23.573509
[setup in-reg] enable_cycle -> _87026_/D : -23.573509
[setup in-reg] enable_cycle -> _87049_/D : -23.573509
[setup in-reg] enable_cycle -> _87095_/D : -23.573509
[setup in-reg] enable_cycle -> _87096_/D : -23.573509
[setup in-reg] enable_cycle -> _87097_/D : -23.573509
[setup in-reg] enable_cycle -> _87098_/D : -23.573509
[setup in-reg] enable_cycle -> _87099_/D : -23.573509
[setup in-reg] enable_cycle -> _87100_/D : -23.573509
[setup in-reg] enable_cycle -> _87101_/D : -23.573509
[setup in-reg] enable_cycle -> _87102_/D : -23.573509
[setup in-reg] enable_cycle -> _87103_/D : -23.573509
[setup in-reg] enable_cycle -> _87104_/D : -23.573509
[setup in-reg] enable_cycle -> _87105_/D : -23.573509
[setup in-reg] enable_cycle -> _87106_/D : -23.573509
[setup in-reg] enable_cycle -> _87107_/D : -23.573509
[setup in-reg] enable_cycle -> _87108_/D : -23.573509
[setup in-reg] enable_cycle -> _87109_/D : -23.573509
[setup in-reg] enable_cycle -> _87110_/D : -23.573509
[setup in-reg] enable_cycle -> _87111_/D : -23.573509
[setup in-reg] enable_cycle -> _87112_/D : -23.573509
[setup in-reg] enable_cycle -> _87113_/D : -23.573509
[setup in-reg] enable_cycle -> _87114_/D : -23.573509
[setup in-reg] enable_cycle -> _87115_/D : -23.573509
[setup in-reg] enable_cycle -> _87116_/D : -23.573509
[setup in-reg] enable_cycle -> _87117_/D : -23.573509
[setup in-reg] enable_cycle -> _87118_/D : -23.573509
[setup in-reg] enable_cycle -> _87119_/D : -23.573509
[setup in-reg] enable_cycle -> _87120_/D : -23.573509
[setup in-reg] enable_cycle -> _87121_/D : -23.573509
[setup in-reg] enable_cycle -> _87122_/D : -23.573509
[setup in-reg] enable_cycle -> _87123_/D : -23.573509
[setup in-reg] enable_cycle -> _87192_/D : -23.573509
[setup in-reg] enable_cycle -> _87193_/D : -23.573509
[setup in-reg] enable_cycle -> _87194_/D : -23.573509
[setup in-reg] enable_cycle -> _87195_/D : -23.573509
[setup in-reg] enable_cycle -> _87196_/D : -23.573509
[setup in-reg] enable_cycle -> _87197_/D : -23.573509
[setup in-reg] enable_cycle -> _87198_/D : -23.573509
[setup in-reg] enable_cycle -> _87199_/D : -23.573509
[setup in-reg] enable_cycle -> _87200_/D : -23.573509
[setup in-reg] enable_cycle -> _87201_/D : -23.573509
[setup in-reg] enable_cycle -> _87202_/D : -23.573509
[setup in-reg] enable_cycle -> _87203_/D : -23.573509
[setup in-reg] enable_cycle -> _87204_/D : -23.573509
[setup in-reg] enable_cycle -> _87205_/D : -23.573509
[setup in-reg] enable_cycle -> _87206_/D : -23.573509
[setup in-reg] enable_cycle -> _87207_/D : -23.573509
[setup in-reg] enable_cycle -> _87208_/D : -23.573509
[setup in-reg] enable_cycle -> _87209_/D : -23.573509
[setup in-reg] enable_cycle -> _87210_/D : -23.573509
[setup in-reg] enable_cycle -> _87211_/D : -23.573509
[setup in-reg] enable_cycle -> _87212_/D : -23.573509
[setup in-reg] enable_cycle -> _87213_/D : -23.573509
[setup in-reg] enable_cycle -> _87214_/D : -23.573509
[setup in-reg] enable_cycle -> _87215_/D : -23.573509
[setup in-reg] enable_cycle -> _87216_/D : -23.573509
[setup in-reg] enable_cycle -> _87217_/D : -23.573509
[setup in-reg] enable_cycle -> _87218_/D : -23.573509
[setup in-reg] enable_cycle -> _87219_/D : -23.573509
[setup in-reg] enable_cycle -> _87220_/D : -23.573509
[setup in-reg] enable_cycle -> _87289_/D : -23.573509
[setup in-reg] enable_cycle -> _87290_/D : -23.573509
[setup in-reg] enable_cycle -> _87291_/D : -23.573509
[setup in-reg] enable_cycle -> _87292_/D : -23.573509
[setup in-reg] enable_cycle -> _87293_/D : -23.573509
[setup in-reg] enable_cycle -> _87294_/D : -23.573509
[setup in-reg] enable_cycle -> _87295_/D : -23.573509
[setup in-reg] enable_cycle -> _87296_/D : -23.573509
[setup in-reg] enable_cycle -> _87297_/D : -23.573509
[setup in-reg] enable_cycle -> _87298_/D : -23.573509
[setup in-reg] enable_cycle -> _87299_/D : -23.573509
[setup in-reg] enable_cycle -> _87300_/D : -23.573509
[setup in-reg] enable_cycle -> _87301_/D : -23.573509
[setup in-reg] enable_cycle -> _87302_/D : -23.573509
[setup in-reg] enable_cycle -> _87303_/D : -23.573509
[setup in-reg] enable_cycle -> _87304_/D : -23.573509
[setup in-reg] enable_cycle -> _87305_/D : -23.573509
[setup in-reg] enable_cycle -> _87306_/D : -23.573509
[setup in-reg] enable_cycle -> _87307_/D : -23.573509
[setup in-reg] enable_cycle -> _87308_/D : -23.573509
[setup in-reg] enable_cycle -> _87309_/D : -23.573509
[setup in-reg] enable_cycle -> _87310_/D : -23.573509
[setup in-reg] enable_cycle -> _87311_/D : -23.573509
[setup in-reg] enable_cycle -> _87312_/D : -23.573509
[setup in-reg] enable_cycle -> _87313_/D : -23.573509
[setup in-reg] enable_cycle -> _87314_/D : -23.573509
[setup in-reg] enable_cycle -> _87315_/D : -23.573509
[setup in-reg] enable_cycle -> _87316_/D : -23.573509
[setup in-reg] enable_cycle -> _87317_/D : -23.573509
[setup in-reg] enable_cycle -> _87386_/D : -23.573509
[setup in-reg] enable_cycle -> _87387_/D : -23.573509
[setup in-reg] enable_cycle -> _87388_/D : -23.573509
[setup in-reg] enable_cycle -> _87389_/D : -23.573509
[setup in-reg] enable_cycle -> _87390_/D : -23.573509
[setup in-reg] enable_cycle -> _87391_/D : -23.573509
[setup in-reg] enable_cycle -> _87392_/D : -23.573509
[setup in-reg] enable_cycle -> _87393_/D : -23.573509
[setup in-reg] enable_cycle -> _87394_/D : -23.573509
[setup in-reg] enable_cycle -> _87395_/D : -23.573509
[setup in-reg] enable_cycle -> _87396_/D : -23.573509
[setup in-reg] enable_cycle -> _87397_/D : -23.573509
[setup in-reg] enable_cycle -> _87398_/D : -23.573509
[setup in-reg] enable_cycle -> _87399_/D : -23.573509
[setup in-reg] enable_cycle -> _87400_/D : -23.573509
[setup in-reg] enable_cycle -> _87401_/D : -23.573509
[setup in-reg] enable_cycle -> _87402_/D : -23.573509
[setup in-reg] enable_cycle -> _87403_/D : -23.573509
[setup in-reg] enable_cycle -> _87404_/D : -23.573509
[setup in-reg] enable_cycle -> _87405_/D : -23.573509
[setup in-reg] enable_cycle -> _87406_/D : -23.573509
[setup in-reg] enable_cycle -> _87407_/D : -23.573509
[setup in-reg] enable_cycle -> _87408_/D : -23.573509
[setup in-reg] enable_cycle -> _87409_/D : -23.573509
[setup in-reg] enable_cycle -> _87410_/D : -23.573509
[setup in-reg] enable_cycle -> _87411_/D : -23.573509
[setup in-reg] enable_cycle -> _87412_/D : -23.573509
[setup in-reg] enable_cycle -> _87413_/D : -23.573509
[setup in-reg] enable_cycle -> _87414_/D : -23.573509
[setup in-reg] enable_cycle -> _87415_/D : -23.573509
[setup in-reg] enable_cycle -> _87506_/D : -23.573509
[setup in-reg] enable_cycle -> _87522_/D : -23.573509
[setup in-reg] enable_cycle -> _87523_/D : -23.573509
[setup in-reg] enable_cycle -> _87524_/D : -23.573509
[setup in-reg] enable_cycle -> _87525_/D : -23.573509
[setup in-reg] enable_cycle -> _87526_/D : -23.573509
[setup in-reg] enable_cycle -> _87527_/D : -23.573509
[setup in-reg] enable_cycle -> _87528_/D : -23.573509
[setup in-reg] enable_cycle -> _87529_/D : -23.573509
[setup in-reg] enable_cycle -> _87530_/D : -23.573509
[setup in-reg] enable_cycle -> _87531_/D : -23.573509
[setup in-reg] enable_cycle -> _87532_/D : -23.573509
[setup in-reg] enable_cycle -> _87533_/D : -23.573509
[setup in-reg] enable_cycle -> _87534_/D : -23.573509
[setup in-reg] enable_cycle -> _87535_/D : -23.573509
[setup in-reg] enable_cycle -> _87536_/D : -23.573509
[setup in-reg] enable_cycle -> _87537_/D : -23.573509
[setup in-reg] enable_cycle -> _87538_/D : -23.573509
[setup in-reg] enable_cycle -> _87539_/D : -23.573509
[setup in-reg] enable_cycle -> _87540_/D : -23.573509
[setup in-reg] enable_cycle -> _87541_/D : -23.573509
[setup in-reg] enable_cycle -> _87542_/D : -23.573509
[setup in-reg] enable_cycle -> _87543_/D : -23.573509
[setup in-reg] enable_cycle -> _87544_/D : -23.573509
[setup in-reg] enable_cycle -> _87553_/D : -23.573509
[setup in-reg] enable_cycle -> _87554_/D : -23.573509
[setup in-reg] enable_cycle -> _87555_/D : -23.573509
[setup in-reg] enable_cycle -> _87556_/D : -23.573509
[setup in-reg] enable_cycle -> _87557_/D : -23.573509
[setup in-reg] enable_cycle -> _87558_/D : -23.573509
[setup in-reg] enable_cycle -> _87559_/D : -23.573509
[setup in-reg] enable_cycle -> _87560_/D : -23.573509
[setup in-reg] enable_cycle -> _87561_/D : -23.573509
[setup in-reg] enable_cycle -> _87562_/D : -23.573509
[setup in-reg] enable_cycle -> _87563_/D : -23.573509
[setup in-reg] enable_cycle -> _87564_/D : -23.573509
[setup in-reg] enable_cycle -> _87565_/D : -23.573509
[setup in-reg] enable_cycle -> _87566_/D : -23.573509
[setup in-reg] enable_cycle -> _87567_/D : -23.573509
[setup in-reg] enable_cycle -> _87568_/D : -23.573509
[setup in-reg] enable_cycle -> _87569_/D : -23.573509
[setup in-reg] enable_cycle -> _87570_/D : -23.573509
[setup in-reg] enable_cycle -> _87571_/D : -23.573509
[setup in-reg] enable_cycle -> _87572_/D : -23.573509
[setup in-reg] enable_cycle -> _87573_/D : -23.573509
[setup in-reg] enable_cycle -> _87574_/D : -23.573509
[setup in-reg] enable_cycle -> _87575_/D : -23.573509
[setup in-reg] enable_cycle -> _87576_/D : -23.573509
[setup in-reg] enable_cycle -> _87577_/D : -23.573509
[setup in-reg] enable_cycle -> _87578_/D : -23.573509
[setup in-reg] enable_cycle -> _87579_/D : -23.573509
[setup in-reg] enable_cycle -> _87580_/D : -23.573509
[setup in-reg] enable_cycle -> _87581_/D : -23.573509
[setup in-reg] enable_cycle -> _87582_/D : -23.573509
[setup in-reg] enable_cycle -> _87606_/D : -23.573509
[setup in-reg] enable_cycle -> _87653_/D : -23.573509
[setup in-reg] enable_cycle -> _87654_/D : -23.573509
[setup in-reg] enable_cycle -> _87655_/D : -23.573509
[setup in-reg] enable_cycle -> _87656_/D : -23.573509
[setup in-reg] enable_cycle -> _87657_/D : -23.573509
[setup in-reg] enable_cycle -> _87658_/D : -23.573509
[setup in-reg] enable_cycle -> _87659_/D : -23.573509
[setup in-reg] enable_cycle -> _87660_/D : -23.573509
[setup in-reg] enable_cycle -> _87661_/D : -23.573509
[setup in-reg] enable_cycle -> _87662_/D : -23.573509
[setup in-reg] enable_cycle -> _87663_/D : -23.573509
[setup in-reg] enable_cycle -> _87664_/D : -23.573509
[setup in-reg] enable_cycle -> _87665_/D : -23.573509
[setup in-reg] enable_cycle -> _87666_/D : -23.573509
[setup in-reg] enable_cycle -> _87667_/D : -23.573509
[setup in-reg] enable_cycle -> _87668_/D : -23.573509
[setup in-reg] enable_cycle -> _87669_/D : -23.573509
[setup in-reg] enable_cycle -> _87670_/D : -23.573509
[setup in-reg] enable_cycle -> _87671_/D : -23.573509
[setup in-reg] enable_cycle -> _87672_/D : -23.573509
[setup in-reg] enable_cycle -> _87673_/D : -23.573509
[setup in-reg] enable_cycle -> _87674_/D : -23.573509
[setup in-reg] enable_cycle -> _87675_/D : -23.573509
[setup in-reg] enable_cycle -> _87676_/D : -23.573509
[setup in-reg] enable_cycle -> _87677_/D : -23.573509
[setup in-reg] enable_cycle -> _87678_/D : -23.573509
[setup in-reg] enable_cycle -> _87679_/D : -23.573509
[setup in-reg] enable_cycle -> _87680_/D : -23.573509
[setup in-reg] enable_cycle -> _87681_/D : -23.573509
[setup in-reg] enable_cycle -> _87682_/D : -23.573509
[setup in-reg] enable_cycle -> _87753_/D : -23.573509
[setup in-reg] enable_cycle -> _87754_/D : -23.573509
[setup in-reg] enable_cycle -> _87755_/D : -23.573509
[setup in-reg] enable_cycle -> _87756_/D : -23.573509
[setup in-reg] enable_cycle -> _87757_/D : -23.573509
[setup in-reg] enable_cycle -> _87758_/D : -23.573509
[setup in-reg] enable_cycle -> _87759_/D : -23.573509
[setup in-reg] enable_cycle -> _87760_/D : -23.573509
[setup in-reg] enable_cycle -> _87761_/D : -23.573509
[setup in-reg] enable_cycle -> _87762_/D : -23.573509
[setup in-reg] enable_cycle -> _87763_/D : -23.573509
[setup in-reg] enable_cycle -> _87764_/D : -23.573509
[setup in-reg] enable_cycle -> _87765_/D : -23.573509
[setup in-reg] enable_cycle -> _87766_/D : -23.573509
[setup in-reg] enable_cycle -> _87767_/D : -23.573509
[setup in-reg] enable_cycle -> _87768_/D : -23.573509
[setup in-reg] enable_cycle -> _87769_/D : -23.573509
[setup in-reg] enable_cycle -> _87770_/D : -23.573509
[setup in-reg] enable_cycle -> _87771_/D : -23.573509
[setup in-reg] enable_cycle -> _87772_/D : -23.573509
[setup in-reg] enable_cycle -> _87773_/D : -23.573509
[setup in-reg] enable_cycle -> _87774_/D : -23.573509
[setup in-reg] enable_cycle -> _87775_/D : -23.573509
[setup in-reg] enable_cycle -> _87776_/D : -23.573509
[setup in-reg] enable_cycle -> _87777_/D : -23.573509
[setup in-reg] enable_cycle -> _87778_/D : -23.573509
[setup in-reg] enable_cycle -> _87779_/D : -23.573509
[setup in-reg] enable_cycle -> _87780_/D : -23.573509
[setup in-reg] enable_cycle -> _87781_/D : -23.573509
[setup in-reg] enable_cycle -> _87782_/D : -23.573509
[setup in-reg] enable_cycle -> _87853_/D : -23.573509
[setup in-reg] enable_cycle -> _87854_/D : -23.573509
[setup in-reg] enable_cycle -> _87855_/D : -23.573509
[setup in-reg] enable_cycle -> _87856_/D : -23.573509
[setup in-reg] enable_cycle -> _87857_/D : -23.573509
[setup in-reg] enable_cycle -> _87858_/D : -23.573509
[setup in-reg] enable_cycle -> _87859_/D : -23.573509
[setup in-reg] enable_cycle -> _87860_/D : -23.573509
[setup in-reg] enable_cycle -> _87861_/D : -23.573509
[setup in-reg] enable_cycle -> _87862_/D : -23.573509
[setup in-reg] enable_cycle -> _87863_/D : -23.573509
[setup in-reg] enable_cycle -> _87864_/D : -23.573509
[setup in-reg] enable_cycle -> _87865_/D : -23.573509
[setup in-reg] enable_cycle -> _87866_/D : -23.573509
[setup in-reg] enable_cycle -> _87867_/D : -23.573509
[setup in-reg] enable_cycle -> _87868_/D : -23.573509
[setup in-reg] enable_cycle -> _87869_/D : -23.573509
[setup in-reg] enable_cycle -> _87870_/D : -23.573509
[setup in-reg] enable_cycle -> _87871_/D : -23.573509
[setup in-reg] enable_cycle -> _87872_/D : -23.573509
[setup in-reg] enable_cycle -> _87873_/D : -23.573509
[setup in-reg] enable_cycle -> _87874_/D : -23.573509
[setup in-reg] enable_cycle -> _87875_/D : -23.573509
[setup in-reg] enable_cycle -> _87876_/D : -23.573509
[setup in-reg] enable_cycle -> _87877_/D : -23.573509
[setup in-reg] enable_cycle -> _87878_/D : -23.573509
[setup in-reg] enable_cycle -> _87879_/D : -23.573509
[setup in-reg] enable_cycle -> _87880_/D : -23.573509
[setup in-reg] enable_cycle -> _87881_/D : -23.573509
[setup in-reg] enable_cycle -> _87882_/D : -23.573509
[setup in-reg] enable_cycle -> _87906_/D : -23.573509
[setup in-reg] enable_cycle -> _87953_/D : -23.573509
[setup in-reg] enable_cycle -> _87954_/D : -23.573509
[setup in-reg] enable_cycle -> _87955_/D : -23.573509
[setup in-reg] enable_cycle -> _87956_/D : -23.573509
[setup in-reg] enable_cycle -> _87957_/D : -23.573509
[setup in-reg] enable_cycle -> _87958_/D : -23.573509
[setup in-reg] enable_cycle -> _87959_/D : -23.573509
[setup in-reg] enable_cycle -> _87960_/D : -23.573509
[setup in-reg] enable_cycle -> _87961_/D : -23.573509
[setup in-reg] enable_cycle -> _87962_/D : -23.573509
[setup in-reg] enable_cycle -> _87963_/D : -23.573509
[setup in-reg] enable_cycle -> _87964_/D : -23.573509
[setup in-reg] enable_cycle -> _87965_/D : -23.573509
[setup in-reg] enable_cycle -> _87966_/D : -23.573509
[setup in-reg] enable_cycle -> _87967_/D : -23.573509
[setup in-reg] enable_cycle -> _87968_/D : -23.573509
[setup in-reg] enable_cycle -> _87969_/D : -23.573509
[setup in-reg] enable_cycle -> _87970_/D : -23.573509
[setup in-reg] enable_cycle -> _87971_/D : -23.573509
[setup in-reg] enable_cycle -> _87972_/D : -23.573509
[setup in-reg] enable_cycle -> _87973_/D : -23.573509
[setup in-reg] enable_cycle -> _87974_/D : -23.573509
[setup in-reg] enable_cycle -> _87975_/D : -23.573509
[setup in-reg] enable_cycle -> _87976_/D : -23.573509
[setup in-reg] enable_cycle -> _87977_/D : -23.573509
[setup in-reg] enable_cycle -> _87978_/D : -23.573509
[setup in-reg] enable_cycle -> _87979_/D : -23.573509
[setup in-reg] enable_cycle -> _87980_/D : -23.573509
[setup in-reg] enable_cycle -> _87981_/D : -23.573509
[setup in-reg] enable_cycle -> _87982_/D : -23.573509
[setup in-reg] enable_cycle -> _88053_/D : -23.573509
[setup in-reg] enable_cycle -> _88054_/D : -23.573509
[setup in-reg] enable_cycle -> _88055_/D : -23.573509
[setup in-reg] enable_cycle -> _88056_/D : -23.573509
[setup in-reg] enable_cycle -> _88057_/D : -23.573509
[setup in-reg] enable_cycle -> _88058_/D : -23.573509
[setup in-reg] enable_cycle -> _88059_/D : -23.573509
[setup in-reg] enable_cycle -> _88060_/D : -23.573509
[setup in-reg] enable_cycle -> _88061_/D : -23.573509
[setup in-reg] enable_cycle -> _88062_/D : -23.573509
[setup in-reg] enable_cycle -> _88063_/D : -23.573509
[setup in-reg] enable_cycle -> _88064_/D : -23.573509
[setup in-reg] enable_cycle -> _88065_/D : -23.573509
[setup in-reg] enable_cycle -> _88066_/D : -23.573509
[setup in-reg] enable_cycle -> _88067_/D : -23.573509
[setup in-reg] enable_cycle -> _88068_/D : -23.573509
[setup in-reg] enable_cycle -> _88069_/D : -23.573509
[setup in-reg] enable_cycle -> _88070_/D : -23.573509
[setup in-reg] enable_cycle -> _88071_/D : -23.573509
[setup in-reg] enable_cycle -> _88072_/D : -23.573509
[setup in-reg] enable_cycle -> _88073_/D : -23.573509
[setup in-reg] enable_cycle -> _88074_/D : -23.573509
[setup in-reg] enable_cycle -> _88075_/D : -23.573509
[setup in-reg] enable_cycle -> _88076_/D : -23.573509
[setup in-reg] enable_cycle -> _88077_/D : -23.573509
[setup in-reg] enable_cycle -> _88078_/D : -23.573509
[setup in-reg] enable_cycle -> _88079_/D : -23.573509
[setup in-reg] enable_cycle -> _88080_/D : -23.573509
[setup in-reg] enable_cycle -> _88081_/D : -23.573509
[setup in-reg] enable_cycle -> _88082_/D : -23.573509
[setup in-reg] enable_cycle -> _88153_/D : -23.573509
[setup in-reg] enable_cycle -> _88154_/D : -23.573509
[setup in-reg] enable_cycle -> _88155_/D : -23.573509
[setup in-reg] enable_cycle -> _88156_/D : -23.573509
[setup in-reg] enable_cycle -> _88157_/D : -23.573509
[setup in-reg] enable_cycle -> _88158_/D : -23.573509
[setup in-reg] enable_cycle -> _88159_/D : -23.573509
[setup in-reg] enable_cycle -> _88160_/D : -23.573509
[setup in-reg] enable_cycle -> _88177_/D : -23.573509
[setup in-reg] enable_cycle -> _88178_/D : -23.573509
[setup in-reg] enable_cycle -> _88179_/D : -23.573509
[setup in-reg] enable_cycle -> _88180_/D : -23.573509
[setup in-reg] enable_cycle -> _88181_/D : -23.573509
[setup in-reg] enable_cycle -> _88182_/D : -23.573509
[setup in-reg] enable_cycle -> _88183_/D : -23.573509
[setup in-reg] enable_cycle -> _88184_/D : -23.573509
[setup in-reg] enable_cycle -> _88185_/D : -23.573509
[setup in-reg] enable_cycle -> _88186_/D : -23.573509
[setup in-reg] enable_cycle -> _88187_/D : -23.573509
[setup in-reg] enable_cycle -> _88188_/D : -23.573509
[setup in-reg] enable_cycle -> _88189_/D : -23.573509
[setup in-reg] enable_cycle -> _88190_/D : -23.573509
[setup in-reg] enable_cycle -> _88191_/D : -23.573509
[setup in-reg] enable_cycle -> _88192_/D : -23.573509
[setup in-reg] enable_cycle -> _88193_/D : -23.573509
[setup in-reg] enable_cycle -> _88194_/D : -23.573509
[setup in-reg] enable_cycle -> _88195_/D : -23.573509
[setup in-reg] enable_cycle -> _88196_/D : -23.573509
[setup in-reg] enable_cycle -> _88197_/D : -23.573509
[setup in-reg] enable_cycle -> _88198_/D : -23.573509
[setup in-reg] enable_cycle -> _88286_/D : -23.573509
[setup in-reg] enable_cycle -> _88287_/D : -23.573509
[setup in-reg] enable_cycle -> _88288_/D : -23.573509
[setup in-reg] enable_cycle -> _88289_/D : -23.573509
[setup in-reg] enable_cycle -> _88290_/D : -23.573509
[setup in-reg] enable_cycle -> _88291_/D : -23.573509
[setup in-reg] enable_cycle -> _88292_/D : -23.573509
[setup in-reg] enable_cycle -> _88293_/D : -23.573509
[setup in-reg] enable_cycle -> _88318_/D : -23.573509
[setup in-reg] enable_cycle -> _88319_/D : -23.573509
[setup in-reg] enable_cycle -> _88320_/D : -23.573509
[setup in-reg] enable_cycle -> _88321_/D : -23.573509
[setup in-reg] enable_cycle -> _88322_/D : -23.573509
[setup in-reg] enable_cycle -> _88323_/D : -23.573509
[setup in-reg] enable_cycle -> _88324_/D : -23.573509
[setup in-reg] enable_cycle -> _88325_/D : -23.573509
[setup in-reg] enable_cycle -> _88326_/D : -23.573509
[setup in-reg] enable_cycle -> _88327_/D : -23.573509
[setup in-reg] enable_cycle -> _88328_/D : -23.573509
[setup in-reg] enable_cycle -> _88329_/D : -23.573509
[setup in-reg] enable_cycle -> _88330_/D : -23.573509
[setup in-reg] enable_cycle -> _88331_/D : -23.573509
[setup in-reg] enable_cycle -> _88332_/D : -23.573509
[setup in-reg] enable_cycle -> _88333_/D : -23.573509
[setup in-reg] enable_cycle -> _88334_/D : -23.573509
[setup in-reg] enable_cycle -> _88335_/D : -23.573509
[setup in-reg] enable_cycle -> _88336_/D : -23.573509
[setup in-reg] enable_cycle -> _88337_/D : -23.573509
[setup in-reg] enable_cycle -> _88338_/D : -23.573509
[setup in-reg] enable_cycle -> _88339_/D : -23.573509
[setup in-reg] enable_cycle -> _88340_/D : -23.573509
[setup in-reg] enable_cycle -> _88341_/D : -23.573509
[setup in-reg] enable_cycle -> _88374_/D : -23.573509
[setup in-reg] enable_cycle -> _88375_/D : -23.573509
[setup in-reg] enable_cycle -> _88376_/D : -23.573509
[setup in-reg] enable_cycle -> _88377_/D : -23.573509
[setup in-reg] enable_cycle -> _88378_/D : -23.573509
[setup in-reg] enable_cycle -> _88379_/D : -23.573509
[setup in-reg] enable_cycle -> _88380_/D : -23.573509
[setup in-reg] enable_cycle -> _88381_/D : -23.573509
[setup in-reg] enable_cycle -> _88382_/D : -23.573509
[setup in-reg] enable_cycle -> _88383_/D : -23.573509
[setup in-reg] enable_cycle -> _88384_/D : -23.573509
[setup in-reg] enable_cycle -> _88385_/D : -23.573509
[setup in-reg] enable_cycle -> _88386_/D : -23.573509
[setup in-reg] enable_cycle -> _88387_/D : -23.573509
[setup in-reg] enable_cycle -> _88388_/D : -23.573509
[setup in-reg] enable_cycle -> _88389_/D : -23.573509
[setup in-reg] enable_cycle -> _88390_/D : -23.573509
[setup in-reg] enable_cycle -> _88391_/D : -23.573509
[setup in-reg] enable_cycle -> _88392_/D : -23.573509
[setup in-reg] enable_cycle -> _88393_/D : -23.573509
[setup in-reg] enable_cycle -> _88394_/D : -23.573509
[setup in-reg] enable_cycle -> _88395_/D : -23.573509
[setup in-reg] enable_cycle -> _88396_/D : -23.573509
[setup in-reg] enable_cycle -> _88397_/D : -23.573509
[setup in-reg] enable_cycle -> _88398_/D : -23.573509
[setup in-reg] enable_cycle -> _88399_/D : -23.573509
[setup in-reg] enable_cycle -> _88400_/D : -23.573509
[setup in-reg] enable_cycle -> _88401_/D : -23.573509
[setup in-reg] enable_cycle -> _88402_/D : -23.573509
[setup in-reg] enable_cycle -> _88403_/D : -23.573509
[setup in-reg] enable_cycle -> _88404_/D : -23.573509
[setup in-reg] enable_cycle -> _88405_/D : -23.573509
[setup in-reg] enable_cycle -> _88406_/D : -23.573509
[setup in-reg] enable_cycle -> _88407_/D : -23.573509
[setup in-reg] enable_cycle -> _88408_/D : -23.573509
[setup in-reg] enable_cycle -> _88409_/D : -23.573509
[setup in-reg] enable_cycle -> _88410_/D : -23.573509
[setup in-reg] enable_cycle -> _88411_/D : -23.573509
[setup in-reg] enable_cycle -> _88412_/D : -23.573509
[setup in-reg] enable_cycle -> _88413_/D : -23.573509
[setup in-reg] enable_cycle -> _88414_/D : -23.573509
[setup in-reg] enable_cycle -> _88415_/D : -23.573509
[setup in-reg] enable_cycle -> _88416_/D : -23.573509
[setup in-reg] enable_cycle -> _88417_/D : -23.573509
[setup in-reg] enable_cycle -> _88418_/D : -23.573509
[setup in-reg] enable_cycle -> _88419_/D : -23.573509
[setup in-reg] enable_cycle -> _88420_/D : -23.573509
[setup in-reg] enable_cycle -> _88421_/D : -23.573509
[setup in-reg] enable_cycle -> _88422_/D : -23.573509
[setup in-reg] enable_cycle -> _88423_/D : -23.573509
[setup in-reg] enable_cycle -> _88424_/D : -23.573509
[setup in-reg] enable_cycle -> _88425_/D : -23.573509
[setup in-reg] enable_cycle -> _88426_/D : -23.573509
[setup in-reg] enable_cycle -> _88427_/D : -23.573509
[setup in-reg] enable_cycle -> _88428_/D : -23.573509
[setup in-reg] enable_cycle -> _88429_/D : -23.573509
[setup in-reg] enable_cycle -> _88430_/D : -23.573509
[setup in-reg] enable_cycle -> _88431_/D : -23.573509
[setup in-reg] enable_cycle -> _88432_/D : -23.573509
[setup in-reg] enable_cycle -> _88433_/D : -23.573509
[setup in-reg] enable_cycle -> _88434_/D : -23.573509
[setup in-reg] enable_cycle -> _88435_/D : -23.573509
[setup in-reg] enable_cycle -> _88436_/D : -23.573509
[setup in-reg] enable_cycle -> _88437_/D : -23.573509
[setup in-reg] enable_cycle -> _88438_/D : -23.573509
[setup in-reg] enable_cycle -> _88439_/D : -23.573509
[setup in-reg] enable_cycle -> _88440_/D : -23.573509
[setup in-reg] enable_cycle -> _88441_/D : -23.573509
[setup in-reg] enable_cycle -> _88442_/D : -23.573509
[setup in-reg] enable_cycle -> _88443_/D : -23.573509
[setup in-reg] enable_cycle -> _88444_/D : -23.573509
[setup in-reg] enable_cycle -> _88445_/D : -23.573509
[setup in-reg] enable_cycle -> _88446_/D : -23.573509
[setup in-reg] enable_cycle -> _88447_/D : -23.573509
[setup in-reg] enable_cycle -> _88448_/D : -23.573509
[setup in-reg] enable_cycle -> _88449_/D : -23.573509
[setup in-reg] enable_cycle -> _88450_/D : -23.573509
[setup in-reg] enable_cycle -> _88451_/D : -23.573509
[setup in-reg] enable_cycle -> _88452_/D : -23.573509
[setup in-reg] enable_cycle -> _88453_/D : -23.573509
[setup in-reg] enable_cycle -> _88454_/D : -23.573509
[setup in-reg] enable_cycle -> _88455_/D : -23.573509
[setup in-reg] enable_cycle -> _88456_/D : -23.573509
[setup in-reg] enable_cycle -> _88457_/D : -23.573509
[setup in-reg] enable_cycle -> _88458_/D : -23.573509
[setup in-reg] enable_cycle -> _88459_/D : -23.573509
[setup in-reg] enable_cycle -> _88460_/D : -23.573509
[setup in-reg] enable_cycle -> _88461_/D : -23.573509
[setup in-reg] enable_cycle -> _88462_/D : -23.573509
[setup in-reg] enable_cycle -> _88463_/D : -23.573509
[setup in-reg] enable_cycle -> _88464_/D : -23.573509
[setup in-reg] enable_cycle -> _88465_/D : -23.573509
[setup in-reg] enable_cycle -> _88466_/D : -23.573509
[setup in-reg] enable_cycle -> _88467_/D : -23.573509
[setup in-reg] enable_cycle -> _88468_/D : -23.573509
[setup in-reg] enable_cycle -> _88469_/D : -23.573509
[setup in-reg] enable_cycle -> _88470_/D : -23.573509
[setup in-reg] enable_cycle -> _88471_/D : -23.573509
[setup in-reg] enable_cycle -> _88472_/D : -23.573509
[setup in-reg] enable_cycle -> _88473_/D : -23.573509
[setup in-reg] enable_cycle -> _88474_/D : -23.573509
[setup in-reg] enable_cycle -> _88475_/D : -23.573509
[setup in-reg] enable_cycle -> _88476_/D : -23.573509
[setup in-reg] enable_cycle -> _88477_/D : -23.573509
[setup in-reg] enable_cycle -> _88478_/D : -23.573509
[setup in-reg] enable_cycle -> _88479_/D : -23.573509
[setup in-reg] enable_cycle -> _88480_/D : -23.573509
[setup in-reg] enable_cycle -> _88481_/D : -23.573509
[setup in-reg] enable_cycle -> _88482_/D : -23.573509
[setup in-reg] enable_cycle -> _88483_/D : -23.573509
[setup in-reg] enable_cycle -> _88484_/D : -23.573509
[setup in-reg] enable_cycle -> _88485_/D : -23.573509
[setup in-reg] enable_cycle -> _88486_/D : -23.573509
[setup in-reg] enable_cycle -> _88487_/D : -23.573509
[setup in-reg] enable_cycle -> _88488_/D : -23.573509
[setup in-reg] enable_cycle -> _88489_/D : -23.573509
[setup in-reg] enable_cycle -> _88490_/D : -23.573509
[setup in-reg] enable_cycle -> _88491_/D : -23.573509
[setup in-reg] enable_cycle -> _88492_/D : -23.573509
[setup in-reg] enable_cycle -> _88493_/D : -23.573509
[setup in-reg] enable_cycle -> _88494_/D : -23.573509
[setup in-reg] enable_cycle -> _88495_/D : -23.573509
[setup in-reg] enable_cycle -> _88496_/D : -23.573509
[setup in-reg] enable_cycle -> _88497_/D : -23.573509
[setup in-reg] enable_cycle -> _88498_/D : -23.573509
[setup in-reg] enable_cycle -> _88499_/D : -23.573509
[setup in-reg] enable_cycle -> _88500_/D : -23.573509
[setup in-reg] enable_cycle -> _88501_/D : -23.573509
[setup in-reg] enable_cycle -> _88502_/D : -23.573509
[setup in-reg] enable_cycle -> _88503_/D : -23.573509
[setup in-reg] enable_cycle -> _88504_/D : -23.573509
[setup in-reg] enable_cycle -> _88505_/D : -23.573509
[setup in-reg] enable_cycle -> _88506_/D : -23.573509
[setup in-reg] enable_cycle -> _88507_/D : -23.573509
[setup in-reg] enable_cycle -> _88508_/D : -23.573509
[setup in-reg] enable_cycle -> _88509_/D : -23.573509
[setup in-reg] enable_cycle -> _88510_/D : -23.573509
[setup in-reg] enable_cycle -> _88511_/D : -23.573509
[setup in-reg] enable_cycle -> _88512_/D : -23.573509
[setup in-reg] enable_cycle -> _88513_/D : -23.573509
[setup in-reg] enable_cycle -> _88514_/D : -23.573509
[setup in-reg] enable_cycle -> _88515_/D : -23.573509
[setup in-reg] enable_cycle -> _88516_/D : -23.573509
[setup in-reg] enable_cycle -> _88517_/D : -23.573509
[setup in-reg] enable_cycle -> _88518_/D : -23.573509
[setup in-reg] enable_cycle -> _88519_/D : -23.573509
[setup in-reg] enable_cycle -> _88520_/D : -23.573509
[setup in-reg] enable_cycle -> _88521_/D : -23.573509
[setup in-reg] enable_cycle -> _88522_/D : -23.573509
[setup in-reg] enable_cycle -> _88523_/D : -23.573509
[setup in-reg] enable_cycle -> _88524_/D : -23.573509
[setup in-reg] enable_cycle -> _88525_/D : -23.573509
[setup in-reg] enable_cycle -> _88526_/D : -23.573509
[setup in-reg] enable_cycle -> _88527_/D : -23.573509
[setup in-reg] enable_cycle -> _88528_/D : -23.573509
[setup in-reg] enable_cycle -> _88529_/D : -23.573509
[setup in-reg] enable_cycle -> _88530_/D : -23.573509
[setup in-reg] enable_cycle -> _88531_/D : -23.573509
[setup in-reg] enable_cycle -> _88532_/D : -23.573509
[setup in-reg] enable_cycle -> _88533_/D : -23.573509
[setup in-reg] enable_cycle -> _88534_/D : -23.573509
[setup in-reg] enable_cycle -> _88535_/D : -23.573509
[setup in-reg] enable_cycle -> _88536_/D : -23.573509
[setup in-reg] enable_cycle -> _88537_/D : -23.573509
[setup in-reg] enable_cycle -> _88538_/D : -23.573509
[setup in-reg] enable_cycle -> _88539_/D : -23.573509
[setup in-reg] enable_cycle -> _88540_/D : -23.573509
[setup in-reg] enable_cycle -> _88541_/D : -23.573509
[setup in-reg] enable_cycle -> _88542_/D : -23.573509
[setup in-reg] enable_cycle -> _88543_/D : -23.573509
[setup in-reg] enable_cycle -> _88544_/D : -23.573509
[setup in-reg] enable_cycle -> _88545_/D : -23.573509
[setup in-reg] enable_cycle -> _88546_/D : -23.573509
[setup in-reg] enable_cycle -> _88547_/D : -23.573509
[setup in-reg] enable_cycle -> _88548_/D : -23.573509
[setup in-reg] enable_cycle -> _88549_/D : -23.573509
[setup in-reg] enable_cycle -> _88550_/D : -23.573509
[setup in-reg] enable_cycle -> _88551_/D : -23.573509
[setup in-reg] enable_cycle -> _88552_/D : -23.573509
[setup in-reg] enable_cycle -> _88553_/D : -23.573509
[setup in-reg] enable_cycle -> _88554_/D : -23.573509
[setup in-reg] enable_cycle -> _88555_/D : -23.573509
[setup in-reg] enable_cycle -> _88556_/D : -23.573509
[setup in-reg] enable_cycle -> _88557_/D : -23.573509
[setup in-reg] enable_cycle -> _88558_/D : -23.573509
[setup in-reg] enable_cycle -> _88559_/D : -23.573509
[setup in-reg] enable_cycle -> _88560_/D : -23.573509
[setup in-reg] enable_cycle -> _88561_/D : -23.573509
[setup in-reg] enable_cycle -> _88562_/D : -23.573509
[setup in-reg] enable_cycle -> _88563_/D : -23.573509
[setup in-reg] enable_cycle -> _88564_/D : -23.573509
[setup in-reg] enable_cycle -> _88565_/D : -23.573509
[setup in-reg] enable_cycle -> _88566_/D : -23.573509
[setup in-reg] enable_cycle -> _88567_/D : -23.573509
[setup in-reg] enable_cycle -> _88568_/D : -23.573509
[setup in-reg] enable_cycle -> _88569_/D : -23.573509
[setup in-reg] enable_cycle -> _88570_/D : -23.573509
[setup in-reg] enable_cycle -> _88571_/D : -23.573509
[setup in-reg] enable_cycle -> _88572_/D : -23.573509
[setup in-reg] enable_cycle -> _88573_/D : -23.573509
[setup in-reg] enable_cycle -> _88574_/D : -23.573509
[setup in-reg] enable_cycle -> _88575_/D : -23.573509
[setup in-reg] enable_cycle -> _88576_/D : -23.573509
[setup in-reg] enable_cycle -> _88577_/D : -23.573509
[setup in-reg] enable_cycle -> _88578_/D : -23.573509
[setup in-reg] enable_cycle -> _88579_/D : -23.573509
[setup in-reg] enable_cycle -> _88580_/D : -23.573509
[setup in-reg] enable_cycle -> _88581_/D : -23.573509
[setup in-reg] enable_cycle -> _88582_/D : -23.573509
[setup in-reg] enable_cycle -> _88583_/D : -23.573509
[setup in-reg] enable_cycle -> _88584_/D : -23.573509
[setup in-reg] enable_cycle -> _88585_/D : -23.573509
[setup in-reg] enable_cycle -> _88586_/D : -23.573509
[setup in-reg] enable_cycle -> _88587_/D : -23.573509
[setup in-reg] enable_cycle -> _88588_/D : -23.573509
[setup in-reg] enable_cycle -> _88589_/D : -23.573509
[setup in-reg] enable_cycle -> _88646_/D : -23.573509
[setup in-reg] enable_cycle -> _88647_/D : -23.573509
[setup in-reg] enable_cycle -> _88648_/D : -23.573509
[setup in-reg] enable_cycle -> _88649_/D : -23.573509
[setup in-reg] enable_cycle -> _88650_/D : -23.573509
[setup in-reg] enable_cycle -> _88651_/D : -23.573509
[setup in-reg] enable_cycle -> _88652_/D : -23.573509
[setup in-reg] enable_cycle -> _88653_/D : -23.573509
[setup in-reg] enable_cycle -> _88710_/D : -23.573509
[setup in-reg] enable_cycle -> _88711_/D : -23.573509
[setup in-reg] enable_cycle -> _88712_/D : -23.573509
[setup in-reg] enable_cycle -> _88713_/D : -23.573509
[setup in-reg] enable_cycle -> _88714_/D : -23.573509
[setup in-reg] enable_cycle -> _88715_/D : -23.573509
[setup in-reg] enable_cycle -> _88716_/D : -23.573509
[setup in-reg] enable_cycle -> _88717_/D : -23.573509
[setup in-reg] enable_cycle -> _88774_/D : -23.573509
[setup in-reg] enable_cycle -> _88775_/D : -23.573509
[setup in-reg] enable_cycle -> _88776_/D : -23.573509
[setup in-reg] enable_cycle -> _88777_/D : -23.573509
[setup in-reg] enable_cycle -> _88778_/D : -23.573509
[setup in-reg] enable_cycle -> _88779_/D : -23.573509
[setup in-reg] enable_cycle -> _88780_/D : -23.573509
[setup in-reg] enable_cycle -> _88781_/D : -23.573509
[setup in-reg] enable_cycle -> _88838_/D : -23.573509
[setup in-reg] enable_cycle -> _88839_/D : -23.573509
[setup in-reg] enable_cycle -> _88840_/D : -23.573509
[setup in-reg] enable_cycle -> _88841_/D : -23.573509
[setup in-reg] enable_cycle -> _88842_/D : -23.573509
[setup in-reg] enable_cycle -> _88843_/D : -23.573509
[setup in-reg] enable_cycle -> _88844_/D : -23.573509
[setup in-reg] enable_cycle -> _88845_/D : -23.573509
[setup in-reg] enable_cycle -> _88902_/D : -23.573509
[setup in-reg] enable_cycle -> _88903_/D : -23.573509
[setup in-reg] enable_cycle -> _88904_/D : -23.573509
[setup in-reg] enable_cycle -> _88905_/D : -23.573509
[setup in-reg] enable_cycle -> _88906_/D : -23.573509
[setup in-reg] enable_cycle -> _88907_/D : -23.573509
[setup in-reg] enable_cycle -> _88908_/D : -23.573509
[setup in-reg] enable_cycle -> _88909_/D : -23.573509
[setup in-reg] enable_cycle -> _88966_/D : -23.573509
[setup in-reg] enable_cycle -> _88967_/D : -23.573509
[setup in-reg] enable_cycle -> _88968_/D : -23.573509
[setup in-reg] enable_cycle -> _88969_/D : -23.573509
[setup in-reg] enable_cycle -> _88970_/D : -23.573509
[setup in-reg] enable_cycle -> _88971_/D : -23.573509
[setup in-reg] enable_cycle -> _88972_/D : -23.573509
[setup in-reg] enable_cycle -> _88973_/D : -23.573509
[setup in-reg] enable_cycle -> _89063_/D : -23.573509
[setup in-reg] enable_cycle -> _89064_/D : -23.573509
[setup in-reg] enable_cycle -> _89065_/D : -23.573509
[setup in-reg] enable_cycle -> _89066_/D : -23.573509
[setup in-reg] enable_cycle -> _89067_/D : -23.573509
[setup in-reg] enable_cycle -> _89068_/D : -23.573509
[setup in-reg] enable_cycle -> _89069_/D : -23.573509
[setup in-reg] enable_cycle -> _89070_/D : -23.573509
[setup in-reg] enable_cycle -> _89071_/D : -23.573509
[setup in-reg] enable_cycle -> _89072_/D : -23.573509
[setup in-reg] enable_cycle -> _89073_/D : -23.573509
[setup in-reg] enable_cycle -> _89074_/D : -23.573509
[setup in-reg] enable_cycle -> _89075_/D : -23.573509
[setup in-reg] enable_cycle -> _89076_/D : -23.573509
[setup in-reg] enable_cycle -> _89077_/D : -23.573509
[setup in-reg] enable_cycle -> _89078_/D : -23.573509
[setup in-reg] enable_cycle -> _89079_/D : -23.573509
[setup in-reg] enable_cycle -> _89088_/D : -23.573509
[setup in-reg] enable_cycle -> _89089_/D : -23.573509
[setup in-reg] enable_cycle -> _89090_/D : -23.573509
[setup in-reg] enable_cycle -> _89091_/D : -23.573509
[setup in-reg] enable_cycle -> _89092_/D : -23.573509
[setup in-reg] enable_cycle -> _89093_/D : -23.573509
[setup in-reg] enable_cycle -> _89094_/D : -23.573509
[setup in-reg] enable_cycle -> _89095_/D : -23.573509
[setup in-reg] enable_cycle -> _89096_/D : -23.573509
[setup in-reg] enable_cycle -> _89097_/D : -23.573509
[setup in-reg] enable_cycle -> _89098_/D : -23.573509
[setup in-reg] enable_cycle -> _89099_/D : -23.573509
[setup in-reg] enable_cycle -> _89100_/D : -23.573509
[setup in-reg] enable_cycle -> _89101_/D : -23.573509
[setup in-reg] enable_cycle -> _89102_/D : -23.573509
[setup in-reg] enable_cycle -> _89103_/D : -23.573509
[setup in-reg] enable_cycle -> _89104_/D : -23.573509
[setup in-reg] enable_cycle -> _89105_/D : -23.573509
[setup in-reg] enable_cycle -> _89106_/D : -23.573509
[setup in-reg] enable_cycle -> _89107_/D : -23.573509
[setup in-reg] enable_cycle -> _89108_/D : -23.573509
[setup in-reg] enable_cycle -> _89109_/D : -23.573509
[setup in-reg] enable_cycle -> _89110_/D : -23.573509
[setup in-reg] enable_cycle -> _89111_/D : -23.573509
[setup in-reg] enable_cycle -> _89170_/D : -23.573509
[setup in-reg] enable_cycle -> _89171_/D : -23.573509
[setup in-reg] enable_cycle -> _89172_/D : -23.573509
[setup in-reg] enable_cycle -> _89173_/D : -23.573509
[setup in-reg] enable_cycle -> _89174_/D : -23.573509
[setup in-reg] enable_cycle -> _89175_/D : -23.573509
[setup in-reg] enable_cycle -> _89176_/D : -23.573509
[setup in-reg] enable_cycle -> _89177_/D : -23.573509
[setup in-reg] enable_cycle -> _89178_/D : -23.573509
[setup in-reg] enable_cycle -> _89179_/D : -23.573509
[setup in-reg] enable_cycle -> _89180_/D : -23.573509
[setup in-reg] enable_cycle -> _89181_/D : -23.573509
[setup in-reg] enable_cycle -> _89182_/D : -23.573509
[setup in-reg] enable_cycle -> _89183_/D : -23.573509
[setup in-reg] enable_cycle -> _89184_/D : -23.573509
[setup in-reg] enable_cycle -> _89185_/D : -23.573509
[setup in-reg] enable_cycle -> _89186_/D : -23.573509
[setup in-reg] enable_cycle -> _89187_/D : -23.573509
[setup in-reg] enable_cycle -> _89188_/D : -23.573509
[setup in-reg] enable_cycle -> _89189_/D : -23.573509
[setup in-reg] enable_cycle -> _89190_/D : -23.573509
[setup in-reg] enable_cycle -> _89191_/D : -23.573509
[setup in-reg] enable_cycle -> _89192_/D : -23.573509
[setup in-reg] enable_cycle -> _89193_/D : -23.573509
[setup in-reg] enable_cycle -> _89252_/D : -23.573509
[setup in-reg] enable_cycle -> _89253_/D : -23.573509
[setup in-reg] enable_cycle -> _89254_/D : -23.573509
[setup in-reg] enable_cycle -> _89255_/D : -23.573509
[setup in-reg] enable_cycle -> _89256_/D : -23.573509
[setup in-reg] enable_cycle -> _89257_/D : -23.573509
[setup in-reg] enable_cycle -> _89258_/D : -23.573509
[setup in-reg] enable_cycle -> _89259_/D : -23.573509
[setup in-reg] enable_cycle -> _89260_/D : -23.573509
[setup in-reg] enable_cycle -> _89261_/D : -23.573509
[setup in-reg] enable_cycle -> _89262_/D : -23.573509
[setup in-reg] enable_cycle -> _89263_/D : -23.573509
[setup in-reg] enable_cycle -> _89264_/D : -23.573509
[setup in-reg] enable_cycle -> _89265_/D : -23.573509
[setup in-reg] enable_cycle -> _89266_/D : -23.573509
[setup in-reg] enable_cycle -> _89267_/D : -23.573509
[setup in-reg] enable_cycle -> _89268_/D : -23.573509
[setup in-reg] enable_cycle -> _89269_/D : -23.573509
[setup in-reg] enable_cycle -> _89270_/D : -23.573509
[setup in-reg] enable_cycle -> _89271_/D : -23.573509
[setup in-reg] enable_cycle -> _89272_/D : -23.573509
[setup in-reg] enable_cycle -> _89273_/D : -23.573509
[setup in-reg] enable_cycle -> _89274_/D : -23.573509
[setup in-reg] enable_cycle -> _89275_/D : -23.573509
[setup in-reg] enable_cycle -> _89334_/D : -23.573509
[setup in-reg] enable_cycle -> _89335_/D : -23.573509
[setup in-reg] enable_cycle -> _89336_/D : -23.573509
[setup in-reg] enable_cycle -> _89337_/D : -23.573509
[setup in-reg] enable_cycle -> _89338_/D : -23.573509
[setup in-reg] enable_cycle -> _89339_/D : -23.573509
[setup in-reg] enable_cycle -> _89340_/D : -23.573509
[setup in-reg] enable_cycle -> _89341_/D : -23.573509
[setup in-reg] enable_cycle -> _89342_/D : -23.573509
[setup in-reg] enable_cycle -> _89343_/D : -23.573509
[setup in-reg] enable_cycle -> _89344_/D : -23.573509
[setup in-reg] enable_cycle -> _89345_/D : -23.573509
[setup in-reg] enable_cycle -> _89346_/D : -23.573509
[setup in-reg] enable_cycle -> _89347_/D : -23.573509
[setup in-reg] enable_cycle -> _89348_/D : -23.573509
[setup in-reg] enable_cycle -> _89349_/D : -23.573509
[setup in-reg] enable_cycle -> _89350_/D : -23.573509
[setup in-reg] enable_cycle -> _89351_/D : -23.573509
[setup in-reg] enable_cycle -> _89352_/D : -23.573509
[setup in-reg] enable_cycle -> _89353_/D : -23.573509
[setup in-reg] enable_cycle -> _89354_/D : -23.573509
[setup in-reg] enable_cycle -> _89355_/D : -23.573509
[setup in-reg] enable_cycle -> _89356_/D : -23.573509
[setup in-reg] enable_cycle -> _89357_/D : -23.573509
[setup in-reg] enable_cycle -> _89416_/D : -23.573509
[setup in-reg] enable_cycle -> _89417_/D : -23.573509
[setup in-reg] enable_cycle -> _89418_/D : -23.573509
[setup in-reg] enable_cycle -> _89419_/D : -23.573509
[setup in-reg] enable_cycle -> _89420_/D : -23.573509
[setup in-reg] enable_cycle -> _89421_/D : -23.573509
[setup in-reg] enable_cycle -> _89422_/D : -23.573509
[setup in-reg] enable_cycle -> _89423_/D : -23.573509
[setup in-reg] enable_cycle -> _89424_/D : -23.573509
[setup in-reg] enable_cycle -> _89425_/D : -23.573509
[setup in-reg] enable_cycle -> _89426_/D : -23.573509
[setup in-reg] enable_cycle -> _89427_/D : -23.573509
[setup in-reg] enable_cycle -> _89428_/D : -23.573509
[setup in-reg] enable_cycle -> _89429_/D : -23.573509
[setup in-reg] enable_cycle -> _89430_/D : -23.573509
[setup in-reg] enable_cycle -> _89431_/D : -23.573509
[setup in-reg] enable_cycle -> _89432_/D : -23.573509
[setup in-reg] enable_cycle -> _89433_/D : -23.573509
[setup in-reg] enable_cycle -> _89434_/D : -23.573509
[setup in-reg] enable_cycle -> _89435_/D : -23.573509
[setup in-reg] enable_cycle -> _89436_/D : -23.573509
[setup in-reg] enable_cycle -> _89437_/D : -23.573509
[setup in-reg] enable_cycle -> _89438_/D : -23.573509
[setup in-reg] enable_cycle -> _89439_/D : -23.573509
[setup in-reg] enable_cycle -> _89498_/D : -23.573509
[setup in-reg] enable_cycle -> _89499_/D : -23.573509
[setup in-reg] enable_cycle -> _89500_/D : -23.573509
[setup in-reg] enable_cycle -> _89501_/D : -23.573509
[setup in-reg] enable_cycle -> _89502_/D : -23.573509
[setup in-reg] enable_cycle -> _89503_/D : -23.573509
[setup in-reg] enable_cycle -> _89504_/D : -23.573509
[setup in-reg] enable_cycle -> _89505_/D : -23.573509
[setup in-reg] enable_cycle -> _89506_/D : -23.573509
[setup in-reg] enable_cycle -> _89507_/D : -23.573509
[setup in-reg] enable_cycle -> _89508_/D : -23.573509
[setup in-reg] enable_cycle -> _89509_/D : -23.573509
[setup in-reg] enable_cycle -> _89510_/D : -23.573509
[setup in-reg] enable_cycle -> _89511_/D : -23.573509
[setup in-reg] enable_cycle -> _89512_/D : -23.573509
[setup in-reg] enable_cycle -> _89513_/D : -23.573509
[setup in-reg] enable_cycle -> _89514_/D : -23.573509
[setup in-reg] enable_cycle -> _89515_/D : -23.573509
[setup in-reg] enable_cycle -> _89516_/D : -23.573509
[setup in-reg] enable_cycle -> _89517_/D : -23.573509
[setup in-reg] enable_cycle -> _89518_/D : -23.573509
[setup in-reg] enable_cycle -> _89519_/D : -23.573509
[setup in-reg] enable_cycle -> _89520_/D : -23.573509
[setup in-reg] enable_cycle -> _89521_/D : -23.573509
[setup in-reg] enable_cycle -> _89580_/D : -23.573509
[setup in-reg] enable_cycle -> _89581_/D : -23.573509
[setup in-reg] enable_cycle -> _89582_/D : -23.573509
[setup in-reg] enable_cycle -> _89583_/D : -23.573509
[setup in-reg] enable_cycle -> _89584_/D : -23.573509
[setup in-reg] enable_cycle -> _89585_/D : -23.573509
[setup in-reg] enable_cycle -> _89586_/D : -23.573509
[setup in-reg] enable_cycle -> _89587_/D : -23.573509
[setup in-reg] enable_cycle -> _89588_/D : -23.573509
[setup in-reg] enable_cycle -> _89589_/D : -23.573509
[setup in-reg] enable_cycle -> _89590_/D : -23.573509
[setup in-reg] enable_cycle -> _89591_/D : -23.573509
[setup in-reg] enable_cycle -> _89592_/D : -23.573509
[setup in-reg] enable_cycle -> _89593_/D : -23.573509
[setup in-reg] enable_cycle -> _89594_/D : -23.573509
[setup in-reg] enable_cycle -> _89595_/D : -23.573509
[setup in-reg] enable_cycle -> _89596_/D : -23.573509
[setup in-reg] enable_cycle -> _89597_/D : -23.573509
[setup in-reg] enable_cycle -> _89598_/D : -23.573509
[setup in-reg] enable_cycle -> _89599_/D : -23.573509
[setup in-reg] enable_cycle -> _89600_/D : -23.573509
[setup in-reg] enable_cycle -> _89601_/D : -23.573509
[setup in-reg] enable_cycle -> _89602_/D : -23.573509
[setup in-reg] enable_cycle -> _89603_/D : -23.573509
[setup in-reg] enable_cycle -> _89696_/D : -23.573509
[setup in-reg] enable_cycle -> _89697_/D : -23.573509
[setup in-reg] enable_cycle -> _89698_/D : -23.573509
[setup in-reg] enable_cycle -> _89699_/D : -23.573509
[setup in-reg] enable_cycle -> _89700_/D : -23.573509
[setup in-reg] enable_cycle -> _89701_/D : -23.573509
[setup in-reg] enable_cycle -> _89702_/D : -23.573509
[setup in-reg] enable_cycle -> _89703_/D : -23.573509
[setup in-reg] enable_cycle -> _89704_/D : -23.573509
[setup in-reg] enable_cycle -> _89705_/D : -23.573509
[setup in-reg] enable_cycle -> _89706_/D : -23.573509
[setup in-reg] enable_cycle -> _89707_/D : -23.573509
[setup in-reg] enable_cycle -> _89708_/D : -23.573509
[setup in-reg] enable_cycle -> _89709_/D : -23.573509
[setup in-reg] enable_cycle -> _89710_/D : -23.573509
[setup in-reg] enable_cycle -> _89711_/D : -23.573509
[setup in-reg] enable_cycle -> _89712_/D : -23.573509
[setup in-reg] enable_cycle -> _89713_/D : -23.573509
[setup in-reg] enable_cycle -> _89722_/D : -23.573509
[setup in-reg] enable_cycle -> _89723_/D : -23.573509
[setup in-reg] enable_cycle -> _89724_/D : -23.573509
[setup in-reg] enable_cycle -> _89725_/D : -23.573509
[setup in-reg] enable_cycle -> _89726_/D : -23.573509
[setup in-reg] enable_cycle -> _89727_/D : -23.573509
[setup in-reg] enable_cycle -> _89728_/D : -23.573509
[setup in-reg] enable_cycle -> _89729_/D : -23.573509
[setup in-reg] enable_cycle -> _89730_/D : -23.573509
[setup in-reg] enable_cycle -> _89731_/D : -23.573509
[setup in-reg] enable_cycle -> _89732_/D : -23.573509
[setup in-reg] enable_cycle -> _89733_/D : -23.573509
[setup in-reg] enable_cycle -> _89734_/D : -23.573509
[setup in-reg] enable_cycle -> _89735_/D : -23.573509
[setup in-reg] enable_cycle -> _89736_/D : -23.573509
[setup in-reg] enable_cycle -> _89737_/D : -23.573509
[setup in-reg] enable_cycle -> _89738_/D : -23.573509
[setup in-reg] enable_cycle -> _89739_/D : -23.573509
[setup in-reg] enable_cycle -> _89740_/D : -23.573509
[setup in-reg] enable_cycle -> _89741_/D : -23.573509
[setup in-reg] enable_cycle -> _89742_/D : -23.573509
[setup in-reg] enable_cycle -> _89743_/D : -23.573509
[setup in-reg] enable_cycle -> _89744_/D : -23.573509
[setup in-reg] enable_cycle -> _89745_/D : -23.573509
[setup in-reg] enable_cycle -> _89746_/D : -23.573509
[setup in-reg] enable_cycle -> _89807_/D : -23.573509
[setup in-reg] enable_cycle -> _89808_/D : -23.573509
[setup in-reg] enable_cycle -> _89809_/D : -23.573509
[setup in-reg] enable_cycle -> _89810_/D : -23.573509
[setup in-reg] enable_cycle -> _89811_/D : -23.573509
[setup in-reg] enable_cycle -> _89812_/D : -23.573509
[setup in-reg] enable_cycle -> _89813_/D : -23.573509
[setup in-reg] enable_cycle -> _89814_/D : -23.573509
[setup in-reg] enable_cycle -> _89815_/D : -23.573509
[setup in-reg] enable_cycle -> _89816_/D : -23.573509
[setup in-reg] enable_cycle -> _89817_/D : -23.573509
[setup in-reg] enable_cycle -> _89818_/D : -23.573509
[setup in-reg] enable_cycle -> _89819_/D : -23.573509
[setup in-reg] enable_cycle -> _89820_/D : -23.573509
[setup in-reg] enable_cycle -> _89821_/D : -23.573509
[setup in-reg] enable_cycle -> _89822_/D : -23.573509
[setup in-reg] enable_cycle -> _89823_/D : -23.573509
[setup in-reg] enable_cycle -> _89824_/D : -23.573509
[setup in-reg] enable_cycle -> _89825_/D : -23.573509
[setup in-reg] enable_cycle -> _89826_/D : -23.573509
[setup in-reg] enable_cycle -> _89827_/D : -23.573509
[setup in-reg] enable_cycle -> _89828_/D : -23.573509
[setup in-reg] enable_cycle -> _89829_/D : -23.573509
[setup in-reg] enable_cycle -> _89830_/D : -23.573509
[setup in-reg] enable_cycle -> _89831_/D : -23.573509
[setup in-reg] enable_cycle -> _89892_/D : -23.573509
[setup in-reg] enable_cycle -> _89893_/D : -23.573509
[setup in-reg] enable_cycle -> _89894_/D : -23.573509
[setup in-reg] enable_cycle -> _89895_/D : -23.573509
[setup in-reg] enable_cycle -> _89896_/D : -23.573509
[setup in-reg] enable_cycle -> _89897_/D : -23.573509
[setup in-reg] enable_cycle -> _89898_/D : -23.573509
[setup in-reg] enable_cycle -> _89899_/D : -23.573509
[setup in-reg] enable_cycle -> _89900_/D : -23.573509
[setup in-reg] enable_cycle -> _89901_/D : -23.573509
[setup in-reg] enable_cycle -> _89902_/D : -23.573509
[setup in-reg] enable_cycle -> _89903_/D : -23.573509
[setup in-reg] enable_cycle -> _89904_/D : -23.573509
[setup in-reg] enable_cycle -> _89905_/D : -23.573509
[setup in-reg] enable_cycle -> _89906_/D : -23.573509
[setup in-reg] enable_cycle -> _89907_/D : -23.573509
[setup in-reg] enable_cycle -> _89908_/D : -23.573509
[setup in-reg] enable_cycle -> _89909_/D : -23.573509
[setup in-reg] enable_cycle -> _89910_/D : -23.573509
[setup in-reg] enable_cycle -> _89911_/D : -23.573509
[setup in-reg] enable_cycle -> _89912_/D : -23.573509
[setup in-reg] enable_cycle -> _89913_/D : -23.573509
[setup in-reg] enable_cycle -> _89914_/D : -23.573509
[setup in-reg] enable_cycle -> _89915_/D : -23.573509
[setup in-reg] enable_cycle -> _89916_/D : -23.573509
[setup in-reg] enable_cycle -> _89977_/D : -23.573509
[setup in-reg] enable_cycle -> _89978_/D : -23.573509
[setup in-reg] enable_cycle -> _89979_/D : -23.573509
[setup in-reg] enable_cycle -> _89980_/D : -23.573509
[setup in-reg] enable_cycle -> _89981_/D : -23.573509
[setup in-reg] enable_cycle -> _89982_/D : -23.573509
[setup in-reg] enable_cycle -> _89983_/D : -23.573509
[setup in-reg] enable_cycle -> _89984_/D : -23.573509
[setup in-reg] enable_cycle -> _89985_/D : -23.573509
[setup in-reg] enable_cycle -> _89986_/D : -23.573509
[setup in-reg] enable_cycle -> _89987_/D : -23.573509
[setup in-reg] enable_cycle -> _89988_/D : -23.573509
[setup in-reg] enable_cycle -> _89989_/D : -23.573509
[setup in-reg] enable_cycle -> _89990_/D : -23.573509
[setup in-reg] enable_cycle -> _89991_/D : -23.573509
[setup in-reg] enable_cycle -> _89992_/D : -23.573509
[setup in-reg] enable_cycle -> _89993_/D : -23.573509
[setup in-reg] enable_cycle -> _89994_/D : -23.573509
[setup in-reg] enable_cycle -> _89995_/D : -23.573509
[setup in-reg] enable_cycle -> _89996_/D : -23.573509
[setup in-reg] enable_cycle -> _89997_/D : -23.573509
[setup in-reg] enable_cycle -> _89998_/D : -23.573509
[setup in-reg] enable_cycle -> _89999_/D : -23.573509
[setup in-reg] enable_cycle -> _90000_/D : -23.573509
[setup in-reg] enable_cycle -> _90001_/D : -23.573509
[setup in-reg] enable_cycle -> _90062_/D : -23.573509
[setup in-reg] enable_cycle -> _90063_/D : -23.573509
[setup in-reg] enable_cycle -> _90064_/D : -23.573509
[setup in-reg] enable_cycle -> _90065_/D : -23.573509
[setup in-reg] enable_cycle -> _90066_/D : -23.573509
[setup in-reg] enable_cycle -> _90067_/D : -23.573509
[setup in-reg] enable_cycle -> _90068_/D : -23.573509
[setup in-reg] enable_cycle -> _90069_/D : -23.573509
[setup in-reg] enable_cycle -> _90070_/D : -23.573509
[setup in-reg] enable_cycle -> _90071_/D : -23.573509
[setup in-reg] enable_cycle -> _90072_/D : -23.573509
[setup in-reg] enable_cycle -> _90073_/D : -23.573509
[setup in-reg] enable_cycle -> _90074_/D : -23.573509
[setup in-reg] enable_cycle -> _90075_/D : -23.573509
[setup in-reg] enable_cycle -> _90076_/D : -23.573509
[setup in-reg] enable_cycle -> _90077_/D : -23.573509
[setup in-reg] enable_cycle -> _90078_/D : -23.573509
[setup in-reg] enable_cycle -> _90079_/D : -23.573509
[setup in-reg] enable_cycle -> _90080_/D : -23.573509
[setup in-reg] enable_cycle -> _90081_/D : -23.573509
[setup in-reg] enable_cycle -> _90082_/D : -23.573509
[setup in-reg] enable_cycle -> _90083_/D : -23.573509
[setup in-reg] enable_cycle -> _90084_/D : -23.573509
[setup in-reg] enable_cycle -> _90085_/D : -23.573509
[setup in-reg] enable_cycle -> _90086_/D : -23.573509
[setup in-reg] enable_cycle -> _90147_/D : -23.573509
[setup in-reg] enable_cycle -> _90148_/D : -23.573509
[setup in-reg] enable_cycle -> _90149_/D : -23.573509
[setup in-reg] enable_cycle -> _90150_/D : -23.573509
[setup in-reg] enable_cycle -> _90151_/D : -23.573509
[setup in-reg] enable_cycle -> _90152_/D : -23.573509
[setup in-reg] enable_cycle -> _90153_/D : -23.573509
[setup in-reg] enable_cycle -> _90154_/D : -23.573509
[setup in-reg] enable_cycle -> _90155_/D : -23.573509
[setup in-reg] enable_cycle -> _90156_/D : -23.573509
[setup in-reg] enable_cycle -> _90157_/D : -23.573509
[setup in-reg] enable_cycle -> _90158_/D : -23.573509
[setup in-reg] enable_cycle -> _90159_/D : -23.573509
[setup in-reg] enable_cycle -> _90160_/D : -23.573509
[setup in-reg] enable_cycle -> _90161_/D : -23.573509
[setup in-reg] enable_cycle -> _90162_/D : -23.573509
[setup in-reg] enable_cycle -> _90163_/D : -23.573509
[setup in-reg] enable_cycle -> _90164_/D : -23.573509
[setup in-reg] enable_cycle -> _90165_/D : -23.573509
[setup in-reg] enable_cycle -> _90166_/D : -23.573509
[setup in-reg] enable_cycle -> _90167_/D : -23.573509
[setup in-reg] enable_cycle -> _90168_/D : -23.573509
[setup in-reg] enable_cycle -> _90169_/D : -23.573509
[setup in-reg] enable_cycle -> _90170_/D : -23.573509
[setup in-reg] enable_cycle -> _90171_/D : -23.573509
[setup in-reg] enable_cycle -> _90232_/D : -23.573509
[setup in-reg] enable_cycle -> _90233_/D : -23.573509
[setup in-reg] enable_cycle -> _90234_/D : -23.573509
[setup in-reg] enable_cycle -> _90235_/D : -23.573509
[setup in-reg] enable_cycle -> _90236_/D : -23.573509
[setup in-reg] enable_cycle -> _90237_/D : -23.573509
[setup in-reg] enable_cycle -> _90238_/D : -23.573509
[setup in-reg] enable_cycle -> _90239_/D : -23.573509
[setup in-reg] enable_cycle -> _90240_/D : -23.573509
[setup in-reg] enable_cycle -> _90241_/D : -23.573509
[setup in-reg] enable_cycle -> _90242_/D : -23.573509
[setup in-reg] enable_cycle -> _90243_/D : -23.573509
[setup in-reg] enable_cycle -> _90244_/D : -23.573509
[setup in-reg] enable_cycle -> _90245_/D : -23.573509
[setup in-reg] enable_cycle -> _90246_/D : -23.573509
[setup in-reg] enable_cycle -> _90247_/D : -23.573509
[setup in-reg] enable_cycle -> _90248_/D : -23.573509
[setup in-reg] enable_cycle -> _90249_/D : -23.573509
[setup in-reg] enable_cycle -> _90250_/D : -23.573509
[setup in-reg] enable_cycle -> _90251_/D : -23.573509
[setup in-reg] enable_cycle -> _90252_/D : -23.573509
[setup in-reg] enable_cycle -> _90253_/D : -23.573509
[setup in-reg] enable_cycle -> _90254_/D : -23.573509
[setup in-reg] enable_cycle -> _90255_/D : -23.573509
[setup in-reg] enable_cycle -> _90256_/D : -23.573509
[setup in-reg] enable_cycle -> _90257_/D : -23.573509
[setup in-reg] enable_cycle -> _90352_/D : -23.573509
[setup in-reg] enable_cycle -> _90353_/D : -23.573509
[setup in-reg] enable_cycle -> _90354_/D : -23.573509
[setup in-reg] enable_cycle -> _90355_/D : -23.573509
[setup in-reg] enable_cycle -> _90356_/D : -23.573509
[setup in-reg] enable_cycle -> _90357_/D : -23.573509
[setup in-reg] enable_cycle -> _90358_/D : -23.573509
[setup in-reg] enable_cycle -> _90359_/D : -23.573509
[setup in-reg] enable_cycle -> _90360_/D : -23.573509
[setup in-reg] enable_cycle -> _90361_/D : -23.573509
[setup in-reg] enable_cycle -> _90362_/D : -23.573509
[setup in-reg] enable_cycle -> _90363_/D : -23.573509
[setup in-reg] enable_cycle -> _90364_/D : -23.573509
[setup in-reg] enable_cycle -> _90365_/D : -23.573509
[setup in-reg] enable_cycle -> _90366_/D : -23.573509
[setup in-reg] enable_cycle -> _90367_/D : -23.573509
[setup in-reg] enable_cycle -> _90368_/D : -23.573509
[setup in-reg] enable_cycle -> _90369_/D : -23.573509
[setup in-reg] enable_cycle -> _90370_/D : -23.573509
[setup in-reg] enable_cycle -> _90379_/D : -23.573509
[setup in-reg] enable_cycle -> _90380_/D : -23.573509
[setup in-reg] enable_cycle -> _90381_/D : -23.573509
[setup in-reg] enable_cycle -> _90382_/D : -23.573509
[setup in-reg] enable_cycle -> _90383_/D : -23.573509
[setup in-reg] enable_cycle -> _90384_/D : -23.573509
[setup in-reg] enable_cycle -> _90385_/D : -23.573509
[setup in-reg] enable_cycle -> _90386_/D : -23.573509
[setup in-reg] enable_cycle -> _90387_/D : -23.573509
[setup in-reg] enable_cycle -> _90388_/D : -23.573509
[setup in-reg] enable_cycle -> _90389_/D : -23.573509
[setup in-reg] enable_cycle -> _90390_/D : -23.573509
[setup in-reg] enable_cycle -> _90391_/D : -23.573509
[setup in-reg] enable_cycle -> _90392_/D : -23.573509
[setup in-reg] enable_cycle -> _90393_/D : -23.573509
[setup in-reg] enable_cycle -> _90394_/D : -23.573509
[setup in-reg] enable_cycle -> _90395_/D : -23.573509
[setup in-reg] enable_cycle -> _90396_/D : -23.573509
[setup in-reg] enable_cycle -> _90397_/D : -23.573509
[setup in-reg] enable_cycle -> _90398_/D : -23.573509
[setup in-reg] enable_cycle -> _90399_/D : -23.573509
[setup in-reg] enable_cycle -> _90400_/D : -23.573509
[setup in-reg] enable_cycle -> _90401_/D : -23.573509
[setup in-reg] enable_cycle -> _90402_/D : -23.573509
[setup in-reg] enable_cycle -> _90403_/D : -23.573509
[setup in-reg] enable_cycle -> _90404_/D : -23.573509
[setup in-reg] enable_cycle -> _90467_/D : -23.573509
[setup in-reg] enable_cycle -> _90468_/D : -23.573509
[setup in-reg] enable_cycle -> _90469_/D : -23.573509
[setup in-reg] enable_cycle -> _90470_/D : -23.573509
[setup in-reg] enable_cycle -> _90471_/D : -23.573509
[setup in-reg] enable_cycle -> _90472_/D : -23.573509
[setup in-reg] enable_cycle -> _90473_/D : -23.573509
[setup in-reg] enable_cycle -> _90474_/D : -23.573509
[setup in-reg] enable_cycle -> _90475_/D : -23.573509
[setup in-reg] enable_cycle -> _90476_/D : -23.573509
[setup in-reg] enable_cycle -> _90477_/D : -23.573509
[setup in-reg] enable_cycle -> _90478_/D : -23.573509
[setup in-reg] enable_cycle -> _90479_/D : -23.573509
[setup in-reg] enable_cycle -> _90480_/D : -23.573509
[setup in-reg] enable_cycle -> _90481_/D : -23.573509
[setup in-reg] enable_cycle -> _90482_/D : -23.573509
[setup in-reg] enable_cycle -> _90483_/D : -23.573509
[setup in-reg] enable_cycle -> _90484_/D : -23.573509
[setup in-reg] enable_cycle -> _90485_/D : -23.573509
[setup in-reg] enable_cycle -> _90486_/D : -23.573509
[setup in-reg] enable_cycle -> _90487_/D : -23.573509
[setup in-reg] enable_cycle -> _90488_/D : -23.573509
[setup in-reg] enable_cycle -> _90489_/D : -23.573509
[setup in-reg] enable_cycle -> _90490_/D : -23.573509
[setup in-reg] enable_cycle -> _90491_/D : -23.573509
[setup in-reg] enable_cycle -> _90492_/D : -23.573509
[setup in-reg] enable_cycle -> _90555_/D : -23.573509
[setup in-reg] enable_cycle -> _90556_/D : -23.573509
[setup in-reg] enable_cycle -> _90557_/D : -23.573509
[setup in-reg] enable_cycle -> _90558_/D : -23.573509
[setup in-reg] enable_cycle -> _90559_/D : -23.573509
[setup in-reg] enable_cycle -> _90560_/D : -23.573509
[setup in-reg] enable_cycle -> _90561_/D : -23.573509
[setup in-reg] enable_cycle -> _90562_/D : -23.573509
[setup in-reg] enable_cycle -> _90563_/D : -23.573509
[setup in-reg] enable_cycle -> _90564_/D : -23.573509
[setup in-reg] enable_cycle -> _90565_/D : -23.573509
[setup in-reg] enable_cycle -> _90566_/D : -23.573509
[setup in-reg] enable_cycle -> _90567_/D : -23.573509
[setup in-reg] enable_cycle -> _90568_/D : -23.573509
[setup in-reg] enable_cycle -> _90569_/D : -23.573509
[setup in-reg] enable_cycle -> _90570_/D : -23.573509
[setup in-reg] enable_cycle -> _90571_/D : -23.573509
[setup in-reg] enable_cycle -> _90572_/D : -23.573509
[setup in-reg] enable_cycle -> _90573_/D : -23.573509
[setup in-reg] enable_cycle -> _90574_/D : -23.573509
[setup in-reg] enable_cycle -> _90575_/D : -23.573509
[setup in-reg] enable_cycle -> _90576_/D : -23.573509
[setup in-reg] enable_cycle -> _90577_/D : -23.573509
[setup in-reg] enable_cycle -> _90578_/D : -23.573509
[setup in-reg] enable_cycle -> _90579_/D : -23.573509
[setup in-reg] enable_cycle -> _90580_/D : -23.573509
[setup in-reg] enable_cycle -> _90643_/D : -23.573509
[setup in-reg] enable_cycle -> _90644_/D : -23.573509
[setup in-reg] enable_cycle -> _90645_/D : -23.573509
[setup in-reg] enable_cycle -> _90646_/D : -23.573509
[setup in-reg] enable_cycle -> _90647_/D : -23.573509
[setup in-reg] enable_cycle -> _90648_/D : -23.573509
[setup in-reg] enable_cycle -> _90649_/D : -23.573509
[setup in-reg] enable_cycle -> _90650_/D : -23.573509
[setup in-reg] enable_cycle -> _90651_/D : -23.573509
[setup in-reg] enable_cycle -> _90652_/D : -23.573509
[setup in-reg] enable_cycle -> _90653_/D : -23.573509
[setup in-reg] enable_cycle -> _90654_/D : -23.573509
[setup in-reg] enable_cycle -> _90655_/D : -23.573509
[setup in-reg] enable_cycle -> _90656_/D : -23.573509
[setup in-reg] enable_cycle -> _90657_/D : -23.573509
[setup in-reg] enable_cycle -> _90658_/D : -23.573509
[setup in-reg] enable_cycle -> _90659_/D : -23.573509
[setup in-reg] enable_cycle -> _90660_/D : -23.573509
[setup in-reg] enable_cycle -> _90661_/D : -23.573509
[setup in-reg] enable_cycle -> _90662_/D : -23.573509
[setup in-reg] enable_cycle -> _90663_/D : -23.573509
[setup in-reg] enable_cycle -> _90664_/D : -23.573509
[setup in-reg] enable_cycle -> _90665_/D : -23.573509
[setup in-reg] enable_cycle -> _90666_/D : -23.573509
[setup in-reg] enable_cycle -> _90667_/D : -23.573509
[setup in-reg] enable_cycle -> _90668_/D : -23.573509
[setup in-reg] enable_cycle -> _90731_/D : -23.573509
[setup in-reg] enable_cycle -> _90732_/D : -23.573509
[setup in-reg] enable_cycle -> _90733_/D : -23.573509
[setup in-reg] enable_cycle -> _90734_/D : -23.573509
[setup in-reg] enable_cycle -> _90735_/D : -23.573509
[setup in-reg] enable_cycle -> _90736_/D : -23.573509
[setup in-reg] enable_cycle -> _90737_/D : -23.573509
[setup in-reg] enable_cycle -> _90738_/D : -23.573509
[setup in-reg] enable_cycle -> _90739_/D : -23.573509
[setup in-reg] enable_cycle -> _90740_/D : -23.573509
[setup in-reg] enable_cycle -> _90741_/D : -23.573509
[setup in-reg] enable_cycle -> _90742_/D : -23.573509
[setup in-reg] enable_cycle -> _90743_/D : -23.573509
[setup in-reg] enable_cycle -> _90744_/D : -23.573509
[setup in-reg] enable_cycle -> _90745_/D : -23.573509
[setup in-reg] enable_cycle -> _90746_/D : -23.573509
[setup in-reg] enable_cycle -> _90747_/D : -23.573509
[setup in-reg] enable_cycle -> _90748_/D : -23.573509
[setup in-reg] enable_cycle -> _90749_/D : -23.573509
[setup in-reg] enable_cycle -> _90750_/D : -23.573509
[setup in-reg] enable_cycle -> _90751_/D : -23.573509
[setup in-reg] enable_cycle -> _90752_/D : -23.573509
[setup in-reg] enable_cycle -> _90753_/D : -23.573509
[setup in-reg] enable_cycle -> _90754_/D : -23.573509
[setup in-reg] enable_cycle -> _90755_/D : -23.573509
[setup in-reg] enable_cycle -> _90756_/D : -23.573509
[setup in-reg] enable_cycle -> _90819_/D : -23.573509
[setup in-reg] enable_cycle -> _90820_/D : -23.573509
[setup in-reg] enable_cycle -> _90821_/D : -23.573509
[setup in-reg] enable_cycle -> _90822_/D : -23.573509
[setup in-reg] enable_cycle -> _90823_/D : -23.573509
[setup in-reg] enable_cycle -> _90824_/D : -23.573509
[setup in-reg] enable_cycle -> _90825_/D : -23.573509
[setup in-reg] enable_cycle -> _90826_/D : -23.573509
[setup in-reg] enable_cycle -> _90827_/D : -23.573509
[setup in-reg] enable_cycle -> _90828_/D : -23.573509
[setup in-reg] enable_cycle -> _90829_/D : -23.573509
[setup in-reg] enable_cycle -> _90830_/D : -23.573509
[setup in-reg] enable_cycle -> _90831_/D : -23.573509
[setup in-reg] enable_cycle -> _90832_/D : -23.573509
[setup in-reg] enable_cycle -> _90833_/D : -23.573509
[setup in-reg] enable_cycle -> _90834_/D : -23.573509
[setup in-reg] enable_cycle -> _90835_/D : -23.573509
[setup in-reg] enable_cycle -> _90836_/D : -23.573509
[setup in-reg] enable_cycle -> _90837_/D : -23.573509
[setup in-reg] enable_cycle -> _90838_/D : -23.573509
[setup in-reg] enable_cycle -> _90839_/D : -23.573509
[setup in-reg] enable_cycle -> _90840_/D : -23.573509
[setup in-reg] enable_cycle -> _90841_/D : -23.573509
[setup in-reg] enable_cycle -> _90842_/D : -23.573509
[setup in-reg] enable_cycle -> _90843_/D : -23.573509
[setup in-reg] enable_cycle -> _90844_/D : -23.573509
[setup in-reg] enable_cycle -> _90907_/D : -23.573509
[setup in-reg] enable_cycle -> _90908_/D : -23.573509
[setup in-reg] enable_cycle -> _90909_/D : -23.573509
[setup in-reg] enable_cycle -> _90910_/D : -23.573509
[setup in-reg] enable_cycle -> _90911_/D : -23.573509
[setup in-reg] enable_cycle -> _90912_/D : -23.573509
[setup in-reg] enable_cycle -> _90913_/D : -23.573509
[setup in-reg] enable_cycle -> _90914_/D : -23.573509
[setup in-reg] enable_cycle -> _90915_/D : -23.573509
[setup in-reg] enable_cycle -> _90916_/D : -23.573509
[setup in-reg] enable_cycle -> _90917_/D : -23.573509
[setup in-reg] enable_cycle -> _90918_/D : -23.573509
[setup in-reg] enable_cycle -> _90919_/D : -23.573509
[setup in-reg] enable_cycle -> _90920_/D : -23.573509
[setup in-reg] enable_cycle -> _90921_/D : -23.573509
[setup in-reg] enable_cycle -> _90922_/D : -23.573509
[setup in-reg] enable_cycle -> _90923_/D : -23.573509
[setup in-reg] enable_cycle -> _90924_/D : -23.573509
[setup in-reg] enable_cycle -> _90925_/D : -23.573509
[setup in-reg] enable_cycle -> _90926_/D : -23.573509
[setup in-reg] enable_cycle -> _90927_/D : -23.573509
[setup in-reg] enable_cycle -> _90928_/D : -23.573509
[setup in-reg] enable_cycle -> _90929_/D : -23.573509
[setup in-reg] enable_cycle -> _90930_/D : -23.573509
[setup in-reg] enable_cycle -> _90931_/D : -23.573509
[setup in-reg] enable_cycle -> _90932_/D : -23.573509
[setup in-reg] enable_cycle -> _91031_/D : -23.573509
[setup in-reg] enable_cycle -> _91032_/D : -23.573509
[setup in-reg] enable_cycle -> _91033_/D : -23.573509
[setup in-reg] enable_cycle -> _91034_/D : -23.573509
[setup in-reg] enable_cycle -> _91035_/D : -23.573509
[setup in-reg] enable_cycle -> _91036_/D : -23.573509
[setup in-reg] enable_cycle -> _91037_/D : -23.573509
[setup in-reg] enable_cycle -> _91038_/D : -23.573509
[setup in-reg] enable_cycle -> _91039_/D : -23.573509
[setup in-reg] enable_cycle -> _91040_/D : -23.573509
[setup in-reg] enable_cycle -> _91041_/D : -23.573509
[setup in-reg] enable_cycle -> _91042_/D : -23.573509
[setup in-reg] enable_cycle -> _91043_/D : -23.573509
[setup in-reg] enable_cycle -> _91044_/D : -23.573509
[setup in-reg] enable_cycle -> _91045_/D : -23.573509
[setup in-reg] enable_cycle -> _91046_/D : -23.573509
[setup in-reg] enable_cycle -> _91047_/D : -23.573509
[setup in-reg] enable_cycle -> _91048_/D : -23.573509
[setup in-reg] enable_cycle -> _91049_/D : -23.573509
[setup in-reg] enable_cycle -> _91050_/D : -23.573509
[setup in-reg] enable_cycle -> _91059_/D : -23.573509
[setup in-reg] enable_cycle -> _91060_/D : -23.573509
[setup in-reg] enable_cycle -> _91061_/D : -23.573509
[setup in-reg] enable_cycle -> _91062_/D : -23.573509
[setup in-reg] enable_cycle -> _91063_/D : -23.573509
[setup in-reg] enable_cycle -> _91064_/D : -23.573509
[setup in-reg] enable_cycle -> _91065_/D : -23.573509
[setup in-reg] enable_cycle -> _91066_/D : -23.573509
[setup in-reg] enable_cycle -> _91067_/D : -23.573509
[setup in-reg] enable_cycle -> _91068_/D : -23.573509
[setup in-reg] enable_cycle -> _91069_/D : -23.573509
[setup in-reg] enable_cycle -> _91070_/D : -23.573509
[setup in-reg] enable_cycle -> _91071_/D : -23.573509
[setup in-reg] enable_cycle -> _91072_/D : -23.573509
[setup in-reg] enable_cycle -> _91073_/D : -23.573509
[setup in-reg] enable_cycle -> _91074_/D : -23.573509
[setup in-reg] enable_cycle -> _91075_/D : -23.573509
[setup in-reg] enable_cycle -> _91076_/D : -23.573509
[setup in-reg] enable_cycle -> _91077_/D : -23.573509
[setup in-reg] enable_cycle -> _91078_/D : -23.573509
[setup in-reg] enable_cycle -> _91079_/D : -23.573509
[setup in-reg] enable_cycle -> _91080_/D : -23.573509
[setup in-reg] enable_cycle -> _91081_/D : -23.573509
[setup in-reg] enable_cycle -> _91082_/D : -23.573509
[setup in-reg] enable_cycle -> _91083_/D : -23.573509
[setup in-reg] enable_cycle -> _91084_/D : -23.573509
[setup in-reg] enable_cycle -> _91085_/D : -23.573509
[setup in-reg] enable_cycle -> _91150_/D : -23.573509
[setup in-reg] enable_cycle -> _91151_/D : -23.573509
[setup in-reg] enable_cycle -> _91152_/D : -23.573509
[setup in-reg] enable_cycle -> _91153_/D : -23.573509
[setup in-reg] enable_cycle -> _91154_/D : -23.573509
[setup in-reg] enable_cycle -> _91155_/D : -23.573509
[setup in-reg] enable_cycle -> _91156_/D : -23.573509
[setup in-reg] enable_cycle -> _91157_/D : -23.573509
[setup in-reg] enable_cycle -> _91158_/D : -23.573509
[setup in-reg] enable_cycle -> _91159_/D : -23.573509
[setup in-reg] enable_cycle -> _91160_/D : -23.573509
[setup in-reg] enable_cycle -> _91161_/D : -23.573509
[setup in-reg] enable_cycle -> _91162_/D : -23.573509
[setup in-reg] enable_cycle -> _91163_/D : -23.573509
[setup in-reg] enable_cycle -> _91164_/D : -23.573509
[setup in-reg] enable_cycle -> _91165_/D : -23.573509
[setup in-reg] enable_cycle -> _91166_/D : -23.573509
[setup in-reg] enable_cycle -> _91167_/D : -23.573509
[setup in-reg] enable_cycle -> _91168_/D : -23.573509
[setup in-reg] enable_cycle -> _91169_/D : -23.573509
[setup in-reg] enable_cycle -> _91170_/D : -23.573509
[setup in-reg] enable_cycle -> _91171_/D : -23.573509
[setup in-reg] enable_cycle -> _91172_/D : -23.573509
[setup in-reg] enable_cycle -> _91173_/D : -23.573509
[setup in-reg] enable_cycle -> _91174_/D : -23.573509
[setup in-reg] enable_cycle -> _91175_/D : -23.573509
[setup in-reg] enable_cycle -> _91176_/D : -23.573509
[setup in-reg] enable_cycle -> _91241_/D : -23.573509
[setup in-reg] enable_cycle -> _91242_/D : -23.573509
[setup in-reg] enable_cycle -> _91243_/D : -23.573509
[setup in-reg] enable_cycle -> _91244_/D : -23.573509
[setup in-reg] enable_cycle -> _91245_/D : -23.573509
[setup in-reg] enable_cycle -> _91246_/D : -23.573509
[setup in-reg] enable_cycle -> _91247_/D : -23.573509
[setup in-reg] enable_cycle -> _91248_/D : -23.573509
[setup in-reg] enable_cycle -> _91249_/D : -23.573509
[setup in-reg] enable_cycle -> _91250_/D : -23.573509
[setup in-reg] enable_cycle -> _91251_/D : -23.573509
[setup in-reg] enable_cycle -> _91252_/D : -23.573509
[setup in-reg] enable_cycle -> _91253_/D : -23.573509
[setup in-reg] enable_cycle -> _91254_/D : -23.573509
[setup in-reg] enable_cycle -> _91255_/D : -23.573509
[setup in-reg] enable_cycle -> _91256_/D : -23.573509
[setup in-reg] enable_cycle -> _91257_/D : -23.573509
[setup in-reg] enable_cycle -> _91258_/D : -23.573509
[setup in-reg] enable_cycle -> _91259_/D : -23.573509
[setup in-reg] enable_cycle -> _91260_/D : -23.573509
[setup in-reg] enable_cycle -> _91261_/D : -23.573509
[setup in-reg] enable_cycle -> _91262_/D : -23.573509
[setup in-reg] enable_cycle -> _91263_/D : -23.573509
[setup in-reg] enable_cycle -> _91264_/D : -23.573509
[setup in-reg] enable_cycle -> _91265_/D : -23.573509
[setup in-reg] enable_cycle -> _91266_/D : -23.573509
[setup in-reg] enable_cycle -> _91267_/D : -23.573509
[setup in-reg] enable_cycle -> _91332_/D : -23.573509
[setup in-reg] enable_cycle -> _91333_/D : -23.573509
[setup in-reg] enable_cycle -> _91334_/D : -23.573509
[setup in-reg] enable_cycle -> _91335_/D : -23.573509
[setup in-reg] enable_cycle -> _91336_/D : -23.573509
[setup in-reg] enable_cycle -> _91337_/D : -23.573509
[setup in-reg] enable_cycle -> _91338_/D : -23.573509
[setup in-reg] enable_cycle -> _91339_/D : -23.573509
[setup in-reg] enable_cycle -> _91340_/D : -23.573509
[setup in-reg] enable_cycle -> _91341_/D : -23.573509
[setup in-reg] enable_cycle -> _91342_/D : -23.573509
[setup in-reg] enable_cycle -> _91343_/D : -23.573509
[setup in-reg] enable_cycle -> _91344_/D : -23.573509
[setup in-reg] enable_cycle -> _91345_/D : -23.573509
[setup in-reg] enable_cycle -> _91346_/D : -23.573509
[setup in-reg] enable_cycle -> _91347_/D : -23.573509
[setup in-reg] enable_cycle -> _91348_/D : -23.573509
[setup in-reg] enable_cycle -> _91349_/D : -23.573509
[setup in-reg] enable_cycle -> _91350_/D : -23.573509
[setup in-reg] enable_cycle -> _91351_/D : -23.573509
[setup in-reg] enable_cycle -> _91352_/D : -23.573509
[setup in-reg] enable_cycle -> _91353_/D : -23.573509
[setup in-reg] enable_cycle -> _91354_/D : -23.573509
[setup in-reg] enable_cycle -> _91355_/D : -23.573509
[setup in-reg] enable_cycle -> _91356_/D : -23.573509
[setup in-reg] enable_cycle -> _91357_/D : -23.573509
[setup in-reg] enable_cycle -> _91358_/D : -23.573509
[setup in-reg] enable_cycle -> _91423_/D : -23.573509
[setup in-reg] enable_cycle -> _91424_/D : -23.573509
[setup in-reg] enable_cycle -> _91425_/D : -23.573509
[setup in-reg] enable_cycle -> _91426_/D : -23.573509
[setup in-reg] enable_cycle -> _91427_/D : -23.573509
[setup in-reg] enable_cycle -> _91428_/D : -23.573509
[setup in-reg] enable_cycle -> _91429_/D : -23.573509
[setup in-reg] enable_cycle -> _91430_/D : -23.573509
[setup in-reg] enable_cycle -> _91431_/D : -23.573509
[setup in-reg] enable_cycle -> _91432_/D : -23.573509
[setup in-reg] enable_cycle -> _91433_/D : -23.573509
[setup in-reg] enable_cycle -> _91434_/D : -23.573509
[setup in-reg] enable_cycle -> _91435_/D : -23.573509
[setup in-reg] enable_cycle -> _91436_/D : -23.573509
[setup in-reg] enable_cycle -> _91437_/D : -23.573509
[setup in-reg] enable_cycle -> _91438_/D : -23.573509
[setup in-reg] enable_cycle -> _91439_/D : -23.573509
[setup in-reg] enable_cycle -> _91440_/D : -23.573509
[setup in-reg] enable_cycle -> _91441_/D : -23.573509
[setup in-reg] enable_cycle -> _91442_/D : -23.573509
[setup in-reg] enable_cycle -> _91443_/D : -23.573509
[setup in-reg] enable_cycle -> _91444_/D : -23.573509
[setup in-reg] enable_cycle -> _91445_/D : -23.573509
[setup in-reg] enable_cycle -> _91446_/D : -23.573509
[setup in-reg] enable_cycle -> _91447_/D : -23.573509
[setup in-reg] enable_cycle -> _91448_/D : -23.573509
[setup in-reg] enable_cycle -> _91449_/D : -23.573509
[setup in-reg] enable_cycle -> _91514_/D : -23.573509
[setup in-reg] enable_cycle -> _91515_/D : -23.573509
[setup in-reg] enable_cycle -> _91516_/D : -23.573509
[setup in-reg] enable_cycle -> _91517_/D : -23.573509
[setup in-reg] enable_cycle -> _91518_/D : -23.573509
[setup in-reg] enable_cycle -> _91519_/D : -23.573509
[setup in-reg] enable_cycle -> _91520_/D : -23.573509
[setup in-reg] enable_cycle -> _91521_/D : -23.573509
[setup in-reg] enable_cycle -> _91522_/D : -23.573509
[setup in-reg] enable_cycle -> _91523_/D : -23.573509
[setup in-reg] enable_cycle -> _91524_/D : -23.573509
[setup in-reg] enable_cycle -> _91525_/D : -23.573509
[setup in-reg] enable_cycle -> _91526_/D : -23.573509
[setup in-reg] enable_cycle -> _91527_/D : -23.573509
[setup in-reg] enable_cycle -> _91528_/D : -23.573509
[setup in-reg] enable_cycle -> _91529_/D : -23.573509
[setup in-reg] enable_cycle -> _91530_/D : -23.573509
[setup in-reg] enable_cycle -> _91531_/D : -23.573509
[setup in-reg] enable_cycle -> _91532_/D : -23.573509
[setup in-reg] enable_cycle -> _91533_/D : -23.573509
[setup in-reg] enable_cycle -> _91534_/D : -23.573509
[setup in-reg] enable_cycle -> _91535_/D : -23.573509
[setup in-reg] enable_cycle -> _91536_/D : -23.573509
[setup in-reg] enable_cycle -> _91537_/D : -23.573509
[setup in-reg] enable_cycle -> _91538_/D : -23.573509
[setup in-reg] enable_cycle -> _91539_/D : -23.573509
[setup in-reg] enable_cycle -> _91540_/D : -23.573509
[setup in-reg] enable_cycle -> _91561_/D : -23.573509
[setup in-reg] enable_cycle -> _91605_/D : -23.573509
[setup in-reg] enable_cycle -> _91606_/D : -23.573509
[setup in-reg] enable_cycle -> _91607_/D : -23.573509
[setup in-reg] enable_cycle -> _91608_/D : -23.573509
[setup in-reg] enable_cycle -> _91609_/D : -23.573509
[setup in-reg] enable_cycle -> _91610_/D : -23.573509
[setup in-reg] enable_cycle -> _91611_/D : -23.573509
[setup in-reg] enable_cycle -> _91612_/D : -23.573509
[setup in-reg] enable_cycle -> _91613_/D : -23.573509
[setup in-reg] enable_cycle -> _91614_/D : -23.573509
[setup in-reg] enable_cycle -> _91615_/D : -23.573509
[setup in-reg] enable_cycle -> _91616_/D : -23.573509
[setup in-reg] enable_cycle -> _91617_/D : -23.573509
[setup in-reg] enable_cycle -> _91618_/D : -23.573509
[setup in-reg] enable_cycle -> _91619_/D : -23.573509
[setup in-reg] enable_cycle -> _91620_/D : -23.573509
[setup in-reg] enable_cycle -> _91621_/D : -23.573509
[setup in-reg] enable_cycle -> _91622_/D : -23.573509
[setup in-reg] enable_cycle -> _91623_/D : -23.573509
[setup in-reg] enable_cycle -> _91624_/D : -23.573509
[setup in-reg] enable_cycle -> _91625_/D : -23.573509
[setup in-reg] enable_cycle -> _91626_/D : -23.573509
[setup in-reg] enable_cycle -> _91627_/D : -23.573509
[setup in-reg] enable_cycle -> _91628_/D : -23.573509
[setup in-reg] enable_cycle -> _91629_/D : -23.573509
[setup in-reg] enable_cycle -> _91630_/D : -23.573509
[setup in-reg] enable_cycle -> _91631_/D : -23.573509
[setup in-reg] enable_cycle -> _91733_/D : -23.573509
[setup in-reg] enable_cycle -> _91734_/D : -23.573509
[setup in-reg] enable_cycle -> _91735_/D : -23.573509
[setup in-reg] enable_cycle -> _91736_/D : -23.573509
[setup in-reg] enable_cycle -> _91737_/D : -23.573509
[setup in-reg] enable_cycle -> _91738_/D : -23.573509
[setup in-reg] enable_cycle -> _91739_/D : -23.573509
[setup in-reg] enable_cycle -> _91740_/D : -23.573509
[setup in-reg] enable_cycle -> _91741_/D : -23.573509
[setup in-reg] enable_cycle -> _91742_/D : -23.573509
[setup in-reg] enable_cycle -> _91743_/D : -23.573509
[setup in-reg] enable_cycle -> _91744_/D : -23.573509
[setup in-reg] enable_cycle -> _91745_/D : -23.573509
[setup in-reg] enable_cycle -> _91746_/D : -23.573509
[setup in-reg] enable_cycle -> _91747_/D : -23.573509
[setup in-reg] enable_cycle -> _91748_/D : -23.573509
[setup in-reg] enable_cycle -> _91749_/D : -23.573509
[setup in-reg] enable_cycle -> _91750_/D : -23.573509
[setup in-reg] enable_cycle -> _91751_/D : -23.573509
[setup in-reg] enable_cycle -> _91752_/D : -23.573509
[setup in-reg] enable_cycle -> _91753_/D : -23.573509
[setup in-reg] enable_cycle -> _91762_/D : -23.573509
[setup in-reg] enable_cycle -> _91763_/D : -23.573509
[setup in-reg] enable_cycle -> _91764_/D : -23.573509
[setup in-reg] enable_cycle -> _91765_/D : -23.573509
[setup in-reg] enable_cycle -> _91766_/D : -23.573509
[setup in-reg] enable_cycle -> _91767_/D : -23.573509
[setup in-reg] enable_cycle -> _91768_/D : -23.573509
[setup in-reg] enable_cycle -> _91769_/D : -23.573509
[setup in-reg] enable_cycle -> _91770_/D : -23.573509
[setup in-reg] enable_cycle -> _91771_/D : -23.573509
[setup in-reg] enable_cycle -> _91772_/D : -23.573509
[setup in-reg] enable_cycle -> _91773_/D : -23.573509
[setup in-reg] enable_cycle -> _91774_/D : -23.573509
[setup in-reg] enable_cycle -> _91775_/D : -23.573509
[setup in-reg] enable_cycle -> _91776_/D : -23.573509
[setup in-reg] enable_cycle -> _91777_/D : -23.573509
[setup in-reg] enable_cycle -> _91778_/D : -23.573509
[setup in-reg] enable_cycle -> _91779_/D : -23.573509
[setup in-reg] enable_cycle -> _91780_/D : -23.573509
[setup in-reg] enable_cycle -> _91781_/D : -23.573509
[setup in-reg] enable_cycle -> _91782_/D : -23.573509
[setup in-reg] enable_cycle -> _91783_/D : -23.573509
[setup in-reg] enable_cycle -> _91784_/D : -23.573509
[setup in-reg] enable_cycle -> _91785_/D : -23.573509
[setup in-reg] enable_cycle -> _91786_/D : -23.573509
[setup in-reg] enable_cycle -> _91787_/D : -23.573509
[setup in-reg] enable_cycle -> _91788_/D : -23.573509
[setup in-reg] enable_cycle -> _91789_/D : -23.573509
[setup in-reg] enable_cycle -> _91811_/D : -23.573509
[setup in-reg] enable_cycle -> _91856_/D : -23.573509
[setup in-reg] enable_cycle -> _91857_/D : -23.573509
[setup in-reg] enable_cycle -> _91858_/D : -23.573509
[setup in-reg] enable_cycle -> _91859_/D : -23.573509
[setup in-reg] enable_cycle -> _91860_/D : -23.573509
[setup in-reg] enable_cycle -> _91861_/D : -23.573509
[setup in-reg] enable_cycle -> _91862_/D : -23.573509
[setup in-reg] enable_cycle -> _91863_/D : -23.573509
[setup in-reg] enable_cycle -> _91864_/D : -23.573509
[setup in-reg] enable_cycle -> _91865_/D : -23.573509
[setup in-reg] enable_cycle -> _91866_/D : -23.573509
[setup in-reg] enable_cycle -> _91867_/D : -23.573509
[setup in-reg] enable_cycle -> _91868_/D : -23.573509
[setup in-reg] enable_cycle -> _91869_/D : -23.573509
[setup in-reg] enable_cycle -> _91870_/D : -23.573509
[setup in-reg] enable_cycle -> _91871_/D : -23.573509
[setup in-reg] enable_cycle -> _91872_/D : -23.573509
[setup in-reg] enable_cycle -> _91873_/D : -23.573509
[setup in-reg] enable_cycle -> _91874_/D : -23.573509
[setup in-reg] enable_cycle -> _91875_/D : -23.573509
[setup in-reg] enable_cycle -> _91876_/D : -23.573509
[setup in-reg] enable_cycle -> _91877_/D : -23.573509
[setup in-reg] enable_cycle -> _91878_/D : -23.573509
[setup in-reg] enable_cycle -> _91879_/D : -23.573509
[setup in-reg] enable_cycle -> _91880_/D : -23.573509
[setup in-reg] enable_cycle -> _91881_/D : -23.573509
[setup in-reg] enable_cycle -> _91882_/D : -23.573509
[setup in-reg] enable_cycle -> _91883_/D : -23.573509
[setup in-reg] enable_cycle -> _91950_/D : -23.573509
[setup in-reg] enable_cycle -> _91951_/D : -23.573509
[setup in-reg] enable_cycle -> _91952_/D : -23.573509
[setup in-reg] enable_cycle -> _91953_/D : -23.573509
[setup in-reg] enable_cycle -> _91954_/D : -23.573509
[setup in-reg] enable_cycle -> _91955_/D : -23.573509
[setup in-reg] enable_cycle -> _91956_/D : -23.573509
[setup in-reg] enable_cycle -> _91957_/D : -23.573509
[setup in-reg] enable_cycle -> _91997_/D : -23.573509
[setup in-reg] enable_cycle -> _91998_/D : -23.573509
[setup in-reg] enable_cycle -> _91999_/D : -23.573509
[setup in-reg] enable_cycle -> _92000_/D : -23.573509
[setup in-reg] enable_cycle -> _92001_/D : -23.573509
[setup in-reg] enable_cycle -> _92002_/D : -23.573509
[setup in-reg] enable_cycle -> _92003_/D : -23.573509
[setup in-reg] enable_cycle -> _92004_/D : -23.573509
[setup in-reg] enable_cycle -> _92005_/D : -23.573509
[setup in-reg] enable_cycle -> _92006_/D : -23.573509
[setup in-reg] enable_cycle -> _92007_/D : -23.573509
[setup in-reg] enable_cycle -> _92008_/D : -23.573509
[setup in-reg] enable_cycle -> _92009_/D : -23.573509
[setup in-reg] enable_cycle -> _92010_/D : -23.573509
[setup in-reg] enable_cycle -> _92011_/D : -23.573509
[setup in-reg] enable_cycle -> _92012_/D : -23.573509
[setup in-reg] enable_cycle -> _92013_/D : -23.573509
[setup in-reg] enable_cycle -> _92014_/D : -23.573509
[setup in-reg] enable_cycle -> _92015_/D : -23.573509
[setup in-reg] enable_cycle -> _92016_/D : -23.573509
[setup in-reg] enable_cycle -> _92083_/D : -23.573509
[setup in-reg] enable_cycle -> _92084_/D : -23.573509
[setup in-reg] enable_cycle -> _92085_/D : -23.573509
[setup in-reg] enable_cycle -> _92086_/D : -23.573509
[setup in-reg] enable_cycle -> _92087_/D : -23.573509
[setup in-reg] enable_cycle -> _92088_/D : -23.573509
[setup in-reg] enable_cycle -> _92089_/D : -23.573509
[setup in-reg] enable_cycle -> _92090_/D : -23.573509
[setup in-reg] enable_cycle -> _92134_/D : -23.573509
[setup in-reg] enable_cycle -> _92135_/D : -23.573509
[setup in-reg] enable_cycle -> _92136_/D : -23.573509
[setup in-reg] enable_cycle -> _92137_/D : -23.573509
[setup in-reg] enable_cycle -> _92138_/D : -23.573509
[setup in-reg] enable_cycle -> _92139_/D : -23.573509
[setup in-reg] enable_cycle -> _92140_/D : -23.573509
[setup in-reg] enable_cycle -> _92141_/D : -23.573509
[setup in-reg] enable_cycle -> _92142_/D : -23.573509
[setup in-reg] enable_cycle -> _92143_/D : -23.573509
[setup in-reg] enable_cycle -> _92144_/D : -23.573509
[setup in-reg] enable_cycle -> _92145_/D : -23.573509
[setup in-reg] enable_cycle -> _92146_/D : -23.573509
[setup in-reg] enable_cycle -> _92147_/D : -23.573509
[setup in-reg] enable_cycle -> _92148_/D : -23.573509
[setup in-reg] enable_cycle -> _92149_/D : -23.573509
[setup in-reg] enable_cycle -> _92150_/D : -23.573509
[setup in-reg] enable_cycle -> _92151_/D : -23.573509
[setup in-reg] enable_cycle -> _92152_/D : -23.573509
[setup in-reg] enable_cycle -> _92153_/D : -23.573509
[setup in-reg] enable_cycle -> _92220_/D : -23.573509
[setup in-reg] enable_cycle -> _92221_/D : -23.573509
[setup in-reg] enable_cycle -> _92222_/D : -23.573509
[setup in-reg] enable_cycle -> _92223_/D : -23.573509
[setup in-reg] enable_cycle -> _92224_/D : -23.573509
[setup in-reg] enable_cycle -> _92225_/D : -23.573509
[setup in-reg] enable_cycle -> _92226_/D : -23.573509
[setup in-reg] enable_cycle -> _92227_/D : -23.573509
[setup in-reg] enable_cycle -> _92329_/D : -23.573509
[setup in-reg] enable_cycle -> _92330_/D : -23.573509
[setup in-reg] enable_cycle -> _92331_/D : -23.573509
[setup in-reg] enable_cycle -> _92332_/D : -23.573509
[setup in-reg] enable_cycle -> _92333_/D : -23.573509
[setup in-reg] enable_cycle -> _92334_/D : -23.573509
[setup in-reg] enable_cycle -> _92335_/D : -23.573509
[setup in-reg] enable_cycle -> _92336_/D : -23.573509
[setup in-reg] enable_cycle -> _92337_/D : -23.573509
[setup in-reg] enable_cycle -> _92338_/D : -23.573509
[setup in-reg] enable_cycle -> _92339_/D : -23.573509
[setup in-reg] enable_cycle -> _92340_/D : -23.573509
[setup in-reg] enable_cycle -> _92341_/D : -23.573509
[setup in-reg] enable_cycle -> _92342_/D : -23.573509
[setup in-reg] enable_cycle -> _92343_/D : -23.573509
[setup in-reg] enable_cycle -> _92344_/D : -23.573509
[setup in-reg] enable_cycle -> _92345_/D : -23.573509
[setup in-reg] enable_cycle -> _92346_/D : -23.573509
[setup in-reg] enable_cycle -> _92347_/D : -23.573509
[setup in-reg] enable_cycle -> _92348_/D : -23.573509
[setup in-reg] enable_cycle -> _92415_/D : -23.573509
[setup in-reg] enable_cycle -> _92416_/D : -23.573509
[setup in-reg] enable_cycle -> _92417_/D : -23.573509
[setup in-reg] enable_cycle -> _92418_/D : -23.573509
[setup in-reg] enable_cycle -> _92419_/D : -23.573509
[setup in-reg] enable_cycle -> _92420_/D : -23.573509
[setup in-reg] enable_cycle -> _92421_/D : -23.573509
[setup in-reg] enable_cycle -> _92422_/D : -23.573509
[setup in-reg] enable_cycle -> _92498_/D : -23.573509
[setup in-reg] enable_cycle -> _92499_/D : -23.573509
[setup in-reg] enable_cycle -> _92500_/D : -23.573509
[setup in-reg] enable_cycle -> _92501_/D : -23.573509
[setup in-reg] enable_cycle -> _92502_/D : -23.573509
[setup in-reg] enable_cycle -> _92503_/D : -23.573509
[setup in-reg] enable_cycle -> _92504_/D : -23.573509
[setup in-reg] enable_cycle -> _92505_/D : -23.573509
[setup in-reg] enable_cycle -> _92506_/D : -23.573509
[setup in-reg] enable_cycle -> _92507_/D : -23.573509
[setup in-reg] enable_cycle -> _92508_/D : -23.573509
[setup in-reg] enable_cycle -> _92509_/D : -23.573509
[setup in-reg] enable_cycle -> _92510_/D : -23.573509
[setup in-reg] enable_cycle -> _92511_/D : -23.573509
[setup in-reg] enable_cycle -> _92512_/D : -23.573509
[setup in-reg] enable_cycle -> _92513_/D : -23.573509
[setup in-reg] enable_cycle -> _92514_/D : -23.573509
[setup in-reg] enable_cycle -> _92515_/D : -23.573509
[setup in-reg] enable_cycle -> _92516_/D : -23.573509
[setup in-reg] enable_cycle -> _92517_/D : -23.573509
[setup in-reg] enable_cycle -> _92584_/D : -23.573509
[setup in-reg] enable_cycle -> _92585_/D : -23.573509
[setup in-reg] enable_cycle -> _92586_/D : -23.573509
[setup in-reg] enable_cycle -> _92587_/D : -23.573509
[setup in-reg] enable_cycle -> _92588_/D : -23.573509
[setup in-reg] enable_cycle -> _92589_/D : -23.573509
[setup in-reg] enable_cycle -> _92590_/D : -23.573509
[setup in-reg] enable_cycle -> _92591_/D : -23.573509
[setup in-reg] enable_cycle -> _88303_/D : -23.527443
[setup in-reg] enable_cycle -> _88304_/D : -23.527443
[setup in-reg] enable_cycle -> _88305_/D : -23.527443
[setup in-reg] enable_cycle -> _88306_/D : -23.527443
[setup in-reg] enable_cycle -> _88307_/D : -23.527443
[setup in-reg] enable_cycle -> _88308_/D : -23.527443
[setup in-reg] enable_cycle -> _88309_/D : -23.527443
[setup in-reg] enable_cycle -> _88310_/D : -23.527443
[setup in-reg] enable_cycle -> _88311_/D : -23.527443
[setup in-reg] enable_cycle -> _88312_/D : -23.527443
[setup in-reg] enable_cycle -> _88313_/D : -23.527443
[setup in-reg] enable_cycle -> _88314_/D : -23.527443
[setup in-reg] enable_cycle -> _88315_/D : -23.527443
[setup in-reg] enable_cycle -> _88316_/D : -23.527443
[setup in-reg] enable_cycle -> _88317_/D : -23.527443
[setup in-reg] enable_cycle -> _87063_/D : -23.442366
[setup in-reg] enable_cycle -> _87520_/D : -23.442366
[setup in-reg] enable_cycle -> _87820_/D : -23.442366
[setup in-reg] enable_cycle -> _89225_/D : -23.442366
[setup in-reg] enable_cycle -> _89307_/D : -23.442366
[setup in-reg] enable_cycle -> _89779_/D : -23.442366
[setup in-reg] enable_cycle -> _89864_/D : -23.442366
[setup in-reg] enable_cycle -> _90034_/D : -23.442366
[setup in-reg] enable_cycle -> _90438_/D : -23.442366
[setup in-reg] enable_cycle -> _90947_/D : -23.442366
[setup in-reg] enable_cycle -> _91120_/D : -23.442366
[setup in-reg] enable_cycle -> _91302_/D : -23.442366
[setup in-reg] enable_cycle -> _91484_/D : -23.442366
[setup in-reg] enable_cycle -> _91825_/D : -23.442366
[setup in-reg] enable_cycle -> _91919_/D : -23.442366
[setup in-reg] enable_cycle -> _92052_/D : -23.442366
[setup in-reg] enable_cycle -> _88008_/D : -23.425636
[setup in-reg] enable_cycle -> _86708_/D : -23.231089
[setup in-reg] enable_cycle -> _87060_/D : -23.004429
[setup in-reg] enable_cycle -> _88985_/D : -23.004429
[setup in-reg] enable_cycle -> _90521_/D : -23.004429
[setup in-reg] enable_cycle -> _92281_/D : -23.004429
[setup in-reg] enable_cycle -> _86747_/D : -22.916891
[setup in-reg] enable_cycle -> _86749_/D : -22.916891
[setup in-reg] enable_cycle -> _86963_/D : -22.916891
[setup in-reg] enable_cycle -> _87355_/D : -22.916891
[setup in-reg] enable_cycle -> _87422_/D : -22.916891
[setup in-reg] enable_cycle -> _87917_/D : -22.916891
[setup in-reg] enable_cycle -> _88353_/D : -22.916891
[setup in-reg] enable_cycle -> _88619_/D : -22.916891
[setup in-reg] enable_cycle -> _88683_/D : -22.916891
[setup in-reg] enable_cycle -> _89222_/D : -22.916891
[setup in-reg] enable_cycle -> _89308_/D : -22.916891
[setup in-reg] enable_cycle -> _89390_/D : -22.916891
[setup in-reg] enable_cycle -> _89472_/D : -22.916891
[setup in-reg] enable_cycle -> _89554_/D : -22.916891
[setup in-reg] enable_cycle -> _89693_/D : -22.916891
[setup in-reg] enable_cycle -> _90118_/D : -22.916891
[setup in-reg] enable_cycle -> _90205_/D : -22.916891
[setup in-reg] enable_cycle -> _90270_/D : -22.916891
[setup in-reg] enable_cycle -> _90525_/D : -22.916891
[setup in-reg] enable_cycle -> _90527_/D : -22.916891
[setup in-reg] enable_cycle -> _90611_/D : -22.916891
[setup in-reg] enable_cycle -> _90613_/D : -22.916891
[setup in-reg] enable_cycle -> _90879_/D : -22.916891
[setup in-reg] enable_cycle -> _91119_/D : -22.916891
[setup in-reg] enable_cycle -> _91390_/D : -22.916891
[setup in-reg] enable_cycle -> _91483_/D : -22.916891
[setup in-reg] enable_cycle -> _92051_/D : -22.916891
[setup in-reg] enable_cycle -> _92295_/D : -22.916891
[setup in-reg] enable_cycle -> _92381_/D : -22.916891
[setup in-reg] enable_cycle -> _91303_/D : -22.521843
[setup in-reg] enable_cycle -> _88684_/D : -22.361082
[setup in-reg] enable_cycle -> _92428_/D : -22.361082
[setup in-reg] enable_cycle -> _86748_/D : -22.280401
[setup in-reg] enable_cycle -> _86845_/D : -22.280401
[setup in-reg] enable_cycle -> _90614_/D : -22.280401
[setup in-reg] enable_cycle -> _90786_/D : -22.280401
[setup in-reg] enable_cycle -> _91211_/D : -22.280401
[setup in-reg] enable_cycle -> _87055_/D : -21.973886
[setup in-reg] enable_cycle -> _86683_/D : -21.858557
[setup in-reg] enable_cycle -> _87059_/D : -21.858557
[setup in-reg] enable_cycle -> _87816_/D : -21.858557
[setup in-reg] enable_cycle -> _88352_/D : -21.858557
[setup in-reg] enable_cycle -> _88745_/D : -21.858557
[setup in-reg] enable_cycle -> _89138_/D : -21.858557
[setup in-reg] enable_cycle -> _89139_/D : -21.858557
[setup in-reg] enable_cycle -> _89547_/D : -21.858557
[setup in-reg] enable_cycle -> _89613_/D : -21.858557
[setup in-reg] enable_cycle -> _89942_/D : -21.858557
[setup in-reg] enable_cycle -> _90781_/D : -21.858557
[setup in-reg] enable_cycle -> _91024_/D : -21.858557
[setup in-reg] enable_cycle -> _91115_/D : -21.858557
[setup in-reg] enable_cycle -> _91299_/D : -21.858557
[setup in-reg] enable_cycle -> _91481_/D : -21.858557
[setup in-reg] enable_cycle -> _91728_/D : -21.858557
[setup in-reg] enable_cycle -> _91820_/D : -21.858557
[setup in-reg] enable_cycle -> _92289_/D : -21.858557
[setup in-reg] enable_cycle -> _92300_/D : -21.858557
[setup in-reg] enable_cycle -> _92438_/D : -21.858557
[setup in-reg] enable_cycle -> _92495_/D : -21.858557
[setup in-reg] enable_cycle -> _92550_/D : -21.858557
[setup in-reg] enable_cycle -> _89131_/D : -21.771872
[setup in-reg] enable_cycle -> _89056_/D : -21.565895
