
===========================================================================
Violator List
============================================================================
[setup in-reg] enable_cycle -> _66425_/D : -124.578125
[setup in-reg] enable_cycle -> _63985_/D : -124.416588
[setup in-reg] enable_cycle -> _64787_/D : -124.416588
[setup in-reg] enable_cycle -> _65305_/D : -124.416588
[setup in-reg] enable_cycle -> _68410_/D : -124.416588
[setup in-reg] enable_cycle -> _69438_/D : -124.416588
[setup in-reg] enable_cycle -> _69282_/D : -123.818611
[setup in-reg] enable_cycle -> _63978_/D : -123.813370
[setup in-reg] enable_cycle -> _64542_/D : -123.813370
[setup in-reg] enable_cycle -> _64900_/D : -123.813370
[setup in-reg] enable_cycle -> _65004_/D : -123.813370
[setup in-reg] enable_cycle -> _65400_/D : -123.813370
[setup in-reg] enable_cycle -> _65586_/D : -123.813370
[setup in-reg] enable_cycle -> _67404_/D : -123.813370
[setup in-reg] enable_cycle -> _67489_/D : -123.813370
[setup in-reg] enable_cycle -> _68293_/D : -123.813370
[setup in-reg] enable_cycle -> _68297_/D : -123.813370
[setup in-reg] enable_cycle -> _68767_/D : -123.813370
[setup in-reg] enable_cycle -> _69294_/D : -123.813370
[setup in-reg] enable_cycle -> _69334_/D : -123.813370
[setup in-reg] enable_cycle -> _69408_/D : -123.813370
[setup in-reg] enable_cycle -> _69772_/D : -123.813370
[setup in-reg] enable_cycle -> _69835_/D : -123.813370
[setup in-reg] enable_cycle -> _69839_/D : -123.813370
[setup in-reg] enable_cycle -> _64635_/D : -123.550385
[setup in-reg] enable_cycle -> _64641_/D : -123.550385
[setup in-reg] enable_cycle -> _64646_/D : -123.550385
[setup in-reg] enable_cycle -> _65102_/D : -123.550385
[setup in-reg] enable_cycle -> _65105_/D : -123.550385
[setup in-reg] enable_cycle -> _65206_/D : -123.550385
[setup in-reg] enable_cycle -> _65409_/D : -123.550385
[setup in-reg] enable_cycle -> _65563_/D : -123.550385
[setup in-reg] enable_cycle -> _65574_/D : -123.550385
[setup in-reg] enable_cycle -> _66433_/D : -123.550385
[setup in-reg] enable_cycle -> _66511_/D : -123.550385
[setup in-reg] enable_cycle -> _66512_/D : -123.550385
[setup in-reg] enable_cycle -> _66676_/D : -123.550385
[setup in-reg] enable_cycle -> _66757_/D : -123.550385
[setup in-reg] enable_cycle -> _67898_/D : -123.550385
[setup in-reg] enable_cycle -> _68403_/D : -123.550385
[setup in-reg] enable_cycle -> _68500_/D : -123.550385
[setup in-reg] enable_cycle -> _68585_/D : -123.550385
[setup in-reg] enable_cycle -> _68678_/D : -123.550385
[setup in-reg] enable_cycle -> _68858_/D : -123.550385
[setup in-reg] enable_cycle -> _68864_/D : -123.550385
[setup in-reg] enable_cycle -> _68995_/D : -123.550385
[setup in-reg] enable_cycle -> _69107_/D : -123.550385
[setup in-reg] enable_cycle -> _69275_/D : -123.550385
[setup in-reg] enable_cycle -> _69413_/D : -123.550385
[setup in-reg] enable_cycle -> _69435_/D : -123.550385
[setup in-reg] enable_cycle -> _69471_/D : -123.550385
[setup in-reg] enable_cycle -> _69556_/D : -123.550385
[setup in-reg] enable_cycle -> _69768_/D : -123.550385
[setup in-reg] enable_cycle -> _63992_/D : -122.925560
[setup in-reg] enable_cycle -> _65579_/D : -122.925560
[setup in-reg] enable_cycle -> _68305_/D : -122.925560
[setup in-reg] enable_cycle -> _69287_/D : -122.925560
[setup in-reg] enable_cycle -> _69422_/D : -122.925560
[setup in-reg] enable_cycle -> _69561_/D : -122.925560
[setup in-reg] enable_cycle -> _63973_/D : -122.912186
[setup in-reg] enable_cycle -> _63990_/D : -122.912186
[setup in-reg] enable_cycle -> _64138_/D : -122.912186
[setup in-reg] enable_cycle -> _64140_/D : -122.912186
[setup in-reg] enable_cycle -> _64259_/D : -122.912186
[setup in-reg] enable_cycle -> _64261_/D : -122.912186
[setup in-reg] enable_cycle -> _64344_/D : -122.912186
[setup in-reg] enable_cycle -> _64356_/D : -122.912186
[setup in-reg] enable_cycle -> _64358_/D : -122.912186
[setup in-reg] enable_cycle -> _64453_/D : -122.912186
[setup in-reg] enable_cycle -> _64455_/D : -122.912186
[setup in-reg] enable_cycle -> _64538_/D : -122.912186
[setup in-reg] enable_cycle -> _64550_/D : -122.912186
[setup in-reg] enable_cycle -> _64552_/D : -122.912186
[setup in-reg] enable_cycle -> _64648_/D : -122.912186
[setup in-reg] enable_cycle -> _64912_/D : -122.912186
[setup in-reg] enable_cycle -> _64914_/D : -122.912186
[setup in-reg] enable_cycle -> _65012_/D : -122.912186
[setup in-reg] enable_cycle -> _65014_/D : -122.912186
[setup in-reg] enable_cycle -> _65112_/D : -122.912186
[setup in-reg] enable_cycle -> _65114_/D : -122.912186
[setup in-reg] enable_cycle -> _65212_/D : -122.912186
[setup in-reg] enable_cycle -> _65214_/D : -122.912186
[setup in-reg] enable_cycle -> _65412_/D : -122.912186
[setup in-reg] enable_cycle -> _65414_/D : -122.912186
[setup in-reg] enable_cycle -> _65577_/D : -122.912186
[setup in-reg] enable_cycle -> _65597_/D : -122.912186
[setup in-reg] enable_cycle -> _66424_/D : -122.912186
[setup in-reg] enable_cycle -> _66440_/D : -122.912186
[setup in-reg] enable_cycle -> _66522_/D : -122.912186
[setup in-reg] enable_cycle -> _66604_/D : -122.912186
[setup in-reg] enable_cycle -> _66686_/D : -122.912186
[setup in-reg] enable_cycle -> _66768_/D : -122.912186
[setup in-reg] enable_cycle -> _66834_/D : -122.912186
[setup in-reg] enable_cycle -> _66850_/D : -122.912186
[setup in-reg] enable_cycle -> _66973_/D : -122.912186
[setup in-reg] enable_cycle -> _67149_/D : -122.912186
[setup in-reg] enable_cycle -> _67810_/D : -122.912186
[setup in-reg] enable_cycle -> _68161_/D : -122.912186
[setup in-reg] enable_cycle -> _68415_/D : -122.912186
[setup in-reg] enable_cycle -> _68779_/D : -122.912186
[setup in-reg] enable_cycle -> _68870_/D : -122.912186
[setup in-reg] enable_cycle -> _69005_/D : -122.912186
[setup in-reg] enable_cycle -> _69111_/D : -122.912186
[setup in-reg] enable_cycle -> _69119_/D : -122.912186
[setup in-reg] enable_cycle -> _69200_/D : -122.912186
[setup in-reg] enable_cycle -> _69205_/D : -122.912186
[setup in-reg] enable_cycle -> _69213_/D : -122.912186
[setup in-reg] enable_cycle -> _69306_/D : -122.912186
[setup in-reg] enable_cycle -> _69420_/D : -122.912186
[setup in-reg] enable_cycle -> _69559_/D : -122.912186
[setup in-reg] enable_cycle -> _69774_/D : -122.912186
[setup in-reg] enable_cycle -> _63993_/D : -122.754204
[setup in-reg] enable_cycle -> _64794_/D : -122.754204
[setup in-reg] enable_cycle -> _64917_/D : -122.754204
[setup in-reg] enable_cycle -> _65017_/D : -122.754204
[setup in-reg] enable_cycle -> _65117_/D : -122.754204
[setup in-reg] enable_cycle -> _65217_/D : -122.754204
[setup in-reg] enable_cycle -> _65317_/D : -122.754204
[setup in-reg] enable_cycle -> _65417_/D : -122.754204
[setup in-reg] enable_cycle -> _65580_/D : -122.754204
[setup in-reg] enable_cycle -> _67076_/D : -122.754204
[setup in-reg] enable_cycle -> _67246_/D : -122.754204
[setup in-reg] enable_cycle -> _67331_/D : -122.754204
[setup in-reg] enable_cycle -> _67416_/D : -122.754204
[setup in-reg] enable_cycle -> _67501_/D : -122.754204
[setup in-reg] enable_cycle -> _67628_/D : -122.754204
[setup in-reg] enable_cycle -> _68306_/D : -122.754204
[setup in-reg] enable_cycle -> _69122_/D : -122.754204
[setup in-reg] enable_cycle -> _69216_/D : -122.754204
[setup in-reg] enable_cycle -> _69288_/D : -122.754204
[setup in-reg] enable_cycle -> _69349_/D : -122.754204
[setup in-reg] enable_cycle -> _69423_/D : -122.754204
[setup in-reg] enable_cycle -> _69445_/D : -122.754204
[setup in-reg] enable_cycle -> _69486_/D : -122.754204
[setup in-reg] enable_cycle -> _69562_/D : -122.754204
[setup in-reg] enable_cycle -> _69780_/D : -122.754204
[setup in-reg] enable_cycle -> _69850_/D : -122.754204
[setup in-reg] enable_cycle -> _63944_/D : -122.586960
[setup in-reg] enable_cycle -> _63945_/D : -122.586960
[setup in-reg] enable_cycle -> _63946_/D : -122.586960
[setup in-reg] enable_cycle -> _63947_/D : -122.586960
[setup in-reg] enable_cycle -> _63948_/D : -122.586960
[setup in-reg] enable_cycle -> _63949_/D : -122.586960
[setup in-reg] enable_cycle -> _63950_/D : -122.586960
[setup in-reg] enable_cycle -> _63951_/D : -122.586960
[setup in-reg] enable_cycle -> _63952_/D : -122.586960
[setup in-reg] enable_cycle -> _63953_/D : -122.586960
[setup in-reg] enable_cycle -> _63954_/D : -122.586960
[setup in-reg] enable_cycle -> _63955_/D : -122.586960
[setup in-reg] enable_cycle -> _63956_/D : -122.586960
[setup in-reg] enable_cycle -> _63957_/D : -122.586960
[setup in-reg] enable_cycle -> _63958_/D : -122.586960
[setup in-reg] enable_cycle -> _63959_/D : -122.586960
[setup in-reg] enable_cycle -> _63960_/D : -122.586960
[setup in-reg] enable_cycle -> _63961_/D : -122.586960
[setup in-reg] enable_cycle -> _63962_/D : -122.586960
[setup in-reg] enable_cycle -> _63963_/D : -122.586960
[setup in-reg] enable_cycle -> _63964_/D : -122.586960
[setup in-reg] enable_cycle -> _63975_/D : -122.586960
[setup in-reg] enable_cycle -> _63979_/D : -122.586960
[setup in-reg] enable_cycle -> _63980_/D : -122.586960
[setup in-reg] enable_cycle -> _63982_/D : -122.586960
[setup in-reg] enable_cycle -> _63983_/D : -122.586960
[setup in-reg] enable_cycle -> _64024_/D : -122.586960
[setup in-reg] enable_cycle -> _64025_/D : -122.586960
[setup in-reg] enable_cycle -> _64026_/D : -122.586960
[setup in-reg] enable_cycle -> _64027_/D : -122.586960
[setup in-reg] enable_cycle -> _64028_/D : -122.586960
[setup in-reg] enable_cycle -> _64029_/D : -122.586960
[setup in-reg] enable_cycle -> _64030_/D : -122.586960
[setup in-reg] enable_cycle -> _64031_/D : -122.586960
[setup in-reg] enable_cycle -> _64032_/D : -122.586960
[setup in-reg] enable_cycle -> _64033_/D : -122.586960
[setup in-reg] enable_cycle -> _64034_/D : -122.586960
[setup in-reg] enable_cycle -> _64035_/D : -122.586960
[setup in-reg] enable_cycle -> _64036_/D : -122.586960
[setup in-reg] enable_cycle -> _64037_/D : -122.586960
[setup in-reg] enable_cycle -> _64038_/D : -122.586960
[setup in-reg] enable_cycle -> _64039_/D : -122.586960
[setup in-reg] enable_cycle -> _64040_/D : -122.586960
[setup in-reg] enable_cycle -> _64041_/D : -122.586960
[setup in-reg] enable_cycle -> _64042_/D : -122.586960
[setup in-reg] enable_cycle -> _64043_/D : -122.586960
[setup in-reg] enable_cycle -> _64044_/D : -122.586960
[setup in-reg] enable_cycle -> _64045_/D : -122.586960
[setup in-reg] enable_cycle -> _64121_/D : -122.586960
[setup in-reg] enable_cycle -> _64123_/D : -122.586960
[setup in-reg] enable_cycle -> _64125_/D : -122.586960
[setup in-reg] enable_cycle -> _64127_/D : -122.586960
[setup in-reg] enable_cycle -> _64128_/D : -122.586960
[setup in-reg] enable_cycle -> _64242_/D : -122.586960
[setup in-reg] enable_cycle -> _64244_/D : -122.586960
[setup in-reg] enable_cycle -> _64249_/D : -122.586960
[setup in-reg] enable_cycle -> _64339_/D : -122.586960
[setup in-reg] enable_cycle -> _64343_/D : -122.586960
[setup in-reg] enable_cycle -> _64345_/D : -122.586960
[setup in-reg] enable_cycle -> _64346_/D : -122.586960
[setup in-reg] enable_cycle -> _64348_/D : -122.586960
[setup in-reg] enable_cycle -> _64436_/D : -122.586960
[setup in-reg] enable_cycle -> _64438_/D : -122.586960
[setup in-reg] enable_cycle -> _64439_/D : -122.586960
[setup in-reg] enable_cycle -> _64441_/D : -122.586960
[setup in-reg] enable_cycle -> _64442_/D : -122.586960
[setup in-reg] enable_cycle -> _64533_/D : -122.586960
[setup in-reg] enable_cycle -> _64535_/D : -122.586960
[setup in-reg] enable_cycle -> _64536_/D : -122.586960
[setup in-reg] enable_cycle -> _64540_/D : -122.586960
[setup in-reg] enable_cycle -> _64630_/D : -122.586960
[setup in-reg] enable_cycle -> _64632_/D : -122.586960
[setup in-reg] enable_cycle -> _64636_/D : -122.586960
[setup in-reg] enable_cycle -> _64637_/D : -122.586960
[setup in-reg] enable_cycle -> _64743_/D : -122.586960
[setup in-reg] enable_cycle -> _64744_/D : -122.586960
[setup in-reg] enable_cycle -> _64745_/D : -122.586960
[setup in-reg] enable_cycle -> _64746_/D : -122.586960
[setup in-reg] enable_cycle -> _64747_/D : -122.586960
[setup in-reg] enable_cycle -> _64748_/D : -122.586960
[setup in-reg] enable_cycle -> _64749_/D : -122.586960
[setup in-reg] enable_cycle -> _64750_/D : -122.586960
[setup in-reg] enable_cycle -> _64751_/D : -122.586960
[setup in-reg] enable_cycle -> _64752_/D : -122.586960
[setup in-reg] enable_cycle -> _64753_/D : -122.586960
[setup in-reg] enable_cycle -> _64754_/D : -122.586960
[setup in-reg] enable_cycle -> _64755_/D : -122.586960
[setup in-reg] enable_cycle -> _64756_/D : -122.586960
[setup in-reg] enable_cycle -> _64757_/D : -122.586960
[setup in-reg] enable_cycle -> _64758_/D : -122.586960
[setup in-reg] enable_cycle -> _64759_/D : -122.586960
[setup in-reg] enable_cycle -> _64760_/D : -122.586960
[setup in-reg] enable_cycle -> _64761_/D : -122.586960
[setup in-reg] enable_cycle -> _64762_/D : -122.586960
[setup in-reg] enable_cycle -> _64763_/D : -122.586960
[setup in-reg] enable_cycle -> _64764_/D : -122.586960
[setup in-reg] enable_cycle -> _64773_/D : -122.586960
[setup in-reg] enable_cycle -> _64780_/D : -122.586960
[setup in-reg] enable_cycle -> _64783_/D : -122.586960
[setup in-reg] enable_cycle -> _64795_/D : -122.586960
[setup in-reg] enable_cycle -> _64796_/D : -122.586960
[setup in-reg] enable_cycle -> _64797_/D : -122.586960
[setup in-reg] enable_cycle -> _64798_/D : -122.586960
[setup in-reg] enable_cycle -> _64799_/D : -122.586960
[setup in-reg] enable_cycle -> _64800_/D : -122.586960
[setup in-reg] enable_cycle -> _64801_/D : -122.586960
[setup in-reg] enable_cycle -> _64802_/D : -122.586960
[setup in-reg] enable_cycle -> _64803_/D : -122.586960
[setup in-reg] enable_cycle -> _64804_/D : -122.586960
[setup in-reg] enable_cycle -> _64805_/D : -122.586960
[setup in-reg] enable_cycle -> _64806_/D : -122.586960
[setup in-reg] enable_cycle -> _64807_/D : -122.586960
[setup in-reg] enable_cycle -> _64808_/D : -122.586960
[setup in-reg] enable_cycle -> _64809_/D : -122.586960
[setup in-reg] enable_cycle -> _64810_/D : -122.586960
[setup in-reg] enable_cycle -> _64811_/D : -122.586960
[setup in-reg] enable_cycle -> _64812_/D : -122.586960
[setup in-reg] enable_cycle -> _64813_/D : -122.586960
[setup in-reg] enable_cycle -> _64814_/D : -122.586960
[setup in-reg] enable_cycle -> _64815_/D : -122.586960
[setup in-reg] enable_cycle -> _64816_/D : -122.586960
[setup in-reg] enable_cycle -> _64817_/D : -122.586960
[setup in-reg] enable_cycle -> _64895_/D : -122.586960
[setup in-reg] enable_cycle -> _64902_/D : -122.586960
[setup in-reg] enable_cycle -> _64903_/D : -122.586960
[setup in-reg] enable_cycle -> _64904_/D : -122.586960
[setup in-reg] enable_cycle -> _64905_/D : -122.586960
[setup in-reg] enable_cycle -> _64913_/D : -122.586960
[setup in-reg] enable_cycle -> _64934_/D : -122.586960
[setup in-reg] enable_cycle -> _64935_/D : -122.586960
[setup in-reg] enable_cycle -> _64936_/D : -122.586960
[setup in-reg] enable_cycle -> _64937_/D : -122.586960
[setup in-reg] enable_cycle -> _64938_/D : -122.586960
[setup in-reg] enable_cycle -> _64939_/D : -122.586960
[setup in-reg] enable_cycle -> _64940_/D : -122.586960
[setup in-reg] enable_cycle -> _64941_/D : -122.586960
[setup in-reg] enable_cycle -> _64942_/D : -122.586960
[setup in-reg] enable_cycle -> _64943_/D : -122.586960
[setup in-reg] enable_cycle -> _64944_/D : -122.586960
[setup in-reg] enable_cycle -> _64945_/D : -122.586960
[setup in-reg] enable_cycle -> _64946_/D : -122.586960
[setup in-reg] enable_cycle -> _64947_/D : -122.586960
[setup in-reg] enable_cycle -> _64948_/D : -122.586960
[setup in-reg] enable_cycle -> _64949_/D : -122.586960
[setup in-reg] enable_cycle -> _64950_/D : -122.586960
[setup in-reg] enable_cycle -> _64951_/D : -122.586960
[setup in-reg] enable_cycle -> _64952_/D : -122.586960
[setup in-reg] enable_cycle -> _64953_/D : -122.586960
[setup in-reg] enable_cycle -> _64954_/D : -122.586960
[setup in-reg] enable_cycle -> _64955_/D : -122.586960
[setup in-reg] enable_cycle -> _64956_/D : -122.586960
[setup in-reg] enable_cycle -> _64995_/D : -122.586960
[setup in-reg] enable_cycle -> _64999_/D : -122.586960
[setup in-reg] enable_cycle -> _65000_/D : -122.586960
[setup in-reg] enable_cycle -> _65034_/D : -122.586960
[setup in-reg] enable_cycle -> _65035_/D : -122.586960
[setup in-reg] enable_cycle -> _65036_/D : -122.586960
[setup in-reg] enable_cycle -> _65037_/D : -122.586960
[setup in-reg] enable_cycle -> _65038_/D : -122.586960
[setup in-reg] enable_cycle -> _65039_/D : -122.586960
[setup in-reg] enable_cycle -> _65040_/D : -122.586960
[setup in-reg] enable_cycle -> _65041_/D : -122.586960
[setup in-reg] enable_cycle -> _65042_/D : -122.586960
[setup in-reg] enable_cycle -> _65043_/D : -122.586960
[setup in-reg] enable_cycle -> _65044_/D : -122.586960
[setup in-reg] enable_cycle -> _65045_/D : -122.586960
[setup in-reg] enable_cycle -> _65046_/D : -122.586960
[setup in-reg] enable_cycle -> _65047_/D : -122.586960
[setup in-reg] enable_cycle -> _65048_/D : -122.586960
[setup in-reg] enable_cycle -> _65049_/D : -122.586960
[setup in-reg] enable_cycle -> _65050_/D : -122.586960
[setup in-reg] enable_cycle -> _65051_/D : -122.586960
[setup in-reg] enable_cycle -> _65052_/D : -122.586960
[setup in-reg] enable_cycle -> _65053_/D : -122.586960
[setup in-reg] enable_cycle -> _65054_/D : -122.586960
[setup in-reg] enable_cycle -> _65055_/D : -122.586960
[setup in-reg] enable_cycle -> _65056_/D : -122.586960
[setup in-reg] enable_cycle -> _65095_/D : -122.586960
[setup in-reg] enable_cycle -> _65100_/D : -122.586960
[setup in-reg] enable_cycle -> _65104_/D : -122.586960
[setup in-reg] enable_cycle -> _65113_/D : -122.586960
[setup in-reg] enable_cycle -> _65134_/D : -122.586960
[setup in-reg] enable_cycle -> _65135_/D : -122.586960
[setup in-reg] enable_cycle -> _65136_/D : -122.586960
[setup in-reg] enable_cycle -> _65137_/D : -122.586960
[setup in-reg] enable_cycle -> _65138_/D : -122.586960
[setup in-reg] enable_cycle -> _65139_/D : -122.586960
[setup in-reg] enable_cycle -> _65140_/D : -122.586960
[setup in-reg] enable_cycle -> _65141_/D : -122.586960
[setup in-reg] enable_cycle -> _65142_/D : -122.586960
[setup in-reg] enable_cycle -> _65143_/D : -122.586960
[setup in-reg] enable_cycle -> _65144_/D : -122.586960
[setup in-reg] enable_cycle -> _65145_/D : -122.586960
[setup in-reg] enable_cycle -> _65146_/D : -122.586960
[setup in-reg] enable_cycle -> _65147_/D : -122.586960
[setup in-reg] enable_cycle -> _65148_/D : -122.586960
[setup in-reg] enable_cycle -> _65149_/D : -122.586960
[setup in-reg] enable_cycle -> _65150_/D : -122.586960
[setup in-reg] enable_cycle -> _65151_/D : -122.586960
[setup in-reg] enable_cycle -> _65152_/D : -122.586960
[setup in-reg] enable_cycle -> _65153_/D : -122.586960
[setup in-reg] enable_cycle -> _65154_/D : -122.586960
[setup in-reg] enable_cycle -> _65155_/D : -122.586960
[setup in-reg] enable_cycle -> _65156_/D : -122.586960
[setup in-reg] enable_cycle -> _65195_/D : -122.586960
[setup in-reg] enable_cycle -> _65197_/D : -122.586960
[setup in-reg] enable_cycle -> _65200_/D : -122.586960
[setup in-reg] enable_cycle -> _65208_/D : -122.586960
[setup in-reg] enable_cycle -> _65234_/D : -122.586960
[setup in-reg] enable_cycle -> _65235_/D : -122.586960
[setup in-reg] enable_cycle -> _65236_/D : -122.586960
[setup in-reg] enable_cycle -> _65237_/D : -122.586960
[setup in-reg] enable_cycle -> _65238_/D : -122.586960
[setup in-reg] enable_cycle -> _65239_/D : -122.586960
[setup in-reg] enable_cycle -> _65240_/D : -122.586960
[setup in-reg] enable_cycle -> _65241_/D : -122.586960
[setup in-reg] enable_cycle -> _65242_/D : -122.586960
[setup in-reg] enable_cycle -> _65243_/D : -122.586960
[setup in-reg] enable_cycle -> _65244_/D : -122.586960
[setup in-reg] enable_cycle -> _65245_/D : -122.586960
[setup in-reg] enable_cycle -> _65246_/D : -122.586960
[setup in-reg] enable_cycle -> _65247_/D : -122.586960
[setup in-reg] enable_cycle -> _65248_/D : -122.586960
[setup in-reg] enable_cycle -> _65249_/D : -122.586960
[setup in-reg] enable_cycle -> _65250_/D : -122.586960
[setup in-reg] enable_cycle -> _65251_/D : -122.586960
[setup in-reg] enable_cycle -> _65252_/D : -122.586960
[setup in-reg] enable_cycle -> _65253_/D : -122.586960
[setup in-reg] enable_cycle -> _65254_/D : -122.586960
[setup in-reg] enable_cycle -> _65255_/D : -122.586960
[setup in-reg] enable_cycle -> _65256_/D : -122.586960
[setup in-reg] enable_cycle -> _65295_/D : -122.586960
[setup in-reg] enable_cycle -> _65302_/D : -122.586960
[setup in-reg] enable_cycle -> _65304_/D : -122.586960
[setup in-reg] enable_cycle -> _65307_/D : -122.586960
[setup in-reg] enable_cycle -> _65334_/D : -122.586960
[setup in-reg] enable_cycle -> _65335_/D : -122.586960
[setup in-reg] enable_cycle -> _65336_/D : -122.586960
[setup in-reg] enable_cycle -> _65337_/D : -122.586960
[setup in-reg] enable_cycle -> _65338_/D : -122.586960
[setup in-reg] enable_cycle -> _65339_/D : -122.586960
[setup in-reg] enable_cycle -> _65340_/D : -122.586960
[setup in-reg] enable_cycle -> _65341_/D : -122.586960
[setup in-reg] enable_cycle -> _65342_/D : -122.586960
[setup in-reg] enable_cycle -> _65343_/D : -122.586960
[setup in-reg] enable_cycle -> _65344_/D : -122.586960
[setup in-reg] enable_cycle -> _65345_/D : -122.586960
[setup in-reg] enable_cycle -> _65346_/D : -122.586960
[setup in-reg] enable_cycle -> _65347_/D : -122.586960
[setup in-reg] enable_cycle -> _65348_/D : -122.586960
[setup in-reg] enable_cycle -> _65349_/D : -122.586960
[setup in-reg] enable_cycle -> _65350_/D : -122.586960
[setup in-reg] enable_cycle -> _65351_/D : -122.586960
[setup in-reg] enable_cycle -> _65352_/D : -122.586960
[setup in-reg] enable_cycle -> _65353_/D : -122.586960
[setup in-reg] enable_cycle -> _65354_/D : -122.586960
[setup in-reg] enable_cycle -> _65355_/D : -122.586960
[setup in-reg] enable_cycle -> _65356_/D : -122.586960
[setup in-reg] enable_cycle -> _65395_/D : -122.586960
[setup in-reg] enable_cycle -> _65399_/D : -122.586960
[setup in-reg] enable_cycle -> _65401_/D : -122.586960
[setup in-reg] enable_cycle -> _65434_/D : -122.586960
[setup in-reg] enable_cycle -> _65435_/D : -122.586960
[setup in-reg] enable_cycle -> _65436_/D : -122.586960
[setup in-reg] enable_cycle -> _65437_/D : -122.586960
[setup in-reg] enable_cycle -> _65438_/D : -122.586960
[setup in-reg] enable_cycle -> _65439_/D : -122.586960
[setup in-reg] enable_cycle -> _65440_/D : -122.586960
[setup in-reg] enable_cycle -> _65441_/D : -122.586960
[setup in-reg] enable_cycle -> _65442_/D : -122.586960
[setup in-reg] enable_cycle -> _65443_/D : -122.586960
[setup in-reg] enable_cycle -> _65444_/D : -122.586960
[setup in-reg] enable_cycle -> _65445_/D : -122.586960
[setup in-reg] enable_cycle -> _65446_/D : -122.586960
[setup in-reg] enable_cycle -> _65447_/D : -122.586960
[setup in-reg] enable_cycle -> _65448_/D : -122.586960
[setup in-reg] enable_cycle -> _65449_/D : -122.586960
[setup in-reg] enable_cycle -> _65450_/D : -122.586960
[setup in-reg] enable_cycle -> _65451_/D : -122.586960
[setup in-reg] enable_cycle -> _65452_/D : -122.586960
[setup in-reg] enable_cycle -> _65453_/D : -122.586960
[setup in-reg] enable_cycle -> _65454_/D : -122.586960
[setup in-reg] enable_cycle -> _65455_/D : -122.586960
[setup in-reg] enable_cycle -> _65456_/D : -122.586960
[setup in-reg] enable_cycle -> _65473_/D : -122.586960
[setup in-reg] enable_cycle -> _65474_/D : -122.586960
[setup in-reg] enable_cycle -> _65475_/D : -122.586960
[setup in-reg] enable_cycle -> _65476_/D : -122.586960
[setup in-reg] enable_cycle -> _65477_/D : -122.586960
[setup in-reg] enable_cycle -> _65478_/D : -122.586960
[setup in-reg] enable_cycle -> _65479_/D : -122.586960
[setup in-reg] enable_cycle -> _65480_/D : -122.586960
[setup in-reg] enable_cycle -> _65481_/D : -122.586960
[setup in-reg] enable_cycle -> _65482_/D : -122.586960
[setup in-reg] enable_cycle -> _65483_/D : -122.586960
[setup in-reg] enable_cycle -> _65484_/D : -122.586960
[setup in-reg] enable_cycle -> _65485_/D : -122.586960
[setup in-reg] enable_cycle -> _65486_/D : -122.586960
[setup in-reg] enable_cycle -> _65487_/D : -122.586960
[setup in-reg] enable_cycle -> _65488_/D : -122.586960
[setup in-reg] enable_cycle -> _65527_/D : -122.586960
[setup in-reg] enable_cycle -> _65528_/D : -122.586960
[setup in-reg] enable_cycle -> _65529_/D : -122.586960
[setup in-reg] enable_cycle -> _65530_/D : -122.586960
[setup in-reg] enable_cycle -> _65531_/D : -122.586960
[setup in-reg] enable_cycle -> _65532_/D : -122.586960
[setup in-reg] enable_cycle -> _65533_/D : -122.586960
[setup in-reg] enable_cycle -> _65534_/D : -122.586960
[setup in-reg] enable_cycle -> _65535_/D : -122.586960
[setup in-reg] enable_cycle -> _65536_/D : -122.586960
[setup in-reg] enable_cycle -> _65537_/D : -122.586960
[setup in-reg] enable_cycle -> _65538_/D : -122.586960
[setup in-reg] enable_cycle -> _65539_/D : -122.586960
[setup in-reg] enable_cycle -> _65540_/D : -122.586960
[setup in-reg] enable_cycle -> _65541_/D : -122.586960
[setup in-reg] enable_cycle -> _65542_/D : -122.586960
[setup in-reg] enable_cycle -> _65543_/D : -122.586960
[setup in-reg] enable_cycle -> _65544_/D : -122.586960
[setup in-reg] enable_cycle -> _65545_/D : -122.586960
[setup in-reg] enable_cycle -> _65546_/D : -122.586960
[setup in-reg] enable_cycle -> _65547_/D : -122.586960
[setup in-reg] enable_cycle -> _65548_/D : -122.586960
[setup in-reg] enable_cycle -> _65549_/D : -122.586960
[setup in-reg] enable_cycle -> _65558_/D : -122.586960
[setup in-reg] enable_cycle -> _65560_/D : -122.586960
[setup in-reg] enable_cycle -> _65565_/D : -122.586960
[setup in-reg] enable_cycle -> _65581_/D : -122.586960
[setup in-reg] enable_cycle -> _65583_/D : -122.586960
[setup in-reg] enable_cycle -> _65588_/D : -122.586960
[setup in-reg] enable_cycle -> _65589_/D : -122.586960
[setup in-reg] enable_cycle -> _65590_/D : -122.586960
[setup in-reg] enable_cycle -> _65591_/D : -122.586960
[setup in-reg] enable_cycle -> _65592_/D : -122.586960
[setup in-reg] enable_cycle -> _65593_/D : -122.586960
[setup in-reg] enable_cycle -> _65596_/D : -122.586960
[setup in-reg] enable_cycle -> _66302_/D : -122.586960
[setup in-reg] enable_cycle -> _66303_/D : -122.586960
[setup in-reg] enable_cycle -> _66304_/D : -122.586960
[setup in-reg] enable_cycle -> _66305_/D : -122.586960
[setup in-reg] enable_cycle -> _66306_/D : -122.586960
[setup in-reg] enable_cycle -> _66307_/D : -122.586960
[setup in-reg] enable_cycle -> _66308_/D : -122.586960
[setup in-reg] enable_cycle -> _66309_/D : -122.586960
[setup in-reg] enable_cycle -> _66310_/D : -122.586960
[setup in-reg] enable_cycle -> _66311_/D : -122.586960
[setup in-reg] enable_cycle -> _66312_/D : -122.586960
[setup in-reg] enable_cycle -> _66313_/D : -122.586960
[setup in-reg] enable_cycle -> _66314_/D : -122.586960
[setup in-reg] enable_cycle -> _66315_/D : -122.586960
[setup in-reg] enable_cycle -> _66316_/D : -122.586960
[setup in-reg] enable_cycle -> _66317_/D : -122.586960
[setup in-reg] enable_cycle -> _66428_/D : -122.586960
[setup in-reg] enable_cycle -> _66429_/D : -122.586960
[setup in-reg] enable_cycle -> _66435_/D : -122.586960
[setup in-reg] enable_cycle -> _66439_/D : -122.586960
[setup in-reg] enable_cycle -> _66506_/D : -122.586960
[setup in-reg] enable_cycle -> _66514_/D : -122.586960
[setup in-reg] enable_cycle -> _66515_/D : -122.586960
[setup in-reg] enable_cycle -> _66516_/D : -122.586960
[setup in-reg] enable_cycle -> _66517_/D : -122.586960
[setup in-reg] enable_cycle -> _66518_/D : -122.586960
[setup in-reg] enable_cycle -> _66588_/D : -122.586960
[setup in-reg] enable_cycle -> _66589_/D : -122.586960
[setup in-reg] enable_cycle -> _66593_/D : -122.586960
[setup in-reg] enable_cycle -> _66598_/D : -122.586960
[setup in-reg] enable_cycle -> _66599_/D : -122.586960
[setup in-reg] enable_cycle -> _66600_/D : -122.586960
[setup in-reg] enable_cycle -> _66670_/D : -122.586960
[setup in-reg] enable_cycle -> _66671_/D : -122.586960
[setup in-reg] enable_cycle -> _66678_/D : -122.586960
[setup in-reg] enable_cycle -> _66680_/D : -122.586960
[setup in-reg] enable_cycle -> _66681_/D : -122.586960
[setup in-reg] enable_cycle -> _66682_/D : -122.586960
[setup in-reg] enable_cycle -> _66685_/D : -122.586960
[setup in-reg] enable_cycle -> _66752_/D : -122.586960
[setup in-reg] enable_cycle -> _66754_/D : -122.586960
[setup in-reg] enable_cycle -> _66758_/D : -122.586960
[setup in-reg] enable_cycle -> _66760_/D : -122.586960
[setup in-reg] enable_cycle -> _66762_/D : -122.586960
[setup in-reg] enable_cycle -> _66763_/D : -122.586960
[setup in-reg] enable_cycle -> _66764_/D : -122.586960
[setup in-reg] enable_cycle -> _66838_/D : -122.586960
[setup in-reg] enable_cycle -> _66839_/D : -122.586960
[setup in-reg] enable_cycle -> _66842_/D : -122.586960
[setup in-reg] enable_cycle -> _66843_/D : -122.586960
[setup in-reg] enable_cycle -> _66844_/D : -122.586960
[setup in-reg] enable_cycle -> _66846_/D : -122.586960
[setup in-reg] enable_cycle -> _66932_/D : -122.586960
[setup in-reg] enable_cycle -> _66933_/D : -122.586960
[setup in-reg] enable_cycle -> _66934_/D : -122.586960
[setup in-reg] enable_cycle -> _66935_/D : -122.586960
[setup in-reg] enable_cycle -> _66936_/D : -122.586960
[setup in-reg] enable_cycle -> _66937_/D : -122.586960
[setup in-reg] enable_cycle -> _66938_/D : -122.586960
[setup in-reg] enable_cycle -> _66939_/D : -122.586960
[setup in-reg] enable_cycle -> _66940_/D : -122.586960
[setup in-reg] enable_cycle -> _66941_/D : -122.586960
[setup in-reg] enable_cycle -> _66942_/D : -122.586960
[setup in-reg] enable_cycle -> _66943_/D : -122.586960
[setup in-reg] enable_cycle -> _66944_/D : -122.586960
[setup in-reg] enable_cycle -> _66945_/D : -122.586960
[setup in-reg] enable_cycle -> _66946_/D : -122.586960
[setup in-reg] enable_cycle -> _66947_/D : -122.586960
[setup in-reg] enable_cycle -> _66948_/D : -122.586960
[setup in-reg] enable_cycle -> _66957_/D : -122.586960
[setup in-reg] enable_cycle -> _66959_/D : -122.586960
[setup in-reg] enable_cycle -> _66963_/D : -122.586960
[setup in-reg] enable_cycle -> _66965_/D : -122.586960
[setup in-reg] enable_cycle -> _66966_/D : -122.586960
[setup in-reg] enable_cycle -> _66967_/D : -122.586960
[setup in-reg] enable_cycle -> _66969_/D : -122.586960
[setup in-reg] enable_cycle -> _66971_/D : -122.586960
[setup in-reg] enable_cycle -> _66974_/D : -122.586960
[setup in-reg] enable_cycle -> _66975_/D : -122.586960
[setup in-reg] enable_cycle -> _66976_/D : -122.586960
[setup in-reg] enable_cycle -> _66977_/D : -122.586960
[setup in-reg] enable_cycle -> _66978_/D : -122.586960
[setup in-reg] enable_cycle -> _66979_/D : -122.586960
[setup in-reg] enable_cycle -> _66980_/D : -122.586960
[setup in-reg] enable_cycle -> _66981_/D : -122.586960
[setup in-reg] enable_cycle -> _66982_/D : -122.586960
[setup in-reg] enable_cycle -> _66983_/D : -122.586960
[setup in-reg] enable_cycle -> _66984_/D : -122.586960
[setup in-reg] enable_cycle -> _66985_/D : -122.586960
[setup in-reg] enable_cycle -> _66986_/D : -122.586960
[setup in-reg] enable_cycle -> _66987_/D : -122.586960
[setup in-reg] enable_cycle -> _66988_/D : -122.586960
[setup in-reg] enable_cycle -> _66989_/D : -122.586960
[setup in-reg] enable_cycle -> _66990_/D : -122.586960
[setup in-reg] enable_cycle -> _66991_/D : -122.586960
[setup in-reg] enable_cycle -> _67059_/D : -122.586960
[setup in-reg] enable_cycle -> _67066_/D : -122.586960
[setup in-reg] enable_cycle -> _67067_/D : -122.586960
[setup in-reg] enable_cycle -> _67068_/D : -122.586960
[setup in-reg] enable_cycle -> _67070_/D : -122.586960
[setup in-reg] enable_cycle -> _67071_/D : -122.586960
[setup in-reg] enable_cycle -> _67072_/D : -122.586960
[setup in-reg] enable_cycle -> _67073_/D : -122.586960
[setup in-reg] enable_cycle -> _67074_/D : -122.586960
[setup in-reg] enable_cycle -> _67144_/D : -122.586960
[setup in-reg] enable_cycle -> _67146_/D : -122.586960
[setup in-reg] enable_cycle -> _67148_/D : -122.586960
[setup in-reg] enable_cycle -> _67152_/D : -122.586960
[setup in-reg] enable_cycle -> _67154_/D : -122.586960
[setup in-reg] enable_cycle -> _67156_/D : -122.586960
[setup in-reg] enable_cycle -> _67158_/D : -122.586960
[setup in-reg] enable_cycle -> _67159_/D : -122.586960
[setup in-reg] enable_cycle -> _67229_/D : -122.586960
[setup in-reg] enable_cycle -> _67234_/D : -122.586960
[setup in-reg] enable_cycle -> _67237_/D : -122.586960
[setup in-reg] enable_cycle -> _67238_/D : -122.586960
[setup in-reg] enable_cycle -> _67241_/D : -122.586960
[setup in-reg] enable_cycle -> _67243_/D : -122.586960
[setup in-reg] enable_cycle -> _67244_/D : -122.586960
[setup in-reg] enable_cycle -> _67314_/D : -122.586960
[setup in-reg] enable_cycle -> _67317_/D : -122.586960
[setup in-reg] enable_cycle -> _67319_/D : -122.586960
[setup in-reg] enable_cycle -> _67323_/D : -122.586960
[setup in-reg] enable_cycle -> _67324_/D : -122.586960
[setup in-reg] enable_cycle -> _67325_/D : -122.586960
[setup in-reg] enable_cycle -> _67326_/D : -122.586960
[setup in-reg] enable_cycle -> _67328_/D : -122.586960
[setup in-reg] enable_cycle -> _67329_/D : -122.586960
[setup in-reg] enable_cycle -> _67399_/D : -122.586960
[setup in-reg] enable_cycle -> _67401_/D : -122.586960
[setup in-reg] enable_cycle -> _67406_/D : -122.586960
[setup in-reg] enable_cycle -> _67407_/D : -122.586960
[setup in-reg] enable_cycle -> _67408_/D : -122.586960
[setup in-reg] enable_cycle -> _67409_/D : -122.586960
[setup in-reg] enable_cycle -> _67411_/D : -122.586960
[setup in-reg] enable_cycle -> _67413_/D : -122.586960
[setup in-reg] enable_cycle -> _67414_/D : -122.586960
[setup in-reg] enable_cycle -> _67484_/D : -122.586960
[setup in-reg] enable_cycle -> _67492_/D : -122.586960
[setup in-reg] enable_cycle -> _67493_/D : -122.586960
[setup in-reg] enable_cycle -> _67494_/D : -122.586960
[setup in-reg] enable_cycle -> _67585_/D : -122.586960
[setup in-reg] enable_cycle -> _67586_/D : -122.586960
[setup in-reg] enable_cycle -> _67587_/D : -122.586960
[setup in-reg] enable_cycle -> _67588_/D : -122.586960
[setup in-reg] enable_cycle -> _67589_/D : -122.586960
[setup in-reg] enable_cycle -> _67590_/D : -122.586960
[setup in-reg] enable_cycle -> _67591_/D : -122.586960
[setup in-reg] enable_cycle -> _67592_/D : -122.586960
[setup in-reg] enable_cycle -> _67593_/D : -122.586960
[setup in-reg] enable_cycle -> _67594_/D : -122.586960
[setup in-reg] enable_cycle -> _67595_/D : -122.586960
[setup in-reg] enable_cycle -> _67596_/D : -122.586960
[setup in-reg] enable_cycle -> _67597_/D : -122.586960
[setup in-reg] enable_cycle -> _67598_/D : -122.586960
[setup in-reg] enable_cycle -> _67599_/D : -122.586960
[setup in-reg] enable_cycle -> _67600_/D : -122.586960
[setup in-reg] enable_cycle -> _67601_/D : -122.586960
[setup in-reg] enable_cycle -> _67602_/D : -122.586960
[setup in-reg] enable_cycle -> _67611_/D : -122.586960
[setup in-reg] enable_cycle -> _67618_/D : -122.586960
[setup in-reg] enable_cycle -> _67619_/D : -122.586960
[setup in-reg] enable_cycle -> _67622_/D : -122.586960
[setup in-reg] enable_cycle -> _67623_/D : -122.586960
[setup in-reg] enable_cycle -> _67625_/D : -122.586960
[setup in-reg] enable_cycle -> _67626_/D : -122.586960
[setup in-reg] enable_cycle -> _67629_/D : -122.586960
[setup in-reg] enable_cycle -> _67630_/D : -122.586960
[setup in-reg] enable_cycle -> _67631_/D : -122.586960
[setup in-reg] enable_cycle -> _67632_/D : -122.586960
[setup in-reg] enable_cycle -> _67633_/D : -122.586960
[setup in-reg] enable_cycle -> _67634_/D : -122.586960
[setup in-reg] enable_cycle -> _67635_/D : -122.586960
[setup in-reg] enable_cycle -> _67636_/D : -122.586960
[setup in-reg] enable_cycle -> _67637_/D : -122.586960
[setup in-reg] enable_cycle -> _67638_/D : -122.586960
[setup in-reg] enable_cycle -> _67639_/D : -122.586960
[setup in-reg] enable_cycle -> _67640_/D : -122.586960
[setup in-reg] enable_cycle -> _67641_/D : -122.586960
[setup in-reg] enable_cycle -> _67642_/D : -122.586960
[setup in-reg] enable_cycle -> _67643_/D : -122.586960
[setup in-reg] enable_cycle -> _67644_/D : -122.586960
[setup in-reg] enable_cycle -> _67645_/D : -122.586960
[setup in-reg] enable_cycle -> _67646_/D : -122.586960
[setup in-reg] enable_cycle -> _67647_/D : -122.586960
[setup in-reg] enable_cycle -> _67717_/D : -122.586960
[setup in-reg] enable_cycle -> _67720_/D : -122.586960
[setup in-reg] enable_cycle -> _67722_/D : -122.586960
[setup in-reg] enable_cycle -> _67723_/D : -122.586960
[setup in-reg] enable_cycle -> _67724_/D : -122.586960
[setup in-reg] enable_cycle -> _67725_/D : -122.586960
[setup in-reg] enable_cycle -> _67726_/D : -122.586960
[setup in-reg] enable_cycle -> _67727_/D : -122.586960
[setup in-reg] enable_cycle -> _67728_/D : -122.586960
[setup in-reg] enable_cycle -> _67729_/D : -122.586960
[setup in-reg] enable_cycle -> _67805_/D : -122.586960
[setup in-reg] enable_cycle -> _67807_/D : -122.586960
[setup in-reg] enable_cycle -> _67811_/D : -122.586960
[setup in-reg] enable_cycle -> _67812_/D : -122.586960
[setup in-reg] enable_cycle -> _67813_/D : -122.586960
[setup in-reg] enable_cycle -> _67815_/D : -122.586960
[setup in-reg] enable_cycle -> _67816_/D : -122.586960
[setup in-reg] enable_cycle -> _67817_/D : -122.586960
[setup in-reg] enable_cycle -> _67893_/D : -122.586960
[setup in-reg] enable_cycle -> _67895_/D : -122.586960
[setup in-reg] enable_cycle -> _67899_/D : -122.586960
[setup in-reg] enable_cycle -> _67903_/D : -122.586960
[setup in-reg] enable_cycle -> _67981_/D : -122.586960
[setup in-reg] enable_cycle -> _67985_/D : -122.586960
[setup in-reg] enable_cycle -> _67986_/D : -122.586960
[setup in-reg] enable_cycle -> _67993_/D : -122.586960
[setup in-reg] enable_cycle -> _68069_/D : -122.586960
[setup in-reg] enable_cycle -> _68074_/D : -122.586960
[setup in-reg] enable_cycle -> _68077_/D : -122.586960
[setup in-reg] enable_cycle -> _68079_/D : -122.586960
[setup in-reg] enable_cycle -> _68080_/D : -122.586960
[setup in-reg] enable_cycle -> _68157_/D : -122.586960
[setup in-reg] enable_cycle -> _68159_/D : -122.586960
[setup in-reg] enable_cycle -> _68162_/D : -122.586960
[setup in-reg] enable_cycle -> _68166_/D : -122.586960
[setup in-reg] enable_cycle -> _68167_/D : -122.586960
[setup in-reg] enable_cycle -> _68168_/D : -122.586960
[setup in-reg] enable_cycle -> _68169_/D : -122.586960
[setup in-reg] enable_cycle -> _68170_/D : -122.586960
[setup in-reg] enable_cycle -> _68261_/D : -122.586960
[setup in-reg] enable_cycle -> _68262_/D : -122.586960
[setup in-reg] enable_cycle -> _68263_/D : -122.586960
[setup in-reg] enable_cycle -> _68264_/D : -122.586960
[setup in-reg] enable_cycle -> _68265_/D : -122.586960
[setup in-reg] enable_cycle -> _68266_/D : -122.586960
[setup in-reg] enable_cycle -> _68267_/D : -122.586960
[setup in-reg] enable_cycle -> _68268_/D : -122.586960
[setup in-reg] enable_cycle -> _68269_/D : -122.586960
[setup in-reg] enable_cycle -> _68270_/D : -122.586960
[setup in-reg] enable_cycle -> _68271_/D : -122.586960
[setup in-reg] enable_cycle -> _68272_/D : -122.586960
[setup in-reg] enable_cycle -> _68273_/D : -122.586960
[setup in-reg] enable_cycle -> _68274_/D : -122.586960
[setup in-reg] enable_cycle -> _68275_/D : -122.586960
[setup in-reg] enable_cycle -> _68276_/D : -122.586960
[setup in-reg] enable_cycle -> _68277_/D : -122.586960
[setup in-reg] enable_cycle -> _68278_/D : -122.586960
[setup in-reg] enable_cycle -> _68279_/D : -122.586960
[setup in-reg] enable_cycle -> _68288_/D : -122.586960
[setup in-reg] enable_cycle -> _68290_/D : -122.586960
[setup in-reg] enable_cycle -> _68292_/D : -122.586960
[setup in-reg] enable_cycle -> _68294_/D : -122.586960
[setup in-reg] enable_cycle -> _68295_/D : -122.586960
[setup in-reg] enable_cycle -> _68299_/D : -122.586960
[setup in-reg] enable_cycle -> _68300_/D : -122.586960
[setup in-reg] enable_cycle -> _68307_/D : -122.586960
[setup in-reg] enable_cycle -> _68308_/D : -122.586960
[setup in-reg] enable_cycle -> _68309_/D : -122.586960
[setup in-reg] enable_cycle -> _68310_/D : -122.586960
[setup in-reg] enable_cycle -> _68311_/D : -122.586960
[setup in-reg] enable_cycle -> _68312_/D : -122.586960
[setup in-reg] enable_cycle -> _68313_/D : -122.586960
[setup in-reg] enable_cycle -> _68314_/D : -122.586960
[setup in-reg] enable_cycle -> _68315_/D : -122.586960
[setup in-reg] enable_cycle -> _68316_/D : -122.586960
[setup in-reg] enable_cycle -> _68317_/D : -122.586960
[setup in-reg] enable_cycle -> _68318_/D : -122.586960
[setup in-reg] enable_cycle -> _68319_/D : -122.586960
[setup in-reg] enable_cycle -> _68320_/D : -122.586960
[setup in-reg] enable_cycle -> _68321_/D : -122.586960
[setup in-reg] enable_cycle -> _68322_/D : -122.586960
[setup in-reg] enable_cycle -> _68323_/D : -122.586960
[setup in-reg] enable_cycle -> _68324_/D : -122.586960
[setup in-reg] enable_cycle -> _68325_/D : -122.586960
[setup in-reg] enable_cycle -> _68326_/D : -122.586960
[setup in-reg] enable_cycle -> _68398_/D : -122.586960
[setup in-reg] enable_cycle -> _68400_/D : -122.586960
[setup in-reg] enable_cycle -> _68407_/D : -122.586960
[setup in-reg] enable_cycle -> _68408_/D : -122.586960
[setup in-reg] enable_cycle -> _68489_/D : -122.586960
[setup in-reg] enable_cycle -> _68491_/D : -122.586960
[setup in-reg] enable_cycle -> _68494_/D : -122.586960
[setup in-reg] enable_cycle -> _68497_/D : -122.586960
[setup in-reg] enable_cycle -> _68498_/D : -122.586960
[setup in-reg] enable_cycle -> _68580_/D : -122.586960
[setup in-reg] enable_cycle -> _68582_/D : -122.586960
[setup in-reg] enable_cycle -> _68589_/D : -122.586960
[setup in-reg] enable_cycle -> _68590_/D : -122.586960
[setup in-reg] enable_cycle -> _68671_/D : -122.586960
[setup in-reg] enable_cycle -> _68673_/D : -122.586960
[setup in-reg] enable_cycle -> _68676_/D : -122.586960
[setup in-reg] enable_cycle -> _68679_/D : -122.586960
[setup in-reg] enable_cycle -> _68680_/D : -122.586960
[setup in-reg] enable_cycle -> _68683_/D : -122.586960
[setup in-reg] enable_cycle -> _68762_/D : -122.586960
[setup in-reg] enable_cycle -> _68764_/D : -122.586960
[setup in-reg] enable_cycle -> _68769_/D : -122.586960
[setup in-reg] enable_cycle -> _68770_/D : -122.586960
[setup in-reg] enable_cycle -> _68771_/D : -122.586960
[setup in-reg] enable_cycle -> _68772_/D : -122.586960
[setup in-reg] enable_cycle -> _68853_/D : -122.586960
[setup in-reg] enable_cycle -> _68855_/D : -122.586960
[setup in-reg] enable_cycle -> _68860_/D : -122.586960
[setup in-reg] enable_cycle -> _68861_/D : -122.586960
[setup in-reg] enable_cycle -> _68960_/D : -122.586960
[setup in-reg] enable_cycle -> _68961_/D : -122.586960
[setup in-reg] enable_cycle -> _68962_/D : -122.586960
[setup in-reg] enable_cycle -> _68963_/D : -122.586960
[setup in-reg] enable_cycle -> _68964_/D : -122.586960
[setup in-reg] enable_cycle -> _68965_/D : -122.586960
[setup in-reg] enable_cycle -> _68966_/D : -122.586960
[setup in-reg] enable_cycle -> _68967_/D : -122.586960
[setup in-reg] enable_cycle -> _68968_/D : -122.586960
[setup in-reg] enable_cycle -> _68969_/D : -122.586960
[setup in-reg] enable_cycle -> _68970_/D : -122.586960
[setup in-reg] enable_cycle -> _68971_/D : -122.586960
[setup in-reg] enable_cycle -> _68972_/D : -122.586960
[setup in-reg] enable_cycle -> _68973_/D : -122.586960
[setup in-reg] enable_cycle -> _68974_/D : -122.586960
[setup in-reg] enable_cycle -> _68975_/D : -122.586960
[setup in-reg] enable_cycle -> _68976_/D : -122.586960
[setup in-reg] enable_cycle -> _68977_/D : -122.586960
[setup in-reg] enable_cycle -> _68978_/D : -122.586960
[setup in-reg] enable_cycle -> _68979_/D : -122.586960
[setup in-reg] enable_cycle -> _68988_/D : -122.586960
[setup in-reg] enable_cycle -> _68990_/D : -122.586960
[setup in-reg] enable_cycle -> _68993_/D : -122.586960
[setup in-reg] enable_cycle -> _68996_/D : -122.586960
[setup in-reg] enable_cycle -> _69008_/D : -122.586960
[setup in-reg] enable_cycle -> _69009_/D : -122.586960
[setup in-reg] enable_cycle -> _69010_/D : -122.586960
[setup in-reg] enable_cycle -> _69011_/D : -122.586960
[setup in-reg] enable_cycle -> _69012_/D : -122.586960
[setup in-reg] enable_cycle -> _69013_/D : -122.586960
[setup in-reg] enable_cycle -> _69014_/D : -122.586960
[setup in-reg] enable_cycle -> _69015_/D : -122.586960
[setup in-reg] enable_cycle -> _69016_/D : -122.586960
[setup in-reg] enable_cycle -> _69017_/D : -122.586960
[setup in-reg] enable_cycle -> _69018_/D : -122.586960
[setup in-reg] enable_cycle -> _69019_/D : -122.586960
[setup in-reg] enable_cycle -> _69020_/D : -122.586960
[setup in-reg] enable_cycle -> _69021_/D : -122.586960
[setup in-reg] enable_cycle -> _69022_/D : -122.586960
[setup in-reg] enable_cycle -> _69023_/D : -122.586960
[setup in-reg] enable_cycle -> _69024_/D : -122.586960
[setup in-reg] enable_cycle -> _69025_/D : -122.586960
[setup in-reg] enable_cycle -> _69026_/D : -122.586960
[setup in-reg] enable_cycle -> _69027_/D : -122.586960
[setup in-reg] enable_cycle -> _69028_/D : -122.586960
[setup in-reg] enable_cycle -> _69102_/D : -122.586960
[setup in-reg] enable_cycle -> _69106_/D : -122.586960
[setup in-reg] enable_cycle -> _69108_/D : -122.586960
[setup in-reg] enable_cycle -> _69109_/D : -122.586960
[setup in-reg] enable_cycle -> _69113_/D : -122.586960
[setup in-reg] enable_cycle -> _69139_/D : -122.586960
[setup in-reg] enable_cycle -> _69140_/D : -122.586960
[setup in-reg] enable_cycle -> _69141_/D : -122.586960
[setup in-reg] enable_cycle -> _69142_/D : -122.586960
[setup in-reg] enable_cycle -> _69143_/D : -122.586960
[setup in-reg] enable_cycle -> _69144_/D : -122.586960
[setup in-reg] enable_cycle -> _69145_/D : -122.586960
[setup in-reg] enable_cycle -> _69146_/D : -122.586960
[setup in-reg] enable_cycle -> _69147_/D : -122.586960
[setup in-reg] enable_cycle -> _69148_/D : -122.586960
[setup in-reg] enable_cycle -> _69149_/D : -122.586960
[setup in-reg] enable_cycle -> _69150_/D : -122.586960
[setup in-reg] enable_cycle -> _69151_/D : -122.586960
[setup in-reg] enable_cycle -> _69152_/D : -122.586960
[setup in-reg] enable_cycle -> _69153_/D : -122.586960
[setup in-reg] enable_cycle -> _69154_/D : -122.586960
[setup in-reg] enable_cycle -> _69155_/D : -122.586960
[setup in-reg] enable_cycle -> _69156_/D : -122.586960
[setup in-reg] enable_cycle -> _69157_/D : -122.586960
[setup in-reg] enable_cycle -> _69158_/D : -122.586960
[setup in-reg] enable_cycle -> _69159_/D : -122.586960
[setup in-reg] enable_cycle -> _69196_/D : -122.586960
[setup in-reg] enable_cycle -> _69201_/D : -122.586960
[setup in-reg] enable_cycle -> _69207_/D : -122.586960
[setup in-reg] enable_cycle -> _69233_/D : -122.586960
[setup in-reg] enable_cycle -> _69234_/D : -122.586960
[setup in-reg] enable_cycle -> _69235_/D : -122.586960
[setup in-reg] enable_cycle -> _69236_/D : -122.586960
[setup in-reg] enable_cycle -> _69237_/D : -122.586960
[setup in-reg] enable_cycle -> _69238_/D : -122.586960
[setup in-reg] enable_cycle -> _69239_/D : -122.586960
[setup in-reg] enable_cycle -> _69240_/D : -122.586960
[setup in-reg] enable_cycle -> _69241_/D : -122.586960
[setup in-reg] enable_cycle -> _69242_/D : -122.586960
[setup in-reg] enable_cycle -> _69243_/D : -122.586960
[setup in-reg] enable_cycle -> _69244_/D : -122.586960
[setup in-reg] enable_cycle -> _69245_/D : -122.586960
[setup in-reg] enable_cycle -> _69246_/D : -122.586960
[setup in-reg] enable_cycle -> _69247_/D : -122.586960
[setup in-reg] enable_cycle -> _69248_/D : -122.586960
[setup in-reg] enable_cycle -> _69249_/D : -122.586960
[setup in-reg] enable_cycle -> _69250_/D : -122.586960
[setup in-reg] enable_cycle -> _69251_/D : -122.586960
[setup in-reg] enable_cycle -> _69252_/D : -122.586960
[setup in-reg] enable_cycle -> _69253_/D : -122.586960
[setup in-reg] enable_cycle -> _69270_/D : -122.586960
[setup in-reg] enable_cycle -> _69272_/D : -122.586960
[setup in-reg] enable_cycle -> _69278_/D : -122.586960
[setup in-reg] enable_cycle -> _69280_/D : -122.586960
[setup in-reg] enable_cycle -> _69283_/D : -122.586960
[setup in-reg] enable_cycle -> _69289_/D : -122.586960
[setup in-reg] enable_cycle -> _69295_/D : -122.586960
[setup in-reg] enable_cycle -> _69298_/D : -122.586960
[setup in-reg] enable_cycle -> _69299_/D : -122.586960
[setup in-reg] enable_cycle -> _69329_/D : -122.586960
[setup in-reg] enable_cycle -> _69331_/D : -122.586960
[setup in-reg] enable_cycle -> _69335_/D : -122.586960
[setup in-reg] enable_cycle -> _69336_/D : -122.586960
[setup in-reg] enable_cycle -> _69338_/D : -122.586960
[setup in-reg] enable_cycle -> _69366_/D : -122.586960
[setup in-reg] enable_cycle -> _69367_/D : -122.586960
[setup in-reg] enable_cycle -> _69368_/D : -122.586960
[setup in-reg] enable_cycle -> _69369_/D : -122.586960
[setup in-reg] enable_cycle -> _69370_/D : -122.586960
[setup in-reg] enable_cycle -> _69371_/D : -122.586960
[setup in-reg] enable_cycle -> _69372_/D : -122.586960
[setup in-reg] enable_cycle -> _69373_/D : -122.586960
[setup in-reg] enable_cycle -> _69374_/D : -122.586960
[setup in-reg] enable_cycle -> _69375_/D : -122.586960
[setup in-reg] enable_cycle -> _69376_/D : -122.586960
[setup in-reg] enable_cycle -> _69377_/D : -122.586960
[setup in-reg] enable_cycle -> _69378_/D : -122.586960
[setup in-reg] enable_cycle -> _69379_/D : -122.586960
[setup in-reg] enable_cycle -> _69380_/D : -122.586960
[setup in-reg] enable_cycle -> _69381_/D : -122.586960
[setup in-reg] enable_cycle -> _69382_/D : -122.586960
[setup in-reg] enable_cycle -> _69383_/D : -122.586960
[setup in-reg] enable_cycle -> _69384_/D : -122.586960
[setup in-reg] enable_cycle -> _69385_/D : -122.586960
[setup in-reg] enable_cycle -> _69386_/D : -122.586960
[setup in-reg] enable_cycle -> _69403_/D : -122.586960
[setup in-reg] enable_cycle -> _69410_/D : -122.586960
[setup in-reg] enable_cycle -> _69412_/D : -122.586960
[setup in-reg] enable_cycle -> _69414_/D : -122.586960
[setup in-reg] enable_cycle -> _69424_/D : -122.586960
[setup in-reg] enable_cycle -> _69427_/D : -122.586960
[setup in-reg] enable_cycle -> _69429_/D : -122.586960
[setup in-reg] enable_cycle -> _69437_/D : -122.586960
[setup in-reg] enable_cycle -> _69466_/D : -122.586960
[setup in-reg] enable_cycle -> _69468_/D : -122.586960
[setup in-reg] enable_cycle -> _69470_/D : -122.586960
[setup in-reg] enable_cycle -> _69472_/D : -122.586960
[setup in-reg] enable_cycle -> _69473_/D : -122.586960
[setup in-reg] enable_cycle -> _69475_/D : -122.586960
[setup in-reg] enable_cycle -> _69477_/D : -122.586960
[setup in-reg] enable_cycle -> _69481_/D : -122.586960
[setup in-reg] enable_cycle -> _69503_/D : -122.586960
[setup in-reg] enable_cycle -> _69504_/D : -122.586960
[setup in-reg] enable_cycle -> _69505_/D : -122.586960
[setup in-reg] enable_cycle -> _69506_/D : -122.586960
[setup in-reg] enable_cycle -> _69507_/D : -122.586960
[setup in-reg] enable_cycle -> _69508_/D : -122.586960
[setup in-reg] enable_cycle -> _69509_/D : -122.586960
[setup in-reg] enable_cycle -> _69510_/D : -122.586960
[setup in-reg] enable_cycle -> _69511_/D : -122.586960
[setup in-reg] enable_cycle -> _69512_/D : -122.586960
[setup in-reg] enable_cycle -> _69513_/D : -122.586960
[setup in-reg] enable_cycle -> _69514_/D : -122.586960
[setup in-reg] enable_cycle -> _69515_/D : -122.586960
[setup in-reg] enable_cycle -> _69516_/D : -122.586960
[setup in-reg] enable_cycle -> _69517_/D : -122.586960
[setup in-reg] enable_cycle -> _69518_/D : -122.586960
[setup in-reg] enable_cycle -> _69519_/D : -122.586960
[setup in-reg] enable_cycle -> _69520_/D : -122.586960
[setup in-reg] enable_cycle -> _69521_/D : -122.586960
[setup in-reg] enable_cycle -> _69522_/D : -122.586960
[setup in-reg] enable_cycle -> _69523_/D : -122.586960
[setup in-reg] enable_cycle -> _69540_/D : -122.586960
[setup in-reg] enable_cycle -> _69542_/D : -122.586960
[setup in-reg] enable_cycle -> _69545_/D : -122.586960
[setup in-reg] enable_cycle -> _69549_/D : -122.586960
[setup in-reg] enable_cycle -> _69661_/D : -122.586960
[setup in-reg] enable_cycle -> _69663_/D : -122.586960
[setup in-reg] enable_cycle -> _69666_/D : -122.586960
[setup in-reg] enable_cycle -> _69667_/D : -122.586960
[setup in-reg] enable_cycle -> _69668_/D : -122.586960
[setup in-reg] enable_cycle -> _69669_/D : -122.586960
[setup in-reg] enable_cycle -> _69681_/D : -122.586960
[setup in-reg] enable_cycle -> _69698_/D : -122.586960
[setup in-reg] enable_cycle -> _69699_/D : -122.586960
[setup in-reg] enable_cycle -> _69700_/D : -122.586960
[setup in-reg] enable_cycle -> _69701_/D : -122.586960
[setup in-reg] enable_cycle -> _69702_/D : -122.586960
[setup in-reg] enable_cycle -> _69703_/D : -122.586960
[setup in-reg] enable_cycle -> _69704_/D : -122.586960
[setup in-reg] enable_cycle -> _69705_/D : -122.586960
[setup in-reg] enable_cycle -> _69706_/D : -122.586960
[setup in-reg] enable_cycle -> _69707_/D : -122.586960
[setup in-reg] enable_cycle -> _69708_/D : -122.586960
[setup in-reg] enable_cycle -> _69709_/D : -122.586960
[setup in-reg] enable_cycle -> _69710_/D : -122.586960
[setup in-reg] enable_cycle -> _69711_/D : -122.586960
[setup in-reg] enable_cycle -> _69712_/D : -122.586960
[setup in-reg] enable_cycle -> _69713_/D : -122.586960
[setup in-reg] enable_cycle -> _69714_/D : -122.586960
[setup in-reg] enable_cycle -> _69715_/D : -122.586960
[setup in-reg] enable_cycle -> _69716_/D : -122.586960
[setup in-reg] enable_cycle -> _69717_/D : -122.586960
[setup in-reg] enable_cycle -> _69718_/D : -122.586960
[setup in-reg] enable_cycle -> _69763_/D : -122.586960
[setup in-reg] enable_cycle -> _69773_/D : -122.586960
[setup in-reg] enable_cycle -> _69775_/D : -122.586960
[setup in-reg] enable_cycle -> _69777_/D : -122.586960
[setup in-reg] enable_cycle -> _69778_/D : -122.586960
[setup in-reg] enable_cycle -> _69830_/D : -122.586960
[setup in-reg] enable_cycle -> _69832_/D : -122.586960
[setup in-reg] enable_cycle -> _69838_/D : -122.586960
[setup in-reg] enable_cycle -> _69867_/D : -122.586960
[setup in-reg] enable_cycle -> _69868_/D : -122.586960
[setup in-reg] enable_cycle -> _69869_/D : -122.586960
[setup in-reg] enable_cycle -> _69870_/D : -122.586960
[setup in-reg] enable_cycle -> _69871_/D : -122.586960
[setup in-reg] enable_cycle -> _69872_/D : -122.586960
[setup in-reg] enable_cycle -> _69873_/D : -122.586960
[setup in-reg] enable_cycle -> _69874_/D : -122.586960
[setup in-reg] enable_cycle -> _69875_/D : -122.586960
[setup in-reg] enable_cycle -> _69876_/D : -122.586960
[setup in-reg] enable_cycle -> _69877_/D : -122.586960
[setup in-reg] enable_cycle -> _69878_/D : -122.586960
[setup in-reg] enable_cycle -> _69879_/D : -122.586960
[setup in-reg] enable_cycle -> _69880_/D : -122.586960
[setup in-reg] enable_cycle -> _69881_/D : -122.586960
[setup in-reg] enable_cycle -> _69882_/D : -122.586960
[setup in-reg] enable_cycle -> _69883_/D : -122.586960
[setup in-reg] enable_cycle -> _69884_/D : -122.586960
[setup in-reg] enable_cycle -> _69885_/D : -122.586960
[setup in-reg] enable_cycle -> _69886_/D : -122.586960
[setup in-reg] enable_cycle -> _69887_/D : -122.586960
[setup in-reg] enable_cycle -> _63984_/D : -122.534660
[setup in-reg] enable_cycle -> _64248_/D : -122.534660
[setup in-reg] enable_cycle -> _64349_/D : -122.534660
[setup in-reg] enable_cycle -> _64351_/D : -122.534660
[setup in-reg] enable_cycle -> _64353_/D : -122.534660
[setup in-reg] enable_cycle -> _64443_/D : -122.534660
[setup in-reg] enable_cycle -> _64539_/D : -122.534660
[setup in-reg] enable_cycle -> _64543_/D : -122.534660
[setup in-reg] enable_cycle -> _64649_/D : -122.534660
[setup in-reg] enable_cycle -> _64779_/D : -122.534660
[setup in-reg] enable_cycle -> _64901_/D : -122.534660
[setup in-reg] enable_cycle -> _64997_/D : -122.534660
[setup in-reg] enable_cycle -> _65005_/D : -122.534660
[setup in-reg] enable_cycle -> _65297_/D : -122.534660
[setup in-reg] enable_cycle -> _65301_/D : -122.534660
[setup in-reg] enable_cycle -> _65397_/D : -122.534660
[setup in-reg] enable_cycle -> _65594_/D : -122.534660
[setup in-reg] enable_cycle -> _66427_/D : -122.534660
[setup in-reg] enable_cycle -> _66434_/D : -122.534660
[setup in-reg] enable_cycle -> _66508_/D : -122.534660
[setup in-reg] enable_cycle -> _66519_/D : -122.534660
[setup in-reg] enable_cycle -> _66590_/D : -122.534660
[setup in-reg] enable_cycle -> _66601_/D : -122.534660
[setup in-reg] enable_cycle -> _66672_/D : -122.534660
[setup in-reg] enable_cycle -> _66675_/D : -122.534660
[setup in-reg] enable_cycle -> _66683_/D : -122.534660
[setup in-reg] enable_cycle -> _66761_/D : -122.534660
[setup in-reg] enable_cycle -> _66765_/D : -122.534660
[setup in-reg] enable_cycle -> _66836_/D : -122.534660
[setup in-reg] enable_cycle -> _66845_/D : -122.534660
[setup in-reg] enable_cycle -> _66847_/D : -122.534660
[setup in-reg] enable_cycle -> _66968_/D : -122.534660
[setup in-reg] enable_cycle -> _66970_/D : -122.534660
[setup in-reg] enable_cycle -> _67153_/D : -122.534660
[setup in-reg] enable_cycle -> _67155_/D : -122.534660
[setup in-reg] enable_cycle -> _67157_/D : -122.534660
[setup in-reg] enable_cycle -> _67231_/D : -122.534660
[setup in-reg] enable_cycle -> _67239_/D : -122.534660
[setup in-reg] enable_cycle -> _67242_/D : -122.534660
[setup in-reg] enable_cycle -> _67321_/D : -122.534660
[setup in-reg] enable_cycle -> _67327_/D : -122.534660
[setup in-reg] enable_cycle -> _67410_/D : -122.534660
[setup in-reg] enable_cycle -> _67412_/D : -122.534660
[setup in-reg] enable_cycle -> _67486_/D : -122.534660
[setup in-reg] enable_cycle -> _67495_/D : -122.534660
[setup in-reg] enable_cycle -> _67496_/D : -122.534660
[setup in-reg] enable_cycle -> _67498_/D : -122.534660
[setup in-reg] enable_cycle -> _67614_/D : -122.534660
[setup in-reg] enable_cycle -> _67617_/D : -122.534660
[setup in-reg] enable_cycle -> _67624_/D : -122.534660
[setup in-reg] enable_cycle -> _67730_/D : -122.534660
[setup in-reg] enable_cycle -> _67818_/D : -122.534660
[setup in-reg] enable_cycle -> _67904_/D : -122.534660
[setup in-reg] enable_cycle -> _67906_/D : -122.534660
[setup in-reg] enable_cycle -> _67983_/D : -122.534660
[setup in-reg] enable_cycle -> _67994_/D : -122.534660
[setup in-reg] enable_cycle -> _68071_/D : -122.534660
[setup in-reg] enable_cycle -> _68078_/D : -122.534660
[setup in-reg] enable_cycle -> _68081_/D : -122.534660
[setup in-reg] enable_cycle -> _68083_/D : -122.534660
[setup in-reg] enable_cycle -> _68173_/D : -122.534660
[setup in-reg] enable_cycle -> _68301_/D : -122.534660
[setup in-reg] enable_cycle -> _68409_/D : -122.534660
[setup in-reg] enable_cycle -> _68591_/D : -122.534660
[setup in-reg] enable_cycle -> _68593_/D : -122.534660
[setup in-reg] enable_cycle -> _68681_/D : -122.534660
[setup in-reg] enable_cycle -> _68684_/D : -122.534660
[setup in-reg] enable_cycle -> _68685_/D : -122.534660
[setup in-reg] enable_cycle -> _68773_/D : -122.534660
[setup in-reg] enable_cycle -> _68862_/D : -122.534660
[setup in-reg] enable_cycle -> _68999_/D : -122.534660
[setup in-reg] enable_cycle -> _69104_/D : -122.534660
[setup in-reg] enable_cycle -> _69279_/D : -122.534660
[setup in-reg] enable_cycle -> _69291_/D : -122.534660
[setup in-reg] enable_cycle -> _69300_/D : -122.534660
[setup in-reg] enable_cycle -> _69301_/D : -122.534660
[setup in-reg] enable_cycle -> _69405_/D : -122.534660
[setup in-reg] enable_cycle -> _69409_/D : -122.534660
[setup in-reg] enable_cycle -> _69417_/D : -122.534660
[setup in-reg] enable_cycle -> _69426_/D : -122.534660
[setup in-reg] enable_cycle -> _69670_/D : -122.534660
[setup in-reg] enable_cycle -> _69672_/D : -122.534660
[setup in-reg] enable_cycle -> _69674_/D : -122.534660
[setup in-reg] enable_cycle -> _69765_/D : -122.534660
[setup in-reg] enable_cycle -> _69776_/D : -122.534660
[setup in-reg] enable_cycle -> _69836_/D : -122.534660
[setup in-reg] enable_cycle -> _69840_/D : -122.534660
[setup in-reg] enable_cycle -> _64639_/D : -122.456841
[setup in-reg] enable_cycle -> _64782_/D : -122.456841
[setup in-reg] enable_cycle -> _65204_/D : -122.456841
[setup in-reg] enable_cycle -> _65404_/D : -122.456841
[setup in-reg] enable_cycle -> _65567_/D : -122.456841
[setup in-reg] enable_cycle -> _66679_/D : -122.456841
[setup in-reg] enable_cycle -> _67064_/D : -122.456841
[setup in-reg] enable_cycle -> _63989_/D : -121.858299
[setup in-reg] enable_cycle -> _64245_/D : -121.858299
[setup in-reg] enable_cycle -> _64789_/D : -121.858299
[setup in-reg] enable_cycle -> _64911_/D : -121.858299
[setup in-reg] enable_cycle -> _65010_/D : -121.858299
[setup in-reg] enable_cycle -> _65011_/D : -121.858299
[setup in-reg] enable_cycle -> _65111_/D : -121.858299
[setup in-reg] enable_cycle -> _65311_/D : -121.858299
[setup in-reg] enable_cycle -> _65595_/D : -121.858299
[setup in-reg] enable_cycle -> _67147_/D : -121.858299
[setup in-reg] enable_cycle -> _68496_/D : -121.858299
[setup in-reg] enable_cycle -> _69406_/D : -121.858299
[setup in-reg] enable_cycle -> _69419_/D : -121.858299
[setup in-reg] enable_cycle -> _69440_/D : -121.858299
[setup in-reg] enable_cycle -> _69665_/D : -121.858299
[setup in-reg] enable_cycle -> _67161_/D : -121.773415
[setup in-reg] enable_cycle -> _68690_/D : -121.773415
[setup in-reg] enable_cycle -> _67734_/D : -121.737770
[setup in-reg] enable_cycle -> _67822_/D : -121.737770
[setup in-reg] enable_cycle -> _67910_/D : -121.737770
[setup in-reg] enable_cycle -> _67998_/D : -121.737770
[setup in-reg] enable_cycle -> _68086_/D : -121.737770
[setup in-reg] enable_cycle -> _68174_/D : -121.737770
[setup in-reg] enable_cycle -> _64142_/D : -121.637817
[setup in-reg] enable_cycle -> _64263_/D : -121.637817
[setup in-reg] enable_cycle -> _64360_/D : -121.637817
[setup in-reg] enable_cycle -> _64457_/D : -121.637817
[setup in-reg] enable_cycle -> _64554_/D : -121.637817
[setup in-reg] enable_cycle -> _64651_/D : -121.637817
[setup in-reg] enable_cycle -> _68417_/D : -121.637817
[setup in-reg] enable_cycle -> _68508_/D : -121.637817
[setup in-reg] enable_cycle -> _68599_/D : -121.637817
[setup in-reg] enable_cycle -> _68781_/D : -121.637817
[setup in-reg] enable_cycle -> _68872_/D : -121.637817
[setup in-reg] enable_cycle -> _69007_/D : -121.637817
[setup in-reg] enable_cycle -> _69308_/D : -121.637817
[setup in-reg] enable_cycle -> _64342_/D : -121.156197
[setup in-reg] enable_cycle -> _64776_/D : -121.156197
[setup in-reg] enable_cycle -> _64898_/D : -121.156197
[setup in-reg] enable_cycle -> _65098_/D : -121.156197
[setup in-reg] enable_cycle -> _67062_/D : -121.156197
[setup in-reg] enable_cycle -> _67733_/D : -120.660049
[setup in-reg] enable_cycle -> _67821_/D : -120.660049
[setup in-reg] enable_cycle -> _67909_/D : -120.660049
[setup in-reg] enable_cycle -> _67997_/D : -120.660049
[setup in-reg] enable_cycle -> _68085_/D : -120.660049
[setup in-reg] enable_cycle -> _67735_/D : -120.634468
[setup in-reg] enable_cycle -> _67823_/D : -120.634468
[setup in-reg] enable_cycle -> _67911_/D : -120.634468
[setup in-reg] enable_cycle -> _67999_/D : -120.634468
[setup in-reg] enable_cycle -> _68087_/D : -120.634468
[setup in-reg] enable_cycle -> _68175_/D : -120.634468
[setup in-reg] enable_cycle -> _63977_/D : -120.441742
[setup in-reg] enable_cycle -> _64790_/D : -120.441742
[setup in-reg] enable_cycle -> _64791_/D : -120.441742
[setup in-reg] enable_cycle -> _64792_/D : -120.441742
[setup in-reg] enable_cycle -> _65205_/D : -120.441742
[setup in-reg] enable_cycle -> _65312_/D : -120.441742
[setup in-reg] enable_cycle -> _65313_/D : -120.441742
[setup in-reg] enable_cycle -> _65576_/D : -120.441742
[setup in-reg] enable_cycle -> _67318_/D : -120.441742
[setup in-reg] enable_cycle -> _67809_/D : -120.441742
[setup in-reg] enable_cycle -> _68688_/D : -120.441742
[setup in-reg] enable_cycle -> _68998_/D : -120.441742
[setup in-reg] enable_cycle -> _69333_/D : -120.441742
[setup in-reg] enable_cycle -> _69346_/D : -120.441742
[setup in-reg] enable_cycle -> _69441_/D : -120.441742
[setup in-reg] enable_cycle -> _69442_/D : -120.441742
[setup in-reg] enable_cycle -> _69443_/D : -120.441742
[setup in-reg] enable_cycle -> _69483_/D : -120.441742
[setup in-reg] enable_cycle -> _69558_/D : -120.441742
[setup in-reg] enable_cycle -> _69847_/D : -120.441742
[setup in-reg] enable_cycle -> _65199_/D : -120.165756
[setup in-reg] enable_cycle -> _64784_/D : -120.150864
[setup in-reg] enable_cycle -> _68405_/D : -120.150864
[setup in-reg] enable_cycle -> _68587_/D : -120.150864
[setup in-reg] enable_cycle -> _64129_/D : -119.594780
[setup in-reg] enable_cycle -> _64133_/D : -119.594780
[setup in-reg] enable_cycle -> _64340_/D : -119.594780
[setup in-reg] enable_cycle -> _64534_/D : -119.594780
[setup in-reg] enable_cycle -> _64547_/D : -119.594780
[setup in-reg] enable_cycle -> _64638_/D : -119.594780
[setup in-reg] enable_cycle -> _64909_/D : -119.594780
[setup in-reg] enable_cycle -> _64996_/D : -119.594780
[setup in-reg] enable_cycle -> _65109_/D : -119.594780
[setup in-reg] enable_cycle -> _65196_/D : -119.594780
[setup in-reg] enable_cycle -> _65407_/D : -119.594780
[setup in-reg] enable_cycle -> _65572_/D : -119.594780
[setup in-reg] enable_cycle -> _65587_/D : -119.594780
[setup in-reg] enable_cycle -> _66591_/D : -119.594780
[setup in-reg] enable_cycle -> _66753_/D : -119.594780
[setup in-reg] enable_cycle -> _66958_/D : -119.594780
[setup in-reg] enable_cycle -> _67065_/D : -119.594780
[setup in-reg] enable_cycle -> _67145_/D : -119.594780
[setup in-reg] enable_cycle -> _67232_/D : -119.594780
[setup in-reg] enable_cycle -> _67400_/D : -119.594780
[setup in-reg] enable_cycle -> _67405_/D : -119.594780
[setup in-reg] enable_cycle -> _67806_/D : -119.594780
[setup in-reg] enable_cycle -> _68399_/D : -119.594780
[setup in-reg] enable_cycle -> _68594_/D : -119.594780
[setup in-reg] enable_cycle -> _68763_/D : -119.594780
[setup in-reg] enable_cycle -> _68768_/D : -119.594780
[setup in-reg] enable_cycle -> _68989_/D : -119.594780
[setup in-reg] enable_cycle -> _69271_/D : -119.594780
[setup in-reg] enable_cycle -> _69330_/D : -119.594780
[setup in-reg] enable_cycle -> _69343_/D : -119.594780
[setup in-reg] enable_cycle -> _69404_/D : -119.594780
[setup in-reg] enable_cycle -> _69436_/D : -119.594780
[setup in-reg] enable_cycle -> _69467_/D : -119.594780
[setup in-reg] enable_cycle -> _69541_/D : -119.594780
[setup in-reg] enable_cycle -> _69675_/D : -119.594780
[setup in-reg] enable_cycle -> _69831_/D : -119.594780
[setup in-reg] enable_cycle -> _66520_/D : -104.122520
[setup in-reg] enable_cycle -> _66602_/D : -104.122520
[setup in-reg] enable_cycle -> _66684_/D : -104.122520
[setup in-reg] enable_cycle -> _69680_/D : -104.012444
[setup in-reg] enable_cycle -> _65101_/D : -104.011688
[setup in-reg] enable_cycle -> _67731_/D : -104.011688
[setup in-reg] enable_cycle -> _67819_/D : -104.011688
[setup in-reg] enable_cycle -> _68171_/D : -104.011688
[setup in-reg] enable_cycle -> _68495_/D : -104.011688
[setup in-reg] enable_cycle -> _68501_/D : -104.011688
[setup in-reg] enable_cycle -> _68677_/D : -104.011688
[setup in-reg] enable_cycle -> _68865_/D : -104.011688
[setup in-reg] enable_cycle -> _68994_/D : -104.011688
[setup in-reg] enable_cycle -> _69000_/D : -104.011688
[setup in-reg] enable_cycle -> _69114_/D : -104.011688
[setup in-reg] enable_cycle -> _69208_/D : -104.011688
[setup in-reg] enable_cycle -> _64916_/D : -104.007111
[setup in-reg] enable_cycle -> _65016_/D : -104.007111
[setup in-reg] enable_cycle -> _65116_/D : -104.007111
[setup in-reg] enable_cycle -> _65216_/D : -104.007111
[setup in-reg] enable_cycle -> _65316_/D : -104.007111
[setup in-reg] enable_cycle -> _65416_/D : -104.007111
[setup in-reg] enable_cycle -> _69121_/D : -104.007111
[setup in-reg] enable_cycle -> _69215_/D : -104.007111
[setup in-reg] enable_cycle -> _69348_/D : -104.007111
[setup in-reg] enable_cycle -> _69485_/D : -104.007111
[setup in-reg] enable_cycle -> _69849_/D : -104.007111
[setup in-reg] enable_cycle -> _64440_/D : -103.975365
[setup in-reg] enable_cycle -> _64634_/D : -103.975365
[setup in-reg] enable_cycle -> _67403_/D : -103.975365
[setup in-reg] enable_cycle -> _68686_/D : -103.975365
[setup in-reg] enable_cycle -> _69292_/D : -103.975365
[setup in-reg] enable_cycle -> _69340_/D : -103.975365
[setup in-reg] enable_cycle -> _64650_/D : -103.850060
[setup in-reg] enable_cycle -> _69679_/D : -103.780190
[setup in-reg] enable_cycle -> _64141_/D : -103.759644
[setup in-reg] enable_cycle -> _64262_/D : -103.759644
[setup in-reg] enable_cycle -> _64359_/D : -103.759644
[setup in-reg] enable_cycle -> _64456_/D : -103.759644
[setup in-reg] enable_cycle -> _64553_/D : -103.759644
[setup in-reg] enable_cycle -> _68416_/D : -103.759644
[setup in-reg] enable_cycle -> _68507_/D : -103.759644
[setup in-reg] enable_cycle -> _68598_/D : -103.759644
[setup in-reg] enable_cycle -> _68780_/D : -103.759644
[setup in-reg] enable_cycle -> _68871_/D : -103.759644
[setup in-reg] enable_cycle -> _69006_/D : -103.759644
[setup in-reg] enable_cycle -> _69307_/D : -103.759644
[setup in-reg] enable_cycle -> _64159_/D : -103.743378
[setup in-reg] enable_cycle -> _64160_/D : -103.743378
[setup in-reg] enable_cycle -> _64161_/D : -103.743378
[setup in-reg] enable_cycle -> _64162_/D : -103.743378
[setup in-reg] enable_cycle -> _64163_/D : -103.743378
[setup in-reg] enable_cycle -> _64164_/D : -103.743378
[setup in-reg] enable_cycle -> _64165_/D : -103.743378
[setup in-reg] enable_cycle -> _64166_/D : -103.743378
[setup in-reg] enable_cycle -> _64167_/D : -103.743378
[setup in-reg] enable_cycle -> _64168_/D : -103.743378
[setup in-reg] enable_cycle -> _64169_/D : -103.743378
[setup in-reg] enable_cycle -> _64170_/D : -103.743378
[setup in-reg] enable_cycle -> _64171_/D : -103.743378
[setup in-reg] enable_cycle -> _64172_/D : -103.743378
[setup in-reg] enable_cycle -> _64173_/D : -103.743378
[setup in-reg] enable_cycle -> _64174_/D : -103.743378
[setup in-reg] enable_cycle -> _64175_/D : -103.743378
[setup in-reg] enable_cycle -> _64176_/D : -103.743378
[setup in-reg] enable_cycle -> _64177_/D : -103.743378
[setup in-reg] enable_cycle -> _64178_/D : -103.743378
[setup in-reg] enable_cycle -> _64179_/D : -103.743378
[setup in-reg] enable_cycle -> _64180_/D : -103.743378
[setup in-reg] enable_cycle -> _64280_/D : -103.743378
[setup in-reg] enable_cycle -> _64281_/D : -103.743378
[setup in-reg] enable_cycle -> _64282_/D : -103.743378
[setup in-reg] enable_cycle -> _64283_/D : -103.743378
[setup in-reg] enable_cycle -> _64284_/D : -103.743378
[setup in-reg] enable_cycle -> _64285_/D : -103.743378
[setup in-reg] enable_cycle -> _64286_/D : -103.743378
[setup in-reg] enable_cycle -> _64287_/D : -103.743378
[setup in-reg] enable_cycle -> _64288_/D : -103.743378
[setup in-reg] enable_cycle -> _64289_/D : -103.743378
[setup in-reg] enable_cycle -> _64290_/D : -103.743378
[setup in-reg] enable_cycle -> _64291_/D : -103.743378
[setup in-reg] enable_cycle -> _64292_/D : -103.743378
[setup in-reg] enable_cycle -> _64293_/D : -103.743378
[setup in-reg] enable_cycle -> _64294_/D : -103.743378
[setup in-reg] enable_cycle -> _64295_/D : -103.743378
[setup in-reg] enable_cycle -> _64296_/D : -103.743378
[setup in-reg] enable_cycle -> _64297_/D : -103.743378
[setup in-reg] enable_cycle -> _64298_/D : -103.743378
[setup in-reg] enable_cycle -> _64299_/D : -103.743378
[setup in-reg] enable_cycle -> _64300_/D : -103.743378
[setup in-reg] enable_cycle -> _64301_/D : -103.743378
[setup in-reg] enable_cycle -> _64377_/D : -103.743378
[setup in-reg] enable_cycle -> _64378_/D : -103.743378
[setup in-reg] enable_cycle -> _64379_/D : -103.743378
[setup in-reg] enable_cycle -> _64380_/D : -103.743378
[setup in-reg] enable_cycle -> _64381_/D : -103.743378
[setup in-reg] enable_cycle -> _64382_/D : -103.743378
[setup in-reg] enable_cycle -> _64383_/D : -103.743378
[setup in-reg] enable_cycle -> _64384_/D : -103.743378
[setup in-reg] enable_cycle -> _64385_/D : -103.743378
[setup in-reg] enable_cycle -> _64386_/D : -103.743378
[setup in-reg] enable_cycle -> _64387_/D : -103.743378
[setup in-reg] enable_cycle -> _64388_/D : -103.743378
[setup in-reg] enable_cycle -> _64389_/D : -103.743378
[setup in-reg] enable_cycle -> _64390_/D : -103.743378
[setup in-reg] enable_cycle -> _64391_/D : -103.743378
[setup in-reg] enable_cycle -> _64392_/D : -103.743378
[setup in-reg] enable_cycle -> _64393_/D : -103.743378
[setup in-reg] enable_cycle -> _64394_/D : -103.743378
[setup in-reg] enable_cycle -> _64395_/D : -103.743378
[setup in-reg] enable_cycle -> _64396_/D : -103.743378
[setup in-reg] enable_cycle -> _64397_/D : -103.743378
[setup in-reg] enable_cycle -> _64398_/D : -103.743378
[setup in-reg] enable_cycle -> _64474_/D : -103.743378
[setup in-reg] enable_cycle -> _64475_/D : -103.743378
[setup in-reg] enable_cycle -> _64476_/D : -103.743378
[setup in-reg] enable_cycle -> _64477_/D : -103.743378
[setup in-reg] enable_cycle -> _64478_/D : -103.743378
[setup in-reg] enable_cycle -> _64479_/D : -103.743378
[setup in-reg] enable_cycle -> _64480_/D : -103.743378
[setup in-reg] enable_cycle -> _64481_/D : -103.743378
[setup in-reg] enable_cycle -> _64482_/D : -103.743378
[setup in-reg] enable_cycle -> _64483_/D : -103.743378
[setup in-reg] enable_cycle -> _64484_/D : -103.743378
[setup in-reg] enable_cycle -> _64485_/D : -103.743378
[setup in-reg] enable_cycle -> _64486_/D : -103.743378
[setup in-reg] enable_cycle -> _64487_/D : -103.743378
[setup in-reg] enable_cycle -> _64488_/D : -103.743378
[setup in-reg] enable_cycle -> _64489_/D : -103.743378
[setup in-reg] enable_cycle -> _64490_/D : -103.743378
[setup in-reg] enable_cycle -> _64491_/D : -103.743378
[setup in-reg] enable_cycle -> _64492_/D : -103.743378
[setup in-reg] enable_cycle -> _64493_/D : -103.743378
[setup in-reg] enable_cycle -> _64494_/D : -103.743378
[setup in-reg] enable_cycle -> _64495_/D : -103.743378
[setup in-reg] enable_cycle -> _64571_/D : -103.743378
[setup in-reg] enable_cycle -> _64572_/D : -103.743378
[setup in-reg] enable_cycle -> _64573_/D : -103.743378
[setup in-reg] enable_cycle -> _64574_/D : -103.743378
[setup in-reg] enable_cycle -> _64575_/D : -103.743378
[setup in-reg] enable_cycle -> _64576_/D : -103.743378
[setup in-reg] enable_cycle -> _64577_/D : -103.743378
[setup in-reg] enable_cycle -> _64578_/D : -103.743378
[setup in-reg] enable_cycle -> _64579_/D : -103.743378
[setup in-reg] enable_cycle -> _64580_/D : -103.743378
[setup in-reg] enable_cycle -> _64581_/D : -103.743378
[setup in-reg] enable_cycle -> _64582_/D : -103.743378
[setup in-reg] enable_cycle -> _64583_/D : -103.743378
[setup in-reg] enable_cycle -> _64584_/D : -103.743378
[setup in-reg] enable_cycle -> _64585_/D : -103.743378
[setup in-reg] enable_cycle -> _64586_/D : -103.743378
[setup in-reg] enable_cycle -> _64587_/D : -103.743378
[setup in-reg] enable_cycle -> _64588_/D : -103.743378
[setup in-reg] enable_cycle -> _64589_/D : -103.743378
[setup in-reg] enable_cycle -> _64590_/D : -103.743378
[setup in-reg] enable_cycle -> _64591_/D : -103.743378
[setup in-reg] enable_cycle -> _64592_/D : -103.743378
[setup in-reg] enable_cycle -> _64668_/D : -103.743378
[setup in-reg] enable_cycle -> _64669_/D : -103.743378
[setup in-reg] enable_cycle -> _64670_/D : -103.743378
[setup in-reg] enable_cycle -> _64671_/D : -103.743378
[setup in-reg] enable_cycle -> _64672_/D : -103.743378
[setup in-reg] enable_cycle -> _64673_/D : -103.743378
[setup in-reg] enable_cycle -> _64674_/D : -103.743378
[setup in-reg] enable_cycle -> _64675_/D : -103.743378
[setup in-reg] enable_cycle -> _64676_/D : -103.743378
[setup in-reg] enable_cycle -> _64677_/D : -103.743378
[setup in-reg] enable_cycle -> _64678_/D : -103.743378
[setup in-reg] enable_cycle -> _64679_/D : -103.743378
[setup in-reg] enable_cycle -> _64680_/D : -103.743378
[setup in-reg] enable_cycle -> _64681_/D : -103.743378
[setup in-reg] enable_cycle -> _64682_/D : -103.743378
[setup in-reg] enable_cycle -> _64683_/D : -103.743378
[setup in-reg] enable_cycle -> _64684_/D : -103.743378
[setup in-reg] enable_cycle -> _64685_/D : -103.743378
[setup in-reg] enable_cycle -> _64686_/D : -103.743378
[setup in-reg] enable_cycle -> _64687_/D : -103.743378
[setup in-reg] enable_cycle -> _64688_/D : -103.743378
[setup in-reg] enable_cycle -> _64689_/D : -103.743378
[setup in-reg] enable_cycle -> _65670_/D : -103.743378
[setup in-reg] enable_cycle -> _65671_/D : -103.743378
[setup in-reg] enable_cycle -> _65672_/D : -103.743378
[setup in-reg] enable_cycle -> _65673_/D : -103.743378
[setup in-reg] enable_cycle -> _65674_/D : -103.743378
[setup in-reg] enable_cycle -> _65675_/D : -103.743378
[setup in-reg] enable_cycle -> _65676_/D : -103.743378
[setup in-reg] enable_cycle -> _65677_/D : -103.743378
[setup in-reg] enable_cycle -> _65678_/D : -103.743378
[setup in-reg] enable_cycle -> _65679_/D : -103.743378
[setup in-reg] enable_cycle -> _65680_/D : -103.743378
[setup in-reg] enable_cycle -> _65681_/D : -103.743378
[setup in-reg] enable_cycle -> _65682_/D : -103.743378
[setup in-reg] enable_cycle -> _65683_/D : -103.743378
[setup in-reg] enable_cycle -> _65684_/D : -103.743378
[setup in-reg] enable_cycle -> _65685_/D : -103.743378
[setup in-reg] enable_cycle -> _65902_/D : -103.743378
[setup in-reg] enable_cycle -> _65903_/D : -103.743378
[setup in-reg] enable_cycle -> _65904_/D : -103.743378
[setup in-reg] enable_cycle -> _65905_/D : -103.743378
[setup in-reg] enable_cycle -> _65906_/D : -103.743378
[setup in-reg] enable_cycle -> _65907_/D : -103.743378
[setup in-reg] enable_cycle -> _65908_/D : -103.743378
[setup in-reg] enable_cycle -> _65909_/D : -103.743378
[setup in-reg] enable_cycle -> _65910_/D : -103.743378
[setup in-reg] enable_cycle -> _65911_/D : -103.743378
[setup in-reg] enable_cycle -> _65912_/D : -103.743378
[setup in-reg] enable_cycle -> _65913_/D : -103.743378
[setup in-reg] enable_cycle -> _65914_/D : -103.743378
[setup in-reg] enable_cycle -> _65915_/D : -103.743378
[setup in-reg] enable_cycle -> _65916_/D : -103.743378
[setup in-reg] enable_cycle -> _65917_/D : -103.743378
[setup in-reg] enable_cycle -> _65934_/D : -103.743378
[setup in-reg] enable_cycle -> _65935_/D : -103.743378
[setup in-reg] enable_cycle -> _65936_/D : -103.743378
[setup in-reg] enable_cycle -> _65937_/D : -103.743378
[setup in-reg] enable_cycle -> _65938_/D : -103.743378
[setup in-reg] enable_cycle -> _65939_/D : -103.743378
[setup in-reg] enable_cycle -> _65940_/D : -103.743378
[setup in-reg] enable_cycle -> _65941_/D : -103.743378
[setup in-reg] enable_cycle -> _65942_/D : -103.743378
[setup in-reg] enable_cycle -> _65943_/D : -103.743378
[setup in-reg] enable_cycle -> _65944_/D : -103.743378
[setup in-reg] enable_cycle -> _65945_/D : -103.743378
[setup in-reg] enable_cycle -> _65946_/D : -103.743378
[setup in-reg] enable_cycle -> _65947_/D : -103.743378
[setup in-reg] enable_cycle -> _65948_/D : -103.743378
[setup in-reg] enable_cycle -> _65949_/D : -103.743378
[setup in-reg] enable_cycle -> _65966_/D : -103.743378
[setup in-reg] enable_cycle -> _65967_/D : -103.743378
[setup in-reg] enable_cycle -> _65968_/D : -103.743378
[setup in-reg] enable_cycle -> _65969_/D : -103.743378
[setup in-reg] enable_cycle -> _65970_/D : -103.743378
[setup in-reg] enable_cycle -> _65971_/D : -103.743378
[setup in-reg] enable_cycle -> _65972_/D : -103.743378
[setup in-reg] enable_cycle -> _65973_/D : -103.743378
[setup in-reg] enable_cycle -> _65974_/D : -103.743378
[setup in-reg] enable_cycle -> _65975_/D : -103.743378
[setup in-reg] enable_cycle -> _65976_/D : -103.743378
[setup in-reg] enable_cycle -> _65977_/D : -103.743378
[setup in-reg] enable_cycle -> _65978_/D : -103.743378
[setup in-reg] enable_cycle -> _65979_/D : -103.743378
[setup in-reg] enable_cycle -> _65980_/D : -103.743378
[setup in-reg] enable_cycle -> _65981_/D : -103.743378
[setup in-reg] enable_cycle -> _65998_/D : -103.743378
[setup in-reg] enable_cycle -> _65999_/D : -103.743378
[setup in-reg] enable_cycle -> _66000_/D : -103.743378
[setup in-reg] enable_cycle -> _66001_/D : -103.743378
[setup in-reg] enable_cycle -> _66002_/D : -103.743378
[setup in-reg] enable_cycle -> _66003_/D : -103.743378
[setup in-reg] enable_cycle -> _66004_/D : -103.743378
[setup in-reg] enable_cycle -> _66005_/D : -103.743378
[setup in-reg] enable_cycle -> _66006_/D : -103.743378
[setup in-reg] enable_cycle -> _66007_/D : -103.743378
[setup in-reg] enable_cycle -> _66008_/D : -103.743378
[setup in-reg] enable_cycle -> _66009_/D : -103.743378
[setup in-reg] enable_cycle -> _66010_/D : -103.743378
[setup in-reg] enable_cycle -> _66011_/D : -103.743378
[setup in-reg] enable_cycle -> _66012_/D : -103.743378
[setup in-reg] enable_cycle -> _66013_/D : -103.743378
[setup in-reg] enable_cycle -> _66030_/D : -103.743378
[setup in-reg] enable_cycle -> _66031_/D : -103.743378
[setup in-reg] enable_cycle -> _66032_/D : -103.743378
[setup in-reg] enable_cycle -> _66033_/D : -103.743378
[setup in-reg] enable_cycle -> _66034_/D : -103.743378
[setup in-reg] enable_cycle -> _66035_/D : -103.743378
[setup in-reg] enable_cycle -> _66036_/D : -103.743378
[setup in-reg] enable_cycle -> _66037_/D : -103.743378
[setup in-reg] enable_cycle -> _66038_/D : -103.743378
[setup in-reg] enable_cycle -> _66039_/D : -103.743378
[setup in-reg] enable_cycle -> _66040_/D : -103.743378
[setup in-reg] enable_cycle -> _66041_/D : -103.743378
[setup in-reg] enable_cycle -> _66042_/D : -103.743378
[setup in-reg] enable_cycle -> _66043_/D : -103.743378
[setup in-reg] enable_cycle -> _66044_/D : -103.743378
[setup in-reg] enable_cycle -> _66045_/D : -103.743378
[setup in-reg] enable_cycle -> _66062_/D : -103.743378
[setup in-reg] enable_cycle -> _66063_/D : -103.743378
[setup in-reg] enable_cycle -> _66064_/D : -103.743378
[setup in-reg] enable_cycle -> _66065_/D : -103.743378
[setup in-reg] enable_cycle -> _66066_/D : -103.743378
[setup in-reg] enable_cycle -> _66067_/D : -103.743378
[setup in-reg] enable_cycle -> _66068_/D : -103.743378
[setup in-reg] enable_cycle -> _66069_/D : -103.743378
[setup in-reg] enable_cycle -> _66070_/D : -103.743378
[setup in-reg] enable_cycle -> _66071_/D : -103.743378
[setup in-reg] enable_cycle -> _66072_/D : -103.743378
[setup in-reg] enable_cycle -> _66073_/D : -103.743378
[setup in-reg] enable_cycle -> _66074_/D : -103.743378
[setup in-reg] enable_cycle -> _66075_/D : -103.743378
[setup in-reg] enable_cycle -> _66076_/D : -103.743378
[setup in-reg] enable_cycle -> _66077_/D : -103.743378
[setup in-reg] enable_cycle -> _66094_/D : -103.743378
[setup in-reg] enable_cycle -> _66095_/D : -103.743378
[setup in-reg] enable_cycle -> _66096_/D : -103.743378
[setup in-reg] enable_cycle -> _66097_/D : -103.743378
[setup in-reg] enable_cycle -> _66098_/D : -103.743378
[setup in-reg] enable_cycle -> _66099_/D : -103.743378
[setup in-reg] enable_cycle -> _66100_/D : -103.743378
[setup in-reg] enable_cycle -> _66101_/D : -103.743378
[setup in-reg] enable_cycle -> _66102_/D : -103.743378
[setup in-reg] enable_cycle -> _66103_/D : -103.743378
[setup in-reg] enable_cycle -> _66104_/D : -103.743378
[setup in-reg] enable_cycle -> _66105_/D : -103.743378
[setup in-reg] enable_cycle -> _66106_/D : -103.743378
[setup in-reg] enable_cycle -> _66107_/D : -103.743378
[setup in-reg] enable_cycle -> _66108_/D : -103.743378
[setup in-reg] enable_cycle -> _66109_/D : -103.743378
[setup in-reg] enable_cycle -> _66126_/D : -103.743378
[setup in-reg] enable_cycle -> _66127_/D : -103.743378
[setup in-reg] enable_cycle -> _66128_/D : -103.743378
[setup in-reg] enable_cycle -> _66129_/D : -103.743378
[setup in-reg] enable_cycle -> _66130_/D : -103.743378
[setup in-reg] enable_cycle -> _66131_/D : -103.743378
[setup in-reg] enable_cycle -> _66132_/D : -103.743378
[setup in-reg] enable_cycle -> _66133_/D : -103.743378
[setup in-reg] enable_cycle -> _66134_/D : -103.743378
[setup in-reg] enable_cycle -> _66135_/D : -103.743378
[setup in-reg] enable_cycle -> _66136_/D : -103.743378
[setup in-reg] enable_cycle -> _66137_/D : -103.743378
[setup in-reg] enable_cycle -> _66138_/D : -103.743378
[setup in-reg] enable_cycle -> _66139_/D : -103.743378
[setup in-reg] enable_cycle -> _66140_/D : -103.743378
[setup in-reg] enable_cycle -> _66141_/D : -103.743378
[setup in-reg] enable_cycle -> _66158_/D : -103.743378
[setup in-reg] enable_cycle -> _66159_/D : -103.743378
[setup in-reg] enable_cycle -> _66160_/D : -103.743378
[setup in-reg] enable_cycle -> _66161_/D : -103.743378
[setup in-reg] enable_cycle -> _66162_/D : -103.743378
[setup in-reg] enable_cycle -> _66163_/D : -103.743378
[setup in-reg] enable_cycle -> _66164_/D : -103.743378
[setup in-reg] enable_cycle -> _66165_/D : -103.743378
[setup in-reg] enable_cycle -> _66166_/D : -103.743378
[setup in-reg] enable_cycle -> _66167_/D : -103.743378
[setup in-reg] enable_cycle -> _66168_/D : -103.743378
[setup in-reg] enable_cycle -> _66169_/D : -103.743378
[setup in-reg] enable_cycle -> _66170_/D : -103.743378
[setup in-reg] enable_cycle -> _66171_/D : -103.743378
[setup in-reg] enable_cycle -> _66172_/D : -103.743378
[setup in-reg] enable_cycle -> _66173_/D : -103.743378
[setup in-reg] enable_cycle -> _66190_/D : -103.743378
[setup in-reg] enable_cycle -> _66191_/D : -103.743378
[setup in-reg] enable_cycle -> _66192_/D : -103.743378
[setup in-reg] enable_cycle -> _66193_/D : -103.743378
[setup in-reg] enable_cycle -> _66194_/D : -103.743378
[setup in-reg] enable_cycle -> _66195_/D : -103.743378
[setup in-reg] enable_cycle -> _66196_/D : -103.743378
[setup in-reg] enable_cycle -> _66197_/D : -103.743378
[setup in-reg] enable_cycle -> _66198_/D : -103.743378
[setup in-reg] enable_cycle -> _66199_/D : -103.743378
[setup in-reg] enable_cycle -> _66200_/D : -103.743378
[setup in-reg] enable_cycle -> _66201_/D : -103.743378
[setup in-reg] enable_cycle -> _66202_/D : -103.743378
[setup in-reg] enable_cycle -> _66203_/D : -103.743378
[setup in-reg] enable_cycle -> _66204_/D : -103.743378
[setup in-reg] enable_cycle -> _66205_/D : -103.743378
[setup in-reg] enable_cycle -> _66222_/D : -103.743378
[setup in-reg] enable_cycle -> _66223_/D : -103.743378
[setup in-reg] enable_cycle -> _66224_/D : -103.743378
[setup in-reg] enable_cycle -> _66225_/D : -103.743378
[setup in-reg] enable_cycle -> _66226_/D : -103.743378
[setup in-reg] enable_cycle -> _66227_/D : -103.743378
[setup in-reg] enable_cycle -> _66228_/D : -103.743378
[setup in-reg] enable_cycle -> _66229_/D : -103.743378
[setup in-reg] enable_cycle -> _66230_/D : -103.743378
[setup in-reg] enable_cycle -> _66231_/D : -103.743378
[setup in-reg] enable_cycle -> _66232_/D : -103.743378
[setup in-reg] enable_cycle -> _66233_/D : -103.743378
[setup in-reg] enable_cycle -> _66234_/D : -103.743378
[setup in-reg] enable_cycle -> _66235_/D : -103.743378
[setup in-reg] enable_cycle -> _66236_/D : -103.743378
[setup in-reg] enable_cycle -> _66237_/D : -103.743378
[setup in-reg] enable_cycle -> _66254_/D : -103.743378
[setup in-reg] enable_cycle -> _66255_/D : -103.743378
[setup in-reg] enable_cycle -> _66256_/D : -103.743378
[setup in-reg] enable_cycle -> _66257_/D : -103.743378
[setup in-reg] enable_cycle -> _66258_/D : -103.743378
[setup in-reg] enable_cycle -> _66259_/D : -103.743378
[setup in-reg] enable_cycle -> _66260_/D : -103.743378
[setup in-reg] enable_cycle -> _66261_/D : -103.743378
[setup in-reg] enable_cycle -> _66262_/D : -103.743378
[setup in-reg] enable_cycle -> _66263_/D : -103.743378
[setup in-reg] enable_cycle -> _66264_/D : -103.743378
[setup in-reg] enable_cycle -> _66265_/D : -103.743378
[setup in-reg] enable_cycle -> _66266_/D : -103.743378
[setup in-reg] enable_cycle -> _66267_/D : -103.743378
[setup in-reg] enable_cycle -> _66268_/D : -103.743378
[setup in-reg] enable_cycle -> _66269_/D : -103.743378
[setup in-reg] enable_cycle -> _66326_/D : -103.743378
[setup in-reg] enable_cycle -> _66327_/D : -103.743378
[setup in-reg] enable_cycle -> _66328_/D : -103.743378
[setup in-reg] enable_cycle -> _66329_/D : -103.743378
[setup in-reg] enable_cycle -> _66330_/D : -103.743378
[setup in-reg] enable_cycle -> _66331_/D : -103.743378
[setup in-reg] enable_cycle -> _66332_/D : -103.743378
[setup in-reg] enable_cycle -> _66333_/D : -103.743378
[setup in-reg] enable_cycle -> _66334_/D : -103.743378
[setup in-reg] enable_cycle -> _66335_/D : -103.743378
[setup in-reg] enable_cycle -> _66336_/D : -103.743378
[setup in-reg] enable_cycle -> _66337_/D : -103.743378
[setup in-reg] enable_cycle -> _66338_/D : -103.743378
[setup in-reg] enable_cycle -> _66339_/D : -103.743378
[setup in-reg] enable_cycle -> _66340_/D : -103.743378
[setup in-reg] enable_cycle -> _66341_/D : -103.743378
[setup in-reg] enable_cycle -> _66342_/D : -103.743378
[setup in-reg] enable_cycle -> _66343_/D : -103.743378
[setup in-reg] enable_cycle -> _66344_/D : -103.743378
[setup in-reg] enable_cycle -> _66345_/D : -103.743378
[setup in-reg] enable_cycle -> _66346_/D : -103.743378
[setup in-reg] enable_cycle -> _66347_/D : -103.743378
[setup in-reg] enable_cycle -> _66348_/D : -103.743378
[setup in-reg] enable_cycle -> _66349_/D : -103.743378
[setup in-reg] enable_cycle -> _66350_/D : -103.743378
[setup in-reg] enable_cycle -> _66351_/D : -103.743378
[setup in-reg] enable_cycle -> _66352_/D : -103.743378
[setup in-reg] enable_cycle -> _66353_/D : -103.743378
[setup in-reg] enable_cycle -> _66354_/D : -103.743378
[setup in-reg] enable_cycle -> _66355_/D : -103.743378
[setup in-reg] enable_cycle -> _66356_/D : -103.743378
[setup in-reg] enable_cycle -> _66357_/D : -103.743378
[setup in-reg] enable_cycle -> _66358_/D : -103.743378
[setup in-reg] enable_cycle -> _66457_/D : -103.743378
[setup in-reg] enable_cycle -> _66458_/D : -103.743378
[setup in-reg] enable_cycle -> _66459_/D : -103.743378
[setup in-reg] enable_cycle -> _66460_/D : -103.743378
[setup in-reg] enable_cycle -> _66461_/D : -103.743378
[setup in-reg] enable_cycle -> _66462_/D : -103.743378
[setup in-reg] enable_cycle -> _66463_/D : -103.743378
[setup in-reg] enable_cycle -> _66464_/D : -103.743378
[setup in-reg] enable_cycle -> _66465_/D : -103.743378
[setup in-reg] enable_cycle -> _66466_/D : -103.743378
[setup in-reg] enable_cycle -> _66467_/D : -103.743378
[setup in-reg] enable_cycle -> _66468_/D : -103.743378
[setup in-reg] enable_cycle -> _66469_/D : -103.743378
[setup in-reg] enable_cycle -> _66470_/D : -103.743378
[setup in-reg] enable_cycle -> _66471_/D : -103.743378
[setup in-reg] enable_cycle -> _66472_/D : -103.743378
[setup in-reg] enable_cycle -> _66473_/D : -103.743378
[setup in-reg] enable_cycle -> _66539_/D : -103.743378
[setup in-reg] enable_cycle -> _66540_/D : -103.743378
[setup in-reg] enable_cycle -> _66541_/D : -103.743378
[setup in-reg] enable_cycle -> _66542_/D : -103.743378
[setup in-reg] enable_cycle -> _66543_/D : -103.743378
[setup in-reg] enable_cycle -> _66544_/D : -103.743378
[setup in-reg] enable_cycle -> _66545_/D : -103.743378
[setup in-reg] enable_cycle -> _66546_/D : -103.743378
[setup in-reg] enable_cycle -> _66547_/D : -103.743378
[setup in-reg] enable_cycle -> _66548_/D : -103.743378
[setup in-reg] enable_cycle -> _66549_/D : -103.743378
[setup in-reg] enable_cycle -> _66550_/D : -103.743378
[setup in-reg] enable_cycle -> _66551_/D : -103.743378
[setup in-reg] enable_cycle -> _66552_/D : -103.743378
[setup in-reg] enable_cycle -> _66553_/D : -103.743378
[setup in-reg] enable_cycle -> _66554_/D : -103.743378
[setup in-reg] enable_cycle -> _66555_/D : -103.743378
[setup in-reg] enable_cycle -> _66621_/D : -103.743378
[setup in-reg] enable_cycle -> _66622_/D : -103.743378
[setup in-reg] enable_cycle -> _66623_/D : -103.743378
[setup in-reg] enable_cycle -> _66624_/D : -103.743378
[setup in-reg] enable_cycle -> _66625_/D : -103.743378
[setup in-reg] enable_cycle -> _66626_/D : -103.743378
[setup in-reg] enable_cycle -> _66627_/D : -103.743378
[setup in-reg] enable_cycle -> _66628_/D : -103.743378
[setup in-reg] enable_cycle -> _66629_/D : -103.743378
[setup in-reg] enable_cycle -> _66630_/D : -103.743378
[setup in-reg] enable_cycle -> _66631_/D : -103.743378
[setup in-reg] enable_cycle -> _66632_/D : -103.743378
[setup in-reg] enable_cycle -> _66633_/D : -103.743378
[setup in-reg] enable_cycle -> _66634_/D : -103.743378
[setup in-reg] enable_cycle -> _66635_/D : -103.743378
[setup in-reg] enable_cycle -> _66636_/D : -103.743378
[setup in-reg] enable_cycle -> _66637_/D : -103.743378
[setup in-reg] enable_cycle -> _66703_/D : -103.743378
[setup in-reg] enable_cycle -> _66704_/D : -103.743378
[setup in-reg] enable_cycle -> _66705_/D : -103.743378
[setup in-reg] enable_cycle -> _66706_/D : -103.743378
[setup in-reg] enable_cycle -> _66707_/D : -103.743378
[setup in-reg] enable_cycle -> _66708_/D : -103.743378
[setup in-reg] enable_cycle -> _66709_/D : -103.743378
[setup in-reg] enable_cycle -> _66710_/D : -103.743378
[setup in-reg] enable_cycle -> _66711_/D : -103.743378
[setup in-reg] enable_cycle -> _66712_/D : -103.743378
[setup in-reg] enable_cycle -> _66713_/D : -103.743378
[setup in-reg] enable_cycle -> _66714_/D : -103.743378
[setup in-reg] enable_cycle -> _66715_/D : -103.743378
[setup in-reg] enable_cycle -> _66716_/D : -103.743378
[setup in-reg] enable_cycle -> _66717_/D : -103.743378
[setup in-reg] enable_cycle -> _66718_/D : -103.743378
[setup in-reg] enable_cycle -> _66719_/D : -103.743378
[setup in-reg] enable_cycle -> _66785_/D : -103.743378
[setup in-reg] enable_cycle -> _66786_/D : -103.743378
[setup in-reg] enable_cycle -> _66787_/D : -103.743378
[setup in-reg] enable_cycle -> _66788_/D : -103.743378
[setup in-reg] enable_cycle -> _66789_/D : -103.743378
[setup in-reg] enable_cycle -> _66790_/D : -103.743378
[setup in-reg] enable_cycle -> _66791_/D : -103.743378
[setup in-reg] enable_cycle -> _66792_/D : -103.743378
[setup in-reg] enable_cycle -> _66793_/D : -103.743378
[setup in-reg] enable_cycle -> _66794_/D : -103.743378
[setup in-reg] enable_cycle -> _66795_/D : -103.743378
[setup in-reg] enable_cycle -> _66796_/D : -103.743378
[setup in-reg] enable_cycle -> _66797_/D : -103.743378
[setup in-reg] enable_cycle -> _66798_/D : -103.743378
[setup in-reg] enable_cycle -> _66799_/D : -103.743378
[setup in-reg] enable_cycle -> _66800_/D : -103.743378
[setup in-reg] enable_cycle -> _66801_/D : -103.743378
[setup in-reg] enable_cycle -> _66867_/D : -103.743378
[setup in-reg] enable_cycle -> _66868_/D : -103.743378
[setup in-reg] enable_cycle -> _66869_/D : -103.743378
[setup in-reg] enable_cycle -> _66870_/D : -103.743378
[setup in-reg] enable_cycle -> _66871_/D : -103.743378
[setup in-reg] enable_cycle -> _66872_/D : -103.743378
[setup in-reg] enable_cycle -> _66873_/D : -103.743378
[setup in-reg] enable_cycle -> _66874_/D : -103.743378
[setup in-reg] enable_cycle -> _66875_/D : -103.743378
[setup in-reg] enable_cycle -> _66876_/D : -103.743378
[setup in-reg] enable_cycle -> _66877_/D : -103.743378
[setup in-reg] enable_cycle -> _66878_/D : -103.743378
[setup in-reg] enable_cycle -> _66879_/D : -103.743378
[setup in-reg] enable_cycle -> _66880_/D : -103.743378
[setup in-reg] enable_cycle -> _66881_/D : -103.743378
[setup in-reg] enable_cycle -> _66882_/D : -103.743378
[setup in-reg] enable_cycle -> _66883_/D : -103.743378
[setup in-reg] enable_cycle -> _67093_/D : -103.743378
[setup in-reg] enable_cycle -> _67094_/D : -103.743378
[setup in-reg] enable_cycle -> _67095_/D : -103.743378
[setup in-reg] enable_cycle -> _67096_/D : -103.743378
[setup in-reg] enable_cycle -> _67097_/D : -103.743378
[setup in-reg] enable_cycle -> _67098_/D : -103.743378
[setup in-reg] enable_cycle -> _67099_/D : -103.743378
[setup in-reg] enable_cycle -> _67100_/D : -103.743378
[setup in-reg] enable_cycle -> _67101_/D : -103.743378
[setup in-reg] enable_cycle -> _67102_/D : -103.743378
[setup in-reg] enable_cycle -> _67103_/D : -103.743378
[setup in-reg] enable_cycle -> _67104_/D : -103.743378
[setup in-reg] enable_cycle -> _67105_/D : -103.743378
[setup in-reg] enable_cycle -> _67106_/D : -103.743378
[setup in-reg] enable_cycle -> _67107_/D : -103.743378
[setup in-reg] enable_cycle -> _67108_/D : -103.743378
[setup in-reg] enable_cycle -> _67109_/D : -103.743378
[setup in-reg] enable_cycle -> _67110_/D : -103.743378
[setup in-reg] enable_cycle -> _67178_/D : -103.743378
[setup in-reg] enable_cycle -> _67179_/D : -103.743378
[setup in-reg] enable_cycle -> _67180_/D : -103.743378
[setup in-reg] enable_cycle -> _67181_/D : -103.743378
[setup in-reg] enable_cycle -> _67182_/D : -103.743378
[setup in-reg] enable_cycle -> _67183_/D : -103.743378
[setup in-reg] enable_cycle -> _67184_/D : -103.743378
[setup in-reg] enable_cycle -> _67185_/D : -103.743378
[setup in-reg] enable_cycle -> _67186_/D : -103.743378
[setup in-reg] enable_cycle -> _67187_/D : -103.743378
[setup in-reg] enable_cycle -> _67188_/D : -103.743378
[setup in-reg] enable_cycle -> _67189_/D : -103.743378
[setup in-reg] enable_cycle -> _67190_/D : -103.743378
[setup in-reg] enable_cycle -> _67191_/D : -103.743378
[setup in-reg] enable_cycle -> _67192_/D : -103.743378
[setup in-reg] enable_cycle -> _67193_/D : -103.743378
[setup in-reg] enable_cycle -> _67194_/D : -103.743378
[setup in-reg] enable_cycle -> _67195_/D : -103.743378
[setup in-reg] enable_cycle -> _67263_/D : -103.743378
[setup in-reg] enable_cycle -> _67264_/D : -103.743378
[setup in-reg] enable_cycle -> _67265_/D : -103.743378
[setup in-reg] enable_cycle -> _67266_/D : -103.743378
[setup in-reg] enable_cycle -> _67267_/D : -103.743378
[setup in-reg] enable_cycle -> _67268_/D : -103.743378
[setup in-reg] enable_cycle -> _67269_/D : -103.743378
[setup in-reg] enable_cycle -> _67270_/D : -103.743378
[setup in-reg] enable_cycle -> _67271_/D : -103.743378
[setup in-reg] enable_cycle -> _67272_/D : -103.743378
[setup in-reg] enable_cycle -> _67273_/D : -103.743378
[setup in-reg] enable_cycle -> _67274_/D : -103.743378
[setup in-reg] enable_cycle -> _67275_/D : -103.743378
[setup in-reg] enable_cycle -> _67276_/D : -103.743378
[setup in-reg] enable_cycle -> _67277_/D : -103.743378
[setup in-reg] enable_cycle -> _67278_/D : -103.743378
[setup in-reg] enable_cycle -> _67279_/D : -103.743378
[setup in-reg] enable_cycle -> _67280_/D : -103.743378
[setup in-reg] enable_cycle -> _67348_/D : -103.743378
[setup in-reg] enable_cycle -> _67349_/D : -103.743378
[setup in-reg] enable_cycle -> _67350_/D : -103.743378
[setup in-reg] enable_cycle -> _67351_/D : -103.743378
[setup in-reg] enable_cycle -> _67352_/D : -103.743378
[setup in-reg] enable_cycle -> _67353_/D : -103.743378
[setup in-reg] enable_cycle -> _67354_/D : -103.743378
[setup in-reg] enable_cycle -> _67355_/D : -103.743378
[setup in-reg] enable_cycle -> _67356_/D : -103.743378
[setup in-reg] enable_cycle -> _67357_/D : -103.743378
[setup in-reg] enable_cycle -> _67358_/D : -103.743378
[setup in-reg] enable_cycle -> _67359_/D : -103.743378
[setup in-reg] enable_cycle -> _67360_/D : -103.743378
[setup in-reg] enable_cycle -> _67361_/D : -103.743378
[setup in-reg] enable_cycle -> _67362_/D : -103.743378
[setup in-reg] enable_cycle -> _67363_/D : -103.743378
[setup in-reg] enable_cycle -> _67364_/D : -103.743378
[setup in-reg] enable_cycle -> _67365_/D : -103.743378
[setup in-reg] enable_cycle -> _67433_/D : -103.743378
[setup in-reg] enable_cycle -> _67434_/D : -103.743378
[setup in-reg] enable_cycle -> _67435_/D : -103.743378
[setup in-reg] enable_cycle -> _67436_/D : -103.743378
[setup in-reg] enable_cycle -> _67437_/D : -103.743378
[setup in-reg] enable_cycle -> _67438_/D : -103.743378
[setup in-reg] enable_cycle -> _67439_/D : -103.743378
[setup in-reg] enable_cycle -> _67440_/D : -103.743378
[setup in-reg] enable_cycle -> _67441_/D : -103.743378
[setup in-reg] enable_cycle -> _67442_/D : -103.743378
[setup in-reg] enable_cycle -> _67443_/D : -103.743378
[setup in-reg] enable_cycle -> _67444_/D : -103.743378
[setup in-reg] enable_cycle -> _67445_/D : -103.743378
[setup in-reg] enable_cycle -> _67446_/D : -103.743378
[setup in-reg] enable_cycle -> _67447_/D : -103.743378
[setup in-reg] enable_cycle -> _67448_/D : -103.743378
[setup in-reg] enable_cycle -> _67449_/D : -103.743378
[setup in-reg] enable_cycle -> _67450_/D : -103.743378
[setup in-reg] enable_cycle -> _67518_/D : -103.743378
[setup in-reg] enable_cycle -> _67519_/D : -103.743378
[setup in-reg] enable_cycle -> _67520_/D : -103.743378
[setup in-reg] enable_cycle -> _67521_/D : -103.743378
[setup in-reg] enable_cycle -> _67522_/D : -103.743378
[setup in-reg] enable_cycle -> _67523_/D : -103.743378
[setup in-reg] enable_cycle -> _67524_/D : -103.743378
[setup in-reg] enable_cycle -> _67525_/D : -103.743378
[setup in-reg] enable_cycle -> _67526_/D : -103.743378
[setup in-reg] enable_cycle -> _67527_/D : -103.743378
[setup in-reg] enable_cycle -> _67528_/D : -103.743378
[setup in-reg] enable_cycle -> _67529_/D : -103.743378
[setup in-reg] enable_cycle -> _67530_/D : -103.743378
[setup in-reg] enable_cycle -> _67531_/D : -103.743378
[setup in-reg] enable_cycle -> _67532_/D : -103.743378
[setup in-reg] enable_cycle -> _67533_/D : -103.743378
[setup in-reg] enable_cycle -> _67534_/D : -103.743378
[setup in-reg] enable_cycle -> _67535_/D : -103.743378
[setup in-reg] enable_cycle -> _67752_/D : -103.743378
[setup in-reg] enable_cycle -> _67753_/D : -103.743378
[setup in-reg] enable_cycle -> _67754_/D : -103.743378
[setup in-reg] enable_cycle -> _67755_/D : -103.743378
[setup in-reg] enable_cycle -> _67756_/D : -103.743378
[setup in-reg] enable_cycle -> _67757_/D : -103.743378
[setup in-reg] enable_cycle -> _67758_/D : -103.743378
[setup in-reg] enable_cycle -> _67759_/D : -103.743378
[setup in-reg] enable_cycle -> _67760_/D : -103.743378
[setup in-reg] enable_cycle -> _67761_/D : -103.743378
[setup in-reg] enable_cycle -> _67762_/D : -103.743378
[setup in-reg] enable_cycle -> _67763_/D : -103.743378
[setup in-reg] enable_cycle -> _67764_/D : -103.743378
[setup in-reg] enable_cycle -> _67765_/D : -103.743378
[setup in-reg] enable_cycle -> _67766_/D : -103.743378
[setup in-reg] enable_cycle -> _67767_/D : -103.743378
[setup in-reg] enable_cycle -> _67768_/D : -103.743378
[setup in-reg] enable_cycle -> _67769_/D : -103.743378
[setup in-reg] enable_cycle -> _67770_/D : -103.743378
[setup in-reg] enable_cycle -> _67840_/D : -103.743378
[setup in-reg] enable_cycle -> _67841_/D : -103.743378
[setup in-reg] enable_cycle -> _67842_/D : -103.743378
[setup in-reg] enable_cycle -> _67843_/D : -103.743378
[setup in-reg] enable_cycle -> _67844_/D : -103.743378
[setup in-reg] enable_cycle -> _67845_/D : -103.743378
[setup in-reg] enable_cycle -> _67846_/D : -103.743378
[setup in-reg] enable_cycle -> _67847_/D : -103.743378
[setup in-reg] enable_cycle -> _67848_/D : -103.743378
[setup in-reg] enable_cycle -> _67849_/D : -103.743378
[setup in-reg] enable_cycle -> _67850_/D : -103.743378
[setup in-reg] enable_cycle -> _67851_/D : -103.743378
[setup in-reg] enable_cycle -> _67852_/D : -103.743378
[setup in-reg] enable_cycle -> _67853_/D : -103.743378
[setup in-reg] enable_cycle -> _67854_/D : -103.743378
[setup in-reg] enable_cycle -> _67855_/D : -103.743378
[setup in-reg] enable_cycle -> _67856_/D : -103.743378
[setup in-reg] enable_cycle -> _67857_/D : -103.743378
[setup in-reg] enable_cycle -> _67858_/D : -103.743378
[setup in-reg] enable_cycle -> _67928_/D : -103.743378
[setup in-reg] enable_cycle -> _67929_/D : -103.743378
[setup in-reg] enable_cycle -> _67930_/D : -103.743378
[setup in-reg] enable_cycle -> _67931_/D : -103.743378
[setup in-reg] enable_cycle -> _67932_/D : -103.743378
[setup in-reg] enable_cycle -> _67933_/D : -103.743378
[setup in-reg] enable_cycle -> _67934_/D : -103.743378
[setup in-reg] enable_cycle -> _67935_/D : -103.743378
[setup in-reg] enable_cycle -> _67936_/D : -103.743378
[setup in-reg] enable_cycle -> _67937_/D : -103.743378
[setup in-reg] enable_cycle -> _67938_/D : -103.743378
[setup in-reg] enable_cycle -> _67939_/D : -103.743378
[setup in-reg] enable_cycle -> _67940_/D : -103.743378
[setup in-reg] enable_cycle -> _67941_/D : -103.743378
[setup in-reg] enable_cycle -> _67942_/D : -103.743378
[setup in-reg] enable_cycle -> _67943_/D : -103.743378
[setup in-reg] enable_cycle -> _67944_/D : -103.743378
[setup in-reg] enable_cycle -> _67945_/D : -103.743378
[setup in-reg] enable_cycle -> _67946_/D : -103.743378
[setup in-reg] enable_cycle -> _68016_/D : -103.743378
[setup in-reg] enable_cycle -> _68017_/D : -103.743378
[setup in-reg] enable_cycle -> _68018_/D : -103.743378
[setup in-reg] enable_cycle -> _68019_/D : -103.743378
[setup in-reg] enable_cycle -> _68020_/D : -103.743378
[setup in-reg] enable_cycle -> _68021_/D : -103.743378
[setup in-reg] enable_cycle -> _68022_/D : -103.743378
[setup in-reg] enable_cycle -> _68023_/D : -103.743378
[setup in-reg] enable_cycle -> _68024_/D : -103.743378
[setup in-reg] enable_cycle -> _68025_/D : -103.743378
[setup in-reg] enable_cycle -> _68026_/D : -103.743378
[setup in-reg] enable_cycle -> _68027_/D : -103.743378
[setup in-reg] enable_cycle -> _68028_/D : -103.743378
[setup in-reg] enable_cycle -> _68029_/D : -103.743378
[setup in-reg] enable_cycle -> _68030_/D : -103.743378
[setup in-reg] enable_cycle -> _68031_/D : -103.743378
[setup in-reg] enable_cycle -> _68032_/D : -103.743378
[setup in-reg] enable_cycle -> _68033_/D : -103.743378
[setup in-reg] enable_cycle -> _68034_/D : -103.743378
[setup in-reg] enable_cycle -> _68104_/D : -103.743378
[setup in-reg] enable_cycle -> _68105_/D : -103.743378
[setup in-reg] enable_cycle -> _68106_/D : -103.743378
[setup in-reg] enable_cycle -> _68107_/D : -103.743378
[setup in-reg] enable_cycle -> _68108_/D : -103.743378
[setup in-reg] enable_cycle -> _68109_/D : -103.743378
[setup in-reg] enable_cycle -> _68110_/D : -103.743378
[setup in-reg] enable_cycle -> _68111_/D : -103.743378
[setup in-reg] enable_cycle -> _68112_/D : -103.743378
[setup in-reg] enable_cycle -> _68113_/D : -103.743378
[setup in-reg] enable_cycle -> _68114_/D : -103.743378
[setup in-reg] enable_cycle -> _68115_/D : -103.743378
[setup in-reg] enable_cycle -> _68116_/D : -103.743378
[setup in-reg] enable_cycle -> _68117_/D : -103.743378
[setup in-reg] enable_cycle -> _68118_/D : -103.743378
[setup in-reg] enable_cycle -> _68119_/D : -103.743378
[setup in-reg] enable_cycle -> _68120_/D : -103.743378
[setup in-reg] enable_cycle -> _68121_/D : -103.743378
[setup in-reg] enable_cycle -> _68122_/D : -103.743378
[setup in-reg] enable_cycle -> _68192_/D : -103.743378
[setup in-reg] enable_cycle -> _68193_/D : -103.743378
[setup in-reg] enable_cycle -> _68194_/D : -103.743378
[setup in-reg] enable_cycle -> _68195_/D : -103.743378
[setup in-reg] enable_cycle -> _68196_/D : -103.743378
[setup in-reg] enable_cycle -> _68197_/D : -103.743378
[setup in-reg] enable_cycle -> _68198_/D : -103.743378
[setup in-reg] enable_cycle -> _68199_/D : -103.743378
[setup in-reg] enable_cycle -> _68200_/D : -103.743378
[setup in-reg] enable_cycle -> _68201_/D : -103.743378
[setup in-reg] enable_cycle -> _68202_/D : -103.743378
[setup in-reg] enable_cycle -> _68203_/D : -103.743378
[setup in-reg] enable_cycle -> _68204_/D : -103.743378
[setup in-reg] enable_cycle -> _68205_/D : -103.743378
[setup in-reg] enable_cycle -> _68206_/D : -103.743378
[setup in-reg] enable_cycle -> _68207_/D : -103.743378
[setup in-reg] enable_cycle -> _68208_/D : -103.743378
[setup in-reg] enable_cycle -> _68209_/D : -103.743378
[setup in-reg] enable_cycle -> _68210_/D : -103.743378
[setup in-reg] enable_cycle -> _68434_/D : -103.743378
[setup in-reg] enable_cycle -> _68435_/D : -103.743378
[setup in-reg] enable_cycle -> _68436_/D : -103.743378
[setup in-reg] enable_cycle -> _68437_/D : -103.743378
[setup in-reg] enable_cycle -> _68438_/D : -103.743378
[setup in-reg] enable_cycle -> _68439_/D : -103.743378
[setup in-reg] enable_cycle -> _68440_/D : -103.743378
[setup in-reg] enable_cycle -> _68441_/D : -103.743378
[setup in-reg] enable_cycle -> _68442_/D : -103.743378
[setup in-reg] enable_cycle -> _68443_/D : -103.743378
[setup in-reg] enable_cycle -> _68444_/D : -103.743378
[setup in-reg] enable_cycle -> _68445_/D : -103.743378
[setup in-reg] enable_cycle -> _68446_/D : -103.743378
[setup in-reg] enable_cycle -> _68447_/D : -103.743378
[setup in-reg] enable_cycle -> _68448_/D : -103.743378
[setup in-reg] enable_cycle -> _68449_/D : -103.743378
[setup in-reg] enable_cycle -> _68450_/D : -103.743378
[setup in-reg] enable_cycle -> _68451_/D : -103.743378
[setup in-reg] enable_cycle -> _68452_/D : -103.743378
[setup in-reg] enable_cycle -> _68453_/D : -103.743378
[setup in-reg] enable_cycle -> _68525_/D : -103.743378
[setup in-reg] enable_cycle -> _68526_/D : -103.743378
[setup in-reg] enable_cycle -> _68527_/D : -103.743378
[setup in-reg] enable_cycle -> _68528_/D : -103.743378
[setup in-reg] enable_cycle -> _68529_/D : -103.743378
[setup in-reg] enable_cycle -> _68530_/D : -103.743378
[setup in-reg] enable_cycle -> _68531_/D : -103.743378
[setup in-reg] enable_cycle -> _68532_/D : -103.743378
[setup in-reg] enable_cycle -> _68533_/D : -103.743378
[setup in-reg] enable_cycle -> _68534_/D : -103.743378
[setup in-reg] enable_cycle -> _68535_/D : -103.743378
[setup in-reg] enable_cycle -> _68536_/D : -103.743378
[setup in-reg] enable_cycle -> _68537_/D : -103.743378
[setup in-reg] enable_cycle -> _68538_/D : -103.743378
[setup in-reg] enable_cycle -> _68539_/D : -103.743378
[setup in-reg] enable_cycle -> _68540_/D : -103.743378
[setup in-reg] enable_cycle -> _68541_/D : -103.743378
[setup in-reg] enable_cycle -> _68542_/D : -103.743378
[setup in-reg] enable_cycle -> _68543_/D : -103.743378
[setup in-reg] enable_cycle -> _68544_/D : -103.743378
[setup in-reg] enable_cycle -> _68616_/D : -103.743378
[setup in-reg] enable_cycle -> _68617_/D : -103.743378
[setup in-reg] enable_cycle -> _68618_/D : -103.743378
[setup in-reg] enable_cycle -> _68619_/D : -103.743378
[setup in-reg] enable_cycle -> _68620_/D : -103.743378
[setup in-reg] enable_cycle -> _68621_/D : -103.743378
[setup in-reg] enable_cycle -> _68622_/D : -103.743378
[setup in-reg] enable_cycle -> _68623_/D : -103.743378
[setup in-reg] enable_cycle -> _68624_/D : -103.743378
[setup in-reg] enable_cycle -> _68625_/D : -103.743378
[setup in-reg] enable_cycle -> _68626_/D : -103.743378
[setup in-reg] enable_cycle -> _68627_/D : -103.743378
[setup in-reg] enable_cycle -> _68628_/D : -103.743378
[setup in-reg] enable_cycle -> _68629_/D : -103.743378
[setup in-reg] enable_cycle -> _68630_/D : -103.743378
[setup in-reg] enable_cycle -> _68631_/D : -103.743378
[setup in-reg] enable_cycle -> _68632_/D : -103.743378
[setup in-reg] enable_cycle -> _68633_/D : -103.743378
[setup in-reg] enable_cycle -> _68634_/D : -103.743378
[setup in-reg] enable_cycle -> _68635_/D : -103.743378
[setup in-reg] enable_cycle -> _68707_/D : -103.743378
[setup in-reg] enable_cycle -> _68708_/D : -103.743378
[setup in-reg] enable_cycle -> _68709_/D : -103.743378
[setup in-reg] enable_cycle -> _68710_/D : -103.743378
[setup in-reg] enable_cycle -> _68711_/D : -103.743378
[setup in-reg] enable_cycle -> _68712_/D : -103.743378
[setup in-reg] enable_cycle -> _68713_/D : -103.743378
[setup in-reg] enable_cycle -> _68714_/D : -103.743378
[setup in-reg] enable_cycle -> _68715_/D : -103.743378
[setup in-reg] enable_cycle -> _68716_/D : -103.743378
[setup in-reg] enable_cycle -> _68717_/D : -103.743378
[setup in-reg] enable_cycle -> _68718_/D : -103.743378
[setup in-reg] enable_cycle -> _68719_/D : -103.743378
[setup in-reg] enable_cycle -> _68720_/D : -103.743378
[setup in-reg] enable_cycle -> _68721_/D : -103.743378
[setup in-reg] enable_cycle -> _68722_/D : -103.743378
[setup in-reg] enable_cycle -> _68723_/D : -103.743378
[setup in-reg] enable_cycle -> _68724_/D : -103.743378
[setup in-reg] enable_cycle -> _68725_/D : -103.743378
[setup in-reg] enable_cycle -> _68726_/D : -103.743378
[setup in-reg] enable_cycle -> _68798_/D : -103.743378
[setup in-reg] enable_cycle -> _68799_/D : -103.743378
[setup in-reg] enable_cycle -> _68800_/D : -103.743378
[setup in-reg] enable_cycle -> _68801_/D : -103.743378
[setup in-reg] enable_cycle -> _68802_/D : -103.743378
[setup in-reg] enable_cycle -> _68803_/D : -103.743378
[setup in-reg] enable_cycle -> _68804_/D : -103.743378
[setup in-reg] enable_cycle -> _68805_/D : -103.743378
[setup in-reg] enable_cycle -> _68806_/D : -103.743378
[setup in-reg] enable_cycle -> _68807_/D : -103.743378
[setup in-reg] enable_cycle -> _68808_/D : -103.743378
[setup in-reg] enable_cycle -> _68809_/D : -103.743378
[setup in-reg] enable_cycle -> _68810_/D : -103.743378
[setup in-reg] enable_cycle -> _68811_/D : -103.743378
[setup in-reg] enable_cycle -> _68812_/D : -103.743378
[setup in-reg] enable_cycle -> _68813_/D : -103.743378
[setup in-reg] enable_cycle -> _68814_/D : -103.743378
[setup in-reg] enable_cycle -> _68815_/D : -103.743378
[setup in-reg] enable_cycle -> _68816_/D : -103.743378
[setup in-reg] enable_cycle -> _68817_/D : -103.743378
[setup in-reg] enable_cycle -> _68889_/D : -103.743378
[setup in-reg] enable_cycle -> _68890_/D : -103.743378
[setup in-reg] enable_cycle -> _68891_/D : -103.743378
[setup in-reg] enable_cycle -> _68892_/D : -103.743378
[setup in-reg] enable_cycle -> _68893_/D : -103.743378
[setup in-reg] enable_cycle -> _68894_/D : -103.743378
[setup in-reg] enable_cycle -> _68895_/D : -103.743378
[setup in-reg] enable_cycle -> _68896_/D : -103.743378
[setup in-reg] enable_cycle -> _68897_/D : -103.743378
[setup in-reg] enable_cycle -> _68898_/D : -103.743378
[setup in-reg] enable_cycle -> _68899_/D : -103.743378
[setup in-reg] enable_cycle -> _68900_/D : -103.743378
[setup in-reg] enable_cycle -> _68901_/D : -103.743378
[setup in-reg] enable_cycle -> _68902_/D : -103.743378
[setup in-reg] enable_cycle -> _68903_/D : -103.743378
[setup in-reg] enable_cycle -> _68904_/D : -103.743378
[setup in-reg] enable_cycle -> _68905_/D : -103.743378
[setup in-reg] enable_cycle -> _68906_/D : -103.743378
[setup in-reg] enable_cycle -> _68907_/D : -103.743378
[setup in-reg] enable_cycle -> _68908_/D : -103.743378
[setup in-reg] enable_cycle -> _63986_/D : -103.660675
[setup in-reg] enable_cycle -> _63988_/D : -103.660675
[setup in-reg] enable_cycle -> _64130_/D : -103.660675
[setup in-reg] enable_cycle -> _64136_/D : -103.660675
[setup in-reg] enable_cycle -> _64257_/D : -103.660675
[setup in-reg] enable_cycle -> _64350_/D : -103.660675
[setup in-reg] enable_cycle -> _64354_/D : -103.660675
[setup in-reg] enable_cycle -> _64445_/D : -103.660675
[setup in-reg] enable_cycle -> _64451_/D : -103.660675
[setup in-reg] enable_cycle -> _64548_/D : -103.660675
[setup in-reg] enable_cycle -> _64645_/D : -103.660675
[setup in-reg] enable_cycle -> _64786_/D : -103.660675
[setup in-reg] enable_cycle -> _64788_/D : -103.660675
[setup in-reg] enable_cycle -> _64908_/D : -103.660675
[setup in-reg] enable_cycle -> _64910_/D : -103.660675
[setup in-reg] enable_cycle -> _65008_/D : -103.660675
[setup in-reg] enable_cycle -> _65009_/D : -103.660675
[setup in-reg] enable_cycle -> _65103_/D : -103.660675
[setup in-reg] enable_cycle -> _65108_/D : -103.660675
[setup in-reg] enable_cycle -> _65110_/D : -103.660675
[setup in-reg] enable_cycle -> _65209_/D : -103.660675
[setup in-reg] enable_cycle -> _65306_/D : -103.660675
[setup in-reg] enable_cycle -> _65310_/D : -103.660675
[setup in-reg] enable_cycle -> _65403_/D : -103.660675
[setup in-reg] enable_cycle -> _65408_/D : -103.660675
[setup in-reg] enable_cycle -> _65410_/D : -103.660675
[setup in-reg] enable_cycle -> _65573_/D : -103.660675
[setup in-reg] enable_cycle -> _66426_/D : -103.660675
[setup in-reg] enable_cycle -> _66432_/D : -103.660675
[setup in-reg] enable_cycle -> _66437_/D : -103.660675
[setup in-reg] enable_cycle -> _66510_/D : -103.660675
[setup in-reg] enable_cycle -> _66596_/D : -103.660675
[setup in-reg] enable_cycle -> _66674_/D : -103.660675
[setup in-reg] enable_cycle -> _66677_/D : -103.660675
[setup in-reg] enable_cycle -> _66766_/D : -103.660675
[setup in-reg] enable_cycle -> _66848_/D : -103.660675
[setup in-reg] enable_cycle -> _66972_/D : -103.660675
[setup in-reg] enable_cycle -> _67069_/D : -103.660675
[setup in-reg] enable_cycle -> _67240_/D : -103.660675
[setup in-reg] enable_cycle -> _67488_/D : -103.660675
[setup in-reg] enable_cycle -> _67497_/D : -103.660675
[setup in-reg] enable_cycle -> _67499_/D : -103.660675
[setup in-reg] enable_cycle -> _67615_/D : -103.660675
[setup in-reg] enable_cycle -> _67814_/D : -103.660675
[setup in-reg] enable_cycle -> _67902_/D : -103.660675
[setup in-reg] enable_cycle -> _67905_/D : -103.660675
[setup in-reg] enable_cycle -> _67907_/D : -103.660675
[setup in-reg] enable_cycle -> _67990_/D : -103.660675
[setup in-reg] enable_cycle -> _67992_/D : -103.660675
[setup in-reg] enable_cycle -> _67995_/D : -103.660675
[setup in-reg] enable_cycle -> _68073_/D : -103.660675
[setup in-reg] enable_cycle -> _68082_/D : -103.660675
[setup in-reg] enable_cycle -> _68084_/D : -103.660675
[setup in-reg] enable_cycle -> _68302_/D : -103.660675
[setup in-reg] enable_cycle -> _68406_/D : -103.660675
[setup in-reg] enable_cycle -> _68413_/D : -103.660675
[setup in-reg] enable_cycle -> _68504_/D : -103.660675
[setup in-reg] enable_cycle -> _68592_/D : -103.660675
[setup in-reg] enable_cycle -> _68595_/D : -103.660675
[setup in-reg] enable_cycle -> _68682_/D : -103.660675
[setup in-reg] enable_cycle -> _68777_/D : -103.660675
[setup in-reg] enable_cycle -> _68868_/D : -103.660675
[setup in-reg] enable_cycle -> _68997_/D : -103.660675
[setup in-reg] enable_cycle -> _69003_/D : -103.660675
[setup in-reg] enable_cycle -> _69117_/D : -103.660675
[setup in-reg] enable_cycle -> _69211_/D : -103.660675
[setup in-reg] enable_cycle -> _69304_/D : -103.660675
[setup in-reg] enable_cycle -> _69344_/D : -103.660675
[setup in-reg] enable_cycle -> _69418_/D : -103.660675
[setup in-reg] enable_cycle -> _69439_/D : -103.660675
[setup in-reg] enable_cycle -> _69555_/D : -103.660675
[setup in-reg] enable_cycle -> _69671_/D : -103.660675
[setup in-reg] enable_cycle -> _69673_/D : -103.660675
[setup in-reg] enable_cycle -> _69676_/D : -103.660675
[setup in-reg] enable_cycle -> _69771_/D : -103.660675
[setup in-reg] enable_cycle -> _69845_/D : -103.660675
[setup in-reg] enable_cycle -> _63974_/D : -103.512924
[setup in-reg] enable_cycle -> _63976_/D : -103.512924
[setup in-reg] enable_cycle -> _63981_/D : -103.512924
[setup in-reg] enable_cycle -> _63987_/D : -103.512924
[setup in-reg] enable_cycle -> _63991_/D : -103.512924
[setup in-reg] enable_cycle -> _64122_/D : -103.512924
[setup in-reg] enable_cycle -> _64124_/D : -103.512924
[setup in-reg] enable_cycle -> _64126_/D : -103.512924
[setup in-reg] enable_cycle -> _64132_/D : -103.512924
[setup in-reg] enable_cycle -> _64134_/D : -103.512924
[setup in-reg] enable_cycle -> _64135_/D : -103.512924
[setup in-reg] enable_cycle -> _64137_/D : -103.512924
[setup in-reg] enable_cycle -> _64139_/D : -103.512924
[setup in-reg] enable_cycle -> _64243_/D : -103.512924
[setup in-reg] enable_cycle -> _64247_/D : -103.512924
[setup in-reg] enable_cycle -> _64251_/D : -103.512924
[setup in-reg] enable_cycle -> _64253_/D : -103.512924
[setup in-reg] enable_cycle -> _64254_/D : -103.512924
[setup in-reg] enable_cycle -> _64255_/D : -103.512924
[setup in-reg] enable_cycle -> _64256_/D : -103.512924
[setup in-reg] enable_cycle -> _64258_/D : -103.512924
[setup in-reg] enable_cycle -> _64260_/D : -103.512924
[setup in-reg] enable_cycle -> _64341_/D : -103.512924
[setup in-reg] enable_cycle -> _64352_/D : -103.512924
[setup in-reg] enable_cycle -> _64355_/D : -103.512924
[setup in-reg] enable_cycle -> _64357_/D : -103.512924
[setup in-reg] enable_cycle -> _64437_/D : -103.512924
[setup in-reg] enable_cycle -> _64444_/D : -103.512924
[setup in-reg] enable_cycle -> _64446_/D : -103.512924
[setup in-reg] enable_cycle -> _64447_/D : -103.512924
[setup in-reg] enable_cycle -> _64448_/D : -103.512924
[setup in-reg] enable_cycle -> _64449_/D : -103.512924
[setup in-reg] enable_cycle -> _64450_/D : -103.512924
[setup in-reg] enable_cycle -> _64452_/D : -103.512924
[setup in-reg] enable_cycle -> _64454_/D : -103.512924
[setup in-reg] enable_cycle -> _64544_/D : -103.512924
[setup in-reg] enable_cycle -> _64545_/D : -103.512924
[setup in-reg] enable_cycle -> _64546_/D : -103.512924
[setup in-reg] enable_cycle -> _64549_/D : -103.512924
[setup in-reg] enable_cycle -> _64551_/D : -103.512924
[setup in-reg] enable_cycle -> _64631_/D : -103.512924
[setup in-reg] enable_cycle -> _64633_/D : -103.512924
[setup in-reg] enable_cycle -> _64642_/D : -103.512924
[setup in-reg] enable_cycle -> _64643_/D : -103.512924
[setup in-reg] enable_cycle -> _64644_/D : -103.512924
[setup in-reg] enable_cycle -> _64774_/D : -103.512924
[setup in-reg] enable_cycle -> _64775_/D : -103.512924
[setup in-reg] enable_cycle -> _64778_/D : -103.512924
[setup in-reg] enable_cycle -> _64785_/D : -103.512924
[setup in-reg] enable_cycle -> _64793_/D : -103.512924
[setup in-reg] enable_cycle -> _64896_/D : -103.512924
[setup in-reg] enable_cycle -> _64897_/D : -103.512924
[setup in-reg] enable_cycle -> _64906_/D : -103.512924
[setup in-reg] enable_cycle -> _64907_/D : -103.512924
[setup in-reg] enable_cycle -> _64915_/D : -103.512924
[setup in-reg] enable_cycle -> _65001_/D : -103.512924
[setup in-reg] enable_cycle -> _65002_/D : -103.512924
[setup in-reg] enable_cycle -> _65003_/D : -103.512924
[setup in-reg] enable_cycle -> _65006_/D : -103.512924
[setup in-reg] enable_cycle -> _65007_/D : -103.512924
[setup in-reg] enable_cycle -> _65013_/D : -103.512924
[setup in-reg] enable_cycle -> _65015_/D : -103.512924
[setup in-reg] enable_cycle -> _65096_/D : -103.512924
[setup in-reg] enable_cycle -> _65097_/D : -103.512924
[setup in-reg] enable_cycle -> _65099_/D : -103.512924
[setup in-reg] enable_cycle -> _65106_/D : -103.512924
[setup in-reg] enable_cycle -> _65107_/D : -103.512924
[setup in-reg] enable_cycle -> _65115_/D : -103.512924
[setup in-reg] enable_cycle -> _65198_/D : -103.512924
[setup in-reg] enable_cycle -> _65201_/D : -103.512924
[setup in-reg] enable_cycle -> _65202_/D : -103.512924
[setup in-reg] enable_cycle -> _65207_/D : -103.512924
[setup in-reg] enable_cycle -> _65210_/D : -103.512924
[setup in-reg] enable_cycle -> _65211_/D : -103.512924
[setup in-reg] enable_cycle -> _65213_/D : -103.512924
[setup in-reg] enable_cycle -> _65215_/D : -103.512924
[setup in-reg] enable_cycle -> _65296_/D : -103.512924
[setup in-reg] enable_cycle -> _65298_/D : -103.512924
[setup in-reg] enable_cycle -> _65300_/D : -103.512924
[setup in-reg] enable_cycle -> _65303_/D : -103.512924
[setup in-reg] enable_cycle -> _65308_/D : -103.512924
[setup in-reg] enable_cycle -> _65309_/D : -103.512924
[setup in-reg] enable_cycle -> _65314_/D : -103.512924
[setup in-reg] enable_cycle -> _65315_/D : -103.512924
[setup in-reg] enable_cycle -> _65396_/D : -103.512924
[setup in-reg] enable_cycle -> _65398_/D : -103.512924
[setup in-reg] enable_cycle -> _65402_/D : -103.512924
[setup in-reg] enable_cycle -> _65405_/D : -103.512924
[setup in-reg] enable_cycle -> _65406_/D : -103.512924
[setup in-reg] enable_cycle -> _65411_/D : -103.512924
[setup in-reg] enable_cycle -> _65413_/D : -103.512924
[setup in-reg] enable_cycle -> _65415_/D : -103.512924
[setup in-reg] enable_cycle -> _65559_/D : -103.512924
[setup in-reg] enable_cycle -> _65561_/D : -103.512924
[setup in-reg] enable_cycle -> _65564_/D : -103.512924
[setup in-reg] enable_cycle -> _65566_/D : -103.512924
[setup in-reg] enable_cycle -> _65568_/D : -103.512924
[setup in-reg] enable_cycle -> _65569_/D : -103.512924
[setup in-reg] enable_cycle -> _65570_/D : -103.512924
[setup in-reg] enable_cycle -> _65571_/D : -103.512924
[setup in-reg] enable_cycle -> _65578_/D : -103.512924
[setup in-reg] enable_cycle -> _65582_/D : -103.512924
[setup in-reg] enable_cycle -> _65584_/D : -103.512924
[setup in-reg] enable_cycle -> _66430_/D : -103.512924
[setup in-reg] enable_cycle -> _66431_/D : -103.512924
[setup in-reg] enable_cycle -> _66436_/D : -103.512924
[setup in-reg] enable_cycle -> _66507_/D : -103.512924
[setup in-reg] enable_cycle -> _66509_/D : -103.512924
[setup in-reg] enable_cycle -> _66513_/D : -103.512924
[setup in-reg] enable_cycle -> _66521_/D : -103.512924
[setup in-reg] enable_cycle -> _66592_/D : -103.512924
[setup in-reg] enable_cycle -> _66594_/D : -103.512924
[setup in-reg] enable_cycle -> _66595_/D : -103.512924
[setup in-reg] enable_cycle -> _66597_/D : -103.512924
[setup in-reg] enable_cycle -> _66603_/D : -103.512924
[setup in-reg] enable_cycle -> _66673_/D : -103.512924
[setup in-reg] enable_cycle -> _66755_/D : -103.512924
[setup in-reg] enable_cycle -> _66756_/D : -103.512924
[setup in-reg] enable_cycle -> _66759_/D : -103.512924
[setup in-reg] enable_cycle -> _66767_/D : -103.512924
[setup in-reg] enable_cycle -> _66835_/D : -103.512924
[setup in-reg] enable_cycle -> _66837_/D : -103.512924
[setup in-reg] enable_cycle -> _66840_/D : -103.512924
[setup in-reg] enable_cycle -> _66841_/D : -103.512924
[setup in-reg] enable_cycle -> _66849_/D : -103.512924
[setup in-reg] enable_cycle -> _66960_/D : -103.512924
[setup in-reg] enable_cycle -> _66961_/D : -103.512924
[setup in-reg] enable_cycle -> _66962_/D : -103.512924
[setup in-reg] enable_cycle -> _66964_/D : -103.512924
[setup in-reg] enable_cycle -> _67060_/D : -103.512924
[setup in-reg] enable_cycle -> _67061_/D : -103.512924
[setup in-reg] enable_cycle -> _67075_/D : -103.512924
[setup in-reg] enable_cycle -> _67150_/D : -103.512924
[setup in-reg] enable_cycle -> _67151_/D : -103.512924
[setup in-reg] enable_cycle -> _67160_/D : -103.512924
[setup in-reg] enable_cycle -> _67230_/D : -103.512924
[setup in-reg] enable_cycle -> _67233_/D : -103.512924
[setup in-reg] enable_cycle -> _67235_/D : -103.512924
[setup in-reg] enable_cycle -> _67236_/D : -103.512924
[setup in-reg] enable_cycle -> _67245_/D : -103.512924
[setup in-reg] enable_cycle -> _67315_/D : -103.512924
[setup in-reg] enable_cycle -> _67316_/D : -103.512924
[setup in-reg] enable_cycle -> _67320_/D : -103.512924
[setup in-reg] enable_cycle -> _67322_/D : -103.512924
[setup in-reg] enable_cycle -> _67330_/D : -103.512924
[setup in-reg] enable_cycle -> _67402_/D : -103.512924
[setup in-reg] enable_cycle -> _67415_/D : -103.512924
[setup in-reg] enable_cycle -> _67485_/D : -103.512924
[setup in-reg] enable_cycle -> _67487_/D : -103.512924
[setup in-reg] enable_cycle -> _67490_/D : -103.512924
[setup in-reg] enable_cycle -> _67491_/D : -103.512924
[setup in-reg] enable_cycle -> _67500_/D : -103.512924
[setup in-reg] enable_cycle -> _67612_/D : -103.512924
[setup in-reg] enable_cycle -> _67613_/D : -103.512924
[setup in-reg] enable_cycle -> _67616_/D : -103.512924
[setup in-reg] enable_cycle -> _67620_/D : -103.512924
[setup in-reg] enable_cycle -> _67627_/D : -103.512924
[setup in-reg] enable_cycle -> _67718_/D : -103.512924
[setup in-reg] enable_cycle -> _67719_/D : -103.512924
[setup in-reg] enable_cycle -> _67732_/D : -103.512924
[setup in-reg] enable_cycle -> _67808_/D : -103.512924
[setup in-reg] enable_cycle -> _67820_/D : -103.512924
[setup in-reg] enable_cycle -> _67894_/D : -103.512924
[setup in-reg] enable_cycle -> _67896_/D : -103.512924
[setup in-reg] enable_cycle -> _67897_/D : -103.512924
[setup in-reg] enable_cycle -> _67900_/D : -103.512924
[setup in-reg] enable_cycle -> _67901_/D : -103.512924
[setup in-reg] enable_cycle -> _67908_/D : -103.512924
[setup in-reg] enable_cycle -> _67982_/D : -103.512924
[setup in-reg] enable_cycle -> _67984_/D : -103.512924
[setup in-reg] enable_cycle -> _67987_/D : -103.512924
[setup in-reg] enable_cycle -> _67988_/D : -103.512924
[setup in-reg] enable_cycle -> _67989_/D : -103.512924
[setup in-reg] enable_cycle -> _67991_/D : -103.512924
[setup in-reg] enable_cycle -> _67996_/D : -103.512924
[setup in-reg] enable_cycle -> _68070_/D : -103.512924
[setup in-reg] enable_cycle -> _68072_/D : -103.512924
[setup in-reg] enable_cycle -> _68075_/D : -103.512924
[setup in-reg] enable_cycle -> _68076_/D : -103.512924
[setup in-reg] enable_cycle -> _68158_/D : -103.512924
[setup in-reg] enable_cycle -> _68163_/D : -103.512924
[setup in-reg] enable_cycle -> _68164_/D : -103.512924
[setup in-reg] enable_cycle -> _68165_/D : -103.512924
[setup in-reg] enable_cycle -> _68172_/D : -103.512924
[setup in-reg] enable_cycle -> _68289_/D : -103.512924
[setup in-reg] enable_cycle -> _68291_/D : -103.512924
[setup in-reg] enable_cycle -> _68303_/D : -103.512924
[setup in-reg] enable_cycle -> _68304_/D : -103.512924
[setup in-reg] enable_cycle -> _68404_/D : -103.512924
[setup in-reg] enable_cycle -> _68411_/D : -103.512924
[setup in-reg] enable_cycle -> _68412_/D : -103.512924
[setup in-reg] enable_cycle -> _68414_/D : -103.512924
[setup in-reg] enable_cycle -> _68490_/D : -103.512924
[setup in-reg] enable_cycle -> _68492_/D : -103.512924
[setup in-reg] enable_cycle -> _68493_/D : -103.512924
[setup in-reg] enable_cycle -> _68499_/D : -103.512924
[setup in-reg] enable_cycle -> _68502_/D : -103.512924
[setup in-reg] enable_cycle -> _68503_/D : -103.512924
[setup in-reg] enable_cycle -> _68505_/D : -103.512924
[setup in-reg] enable_cycle -> _68506_/D : -103.512924
[setup in-reg] enable_cycle -> _68581_/D : -103.512924
[setup in-reg] enable_cycle -> _68583_/D : -103.512924
[setup in-reg] enable_cycle -> _68586_/D : -103.512924
[setup in-reg] enable_cycle -> _68596_/D : -103.512924
[setup in-reg] enable_cycle -> _68597_/D : -103.512924
[setup in-reg] enable_cycle -> _68672_/D : -103.512924
[setup in-reg] enable_cycle -> _68674_/D : -103.512924
[setup in-reg] enable_cycle -> _68689_/D : -103.512924
[setup in-reg] enable_cycle -> _68765_/D : -103.512924
[setup in-reg] enable_cycle -> _68774_/D : -103.512924
[setup in-reg] enable_cycle -> _68775_/D : -103.512924
[setup in-reg] enable_cycle -> _68776_/D : -103.512924
[setup in-reg] enable_cycle -> _68778_/D : -103.512924
[setup in-reg] enable_cycle -> _68854_/D : -103.512924
[setup in-reg] enable_cycle -> _68856_/D : -103.512924
[setup in-reg] enable_cycle -> _68857_/D : -103.512924
[setup in-reg] enable_cycle -> _68859_/D : -103.512924
[setup in-reg] enable_cycle -> _68863_/D : -103.512924
[setup in-reg] enable_cycle -> _68866_/D : -103.512924
[setup in-reg] enable_cycle -> _68867_/D : -103.512924
[setup in-reg] enable_cycle -> _68869_/D : -103.512924
[setup in-reg] enable_cycle -> _68991_/D : -103.512924
[setup in-reg] enable_cycle -> _69001_/D : -103.512924
[setup in-reg] enable_cycle -> _69002_/D : -103.512924
[setup in-reg] enable_cycle -> _69004_/D : -103.512924
[setup in-reg] enable_cycle -> _69103_/D : -103.512924
[setup in-reg] enable_cycle -> _69105_/D : -103.512924
[setup in-reg] enable_cycle -> _69112_/D : -103.512924
[setup in-reg] enable_cycle -> _69115_/D : -103.512924
[setup in-reg] enable_cycle -> _69116_/D : -103.512924
[setup in-reg] enable_cycle -> _69118_/D : -103.512924
[setup in-reg] enable_cycle -> _69120_/D : -103.512924
[setup in-reg] enable_cycle -> _69197_/D : -103.512924
[setup in-reg] enable_cycle -> _69198_/D : -103.512924
[setup in-reg] enable_cycle -> _69199_/D : -103.512924
[setup in-reg] enable_cycle -> _69202_/D : -103.512924
[setup in-reg] enable_cycle -> _69203_/D : -103.512924
[setup in-reg] enable_cycle -> _69204_/D : -103.512924
[setup in-reg] enable_cycle -> _69206_/D : -103.512924
[setup in-reg] enable_cycle -> _69209_/D : -103.512924
[setup in-reg] enable_cycle -> _69210_/D : -103.512924
[setup in-reg] enable_cycle -> _69212_/D : -103.512924
[setup in-reg] enable_cycle -> _69214_/D : -103.512924
[setup in-reg] enable_cycle -> _69273_/D : -103.512924
[setup in-reg] enable_cycle -> _69276_/D : -103.512924
[setup in-reg] enable_cycle -> _69277_/D : -103.512924
[setup in-reg] enable_cycle -> _69281_/D : -103.512924
[setup in-reg] enable_cycle -> _69284_/D : -103.512924
[setup in-reg] enable_cycle -> _69285_/D : -103.512924
[setup in-reg] enable_cycle -> _69286_/D : -103.512924
[setup in-reg] enable_cycle -> _69290_/D : -103.512924
[setup in-reg] enable_cycle -> _69293_/D : -103.512924
[setup in-reg] enable_cycle -> _69296_/D : -103.512924
[setup in-reg] enable_cycle -> _69297_/D : -103.512924
[setup in-reg] enable_cycle -> _69302_/D : -103.512924
[setup in-reg] enable_cycle -> _69303_/D : -103.512924
[setup in-reg] enable_cycle -> _69305_/D : -103.512924
[setup in-reg] enable_cycle -> _69332_/D : -103.512924
[setup in-reg] enable_cycle -> _69339_/D : -103.512924
[setup in-reg] enable_cycle -> _69341_/D : -103.512924
[setup in-reg] enable_cycle -> _69342_/D : -103.512924
[setup in-reg] enable_cycle -> _69345_/D : -103.512924
[setup in-reg] enable_cycle -> _69347_/D : -103.512924
[setup in-reg] enable_cycle -> _69421_/D : -103.512924
[setup in-reg] enable_cycle -> _69425_/D : -103.512924
[setup in-reg] enable_cycle -> _69428_/D : -103.512924
[setup in-reg] enable_cycle -> _69430_/D : -103.512924
[setup in-reg] enable_cycle -> _69431_/D : -103.512924
[setup in-reg] enable_cycle -> _69432_/D : -103.512924
[setup in-reg] enable_cycle -> _69433_/D : -103.512924
[setup in-reg] enable_cycle -> _69434_/D : -103.512924
[setup in-reg] enable_cycle -> _69444_/D : -103.512924
[setup in-reg] enable_cycle -> _69469_/D : -103.512924
[setup in-reg] enable_cycle -> _69476_/D : -103.512924
[setup in-reg] enable_cycle -> _69478_/D : -103.512924
[setup in-reg] enable_cycle -> _69479_/D : -103.512924
[setup in-reg] enable_cycle -> _69480_/D : -103.512924
[setup in-reg] enable_cycle -> _69482_/D : -103.512924
[setup in-reg] enable_cycle -> _69484_/D : -103.512924
[setup in-reg] enable_cycle -> _69546_/D : -103.512924
[setup in-reg] enable_cycle -> _69547_/D : -103.512924
[setup in-reg] enable_cycle -> _69548_/D : -103.512924
[setup in-reg] enable_cycle -> _69550_/D : -103.512924
[setup in-reg] enable_cycle -> _69551_/D : -103.512924
[setup in-reg] enable_cycle -> _69552_/D : -103.512924
[setup in-reg] enable_cycle -> _69553_/D : -103.512924
[setup in-reg] enable_cycle -> _69554_/D : -103.512924
[setup in-reg] enable_cycle -> _69560_/D : -103.512924
[setup in-reg] enable_cycle -> _69662_/D : -103.512924
[setup in-reg] enable_cycle -> _69664_/D : -103.512924
[setup in-reg] enable_cycle -> _69677_/D : -103.512924
[setup in-reg] enable_cycle -> _69678_/D : -103.512924
[setup in-reg] enable_cycle -> _69764_/D : -103.512924
[setup in-reg] enable_cycle -> _69766_/D : -103.512924
[setup in-reg] enable_cycle -> _69767_/D : -103.512924
[setup in-reg] enable_cycle -> _69769_/D : -103.512924
[setup in-reg] enable_cycle -> _69770_/D : -103.512924
[setup in-reg] enable_cycle -> _69779_/D : -103.512924
[setup in-reg] enable_cycle -> _69833_/D : -103.512924
[setup in-reg] enable_cycle -> _69837_/D : -103.512924
[setup in-reg] enable_cycle -> _69842_/D : -103.512924
[setup in-reg] enable_cycle -> _69843_/D : -103.512924
[setup in-reg] enable_cycle -> _69844_/D : -103.512924
[setup in-reg] enable_cycle -> _69846_/D : -103.512924
[setup in-reg] enable_cycle -> _69848_/D : -103.512924
[setup in-reg] enable_cycle -> _64250_/D : -103.322716
[setup in-reg] enable_cycle -> _64347_/D : -103.322716
[setup in-reg] enable_cycle -> _64541_/D : -103.322716
[setup in-reg] enable_cycle -> _64647_/D : -103.322716
[setup in-reg] enable_cycle -> _64998_/D : -103.322716
[setup in-reg] enable_cycle -> _65203_/D : -103.322716
[setup in-reg] enable_cycle -> _65575_/D : -103.322716
[setup in-reg] enable_cycle -> _65585_/D : -103.322716
[setup in-reg] enable_cycle -> _66438_/D : -103.322716
[setup in-reg] enable_cycle -> _67063_/D : -103.322716
[setup in-reg] enable_cycle -> _68160_/D : -103.322716
[setup in-reg] enable_cycle -> _68296_/D : -103.322716
[setup in-reg] enable_cycle -> _68401_/D : -103.322716
[setup in-reg] enable_cycle -> _68675_/D : -103.322716
[setup in-reg] enable_cycle -> _68766_/D : -103.322716
[setup in-reg] enable_cycle -> _68992_/D : -103.322716
[setup in-reg] enable_cycle -> _69110_/D : -103.322716
[setup in-reg] enable_cycle -> _69274_/D : -103.322716
[setup in-reg] enable_cycle -> _69337_/D : -103.322716
[setup in-reg] enable_cycle -> _69416_/D : -103.322716
[setup in-reg] enable_cycle -> _69474_/D : -103.322716
[setup in-reg] enable_cycle -> _69543_/D : -103.322716
[setup in-reg] enable_cycle -> _69544_/D : -103.322716
[setup in-reg] enable_cycle -> _69557_/D : -103.322716
[setup in-reg] enable_cycle -> _69841_/D : -103.050873
[setup in-reg] enable_cycle -> _64246_/D : -102.923874
[setup in-reg] enable_cycle -> _64252_/D : -102.923874
[setup in-reg] enable_cycle -> _64537_/D : -102.923874
[setup in-reg] enable_cycle -> _64777_/D : -102.923874
[setup in-reg] enable_cycle -> _64781_/D : -102.923874
[setup in-reg] enable_cycle -> _64899_/D : -102.923874
[setup in-reg] enable_cycle -> _65299_/D : -102.923874
[setup in-reg] enable_cycle -> _65562_/D : -102.923874
[setup in-reg] enable_cycle -> _67621_/D : -102.923874
[setup in-reg] enable_cycle -> _68298_/D : -102.923874
[setup in-reg] enable_cycle -> _68402_/D : -102.923874
[setup in-reg] enable_cycle -> _68584_/D : -102.923874
[setup in-reg] enable_cycle -> _68588_/D : -102.923874
[setup in-reg] enable_cycle -> _69407_/D : -102.923874
[setup in-reg] enable_cycle -> _69411_/D : -102.923874
[setup in-reg] enable_cycle -> _69834_/D : -102.923874
[setup in-reg] enable_cycle -> _64131_/D : -102.784843
[setup in-reg] enable_cycle -> _64640_/D : -102.784843
[setup in-reg] enable_cycle -> _68687_/D : -102.784843
[setup in-reg] enable_cycle -> _69415_/D : -102.784843
[setup in-reg] enable_cycle -> _67721_/D : -102.763756
[setup in-reg] rst_n -> _63908_/RESET_B : -90.651688
[setup in-reg] rst_n -> _63909_/RESET_B : -90.651688
[setup in-reg] rst_n -> _63910_/RESET_B : -90.651688
[setup in-reg] rst_n -> _63911_/RESET_B : -90.651688
[setup in-reg] rst_n -> _63912_/RESET_B : -90.651688
[setup in-reg] rst_n -> _63913_/RESET_B : -90.651688
[setup in-reg] rst_n -> _63914_/RESET_B : -90.651688
[setup in-reg] rst_n -> _63915_/RESET_B : -90.651688
[setup in-reg] rst_n -> _63916_/RESET_B : -90.651688
[setup in-reg] rst_n -> _63917_/RESET_B : -90.651688
[setup in-reg] rst_n -> _63918_/RESET_B : -90.651688
[setup in-reg] rst_n -> _63919_/RESET_B : -90.651688
[setup in-reg] rst_n -> _63920_/RESET_B : -90.651688
[setup in-reg] rst_n -> _63921_/RESET_B : -90.651688
[setup in-reg] rst_n -> _63922_/RESET_B : -90.651688
[setup in-reg] rst_n -> _63923_/RESET_B : -90.651688
[setup in-reg] rst_n -> _63924_/RESET_B : -90.651688
[setup in-reg] rst_n -> _63925_/RESET_B : -90.651688
[setup in-reg] rst_n -> _63926_/RESET_B : -90.651688
[setup in-reg] rst_n -> _63927_/RESET_B : -90.651688
[setup in-reg] rst_n -> _63928_/RESET_B : -90.651688
[setup in-reg] rst_n -> _63929_/RESET_B : -90.651688
[setup in-reg] rst_n -> _63930_/RESET_B : -90.651688
[setup in-reg] rst_n -> _63931_/RESET_B : -90.651688
[setup in-reg] rst_n -> _63932_/RESET_B : -90.651688
[setup in-reg] rst_n -> _63933_/RESET_B : -90.651688
[setup in-reg] rst_n -> _63934_/RESET_B : -90.651688
[setup in-reg] rst_n -> _63935_/RESET_B : -90.651688
[setup in-reg] rst_n -> _63936_/RESET_B : -90.651688
[setup in-reg] rst_n -> _63937_/RESET_B : -90.651688
[setup in-reg] rst_n -> _63938_/RESET_B : -90.651688
[setup in-reg] rst_n -> _63939_/RESET_B : -90.651688
[setup in-reg] rst_n -> _63940_/RESET_B : -90.651688
[setup in-reg] rst_n -> _63941_/RESET_B : -90.651688
[setup in-reg] rst_n -> _63942_/RESET_B : -90.651688
[setup in-reg] rst_n -> _63943_/RESET_B : -90.651688
[setup in-reg] rst_n -> _63944_/RESET_B : -90.651688
[setup in-reg] rst_n -> _63945_/RESET_B : -90.651688
[setup in-reg] rst_n -> _63946_/RESET_B : -90.651688
[setup in-reg] rst_n -> _63947_/RESET_B : -90.651688
[setup in-reg] rst_n -> _63948_/RESET_B : -90.651688
[setup in-reg] rst_n -> _63949_/RESET_B : -90.651688
[setup in-reg] rst_n -> _63950_/RESET_B : -90.651688
[setup in-reg] rst_n -> _63951_/RESET_B : -90.651688
[setup in-reg] rst_n -> _63952_/RESET_B : -90.651688
[setup in-reg] rst_n -> _63953_/RESET_B : -90.651688
[setup in-reg] rst_n -> _63954_/RESET_B : -90.651688
[setup in-reg] rst_n -> _63955_/RESET_B : -90.651688
[setup in-reg] rst_n -> _63956_/RESET_B : -90.651688
[setup in-reg] rst_n -> _63957_/RESET_B : -90.651688
[setup in-reg] rst_n -> _63958_/RESET_B : -90.651688
[setup in-reg] rst_n -> _63959_/RESET_B : -90.651688
[setup in-reg] rst_n -> _63960_/RESET_B : -90.651688
[setup in-reg] rst_n -> _63961_/RESET_B : -90.651688
[setup in-reg] rst_n -> _63962_/RESET_B : -90.651688
[setup in-reg] rst_n -> _63963_/RESET_B : -90.651688
[setup in-reg] rst_n -> _63964_/RESET_B : -90.651688
[setup in-reg] rst_n -> _63965_/RESET_B : -90.651688
[setup in-reg] rst_n -> _63966_/RESET_B : -90.651688
[setup in-reg] rst_n -> _63967_/RESET_B : -90.651688
[setup in-reg] rst_n -> _63968_/RESET_B : -90.651688
[setup in-reg] rst_n -> _63969_/RESET_B : -90.651688
[setup in-reg] rst_n -> _63970_/RESET_B : -90.651688
[setup in-reg] rst_n -> _63971_/RESET_B : -90.651688
[setup in-reg] rst_n -> _63972_/RESET_B : -90.651688
[setup in-reg] rst_n -> _63973_/RESET_B : -90.651688
[setup in-reg] rst_n -> _63974_/RESET_B : -90.651688
[setup in-reg] rst_n -> _63975_/RESET_B : -90.651688
[setup in-reg] rst_n -> _63976_/RESET_B : -90.651688
[setup in-reg] rst_n -> _63977_/RESET_B : -90.651688
[setup in-reg] rst_n -> _63978_/RESET_B : -90.651688
[setup in-reg] rst_n -> _63979_/RESET_B : -90.651688
[setup in-reg] rst_n -> _63980_/RESET_B : -90.651688
[setup in-reg] rst_n -> _63981_/RESET_B : -90.651688
[setup in-reg] rst_n -> _63982_/RESET_B : -90.651688
[setup in-reg] rst_n -> _63983_/RESET_B : -90.651688
[setup in-reg] rst_n -> _63984_/RESET_B : -90.651688
[setup in-reg] rst_n -> _63985_/RESET_B : -90.651688
[setup in-reg] rst_n -> _63986_/RESET_B : -90.651688
[setup in-reg] rst_n -> _63987_/RESET_B : -90.651688
[setup in-reg] rst_n -> _63988_/RESET_B : -90.651688
[setup in-reg] rst_n -> _63989_/RESET_B : -90.651688
[setup in-reg] rst_n -> _63990_/RESET_B : -90.651688
[setup in-reg] rst_n -> _63991_/RESET_B : -90.651688
[setup in-reg] rst_n -> _63992_/RESET_B : -90.651688
[setup in-reg] rst_n -> _63993_/RESET_B : -90.651688
[setup in-reg] rst_n -> _63994_/RESET_B : -90.651688
[setup in-reg] rst_n -> _63995_/RESET_B : -90.651688
[setup in-reg] rst_n -> _63996_/RESET_B : -90.651688
[setup in-reg] rst_n -> _63997_/RESET_B : -90.651688
[setup in-reg] rst_n -> _63998_/RESET_B : -90.651688
[setup in-reg] rst_n -> _63999_/RESET_B : -90.651688
[setup in-reg] rst_n -> _64000_/RESET_B : -90.651688
[setup in-reg] rst_n -> _64001_/RESET_B : -90.651688
[setup in-reg] rst_n -> _64002_/RESET_B : -90.651688
[setup in-reg] rst_n -> _64003_/RESET_B : -90.651688
[setup in-reg] rst_n -> _64004_/RESET_B : -90.651688
[setup in-reg] rst_n -> _64005_/RESET_B : -90.651688
[setup in-reg] rst_n -> _64006_/RESET_B : -90.651688
[setup in-reg] rst_n -> _64007_/RESET_B : -90.651688
[setup in-reg] rst_n -> _64008_/RESET_B : -90.651688
[setup in-reg] rst_n -> _64009_/RESET_B : -90.651688
[setup in-reg] rst_n -> _64010_/RESET_B : -90.651688
[setup in-reg] rst_n -> _64011_/RESET_B : -90.651688
[setup in-reg] rst_n -> _64012_/RESET_B : -90.651688
[setup in-reg] rst_n -> _64013_/RESET_B : -90.651688
[setup in-reg] rst_n -> _64014_/RESET_B : -90.651688
[setup in-reg] rst_n -> _64015_/RESET_B : -90.651688
[setup in-reg] rst_n -> _64016_/RESET_B : -90.651688
[setup in-reg] rst_n -> _64017_/RESET_B : -90.651688
[setup in-reg] rst_n -> _64018_/RESET_B : -90.651688
[setup in-reg] rst_n -> _64019_/RESET_B : -90.651688
[setup in-reg] rst_n -> _64020_/RESET_B : -90.651688
[setup in-reg] rst_n -> _64021_/RESET_B : -90.651688
[setup in-reg] rst_n -> _64022_/RESET_B : -90.651688
[setup in-reg] rst_n -> _64023_/RESET_B : -90.651688
[setup in-reg] rst_n -> _64024_/RESET_B : -90.651688
[setup in-reg] rst_n -> _64025_/RESET_B : -90.651688
[setup in-reg] rst_n -> _64026_/RESET_B : -90.651688
[setup in-reg] rst_n -> _64027_/RESET_B : -90.651688
[setup in-reg] rst_n -> _64028_/RESET_B : -90.651688
[setup in-reg] rst_n -> _64029_/RESET_B : -90.651688
[setup in-reg] rst_n -> _64030_/RESET_B : -90.651688
[setup in-reg] rst_n -> _64031_/RESET_B : -90.651688
[setup in-reg] rst_n -> _64032_/RESET_B : -90.651688
[setup in-reg] rst_n -> _64033_/RESET_B : -90.651688
[setup in-reg] rst_n -> _64034_/RESET_B : -90.651688
[setup in-reg] rst_n -> _64035_/RESET_B : -90.651688
[setup in-reg] rst_n -> _64036_/RESET_B : -90.651688
[setup in-reg] rst_n -> _64037_/RESET_B : -90.651688
[setup in-reg] rst_n -> _64038_/RESET_B : -90.651688
[setup in-reg] rst_n -> _64039_/RESET_B : -90.651688
[setup in-reg] rst_n -> _64040_/RESET_B : -90.651688
[setup in-reg] rst_n -> _64041_/RESET_B : -90.651688
[setup in-reg] rst_n -> _64042_/RESET_B : -90.651688
[setup in-reg] rst_n -> _64043_/RESET_B : -90.651688
[setup in-reg] rst_n -> _64044_/RESET_B : -90.651688
[setup in-reg] rst_n -> _64045_/RESET_B : -90.651688
[setup in-reg] rst_n -> _64046_/RESET_B : -90.651688
[setup in-reg] rst_n -> _64047_/RESET_B : -90.651688
[setup in-reg] rst_n -> _64048_/RESET_B : -90.651688
[setup in-reg] rst_n -> _64049_/RESET_B : -90.651688
[setup in-reg] rst_n -> _64050_/RESET_B : -90.651688
[setup in-reg] rst_n -> _64051_/RESET_B : -90.651688
[setup in-reg] rst_n -> _64052_/RESET_B : -90.651688
[setup in-reg] rst_n -> _64053_/RESET_B : -90.651688
[setup in-reg] rst_n -> _64054_/RESET_B : -90.651688
[setup in-reg] rst_n -> _64055_/RESET_B : -90.651688
[setup in-reg] rst_n -> _64056_/RESET_B : -90.651688
[setup in-reg] rst_n -> _64057_/RESET_B : -90.651688
[setup in-reg] rst_n -> _64058_/RESET_B : -90.651688
[setup in-reg] rst_n -> _64059_/RESET_B : -90.651688
[setup in-reg] rst_n -> _64060_/RESET_B : -90.651688
[setup in-reg] rst_n -> _64061_/RESET_B : -90.651688
[setup in-reg] rst_n -> _64062_/RESET_B : -90.651688
[setup in-reg] rst_n -> _64063_/RESET_B : -90.651688
[setup in-reg] rst_n -> _64064_/RESET_B : -90.651688
[setup in-reg] rst_n -> _64065_/RESET_B : -90.651688
[setup in-reg] rst_n -> _64066_/RESET_B : -90.651688
[setup in-reg] rst_n -> _64067_/RESET_B : -90.651688
[setup in-reg] rst_n -> _64068_/RESET_B : -90.651688
[setup in-reg] rst_n -> _64069_/RESET_B : -90.651688
[setup in-reg] rst_n -> _64070_/RESET_B : -90.651688
[setup in-reg] rst_n -> _64071_/RESET_B : -90.651688
[setup in-reg] rst_n -> _64072_/RESET_B : -90.651688
[setup in-reg] rst_n -> _64073_/RESET_B : -90.651688
[setup in-reg] rst_n -> _64074_/RESET_B : -90.651688
[setup in-reg] rst_n -> _64075_/RESET_B : -90.651688
[setup in-reg] rst_n -> _64076_/RESET_B : -90.651688
[setup in-reg] rst_n -> _64077_/RESET_B : -90.651688
[setup in-reg] rst_n -> _64078_/RESET_B : -90.651688
[setup in-reg] rst_n -> _64079_/RESET_B : -90.651688
[setup in-reg] rst_n -> _64080_/RESET_B : -90.651688
[setup in-reg] rst_n -> _64081_/RESET_B : -90.651688
[setup in-reg] rst_n -> _64082_/RESET_B : -90.651688
[setup in-reg] rst_n -> _64083_/RESET_B : -90.651688
[setup in-reg] rst_n -> _64084_/RESET_B : -90.651688
[setup in-reg] rst_n -> _64085_/RESET_B : -90.651688
[setup in-reg] rst_n -> _64086_/RESET_B : -90.651688
[setup in-reg] rst_n -> _64087_/RESET_B : -90.651688
[setup in-reg] rst_n -> _64088_/RESET_B : -90.651688
[setup in-reg] rst_n -> _64089_/RESET_B : -90.651688
[setup in-reg] rst_n -> _64090_/RESET_B : -90.651688
[setup in-reg] rst_n -> _64091_/RESET_B : -90.651688
[setup in-reg] rst_n -> _64092_/RESET_B : -90.651688
[setup in-reg] rst_n -> _64093_/RESET_B : -90.651688
[setup in-reg] rst_n -> _64094_/RESET_B : -90.651688
[setup in-reg] rst_n -> _64095_/RESET_B : -90.651688
[setup in-reg] rst_n -> _64096_/RESET_B : -90.651688
[setup in-reg] rst_n -> _64097_/RESET_B : -90.651688
[setup in-reg] rst_n -> _64098_/RESET_B : -90.651688
[setup in-reg] rst_n -> _64099_/RESET_B : -90.651688
[setup in-reg] rst_n -> _64100_/RESET_B : -90.651688
[setup in-reg] rst_n -> _64101_/RESET_B : -90.651688
[setup in-reg] rst_n -> _64102_/RESET_B : -90.651688
[setup in-reg] rst_n -> _64103_/RESET_B : -90.651688
[setup in-reg] rst_n -> _64104_/RESET_B : -90.651688
[setup in-reg] rst_n -> _64105_/RESET_B : -90.651688
[setup in-reg] rst_n -> _64106_/RESET_B : -90.651688
[setup in-reg] rst_n -> _64107_/RESET_B : -90.651688
[setup in-reg] rst_n -> _64108_/RESET_B : -90.651688
[setup in-reg] rst_n -> _64109_/RESET_B : -90.651688
[setup in-reg] rst_n -> _64110_/RESET_B : -90.651688
[setup in-reg] rst_n -> _64111_/RESET_B : -90.651688
[setup in-reg] rst_n -> _64112_/RESET_B : -90.651688
[setup in-reg] rst_n -> _64113_/RESET_B : -90.651688
[setup in-reg] rst_n -> _64114_/RESET_B : -90.651688
[setup in-reg] rst_n -> _64115_/RESET_B : -90.651688
[setup in-reg] rst_n -> _64116_/RESET_B : -90.651688
[setup in-reg] rst_n -> _64117_/RESET_B : -90.651688
[setup in-reg] rst_n -> _64118_/RESET_B : -90.651688
[setup in-reg] rst_n -> _64119_/RESET_B : -90.651688
[setup in-reg] rst_n -> _64120_/RESET_B : -90.651688
[setup in-reg] rst_n -> _64121_/RESET_B : -90.651688
[setup in-reg] rst_n -> _64122_/RESET_B : -90.651688
[setup in-reg] rst_n -> _64123_/RESET_B : -90.651688
[setup in-reg] rst_n -> _64124_/RESET_B : -90.651688
[setup in-reg] rst_n -> _64125_/RESET_B : -90.651688
[setup in-reg] rst_n -> _64126_/RESET_B : -90.651688
[setup in-reg] rst_n -> _64127_/RESET_B : -90.651688
[setup in-reg] rst_n -> _64128_/RESET_B : -90.651688
[setup in-reg] rst_n -> _64129_/RESET_B : -90.651688
[setup in-reg] rst_n -> _64130_/RESET_B : -90.651688
[setup in-reg] rst_n -> _64131_/RESET_B : -90.651688
[setup in-reg] rst_n -> _64132_/RESET_B : -90.651688
[setup in-reg] rst_n -> _64133_/RESET_B : -90.651688
[setup in-reg] rst_n -> _64134_/RESET_B : -90.651688
[setup in-reg] rst_n -> _64135_/RESET_B : -90.651688
[setup in-reg] rst_n -> _64136_/RESET_B : -90.651688
[setup in-reg] rst_n -> _64137_/RESET_B : -90.651688
[setup in-reg] rst_n -> _64138_/RESET_B : -90.651688
[setup in-reg] rst_n -> _64139_/RESET_B : -90.651688
[setup in-reg] rst_n -> _64140_/RESET_B : -90.651688
[setup in-reg] rst_n -> _64141_/RESET_B : -90.651688
[setup in-reg] rst_n -> _64142_/RESET_B : -90.651688
[setup in-reg] rst_n -> _64143_/RESET_B : -90.651688
[setup in-reg] rst_n -> _64144_/RESET_B : -90.651688
[setup in-reg] rst_n -> _64145_/RESET_B : -90.651688
[setup in-reg] rst_n -> _64146_/RESET_B : -90.651688
[setup in-reg] rst_n -> _64147_/RESET_B : -90.651688
[setup in-reg] rst_n -> _64148_/RESET_B : -90.651688
[setup in-reg] rst_n -> _64149_/RESET_B : -90.651688
[setup in-reg] rst_n -> _64150_/RESET_B : -90.651688
[setup in-reg] rst_n -> _64151_/RESET_B : -90.651688
[setup in-reg] rst_n -> _64152_/RESET_B : -90.651688
[setup in-reg] rst_n -> _64153_/RESET_B : -90.651688
[setup in-reg] rst_n -> _64154_/RESET_B : -90.651688
[setup in-reg] rst_n -> _64155_/RESET_B : -90.651688
[setup in-reg] rst_n -> _64156_/RESET_B : -90.651688
[setup in-reg] rst_n -> _64157_/RESET_B : -90.651688
[setup in-reg] rst_n -> _64158_/RESET_B : -90.651688
[setup in-reg] rst_n -> _64159_/RESET_B : -90.651688
[setup in-reg] rst_n -> _64160_/RESET_B : -90.651688
[setup in-reg] rst_n -> _64161_/RESET_B : -90.651688
[setup in-reg] rst_n -> _64162_/RESET_B : -90.651688
[setup in-reg] rst_n -> _64163_/RESET_B : -90.651688
[setup in-reg] rst_n -> _64164_/RESET_B : -90.651688
[setup in-reg] rst_n -> _64165_/RESET_B : -90.651688
[setup in-reg] rst_n -> _64166_/RESET_B : -90.651688
[setup in-reg] rst_n -> _64167_/RESET_B : -90.651688
[setup in-reg] rst_n -> _64168_/RESET_B : -90.651688
[setup in-reg] rst_n -> _64169_/RESET_B : -90.651688
[setup in-reg] rst_n -> _64170_/RESET_B : -90.651688
[setup in-reg] rst_n -> _64171_/RESET_B : -90.651688
[setup in-reg] rst_n -> _64172_/RESET_B : -90.651688
[setup in-reg] rst_n -> _64173_/RESET_B : -90.651688
[setup in-reg] rst_n -> _64174_/RESET_B : -90.651688
[setup in-reg] rst_n -> _64175_/RESET_B : -90.651688
[setup in-reg] rst_n -> _64176_/RESET_B : -90.651688
[setup in-reg] rst_n -> _64177_/RESET_B : -90.651688
[setup in-reg] rst_n -> _64178_/RESET_B : -90.651688
[setup in-reg] rst_n -> _64179_/RESET_B : -90.651688
[setup in-reg] rst_n -> _64180_/RESET_B : -90.651688
[setup in-reg] rst_n -> _64181_/RESET_B : -90.651688
[setup in-reg] rst_n -> _64182_/RESET_B : -90.651688
[setup in-reg] rst_n -> _64183_/RESET_B : -90.651688
[setup in-reg] rst_n -> _64184_/RESET_B : -90.651688
[setup in-reg] rst_n -> _64185_/RESET_B : -90.651688
[setup in-reg] rst_n -> _64186_/RESET_B : -90.651688
[setup in-reg] rst_n -> _64187_/RESET_B : -90.651688
[setup in-reg] rst_n -> _64188_/RESET_B : -90.651688
[setup in-reg] rst_n -> _64189_/RESET_B : -90.651688
[setup in-reg] rst_n -> _64190_/RESET_B : -90.651688
[setup in-reg] rst_n -> _64191_/RESET_B : -90.651688
[setup in-reg] rst_n -> _64192_/RESET_B : -90.651688
[setup in-reg] rst_n -> _64193_/RESET_B : -90.651688
[setup in-reg] rst_n -> _64194_/RESET_B : -90.651688
[setup in-reg] rst_n -> _64195_/RESET_B : -90.651688
[setup in-reg] rst_n -> _64196_/RESET_B : -90.651688
[setup in-reg] rst_n -> _64197_/RESET_B : -90.651688
[setup in-reg] rst_n -> _64198_/RESET_B : -90.651688
[setup in-reg] rst_n -> _64199_/RESET_B : -90.651688
[setup in-reg] rst_n -> _64200_/RESET_B : -90.651688
[setup in-reg] rst_n -> _64201_/RESET_B : -90.651688
[setup in-reg] rst_n -> _64202_/RESET_B : -90.651688
[setup in-reg] rst_n -> _64203_/RESET_B : -90.651688
[setup in-reg] rst_n -> _64204_/RESET_B : -90.651688
[setup in-reg] rst_n -> _64205_/RESET_B : -90.651688
[setup in-reg] rst_n -> _64206_/RESET_B : -90.651688
[setup in-reg] rst_n -> _64207_/RESET_B : -90.651688
[setup in-reg] rst_n -> _64208_/RESET_B : -90.651688
[setup in-reg] rst_n -> _64209_/RESET_B : -90.651688
[setup in-reg] rst_n -> _64210_/RESET_B : -90.651688
[setup in-reg] rst_n -> _64211_/RESET_B : -90.651688
[setup in-reg] rst_n -> _64212_/RESET_B : -90.651688
[setup in-reg] rst_n -> _64213_/RESET_B : -90.651688
[setup in-reg] rst_n -> _64214_/RESET_B : -90.651688
[setup in-reg] rst_n -> _64215_/RESET_B : -90.651688
[setup in-reg] rst_n -> _64216_/RESET_B : -90.651688
[setup in-reg] rst_n -> _64217_/RESET_B : -90.651688
[setup in-reg] rst_n -> _64218_/RESET_B : -90.651688
[setup in-reg] rst_n -> _64219_/RESET_B : -90.651688
[setup in-reg] rst_n -> _64220_/RESET_B : -90.651688
[setup in-reg] rst_n -> _64221_/RESET_B : -90.651688
[setup in-reg] rst_n -> _64222_/RESET_B : -90.651688
[setup in-reg] rst_n -> _64223_/RESET_B : -90.651688
[setup in-reg] rst_n -> _64224_/RESET_B : -90.651688
[setup in-reg] rst_n -> _64225_/RESET_B : -90.651688
[setup in-reg] rst_n -> _64226_/RESET_B : -90.651688
[setup in-reg] rst_n -> _64227_/RESET_B : -90.651688
[setup in-reg] rst_n -> _64228_/RESET_B : -90.651688
[setup in-reg] rst_n -> _64229_/RESET_B : -90.651688
[setup in-reg] rst_n -> _64230_/RESET_B : -90.651688
[setup in-reg] rst_n -> _64231_/RESET_B : -90.651688
[setup in-reg] rst_n -> _64232_/RESET_B : -90.651688
[setup in-reg] rst_n -> _64233_/RESET_B : -90.651688
[setup in-reg] rst_n -> _64234_/RESET_B : -90.651688
[setup in-reg] rst_n -> _64235_/RESET_B : -90.651688
[setup in-reg] rst_n -> _64236_/RESET_B : -90.651688
[setup in-reg] rst_n -> _64237_/RESET_B : -90.651688
[setup in-reg] rst_n -> _64238_/RESET_B : -90.651688
[setup in-reg] rst_n -> _64239_/RESET_B : -90.651688
[setup in-reg] rst_n -> _64240_/RESET_B : -90.651688
[setup in-reg] rst_n -> _64241_/RESET_B : -90.651688
[setup in-reg] rst_n -> _64242_/RESET_B : -90.651688
[setup in-reg] rst_n -> _64243_/RESET_B : -90.651688
[setup in-reg] rst_n -> _64244_/RESET_B : -90.651688
[setup in-reg] rst_n -> _64245_/RESET_B : -90.651688
[setup in-reg] rst_n -> _64246_/RESET_B : -90.651688
[setup in-reg] rst_n -> _64247_/RESET_B : -90.651688
[setup in-reg] rst_n -> _64248_/RESET_B : -90.651688
[setup in-reg] rst_n -> _64249_/RESET_B : -90.651688
[setup in-reg] rst_n -> _64250_/RESET_B : -90.651688
[setup in-reg] rst_n -> _64251_/RESET_B : -90.651688
[setup in-reg] rst_n -> _64252_/RESET_B : -90.651688
[setup in-reg] rst_n -> _64253_/RESET_B : -90.651688
[setup in-reg] rst_n -> _64254_/RESET_B : -90.651688
[setup in-reg] rst_n -> _64255_/RESET_B : -90.651688
[setup in-reg] rst_n -> _64256_/RESET_B : -90.651688
[setup in-reg] rst_n -> _64257_/RESET_B : -90.651688
[setup in-reg] rst_n -> _64258_/RESET_B : -90.651688
[setup in-reg] rst_n -> _64259_/RESET_B : -90.651688
[setup in-reg] rst_n -> _64260_/RESET_B : -90.651688
[setup in-reg] rst_n -> _64261_/RESET_B : -90.651688
[setup in-reg] rst_n -> _64262_/RESET_B : -90.651688
[setup in-reg] rst_n -> _64263_/RESET_B : -90.651688
[setup in-reg] rst_n -> _64264_/RESET_B : -90.651688
[setup in-reg] rst_n -> _64265_/RESET_B : -90.651688
[setup in-reg] rst_n -> _64266_/RESET_B : -90.651688
[setup in-reg] rst_n -> _64267_/RESET_B : -90.651688
[setup in-reg] rst_n -> _64268_/RESET_B : -90.651688
[setup in-reg] rst_n -> _64269_/RESET_B : -90.651688
[setup in-reg] rst_n -> _64270_/RESET_B : -90.651688
[setup in-reg] rst_n -> _64271_/RESET_B : -90.651688
[setup in-reg] rst_n -> _64272_/RESET_B : -90.651688
[setup in-reg] rst_n -> _64273_/RESET_B : -90.651688
[setup in-reg] rst_n -> _64274_/RESET_B : -90.651688
[setup in-reg] rst_n -> _64275_/RESET_B : -90.651688
[setup in-reg] rst_n -> _64276_/RESET_B : -90.651688
[setup in-reg] rst_n -> _64277_/RESET_B : -90.651688
[setup in-reg] rst_n -> _64278_/RESET_B : -90.651688
[setup in-reg] rst_n -> _64279_/RESET_B : -90.651688
[setup in-reg] rst_n -> _64280_/RESET_B : -90.651688
[setup in-reg] rst_n -> _64281_/RESET_B : -90.651688
[setup in-reg] rst_n -> _64282_/RESET_B : -90.651688
[setup in-reg] rst_n -> _64283_/RESET_B : -90.651688
[setup in-reg] rst_n -> _64284_/RESET_B : -90.651688
[setup in-reg] rst_n -> _64285_/RESET_B : -90.651688
[setup in-reg] rst_n -> _64286_/RESET_B : -90.651688
[setup in-reg] rst_n -> _64287_/RESET_B : -90.651688
[setup in-reg] rst_n -> _64288_/RESET_B : -90.651688
[setup in-reg] rst_n -> _64289_/RESET_B : -90.651688
[setup in-reg] rst_n -> _64290_/RESET_B : -90.651688
[setup in-reg] rst_n -> _64291_/RESET_B : -90.651688
[setup in-reg] rst_n -> _64292_/RESET_B : -90.651688
[setup in-reg] rst_n -> _64293_/RESET_B : -90.651688
[setup in-reg] rst_n -> _64294_/RESET_B : -90.651688
[setup in-reg] rst_n -> _64295_/RESET_B : -90.651688
[setup in-reg] rst_n -> _64296_/RESET_B : -90.651688
[setup in-reg] rst_n -> _64297_/RESET_B : -90.651688
[setup in-reg] rst_n -> _64298_/RESET_B : -90.651688
[setup in-reg] rst_n -> _64299_/RESET_B : -90.651688
[setup in-reg] rst_n -> _64300_/RESET_B : -90.651688
[setup in-reg] rst_n -> _64301_/RESET_B : -90.651688
[setup in-reg] rst_n -> _64302_/RESET_B : -90.651688
[setup in-reg] rst_n -> _64303_/RESET_B : -90.651688
[setup in-reg] rst_n -> _64304_/RESET_B : -90.651688
[setup in-reg] rst_n -> _64305_/RESET_B : -90.651688
[setup in-reg] rst_n -> _64306_/RESET_B : -90.651688
[setup in-reg] rst_n -> _64307_/RESET_B : -90.651688
[setup in-reg] rst_n -> _64308_/RESET_B : -90.651688
[setup in-reg] rst_n -> _64309_/RESET_B : -90.651688
[setup in-reg] rst_n -> _64310_/RESET_B : -90.651688
[setup in-reg] rst_n -> _64311_/RESET_B : -90.651688
[setup in-reg] rst_n -> _64312_/RESET_B : -90.651688
[setup in-reg] rst_n -> _64313_/RESET_B : -90.651688
[setup in-reg] rst_n -> _64314_/RESET_B : -90.651688
[setup in-reg] rst_n -> _64315_/RESET_B : -90.651688
[setup in-reg] rst_n -> _64316_/RESET_B : -90.651688
[setup in-reg] rst_n -> _64317_/RESET_B : -90.651688
[setup in-reg] rst_n -> _64318_/RESET_B : -90.651688
[setup in-reg] rst_n -> _64319_/RESET_B : -90.651688
[setup in-reg] rst_n -> _64320_/RESET_B : -90.651688
[setup in-reg] rst_n -> _64321_/RESET_B : -90.651688
[setup in-reg] rst_n -> _64322_/RESET_B : -90.651688
[setup in-reg] rst_n -> _64323_/RESET_B : -90.651688
[setup in-reg] rst_n -> _64324_/RESET_B : -90.651688
[setup in-reg] rst_n -> _64325_/RESET_B : -90.651688
[setup in-reg] rst_n -> _64326_/RESET_B : -90.651688
[setup in-reg] rst_n -> _64327_/RESET_B : -90.651688
[setup in-reg] rst_n -> _64328_/RESET_B : -90.651688
[setup in-reg] rst_n -> _64329_/RESET_B : -90.651688
[setup in-reg] rst_n -> _64330_/RESET_B : -90.651688
[setup in-reg] rst_n -> _64331_/RESET_B : -90.651688
[setup in-reg] rst_n -> _64332_/RESET_B : -90.651688
[setup in-reg] rst_n -> _64333_/RESET_B : -90.651688
[setup in-reg] rst_n -> _64334_/RESET_B : -90.651688
[setup in-reg] rst_n -> _64335_/RESET_B : -90.651688
[setup in-reg] rst_n -> _64336_/RESET_B : -90.651688
[setup in-reg] rst_n -> _64337_/RESET_B : -90.651688
[setup in-reg] rst_n -> _64338_/RESET_B : -90.651688
[setup in-reg] rst_n -> _64339_/RESET_B : -90.651688
[setup in-reg] rst_n -> _64340_/RESET_B : -90.651688
[setup in-reg] rst_n -> _64341_/RESET_B : -90.651688
[setup in-reg] rst_n -> _64342_/RESET_B : -90.651688
[setup in-reg] rst_n -> _64343_/RESET_B : -90.651688
[setup in-reg] rst_n -> _64344_/RESET_B : -90.651688
[setup in-reg] rst_n -> _64345_/RESET_B : -90.651688
[setup in-reg] rst_n -> _64346_/RESET_B : -90.651688
[setup in-reg] rst_n -> _64347_/RESET_B : -90.651688
[setup in-reg] rst_n -> _64348_/RESET_B : -90.651688
[setup in-reg] rst_n -> _64349_/RESET_B : -90.651688
[setup in-reg] rst_n -> _64350_/RESET_B : -90.651688
[setup in-reg] rst_n -> _64351_/RESET_B : -90.651688
[setup in-reg] rst_n -> _64352_/RESET_B : -90.651688
[setup in-reg] rst_n -> _64353_/RESET_B : -90.651688
[setup in-reg] rst_n -> _64354_/RESET_B : -90.651688
[setup in-reg] rst_n -> _64355_/RESET_B : -90.651688
[setup in-reg] rst_n -> _64356_/RESET_B : -90.651688
[setup in-reg] rst_n -> _64357_/RESET_B : -90.651688
[setup in-reg] rst_n -> _64358_/RESET_B : -90.651688
[setup in-reg] rst_n -> _64359_/RESET_B : -90.651688
[setup in-reg] rst_n -> _64360_/RESET_B : -90.651688
[setup in-reg] rst_n -> _64361_/RESET_B : -90.651688
[setup in-reg] rst_n -> _64362_/RESET_B : -90.651688
[setup in-reg] rst_n -> _64363_/RESET_B : -90.651688
[setup in-reg] rst_n -> _64364_/RESET_B : -90.651688
[setup in-reg] rst_n -> _64365_/RESET_B : -90.651688
[setup in-reg] rst_n -> _64366_/RESET_B : -90.651688
[setup in-reg] rst_n -> _64367_/RESET_B : -90.651688
[setup in-reg] rst_n -> _64368_/RESET_B : -90.651688
[setup in-reg] rst_n -> _64369_/RESET_B : -90.651688
[setup in-reg] rst_n -> _64370_/RESET_B : -90.651688
[setup in-reg] rst_n -> _64371_/RESET_B : -90.651688
[setup in-reg] rst_n -> _64372_/RESET_B : -90.651688
[setup in-reg] rst_n -> _64373_/RESET_B : -90.651688
[setup in-reg] rst_n -> _64374_/RESET_B : -90.651688
[setup in-reg] rst_n -> _64375_/RESET_B : -90.651688
[setup in-reg] rst_n -> _64376_/RESET_B : -90.651688
[setup in-reg] rst_n -> _64377_/RESET_B : -90.651688
[setup in-reg] rst_n -> _64378_/RESET_B : -90.651688
[setup in-reg] rst_n -> _64379_/RESET_B : -90.651688
[setup in-reg] rst_n -> _64380_/RESET_B : -90.651688
[setup in-reg] rst_n -> _64381_/RESET_B : -90.651688
[setup in-reg] rst_n -> _64382_/RESET_B : -90.651688
[setup in-reg] rst_n -> _64383_/RESET_B : -90.651688
[setup in-reg] rst_n -> _64384_/RESET_B : -90.651688
[setup in-reg] rst_n -> _64385_/RESET_B : -90.651688
[setup in-reg] rst_n -> _64386_/RESET_B : -90.651688
[setup in-reg] rst_n -> _64387_/RESET_B : -90.651688
[setup in-reg] rst_n -> _64388_/RESET_B : -90.651688
[setup in-reg] rst_n -> _64389_/RESET_B : -90.651688
[setup in-reg] rst_n -> _64390_/RESET_B : -90.651688
[setup in-reg] rst_n -> _64391_/RESET_B : -90.651688
[setup in-reg] rst_n -> _64392_/RESET_B : -90.651688
[setup in-reg] rst_n -> _64393_/RESET_B : -90.651688
[setup in-reg] rst_n -> _64394_/RESET_B : -90.651688
[setup in-reg] rst_n -> _64395_/RESET_B : -90.651688
[setup in-reg] rst_n -> _64396_/RESET_B : -90.651688
[setup in-reg] rst_n -> _64397_/RESET_B : -90.651688
[setup in-reg] rst_n -> _64398_/RESET_B : -90.651688
[setup in-reg] rst_n -> _64399_/RESET_B : -90.651688
[setup in-reg] rst_n -> _64400_/RESET_B : -90.651688
[setup in-reg] rst_n -> _64401_/RESET_B : -90.651688
[setup in-reg] rst_n -> _64402_/RESET_B : -90.651688
[setup in-reg] rst_n -> _64403_/RESET_B : -90.651688
[setup in-reg] rst_n -> _64404_/RESET_B : -90.651688
[setup in-reg] rst_n -> _64405_/RESET_B : -90.651688
[setup in-reg] rst_n -> _64406_/RESET_B : -90.651688
[setup in-reg] rst_n -> _64407_/RESET_B : -90.651688
[setup in-reg] rst_n -> _64408_/RESET_B : -90.651688
[setup in-reg] rst_n -> _64409_/RESET_B : -90.651688
[setup in-reg] rst_n -> _64410_/RESET_B : -90.651688
[setup in-reg] rst_n -> _64411_/RESET_B : -90.651688
[setup in-reg] rst_n -> _64412_/RESET_B : -90.651688
[setup in-reg] rst_n -> _64413_/RESET_B : -90.651688
[setup in-reg] rst_n -> _64414_/RESET_B : -90.651688
[setup in-reg] rst_n -> _64415_/RESET_B : -90.651688
[setup in-reg] rst_n -> _64416_/RESET_B : -90.651688
[setup in-reg] rst_n -> _64417_/RESET_B : -90.651688
[setup in-reg] rst_n -> _64418_/RESET_B : -90.651688
[setup in-reg] rst_n -> _64419_/RESET_B : -90.651688
[setup in-reg] rst_n -> _64420_/RESET_B : -90.651688
[setup in-reg] rst_n -> _64421_/RESET_B : -90.651688
[setup in-reg] rst_n -> _64422_/RESET_B : -90.651688
[setup in-reg] rst_n -> _64423_/RESET_B : -90.651688
[setup in-reg] rst_n -> _64424_/RESET_B : -90.651688
[setup in-reg] rst_n -> _64425_/RESET_B : -90.651688
[setup in-reg] rst_n -> _64426_/RESET_B : -90.651688
[setup in-reg] rst_n -> _64427_/RESET_B : -90.651688
[setup in-reg] rst_n -> _64428_/RESET_B : -90.651688
[setup in-reg] rst_n -> _64429_/RESET_B : -90.651688
[setup in-reg] rst_n -> _64430_/RESET_B : -90.651688
[setup in-reg] rst_n -> _64431_/RESET_B : -90.651688
[setup in-reg] rst_n -> _64432_/RESET_B : -90.651688
[setup in-reg] rst_n -> _64433_/RESET_B : -90.651688
[setup in-reg] rst_n -> _64434_/RESET_B : -90.651688
[setup in-reg] rst_n -> _64435_/RESET_B : -90.651688
[setup in-reg] rst_n -> _64436_/RESET_B : -90.651688
[setup in-reg] rst_n -> _64437_/RESET_B : -90.651688
[setup in-reg] rst_n -> _64438_/RESET_B : -90.651688
[setup in-reg] rst_n -> _64439_/RESET_B : -90.651688
[setup in-reg] rst_n -> _64440_/RESET_B : -90.651688
[setup in-reg] rst_n -> _64441_/RESET_B : -90.651688
[setup in-reg] rst_n -> _64442_/RESET_B : -90.651688
[setup in-reg] rst_n -> _64443_/RESET_B : -90.651688
[setup in-reg] rst_n -> _64444_/RESET_B : -90.651688
[setup in-reg] rst_n -> _64445_/RESET_B : -90.651688
[setup in-reg] rst_n -> _64446_/RESET_B : -90.651688
[setup in-reg] rst_n -> _64447_/RESET_B : -90.651688
[setup in-reg] rst_n -> _64448_/RESET_B : -90.651688
[setup in-reg] rst_n -> _64449_/RESET_B : -90.651688
[setup in-reg] rst_n -> _64450_/RESET_B : -90.651688
[setup in-reg] rst_n -> _64451_/RESET_B : -90.651688
[setup in-reg] rst_n -> _64452_/RESET_B : -90.651688
[setup in-reg] rst_n -> _64453_/RESET_B : -90.651688
[setup in-reg] rst_n -> _64454_/RESET_B : -90.651688
[setup in-reg] rst_n -> _64455_/RESET_B : -90.651688
[setup in-reg] rst_n -> _64456_/RESET_B : -90.651688
[setup in-reg] rst_n -> _64457_/RESET_B : -90.651688
[setup in-reg] rst_n -> _64458_/RESET_B : -90.651688
[setup in-reg] rst_n -> _64459_/RESET_B : -90.651688
[setup in-reg] rst_n -> _64460_/RESET_B : -90.651688
[setup in-reg] rst_n -> _64461_/RESET_B : -90.651688
[setup in-reg] rst_n -> _64462_/RESET_B : -90.651688
[setup in-reg] rst_n -> _64463_/RESET_B : -90.651688
[setup in-reg] rst_n -> _64464_/RESET_B : -90.651688
[setup in-reg] rst_n -> _64465_/RESET_B : -90.651688
[setup in-reg] rst_n -> _64466_/RESET_B : -90.651688
[setup in-reg] rst_n -> _64467_/RESET_B : -90.651688
[setup in-reg] rst_n -> _64468_/RESET_B : -90.651688
[setup in-reg] rst_n -> _64469_/RESET_B : -90.651688
[setup in-reg] rst_n -> _64470_/RESET_B : -90.651688
[setup in-reg] rst_n -> _64471_/RESET_B : -90.651688
[setup in-reg] rst_n -> _64472_/RESET_B : -90.651688
[setup in-reg] rst_n -> _64473_/RESET_B : -90.651688
[setup in-reg] rst_n -> _64474_/RESET_B : -90.651688
[setup in-reg] rst_n -> _64475_/RESET_B : -90.651688
[setup in-reg] rst_n -> _64476_/RESET_B : -90.651688
[setup in-reg] rst_n -> _64477_/RESET_B : -90.651688
[setup in-reg] rst_n -> _64478_/RESET_B : -90.651688
[setup in-reg] rst_n -> _64479_/RESET_B : -90.651688
[setup in-reg] rst_n -> _64480_/RESET_B : -90.651688
[setup in-reg] rst_n -> _64481_/RESET_B : -90.651688
[setup in-reg] rst_n -> _64482_/RESET_B : -90.651688
[setup in-reg] rst_n -> _64483_/RESET_B : -90.651688
[setup in-reg] rst_n -> _64484_/RESET_B : -90.651688
[setup in-reg] rst_n -> _64485_/RESET_B : -90.651688
[setup in-reg] rst_n -> _64486_/RESET_B : -90.651688
[setup in-reg] rst_n -> _64487_/RESET_B : -90.651688
[setup in-reg] rst_n -> _64488_/RESET_B : -90.651688
[setup in-reg] rst_n -> _64489_/RESET_B : -90.651688
[setup in-reg] rst_n -> _64490_/RESET_B : -90.651688
[setup in-reg] rst_n -> _64491_/RESET_B : -90.651688
[setup in-reg] rst_n -> _64492_/RESET_B : -90.651688
[setup in-reg] rst_n -> _64493_/RESET_B : -90.651688
[setup in-reg] rst_n -> _64494_/RESET_B : -90.651688
[setup in-reg] rst_n -> _64495_/RESET_B : -90.651688
[setup in-reg] rst_n -> _64496_/RESET_B : -90.651688
[setup in-reg] rst_n -> _64497_/RESET_B : -90.651688
[setup in-reg] rst_n -> _64498_/RESET_B : -90.651688
[setup in-reg] rst_n -> _64499_/RESET_B : -90.651688
[setup in-reg] rst_n -> _64500_/RESET_B : -90.651688
[setup in-reg] rst_n -> _64501_/RESET_B : -90.651688
[setup in-reg] rst_n -> _64502_/RESET_B : -90.651688
[setup in-reg] rst_n -> _64503_/RESET_B : -90.651688
[setup in-reg] rst_n -> _64504_/RESET_B : -90.651688
[setup in-reg] rst_n -> _64505_/RESET_B : -90.651688
[setup in-reg] rst_n -> _64506_/RESET_B : -90.651688
[setup in-reg] rst_n -> _64507_/RESET_B : -90.651688
[setup in-reg] rst_n -> _64508_/RESET_B : -90.651688
[setup in-reg] rst_n -> _64509_/RESET_B : -90.651688
[setup in-reg] rst_n -> _64510_/RESET_B : -90.651688
[setup in-reg] rst_n -> _64511_/RESET_B : -90.651688
[setup in-reg] rst_n -> _64512_/RESET_B : -90.651688
[setup in-reg] rst_n -> _64513_/RESET_B : -90.651688
[setup in-reg] rst_n -> _64514_/RESET_B : -90.651688
[setup in-reg] rst_n -> _64515_/RESET_B : -90.651688
[setup in-reg] rst_n -> _64516_/RESET_B : -90.651688
[setup in-reg] rst_n -> _64517_/RESET_B : -90.651688
[setup in-reg] rst_n -> _64518_/RESET_B : -90.651688
[setup in-reg] rst_n -> _64519_/RESET_B : -90.651688
[setup in-reg] rst_n -> _64520_/RESET_B : -90.651688
[setup in-reg] rst_n -> _64521_/RESET_B : -90.651688
[setup in-reg] rst_n -> _64522_/RESET_B : -90.651688
[setup in-reg] rst_n -> _64523_/RESET_B : -90.651688
[setup in-reg] rst_n -> _64524_/RESET_B : -90.651688
[setup in-reg] rst_n -> _64525_/RESET_B : -90.651688
[setup in-reg] rst_n -> _64526_/RESET_B : -90.651688
[setup in-reg] rst_n -> _64527_/RESET_B : -90.651688
[setup in-reg] rst_n -> _64528_/RESET_B : -90.651688
[setup in-reg] rst_n -> _64529_/RESET_B : -90.651688
[setup in-reg] rst_n -> _64530_/RESET_B : -90.651688
[setup in-reg] rst_n -> _64531_/RESET_B : -90.651688
[setup in-reg] rst_n -> _64532_/RESET_B : -90.651688
[setup in-reg] rst_n -> _64533_/RESET_B : -90.651688
[setup in-reg] rst_n -> _64534_/RESET_B : -90.651688
[setup in-reg] rst_n -> _64535_/RESET_B : -90.651688
[setup in-reg] rst_n -> _64536_/RESET_B : -90.651688
[setup in-reg] rst_n -> _64537_/RESET_B : -90.651688
[setup in-reg] rst_n -> _64538_/RESET_B : -90.651688
[setup in-reg] rst_n -> _64539_/RESET_B : -90.651688
[setup in-reg] rst_n -> _64540_/RESET_B : -90.651688
[setup in-reg] rst_n -> _64541_/RESET_B : -90.651688
[setup in-reg] rst_n -> _64542_/RESET_B : -90.651688
[setup in-reg] rst_n -> _64543_/RESET_B : -90.651688
[setup in-reg] rst_n -> _64544_/RESET_B : -90.651688
[setup in-reg] rst_n -> _64545_/RESET_B : -90.651688
[setup in-reg] rst_n -> _64546_/RESET_B : -90.651688
[setup in-reg] rst_n -> _64547_/RESET_B : -90.651688
[setup in-reg] rst_n -> _64548_/RESET_B : -90.651688
[setup in-reg] rst_n -> _64549_/RESET_B : -90.651688
[setup in-reg] rst_n -> _64550_/RESET_B : -90.651688
[setup in-reg] rst_n -> _64551_/RESET_B : -90.651688
[setup in-reg] rst_n -> _64552_/RESET_B : -90.651688
[setup in-reg] rst_n -> _64553_/RESET_B : -90.651688
[setup in-reg] rst_n -> _64554_/RESET_B : -90.651688
[setup in-reg] rst_n -> _64555_/RESET_B : -90.651688
[setup in-reg] rst_n -> _64556_/RESET_B : -90.651688
[setup in-reg] rst_n -> _64557_/RESET_B : -90.651688
[setup in-reg] rst_n -> _64558_/RESET_B : -90.651688
[setup in-reg] rst_n -> _64559_/RESET_B : -90.651688
[setup in-reg] rst_n -> _64560_/RESET_B : -90.651688
[setup in-reg] rst_n -> _64561_/RESET_B : -90.651688
[setup in-reg] rst_n -> _64562_/RESET_B : -90.651688
[setup in-reg] rst_n -> _64563_/RESET_B : -90.651688
[setup in-reg] rst_n -> _64564_/RESET_B : -90.651688
[setup in-reg] rst_n -> _64565_/RESET_B : -90.651688
[setup in-reg] rst_n -> _64566_/RESET_B : -90.651688
[setup in-reg] rst_n -> _64567_/RESET_B : -90.651688
[setup in-reg] rst_n -> _64568_/RESET_B : -90.651688
[setup in-reg] rst_n -> _64569_/RESET_B : -90.651688
[setup in-reg] rst_n -> _64570_/RESET_B : -90.651688
[setup in-reg] rst_n -> _64571_/RESET_B : -90.651688
[setup in-reg] rst_n -> _64572_/RESET_B : -90.651688
[setup in-reg] rst_n -> _64573_/RESET_B : -90.651688
[setup in-reg] rst_n -> _64574_/RESET_B : -90.651688
[setup in-reg] rst_n -> _64575_/RESET_B : -90.651688
[setup in-reg] rst_n -> _64576_/RESET_B : -90.651688
[setup in-reg] rst_n -> _64577_/RESET_B : -90.651688
[setup in-reg] rst_n -> _64578_/RESET_B : -90.651688
[setup in-reg] rst_n -> _64579_/RESET_B : -90.651688
[setup in-reg] rst_n -> _64580_/RESET_B : -90.651688
[setup in-reg] rst_n -> _64581_/RESET_B : -90.651688
[setup in-reg] rst_n -> _64582_/RESET_B : -90.651688
[setup in-reg] rst_n -> _64583_/RESET_B : -90.651688
[setup in-reg] rst_n -> _64584_/RESET_B : -90.651688
[setup in-reg] rst_n -> _64585_/RESET_B : -90.651688
[setup in-reg] rst_n -> _64586_/RESET_B : -90.651688
[setup in-reg] rst_n -> _64587_/RESET_B : -90.651688
[setup in-reg] rst_n -> _64588_/RESET_B : -90.651688
[setup in-reg] rst_n -> _64589_/RESET_B : -90.651688
[setup in-reg] rst_n -> _64590_/RESET_B : -90.651688
[setup in-reg] rst_n -> _64591_/RESET_B : -90.651688
[setup in-reg] rst_n -> _64592_/RESET_B : -90.651688
[setup in-reg] rst_n -> _64593_/RESET_B : -90.651688
[setup in-reg] rst_n -> _64594_/RESET_B : -90.651688
[setup in-reg] rst_n -> _64595_/RESET_B : -90.651688
[setup in-reg] rst_n -> _64596_/RESET_B : -90.651688
[setup in-reg] rst_n -> _64597_/RESET_B : -90.651688
[setup in-reg] rst_n -> _64598_/RESET_B : -90.651688
[setup in-reg] rst_n -> _64599_/RESET_B : -90.651688
[setup in-reg] rst_n -> _64600_/RESET_B : -90.651688
[setup in-reg] rst_n -> _64601_/RESET_B : -90.651688
[setup in-reg] rst_n -> _64602_/RESET_B : -90.651688
[setup in-reg] rst_n -> _64603_/RESET_B : -90.651688
[setup in-reg] rst_n -> _64604_/RESET_B : -90.651688
[setup in-reg] rst_n -> _64605_/RESET_B : -90.651688
[setup in-reg] rst_n -> _64606_/RESET_B : -90.651688
[setup in-reg] rst_n -> _64607_/RESET_B : -90.651688
[setup in-reg] rst_n -> _64608_/RESET_B : -90.651688
[setup in-reg] rst_n -> _64609_/RESET_B : -90.651688
[setup in-reg] rst_n -> _64610_/RESET_B : -90.651688
[setup in-reg] rst_n -> _64611_/RESET_B : -90.651688
[setup in-reg] rst_n -> _64612_/RESET_B : -90.651688
[setup in-reg] rst_n -> _64613_/RESET_B : -90.651688
[setup in-reg] rst_n -> _64614_/RESET_B : -90.651688
[setup in-reg] rst_n -> _64615_/RESET_B : -90.651688
[setup in-reg] rst_n -> _64616_/RESET_B : -90.651688
[setup in-reg] rst_n -> _64617_/RESET_B : -90.651688
[setup in-reg] rst_n -> _64618_/RESET_B : -90.651688
[setup in-reg] rst_n -> _64619_/RESET_B : -90.651688
[setup in-reg] rst_n -> _64620_/RESET_B : -90.651688
[setup in-reg] rst_n -> _64621_/RESET_B : -90.651688
[setup in-reg] rst_n -> _64622_/RESET_B : -90.651688
[setup in-reg] rst_n -> _64623_/RESET_B : -90.651688
[setup in-reg] rst_n -> _64624_/RESET_B : -90.651688
[setup in-reg] rst_n -> _64625_/RESET_B : -90.651688
[setup in-reg] rst_n -> _64626_/RESET_B : -90.651688
[setup in-reg] rst_n -> _64627_/RESET_B : -90.651688
[setup in-reg] rst_n -> _64628_/RESET_B : -90.651688
[setup in-reg] rst_n -> _64629_/RESET_B : -90.651688
[setup in-reg] rst_n -> _64630_/RESET_B : -90.651688
[setup in-reg] rst_n -> _64631_/RESET_B : -90.651688
[setup in-reg] rst_n -> _64632_/RESET_B : -90.651688
[setup in-reg] rst_n -> _64633_/RESET_B : -90.651688
[setup in-reg] rst_n -> _64634_/RESET_B : -90.651688
[setup in-reg] rst_n -> _64635_/RESET_B : -90.651688
[setup in-reg] rst_n -> _64636_/RESET_B : -90.651688
[setup in-reg] rst_n -> _64637_/RESET_B : -90.651688
[setup in-reg] rst_n -> _64638_/RESET_B : -90.651688
[setup in-reg] rst_n -> _64639_/RESET_B : -90.651688
[setup in-reg] rst_n -> _64640_/RESET_B : -90.651688
[setup in-reg] rst_n -> _64641_/RESET_B : -90.651688
[setup in-reg] rst_n -> _64642_/RESET_B : -90.651688
[setup in-reg] rst_n -> _64643_/RESET_B : -90.651688
[setup in-reg] rst_n -> _64644_/RESET_B : -90.651688
[setup in-reg] rst_n -> _64645_/RESET_B : -90.651688
[setup in-reg] rst_n -> _64646_/RESET_B : -90.651688
[setup in-reg] rst_n -> _64647_/RESET_B : -90.651688
[setup in-reg] rst_n -> _64648_/RESET_B : -90.651688
[setup in-reg] rst_n -> _64649_/RESET_B : -90.651688
[setup in-reg] rst_n -> _64650_/RESET_B : -90.651688
[setup in-reg] rst_n -> _64651_/RESET_B : -90.651688
[setup in-reg] rst_n -> _64652_/RESET_B : -90.651688
[setup in-reg] rst_n -> _64653_/RESET_B : -90.651688
[setup in-reg] rst_n -> _64654_/RESET_B : -90.651688
[setup in-reg] rst_n -> _64655_/RESET_B : -90.651688
[setup in-reg] rst_n -> _64656_/RESET_B : -90.651688
[setup in-reg] rst_n -> _64657_/RESET_B : -90.651688
[setup in-reg] rst_n -> _64658_/RESET_B : -90.651688
[setup in-reg] rst_n -> _64659_/RESET_B : -90.651688
[setup in-reg] rst_n -> _64660_/RESET_B : -90.651688
[setup in-reg] rst_n -> _64661_/RESET_B : -90.651688
[setup in-reg] rst_n -> _64662_/RESET_B : -90.651688
[setup in-reg] rst_n -> _64663_/RESET_B : -90.651688
[setup in-reg] rst_n -> _64664_/RESET_B : -90.651688
[setup in-reg] rst_n -> _64665_/RESET_B : -90.651688
[setup in-reg] rst_n -> _64666_/RESET_B : -90.651688
[setup in-reg] rst_n -> _64667_/RESET_B : -90.651688
[setup in-reg] rst_n -> _64668_/RESET_B : -90.651688
[setup in-reg] rst_n -> _64669_/RESET_B : -90.651688
[setup in-reg] rst_n -> _64670_/RESET_B : -90.651688
[setup in-reg] rst_n -> _64671_/RESET_B : -90.651688
[setup in-reg] rst_n -> _64672_/RESET_B : -90.651688
[setup in-reg] rst_n -> _64673_/RESET_B : -90.651688
[setup in-reg] rst_n -> _64674_/RESET_B : -90.651688
[setup in-reg] rst_n -> _64675_/RESET_B : -90.651688
[setup in-reg] rst_n -> _64676_/RESET_B : -90.651688
[setup in-reg] rst_n -> _64677_/RESET_B : -90.651688
[setup in-reg] rst_n -> _64678_/RESET_B : -90.651688
[setup in-reg] rst_n -> _64679_/RESET_B : -90.651688
[setup in-reg] rst_n -> _64680_/RESET_B : -90.651688
[setup in-reg] rst_n -> _64681_/RESET_B : -90.651688
[setup in-reg] rst_n -> _64682_/RESET_B : -90.651688
[setup in-reg] rst_n -> _64683_/RESET_B : -90.651688
[setup in-reg] rst_n -> _64684_/RESET_B : -90.651688
[setup in-reg] rst_n -> _64685_/RESET_B : -90.651688
[setup in-reg] rst_n -> _64686_/RESET_B : -90.651688
[setup in-reg] rst_n -> _64687_/RESET_B : -90.651688
[setup in-reg] rst_n -> _64688_/RESET_B : -90.651688
[setup in-reg] rst_n -> _64689_/RESET_B : -90.651688
[setup in-reg] rst_n -> _64690_/RESET_B : -90.651688
[setup in-reg] rst_n -> _64691_/RESET_B : -90.651688
[setup in-reg] rst_n -> _64692_/RESET_B : -90.651688
[setup in-reg] rst_n -> _64693_/RESET_B : -90.651688
[setup in-reg] rst_n -> _64694_/RESET_B : -90.651688
[setup in-reg] rst_n -> _64695_/RESET_B : -90.651688
[setup in-reg] rst_n -> _64696_/RESET_B : -90.651688
[setup in-reg] rst_n -> _64697_/RESET_B : -90.651688
[setup in-reg] rst_n -> _64698_/RESET_B : -90.651688
[setup in-reg] rst_n -> _64699_/RESET_B : -90.651688
[setup in-reg] rst_n -> _64700_/RESET_B : -90.651688
[setup in-reg] rst_n -> _64701_/RESET_B : -90.651688
[setup in-reg] rst_n -> _64702_/RESET_B : -90.651688
[setup in-reg] rst_n -> _64703_/RESET_B : -90.651688
[setup in-reg] rst_n -> _64704_/RESET_B : -90.651688
[setup in-reg] rst_n -> _64705_/RESET_B : -90.651688
[setup in-reg] rst_n -> _64706_/RESET_B : -90.651688
[setup in-reg] rst_n -> _64707_/RESET_B : -90.651688
[setup in-reg] rst_n -> _64708_/RESET_B : -90.651688
[setup in-reg] rst_n -> _64709_/RESET_B : -90.651688
[setup in-reg] rst_n -> _64710_/RESET_B : -90.651688
[setup in-reg] rst_n -> _64711_/RESET_B : -90.651688
[setup in-reg] rst_n -> _64712_/RESET_B : -90.651688
[setup in-reg] rst_n -> _64713_/RESET_B : -90.651688
[setup in-reg] rst_n -> _64714_/RESET_B : -90.651688
[setup in-reg] rst_n -> _64715_/RESET_B : -90.651688
[setup in-reg] rst_n -> _64716_/RESET_B : -90.651688
[setup in-reg] rst_n -> _64717_/RESET_B : -90.651688
[setup in-reg] rst_n -> _64718_/RESET_B : -90.651688
[setup in-reg] rst_n -> _64719_/RESET_B : -90.651688
[setup in-reg] rst_n -> _64720_/RESET_B : -90.651688
[setup in-reg] rst_n -> _64721_/RESET_B : -90.651688
[setup in-reg] rst_n -> _64722_/RESET_B : -90.651688
[setup in-reg] rst_n -> _64723_/RESET_B : -90.651688
[setup in-reg] rst_n -> _64724_/RESET_B : -90.651688
[setup in-reg] rst_n -> _64725_/RESET_B : -90.651688
[setup in-reg] rst_n -> _64726_/RESET_B : -90.651688
[setup in-reg] rst_n -> _64727_/RESET_B : -90.651688
[setup in-reg] rst_n -> _64728_/RESET_B : -90.651688
[setup in-reg] rst_n -> _64729_/RESET_B : -90.651688
[setup in-reg] rst_n -> _64730_/RESET_B : -90.651688
[setup in-reg] rst_n -> _64731_/RESET_B : -90.651688
[setup in-reg] rst_n -> _64732_/RESET_B : -90.651688
[setup in-reg] rst_n -> _64733_/RESET_B : -90.651688
[setup in-reg] rst_n -> _64734_/RESET_B : -90.651688
[setup in-reg] rst_n -> _64735_/RESET_B : -90.651688
[setup in-reg] rst_n -> _64736_/RESET_B : -90.651688
[setup in-reg] rst_n -> _64737_/RESET_B : -90.651688
[setup in-reg] rst_n -> _64738_/RESET_B : -90.651688
[setup in-reg] rst_n -> _64739_/RESET_B : -90.651688
[setup in-reg] rst_n -> _64740_/RESET_B : -90.651688
[setup in-reg] rst_n -> _64741_/RESET_B : -90.651688
[setup in-reg] rst_n -> _64742_/RESET_B : -90.651688
[setup in-reg] rst_n -> _64743_/RESET_B : -90.651688
[setup in-reg] rst_n -> _64744_/RESET_B : -90.651688
[setup in-reg] rst_n -> _64745_/RESET_B : -90.651688
[setup in-reg] rst_n -> _64746_/RESET_B : -90.651688
[setup in-reg] rst_n -> _64747_/RESET_B : -90.651688
[setup in-reg] rst_n -> _64748_/RESET_B : -90.651688
[setup in-reg] rst_n -> _64749_/RESET_B : -90.651688
[setup in-reg] rst_n -> _64750_/RESET_B : -90.651688
[setup in-reg] rst_n -> _64751_/RESET_B : -90.651688
[setup in-reg] rst_n -> _64752_/RESET_B : -90.651688
[setup in-reg] rst_n -> _64753_/RESET_B : -90.651688
[setup in-reg] rst_n -> _64754_/RESET_B : -90.651688
[setup in-reg] rst_n -> _64755_/RESET_B : -90.651688
[setup in-reg] rst_n -> _64756_/RESET_B : -90.651688
[setup in-reg] rst_n -> _64757_/RESET_B : -90.651688
[setup in-reg] rst_n -> _64758_/RESET_B : -90.651688
[setup in-reg] rst_n -> _64759_/RESET_B : -90.651688
[setup in-reg] rst_n -> _64760_/RESET_B : -90.651688
[setup in-reg] rst_n -> _64761_/RESET_B : -90.651688
[setup in-reg] rst_n -> _64762_/RESET_B : -90.651688
[setup in-reg] rst_n -> _64763_/RESET_B : -90.651688
[setup in-reg] rst_n -> _64764_/RESET_B : -90.651688
[setup in-reg] rst_n -> _64765_/RESET_B : -90.651688
[setup in-reg] rst_n -> _64766_/RESET_B : -90.651688
[setup in-reg] rst_n -> _64767_/RESET_B : -90.651688
[setup in-reg] rst_n -> _64768_/RESET_B : -90.651688
[setup in-reg] rst_n -> _64769_/RESET_B : -90.651688
[setup in-reg] rst_n -> _64770_/RESET_B : -90.651688
[setup in-reg] rst_n -> _64771_/RESET_B : -90.651688
[setup in-reg] rst_n -> _64772_/RESET_B : -90.651688
[setup in-reg] rst_n -> _64773_/RESET_B : -90.651688
[setup in-reg] rst_n -> _64774_/RESET_B : -90.651688
[setup in-reg] rst_n -> _64775_/RESET_B : -90.651688
[setup in-reg] rst_n -> _64776_/RESET_B : -90.651688
[setup in-reg] rst_n -> _64777_/RESET_B : -90.651688
[setup in-reg] rst_n -> _64778_/RESET_B : -90.651688
[setup in-reg] rst_n -> _64779_/RESET_B : -90.651688
[setup in-reg] rst_n -> _64780_/RESET_B : -90.651688
[setup in-reg] rst_n -> _64781_/RESET_B : -90.651688
[setup in-reg] rst_n -> _64782_/RESET_B : -90.651688
[setup in-reg] rst_n -> _64783_/RESET_B : -90.651688
[setup in-reg] rst_n -> _64784_/RESET_B : -90.651688
[setup in-reg] rst_n -> _64785_/RESET_B : -90.651688
[setup in-reg] rst_n -> _64786_/RESET_B : -90.651688
[setup in-reg] rst_n -> _64787_/RESET_B : -90.651688
[setup in-reg] rst_n -> _64788_/RESET_B : -90.651688
[setup in-reg] rst_n -> _64789_/RESET_B : -90.651688
[setup in-reg] rst_n -> _64790_/RESET_B : -90.651688
[setup in-reg] rst_n -> _64791_/RESET_B : -90.651688
[setup in-reg] rst_n -> _64792_/RESET_B : -90.651688
[setup in-reg] rst_n -> _64793_/RESET_B : -90.651688
[setup in-reg] rst_n -> _64794_/RESET_B : -90.651688
[setup in-reg] rst_n -> _64795_/RESET_B : -90.651688
[setup in-reg] rst_n -> _64796_/RESET_B : -90.651688
[setup in-reg] rst_n -> _64797_/RESET_B : -90.651688
[setup in-reg] rst_n -> _64798_/RESET_B : -90.651688
[setup in-reg] rst_n -> _64799_/RESET_B : -90.651688
[setup in-reg] rst_n -> _64800_/RESET_B : -90.651688
[setup in-reg] rst_n -> _64801_/RESET_B : -90.651688
[setup in-reg] rst_n -> _64802_/RESET_B : -90.651688
[setup in-reg] rst_n -> _64803_/RESET_B : -90.651688
[setup in-reg] rst_n -> _64804_/RESET_B : -90.651688
[setup in-reg] rst_n -> _64805_/RESET_B : -90.651688
[setup in-reg] rst_n -> _64806_/RESET_B : -90.651688
[setup in-reg] rst_n -> _64807_/RESET_B : -90.651688
[setup in-reg] rst_n -> _64808_/RESET_B : -90.651688
[setup in-reg] rst_n -> _64809_/RESET_B : -90.651688
[setup in-reg] rst_n -> _64810_/RESET_B : -90.651688
[setup in-reg] rst_n -> _64811_/RESET_B : -90.651688
[setup in-reg] rst_n -> _64812_/RESET_B : -90.651688
[setup in-reg] rst_n -> _64813_/RESET_B : -90.651688
[setup in-reg] rst_n -> _64814_/RESET_B : -90.651688
[setup in-reg] rst_n -> _64815_/RESET_B : -90.651688
[setup in-reg] rst_n -> _64816_/RESET_B : -90.651688
[setup in-reg] rst_n -> _64817_/RESET_B : -90.651688
[setup in-reg] rst_n -> _64818_/RESET_B : -90.651688
[setup in-reg] rst_n -> _64819_/RESET_B : -90.651688
[setup in-reg] rst_n -> _64820_/RESET_B : -90.651688
[setup in-reg] rst_n -> _64821_/RESET_B : -90.651688
[setup in-reg] rst_n -> _64822_/RESET_B : -90.651688
[setup in-reg] rst_n -> _64823_/RESET_B : -90.651688
[setup in-reg] rst_n -> _64824_/RESET_B : -90.651688
[setup in-reg] rst_n -> _64825_/RESET_B : -90.651688
[setup in-reg] rst_n -> _64826_/RESET_B : -90.651688
[setup in-reg] rst_n -> _64827_/RESET_B : -90.651688
[setup in-reg] rst_n -> _64828_/RESET_B : -90.651688
[setup in-reg] rst_n -> _64829_/RESET_B : -90.651688
[setup in-reg] rst_n -> _64830_/RESET_B : -90.651688
[setup in-reg] rst_n -> _64831_/RESET_B : -90.651688
[setup in-reg] rst_n -> _64832_/RESET_B : -90.651688
[setup in-reg] rst_n -> _64833_/RESET_B : -90.651688
[setup in-reg] rst_n -> _64834_/RESET_B : -90.651688
[setup in-reg] rst_n -> _64835_/RESET_B : -90.651688
[setup in-reg] rst_n -> _64836_/RESET_B : -90.651688
[setup in-reg] rst_n -> _64837_/RESET_B : -90.651688
[setup in-reg] rst_n -> _64838_/RESET_B : -90.651688
[setup in-reg] rst_n -> _64839_/RESET_B : -90.651688
[setup in-reg] rst_n -> _64840_/RESET_B : -90.651688
[setup in-reg] rst_n -> _64841_/RESET_B : -90.651688
[setup in-reg] rst_n -> _64842_/RESET_B : -90.651688
[setup in-reg] rst_n -> _64843_/RESET_B : -90.651688
[setup in-reg] rst_n -> _64844_/RESET_B : -90.651688
[setup in-reg] rst_n -> _64845_/RESET_B : -90.651688
[setup in-reg] rst_n -> _64846_/RESET_B : -90.651688
[setup in-reg] rst_n -> _64847_/RESET_B : -90.651688
[setup in-reg] rst_n -> _64848_/RESET_B : -90.651688
[setup in-reg] rst_n -> _64849_/RESET_B : -90.651688
[setup in-reg] rst_n -> _64850_/RESET_B : -90.651688
[setup in-reg] rst_n -> _64851_/RESET_B : -90.651688
[setup in-reg] rst_n -> _64852_/RESET_B : -90.651688
[setup in-reg] rst_n -> _64853_/RESET_B : -90.651688
[setup in-reg] rst_n -> _64854_/RESET_B : -90.651688
[setup in-reg] rst_n -> _64855_/RESET_B : -90.651688
[setup in-reg] rst_n -> _64856_/RESET_B : -90.651688
[setup in-reg] rst_n -> _64857_/RESET_B : -90.651688
[setup in-reg] rst_n -> _64858_/RESET_B : -90.651688
[setup in-reg] rst_n -> _64859_/RESET_B : -90.651688
[setup in-reg] rst_n -> _64860_/RESET_B : -90.651688
[setup in-reg] rst_n -> _64861_/RESET_B : -90.651688
[setup in-reg] rst_n -> _64862_/RESET_B : -90.651688
[setup in-reg] rst_n -> _64863_/RESET_B : -90.651688
[setup in-reg] rst_n -> _64864_/RESET_B : -90.651688
[setup in-reg] rst_n -> _64865_/RESET_B : -90.651688
[setup in-reg] rst_n -> _64866_/RESET_B : -90.651688
[setup in-reg] rst_n -> _64867_/RESET_B : -90.651688
[setup in-reg] rst_n -> _64868_/RESET_B : -90.651688
[setup in-reg] rst_n -> _64869_/RESET_B : -90.651688
[setup in-reg] rst_n -> _64870_/RESET_B : -90.651688
[setup in-reg] rst_n -> _64871_/RESET_B : -90.651688
[setup in-reg] rst_n -> _64872_/RESET_B : -90.651688
[setup in-reg] rst_n -> _64873_/RESET_B : -90.651688
[setup in-reg] rst_n -> _64874_/RESET_B : -90.651688
[setup in-reg] rst_n -> _64875_/RESET_B : -90.651688
[setup in-reg] rst_n -> _64876_/RESET_B : -90.651688
[setup in-reg] rst_n -> _64877_/RESET_B : -90.651688
[setup in-reg] rst_n -> _64878_/RESET_B : -90.651688
[setup in-reg] rst_n -> _64879_/RESET_B : -90.651688
[setup in-reg] rst_n -> _64880_/RESET_B : -90.651688
[setup in-reg] rst_n -> _64881_/RESET_B : -90.651688
[setup in-reg] rst_n -> _64882_/RESET_B : -90.651688
[setup in-reg] rst_n -> _64883_/RESET_B : -90.651688
[setup in-reg] rst_n -> _64884_/RESET_B : -90.651688
[setup in-reg] rst_n -> _64885_/RESET_B : -90.651688
[setup in-reg] rst_n -> _64886_/RESET_B : -90.651688
[setup in-reg] rst_n -> _64887_/RESET_B : -90.651688
[setup in-reg] rst_n -> _64888_/RESET_B : -90.651688
[setup in-reg] rst_n -> _64889_/RESET_B : -90.651688
[setup in-reg] rst_n -> _64890_/RESET_B : -90.651688
[setup in-reg] rst_n -> _64891_/RESET_B : -90.651688
[setup in-reg] rst_n -> _64892_/RESET_B : -90.651688
[setup in-reg] rst_n -> _64893_/RESET_B : -90.651688
[setup in-reg] rst_n -> _64894_/RESET_B : -90.651688
[setup in-reg] rst_n -> _64895_/RESET_B : -90.651688
[setup in-reg] rst_n -> _64896_/RESET_B : -90.651688
[setup in-reg] rst_n -> _64897_/RESET_B : -90.651688
[setup in-reg] rst_n -> _64898_/RESET_B : -90.651688
[setup in-reg] rst_n -> _64899_/RESET_B : -90.651688
[setup in-reg] rst_n -> _64900_/RESET_B : -90.651688
[setup in-reg] rst_n -> _64901_/RESET_B : -90.651688
[setup in-reg] rst_n -> _64902_/RESET_B : -90.651688
[setup in-reg] rst_n -> _64903_/RESET_B : -90.651688
[setup in-reg] rst_n -> _64904_/RESET_B : -90.651688
[setup in-reg] rst_n -> _64905_/RESET_B : -90.651688
[setup in-reg] rst_n -> _64906_/RESET_B : -90.651688
[setup in-reg] rst_n -> _64907_/RESET_B : -90.651688
[setup in-reg] rst_n -> _64908_/RESET_B : -90.651688
[setup in-reg] rst_n -> _64909_/RESET_B : -90.651688
[setup in-reg] rst_n -> _64910_/RESET_B : -90.651688
[setup in-reg] rst_n -> _64911_/RESET_B : -90.651688
[setup in-reg] rst_n -> _64912_/RESET_B : -90.651688
[setup in-reg] rst_n -> _64913_/RESET_B : -90.651688
[setup in-reg] rst_n -> _64914_/RESET_B : -90.651688
[setup in-reg] rst_n -> _64915_/RESET_B : -90.651688
[setup in-reg] rst_n -> _64916_/RESET_B : -90.651688
[setup in-reg] rst_n -> _64917_/RESET_B : -90.651688
[setup in-reg] rst_n -> _64918_/RESET_B : -90.651688
[setup in-reg] rst_n -> _64919_/RESET_B : -90.651688
[setup in-reg] rst_n -> _64920_/RESET_B : -90.651688
[setup in-reg] rst_n -> _64921_/RESET_B : -90.651688
[setup in-reg] rst_n -> _64922_/RESET_B : -90.651688
[setup in-reg] rst_n -> _64923_/RESET_B : -90.651688
[setup in-reg] rst_n -> _64924_/RESET_B : -90.651688
[setup in-reg] rst_n -> _64925_/RESET_B : -90.651688
[setup in-reg] rst_n -> _64926_/RESET_B : -90.651688
[setup in-reg] rst_n -> _64927_/RESET_B : -90.651688
[setup in-reg] rst_n -> _64928_/RESET_B : -90.651688
[setup in-reg] rst_n -> _64929_/RESET_B : -90.651688
[setup in-reg] rst_n -> _64930_/RESET_B : -90.651688
[setup in-reg] rst_n -> _64931_/RESET_B : -90.651688
[setup in-reg] rst_n -> _64932_/RESET_B : -90.651688
[setup in-reg] rst_n -> _64933_/RESET_B : -90.651688
[setup in-reg] rst_n -> _64934_/RESET_B : -90.651688
[setup in-reg] rst_n -> _64935_/RESET_B : -90.651688
[setup in-reg] rst_n -> _64936_/RESET_B : -90.651688
[setup in-reg] rst_n -> _64937_/RESET_B : -90.651688
[setup in-reg] rst_n -> _64938_/RESET_B : -90.651688
[setup in-reg] rst_n -> _64939_/RESET_B : -90.651688
[setup in-reg] rst_n -> _64940_/RESET_B : -90.651688
[setup in-reg] rst_n -> _64941_/RESET_B : -90.651688
[setup in-reg] rst_n -> _64942_/RESET_B : -90.651688
[setup in-reg] rst_n -> _64943_/RESET_B : -90.651688
[setup in-reg] rst_n -> _64944_/RESET_B : -90.651688
[setup in-reg] rst_n -> _64945_/RESET_B : -90.651688
[setup in-reg] rst_n -> _64946_/RESET_B : -90.651688
[setup in-reg] rst_n -> _64947_/RESET_B : -90.651688
[setup in-reg] rst_n -> _64948_/RESET_B : -90.651688
[setup in-reg] rst_n -> _64949_/RESET_B : -90.651688
[setup in-reg] rst_n -> _64950_/RESET_B : -90.651688
[setup in-reg] rst_n -> _64951_/RESET_B : -90.651688
[setup in-reg] rst_n -> _64952_/RESET_B : -90.651688
[setup in-reg] rst_n -> _64953_/RESET_B : -90.651688
[setup in-reg] rst_n -> _64954_/RESET_B : -90.651688
[setup in-reg] rst_n -> _64955_/RESET_B : -90.651688
[setup in-reg] rst_n -> _64956_/RESET_B : -90.651688
[setup in-reg] rst_n -> _64957_/RESET_B : -90.651688
[setup in-reg] rst_n -> _64958_/RESET_B : -90.651688
[setup in-reg] rst_n -> _64959_/RESET_B : -90.651688
[setup in-reg] rst_n -> _64960_/RESET_B : -90.651688
[setup in-reg] rst_n -> _64961_/RESET_B : -90.651688
[setup in-reg] rst_n -> _64962_/RESET_B : -90.651688
[setup in-reg] rst_n -> _64963_/RESET_B : -90.651688
[setup in-reg] rst_n -> _64964_/RESET_B : -90.651688
[setup in-reg] rst_n -> _64965_/RESET_B : -90.651688
[setup in-reg] rst_n -> _64966_/RESET_B : -90.651688
[setup in-reg] rst_n -> _64967_/RESET_B : -90.651688
[setup in-reg] rst_n -> _64968_/RESET_B : -90.651688
[setup in-reg] rst_n -> _64969_/RESET_B : -90.651688
[setup in-reg] rst_n -> _64970_/RESET_B : -90.651688
[setup in-reg] rst_n -> _64971_/RESET_B : -90.651688
[setup in-reg] rst_n -> _64972_/RESET_B : -90.651688
[setup in-reg] rst_n -> _64973_/RESET_B : -90.651688
[setup in-reg] rst_n -> _64974_/RESET_B : -90.651688
[setup in-reg] rst_n -> _64975_/RESET_B : -90.651688
[setup in-reg] rst_n -> _64976_/RESET_B : -90.651688
[setup in-reg] rst_n -> _64977_/RESET_B : -90.651688
[setup in-reg] rst_n -> _64978_/RESET_B : -90.651688
[setup in-reg] rst_n -> _64979_/RESET_B : -90.651688
[setup in-reg] rst_n -> _64980_/RESET_B : -90.651688
[setup in-reg] rst_n -> _64981_/RESET_B : -90.651688
[setup in-reg] rst_n -> _64982_/RESET_B : -90.651688
[setup in-reg] rst_n -> _64983_/RESET_B : -90.651688
[setup in-reg] rst_n -> _64984_/RESET_B : -90.651688
[setup in-reg] rst_n -> _64985_/RESET_B : -90.651688
[setup in-reg] rst_n -> _64986_/RESET_B : -90.651688
[setup in-reg] rst_n -> _64987_/RESET_B : -90.651688
[setup in-reg] rst_n -> _64988_/RESET_B : -90.651688
[setup in-reg] rst_n -> _64989_/RESET_B : -90.651688
[setup in-reg] rst_n -> _64990_/RESET_B : -90.651688
[setup in-reg] rst_n -> _64991_/RESET_B : -90.651688
[setup in-reg] rst_n -> _64992_/RESET_B : -90.651688
[setup in-reg] rst_n -> _64993_/RESET_B : -90.651688
[setup in-reg] rst_n -> _64994_/RESET_B : -90.651688
[setup in-reg] rst_n -> _64995_/RESET_B : -90.651688
[setup in-reg] rst_n -> _64996_/RESET_B : -90.651688
[setup in-reg] rst_n -> _64997_/RESET_B : -90.651688
[setup in-reg] rst_n -> _64998_/RESET_B : -90.651688
[setup in-reg] rst_n -> _64999_/RESET_B : -90.651688
[setup in-reg] rst_n -> _65000_/RESET_B : -90.651688
[setup in-reg] rst_n -> _65001_/RESET_B : -90.651688
[setup in-reg] rst_n -> _65002_/RESET_B : -90.651688
[setup in-reg] rst_n -> _65003_/RESET_B : -90.651688
[setup in-reg] rst_n -> _65004_/RESET_B : -90.651688
[setup in-reg] rst_n -> _65005_/RESET_B : -90.651688
[setup in-reg] rst_n -> _65006_/RESET_B : -90.651688
[setup in-reg] rst_n -> _65007_/RESET_B : -90.651688
[setup in-reg] rst_n -> _65008_/RESET_B : -90.651688
[setup in-reg] rst_n -> _65009_/RESET_B : -90.651688
[setup in-reg] rst_n -> _65010_/RESET_B : -90.651688
[setup in-reg] rst_n -> _65011_/RESET_B : -90.651688
[setup in-reg] rst_n -> _65012_/RESET_B : -90.651688
[setup in-reg] rst_n -> _65013_/RESET_B : -90.651688
[setup in-reg] rst_n -> _65014_/RESET_B : -90.651688
[setup in-reg] rst_n -> _65015_/RESET_B : -90.651688
[setup in-reg] rst_n -> _65016_/RESET_B : -90.651688
[setup in-reg] rst_n -> _65017_/RESET_B : -90.651688
[setup in-reg] rst_n -> _65018_/RESET_B : -90.651688
[setup in-reg] rst_n -> _65019_/RESET_B : -90.651688
[setup in-reg] rst_n -> _65020_/RESET_B : -90.651688
[setup in-reg] rst_n -> _65021_/RESET_B : -90.651688
[setup in-reg] rst_n -> _65022_/RESET_B : -90.651688
[setup in-reg] rst_n -> _65023_/RESET_B : -90.651688
[setup in-reg] rst_n -> _65024_/RESET_B : -90.651688
[setup in-reg] rst_n -> _65025_/RESET_B : -90.651688
[setup in-reg] rst_n -> _65026_/RESET_B : -90.651688
[setup in-reg] rst_n -> _65027_/RESET_B : -90.651688
[setup in-reg] rst_n -> _65028_/RESET_B : -90.651688
[setup in-reg] rst_n -> _65029_/RESET_B : -90.651688
[setup in-reg] rst_n -> _65030_/RESET_B : -90.651688
[setup in-reg] rst_n -> _65031_/RESET_B : -90.651688
[setup in-reg] rst_n -> _65032_/RESET_B : -90.651688
[setup in-reg] rst_n -> _65033_/RESET_B : -90.651688
[setup in-reg] rst_n -> _65034_/RESET_B : -90.651688
[setup in-reg] rst_n -> _65035_/RESET_B : -90.651688
[setup in-reg] rst_n -> _65036_/RESET_B : -90.651688
[setup in-reg] rst_n -> _65037_/RESET_B : -90.651688
[setup in-reg] rst_n -> _65038_/RESET_B : -90.651688
[setup in-reg] rst_n -> _65039_/RESET_B : -90.651688
[setup in-reg] rst_n -> _65040_/RESET_B : -90.651688
[setup in-reg] rst_n -> _65041_/RESET_B : -90.651688
[setup in-reg] rst_n -> _65042_/RESET_B : -90.651688
[setup in-reg] rst_n -> _65043_/RESET_B : -90.651688
[setup in-reg] rst_n -> _65044_/RESET_B : -90.651688
[setup in-reg] rst_n -> _65045_/RESET_B : -90.651688
[setup in-reg] rst_n -> _65046_/RESET_B : -90.651688
[setup in-reg] rst_n -> _65047_/RESET_B : -90.651688
[setup in-reg] rst_n -> _65048_/RESET_B : -90.651688
[setup in-reg] rst_n -> _65049_/RESET_B : -90.651688
[setup in-reg] rst_n -> _65050_/RESET_B : -90.651688
[setup in-reg] rst_n -> _65051_/RESET_B : -90.651688
[setup in-reg] rst_n -> _65052_/RESET_B : -90.651688
[setup in-reg] rst_n -> _65053_/RESET_B : -90.651688
[setup in-reg] rst_n -> _65054_/RESET_B : -90.651688
[setup in-reg] rst_n -> _65055_/RESET_B : -90.651688
[setup in-reg] rst_n -> _65056_/RESET_B : -90.651688
[setup in-reg] rst_n -> _65057_/RESET_B : -90.651688
[setup in-reg] rst_n -> _65058_/RESET_B : -90.651688
[setup in-reg] rst_n -> _65059_/RESET_B : -90.651688
[setup in-reg] rst_n -> _65060_/RESET_B : -90.651688
[setup in-reg] rst_n -> _65061_/RESET_B : -90.651688
[setup in-reg] rst_n -> _65062_/RESET_B : -90.651688
[setup in-reg] rst_n -> _65063_/RESET_B : -90.651688
[setup in-reg] rst_n -> _65064_/RESET_B : -90.651688
[setup in-reg] rst_n -> _65065_/RESET_B : -90.651688
[setup in-reg] rst_n -> _65066_/RESET_B : -90.651688
[setup in-reg] rst_n -> _65067_/RESET_B : -90.651688
[setup in-reg] rst_n -> _65068_/RESET_B : -90.651688
[setup in-reg] rst_n -> _65069_/RESET_B : -90.651688
[setup in-reg] rst_n -> _65070_/RESET_B : -90.651688
[setup in-reg] rst_n -> _65071_/RESET_B : -90.651688
[setup in-reg] rst_n -> _65072_/RESET_B : -90.651688
[setup in-reg] rst_n -> _65073_/RESET_B : -90.651688
[setup in-reg] rst_n -> _65074_/RESET_B : -90.651688
[setup in-reg] rst_n -> _65075_/RESET_B : -90.651688
[setup in-reg] rst_n -> _65076_/RESET_B : -90.651688
[setup in-reg] rst_n -> _65077_/RESET_B : -90.651688
[setup in-reg] rst_n -> _65078_/RESET_B : -90.651688
[setup in-reg] rst_n -> _65079_/RESET_B : -90.651688
[setup in-reg] rst_n -> _65080_/RESET_B : -90.651688
[setup in-reg] rst_n -> _65081_/RESET_B : -90.651688
[setup in-reg] rst_n -> _65082_/RESET_B : -90.651688
[setup in-reg] rst_n -> _65083_/RESET_B : -90.651688
[setup in-reg] rst_n -> _65084_/RESET_B : -90.651688
[setup in-reg] rst_n -> _65085_/RESET_B : -90.651688
[setup in-reg] rst_n -> _65086_/RESET_B : -90.651688
[setup in-reg] rst_n -> _65087_/RESET_B : -90.651688
[setup in-reg] rst_n -> _65088_/RESET_B : -90.651688
[setup in-reg] rst_n -> _65089_/RESET_B : -90.651688
[setup in-reg] rst_n -> _65090_/RESET_B : -90.651688
[setup in-reg] rst_n -> _65091_/RESET_B : -90.651688
[setup in-reg] rst_n -> _65092_/RESET_B : -90.651688
[setup in-reg] rst_n -> _65093_/RESET_B : -90.651688
[setup in-reg] rst_n -> _65094_/RESET_B : -90.651688
[setup in-reg] rst_n -> _65095_/RESET_B : -90.651688
[setup in-reg] rst_n -> _65096_/RESET_B : -90.651688
[setup in-reg] rst_n -> _65097_/RESET_B : -90.651688
[setup in-reg] rst_n -> _65098_/RESET_B : -90.651688
[setup in-reg] rst_n -> _65099_/RESET_B : -90.651688
[setup in-reg] rst_n -> _65100_/RESET_B : -90.651688
[setup in-reg] rst_n -> _65101_/RESET_B : -90.651688
[setup in-reg] rst_n -> _65102_/RESET_B : -90.651688
[setup in-reg] rst_n -> _65103_/RESET_B : -90.651688
[setup in-reg] rst_n -> _65104_/RESET_B : -90.651688
[setup in-reg] rst_n -> _65105_/RESET_B : -90.651688
[setup in-reg] rst_n -> _65106_/RESET_B : -90.651688
[setup in-reg] rst_n -> _65107_/RESET_B : -90.651688
[setup in-reg] rst_n -> _65108_/RESET_B : -90.651688
[setup in-reg] rst_n -> _65109_/RESET_B : -90.651688
[setup in-reg] rst_n -> _65110_/RESET_B : -90.651688
[setup in-reg] rst_n -> _65111_/RESET_B : -90.651688
[setup in-reg] rst_n -> _65112_/RESET_B : -90.651688
[setup in-reg] rst_n -> _65113_/RESET_B : -90.651688
[setup in-reg] rst_n -> _65114_/RESET_B : -90.651688
[setup in-reg] rst_n -> _65115_/RESET_B : -90.651688
[setup in-reg] rst_n -> _65116_/RESET_B : -90.651688
[setup in-reg] rst_n -> _65117_/RESET_B : -90.651688
[setup in-reg] rst_n -> _65118_/RESET_B : -90.651688
[setup in-reg] rst_n -> _65119_/RESET_B : -90.651688
[setup in-reg] rst_n -> _65120_/RESET_B : -90.651688
[setup in-reg] rst_n -> _65121_/RESET_B : -90.651688
[setup in-reg] rst_n -> _65122_/RESET_B : -90.651688
[setup in-reg] rst_n -> _65123_/RESET_B : -90.651688
[setup in-reg] rst_n -> _65124_/RESET_B : -90.651688
[setup in-reg] rst_n -> _65125_/RESET_B : -90.651688
[setup in-reg] rst_n -> _65126_/RESET_B : -90.651688
[setup in-reg] rst_n -> _65127_/RESET_B : -90.651688
[setup in-reg] rst_n -> _65128_/RESET_B : -90.651688
[setup in-reg] rst_n -> _65129_/RESET_B : -90.651688
[setup in-reg] rst_n -> _65130_/RESET_B : -90.651688
[setup in-reg] rst_n -> _65131_/RESET_B : -90.651688
[setup in-reg] rst_n -> _65132_/RESET_B : -90.651688
[setup in-reg] rst_n -> _65133_/RESET_B : -90.651688
[setup in-reg] rst_n -> _65134_/RESET_B : -90.651688
[setup in-reg] rst_n -> _65135_/RESET_B : -90.651688
[setup in-reg] rst_n -> _65136_/RESET_B : -90.651688
[setup in-reg] rst_n -> _65137_/RESET_B : -90.651688
[setup in-reg] rst_n -> _65138_/RESET_B : -90.651688
[setup in-reg] rst_n -> _65139_/RESET_B : -90.651688
[setup in-reg] rst_n -> _65140_/RESET_B : -90.651688
[setup in-reg] rst_n -> _65141_/RESET_B : -90.651688
[setup in-reg] rst_n -> _65142_/RESET_B : -90.651688
[setup in-reg] rst_n -> _65143_/RESET_B : -90.651688
[setup in-reg] rst_n -> _65144_/RESET_B : -90.651688
[setup in-reg] rst_n -> _65145_/RESET_B : -90.651688
[setup in-reg] rst_n -> _65146_/RESET_B : -90.651688
[setup in-reg] rst_n -> _65147_/RESET_B : -90.651688
[setup in-reg] rst_n -> _65148_/RESET_B : -90.651688
[setup in-reg] rst_n -> _65149_/RESET_B : -90.651688
[setup in-reg] rst_n -> _65150_/RESET_B : -90.651688
[setup in-reg] rst_n -> _65151_/RESET_B : -90.651688
[setup in-reg] rst_n -> _65152_/RESET_B : -90.651688
[setup in-reg] rst_n -> _65153_/RESET_B : -90.651688
[setup in-reg] rst_n -> _65154_/RESET_B : -90.651688
[setup in-reg] rst_n -> _65155_/RESET_B : -90.651688
[setup in-reg] rst_n -> _65156_/RESET_B : -90.651688
[setup in-reg] rst_n -> _65157_/RESET_B : -90.651688
[setup in-reg] rst_n -> _65158_/RESET_B : -90.651688
[setup in-reg] rst_n -> _65159_/RESET_B : -90.651688
[setup in-reg] rst_n -> _65160_/RESET_B : -90.651688
[setup in-reg] rst_n -> _65161_/RESET_B : -90.651688
[setup in-reg] rst_n -> _65162_/RESET_B : -90.651688
[setup in-reg] rst_n -> _65163_/RESET_B : -90.651688
[setup in-reg] rst_n -> _65164_/RESET_B : -90.651688
[setup in-reg] rst_n -> _65165_/RESET_B : -90.651688
[setup in-reg] rst_n -> _65166_/RESET_B : -90.651688
[setup in-reg] rst_n -> _65167_/RESET_B : -90.651688
[setup in-reg] rst_n -> _65168_/RESET_B : -90.651688
[setup in-reg] rst_n -> _65169_/RESET_B : -90.651688
[setup in-reg] rst_n -> _65170_/RESET_B : -90.651688
[setup in-reg] rst_n -> _65171_/RESET_B : -90.651688
[setup in-reg] rst_n -> _65172_/RESET_B : -90.651688
[setup in-reg] rst_n -> _65173_/RESET_B : -90.651688
[setup in-reg] rst_n -> _65174_/RESET_B : -90.651688
[setup in-reg] rst_n -> _65175_/RESET_B : -90.651688
[setup in-reg] rst_n -> _65176_/RESET_B : -90.651688
[setup in-reg] rst_n -> _65177_/RESET_B : -90.651688
[setup in-reg] rst_n -> _65178_/RESET_B : -90.651688
[setup in-reg] rst_n -> _65179_/RESET_B : -90.651688
[setup in-reg] rst_n -> _65180_/RESET_B : -90.651688
[setup in-reg] rst_n -> _65181_/RESET_B : -90.651688
[setup in-reg] rst_n -> _65182_/RESET_B : -90.651688
[setup in-reg] rst_n -> _65183_/RESET_B : -90.651688
[setup in-reg] rst_n -> _65184_/RESET_B : -90.651688
[setup in-reg] rst_n -> _65185_/RESET_B : -90.651688
[setup in-reg] rst_n -> _65186_/RESET_B : -90.651688
[setup in-reg] rst_n -> _65187_/RESET_B : -90.651688
[setup in-reg] rst_n -> _65188_/RESET_B : -90.651688
[setup in-reg] rst_n -> _65189_/RESET_B : -90.651688
[setup in-reg] rst_n -> _65190_/RESET_B : -90.651688
[setup in-reg] rst_n -> _65191_/RESET_B : -90.651688
[setup in-reg] rst_n -> _65192_/RESET_B : -90.651688
[setup in-reg] rst_n -> _65193_/RESET_B : -90.651688
[setup in-reg] rst_n -> _65194_/RESET_B : -90.651688
[setup in-reg] rst_n -> _65195_/RESET_B : -90.651688
[setup in-reg] rst_n -> _65196_/RESET_B : -90.651688
[setup in-reg] rst_n -> _65197_/RESET_B : -90.651688
[setup in-reg] rst_n -> _65198_/RESET_B : -90.651688
[setup in-reg] rst_n -> _65199_/RESET_B : -90.651688
[setup in-reg] rst_n -> _65200_/RESET_B : -90.651688
[setup in-reg] rst_n -> _65201_/RESET_B : -90.651688
[setup in-reg] rst_n -> _65202_/RESET_B : -90.651688
[setup in-reg] rst_n -> _65203_/RESET_B : -90.651688
[setup in-reg] rst_n -> _65204_/RESET_B : -90.651688
[setup in-reg] rst_n -> _65205_/RESET_B : -90.651688
[setup in-reg] rst_n -> _65206_/RESET_B : -90.651688
[setup in-reg] rst_n -> _65207_/RESET_B : -90.651688
[setup in-reg] rst_n -> _65208_/RESET_B : -90.651688
[setup in-reg] rst_n -> _65209_/RESET_B : -90.651688
[setup in-reg] rst_n -> _65210_/RESET_B : -90.651688
[setup in-reg] rst_n -> _65211_/RESET_B : -90.651688
[setup in-reg] rst_n -> _65212_/RESET_B : -90.651688
[setup in-reg] rst_n -> _65213_/RESET_B : -90.651688
[setup in-reg] rst_n -> _65214_/RESET_B : -90.651688
[setup in-reg] rst_n -> _65215_/RESET_B : -90.651688
[setup in-reg] rst_n -> _65216_/RESET_B : -90.651688
[setup in-reg] rst_n -> _65217_/RESET_B : -90.651688
[setup in-reg] rst_n -> _65218_/RESET_B : -90.651688
[setup in-reg] rst_n -> _65219_/RESET_B : -90.651688
[setup in-reg] rst_n -> _65220_/RESET_B : -90.651688
[setup in-reg] rst_n -> _65221_/RESET_B : -90.651688
[setup in-reg] rst_n -> _65222_/RESET_B : -90.651688
[setup in-reg] rst_n -> _65223_/RESET_B : -90.651688
[setup in-reg] rst_n -> _65224_/RESET_B : -90.651688
[setup in-reg] rst_n -> _65225_/RESET_B : -90.651688
[setup in-reg] rst_n -> _65226_/RESET_B : -90.651688
[setup in-reg] rst_n -> _65227_/RESET_B : -90.651688
[setup in-reg] rst_n -> _65228_/RESET_B : -90.651688
[setup in-reg] rst_n -> _65229_/RESET_B : -90.651688
[setup in-reg] rst_n -> _65230_/RESET_B : -90.651688
[setup in-reg] rst_n -> _65231_/RESET_B : -90.651688
[setup in-reg] rst_n -> _65232_/RESET_B : -90.651688
[setup in-reg] rst_n -> _65233_/RESET_B : -90.651688
[setup in-reg] rst_n -> _65234_/RESET_B : -90.651688
[setup in-reg] rst_n -> _65235_/RESET_B : -90.651688
[setup in-reg] rst_n -> _65236_/RESET_B : -90.651688
[setup in-reg] rst_n -> _65237_/RESET_B : -90.651688
[setup in-reg] rst_n -> _65238_/RESET_B : -90.651688
[setup in-reg] rst_n -> _65239_/RESET_B : -90.651688
[setup in-reg] rst_n -> _65240_/RESET_B : -90.651688
[setup in-reg] rst_n -> _65241_/RESET_B : -90.651688
[setup in-reg] rst_n -> _65242_/RESET_B : -90.651688
[setup in-reg] rst_n -> _65243_/RESET_B : -90.651688
[setup in-reg] rst_n -> _65244_/RESET_B : -90.651688
[setup in-reg] rst_n -> _65245_/RESET_B : -90.651688
[setup in-reg] rst_n -> _65246_/RESET_B : -90.651688
[setup in-reg] rst_n -> _65247_/RESET_B : -90.651688
[setup in-reg] rst_n -> _65248_/RESET_B : -90.651688
[setup in-reg] rst_n -> _65249_/RESET_B : -90.651688
[setup in-reg] rst_n -> _65250_/RESET_B : -90.651688
[setup in-reg] rst_n -> _65251_/RESET_B : -90.651688
[setup in-reg] rst_n -> _65252_/RESET_B : -90.651688
[setup in-reg] rst_n -> _65253_/RESET_B : -90.651688
[setup in-reg] rst_n -> _65254_/RESET_B : -90.651688
[setup in-reg] rst_n -> _65255_/RESET_B : -90.651688
[setup in-reg] rst_n -> _65256_/RESET_B : -90.651688
[setup in-reg] rst_n -> _65257_/RESET_B : -90.651688
[setup in-reg] rst_n -> _65258_/RESET_B : -90.651688
[setup in-reg] rst_n -> _65259_/RESET_B : -90.651688
[setup in-reg] rst_n -> _65260_/RESET_B : -90.651688
[setup in-reg] rst_n -> _65261_/RESET_B : -90.651688
[setup in-reg] rst_n -> _65262_/RESET_B : -90.651688
[setup in-reg] rst_n -> _65263_/RESET_B : -90.651688
[setup in-reg] rst_n -> _65264_/RESET_B : -90.651688
[setup in-reg] rst_n -> _65265_/RESET_B : -90.651688
[setup in-reg] rst_n -> _65266_/RESET_B : -90.651688
[setup in-reg] rst_n -> _65267_/RESET_B : -90.651688
[setup in-reg] rst_n -> _65268_/RESET_B : -90.651688
[setup in-reg] rst_n -> _65269_/RESET_B : -90.651688
[setup in-reg] rst_n -> _65270_/RESET_B : -90.651688
[setup in-reg] rst_n -> _65271_/RESET_B : -90.651688
[setup in-reg] rst_n -> _65272_/RESET_B : -90.651688
[setup in-reg] rst_n -> _65273_/RESET_B : -90.651688
[setup in-reg] rst_n -> _65274_/RESET_B : -90.651688
[setup in-reg] rst_n -> _65275_/RESET_B : -90.651688
[setup in-reg] rst_n -> _65276_/RESET_B : -90.651688
[setup in-reg] rst_n -> _65277_/RESET_B : -90.651688
[setup in-reg] rst_n -> _65278_/RESET_B : -90.651688
[setup in-reg] rst_n -> _65279_/RESET_B : -90.651688
[setup in-reg] rst_n -> _65280_/RESET_B : -90.651688
[setup in-reg] rst_n -> _65281_/RESET_B : -90.651688
[setup in-reg] rst_n -> _65282_/RESET_B : -90.651688
[setup in-reg] rst_n -> _65283_/RESET_B : -90.651688
[setup in-reg] rst_n -> _65284_/RESET_B : -90.651688
[setup in-reg] rst_n -> _65285_/RESET_B : -90.651688
[setup in-reg] rst_n -> _65286_/RESET_B : -90.651688
[setup in-reg] rst_n -> _65287_/RESET_B : -90.651688
[setup in-reg] rst_n -> _65288_/RESET_B : -90.651688
[setup in-reg] rst_n -> _65289_/RESET_B : -90.651688
[setup in-reg] rst_n -> _65290_/RESET_B : -90.651688
[setup in-reg] rst_n -> _65291_/RESET_B : -90.651688
[setup in-reg] rst_n -> _65292_/RESET_B : -90.651688
[setup in-reg] rst_n -> _65293_/RESET_B : -90.651688
[setup in-reg] rst_n -> _65294_/RESET_B : -90.651688
[setup in-reg] rst_n -> _65295_/RESET_B : -90.651688
[setup in-reg] rst_n -> _65296_/RESET_B : -90.651688
[setup in-reg] rst_n -> _65297_/RESET_B : -90.651688
[setup in-reg] rst_n -> _65298_/RESET_B : -90.651688
[setup in-reg] rst_n -> _65299_/RESET_B : -90.651688
[setup in-reg] rst_n -> _65300_/RESET_B : -90.651688
[setup in-reg] rst_n -> _65301_/RESET_B : -90.651688
[setup in-reg] rst_n -> _65302_/RESET_B : -90.651688
[setup in-reg] rst_n -> _65303_/RESET_B : -90.651688
[setup in-reg] rst_n -> _65304_/RESET_B : -90.651688
[setup in-reg] rst_n -> _65305_/RESET_B : -90.651688
[setup in-reg] rst_n -> _65306_/RESET_B : -90.651688
[setup in-reg] rst_n -> _65307_/RESET_B : -90.651688
[setup in-reg] rst_n -> _65308_/RESET_B : -90.651688
[setup in-reg] rst_n -> _65309_/RESET_B : -90.651688
[setup in-reg] rst_n -> _65310_/RESET_B : -90.651688
[setup in-reg] rst_n -> _65311_/RESET_B : -90.651688
[setup in-reg] rst_n -> _65312_/RESET_B : -90.651688
[setup in-reg] rst_n -> _65313_/RESET_B : -90.651688
[setup in-reg] rst_n -> _65314_/RESET_B : -90.651688
[setup in-reg] rst_n -> _65315_/RESET_B : -90.651688
[setup in-reg] rst_n -> _65316_/RESET_B : -90.651688
[setup in-reg] rst_n -> _65317_/RESET_B : -90.651688
[setup in-reg] rst_n -> _65318_/RESET_B : -90.651688
[setup in-reg] rst_n -> _65319_/RESET_B : -90.651688
[setup in-reg] rst_n -> _65320_/RESET_B : -90.651688
[setup in-reg] rst_n -> _65321_/RESET_B : -90.651688
[setup in-reg] rst_n -> _65322_/RESET_B : -90.651688
[setup in-reg] rst_n -> _65323_/RESET_B : -90.651688
[setup in-reg] rst_n -> _65324_/RESET_B : -90.651688
[setup in-reg] rst_n -> _65325_/RESET_B : -90.651688
[setup in-reg] rst_n -> _65326_/RESET_B : -90.651688
[setup in-reg] rst_n -> _65327_/RESET_B : -90.651688
[setup in-reg] rst_n -> _65328_/RESET_B : -90.651688
[setup in-reg] rst_n -> _65329_/RESET_B : -90.651688
[setup in-reg] rst_n -> _65330_/RESET_B : -90.651688
[setup in-reg] rst_n -> _65331_/RESET_B : -90.651688
[setup in-reg] rst_n -> _65332_/RESET_B : -90.651688
[setup in-reg] rst_n -> _65333_/RESET_B : -90.651688
[setup in-reg] rst_n -> _65334_/RESET_B : -90.651688
[setup in-reg] rst_n -> _65335_/RESET_B : -90.651688
[setup in-reg] rst_n -> _65336_/RESET_B : -90.651688
[setup in-reg] rst_n -> _65337_/RESET_B : -90.651688
[setup in-reg] rst_n -> _65338_/RESET_B : -90.651688
[setup in-reg] rst_n -> _65339_/RESET_B : -90.651688
[setup in-reg] rst_n -> _65340_/RESET_B : -90.651688
[setup in-reg] rst_n -> _65341_/RESET_B : -90.651688
[setup in-reg] rst_n -> _65342_/RESET_B : -90.651688
[setup in-reg] rst_n -> _65343_/RESET_B : -90.651688
[setup in-reg] rst_n -> _65344_/RESET_B : -90.651688
[setup in-reg] rst_n -> _65345_/RESET_B : -90.651688
[setup in-reg] rst_n -> _65346_/RESET_B : -90.651688
[setup in-reg] rst_n -> _65347_/RESET_B : -90.651688
[setup in-reg] rst_n -> _65348_/RESET_B : -90.651688
[setup in-reg] rst_n -> _65349_/RESET_B : -90.651688
[setup in-reg] rst_n -> _65350_/RESET_B : -90.651688
[setup in-reg] rst_n -> _65351_/RESET_B : -90.651688
[setup in-reg] rst_n -> _65352_/RESET_B : -90.651688
[setup in-reg] rst_n -> _65353_/RESET_B : -90.651688
[setup in-reg] rst_n -> _65354_/RESET_B : -90.651688
[setup in-reg] rst_n -> _65355_/RESET_B : -90.651688
[setup in-reg] rst_n -> _65356_/RESET_B : -90.651688
[setup in-reg] rst_n -> _65357_/RESET_B : -90.651688
[setup in-reg] rst_n -> _65358_/RESET_B : -90.651688
[setup in-reg] rst_n -> _65359_/RESET_B : -90.651688
[setup in-reg] rst_n -> _65360_/RESET_B : -90.651688
[setup in-reg] rst_n -> _65361_/RESET_B : -90.651688
[setup in-reg] rst_n -> _65362_/RESET_B : -90.651688
[setup in-reg] rst_n -> _65363_/RESET_B : -90.651688
[setup in-reg] rst_n -> _65364_/RESET_B : -90.651688
[setup in-reg] rst_n -> _65365_/RESET_B : -90.651688
[setup in-reg] rst_n -> _65366_/RESET_B : -90.651688
[setup in-reg] rst_n -> _65367_/RESET_B : -90.651688
[setup in-reg] rst_n -> _65368_/RESET_B : -90.651688
[setup in-reg] rst_n -> _65369_/RESET_B : -90.651688
[setup in-reg] rst_n -> _65370_/RESET_B : -90.651688
[setup in-reg] rst_n -> _65371_/RESET_B : -90.651688
[setup in-reg] rst_n -> _65372_/RESET_B : -90.651688
[setup in-reg] rst_n -> _65373_/RESET_B : -90.651688
[setup in-reg] rst_n -> _65374_/RESET_B : -90.651688
[setup in-reg] rst_n -> _65375_/RESET_B : -90.651688
[setup in-reg] rst_n -> _65376_/RESET_B : -90.651688
[setup in-reg] rst_n -> _65377_/RESET_B : -90.651688
[setup in-reg] rst_n -> _65378_/RESET_B : -90.651688
[setup in-reg] rst_n -> _65379_/RESET_B : -90.651688
[setup in-reg] rst_n -> _65380_/RESET_B : -90.651688
[setup in-reg] rst_n -> _65381_/RESET_B : -90.651688
[setup in-reg] rst_n -> _65382_/RESET_B : -90.651688
[setup in-reg] rst_n -> _65383_/RESET_B : -90.651688
[setup in-reg] rst_n -> _65384_/RESET_B : -90.651688
[setup in-reg] rst_n -> _65385_/RESET_B : -90.651688
[setup in-reg] rst_n -> _65386_/RESET_B : -90.651688
[setup in-reg] rst_n -> _65387_/RESET_B : -90.651688
[setup in-reg] rst_n -> _65388_/RESET_B : -90.651688
[setup in-reg] rst_n -> _65389_/RESET_B : -90.651688
[setup in-reg] rst_n -> _65390_/RESET_B : -90.651688
[setup in-reg] rst_n -> _65391_/RESET_B : -90.651688
[setup in-reg] rst_n -> _65392_/RESET_B : -90.651688
[setup in-reg] rst_n -> _65393_/RESET_B : -90.651688
[setup in-reg] rst_n -> _65394_/RESET_B : -90.651688
[setup in-reg] rst_n -> _65395_/RESET_B : -90.651688
[setup in-reg] rst_n -> _65396_/RESET_B : -90.651688
[setup in-reg] rst_n -> _65397_/RESET_B : -90.651688
[setup in-reg] rst_n -> _65398_/RESET_B : -90.651688
[setup in-reg] rst_n -> _65399_/RESET_B : -90.651688
[setup in-reg] rst_n -> _65400_/RESET_B : -90.651688
[setup in-reg] rst_n -> _65401_/RESET_B : -90.651688
[setup in-reg] rst_n -> _65402_/RESET_B : -90.651688
[setup in-reg] rst_n -> _65403_/RESET_B : -90.651688
[setup in-reg] rst_n -> _65404_/RESET_B : -90.651688
[setup in-reg] rst_n -> _65405_/RESET_B : -90.651688
[setup in-reg] rst_n -> _65406_/RESET_B : -90.651688
[setup in-reg] rst_n -> _65407_/RESET_B : -90.651688
[setup in-reg] rst_n -> _65408_/RESET_B : -90.651688
[setup in-reg] rst_n -> _65409_/RESET_B : -90.651688
[setup in-reg] rst_n -> _65410_/RESET_B : -90.651688
[setup in-reg] rst_n -> _65411_/RESET_B : -90.651688
[setup in-reg] rst_n -> _65412_/RESET_B : -90.651688
[setup in-reg] rst_n -> _65413_/RESET_B : -90.651688
[setup in-reg] rst_n -> _65414_/RESET_B : -90.651688
[setup in-reg] rst_n -> _65415_/RESET_B : -90.651688
[setup in-reg] rst_n -> _65416_/RESET_B : -90.651688
[setup in-reg] rst_n -> _65417_/RESET_B : -90.651688
[setup in-reg] rst_n -> _65418_/RESET_B : -90.651688
[setup in-reg] rst_n -> _65419_/RESET_B : -90.651688
[setup in-reg] rst_n -> _65420_/RESET_B : -90.651688
[setup in-reg] rst_n -> _65421_/RESET_B : -90.651688
[setup in-reg] rst_n -> _65422_/RESET_B : -90.651688
[setup in-reg] rst_n -> _65423_/RESET_B : -90.651688
[setup in-reg] rst_n -> _65424_/RESET_B : -90.651688
[setup in-reg] rst_n -> _65425_/RESET_B : -90.651688
[setup in-reg] rst_n -> _65426_/RESET_B : -90.651688
[setup in-reg] rst_n -> _65427_/RESET_B : -90.651688
[setup in-reg] rst_n -> _65428_/RESET_B : -90.651688
[setup in-reg] rst_n -> _65429_/RESET_B : -90.651688
[setup in-reg] rst_n -> _65430_/RESET_B : -90.651688
[setup in-reg] rst_n -> _65431_/RESET_B : -90.651688
[setup in-reg] rst_n -> _65432_/RESET_B : -90.651688
[setup in-reg] rst_n -> _65433_/RESET_B : -90.651688
[setup in-reg] rst_n -> _65434_/RESET_B : -90.651688
[setup in-reg] rst_n -> _65435_/RESET_B : -90.651688
[setup in-reg] rst_n -> _65436_/RESET_B : -90.651688
[setup in-reg] rst_n -> _65437_/RESET_B : -90.651688
[setup in-reg] rst_n -> _65438_/RESET_B : -90.651688
[setup in-reg] rst_n -> _65439_/RESET_B : -90.651688
[setup in-reg] rst_n -> _65440_/RESET_B : -90.651688
[setup in-reg] rst_n -> _65441_/RESET_B : -90.651688
[setup in-reg] rst_n -> _65442_/RESET_B : -90.651688
[setup in-reg] rst_n -> _65443_/RESET_B : -90.651688
[setup in-reg] rst_n -> _65444_/RESET_B : -90.651688
[setup in-reg] rst_n -> _65445_/RESET_B : -90.651688
[setup in-reg] rst_n -> _65446_/RESET_B : -90.651688
[setup in-reg] rst_n -> _65447_/RESET_B : -90.651688
[setup in-reg] rst_n -> _65448_/RESET_B : -90.651688
[setup in-reg] rst_n -> _65449_/RESET_B : -90.651688
[setup in-reg] rst_n -> _65450_/RESET_B : -90.651688
[setup in-reg] rst_n -> _65451_/RESET_B : -90.651688
[setup in-reg] rst_n -> _65452_/RESET_B : -90.651688
[setup in-reg] rst_n -> _65453_/RESET_B : -90.651688
[setup in-reg] rst_n -> _65454_/RESET_B : -90.651688
[setup in-reg] rst_n -> _65455_/RESET_B : -90.651688
[setup in-reg] rst_n -> _65456_/RESET_B : -90.651688
[setup in-reg] rst_n -> _65457_/RESET_B : -90.651688
[setup in-reg] rst_n -> _65458_/RESET_B : -90.651688
[setup in-reg] rst_n -> _65459_/RESET_B : -90.651688
[setup in-reg] rst_n -> _65460_/RESET_B : -90.651688
[setup in-reg] rst_n -> _65461_/RESET_B : -90.651688
[setup in-reg] rst_n -> _65462_/RESET_B : -90.651688
[setup in-reg] rst_n -> _65463_/RESET_B : -90.651688
[setup in-reg] rst_n -> _65464_/RESET_B : -90.651688
[setup in-reg] rst_n -> _65465_/RESET_B : -90.651688
[setup in-reg] rst_n -> _65466_/RESET_B : -90.651688
[setup in-reg] rst_n -> _65467_/RESET_B : -90.651688
[setup in-reg] rst_n -> _65468_/RESET_B : -90.651688
[setup in-reg] rst_n -> _65469_/RESET_B : -90.651688
[setup in-reg] rst_n -> _65470_/RESET_B : -90.651688
[setup in-reg] rst_n -> _65471_/RESET_B : -90.651688
[setup in-reg] rst_n -> _65472_/RESET_B : -90.651688
[setup in-reg] rst_n -> _65473_/RESET_B : -90.651688
[setup in-reg] rst_n -> _65474_/RESET_B : -90.651688
[setup in-reg] rst_n -> _65475_/RESET_B : -90.651688
[setup in-reg] rst_n -> _65476_/RESET_B : -90.651688
[setup in-reg] rst_n -> _65477_/RESET_B : -90.651688
[setup in-reg] rst_n -> _65478_/RESET_B : -90.651688
[setup in-reg] rst_n -> _65479_/RESET_B : -90.651688
[setup in-reg] rst_n -> _65480_/RESET_B : -90.651688
[setup in-reg] rst_n -> _65481_/RESET_B : -90.651688
[setup in-reg] rst_n -> _65482_/RESET_B : -90.651688
[setup in-reg] rst_n -> _65483_/RESET_B : -90.651688
[setup in-reg] rst_n -> _65484_/RESET_B : -90.651688
[setup in-reg] rst_n -> _65485_/RESET_B : -90.651688
[setup in-reg] rst_n -> _65486_/RESET_B : -90.651688
[setup in-reg] rst_n -> _65487_/RESET_B : -90.651688
[setup in-reg] rst_n -> _65488_/RESET_B : -90.651688
[setup in-reg] rst_n -> _65489_/RESET_B : -90.651688
[setup in-reg] rst_n -> _65490_/RESET_B : -90.651688
[setup in-reg] rst_n -> _65491_/RESET_B : -90.651688
[setup in-reg] rst_n -> _65492_/RESET_B : -90.651688
[setup in-reg] rst_n -> _65493_/RESET_B : -90.651688
[setup in-reg] rst_n -> _65494_/RESET_B : -90.651688
[setup in-reg] rst_n -> _65495_/RESET_B : -90.651688
[setup in-reg] rst_n -> _65496_/RESET_B : -90.651688
[setup in-reg] rst_n -> _65497_/RESET_B : -90.651688
[setup in-reg] rst_n -> _65498_/RESET_B : -90.651688
[setup in-reg] rst_n -> _65499_/RESET_B : -90.651688
[setup in-reg] rst_n -> _65500_/RESET_B : -90.651688
[setup in-reg] rst_n -> _65501_/RESET_B : -90.651688
[setup in-reg] rst_n -> _65502_/RESET_B : -90.651688
[setup in-reg] rst_n -> _65503_/RESET_B : -90.651688
[setup in-reg] rst_n -> _65504_/RESET_B : -90.651688
[setup in-reg] rst_n -> _65505_/RESET_B : -90.651688
[setup in-reg] rst_n -> _65506_/RESET_B : -90.651688
[setup in-reg] rst_n -> _65507_/RESET_B : -90.651688
[setup in-reg] rst_n -> _65508_/RESET_B : -90.651688
[setup in-reg] rst_n -> _65509_/RESET_B : -90.651688
[setup in-reg] rst_n -> _65510_/RESET_B : -90.651688
[setup in-reg] rst_n -> _65511_/RESET_B : -90.651688
[setup in-reg] rst_n -> _65512_/RESET_B : -90.651688
[setup in-reg] rst_n -> _65513_/RESET_B : -90.651688
[setup in-reg] rst_n -> _65514_/RESET_B : -90.651688
[setup in-reg] rst_n -> _65515_/RESET_B : -90.651688
[setup in-reg] rst_n -> _65516_/RESET_B : -90.651688
[setup in-reg] rst_n -> _65517_/RESET_B : -90.651688
[setup in-reg] rst_n -> _65518_/RESET_B : -90.651688
[setup in-reg] rst_n -> _65519_/RESET_B : -90.651688
[setup in-reg] rst_n -> _65520_/RESET_B : -90.651688
[setup in-reg] rst_n -> _65521_/RESET_B : -90.651688
[setup in-reg] rst_n -> _65522_/RESET_B : -90.651688
[setup in-reg] rst_n -> _65523_/RESET_B : -90.651688
[setup in-reg] rst_n -> _65524_/RESET_B : -90.651688
[setup in-reg] rst_n -> _65525_/RESET_B : -90.651688
[setup in-reg] rst_n -> _65526_/RESET_B : -90.651688
[setup in-reg] rst_n -> _65527_/RESET_B : -90.651688
[setup in-reg] rst_n -> _65528_/RESET_B : -90.651688
[setup in-reg] rst_n -> _65529_/RESET_B : -90.651688
[setup in-reg] rst_n -> _65530_/RESET_B : -90.651688
[setup in-reg] rst_n -> _65531_/RESET_B : -90.651688
[setup in-reg] rst_n -> _65532_/RESET_B : -90.651688
[setup in-reg] rst_n -> _65533_/RESET_B : -90.651688
[setup in-reg] rst_n -> _65534_/RESET_B : -90.651688
[setup in-reg] rst_n -> _65535_/RESET_B : -90.651688
[setup in-reg] rst_n -> _65536_/RESET_B : -90.651688
[setup in-reg] rst_n -> _65537_/RESET_B : -90.651688
[setup in-reg] rst_n -> _65538_/RESET_B : -90.651688
[setup in-reg] rst_n -> _65539_/RESET_B : -90.651688
[setup in-reg] rst_n -> _65540_/RESET_B : -90.651688
[setup in-reg] rst_n -> _65541_/RESET_B : -90.651688
[setup in-reg] rst_n -> _65542_/RESET_B : -90.651688
[setup in-reg] rst_n -> _65543_/RESET_B : -90.651688
[setup in-reg] rst_n -> _65544_/RESET_B : -90.651688
[setup in-reg] rst_n -> _65545_/RESET_B : -90.651688
[setup in-reg] rst_n -> _65546_/RESET_B : -90.651688
[setup in-reg] rst_n -> _65547_/RESET_B : -90.651688
[setup in-reg] rst_n -> _65548_/RESET_B : -90.651688
[setup in-reg] rst_n -> _65549_/RESET_B : -90.651688
[setup in-reg] rst_n -> _65550_/RESET_B : -90.651688
[setup in-reg] rst_n -> _65551_/RESET_B : -90.651688
[setup in-reg] rst_n -> _65552_/RESET_B : -90.651688
[setup in-reg] rst_n -> _65553_/RESET_B : -90.651688
[setup in-reg] rst_n -> _65554_/RESET_B : -90.651688
[setup in-reg] rst_n -> _65555_/RESET_B : -90.651688
[setup in-reg] rst_n -> _65556_/RESET_B : -90.651688
[setup in-reg] rst_n -> _65557_/RESET_B : -90.651688
[setup in-reg] rst_n -> _65558_/RESET_B : -90.651688
[setup in-reg] rst_n -> _65559_/RESET_B : -90.651688
[setup in-reg] rst_n -> _65560_/RESET_B : -90.651688
[setup in-reg] rst_n -> _65561_/RESET_B : -90.651688
[setup in-reg] rst_n -> _65562_/RESET_B : -90.651688
[setup in-reg] rst_n -> _65563_/RESET_B : -90.651688
[setup in-reg] rst_n -> _65564_/RESET_B : -90.651688
[setup in-reg] rst_n -> _65565_/RESET_B : -90.651688
[setup in-reg] rst_n -> _65566_/RESET_B : -90.651688
[setup in-reg] rst_n -> _65567_/RESET_B : -90.651688
[setup in-reg] rst_n -> _65568_/RESET_B : -90.651688
[setup in-reg] rst_n -> _65569_/RESET_B : -90.651688
[setup in-reg] rst_n -> _65570_/RESET_B : -90.651688
[setup in-reg] rst_n -> _65571_/RESET_B : -90.651688
[setup in-reg] rst_n -> _65572_/RESET_B : -90.651688
[setup in-reg] rst_n -> _65573_/RESET_B : -90.651688
[setup in-reg] rst_n -> _65574_/RESET_B : -90.651688
[setup in-reg] rst_n -> _65575_/RESET_B : -90.651688
[setup in-reg] rst_n -> _65576_/RESET_B : -90.651688
[setup in-reg] rst_n -> _65577_/RESET_B : -90.651688
[setup in-reg] rst_n -> _65578_/RESET_B : -90.651688
[setup in-reg] rst_n -> _65579_/RESET_B : -90.651688
[setup in-reg] rst_n -> _65580_/RESET_B : -90.651688
[setup in-reg] rst_n -> _65581_/RESET_B : -90.651688
[setup in-reg] rst_n -> _65582_/RESET_B : -90.651688
[setup in-reg] rst_n -> _65583_/RESET_B : -90.651688
[setup in-reg] rst_n -> _65584_/RESET_B : -90.651688
[setup in-reg] rst_n -> _65585_/RESET_B : -90.651688
[setup in-reg] rst_n -> _65586_/RESET_B : -90.651688
[setup in-reg] rst_n -> _65587_/RESET_B : -90.651688
[setup in-reg] rst_n -> _65588_/RESET_B : -90.651688
[setup in-reg] rst_n -> _65589_/RESET_B : -90.651688
[setup in-reg] rst_n -> _65590_/RESET_B : -90.651688
[setup in-reg] rst_n -> _65591_/RESET_B : -90.651688
[setup in-reg] rst_n -> _65592_/RESET_B : -90.651688
[setup in-reg] rst_n -> _65593_/RESET_B : -90.651688
[setup in-reg] rst_n -> _65594_/RESET_B : -90.651688
[setup in-reg] rst_n -> _65595_/RESET_B : -90.651688
[setup in-reg] rst_n -> _65596_/RESET_B : -90.651688
[setup in-reg] rst_n -> _65597_/RESET_B : -90.651688
[setup in-reg] rst_n -> _65598_/RESET_B : -90.651688
[setup in-reg] rst_n -> _65599_/RESET_B : -90.651688
[setup in-reg] rst_n -> _65600_/RESET_B : -90.651688
[setup in-reg] rst_n -> _65601_/RESET_B : -90.651688
[setup in-reg] rst_n -> _65602_/RESET_B : -90.651688
[setup in-reg] rst_n -> _65603_/RESET_B : -90.651688
[setup in-reg] rst_n -> _65604_/RESET_B : -90.651688
[setup in-reg] rst_n -> _65605_/RESET_B : -90.651688
[setup in-reg] rst_n -> _65606_/RESET_B : -90.651688
[setup in-reg] rst_n -> _65607_/RESET_B : -90.651688
[setup in-reg] rst_n -> _65608_/RESET_B : -90.651688
[setup in-reg] rst_n -> _65609_/RESET_B : -90.651688
[setup in-reg] rst_n -> _65610_/RESET_B : -90.651688
[setup in-reg] rst_n -> _65611_/RESET_B : -90.651688
[setup in-reg] rst_n -> _65612_/RESET_B : -90.651688
[setup in-reg] rst_n -> _65613_/RESET_B : -90.651688
[setup in-reg] rst_n -> _65630_/RESET_B : -90.651688
[setup in-reg] rst_n -> _65631_/RESET_B : -90.651688
[setup in-reg] rst_n -> _65632_/RESET_B : -90.651688
[setup in-reg] rst_n -> _65633_/RESET_B : -90.651688
[setup in-reg] rst_n -> _65634_/RESET_B : -90.651688
[setup in-reg] rst_n -> _65635_/RESET_B : -90.651688
[setup in-reg] rst_n -> _65636_/RESET_B : -90.651688
[setup in-reg] rst_n -> _65637_/RESET_B : -90.651688
[setup in-reg] rst_n -> _65638_/RESET_B : -90.651688
[setup in-reg] rst_n -> _65639_/RESET_B : -90.651688
[setup in-reg] rst_n -> _65640_/RESET_B : -90.651688
[setup in-reg] rst_n -> _65641_/RESET_B : -90.651688
[setup in-reg] rst_n -> _65642_/RESET_B : -90.651688
[setup in-reg] rst_n -> _65643_/RESET_B : -90.651688
[setup in-reg] rst_n -> _65644_/RESET_B : -90.651688
[setup in-reg] rst_n -> _65645_/RESET_B : -90.651688
[setup in-reg] rst_n -> _65646_/RESET_B : -90.651688
[setup in-reg] rst_n -> _65647_/RESET_B : -90.651688
[setup in-reg] rst_n -> _65648_/RESET_B : -90.651688
[setup in-reg] rst_n -> _65649_/RESET_B : -90.651688
[setup in-reg] rst_n -> _65650_/RESET_B : -90.651688
[setup in-reg] rst_n -> _65651_/RESET_B : -90.651688
[setup in-reg] rst_n -> _65652_/RESET_B : -90.651688
[setup in-reg] rst_n -> _65653_/RESET_B : -90.651688
[setup in-reg] rst_n -> _65654_/RESET_B : -90.651688
[setup in-reg] rst_n -> _65655_/RESET_B : -90.651688
[setup in-reg] rst_n -> _65656_/RESET_B : -90.651688
[setup in-reg] rst_n -> _65657_/RESET_B : -90.651688
[setup in-reg] rst_n -> _65658_/RESET_B : -90.651688
[setup in-reg] rst_n -> _65659_/RESET_B : -90.651688
[setup in-reg] rst_n -> _65660_/RESET_B : -90.651688
[setup in-reg] rst_n -> _65661_/RESET_B : -90.651688
[setup in-reg] rst_n -> _65662_/RESET_B : -90.651688
[setup in-reg] rst_n -> _65663_/RESET_B : -90.651688
[setup in-reg] rst_n -> _65664_/RESET_B : -90.651688
[setup in-reg] rst_n -> _65665_/RESET_B : -90.651688
[setup in-reg] rst_n -> _65666_/RESET_B : -90.651688
[setup in-reg] rst_n -> _65667_/RESET_B : -90.651688
[setup in-reg] rst_n -> _65668_/RESET_B : -90.651688
[setup in-reg] rst_n -> _65669_/RESET_B : -90.651688
[setup in-reg] rst_n -> _65670_/RESET_B : -90.651688
[setup in-reg] rst_n -> _65671_/RESET_B : -90.651688
[setup in-reg] rst_n -> _65672_/RESET_B : -90.651688
[setup in-reg] rst_n -> _65673_/RESET_B : -90.651688
[setup in-reg] rst_n -> _65674_/RESET_B : -90.651688
[setup in-reg] rst_n -> _65675_/RESET_B : -90.651688
[setup in-reg] rst_n -> _65676_/RESET_B : -90.651688
[setup in-reg] rst_n -> _65677_/RESET_B : -90.651688
[setup in-reg] rst_n -> _65678_/RESET_B : -90.651688
[setup in-reg] rst_n -> _65679_/RESET_B : -90.651688
[setup in-reg] rst_n -> _65680_/RESET_B : -90.651688
[setup in-reg] rst_n -> _65681_/RESET_B : -90.651688
[setup in-reg] rst_n -> _65682_/RESET_B : -90.651688
[setup in-reg] rst_n -> _65683_/RESET_B : -90.651688
[setup in-reg] rst_n -> _65684_/RESET_B : -90.651688
[setup in-reg] rst_n -> _65685_/RESET_B : -90.651688
[setup in-reg] rst_n -> _65686_/RESET_B : -90.651688
[setup in-reg] rst_n -> _65687_/RESET_B : -90.651688
[setup in-reg] rst_n -> _65688_/RESET_B : -90.651688
[setup in-reg] rst_n -> _65689_/RESET_B : -90.651688
[setup in-reg] rst_n -> _65690_/RESET_B : -90.651688
[setup in-reg] rst_n -> _65691_/RESET_B : -90.651688
[setup in-reg] rst_n -> _65692_/RESET_B : -90.651688
[setup in-reg] rst_n -> _65693_/RESET_B : -90.651688
[setup in-reg] rst_n -> _65694_/RESET_B : -90.651688
[setup in-reg] rst_n -> _65695_/RESET_B : -90.651688
[setup in-reg] rst_n -> _65696_/RESET_B : -90.651688
[setup in-reg] rst_n -> _65697_/RESET_B : -90.651688
[setup in-reg] rst_n -> _65698_/RESET_B : -90.651688
[setup in-reg] rst_n -> _65699_/RESET_B : -90.651688
[setup in-reg] rst_n -> _65700_/RESET_B : -90.651688
[setup in-reg] rst_n -> _65701_/RESET_B : -90.651688
[setup in-reg] rst_n -> _65702_/RESET_B : -90.651688
[setup in-reg] rst_n -> _65703_/RESET_B : -90.651688
[setup in-reg] rst_n -> _65704_/RESET_B : -90.651688
[setup in-reg] rst_n -> _65705_/RESET_B : -90.651688
[setup in-reg] rst_n -> _65706_/RESET_B : -90.651688
[setup in-reg] rst_n -> _65707_/RESET_B : -90.651688
[setup in-reg] rst_n -> _65708_/RESET_B : -90.651688
[setup in-reg] rst_n -> _65709_/RESET_B : -90.651688
[setup in-reg] rst_n -> _65710_/RESET_B : -90.651688
[setup in-reg] rst_n -> _65711_/RESET_B : -90.651688
[setup in-reg] rst_n -> _65712_/RESET_B : -90.651688
[setup in-reg] rst_n -> _65713_/RESET_B : -90.651688
[setup in-reg] rst_n -> _65714_/RESET_B : -90.651688
[setup in-reg] rst_n -> _65715_/RESET_B : -90.651688
[setup in-reg] rst_n -> _65716_/RESET_B : -90.651688
[setup in-reg] rst_n -> _65717_/RESET_B : -90.651688
[setup in-reg] rst_n -> _65718_/RESET_B : -90.651688
[setup in-reg] rst_n -> _65719_/RESET_B : -90.651688
[setup in-reg] rst_n -> _65720_/RESET_B : -90.651688
[setup in-reg] rst_n -> _65721_/RESET_B : -90.651688
[setup in-reg] rst_n -> _65722_/RESET_B : -90.651688
[setup in-reg] rst_n -> _65723_/RESET_B : -90.651688
[setup in-reg] rst_n -> _65724_/RESET_B : -90.651688
[setup in-reg] rst_n -> _65725_/RESET_B : -90.651688
[setup in-reg] rst_n -> _65726_/RESET_B : -90.651688
[setup in-reg] rst_n -> _65727_/RESET_B : -90.651688
[setup in-reg] rst_n -> _65728_/RESET_B : -90.651688
[setup in-reg] rst_n -> _65729_/RESET_B : -90.651688
[setup in-reg] rst_n -> _65730_/RESET_B : -90.651688
[setup in-reg] rst_n -> _65731_/RESET_B : -90.651688
[setup in-reg] rst_n -> _65732_/RESET_B : -90.651688
[setup in-reg] rst_n -> _65733_/RESET_B : -90.651688
[setup in-reg] rst_n -> _65734_/RESET_B : -90.651688
[setup in-reg] rst_n -> _65735_/RESET_B : -90.651688
[setup in-reg] rst_n -> _65736_/RESET_B : -90.651688
[setup in-reg] rst_n -> _65737_/RESET_B : -90.651688
[setup in-reg] rst_n -> _65738_/RESET_B : -90.651688
[setup in-reg] rst_n -> _65739_/RESET_B : -90.651688
[setup in-reg] rst_n -> _65740_/RESET_B : -90.651688
[setup in-reg] rst_n -> _65741_/RESET_B : -90.651688
[setup in-reg] rst_n -> _65742_/RESET_B : -90.651688
[setup in-reg] rst_n -> _65743_/RESET_B : -90.651688
[setup in-reg] rst_n -> _65744_/RESET_B : -90.651688
[setup in-reg] rst_n -> _65745_/RESET_B : -90.651688
[setup in-reg] rst_n -> _65746_/RESET_B : -90.651688
[setup in-reg] rst_n -> _65747_/RESET_B : -90.651688
[setup in-reg] rst_n -> _65748_/RESET_B : -90.651688
[setup in-reg] rst_n -> _65749_/RESET_B : -90.651688
[setup in-reg] rst_n -> _65750_/RESET_B : -90.651688
[setup in-reg] rst_n -> _65751_/RESET_B : -90.651688
[setup in-reg] rst_n -> _65752_/RESET_B : -90.651688
[setup in-reg] rst_n -> _65753_/RESET_B : -90.651688
[setup in-reg] rst_n -> _65754_/RESET_B : -90.651688
[setup in-reg] rst_n -> _65755_/RESET_B : -90.651688
[setup in-reg] rst_n -> _65756_/RESET_B : -90.651688
[setup in-reg] rst_n -> _65757_/RESET_B : -90.651688
[setup in-reg] rst_n -> _65758_/RESET_B : -90.651688
[setup in-reg] rst_n -> _65759_/RESET_B : -90.651688
[setup in-reg] rst_n -> _65760_/RESET_B : -90.651688
[setup in-reg] rst_n -> _65761_/RESET_B : -90.651688
[setup in-reg] rst_n -> _65762_/RESET_B : -90.651688
[setup in-reg] rst_n -> _65763_/RESET_B : -90.651688
[setup in-reg] rst_n -> _65764_/RESET_B : -90.651688
[setup in-reg] rst_n -> _65765_/RESET_B : -90.651688
[setup in-reg] rst_n -> _65766_/RESET_B : -90.651688
[setup in-reg] rst_n -> _65767_/RESET_B : -90.651688
[setup in-reg] rst_n -> _65768_/RESET_B : -90.651688
[setup in-reg] rst_n -> _65769_/RESET_B : -90.651688
[setup in-reg] rst_n -> _65770_/RESET_B : -90.651688
[setup in-reg] rst_n -> _65771_/RESET_B : -90.651688
[setup in-reg] rst_n -> _65772_/RESET_B : -90.651688
[setup in-reg] rst_n -> _65773_/RESET_B : -90.651688
[setup in-reg] rst_n -> _65774_/RESET_B : -90.651688
[setup in-reg] rst_n -> _65775_/RESET_B : -90.651688
[setup in-reg] rst_n -> _65776_/RESET_B : -90.651688
[setup in-reg] rst_n -> _65777_/RESET_B : -90.651688
[setup in-reg] rst_n -> _65778_/RESET_B : -90.651688
[setup in-reg] rst_n -> _65779_/RESET_B : -90.651688
[setup in-reg] rst_n -> _65780_/RESET_B : -90.651688
[setup in-reg] rst_n -> _65781_/RESET_B : -90.651688
[setup in-reg] rst_n -> _65782_/RESET_B : -90.651688
[setup in-reg] rst_n -> _65783_/RESET_B : -90.651688
[setup in-reg] rst_n -> _65784_/RESET_B : -90.651688
[setup in-reg] rst_n -> _65785_/RESET_B : -90.651688
[setup in-reg] rst_n -> _65786_/RESET_B : -90.651688
[setup in-reg] rst_n -> _65787_/RESET_B : -90.651688
[setup in-reg] rst_n -> _65788_/RESET_B : -90.651688
[setup in-reg] rst_n -> _65789_/RESET_B : -90.651688
[setup in-reg] rst_n -> _65790_/RESET_B : -90.651688
[setup in-reg] rst_n -> _65791_/RESET_B : -90.651688
[setup in-reg] rst_n -> _65792_/RESET_B : -90.651688
[setup in-reg] rst_n -> _65793_/RESET_B : -90.651688
[setup in-reg] rst_n -> _65794_/RESET_B : -90.651688
[setup in-reg] rst_n -> _65795_/RESET_B : -90.651688
[setup in-reg] rst_n -> _65796_/RESET_B : -90.651688
[setup in-reg] rst_n -> _65797_/RESET_B : -90.651688
[setup in-reg] rst_n -> _65798_/RESET_B : -90.651688
[setup in-reg] rst_n -> _65799_/RESET_B : -90.651688
[setup in-reg] rst_n -> _65800_/RESET_B : -90.651688
[setup in-reg] rst_n -> _65801_/RESET_B : -90.651688
[setup in-reg] rst_n -> _65802_/RESET_B : -90.651688
[setup in-reg] rst_n -> _65803_/RESET_B : -90.651688
[setup in-reg] rst_n -> _65804_/RESET_B : -90.651688
[setup in-reg] rst_n -> _65805_/RESET_B : -90.651688
[setup in-reg] rst_n -> _65806_/RESET_B : -90.651688
[setup in-reg] rst_n -> _65807_/RESET_B : -90.651688
[setup in-reg] rst_n -> _65808_/RESET_B : -90.651688
[setup in-reg] rst_n -> _65809_/RESET_B : -90.651688
[setup in-reg] rst_n -> _65810_/RESET_B : -90.651688
[setup in-reg] rst_n -> _65811_/RESET_B : -90.651688
[setup in-reg] rst_n -> _65812_/RESET_B : -90.651688
[setup in-reg] rst_n -> _65813_/RESET_B : -90.651688
[setup in-reg] rst_n -> _65814_/RESET_B : -90.651688
[setup in-reg] rst_n -> _65815_/RESET_B : -90.651688
[setup in-reg] rst_n -> _65816_/RESET_B : -90.651688
[setup in-reg] rst_n -> _65817_/RESET_B : -90.651688
[setup in-reg] rst_n -> _65818_/RESET_B : -90.651688
[setup in-reg] rst_n -> _65819_/RESET_B : -90.651688
[setup in-reg] rst_n -> _65820_/RESET_B : -90.651688
[setup in-reg] rst_n -> _65821_/RESET_B : -90.651688
[setup in-reg] rst_n -> _65822_/RESET_B : -90.651688
[setup in-reg] rst_n -> _65823_/RESET_B : -90.651688
[setup in-reg] rst_n -> _65824_/RESET_B : -90.651688
[setup in-reg] rst_n -> _65825_/RESET_B : -90.651688
[setup in-reg] rst_n -> _65826_/RESET_B : -90.651688
[setup in-reg] rst_n -> _65827_/RESET_B : -90.651688
[setup in-reg] rst_n -> _65828_/RESET_B : -90.651688
[setup in-reg] rst_n -> _65829_/RESET_B : -90.651688
[setup in-reg] rst_n -> _65830_/RESET_B : -90.651688
[setup in-reg] rst_n -> _65831_/RESET_B : -90.651688
[setup in-reg] rst_n -> _65832_/RESET_B : -90.651688
[setup in-reg] rst_n -> _65833_/RESET_B : -90.651688
[setup in-reg] rst_n -> _65834_/RESET_B : -90.651688
[setup in-reg] rst_n -> _65835_/RESET_B : -90.651688
[setup in-reg] rst_n -> _65836_/RESET_B : -90.651688
[setup in-reg] rst_n -> _65837_/RESET_B : -90.651688
[setup in-reg] rst_n -> _65838_/RESET_B : -90.651688
[setup in-reg] rst_n -> _65839_/RESET_B : -90.651688
[setup in-reg] rst_n -> _65840_/RESET_B : -90.651688
[setup in-reg] rst_n -> _65841_/RESET_B : -90.651688
[setup in-reg] rst_n -> _65842_/RESET_B : -90.651688
[setup in-reg] rst_n -> _65843_/RESET_B : -90.651688
[setup in-reg] rst_n -> _65844_/RESET_B : -90.651688
[setup in-reg] rst_n -> _65845_/RESET_B : -90.651688
[setup in-reg] rst_n -> _65846_/RESET_B : -90.651688
[setup in-reg] rst_n -> _65847_/RESET_B : -90.651688
[setup in-reg] rst_n -> _65848_/RESET_B : -90.651688
[setup in-reg] rst_n -> _65849_/RESET_B : -90.651688
[setup in-reg] rst_n -> _65850_/RESET_B : -90.651688
[setup in-reg] rst_n -> _65851_/RESET_B : -90.651688
[setup in-reg] rst_n -> _65852_/RESET_B : -90.651688
[setup in-reg] rst_n -> _65853_/RESET_B : -90.651688
[setup in-reg] rst_n -> _65854_/RESET_B : -90.651688
[setup in-reg] rst_n -> _65855_/RESET_B : -90.651688
[setup in-reg] rst_n -> _65856_/RESET_B : -90.651688
[setup in-reg] rst_n -> _65857_/RESET_B : -90.651688
[setup in-reg] rst_n -> _65858_/RESET_B : -90.651688
[setup in-reg] rst_n -> _65859_/RESET_B : -90.651688
[setup in-reg] rst_n -> _65860_/RESET_B : -90.651688
[setup in-reg] rst_n -> _65861_/RESET_B : -90.651688
[setup in-reg] rst_n -> _65862_/RESET_B : -90.651688
[setup in-reg] rst_n -> _65863_/RESET_B : -90.651688
[setup in-reg] rst_n -> _65864_/RESET_B : -90.651688
[setup in-reg] rst_n -> _65865_/RESET_B : -90.651688
[setup in-reg] rst_n -> _65866_/RESET_B : -90.651688
[setup in-reg] rst_n -> _65867_/RESET_B : -90.651688
[setup in-reg] rst_n -> _65868_/RESET_B : -90.651688
[setup in-reg] rst_n -> _65869_/RESET_B : -90.651688
[setup in-reg] rst_n -> _65870_/RESET_B : -90.651688
[setup in-reg] rst_n -> _65871_/RESET_B : -90.651688
[setup in-reg] rst_n -> _65872_/RESET_B : -90.651688
[setup in-reg] rst_n -> _65873_/RESET_B : -90.651688
[setup in-reg] rst_n -> _65874_/RESET_B : -90.651688
[setup in-reg] rst_n -> _65875_/RESET_B : -90.651688
[setup in-reg] rst_n -> _65876_/RESET_B : -90.651688
[setup in-reg] rst_n -> _65877_/RESET_B : -90.651688
[setup in-reg] rst_n -> _65878_/RESET_B : -90.651688
[setup in-reg] rst_n -> _65879_/RESET_B : -90.651688
[setup in-reg] rst_n -> _65880_/RESET_B : -90.651688
[setup in-reg] rst_n -> _65881_/RESET_B : -90.651688
[setup in-reg] rst_n -> _65882_/RESET_B : -90.651688
[setup in-reg] rst_n -> _65883_/RESET_B : -90.651688
[setup in-reg] rst_n -> _65884_/RESET_B : -90.651688
[setup in-reg] rst_n -> _65885_/RESET_B : -90.651688
[setup in-reg] rst_n -> _65886_/RESET_B : -90.651688
[setup in-reg] rst_n -> _65887_/RESET_B : -90.651688
[setup in-reg] rst_n -> _65888_/RESET_B : -90.651688
[setup in-reg] rst_n -> _65889_/RESET_B : -90.651688
[setup in-reg] rst_n -> _65890_/RESET_B : -90.651688
[setup in-reg] rst_n -> _65891_/RESET_B : -90.651688
[setup in-reg] rst_n -> _65892_/RESET_B : -90.651688
[setup in-reg] rst_n -> _65893_/RESET_B : -90.651688
[setup in-reg] rst_n -> _65894_/RESET_B : -90.651688
[setup in-reg] rst_n -> _65895_/RESET_B : -90.651688
[setup in-reg] rst_n -> _65896_/RESET_B : -90.651688
[setup in-reg] rst_n -> _65897_/RESET_B : -90.651688
[setup in-reg] rst_n -> _65898_/RESET_B : -90.651688
[setup in-reg] rst_n -> _65899_/RESET_B : -90.651688
[setup in-reg] rst_n -> _65900_/RESET_B : -90.651688
[setup in-reg] rst_n -> _65901_/RESET_B : -90.651688
[setup in-reg] rst_n -> _65902_/RESET_B : -90.651688
[setup in-reg] rst_n -> _65903_/RESET_B : -90.651688
[setup in-reg] rst_n -> _65904_/RESET_B : -90.651688
[setup in-reg] rst_n -> _65905_/RESET_B : -90.651688
[setup in-reg] rst_n -> _65906_/RESET_B : -90.651688
[setup in-reg] rst_n -> _65907_/RESET_B : -90.651688
[setup in-reg] rst_n -> _65908_/RESET_B : -90.651688
[setup in-reg] rst_n -> _65909_/RESET_B : -90.651688
[setup in-reg] rst_n -> _65910_/RESET_B : -90.651688
[setup in-reg] rst_n -> _65911_/RESET_B : -90.651688
[setup in-reg] rst_n -> _65912_/RESET_B : -90.651688
[setup in-reg] rst_n -> _65913_/RESET_B : -90.651688
[setup in-reg] rst_n -> _65914_/RESET_B : -90.651688
[setup in-reg] rst_n -> _65915_/RESET_B : -90.651688
[setup in-reg] rst_n -> _65916_/RESET_B : -90.651688
[setup in-reg] rst_n -> _65917_/RESET_B : -90.651688
[setup in-reg] rst_n -> _65918_/RESET_B : -90.651688
[setup in-reg] rst_n -> _65919_/RESET_B : -90.651688
[setup in-reg] rst_n -> _65920_/RESET_B : -90.651688
[setup in-reg] rst_n -> _65921_/RESET_B : -90.651688
[setup in-reg] rst_n -> _65922_/RESET_B : -90.651688
[setup in-reg] rst_n -> _65923_/RESET_B : -90.651688
[setup in-reg] rst_n -> _65924_/RESET_B : -90.651688
[setup in-reg] rst_n -> _65925_/RESET_B : -90.651688
[setup in-reg] rst_n -> _65926_/RESET_B : -90.651688
[setup in-reg] rst_n -> _65927_/RESET_B : -90.651688
[setup in-reg] rst_n -> _65928_/RESET_B : -90.651688
[setup in-reg] rst_n -> _65929_/RESET_B : -90.651688
[setup in-reg] rst_n -> _65930_/RESET_B : -90.651688
[setup in-reg] rst_n -> _65931_/RESET_B : -90.651688
[setup in-reg] rst_n -> _65932_/RESET_B : -90.651688
[setup in-reg] rst_n -> _65933_/RESET_B : -90.651688
[setup in-reg] rst_n -> _65934_/RESET_B : -90.651688
[setup in-reg] rst_n -> _65935_/RESET_B : -90.651688
[setup in-reg] rst_n -> _65936_/RESET_B : -90.651688
[setup in-reg] rst_n -> _65937_/RESET_B : -90.651688
[setup in-reg] rst_n -> _65938_/RESET_B : -90.651688
[setup in-reg] rst_n -> _65939_/RESET_B : -90.651688
[setup in-reg] rst_n -> _65940_/RESET_B : -90.651688
[setup in-reg] rst_n -> _65941_/RESET_B : -90.651688
[setup in-reg] rst_n -> _65942_/RESET_B : -90.651688
[setup in-reg] rst_n -> _65943_/RESET_B : -90.651688
[setup in-reg] rst_n -> _65944_/RESET_B : -90.651688
[setup in-reg] rst_n -> _65945_/RESET_B : -90.651688
[setup in-reg] rst_n -> _65946_/RESET_B : -90.651688
[setup in-reg] rst_n -> _65947_/RESET_B : -90.651688
[setup in-reg] rst_n -> _65948_/RESET_B : -90.651688
[setup in-reg] rst_n -> _65949_/RESET_B : -90.651688
[setup in-reg] rst_n -> _65950_/RESET_B : -90.651688
[setup in-reg] rst_n -> _65951_/RESET_B : -90.651688
[setup in-reg] rst_n -> _65952_/RESET_B : -90.651688
[setup in-reg] rst_n -> _65953_/RESET_B : -90.651688
[setup in-reg] rst_n -> _65954_/RESET_B : -90.651688
[setup in-reg] rst_n -> _65955_/RESET_B : -90.651688
[setup in-reg] rst_n -> _65956_/RESET_B : -90.651688
[setup in-reg] rst_n -> _65957_/RESET_B : -90.651688
[setup in-reg] rst_n -> _65958_/RESET_B : -90.651688
[setup in-reg] rst_n -> _65959_/RESET_B : -90.651688
[setup in-reg] rst_n -> _65960_/RESET_B : -90.651688
[setup in-reg] rst_n -> _65961_/RESET_B : -90.651688
[setup in-reg] rst_n -> _65962_/RESET_B : -90.651688
[setup in-reg] rst_n -> _65963_/RESET_B : -90.651688
[setup in-reg] rst_n -> _65964_/RESET_B : -90.651688
[setup in-reg] rst_n -> _65965_/RESET_B : -90.651688
[setup in-reg] rst_n -> _65966_/RESET_B : -90.651688
[setup in-reg] rst_n -> _65967_/RESET_B : -90.651688
[setup in-reg] rst_n -> _65968_/RESET_B : -90.651688
[setup in-reg] rst_n -> _65969_/RESET_B : -90.651688
[setup in-reg] rst_n -> _65970_/RESET_B : -90.651688
[setup in-reg] rst_n -> _65971_/RESET_B : -90.651688
[setup in-reg] rst_n -> _65972_/RESET_B : -90.651688
[setup in-reg] rst_n -> _65973_/RESET_B : -90.651688
[setup in-reg] rst_n -> _65974_/RESET_B : -90.651688
[setup in-reg] rst_n -> _65975_/RESET_B : -90.651688
[setup in-reg] rst_n -> _65976_/RESET_B : -90.651688
[setup in-reg] rst_n -> _65977_/RESET_B : -90.651688
[setup in-reg] rst_n -> _65978_/RESET_B : -90.651688
[setup in-reg] rst_n -> _65979_/RESET_B : -90.651688
[setup in-reg] rst_n -> _65980_/RESET_B : -90.651688
[setup in-reg] rst_n -> _65981_/RESET_B : -90.651688
[setup in-reg] rst_n -> _65982_/RESET_B : -90.651688
[setup in-reg] rst_n -> _65983_/RESET_B : -90.651688
[setup in-reg] rst_n -> _65984_/RESET_B : -90.651688
[setup in-reg] rst_n -> _65985_/RESET_B : -90.651688
[setup in-reg] rst_n -> _65986_/RESET_B : -90.651688
[setup in-reg] rst_n -> _65987_/RESET_B : -90.651688
[setup in-reg] rst_n -> _65988_/RESET_B : -90.651688
[setup in-reg] rst_n -> _65989_/RESET_B : -90.651688
[setup in-reg] rst_n -> _65990_/RESET_B : -90.651688
[setup in-reg] rst_n -> _65991_/RESET_B : -90.651688
[setup in-reg] rst_n -> _65992_/RESET_B : -90.651688
[setup in-reg] rst_n -> _65993_/RESET_B : -90.651688
[setup in-reg] rst_n -> _65994_/RESET_B : -90.651688
[setup in-reg] rst_n -> _65995_/RESET_B : -90.651688
[setup in-reg] rst_n -> _65996_/RESET_B : -90.651688
[setup in-reg] rst_n -> _65997_/RESET_B : -90.651688
[setup in-reg] rst_n -> _65998_/RESET_B : -90.651688
[setup in-reg] rst_n -> _65999_/RESET_B : -90.651688
[setup in-reg] rst_n -> _66000_/RESET_B : -90.651688
[setup in-reg] rst_n -> _66001_/RESET_B : -90.651688
[setup in-reg] rst_n -> _66002_/RESET_B : -90.651688
[setup in-reg] rst_n -> _66003_/RESET_B : -90.651688
[setup in-reg] rst_n -> _66004_/RESET_B : -90.651688
[setup in-reg] rst_n -> _66005_/RESET_B : -90.651688
[setup in-reg] rst_n -> _66006_/RESET_B : -90.651688
[setup in-reg] rst_n -> _66007_/RESET_B : -90.651688
[setup in-reg] rst_n -> _66008_/RESET_B : -90.651688
[setup in-reg] rst_n -> _66009_/RESET_B : -90.651688
[setup in-reg] rst_n -> _66010_/RESET_B : -90.651688
[setup in-reg] rst_n -> _66011_/RESET_B : -90.651688
[setup in-reg] rst_n -> _66012_/RESET_B : -90.651688
[setup in-reg] rst_n -> _66013_/RESET_B : -90.651688
[setup in-reg] rst_n -> _66014_/RESET_B : -90.651688
[setup in-reg] rst_n -> _66015_/RESET_B : -90.651688
[setup in-reg] rst_n -> _66016_/RESET_B : -90.651688
[setup in-reg] rst_n -> _66017_/RESET_B : -90.651688
[setup in-reg] rst_n -> _66018_/RESET_B : -90.651688
[setup in-reg] rst_n -> _66019_/RESET_B : -90.651688
[setup in-reg] rst_n -> _66020_/RESET_B : -90.651688
[setup in-reg] rst_n -> _66021_/RESET_B : -90.651688
[setup in-reg] rst_n -> _66022_/RESET_B : -90.651688
[setup in-reg] rst_n -> _66023_/RESET_B : -90.651688
[setup in-reg] rst_n -> _66024_/RESET_B : -90.651688
[setup in-reg] rst_n -> _66025_/RESET_B : -90.651688
[setup in-reg] rst_n -> _66026_/RESET_B : -90.651688
[setup in-reg] rst_n -> _66027_/RESET_B : -90.651688
[setup in-reg] rst_n -> _66028_/RESET_B : -90.651688
[setup in-reg] rst_n -> _66029_/RESET_B : -90.651688
[setup in-reg] rst_n -> _66030_/RESET_B : -90.651688
[setup in-reg] rst_n -> _66031_/RESET_B : -90.651688
[setup in-reg] rst_n -> _66032_/RESET_B : -90.651688
[setup in-reg] rst_n -> _66033_/RESET_B : -90.651688
[setup in-reg] rst_n -> _66034_/RESET_B : -90.651688
[setup in-reg] rst_n -> _66035_/RESET_B : -90.651688
[setup in-reg] rst_n -> _66036_/RESET_B : -90.651688
[setup in-reg] rst_n -> _66037_/RESET_B : -90.651688
[setup in-reg] rst_n -> _66038_/RESET_B : -90.651688
[setup in-reg] rst_n -> _66039_/RESET_B : -90.651688
[setup in-reg] rst_n -> _66040_/RESET_B : -90.651688
[setup in-reg] rst_n -> _66041_/RESET_B : -90.651688
[setup in-reg] rst_n -> _66042_/RESET_B : -90.651688
[setup in-reg] rst_n -> _66043_/RESET_B : -90.651688
[setup in-reg] rst_n -> _66044_/RESET_B : -90.651688
[setup in-reg] rst_n -> _66045_/RESET_B : -90.651688
[setup in-reg] rst_n -> _66046_/RESET_B : -90.651688
[setup in-reg] rst_n -> _66047_/RESET_B : -90.651688
[setup in-reg] rst_n -> _66048_/RESET_B : -90.651688
[setup in-reg] rst_n -> _66049_/RESET_B : -90.651688
[setup in-reg] rst_n -> _66050_/RESET_B : -90.651688
[setup in-reg] rst_n -> _66051_/RESET_B : -90.651688
[setup in-reg] rst_n -> _66052_/RESET_B : -90.651688
[setup in-reg] rst_n -> _66053_/RESET_B : -90.651688
[setup in-reg] rst_n -> _66054_/RESET_B : -90.651688
[setup in-reg] rst_n -> _66055_/RESET_B : -90.651688
[setup in-reg] rst_n -> _66056_/RESET_B : -90.651688
[setup in-reg] rst_n -> _66057_/RESET_B : -90.651688
[setup in-reg] rst_n -> _66058_/RESET_B : -90.651688
[setup in-reg] rst_n -> _66059_/RESET_B : -90.651688
[setup in-reg] rst_n -> _66060_/RESET_B : -90.651688
[setup in-reg] rst_n -> _66061_/RESET_B : -90.651688
[setup in-reg] rst_n -> _66062_/RESET_B : -90.651688
[setup in-reg] rst_n -> _66063_/RESET_B : -90.651688
[setup in-reg] rst_n -> _66064_/RESET_B : -90.651688
[setup in-reg] rst_n -> _66065_/RESET_B : -90.651688
[setup in-reg] rst_n -> _66066_/RESET_B : -90.651688
[setup in-reg] rst_n -> _66067_/RESET_B : -90.651688
[setup in-reg] rst_n -> _66068_/RESET_B : -90.651688
[setup in-reg] rst_n -> _66069_/RESET_B : -90.651688
[setup in-reg] rst_n -> _66070_/RESET_B : -90.651688
[setup in-reg] rst_n -> _66071_/RESET_B : -90.651688
[setup in-reg] rst_n -> _66072_/RESET_B : -90.651688
[setup in-reg] rst_n -> _66073_/RESET_B : -90.651688
[setup in-reg] rst_n -> _66074_/RESET_B : -90.651688
[setup in-reg] rst_n -> _66075_/RESET_B : -90.651688
[setup in-reg] rst_n -> _66076_/RESET_B : -90.651688
[setup in-reg] rst_n -> _66077_/RESET_B : -90.651688
[setup in-reg] rst_n -> _66078_/RESET_B : -90.651688
[setup in-reg] rst_n -> _66079_/RESET_B : -90.651688
[setup in-reg] rst_n -> _66080_/RESET_B : -90.651688
[setup in-reg] rst_n -> _66081_/RESET_B : -90.651688
[setup in-reg] rst_n -> _66082_/RESET_B : -90.651688
[setup in-reg] rst_n -> _66083_/RESET_B : -90.651688
[setup in-reg] rst_n -> _66084_/RESET_B : -90.651688
[setup in-reg] rst_n -> _66085_/RESET_B : -90.651688
[setup in-reg] rst_n -> _66086_/RESET_B : -90.651688
[setup in-reg] rst_n -> _66087_/RESET_B : -90.651688
[setup in-reg] rst_n -> _66088_/RESET_B : -90.651688
[setup in-reg] rst_n -> _66089_/RESET_B : -90.651688
[setup in-reg] rst_n -> _66090_/RESET_B : -90.651688
[setup in-reg] rst_n -> _66091_/RESET_B : -90.651688
[setup in-reg] rst_n -> _66092_/RESET_B : -90.651688
[setup in-reg] rst_n -> _66093_/RESET_B : -90.651688
[setup in-reg] rst_n -> _66094_/RESET_B : -90.651688
[setup in-reg] rst_n -> _66095_/RESET_B : -90.651688
[setup in-reg] rst_n -> _66096_/RESET_B : -90.651688
[setup in-reg] rst_n -> _66097_/RESET_B : -90.651688
[setup in-reg] rst_n -> _66098_/RESET_B : -90.651688
[setup in-reg] rst_n -> _66099_/RESET_B : -90.651688
[setup in-reg] rst_n -> _66100_/RESET_B : -90.651688
[setup in-reg] rst_n -> _66101_/RESET_B : -90.651688
[setup in-reg] rst_n -> _66102_/RESET_B : -90.651688
[setup in-reg] rst_n -> _66103_/RESET_B : -90.651688
[setup in-reg] rst_n -> _66104_/RESET_B : -90.651688
[setup in-reg] rst_n -> _66105_/RESET_B : -90.651688
[setup in-reg] rst_n -> _66106_/RESET_B : -90.651688
[setup in-reg] rst_n -> _66107_/RESET_B : -90.651688
[setup in-reg] rst_n -> _66108_/RESET_B : -90.651688
[setup in-reg] rst_n -> _66109_/RESET_B : -90.651688
[setup in-reg] rst_n -> _66110_/RESET_B : -90.651688
[setup in-reg] rst_n -> _66111_/RESET_B : -90.651688
[setup in-reg] rst_n -> _66112_/RESET_B : -90.651688
[setup in-reg] rst_n -> _66113_/RESET_B : -90.651688
[setup in-reg] rst_n -> _66114_/RESET_B : -90.651688
[setup in-reg] rst_n -> _66115_/RESET_B : -90.651688
[setup in-reg] rst_n -> _66116_/RESET_B : -90.651688
[setup in-reg] rst_n -> _66117_/RESET_B : -90.651688
[setup in-reg] rst_n -> _66118_/RESET_B : -90.651688
[setup in-reg] rst_n -> _66119_/RESET_B : -90.651688
[setup in-reg] rst_n -> _66120_/RESET_B : -90.651688
[setup in-reg] rst_n -> _66121_/RESET_B : -90.651688
[setup in-reg] rst_n -> _66122_/RESET_B : -90.651688
[setup in-reg] rst_n -> _66123_/RESET_B : -90.651688
[setup in-reg] rst_n -> _66124_/RESET_B : -90.651688
[setup in-reg] rst_n -> _66125_/RESET_B : -90.651688
[setup in-reg] rst_n -> _66126_/RESET_B : -90.651688
[setup in-reg] rst_n -> _66127_/RESET_B : -90.651688
[setup in-reg] rst_n -> _66128_/RESET_B : -90.651688
[setup in-reg] rst_n -> _66129_/RESET_B : -90.651688
[setup in-reg] rst_n -> _66130_/RESET_B : -90.651688
[setup in-reg] rst_n -> _66131_/RESET_B : -90.651688
[setup in-reg] rst_n -> _66132_/RESET_B : -90.651688
[setup in-reg] rst_n -> _66133_/RESET_B : -90.651688
[setup in-reg] rst_n -> _66134_/RESET_B : -90.651688
[setup in-reg] rst_n -> _66135_/RESET_B : -90.651688
[setup in-reg] rst_n -> _66136_/RESET_B : -90.651688
[setup in-reg] rst_n -> _66137_/RESET_B : -90.651688
[setup in-reg] rst_n -> _66138_/RESET_B : -90.651688
[setup in-reg] rst_n -> _66139_/RESET_B : -90.651688
[setup in-reg] rst_n -> _66140_/RESET_B : -90.651688
[setup in-reg] rst_n -> _66141_/RESET_B : -90.651688
[setup in-reg] rst_n -> _66142_/RESET_B : -90.651688
[setup in-reg] rst_n -> _66143_/RESET_B : -90.651688
[setup in-reg] rst_n -> _66144_/RESET_B : -90.651688
[setup in-reg] rst_n -> _66145_/RESET_B : -90.651688
[setup in-reg] rst_n -> _66146_/RESET_B : -90.651688
[setup in-reg] rst_n -> _66147_/RESET_B : -90.651688
[setup in-reg] rst_n -> _66148_/RESET_B : -90.651688
[setup in-reg] rst_n -> _66149_/RESET_B : -90.651688
[setup in-reg] rst_n -> _66150_/RESET_B : -90.651688
[setup in-reg] rst_n -> _66151_/RESET_B : -90.651688
[setup in-reg] rst_n -> _66152_/RESET_B : -90.651688
[setup in-reg] rst_n -> _66153_/RESET_B : -90.651688
[setup in-reg] rst_n -> _66154_/RESET_B : -90.651688
[setup in-reg] rst_n -> _66155_/RESET_B : -90.651688
[setup in-reg] rst_n -> _66156_/RESET_B : -90.651688
[setup in-reg] rst_n -> _66157_/RESET_B : -90.651688
[setup in-reg] rst_n -> _66158_/RESET_B : -90.651688
[setup in-reg] rst_n -> _66159_/RESET_B : -90.651688
[setup in-reg] rst_n -> _66160_/RESET_B : -90.651688
[setup in-reg] rst_n -> _66161_/RESET_B : -90.651688
[setup in-reg] rst_n -> _66162_/RESET_B : -90.651688
[setup in-reg] rst_n -> _66163_/RESET_B : -90.651688
[setup in-reg] rst_n -> _66164_/RESET_B : -90.651688
[setup in-reg] rst_n -> _66165_/RESET_B : -90.651688
[setup in-reg] rst_n -> _66166_/RESET_B : -90.651688
[setup in-reg] rst_n -> _66167_/RESET_B : -90.651688
[setup in-reg] rst_n -> _66168_/RESET_B : -90.651688
[setup in-reg] rst_n -> _66169_/RESET_B : -90.651688
[setup in-reg] rst_n -> _66170_/RESET_B : -90.651688
[setup in-reg] rst_n -> _66171_/RESET_B : -90.651688
[setup in-reg] rst_n -> _66172_/RESET_B : -90.651688
[setup in-reg] rst_n -> _66173_/RESET_B : -90.651688
[setup in-reg] rst_n -> _66174_/RESET_B : -90.651688
[setup in-reg] rst_n -> _66175_/RESET_B : -90.651688
[setup in-reg] rst_n -> _66176_/RESET_B : -90.651688
[setup in-reg] rst_n -> _66177_/RESET_B : -90.651688
[setup in-reg] rst_n -> _66178_/RESET_B : -90.651688
[setup in-reg] rst_n -> _66179_/RESET_B : -90.651688
[setup in-reg] rst_n -> _66180_/RESET_B : -90.651688
[setup in-reg] rst_n -> _66181_/RESET_B : -90.651688
[setup in-reg] rst_n -> _66182_/RESET_B : -90.651688
[setup in-reg] rst_n -> _66183_/RESET_B : -90.651688
[setup in-reg] rst_n -> _66184_/RESET_B : -90.651688
[setup in-reg] rst_n -> _66185_/RESET_B : -90.651688
[setup in-reg] rst_n -> _66186_/RESET_B : -90.651688
[setup in-reg] rst_n -> _66187_/RESET_B : -90.651688
[setup in-reg] rst_n -> _66188_/RESET_B : -90.651688
[setup in-reg] rst_n -> _66189_/RESET_B : -90.651688
[setup in-reg] rst_n -> _66190_/RESET_B : -90.651688
[setup in-reg] rst_n -> _66191_/RESET_B : -90.651688
[setup in-reg] rst_n -> _66192_/RESET_B : -90.651688
[setup in-reg] rst_n -> _66193_/RESET_B : -90.651688
[setup in-reg] rst_n -> _66194_/RESET_B : -90.651688
[setup in-reg] rst_n -> _66195_/RESET_B : -90.651688
[setup in-reg] rst_n -> _66196_/RESET_B : -90.651688
[setup in-reg] rst_n -> _66197_/RESET_B : -90.651688
[setup in-reg] rst_n -> _66198_/RESET_B : -90.651688
[setup in-reg] rst_n -> _66199_/RESET_B : -90.651688
[setup in-reg] rst_n -> _66200_/RESET_B : -90.651688
[setup in-reg] rst_n -> _66201_/RESET_B : -90.651688
[setup in-reg] rst_n -> _66202_/RESET_B : -90.651688
[setup in-reg] rst_n -> _66203_/RESET_B : -90.651688
[setup in-reg] rst_n -> _66204_/RESET_B : -90.651688
[setup in-reg] rst_n -> _66205_/RESET_B : -90.651688
[setup in-reg] rst_n -> _66206_/RESET_B : -90.651688
[setup in-reg] rst_n -> _66207_/RESET_B : -90.651688
[setup in-reg] rst_n -> _66208_/RESET_B : -90.651688
[setup in-reg] rst_n -> _66209_/RESET_B : -90.651688
[setup in-reg] rst_n -> _66210_/RESET_B : -90.651688
[setup in-reg] rst_n -> _66211_/RESET_B : -90.651688
[setup in-reg] rst_n -> _66212_/RESET_B : -90.651688
[setup in-reg] rst_n -> _66213_/RESET_B : -90.651688
[setup in-reg] rst_n -> _66214_/RESET_B : -90.651688
[setup in-reg] rst_n -> _66215_/RESET_B : -90.651688
[setup in-reg] rst_n -> _66216_/RESET_B : -90.651688
[setup in-reg] rst_n -> _66217_/RESET_B : -90.651688
[setup in-reg] rst_n -> _66218_/RESET_B : -90.651688
[setup in-reg] rst_n -> _66219_/RESET_B : -90.651688
[setup in-reg] rst_n -> _66220_/RESET_B : -90.651688
[setup in-reg] rst_n -> _66221_/RESET_B : -90.651688
[setup in-reg] rst_n -> _66222_/RESET_B : -90.651688
[setup in-reg] rst_n -> _66223_/RESET_B : -90.651688
[setup in-reg] rst_n -> _66224_/RESET_B : -90.651688
[setup in-reg] rst_n -> _66225_/RESET_B : -90.651688
[setup in-reg] rst_n -> _66226_/RESET_B : -90.651688
[setup in-reg] rst_n -> _66227_/RESET_B : -90.651688
[setup in-reg] rst_n -> _66228_/RESET_B : -90.651688
[setup in-reg] rst_n -> _66229_/RESET_B : -90.651688
[setup in-reg] rst_n -> _66230_/RESET_B : -90.651688
[setup in-reg] rst_n -> _66231_/RESET_B : -90.651688
[setup in-reg] rst_n -> _66232_/RESET_B : -90.651688
[setup in-reg] rst_n -> _66233_/RESET_B : -90.651688
[setup in-reg] rst_n -> _66234_/RESET_B : -90.651688
[setup in-reg] rst_n -> _66235_/RESET_B : -90.651688
[setup in-reg] rst_n -> _66236_/RESET_B : -90.651688
[setup in-reg] rst_n -> _66237_/RESET_B : -90.651688
[setup in-reg] rst_n -> _66238_/RESET_B : -90.651688
[setup in-reg] rst_n -> _66239_/RESET_B : -90.651688
[setup in-reg] rst_n -> _66240_/RESET_B : -90.651688
[setup in-reg] rst_n -> _66241_/RESET_B : -90.651688
[setup in-reg] rst_n -> _66242_/RESET_B : -90.651688
[setup in-reg] rst_n -> _66243_/RESET_B : -90.651688
[setup in-reg] rst_n -> _66244_/RESET_B : -90.651688
[setup in-reg] rst_n -> _66245_/RESET_B : -90.651688
[setup in-reg] rst_n -> _66246_/RESET_B : -90.651688
[setup in-reg] rst_n -> _66247_/RESET_B : -90.651688
[setup in-reg] rst_n -> _66248_/RESET_B : -90.651688
[setup in-reg] rst_n -> _66249_/RESET_B : -90.651688
[setup in-reg] rst_n -> _66250_/RESET_B : -90.651688
[setup in-reg] rst_n -> _66251_/RESET_B : -90.651688
[setup in-reg] rst_n -> _66252_/RESET_B : -90.651688
[setup in-reg] rst_n -> _66253_/RESET_B : -90.651688
[setup in-reg] rst_n -> _66254_/RESET_B : -90.651688
[setup in-reg] rst_n -> _66255_/RESET_B : -90.651688
[setup in-reg] rst_n -> _66256_/RESET_B : -90.651688
[setup in-reg] rst_n -> _66257_/RESET_B : -90.651688
[setup in-reg] rst_n -> _66258_/RESET_B : -90.651688
[setup in-reg] rst_n -> _66259_/RESET_B : -90.651688
[setup in-reg] rst_n -> _66260_/RESET_B : -90.651688
[setup in-reg] rst_n -> _66261_/RESET_B : -90.651688
[setup in-reg] rst_n -> _66262_/RESET_B : -90.651688
[setup in-reg] rst_n -> _66263_/RESET_B : -90.651688
[setup in-reg] rst_n -> _66264_/RESET_B : -90.651688
[setup in-reg] rst_n -> _66265_/RESET_B : -90.651688
[setup in-reg] rst_n -> _66266_/RESET_B : -90.651688
[setup in-reg] rst_n -> _66267_/RESET_B : -90.651688
[setup in-reg] rst_n -> _66268_/RESET_B : -90.651688
[setup in-reg] rst_n -> _66269_/RESET_B : -90.651688
[setup in-reg] rst_n -> _66270_/RESET_B : -90.651688
[setup in-reg] rst_n -> _66271_/RESET_B : -90.651688
[setup in-reg] rst_n -> _66272_/RESET_B : -90.651688
[setup in-reg] rst_n -> _66273_/RESET_B : -90.651688
[setup in-reg] rst_n -> _66274_/RESET_B : -90.651688
[setup in-reg] rst_n -> _66275_/RESET_B : -90.651688
[setup in-reg] rst_n -> _66276_/RESET_B : -90.651688
[setup in-reg] rst_n -> _66277_/RESET_B : -90.651688
[setup in-reg] rst_n -> _66278_/RESET_B : -90.651688
[setup in-reg] rst_n -> _66279_/RESET_B : -90.651688
[setup in-reg] rst_n -> _66280_/RESET_B : -90.651688
[setup in-reg] rst_n -> _66281_/RESET_B : -90.651688
[setup in-reg] rst_n -> _66282_/RESET_B : -90.651688
[setup in-reg] rst_n -> _66283_/RESET_B : -90.651688
[setup in-reg] rst_n -> _66284_/RESET_B : -90.651688
[setup in-reg] rst_n -> _66285_/RESET_B : -90.651688
[setup in-reg] rst_n -> _66286_/RESET_B : -90.651688
[setup in-reg] rst_n -> _66287_/RESET_B : -90.651688
[setup in-reg] rst_n -> _66288_/RESET_B : -90.651688
[setup in-reg] rst_n -> _66289_/RESET_B : -90.651688
[setup in-reg] rst_n -> _66290_/RESET_B : -90.651688
[setup in-reg] rst_n -> _66291_/RESET_B : -90.651688
[setup in-reg] rst_n -> _66292_/RESET_B : -90.651688
[setup in-reg] rst_n -> _66293_/RESET_B : -90.651688
[setup in-reg] rst_n -> _66294_/RESET_B : -90.651688
[setup in-reg] rst_n -> _66295_/RESET_B : -90.651688
[setup in-reg] rst_n -> _66296_/RESET_B : -90.651688
[setup in-reg] rst_n -> _66297_/RESET_B : -90.651688
[setup in-reg] rst_n -> _66298_/RESET_B : -90.651688
[setup in-reg] rst_n -> _66299_/RESET_B : -90.651688
[setup in-reg] rst_n -> _66300_/RESET_B : -90.651688
[setup in-reg] rst_n -> _66301_/RESET_B : -90.651688
[setup in-reg] rst_n -> _66302_/RESET_B : -90.651688
[setup in-reg] rst_n -> _66303_/RESET_B : -90.651688
[setup in-reg] rst_n -> _66304_/RESET_B : -90.651688
[setup in-reg] rst_n -> _66305_/RESET_B : -90.651688
[setup in-reg] rst_n -> _66306_/RESET_B : -90.651688
[setup in-reg] rst_n -> _66307_/RESET_B : -90.651688
[setup in-reg] rst_n -> _66308_/RESET_B : -90.651688
[setup in-reg] rst_n -> _66309_/RESET_B : -90.651688
[setup in-reg] rst_n -> _66310_/RESET_B : -90.651688
[setup in-reg] rst_n -> _66311_/RESET_B : -90.651688
[setup in-reg] rst_n -> _66312_/RESET_B : -90.651688
[setup in-reg] rst_n -> _66313_/RESET_B : -90.651688
[setup in-reg] rst_n -> _66314_/RESET_B : -90.651688
[setup in-reg] rst_n -> _66315_/RESET_B : -90.651688
[setup in-reg] rst_n -> _66316_/RESET_B : -90.651688
[setup in-reg] rst_n -> _66317_/RESET_B : -90.651688
[setup in-reg] rst_n -> _66318_/RESET_B : -90.651688
[setup in-reg] rst_n -> _66319_/RESET_B : -90.651688
[setup in-reg] rst_n -> _66320_/RESET_B : -90.651688
[setup in-reg] rst_n -> _66321_/RESET_B : -90.651688
[setup in-reg] rst_n -> _66322_/RESET_B : -90.651688
[setup in-reg] rst_n -> _66323_/RESET_B : -90.651688
[setup in-reg] rst_n -> _66324_/RESET_B : -90.651688
[setup in-reg] rst_n -> _66325_/RESET_B : -90.651688
[setup in-reg] rst_n -> _66326_/RESET_B : -90.651688
[setup in-reg] rst_n -> _66327_/RESET_B : -90.651688
[setup in-reg] rst_n -> _66328_/RESET_B : -90.651688
[setup in-reg] rst_n -> _66329_/RESET_B : -90.651688
[setup in-reg] rst_n -> _66330_/RESET_B : -90.651688
[setup in-reg] rst_n -> _66331_/RESET_B : -90.651688
[setup in-reg] rst_n -> _66332_/RESET_B : -90.651688
[setup in-reg] rst_n -> _66333_/RESET_B : -90.651688
[setup in-reg] rst_n -> _66334_/RESET_B : -90.651688
[setup in-reg] rst_n -> _66335_/RESET_B : -90.651688
[setup in-reg] rst_n -> _66336_/RESET_B : -90.651688
[setup in-reg] rst_n -> _66337_/RESET_B : -90.651688
[setup in-reg] rst_n -> _66338_/RESET_B : -90.651688
[setup in-reg] rst_n -> _66339_/RESET_B : -90.651688
[setup in-reg] rst_n -> _66340_/RESET_B : -90.651688
[setup in-reg] rst_n -> _66341_/RESET_B : -90.651688
[setup in-reg] rst_n -> _66342_/RESET_B : -90.651688
[setup in-reg] rst_n -> _66343_/RESET_B : -90.651688
[setup in-reg] rst_n -> _66344_/RESET_B : -90.651688
[setup in-reg] rst_n -> _66345_/RESET_B : -90.651688
[setup in-reg] rst_n -> _66346_/RESET_B : -90.651688
[setup in-reg] rst_n -> _66347_/RESET_B : -90.651688
[setup in-reg] rst_n -> _66348_/RESET_B : -90.651688
[setup in-reg] rst_n -> _66349_/RESET_B : -90.651688
[setup in-reg] rst_n -> _66350_/RESET_B : -90.651688
[setup in-reg] rst_n -> _66351_/RESET_B : -90.651688
[setup in-reg] rst_n -> _66352_/RESET_B : -90.651688
[setup in-reg] rst_n -> _66353_/RESET_B : -90.651688
[setup in-reg] rst_n -> _66354_/RESET_B : -90.651688
[setup in-reg] rst_n -> _66355_/RESET_B : -90.651688
[setup in-reg] rst_n -> _66356_/RESET_B : -90.651688
[setup in-reg] rst_n -> _66357_/RESET_B : -90.651688
[setup in-reg] rst_n -> _66358_/RESET_B : -90.651688
[setup in-reg] rst_n -> _66359_/RESET_B : -90.651688
[setup in-reg] rst_n -> _66360_/RESET_B : -90.651688
[setup in-reg] rst_n -> _66361_/RESET_B : -90.651688
[setup in-reg] rst_n -> _66362_/RESET_B : -90.651688
[setup in-reg] rst_n -> _66363_/RESET_B : -90.651688
[setup in-reg] rst_n -> _66364_/RESET_B : -90.651688
[setup in-reg] rst_n -> _66365_/RESET_B : -90.651688
[setup in-reg] rst_n -> _66366_/RESET_B : -90.651688
[setup in-reg] rst_n -> _66367_/RESET_B : -90.651688
[setup in-reg] rst_n -> _66368_/RESET_B : -90.651688
[setup in-reg] rst_n -> _66369_/RESET_B : -90.651688
[setup in-reg] rst_n -> _66370_/RESET_B : -90.651688
[setup in-reg] rst_n -> _66371_/RESET_B : -90.651688
[setup in-reg] rst_n -> _66372_/RESET_B : -90.651688
[setup in-reg] rst_n -> _66373_/RESET_B : -90.651688
[setup in-reg] rst_n -> _66374_/RESET_B : -90.651688
[setup in-reg] rst_n -> _66375_/RESET_B : -90.651688
[setup in-reg] rst_n -> _66376_/RESET_B : -90.651688
[setup in-reg] rst_n -> _66377_/RESET_B : -90.651688
[setup in-reg] rst_n -> _66378_/RESET_B : -90.651688
[setup in-reg] rst_n -> _66379_/RESET_B : -90.651688
[setup in-reg] rst_n -> _66380_/RESET_B : -90.651688
[setup in-reg] rst_n -> _66381_/RESET_B : -90.651688
[setup in-reg] rst_n -> _66382_/RESET_B : -90.651688
[setup in-reg] rst_n -> _66383_/RESET_B : -90.651688
[setup in-reg] rst_n -> _66384_/RESET_B : -90.651688
[setup in-reg] rst_n -> _66385_/RESET_B : -90.651688
[setup in-reg] rst_n -> _66386_/RESET_B : -90.651688
[setup in-reg] rst_n -> _66387_/RESET_B : -90.651688
[setup in-reg] rst_n -> _66388_/RESET_B : -90.651688
[setup in-reg] rst_n -> _66389_/RESET_B : -90.651688
[setup in-reg] rst_n -> _66390_/RESET_B : -90.651688
[setup in-reg] rst_n -> _66391_/RESET_B : -90.651688
[setup in-reg] rst_n -> _66392_/RESET_B : -90.651688
[setup in-reg] rst_n -> _66393_/RESET_B : -90.651688
[setup in-reg] rst_n -> _66394_/RESET_B : -90.651688
[setup in-reg] rst_n -> _66395_/RESET_B : -90.651688
[setup in-reg] rst_n -> _66396_/RESET_B : -90.651688
[setup in-reg] rst_n -> _66397_/RESET_B : -90.651688
[setup in-reg] rst_n -> _66398_/RESET_B : -90.651688
[setup in-reg] rst_n -> _66399_/RESET_B : -90.651688
[setup in-reg] rst_n -> _66400_/RESET_B : -90.651688
[setup in-reg] rst_n -> _66401_/RESET_B : -90.651688
[setup in-reg] rst_n -> _66402_/RESET_B : -90.651688
[setup in-reg] rst_n -> _66403_/RESET_B : -90.651688
[setup in-reg] rst_n -> _66404_/RESET_B : -90.651688
[setup in-reg] rst_n -> _66405_/RESET_B : -90.651688
[setup in-reg] rst_n -> _66406_/RESET_B : -90.651688
[setup in-reg] rst_n -> _66407_/RESET_B : -90.651688
[setup in-reg] rst_n -> _66408_/RESET_B : -90.651688
[setup in-reg] rst_n -> _66409_/RESET_B : -90.651688
[setup in-reg] rst_n -> _66410_/RESET_B : -90.651688
[setup in-reg] rst_n -> _66411_/RESET_B : -90.651688
[setup in-reg] rst_n -> _66412_/RESET_B : -90.651688
[setup in-reg] rst_n -> _66413_/RESET_B : -90.651688
[setup in-reg] rst_n -> _66414_/RESET_B : -90.651688
[setup in-reg] rst_n -> _66415_/RESET_B : -90.651688
[setup in-reg] rst_n -> _66416_/RESET_B : -90.651688
[setup in-reg] rst_n -> _66417_/RESET_B : -90.651688
[setup in-reg] rst_n -> _66418_/RESET_B : -90.651688
[setup in-reg] rst_n -> _66419_/RESET_B : -90.651688
[setup in-reg] rst_n -> _66420_/RESET_B : -90.651688
[setup in-reg] rst_n -> _66421_/RESET_B : -90.651688
[setup in-reg] rst_n -> _66422_/RESET_B : -90.651688
[setup in-reg] rst_n -> _66423_/RESET_B : -90.651688
[setup in-reg] rst_n -> _66424_/RESET_B : -90.651688
[setup in-reg] rst_n -> _66425_/RESET_B : -90.651688
[setup in-reg] rst_n -> _66426_/RESET_B : -90.651688
[setup in-reg] rst_n -> _66427_/RESET_B : -90.651688
[setup in-reg] rst_n -> _66428_/RESET_B : -90.651688
[setup in-reg] rst_n -> _66429_/RESET_B : -90.651688
[setup in-reg] rst_n -> _66430_/RESET_B : -90.651688
[setup in-reg] rst_n -> _66431_/RESET_B : -90.651688
[setup in-reg] rst_n -> _66432_/RESET_B : -90.651688
[setup in-reg] rst_n -> _66433_/RESET_B : -90.651688
[setup in-reg] rst_n -> _66434_/RESET_B : -90.651688
[setup in-reg] rst_n -> _66435_/RESET_B : -90.651688
[setup in-reg] rst_n -> _66436_/RESET_B : -90.651688
[setup in-reg] rst_n -> _66437_/RESET_B : -90.651688
[setup in-reg] rst_n -> _66438_/RESET_B : -90.651688
[setup in-reg] rst_n -> _66439_/RESET_B : -90.651688
[setup in-reg] rst_n -> _66440_/RESET_B : -90.651688
[setup in-reg] rst_n -> _66441_/RESET_B : -90.651688
[setup in-reg] rst_n -> _66442_/RESET_B : -90.651688
[setup in-reg] rst_n -> _66443_/RESET_B : -90.651688
[setup in-reg] rst_n -> _66444_/RESET_B : -90.651688
[setup in-reg] rst_n -> _66445_/RESET_B : -90.651688
[setup in-reg] rst_n -> _66446_/RESET_B : -90.651688
[setup in-reg] rst_n -> _66447_/RESET_B : -90.651688
[setup in-reg] rst_n -> _66448_/RESET_B : -90.651688
[setup in-reg] rst_n -> _66449_/RESET_B : -90.651688
[setup in-reg] rst_n -> _66450_/RESET_B : -90.651688
[setup in-reg] rst_n -> _66451_/RESET_B : -90.651688
[setup in-reg] rst_n -> _66452_/RESET_B : -90.651688
[setup in-reg] rst_n -> _66453_/RESET_B : -90.651688
[setup in-reg] rst_n -> _66454_/RESET_B : -90.651688
[setup in-reg] rst_n -> _66455_/RESET_B : -90.651688
[setup in-reg] rst_n -> _66456_/RESET_B : -90.651688
[setup in-reg] rst_n -> _66457_/RESET_B : -90.651688
[setup in-reg] rst_n -> _66458_/RESET_B : -90.651688
[setup in-reg] rst_n -> _66459_/RESET_B : -90.651688
[setup in-reg] rst_n -> _66460_/RESET_B : -90.651688
[setup in-reg] rst_n -> _66461_/RESET_B : -90.651688
[setup in-reg] rst_n -> _66462_/RESET_B : -90.651688
[setup in-reg] rst_n -> _66463_/RESET_B : -90.651688
[setup in-reg] rst_n -> _66464_/RESET_B : -90.651688
[setup in-reg] rst_n -> _66465_/RESET_B : -90.651688
[setup in-reg] rst_n -> _66466_/RESET_B : -90.651688
[setup in-reg] rst_n -> _66467_/RESET_B : -90.651688
[setup in-reg] rst_n -> _66468_/RESET_B : -90.651688
[setup in-reg] rst_n -> _66469_/RESET_B : -90.651688
[setup in-reg] rst_n -> _66470_/RESET_B : -90.651688
[setup in-reg] rst_n -> _66471_/RESET_B : -90.651688
[setup in-reg] rst_n -> _66472_/RESET_B : -90.651688
[setup in-reg] rst_n -> _66473_/RESET_B : -90.651688
[setup in-reg] rst_n -> _66474_/RESET_B : -90.651688
[setup in-reg] rst_n -> _66475_/RESET_B : -90.651688
[setup in-reg] rst_n -> _66476_/RESET_B : -90.651688
[setup in-reg] rst_n -> _66477_/RESET_B : -90.651688
[setup in-reg] rst_n -> _66478_/RESET_B : -90.651688
[setup in-reg] rst_n -> _66479_/RESET_B : -90.651688
[setup in-reg] rst_n -> _66480_/RESET_B : -90.651688
[setup in-reg] rst_n -> _66481_/RESET_B : -90.651688
[setup in-reg] rst_n -> _66482_/RESET_B : -90.651688
[setup in-reg] rst_n -> _66483_/RESET_B : -90.651688
[setup in-reg] rst_n -> _66484_/RESET_B : -90.651688
[setup in-reg] rst_n -> _66485_/RESET_B : -90.651688
[setup in-reg] rst_n -> _66486_/RESET_B : -90.651688
[setup in-reg] rst_n -> _66487_/RESET_B : -90.651688
[setup in-reg] rst_n -> _66488_/RESET_B : -90.651688
[setup in-reg] rst_n -> _66489_/RESET_B : -90.651688
[setup in-reg] rst_n -> _66490_/RESET_B : -90.651688
[setup in-reg] rst_n -> _66491_/RESET_B : -90.651688
[setup in-reg] rst_n -> _66492_/RESET_B : -90.651688
[setup in-reg] rst_n -> _66493_/RESET_B : -90.651688
[setup in-reg] rst_n -> _66494_/RESET_B : -90.651688
[setup in-reg] rst_n -> _66495_/RESET_B : -90.651688
[setup in-reg] rst_n -> _66496_/RESET_B : -90.651688
[setup in-reg] rst_n -> _66497_/RESET_B : -90.651688
[setup in-reg] rst_n -> _66498_/RESET_B : -90.651688
[setup in-reg] rst_n -> _66499_/RESET_B : -90.651688
[setup in-reg] rst_n -> _66500_/RESET_B : -90.651688
[setup in-reg] rst_n -> _66501_/RESET_B : -90.651688
[setup in-reg] rst_n -> _66502_/RESET_B : -90.651688
[setup in-reg] rst_n -> _66503_/RESET_B : -90.651688
[setup in-reg] rst_n -> _66504_/RESET_B : -90.651688
[setup in-reg] rst_n -> _66505_/RESET_B : -90.651688
[setup in-reg] rst_n -> _66506_/RESET_B : -90.651688
[setup in-reg] rst_n -> _66507_/RESET_B : -90.651688
[setup in-reg] rst_n -> _66508_/RESET_B : -90.651688
[setup in-reg] rst_n -> _66509_/RESET_B : -90.651688
[setup in-reg] rst_n -> _66510_/RESET_B : -90.651688
[setup in-reg] rst_n -> _66511_/RESET_B : -90.651688
[setup in-reg] rst_n -> _66512_/RESET_B : -90.651688
[setup in-reg] rst_n -> _66513_/RESET_B : -90.651688
[setup in-reg] rst_n -> _66514_/RESET_B : -90.651688
[setup in-reg] rst_n -> _66515_/RESET_B : -90.651688
[setup in-reg] rst_n -> _66516_/RESET_B : -90.651688
[setup in-reg] rst_n -> _66517_/RESET_B : -90.651688
[setup in-reg] rst_n -> _66518_/RESET_B : -90.651688
[setup in-reg] rst_n -> _66519_/RESET_B : -90.651688
[setup in-reg] rst_n -> _66520_/RESET_B : -90.651688
[setup in-reg] rst_n -> _66521_/RESET_B : -90.651688
[setup in-reg] rst_n -> _66522_/RESET_B : -90.651688
[setup in-reg] rst_n -> _66523_/RESET_B : -90.651688
[setup in-reg] rst_n -> _66524_/RESET_B : -90.651688
[setup in-reg] rst_n -> _66525_/RESET_B : -90.651688
[setup in-reg] rst_n -> _66526_/RESET_B : -90.651688
[setup in-reg] rst_n -> _66527_/RESET_B : -90.651688
[setup in-reg] rst_n -> _66528_/RESET_B : -90.651688
[setup in-reg] rst_n -> _66529_/RESET_B : -90.651688
[setup in-reg] rst_n -> _66530_/RESET_B : -90.651688
[setup in-reg] rst_n -> _66531_/RESET_B : -90.651688
[setup in-reg] rst_n -> _66532_/RESET_B : -90.651688
[setup in-reg] rst_n -> _66533_/RESET_B : -90.651688
[setup in-reg] rst_n -> _66534_/RESET_B : -90.651688
[setup in-reg] rst_n -> _66535_/RESET_B : -90.651688
[setup in-reg] rst_n -> _66536_/RESET_B : -90.651688
[setup in-reg] rst_n -> _66537_/RESET_B : -90.651688
[setup in-reg] rst_n -> _66538_/RESET_B : -90.651688
[setup in-reg] rst_n -> _66539_/RESET_B : -90.651688
[setup in-reg] rst_n -> _66540_/RESET_B : -90.651688
[setup in-reg] rst_n -> _66541_/RESET_B : -90.651688
[setup in-reg] rst_n -> _66542_/RESET_B : -90.651688
[setup in-reg] rst_n -> _66543_/RESET_B : -90.651688
[setup in-reg] rst_n -> _66544_/RESET_B : -90.651688
[setup in-reg] rst_n -> _66545_/RESET_B : -90.651688
[setup in-reg] rst_n -> _66546_/RESET_B : -90.651688
[setup in-reg] rst_n -> _66547_/RESET_B : -90.651688
[setup in-reg] rst_n -> _66548_/RESET_B : -90.651688
[setup in-reg] rst_n -> _66549_/RESET_B : -90.651688
[setup in-reg] rst_n -> _66550_/RESET_B : -90.651688
[setup in-reg] rst_n -> _66551_/RESET_B : -90.651688
[setup in-reg] rst_n -> _66552_/RESET_B : -90.651688
[setup in-reg] rst_n -> _66553_/RESET_B : -90.651688
[setup in-reg] rst_n -> _66554_/RESET_B : -90.651688
[setup in-reg] rst_n -> _66555_/RESET_B : -90.651688
[setup in-reg] rst_n -> _66556_/RESET_B : -90.651688
[setup in-reg] rst_n -> _66557_/RESET_B : -90.651688
[setup in-reg] rst_n -> _66558_/RESET_B : -90.651688
[setup in-reg] rst_n -> _66559_/RESET_B : -90.651688
[setup in-reg] rst_n -> _66560_/RESET_B : -90.651688
[setup in-reg] rst_n -> _66561_/RESET_B : -90.651688
[setup in-reg] rst_n -> _66562_/RESET_B : -90.651688
[setup in-reg] rst_n -> _66563_/RESET_B : -90.651688
[setup in-reg] rst_n -> _66564_/RESET_B : -90.651688
[setup in-reg] rst_n -> _66565_/RESET_B : -90.651688
[setup in-reg] rst_n -> _66566_/RESET_B : -90.651688
[setup in-reg] rst_n -> _66567_/RESET_B : -90.651688
[setup in-reg] rst_n -> _66568_/RESET_B : -90.651688
[setup in-reg] rst_n -> _66569_/RESET_B : -90.651688
[setup in-reg] rst_n -> _66570_/RESET_B : -90.651688
[setup in-reg] rst_n -> _66571_/RESET_B : -90.651688
[setup in-reg] rst_n -> _66572_/RESET_B : -90.651688
[setup in-reg] rst_n -> _66573_/RESET_B : -90.651688
[setup in-reg] rst_n -> _66574_/RESET_B : -90.651688
[setup in-reg] rst_n -> _66575_/RESET_B : -90.651688
[setup in-reg] rst_n -> _66576_/RESET_B : -90.651688
[setup in-reg] rst_n -> _66577_/RESET_B : -90.651688
[setup in-reg] rst_n -> _66578_/RESET_B : -90.651688
[setup in-reg] rst_n -> _66579_/RESET_B : -90.651688
[setup in-reg] rst_n -> _66580_/RESET_B : -90.651688
[setup in-reg] rst_n -> _66581_/RESET_B : -90.651688
[setup in-reg] rst_n -> _66582_/RESET_B : -90.651688
[setup in-reg] rst_n -> _66583_/RESET_B : -90.651688
[setup in-reg] rst_n -> _66584_/RESET_B : -90.651688
[setup in-reg] rst_n -> _66585_/RESET_B : -90.651688
[setup in-reg] rst_n -> _66586_/RESET_B : -90.651688
[setup in-reg] rst_n -> _66587_/RESET_B : -90.651688
[setup in-reg] rst_n -> _66588_/RESET_B : -90.651688
[setup in-reg] rst_n -> _66589_/RESET_B : -90.651688
[setup in-reg] rst_n -> _66590_/RESET_B : -90.651688
[setup in-reg] rst_n -> _66591_/RESET_B : -90.651688
[setup in-reg] rst_n -> _66592_/RESET_B : -90.651688
[setup in-reg] rst_n -> _66593_/RESET_B : -90.651688
[setup in-reg] rst_n -> _66594_/RESET_B : -90.651688
[setup in-reg] rst_n -> _66595_/RESET_B : -90.651688
[setup in-reg] rst_n -> _66596_/RESET_B : -90.651688
[setup in-reg] rst_n -> _66597_/RESET_B : -90.651688
[setup in-reg] rst_n -> _66598_/RESET_B : -90.651688
[setup in-reg] rst_n -> _66599_/RESET_B : -90.651688
[setup in-reg] rst_n -> _66600_/RESET_B : -90.651688
[setup in-reg] rst_n -> _66601_/RESET_B : -90.651688
[setup in-reg] rst_n -> _66602_/RESET_B : -90.651688
[setup in-reg] rst_n -> _66603_/RESET_B : -90.651688
[setup in-reg] rst_n -> _66604_/RESET_B : -90.651688
[setup in-reg] rst_n -> _66605_/RESET_B : -90.651688
[setup in-reg] rst_n -> _66606_/RESET_B : -90.651688
[setup in-reg] rst_n -> _66607_/RESET_B : -90.651688
[setup in-reg] rst_n -> _66608_/RESET_B : -90.651688
[setup in-reg] rst_n -> _66609_/RESET_B : -90.651688
[setup in-reg] rst_n -> _66610_/RESET_B : -90.651688
[setup in-reg] rst_n -> _66611_/RESET_B : -90.651688
[setup in-reg] rst_n -> _66612_/RESET_B : -90.651688
[setup in-reg] rst_n -> _66613_/RESET_B : -90.651688
[setup in-reg] rst_n -> _66614_/RESET_B : -90.651688
[setup in-reg] rst_n -> _66615_/RESET_B : -90.651688
[setup in-reg] rst_n -> _66616_/RESET_B : -90.651688
[setup in-reg] rst_n -> _66617_/RESET_B : -90.651688
[setup in-reg] rst_n -> _66618_/RESET_B : -90.651688
[setup in-reg] rst_n -> _66619_/RESET_B : -90.651688
[setup in-reg] rst_n -> _66620_/RESET_B : -90.651688
[setup in-reg] rst_n -> _66621_/RESET_B : -90.651688
[setup in-reg] rst_n -> _66622_/RESET_B : -90.651688
[setup in-reg] rst_n -> _66623_/RESET_B : -90.651688
[setup in-reg] rst_n -> _66624_/RESET_B : -90.651688
[setup in-reg] rst_n -> _66625_/RESET_B : -90.651688
[setup in-reg] rst_n -> _66626_/RESET_B : -90.651688
[setup in-reg] rst_n -> _66627_/RESET_B : -90.651688
[setup in-reg] rst_n -> _66628_/RESET_B : -90.651688
[setup in-reg] rst_n -> _66629_/RESET_B : -90.651688
[setup in-reg] rst_n -> _66630_/RESET_B : -90.651688
[setup in-reg] rst_n -> _66631_/RESET_B : -90.651688
[setup in-reg] rst_n -> _66632_/RESET_B : -90.651688
[setup in-reg] rst_n -> _66633_/RESET_B : -90.651688
[setup in-reg] rst_n -> _66634_/RESET_B : -90.651688
[setup in-reg] rst_n -> _66635_/RESET_B : -90.651688
[setup in-reg] rst_n -> _66636_/RESET_B : -90.651688
[setup in-reg] rst_n -> _66637_/RESET_B : -90.651688
[setup in-reg] rst_n -> _66638_/RESET_B : -90.651688
[setup in-reg] rst_n -> _66639_/RESET_B : -90.651688
[setup in-reg] rst_n -> _66640_/RESET_B : -90.651688
[setup in-reg] rst_n -> _66641_/RESET_B : -90.651688
[setup in-reg] rst_n -> _66642_/RESET_B : -90.651688
[setup in-reg] rst_n -> _66643_/RESET_B : -90.651688
[setup in-reg] rst_n -> _66644_/RESET_B : -90.651688
[setup in-reg] rst_n -> _66645_/RESET_B : -90.651688
[setup in-reg] rst_n -> _66646_/RESET_B : -90.651688
[setup in-reg] rst_n -> _66647_/RESET_B : -90.651688
[setup in-reg] rst_n -> _66648_/RESET_B : -90.651688
[setup in-reg] rst_n -> _66649_/RESET_B : -90.651688
[setup in-reg] rst_n -> _66650_/RESET_B : -90.651688
[setup in-reg] rst_n -> _66651_/RESET_B : -90.651688
[setup in-reg] rst_n -> _66652_/RESET_B : -90.651688
[setup in-reg] rst_n -> _66653_/RESET_B : -90.651688
[setup in-reg] rst_n -> _66654_/RESET_B : -90.651688
[setup in-reg] rst_n -> _66655_/RESET_B : -90.651688
[setup in-reg] rst_n -> _66656_/RESET_B : -90.651688
[setup in-reg] rst_n -> _66657_/RESET_B : -90.651688
[setup in-reg] rst_n -> _66658_/RESET_B : -90.651688
[setup in-reg] rst_n -> _66659_/RESET_B : -90.651688
[setup in-reg] rst_n -> _66660_/RESET_B : -90.651688
[setup in-reg] rst_n -> _66661_/RESET_B : -90.651688
[setup in-reg] rst_n -> _66662_/RESET_B : -90.651688
[setup in-reg] rst_n -> _66663_/RESET_B : -90.651688
[setup in-reg] rst_n -> _66664_/RESET_B : -90.651688
[setup in-reg] rst_n -> _66665_/RESET_B : -90.651688
[setup in-reg] rst_n -> _66666_/RESET_B : -90.651688
[setup in-reg] rst_n -> _66667_/RESET_B : -90.651688
[setup in-reg] rst_n -> _66668_/RESET_B : -90.651688
[setup in-reg] rst_n -> _66669_/RESET_B : -90.651688
[setup in-reg] rst_n -> _66670_/RESET_B : -90.651688
[setup in-reg] rst_n -> _66671_/RESET_B : -90.651688
[setup in-reg] rst_n -> _66672_/RESET_B : -90.651688
[setup in-reg] rst_n -> _66673_/RESET_B : -90.651688
[setup in-reg] rst_n -> _66674_/RESET_B : -90.651688
[setup in-reg] rst_n -> _66675_/RESET_B : -90.651688
[setup in-reg] rst_n -> _66676_/RESET_B : -90.651688
[setup in-reg] rst_n -> _66677_/RESET_B : -90.651688
[setup in-reg] rst_n -> _66678_/RESET_B : -90.651688
[setup in-reg] rst_n -> _66679_/RESET_B : -90.651688
[setup in-reg] rst_n -> _66680_/RESET_B : -90.651688
[setup in-reg] rst_n -> _66681_/RESET_B : -90.651688
[setup in-reg] rst_n -> _66682_/RESET_B : -90.651688
[setup in-reg] rst_n -> _66683_/RESET_B : -90.651688
[setup in-reg] rst_n -> _66684_/RESET_B : -90.651688
[setup in-reg] rst_n -> _66685_/RESET_B : -90.651688
[setup in-reg] rst_n -> _66686_/RESET_B : -90.651688
[setup in-reg] rst_n -> _66687_/RESET_B : -90.651688
[setup in-reg] rst_n -> _66688_/RESET_B : -90.651688
[setup in-reg] rst_n -> _66689_/RESET_B : -90.651688
[setup in-reg] rst_n -> _66690_/RESET_B : -90.651688
[setup in-reg] rst_n -> _66691_/RESET_B : -90.651688
[setup in-reg] rst_n -> _66692_/RESET_B : -90.651688
[setup in-reg] rst_n -> _66693_/RESET_B : -90.651688
[setup in-reg] rst_n -> _66694_/RESET_B : -90.651688
[setup in-reg] rst_n -> _66695_/RESET_B : -90.651688
[setup in-reg] rst_n -> _66696_/RESET_B : -90.651688
[setup in-reg] rst_n -> _66697_/RESET_B : -90.651688
[setup in-reg] rst_n -> _66698_/RESET_B : -90.651688
[setup in-reg] rst_n -> _66699_/RESET_B : -90.651688
[setup in-reg] rst_n -> _66700_/RESET_B : -90.651688
[setup in-reg] rst_n -> _66701_/RESET_B : -90.651688
[setup in-reg] rst_n -> _66702_/RESET_B : -90.651688
[setup in-reg] rst_n -> _66703_/RESET_B : -90.651688
[setup in-reg] rst_n -> _66704_/RESET_B : -90.651688
[setup in-reg] rst_n -> _66705_/RESET_B : -90.651688
[setup in-reg] rst_n -> _66706_/RESET_B : -90.651688
[setup in-reg] rst_n -> _66707_/RESET_B : -90.651688
[setup in-reg] rst_n -> _66708_/RESET_B : -90.651688
[setup in-reg] rst_n -> _66709_/RESET_B : -90.651688
[setup in-reg] rst_n -> _66710_/RESET_B : -90.651688
[setup in-reg] rst_n -> _66711_/RESET_B : -90.651688
[setup in-reg] rst_n -> _66712_/RESET_B : -90.651688
[setup in-reg] rst_n -> _66713_/RESET_B : -90.651688
[setup in-reg] rst_n -> _66714_/RESET_B : -90.651688
[setup in-reg] rst_n -> _66715_/RESET_B : -90.651688
[setup in-reg] rst_n -> _66716_/RESET_B : -90.651688
[setup in-reg] rst_n -> _66717_/RESET_B : -90.651688
[setup in-reg] rst_n -> _66718_/RESET_B : -90.651688
[setup in-reg] rst_n -> _66719_/RESET_B : -90.651688
[setup in-reg] rst_n -> _66720_/RESET_B : -90.651688
[setup in-reg] rst_n -> _66721_/RESET_B : -90.651688
[setup in-reg] rst_n -> _66722_/RESET_B : -90.651688
[setup in-reg] rst_n -> _66723_/RESET_B : -90.651688
[setup in-reg] rst_n -> _66724_/RESET_B : -90.651688
[setup in-reg] rst_n -> _66725_/RESET_B : -90.651688
[setup in-reg] rst_n -> _66726_/RESET_B : -90.651688
[setup in-reg] rst_n -> _66727_/RESET_B : -90.651688
[setup in-reg] rst_n -> _66728_/RESET_B : -90.651688
[setup in-reg] rst_n -> _66729_/RESET_B : -90.651688
[setup in-reg] rst_n -> _66730_/RESET_B : -90.651688
[setup in-reg] rst_n -> _66731_/RESET_B : -90.651688
[setup in-reg] rst_n -> _66732_/RESET_B : -90.651688
[setup in-reg] rst_n -> _66733_/RESET_B : -90.651688
[setup in-reg] rst_n -> _66734_/RESET_B : -90.651688
[setup in-reg] rst_n -> _66735_/RESET_B : -90.651688
[setup in-reg] rst_n -> _66736_/RESET_B : -90.651688
[setup in-reg] rst_n -> _66737_/RESET_B : -90.651688
[setup in-reg] rst_n -> _66738_/RESET_B : -90.651688
[setup in-reg] rst_n -> _66739_/RESET_B : -90.651688
[setup in-reg] rst_n -> _66740_/RESET_B : -90.651688
[setup in-reg] rst_n -> _66741_/RESET_B : -90.651688
[setup in-reg] rst_n -> _66742_/RESET_B : -90.651688
[setup in-reg] rst_n -> _66743_/RESET_B : -90.651688
[setup in-reg] rst_n -> _66744_/RESET_B : -90.651688
[setup in-reg] rst_n -> _66745_/RESET_B : -90.651688
[setup in-reg] rst_n -> _66746_/RESET_B : -90.651688
[setup in-reg] rst_n -> _66747_/RESET_B : -90.651688
[setup in-reg] rst_n -> _66748_/RESET_B : -90.651688
[setup in-reg] rst_n -> _66749_/RESET_B : -90.651688
[setup in-reg] rst_n -> _66750_/RESET_B : -90.651688
[setup in-reg] rst_n -> _66751_/RESET_B : -90.651688
[setup in-reg] rst_n -> _66752_/RESET_B : -90.651688
[setup in-reg] rst_n -> _66753_/RESET_B : -90.651688
[setup in-reg] rst_n -> _66754_/RESET_B : -90.651688
[setup in-reg] rst_n -> _66755_/RESET_B : -90.651688
[setup in-reg] rst_n -> _66756_/RESET_B : -90.651688
[setup in-reg] rst_n -> _66757_/RESET_B : -90.651688
[setup in-reg] rst_n -> _66758_/RESET_B : -90.651688
[setup in-reg] rst_n -> _66759_/RESET_B : -90.651688
[setup in-reg] rst_n -> _66760_/RESET_B : -90.651688
[setup in-reg] rst_n -> _66761_/RESET_B : -90.651688
[setup in-reg] rst_n -> _66762_/RESET_B : -90.651688
[setup in-reg] rst_n -> _66763_/RESET_B : -90.651688
[setup in-reg] rst_n -> _66764_/RESET_B : -90.651688
[setup in-reg] rst_n -> _66765_/RESET_B : -90.651688
[setup in-reg] rst_n -> _66766_/RESET_B : -90.651688
[setup in-reg] rst_n -> _66767_/RESET_B : -90.651688
[setup in-reg] rst_n -> _66768_/RESET_B : -90.651688
[setup in-reg] rst_n -> _66769_/RESET_B : -90.651688
[setup in-reg] rst_n -> _66770_/RESET_B : -90.651688
[setup in-reg] rst_n -> _66771_/RESET_B : -90.651688
[setup in-reg] rst_n -> _66772_/RESET_B : -90.651688
[setup in-reg] rst_n -> _66773_/RESET_B : -90.651688
[setup in-reg] rst_n -> _66774_/RESET_B : -90.651688
[setup in-reg] rst_n -> _66775_/RESET_B : -90.651688
[setup in-reg] rst_n -> _66776_/RESET_B : -90.651688
[setup in-reg] rst_n -> _66777_/RESET_B : -90.651688
[setup in-reg] rst_n -> _66778_/RESET_B : -90.651688
[setup in-reg] rst_n -> _66779_/RESET_B : -90.651688
[setup in-reg] rst_n -> _66780_/RESET_B : -90.651688
[setup in-reg] rst_n -> _66781_/RESET_B : -90.651688
[setup in-reg] rst_n -> _66782_/RESET_B : -90.651688
[setup in-reg] rst_n -> _66783_/RESET_B : -90.651688
[setup in-reg] rst_n -> _66784_/RESET_B : -90.651688
[setup in-reg] rst_n -> _66785_/RESET_B : -90.651688
[setup in-reg] rst_n -> _66786_/RESET_B : -90.651688
[setup in-reg] rst_n -> _66787_/RESET_B : -90.651688
[setup in-reg] rst_n -> _66788_/RESET_B : -90.651688
[setup in-reg] rst_n -> _66789_/RESET_B : -90.651688
[setup in-reg] rst_n -> _66790_/RESET_B : -90.651688
[setup in-reg] rst_n -> _66791_/RESET_B : -90.651688
[setup in-reg] rst_n -> _66792_/RESET_B : -90.651688
[setup in-reg] rst_n -> _66793_/RESET_B : -90.651688
[setup in-reg] rst_n -> _66794_/RESET_B : -90.651688
[setup in-reg] rst_n -> _66795_/RESET_B : -90.651688
[setup in-reg] rst_n -> _66796_/RESET_B : -90.651688
[setup in-reg] rst_n -> _66797_/RESET_B : -90.651688
[setup in-reg] rst_n -> _66798_/RESET_B : -90.651688
[setup in-reg] rst_n -> _66799_/RESET_B : -90.651688
[setup in-reg] rst_n -> _66800_/RESET_B : -90.651688
[setup in-reg] rst_n -> _66801_/RESET_B : -90.651688
[setup in-reg] rst_n -> _66802_/RESET_B : -90.651688
[setup in-reg] rst_n -> _66803_/RESET_B : -90.651688
[setup in-reg] rst_n -> _66804_/RESET_B : -90.651688
[setup in-reg] rst_n -> _66805_/RESET_B : -90.651688
[setup in-reg] rst_n -> _66806_/RESET_B : -90.651688
[setup in-reg] rst_n -> _66807_/RESET_B : -90.651688
[setup in-reg] rst_n -> _66808_/RESET_B : -90.651688
[setup in-reg] rst_n -> _66809_/RESET_B : -90.651688
[setup in-reg] rst_n -> _66810_/RESET_B : -90.651688
[setup in-reg] rst_n -> _66811_/RESET_B : -90.651688
[setup in-reg] rst_n -> _66812_/RESET_B : -90.651688
[setup in-reg] rst_n -> _66813_/RESET_B : -90.651688
[setup in-reg] rst_n -> _66814_/RESET_B : -90.651688
[setup in-reg] rst_n -> _66815_/RESET_B : -90.651688
[setup in-reg] rst_n -> _66816_/RESET_B : -90.651688
[setup in-reg] rst_n -> _66817_/RESET_B : -90.651688
[setup in-reg] rst_n -> _66818_/RESET_B : -90.651688
[setup in-reg] rst_n -> _66819_/RESET_B : -90.651688
[setup in-reg] rst_n -> _66820_/RESET_B : -90.651688
[setup in-reg] rst_n -> _66821_/RESET_B : -90.651688
[setup in-reg] rst_n -> _66822_/RESET_B : -90.651688
[setup in-reg] rst_n -> _66823_/RESET_B : -90.651688
[setup in-reg] rst_n -> _66824_/RESET_B : -90.651688
[setup in-reg] rst_n -> _66825_/RESET_B : -90.651688
[setup in-reg] rst_n -> _66826_/RESET_B : -90.651688
[setup in-reg] rst_n -> _66827_/RESET_B : -90.651688
[setup in-reg] rst_n -> _66828_/RESET_B : -90.651688
[setup in-reg] rst_n -> _66829_/RESET_B : -90.651688
[setup in-reg] rst_n -> _66830_/RESET_B : -90.651688
[setup in-reg] rst_n -> _66831_/RESET_B : -90.651688
[setup in-reg] rst_n -> _66832_/RESET_B : -90.651688
[setup in-reg] rst_n -> _66833_/RESET_B : -90.651688
[setup in-reg] rst_n -> _66834_/RESET_B : -90.651688
[setup in-reg] rst_n -> _66835_/RESET_B : -90.651688
[setup in-reg] rst_n -> _66836_/RESET_B : -90.651688
[setup in-reg] rst_n -> _66837_/RESET_B : -90.651688
[setup in-reg] rst_n -> _66838_/RESET_B : -90.651688
[setup in-reg] rst_n -> _66839_/RESET_B : -90.651688
[setup in-reg] rst_n -> _66840_/RESET_B : -90.651688
[setup in-reg] rst_n -> _66841_/RESET_B : -90.651688
[setup in-reg] rst_n -> _66842_/RESET_B : -90.651688
[setup in-reg] rst_n -> _66843_/RESET_B : -90.651688
[setup in-reg] rst_n -> _66844_/RESET_B : -90.651688
[setup in-reg] rst_n -> _66845_/RESET_B : -90.651688
[setup in-reg] rst_n -> _66846_/RESET_B : -90.651688
[setup in-reg] rst_n -> _66847_/RESET_B : -90.651688
[setup in-reg] rst_n -> _66848_/RESET_B : -90.651688
[setup in-reg] rst_n -> _66849_/RESET_B : -90.651688
[setup in-reg] rst_n -> _66850_/RESET_B : -90.651688
[setup in-reg] rst_n -> _66851_/RESET_B : -90.651688
[setup in-reg] rst_n -> _66852_/RESET_B : -90.651688
[setup in-reg] rst_n -> _66853_/RESET_B : -90.651688
[setup in-reg] rst_n -> _66854_/RESET_B : -90.651688
[setup in-reg] rst_n -> _66855_/RESET_B : -90.651688
[setup in-reg] rst_n -> _66856_/RESET_B : -90.651688
[setup in-reg] rst_n -> _66857_/RESET_B : -90.651688
[setup in-reg] rst_n -> _66858_/RESET_B : -90.651688
[setup in-reg] rst_n -> _66859_/RESET_B : -90.651688
[setup in-reg] rst_n -> _66860_/RESET_B : -90.651688
[setup in-reg] rst_n -> _66861_/RESET_B : -90.651688
[setup in-reg] rst_n -> _66862_/RESET_B : -90.651688
[setup in-reg] rst_n -> _66863_/RESET_B : -90.651688
[setup in-reg] rst_n -> _66864_/RESET_B : -90.651688
[setup in-reg] rst_n -> _66865_/RESET_B : -90.651688
[setup in-reg] rst_n -> _66866_/RESET_B : -90.651688
[setup in-reg] rst_n -> _66867_/RESET_B : -90.651688
[setup in-reg] rst_n -> _66868_/RESET_B : -90.651688
[setup in-reg] rst_n -> _66869_/RESET_B : -90.651688
[setup in-reg] rst_n -> _66870_/RESET_B : -90.651688
[setup in-reg] rst_n -> _66871_/RESET_B : -90.651688
[setup in-reg] rst_n -> _66872_/RESET_B : -90.651688
[setup in-reg] rst_n -> _66873_/RESET_B : -90.651688
[setup in-reg] rst_n -> _66874_/RESET_B : -90.651688
[setup in-reg] rst_n -> _66875_/RESET_B : -90.651688
[setup in-reg] rst_n -> _66876_/RESET_B : -90.651688
[setup in-reg] rst_n -> _66877_/RESET_B : -90.651688
[setup in-reg] rst_n -> _66878_/RESET_B : -90.651688
[setup in-reg] rst_n -> _66879_/RESET_B : -90.651688
[setup in-reg] rst_n -> _66880_/RESET_B : -90.651688
[setup in-reg] rst_n -> _66881_/RESET_B : -90.651688
[setup in-reg] rst_n -> _66882_/RESET_B : -90.651688
[setup in-reg] rst_n -> _66883_/RESET_B : -90.651688
[setup in-reg] rst_n -> _66884_/RESET_B : -90.651688
[setup in-reg] rst_n -> _66885_/RESET_B : -90.651688
[setup in-reg] rst_n -> _66886_/RESET_B : -90.651688
[setup in-reg] rst_n -> _66887_/RESET_B : -90.651688
[setup in-reg] rst_n -> _66888_/RESET_B : -90.651688
[setup in-reg] rst_n -> _66889_/RESET_B : -90.651688
[setup in-reg] rst_n -> _66890_/RESET_B : -90.651688
[setup in-reg] rst_n -> _66891_/RESET_B : -90.651688
[setup in-reg] rst_n -> _66892_/RESET_B : -90.651688
[setup in-reg] rst_n -> _66893_/RESET_B : -90.651688
[setup in-reg] rst_n -> _66894_/RESET_B : -90.651688
[setup in-reg] rst_n -> _66895_/RESET_B : -90.651688
[setup in-reg] rst_n -> _66896_/RESET_B : -90.651688
[setup in-reg] rst_n -> _66897_/RESET_B : -90.651688
[setup in-reg] rst_n -> _66898_/RESET_B : -90.651688
[setup in-reg] rst_n -> _66899_/RESET_B : -90.651688
[setup in-reg] rst_n -> _66900_/RESET_B : -90.651688
[setup in-reg] rst_n -> _66901_/RESET_B : -90.651688
[setup in-reg] rst_n -> _66902_/RESET_B : -90.651688
[setup in-reg] rst_n -> _66903_/RESET_B : -90.651688
[setup in-reg] rst_n -> _66904_/RESET_B : -90.651688
[setup in-reg] rst_n -> _66905_/RESET_B : -90.651688
[setup in-reg] rst_n -> _66906_/RESET_B : -90.651688
[setup in-reg] rst_n -> _66907_/RESET_B : -90.651688
[setup in-reg] rst_n -> _66908_/RESET_B : -90.651688
[setup in-reg] rst_n -> _66909_/RESET_B : -90.651688
[setup in-reg] rst_n -> _66910_/RESET_B : -90.651688
[setup in-reg] rst_n -> _66911_/RESET_B : -90.651688
[setup in-reg] rst_n -> _66912_/RESET_B : -90.651688
[setup in-reg] rst_n -> _66913_/RESET_B : -90.651688
[setup in-reg] rst_n -> _66914_/RESET_B : -90.651688
[setup in-reg] rst_n -> _66915_/RESET_B : -90.651688
[setup in-reg] rst_n -> _66916_/RESET_B : -90.651688
[setup in-reg] rst_n -> _66917_/RESET_B : -90.651688
[setup in-reg] rst_n -> _66918_/RESET_B : -90.651688
[setup in-reg] rst_n -> _66919_/RESET_B : -90.651688
[setup in-reg] rst_n -> _66920_/RESET_B : -90.651688
[setup in-reg] rst_n -> _66921_/RESET_B : -90.651688
[setup in-reg] rst_n -> _66922_/RESET_B : -90.651688
[setup in-reg] rst_n -> _66923_/RESET_B : -90.651688
[setup in-reg] rst_n -> _66924_/RESET_B : -90.651688
[setup in-reg] rst_n -> _66925_/RESET_B : -90.651688
[setup in-reg] rst_n -> _66926_/RESET_B : -90.651688
[setup in-reg] rst_n -> _66927_/RESET_B : -90.651688
[setup in-reg] rst_n -> _66928_/RESET_B : -90.651688
[setup in-reg] rst_n -> _66929_/RESET_B : -90.651688
[setup in-reg] rst_n -> _66930_/RESET_B : -90.651688
[setup in-reg] rst_n -> _66931_/RESET_B : -90.651688
[setup in-reg] rst_n -> _66932_/RESET_B : -90.651688
[setup in-reg] rst_n -> _66933_/RESET_B : -90.651688
[setup in-reg] rst_n -> _66934_/RESET_B : -90.651688
[setup in-reg] rst_n -> _66935_/RESET_B : -90.651688
[setup in-reg] rst_n -> _66936_/RESET_B : -90.651688
[setup in-reg] rst_n -> _66937_/RESET_B : -90.651688
[setup in-reg] rst_n -> _66938_/RESET_B : -90.651688
[setup in-reg] rst_n -> _66939_/RESET_B : -90.651688
[setup in-reg] rst_n -> _66940_/RESET_B : -90.651688
[setup in-reg] rst_n -> _66941_/RESET_B : -90.651688
[setup in-reg] rst_n -> _66942_/RESET_B : -90.651688
[setup in-reg] rst_n -> _66943_/RESET_B : -90.651688
[setup in-reg] rst_n -> _66944_/RESET_B : -90.651688
[setup in-reg] rst_n -> _66945_/RESET_B : -90.651688
[setup in-reg] rst_n -> _66946_/RESET_B : -90.651688
[setup in-reg] rst_n -> _66947_/RESET_B : -90.651688
[setup in-reg] rst_n -> _66948_/RESET_B : -90.651688
[setup in-reg] rst_n -> _66949_/RESET_B : -90.651688
[setup in-reg] rst_n -> _66950_/RESET_B : -90.651688
[setup in-reg] rst_n -> _66951_/RESET_B : -90.651688
[setup in-reg] rst_n -> _66952_/RESET_B : -90.651688
[setup in-reg] rst_n -> _66953_/RESET_B : -90.651688
[setup in-reg] rst_n -> _66954_/RESET_B : -90.651688
[setup in-reg] rst_n -> _66955_/RESET_B : -90.651688
[setup in-reg] rst_n -> _66956_/RESET_B : -90.651688
[setup in-reg] rst_n -> _66957_/RESET_B : -90.651688
[setup in-reg] rst_n -> _66958_/RESET_B : -90.651688
[setup in-reg] rst_n -> _66959_/RESET_B : -90.651688
[setup in-reg] rst_n -> _66960_/RESET_B : -90.651688
[setup in-reg] rst_n -> _66961_/RESET_B : -90.651688
[setup in-reg] rst_n -> _66962_/RESET_B : -90.651688
[setup in-reg] rst_n -> _66963_/RESET_B : -90.651688
[setup in-reg] rst_n -> _66964_/RESET_B : -90.651688
[setup in-reg] rst_n -> _66965_/RESET_B : -90.651688
[setup in-reg] rst_n -> _66966_/RESET_B : -90.651688
[setup in-reg] rst_n -> _66967_/RESET_B : -90.651688
[setup in-reg] rst_n -> _66968_/RESET_B : -90.651688
[setup in-reg] rst_n -> _66969_/RESET_B : -90.651688
[setup in-reg] rst_n -> _66970_/RESET_B : -90.651688
[setup in-reg] rst_n -> _66971_/RESET_B : -90.651688
[setup in-reg] rst_n -> _66972_/RESET_B : -90.651688
[setup in-reg] rst_n -> _66973_/RESET_B : -90.651688
[setup in-reg] rst_n -> _66974_/RESET_B : -90.651688
[setup in-reg] rst_n -> _66975_/RESET_B : -90.651688
[setup in-reg] rst_n -> _66976_/RESET_B : -90.651688
[setup in-reg] rst_n -> _66977_/RESET_B : -90.651688
[setup in-reg] rst_n -> _66978_/RESET_B : -90.651688
[setup in-reg] rst_n -> _66979_/RESET_B : -90.651688
[setup in-reg] rst_n -> _66980_/RESET_B : -90.651688
[setup in-reg] rst_n -> _66981_/RESET_B : -90.651688
[setup in-reg] rst_n -> _66982_/RESET_B : -90.651688
[setup in-reg] rst_n -> _66983_/RESET_B : -90.651688
[setup in-reg] rst_n -> _66984_/RESET_B : -90.651688
[setup in-reg] rst_n -> _66985_/RESET_B : -90.651688
[setup in-reg] rst_n -> _66986_/RESET_B : -90.651688
[setup in-reg] rst_n -> _66987_/RESET_B : -90.651688
[setup in-reg] rst_n -> _66988_/RESET_B : -90.651688
[setup in-reg] rst_n -> _66989_/RESET_B : -90.651688
[setup in-reg] rst_n -> _66990_/RESET_B : -90.651688
[setup in-reg] rst_n -> _66991_/RESET_B : -90.651688
[setup in-reg] rst_n -> _66992_/RESET_B : -90.651688
[setup in-reg] rst_n -> _66993_/RESET_B : -90.651688
[setup in-reg] rst_n -> _66994_/RESET_B : -90.651688
[setup in-reg] rst_n -> _66995_/RESET_B : -90.651688
[setup in-reg] rst_n -> _66996_/RESET_B : -90.651688
[setup in-reg] rst_n -> _66997_/RESET_B : -90.651688
[setup in-reg] rst_n -> _66998_/RESET_B : -90.651688
[setup in-reg] rst_n -> _66999_/RESET_B : -90.651688
[setup in-reg] rst_n -> _67000_/RESET_B : -90.651688
[setup in-reg] rst_n -> _67001_/RESET_B : -90.651688
[setup in-reg] rst_n -> _67002_/RESET_B : -90.651688
[setup in-reg] rst_n -> _67003_/RESET_B : -90.651688
[setup in-reg] rst_n -> _67004_/RESET_B : -90.651688
[setup in-reg] rst_n -> _67005_/RESET_B : -90.651688
[setup in-reg] rst_n -> _67006_/RESET_B : -90.651688
[setup in-reg] rst_n -> _67007_/RESET_B : -90.651688
[setup in-reg] rst_n -> _67008_/RESET_B : -90.651688
[setup in-reg] rst_n -> _67009_/RESET_B : -90.651688
[setup in-reg] rst_n -> _67010_/RESET_B : -90.651688
[setup in-reg] rst_n -> _67011_/RESET_B : -90.651688
[setup in-reg] rst_n -> _67012_/RESET_B : -90.651688
[setup in-reg] rst_n -> _67013_/RESET_B : -90.651688
[setup in-reg] rst_n -> _67014_/RESET_B : -90.651688
[setup in-reg] rst_n -> _67015_/RESET_B : -90.651688
[setup in-reg] rst_n -> _67016_/RESET_B : -90.651688
[setup in-reg] rst_n -> _67017_/RESET_B : -90.651688
[setup in-reg] rst_n -> _67018_/RESET_B : -90.651688
[setup in-reg] rst_n -> _67019_/RESET_B : -90.651688
[setup in-reg] rst_n -> _67020_/RESET_B : -90.651688
[setup in-reg] rst_n -> _67021_/RESET_B : -90.651688
[setup in-reg] rst_n -> _67022_/RESET_B : -90.651688
[setup in-reg] rst_n -> _67023_/RESET_B : -90.651688
[setup in-reg] rst_n -> _67024_/RESET_B : -90.651688
[setup in-reg] rst_n -> _67025_/RESET_B : -90.651688
[setup in-reg] rst_n -> _67026_/RESET_B : -90.651688
[setup in-reg] rst_n -> _67027_/RESET_B : -90.651688
[setup in-reg] rst_n -> _67028_/RESET_B : -90.651688
[setup in-reg] rst_n -> _67029_/RESET_B : -90.651688
[setup in-reg] rst_n -> _67030_/RESET_B : -90.651688
[setup in-reg] rst_n -> _67031_/RESET_B : -90.651688
[setup in-reg] rst_n -> _67032_/RESET_B : -90.651688
[setup in-reg] rst_n -> _67033_/RESET_B : -90.651688
[setup in-reg] rst_n -> _67034_/RESET_B : -90.651688
[setup in-reg] rst_n -> _67035_/RESET_B : -90.651688
[setup in-reg] rst_n -> _67036_/RESET_B : -90.651688
[setup in-reg] rst_n -> _67037_/RESET_B : -90.651688
[setup in-reg] rst_n -> _67038_/RESET_B : -90.651688
[setup in-reg] rst_n -> _67039_/RESET_B : -90.651688
[setup in-reg] rst_n -> _67040_/RESET_B : -90.651688
[setup in-reg] rst_n -> _67041_/RESET_B : -90.651688
[setup in-reg] rst_n -> _67042_/RESET_B : -90.651688
[setup in-reg] rst_n -> _67043_/RESET_B : -90.651688
[setup in-reg] rst_n -> _67044_/RESET_B : -90.651688
[setup in-reg] rst_n -> _67045_/RESET_B : -90.651688
[setup in-reg] rst_n -> _67046_/RESET_B : -90.651688
[setup in-reg] rst_n -> _67047_/RESET_B : -90.651688
[setup in-reg] rst_n -> _67048_/RESET_B : -90.651688
[setup in-reg] rst_n -> _67049_/RESET_B : -90.651688
[setup in-reg] rst_n -> _67050_/RESET_B : -90.651688
[setup in-reg] rst_n -> _67051_/RESET_B : -90.651688
[setup in-reg] rst_n -> _67052_/RESET_B : -90.651688
[setup in-reg] rst_n -> _67053_/RESET_B : -90.651688
[setup in-reg] rst_n -> _67054_/RESET_B : -90.651688
[setup in-reg] rst_n -> _67055_/RESET_B : -90.651688
[setup in-reg] rst_n -> _67056_/RESET_B : -90.651688
[setup in-reg] rst_n -> _67057_/RESET_B : -90.651688
[setup in-reg] rst_n -> _67058_/RESET_B : -90.651688
[setup in-reg] rst_n -> _67059_/RESET_B : -90.651688
[setup in-reg] rst_n -> _67060_/RESET_B : -90.651688
[setup in-reg] rst_n -> _67061_/RESET_B : -90.651688
[setup in-reg] rst_n -> _67062_/RESET_B : -90.651688
[setup in-reg] rst_n -> _67063_/RESET_B : -90.651688
[setup in-reg] rst_n -> _67064_/RESET_B : -90.651688
[setup in-reg] rst_n -> _67065_/RESET_B : -90.651688
[setup in-reg] rst_n -> _67066_/RESET_B : -90.651688
[setup in-reg] rst_n -> _67067_/RESET_B : -90.651688
[setup in-reg] rst_n -> _67068_/RESET_B : -90.651688
[setup in-reg] rst_n -> _67069_/RESET_B : -90.651688
[setup in-reg] rst_n -> _67070_/RESET_B : -90.651688
[setup in-reg] rst_n -> _67071_/RESET_B : -90.651688
[setup in-reg] rst_n -> _67072_/RESET_B : -90.651688
[setup in-reg] rst_n -> _67073_/RESET_B : -90.651688
[setup in-reg] rst_n -> _67074_/RESET_B : -90.651688
[setup in-reg] rst_n -> _67075_/RESET_B : -90.651688
[setup in-reg] rst_n -> _67076_/RESET_B : -90.651688
[setup in-reg] rst_n -> _67077_/RESET_B : -90.651688
[setup in-reg] rst_n -> _67078_/RESET_B : -90.651688
[setup in-reg] rst_n -> _67079_/RESET_B : -90.651688
[setup in-reg] rst_n -> _67080_/RESET_B : -90.651688
[setup in-reg] rst_n -> _67081_/RESET_B : -90.651688
[setup in-reg] rst_n -> _67082_/RESET_B : -90.651688
[setup in-reg] rst_n -> _67083_/RESET_B : -90.651688
[setup in-reg] rst_n -> _67084_/RESET_B : -90.651688
[setup in-reg] rst_n -> _67085_/RESET_B : -90.651688
[setup in-reg] rst_n -> _67086_/RESET_B : -90.651688
[setup in-reg] rst_n -> _67087_/RESET_B : -90.651688
[setup in-reg] rst_n -> _67088_/RESET_B : -90.651688
[setup in-reg] rst_n -> _67089_/RESET_B : -90.651688
[setup in-reg] rst_n -> _67090_/RESET_B : -90.651688
[setup in-reg] rst_n -> _67091_/RESET_B : -90.651688
[setup in-reg] rst_n -> _67092_/RESET_B : -90.651688
[setup in-reg] rst_n -> _67093_/RESET_B : -90.651688
[setup in-reg] rst_n -> _67094_/RESET_B : -90.651688
[setup in-reg] rst_n -> _67095_/RESET_B : -90.651688
[setup in-reg] rst_n -> _67096_/RESET_B : -90.651688
[setup in-reg] rst_n -> _67097_/RESET_B : -90.651688
[setup in-reg] rst_n -> _67098_/RESET_B : -90.651688
[setup in-reg] rst_n -> _67099_/RESET_B : -90.651688
[setup in-reg] rst_n -> _67100_/RESET_B : -90.651688
[setup in-reg] rst_n -> _67101_/RESET_B : -90.651688
[setup in-reg] rst_n -> _67102_/RESET_B : -90.651688
[setup in-reg] rst_n -> _67103_/RESET_B : -90.651688
[setup in-reg] rst_n -> _67104_/RESET_B : -90.651688
[setup in-reg] rst_n -> _67105_/RESET_B : -90.651688
[setup in-reg] rst_n -> _67106_/RESET_B : -90.651688
[setup in-reg] rst_n -> _67107_/RESET_B : -90.651688
[setup in-reg] rst_n -> _67108_/RESET_B : -90.651688
[setup in-reg] rst_n -> _67109_/RESET_B : -90.651688
[setup in-reg] rst_n -> _67110_/RESET_B : -90.651688
[setup in-reg] rst_n -> _67111_/RESET_B : -90.651688
[setup in-reg] rst_n -> _67112_/RESET_B : -90.651688
[setup in-reg] rst_n -> _67113_/RESET_B : -90.651688
[setup in-reg] rst_n -> _67114_/RESET_B : -90.651688
[setup in-reg] rst_n -> _67115_/RESET_B : -90.651688
[setup in-reg] rst_n -> _67116_/RESET_B : -90.651688
[setup in-reg] rst_n -> _67117_/RESET_B : -90.651688
[setup in-reg] rst_n -> _67118_/RESET_B : -90.651688
[setup in-reg] rst_n -> _67119_/RESET_B : -90.651688
[setup in-reg] rst_n -> _67120_/RESET_B : -90.651688
[setup in-reg] rst_n -> _67121_/RESET_B : -90.651688
[setup in-reg] rst_n -> _67122_/RESET_B : -90.651688
[setup in-reg] rst_n -> _67123_/RESET_B : -90.651688
[setup in-reg] rst_n -> _67124_/RESET_B : -90.651688
[setup in-reg] rst_n -> _67125_/RESET_B : -90.651688
[setup in-reg] rst_n -> _67126_/RESET_B : -90.651688
[setup in-reg] rst_n -> _67127_/RESET_B : -90.651688
[setup in-reg] rst_n -> _67128_/RESET_B : -90.651688
[setup in-reg] rst_n -> _67129_/RESET_B : -90.651688
[setup in-reg] rst_n -> _67130_/RESET_B : -90.651688
[setup in-reg] rst_n -> _67131_/RESET_B : -90.651688
[setup in-reg] rst_n -> _67132_/RESET_B : -90.651688
[setup in-reg] rst_n -> _67133_/RESET_B : -90.651688
[setup in-reg] rst_n -> _67134_/RESET_B : -90.651688
[setup in-reg] rst_n -> _67135_/RESET_B : -90.651688
[setup in-reg] rst_n -> _67136_/RESET_B : -90.651688
[setup in-reg] rst_n -> _67137_/RESET_B : -90.651688
[setup in-reg] rst_n -> _67138_/RESET_B : -90.651688
[setup in-reg] rst_n -> _67139_/RESET_B : -90.651688
[setup in-reg] rst_n -> _67140_/RESET_B : -90.651688
[setup in-reg] rst_n -> _67141_/RESET_B : -90.651688
[setup in-reg] rst_n -> _67142_/RESET_B : -90.651688
[setup in-reg] rst_n -> _67143_/RESET_B : -90.651688
[setup in-reg] rst_n -> _67144_/RESET_B : -90.651688
[setup in-reg] rst_n -> _67145_/RESET_B : -90.651688
[setup in-reg] rst_n -> _67146_/RESET_B : -90.651688
[setup in-reg] rst_n -> _67147_/RESET_B : -90.651688
[setup in-reg] rst_n -> _67148_/RESET_B : -90.651688
[setup in-reg] rst_n -> _67149_/RESET_B : -90.651688
[setup in-reg] rst_n -> _67150_/RESET_B : -90.651688
[setup in-reg] rst_n -> _67151_/RESET_B : -90.651688
[setup in-reg] rst_n -> _67152_/RESET_B : -90.651688
[setup in-reg] rst_n -> _67153_/RESET_B : -90.651688
[setup in-reg] rst_n -> _67154_/RESET_B : -90.651688
[setup in-reg] rst_n -> _67155_/RESET_B : -90.651688
[setup in-reg] rst_n -> _67156_/RESET_B : -90.651688
[setup in-reg] rst_n -> _67157_/RESET_B : -90.651688
[setup in-reg] rst_n -> _67158_/RESET_B : -90.651688
[setup in-reg] rst_n -> _67159_/RESET_B : -90.651688
[setup in-reg] rst_n -> _67160_/RESET_B : -90.651688
[setup in-reg] rst_n -> _67161_/RESET_B : -90.651688
[setup in-reg] rst_n -> _67162_/RESET_B : -90.651688
[setup in-reg] rst_n -> _67163_/RESET_B : -90.651688
[setup in-reg] rst_n -> _67164_/RESET_B : -90.651688
[setup in-reg] rst_n -> _67165_/RESET_B : -90.651688
[setup in-reg] rst_n -> _67166_/RESET_B : -90.651688
[setup in-reg] rst_n -> _67167_/RESET_B : -90.651688
[setup in-reg] rst_n -> _67168_/RESET_B : -90.651688
[setup in-reg] rst_n -> _67169_/RESET_B : -90.651688
[setup in-reg] rst_n -> _67170_/RESET_B : -90.651688
[setup in-reg] rst_n -> _67171_/RESET_B : -90.651688
[setup in-reg] rst_n -> _67172_/RESET_B : -90.651688
[setup in-reg] rst_n -> _67173_/RESET_B : -90.651688
[setup in-reg] rst_n -> _67174_/RESET_B : -90.651688
[setup in-reg] rst_n -> _67175_/RESET_B : -90.651688
[setup in-reg] rst_n -> _67176_/RESET_B : -90.651688
[setup in-reg] rst_n -> _67177_/RESET_B : -90.651688
[setup in-reg] rst_n -> _67178_/RESET_B : -90.651688
[setup in-reg] rst_n -> _67179_/RESET_B : -90.651688
[setup in-reg] rst_n -> _67180_/RESET_B : -90.651688
[setup in-reg] rst_n -> _67181_/RESET_B : -90.651688
[setup in-reg] rst_n -> _67182_/RESET_B : -90.651688
[setup in-reg] rst_n -> _67183_/RESET_B : -90.651688
[setup in-reg] rst_n -> _67184_/RESET_B : -90.651688
[setup in-reg] rst_n -> _67185_/RESET_B : -90.651688
[setup in-reg] rst_n -> _67186_/RESET_B : -90.651688
[setup in-reg] rst_n -> _67187_/RESET_B : -90.651688
[setup in-reg] rst_n -> _67188_/RESET_B : -90.651688
[setup in-reg] rst_n -> _67189_/RESET_B : -90.651688
[setup in-reg] rst_n -> _67190_/RESET_B : -90.651688
[setup in-reg] rst_n -> _67191_/RESET_B : -90.651688
[setup in-reg] rst_n -> _67192_/RESET_B : -90.651688
[setup in-reg] rst_n -> _67193_/RESET_B : -90.651688
[setup in-reg] rst_n -> _67194_/RESET_B : -90.651688
[setup in-reg] rst_n -> _67195_/RESET_B : -90.651688
[setup in-reg] rst_n -> _67196_/RESET_B : -90.651688
[setup in-reg] rst_n -> _67197_/RESET_B : -90.651688
[setup in-reg] rst_n -> _67198_/RESET_B : -90.651688
[setup in-reg] rst_n -> _67199_/RESET_B : -90.651688
[setup in-reg] rst_n -> _67200_/RESET_B : -90.651688
[setup in-reg] rst_n -> _67201_/RESET_B : -90.651688
[setup in-reg] rst_n -> _67202_/RESET_B : -90.651688
[setup in-reg] rst_n -> _67203_/RESET_B : -90.651688
[setup in-reg] rst_n -> _67204_/RESET_B : -90.651688
[setup in-reg] rst_n -> _67205_/RESET_B : -90.651688
[setup in-reg] rst_n -> _67206_/RESET_B : -90.651688
[setup in-reg] rst_n -> _67207_/RESET_B : -90.651688
[setup in-reg] rst_n -> _67208_/RESET_B : -90.651688
[setup in-reg] rst_n -> _67209_/RESET_B : -90.651688
[setup in-reg] rst_n -> _67210_/RESET_B : -90.651688
[setup in-reg] rst_n -> _67211_/RESET_B : -90.651688
[setup in-reg] rst_n -> _67212_/RESET_B : -90.651688
[setup in-reg] rst_n -> _67213_/RESET_B : -90.651688
[setup in-reg] rst_n -> _67214_/RESET_B : -90.651688
[setup in-reg] rst_n -> _67215_/RESET_B : -90.651688
[setup in-reg] rst_n -> _67216_/RESET_B : -90.651688
[setup in-reg] rst_n -> _67217_/RESET_B : -90.651688
[setup in-reg] rst_n -> _67218_/RESET_B : -90.651688
[setup in-reg] rst_n -> _67219_/RESET_B : -90.651688
[setup in-reg] rst_n -> _67220_/RESET_B : -90.651688
[setup in-reg] rst_n -> _67221_/RESET_B : -90.651688
[setup in-reg] rst_n -> _67222_/RESET_B : -90.651688
[setup in-reg] rst_n -> _67223_/RESET_B : -90.651688
[setup in-reg] rst_n -> _67224_/RESET_B : -90.651688
[setup in-reg] rst_n -> _67225_/RESET_B : -90.651688
[setup in-reg] rst_n -> _67226_/RESET_B : -90.651688
[setup in-reg] rst_n -> _67227_/RESET_B : -90.651688
[setup in-reg] rst_n -> _67228_/RESET_B : -90.651688
[setup in-reg] rst_n -> _67229_/RESET_B : -90.651688
[setup in-reg] rst_n -> _67230_/RESET_B : -90.651688
[setup in-reg] rst_n -> _67231_/RESET_B : -90.651688
[setup in-reg] rst_n -> _67232_/RESET_B : -90.651688
[setup in-reg] rst_n -> _67233_/RESET_B : -90.651688
[setup in-reg] rst_n -> _67234_/RESET_B : -90.651688
[setup in-reg] rst_n -> _67235_/RESET_B : -90.651688
[setup in-reg] rst_n -> _67236_/RESET_B : -90.651688
[setup in-reg] rst_n -> _67237_/RESET_B : -90.651688
[setup in-reg] rst_n -> _67238_/RESET_B : -90.651688
[setup in-reg] rst_n -> _67239_/RESET_B : -90.651688
[setup in-reg] rst_n -> _67240_/RESET_B : -90.651688
[setup in-reg] rst_n -> _67241_/RESET_B : -90.651688
[setup in-reg] rst_n -> _67242_/RESET_B : -90.651688
[setup in-reg] rst_n -> _67243_/RESET_B : -90.651688
[setup in-reg] rst_n -> _67244_/RESET_B : -90.651688
[setup in-reg] rst_n -> _67245_/RESET_B : -90.651688
[setup in-reg] rst_n -> _67246_/RESET_B : -90.651688
[setup in-reg] rst_n -> _67247_/RESET_B : -90.651688
[setup in-reg] rst_n -> _67248_/RESET_B : -90.651688
[setup in-reg] rst_n -> _67249_/RESET_B : -90.651688
[setup in-reg] rst_n -> _67250_/RESET_B : -90.651688
[setup in-reg] rst_n -> _67251_/RESET_B : -90.651688
[setup in-reg] rst_n -> _67252_/RESET_B : -90.651688
[setup in-reg] rst_n -> _67253_/RESET_B : -90.651688
[setup in-reg] rst_n -> _67254_/RESET_B : -90.651688
[setup in-reg] rst_n -> _67255_/RESET_B : -90.651688
[setup in-reg] rst_n -> _67256_/RESET_B : -90.651688
[setup in-reg] rst_n -> _67257_/RESET_B : -90.651688
[setup in-reg] rst_n -> _67258_/RESET_B : -90.651688
[setup in-reg] rst_n -> _67259_/RESET_B : -90.651688
[setup in-reg] rst_n -> _67260_/RESET_B : -90.651688
[setup in-reg] rst_n -> _67261_/RESET_B : -90.651688
[setup in-reg] rst_n -> _67262_/RESET_B : -90.651688
[setup in-reg] rst_n -> _67263_/RESET_B : -90.651688
[setup in-reg] rst_n -> _67264_/RESET_B : -90.651688
[setup in-reg] rst_n -> _67265_/RESET_B : -90.651688
[setup in-reg] rst_n -> _67266_/RESET_B : -90.651688
[setup in-reg] rst_n -> _67267_/RESET_B : -90.651688
[setup in-reg] rst_n -> _67268_/RESET_B : -90.651688
[setup in-reg] rst_n -> _67269_/RESET_B : -90.651688
[setup in-reg] rst_n -> _67270_/RESET_B : -90.651688
[setup in-reg] rst_n -> _67271_/RESET_B : -90.651688
[setup in-reg] rst_n -> _67272_/RESET_B : -90.651688
[setup in-reg] rst_n -> _67273_/RESET_B : -90.651688
[setup in-reg] rst_n -> _67274_/RESET_B : -90.651688
[setup in-reg] rst_n -> _67275_/RESET_B : -90.651688
[setup in-reg] rst_n -> _67276_/RESET_B : -90.651688
[setup in-reg] rst_n -> _67277_/RESET_B : -90.651688
[setup in-reg] rst_n -> _67278_/RESET_B : -90.651688
[setup in-reg] rst_n -> _67279_/RESET_B : -90.651688
[setup in-reg] rst_n -> _67280_/RESET_B : -90.651688
[setup in-reg] rst_n -> _67281_/RESET_B : -90.651688
[setup in-reg] rst_n -> _67282_/RESET_B : -90.651688
[setup in-reg] rst_n -> _67283_/RESET_B : -90.651688
[setup in-reg] rst_n -> _67284_/RESET_B : -90.651688
[setup in-reg] rst_n -> _67285_/RESET_B : -90.651688
[setup in-reg] rst_n -> _67286_/RESET_B : -90.651688
[setup in-reg] rst_n -> _67287_/RESET_B : -90.651688
[setup in-reg] rst_n -> _67288_/RESET_B : -90.651688
[setup in-reg] rst_n -> _67289_/RESET_B : -90.651688
[setup in-reg] rst_n -> _67290_/RESET_B : -90.651688
[setup in-reg] rst_n -> _67291_/RESET_B : -90.651688
[setup in-reg] rst_n -> _67292_/RESET_B : -90.651688
[setup in-reg] rst_n -> _67293_/RESET_B : -90.651688
[setup in-reg] rst_n -> _67294_/RESET_B : -90.651688
[setup in-reg] rst_n -> _67295_/RESET_B : -90.651688
[setup in-reg] rst_n -> _67296_/RESET_B : -90.651688
[setup in-reg] rst_n -> _67297_/RESET_B : -90.651688
[setup in-reg] rst_n -> _67298_/RESET_B : -90.651688
[setup in-reg] rst_n -> _67299_/RESET_B : -90.651688
[setup in-reg] rst_n -> _67300_/RESET_B : -90.651688
[setup in-reg] rst_n -> _67301_/RESET_B : -90.651688
[setup in-reg] rst_n -> _67302_/RESET_B : -90.651688
[setup in-reg] rst_n -> _67303_/RESET_B : -90.651688
[setup in-reg] rst_n -> _67304_/RESET_B : -90.651688
[setup in-reg] rst_n -> _67305_/RESET_B : -90.651688
[setup in-reg] rst_n -> _67306_/RESET_B : -90.651688
[setup in-reg] rst_n -> _67307_/RESET_B : -90.651688
[setup in-reg] rst_n -> _67308_/RESET_B : -90.651688
[setup in-reg] rst_n -> _67309_/RESET_B : -90.651688
[setup in-reg] rst_n -> _67310_/RESET_B : -90.651688
[setup in-reg] rst_n -> _67311_/RESET_B : -90.651688
[setup in-reg] rst_n -> _67312_/RESET_B : -90.651688
[setup in-reg] rst_n -> _67313_/RESET_B : -90.651688
[setup in-reg] rst_n -> _67314_/RESET_B : -90.651688
[setup in-reg] rst_n -> _67315_/RESET_B : -90.651688
[setup in-reg] rst_n -> _67316_/RESET_B : -90.651688
[setup in-reg] rst_n -> _67317_/RESET_B : -90.651688
[setup in-reg] rst_n -> _67318_/RESET_B : -90.651688
[setup in-reg] rst_n -> _67319_/RESET_B : -90.651688
[setup in-reg] rst_n -> _67320_/RESET_B : -90.651688
[setup in-reg] rst_n -> _67321_/RESET_B : -90.651688
[setup in-reg] rst_n -> _67322_/RESET_B : -90.651688
[setup in-reg] rst_n -> _67323_/RESET_B : -90.651688
[setup in-reg] rst_n -> _67324_/RESET_B : -90.651688
[setup in-reg] rst_n -> _67325_/RESET_B : -90.651688
[setup in-reg] rst_n -> _67326_/RESET_B : -90.651688
[setup in-reg] rst_n -> _67327_/RESET_B : -90.651688
[setup in-reg] rst_n -> _67328_/RESET_B : -90.651688
[setup in-reg] rst_n -> _67329_/RESET_B : -90.651688
[setup in-reg] rst_n -> _67330_/RESET_B : -90.651688
[setup in-reg] rst_n -> _67331_/RESET_B : -90.651688
[setup in-reg] rst_n -> _67332_/RESET_B : -90.651688
[setup in-reg] rst_n -> _67333_/RESET_B : -90.651688
[setup in-reg] rst_n -> _67334_/RESET_B : -90.651688
[setup in-reg] rst_n -> _67335_/RESET_B : -90.651688
[setup in-reg] rst_n -> _67336_/RESET_B : -90.651688
[setup in-reg] rst_n -> _67337_/RESET_B : -90.651688
[setup in-reg] rst_n -> _67338_/RESET_B : -90.651688
[setup in-reg] rst_n -> _67339_/RESET_B : -90.651688
[setup in-reg] rst_n -> _67340_/RESET_B : -90.651688
[setup in-reg] rst_n -> _67341_/RESET_B : -90.651688
[setup in-reg] rst_n -> _67342_/RESET_B : -90.651688
[setup in-reg] rst_n -> _67343_/RESET_B : -90.651688
[setup in-reg] rst_n -> _67344_/RESET_B : -90.651688
[setup in-reg] rst_n -> _67345_/RESET_B : -90.651688
[setup in-reg] rst_n -> _67346_/RESET_B : -90.651688
[setup in-reg] rst_n -> _67347_/RESET_B : -90.651688
[setup in-reg] rst_n -> _67348_/RESET_B : -90.651688
[setup in-reg] rst_n -> _67349_/RESET_B : -90.651688
[setup in-reg] rst_n -> _67350_/RESET_B : -90.651688
[setup in-reg] rst_n -> _67351_/RESET_B : -90.651688
[setup in-reg] rst_n -> _67352_/RESET_B : -90.651688
[setup in-reg] rst_n -> _67353_/RESET_B : -90.651688
[setup in-reg] rst_n -> _67354_/RESET_B : -90.651688
[setup in-reg] rst_n -> _67355_/RESET_B : -90.651688
[setup in-reg] rst_n -> _67356_/RESET_B : -90.651688
[setup in-reg] rst_n -> _67357_/RESET_B : -90.651688
[setup in-reg] rst_n -> _67358_/RESET_B : -90.651688
[setup in-reg] rst_n -> _67359_/RESET_B : -90.651688
[setup in-reg] rst_n -> _67360_/RESET_B : -90.651688
[setup in-reg] rst_n -> _67361_/RESET_B : -90.651688
[setup in-reg] rst_n -> _67362_/RESET_B : -90.651688
[setup in-reg] rst_n -> _67363_/RESET_B : -90.651688
[setup in-reg] rst_n -> _67364_/RESET_B : -90.651688
[setup in-reg] rst_n -> _67365_/RESET_B : -90.651688
[setup in-reg] rst_n -> _67366_/RESET_B : -90.651688
[setup in-reg] rst_n -> _67367_/RESET_B : -90.651688
[setup in-reg] rst_n -> _67368_/RESET_B : -90.651688
[setup in-reg] rst_n -> _67369_/RESET_B : -90.651688
[setup in-reg] rst_n -> _67370_/RESET_B : -90.651688
[setup in-reg] rst_n -> _67371_/RESET_B : -90.651688
[setup in-reg] rst_n -> _67372_/RESET_B : -90.651688
[setup in-reg] rst_n -> _67373_/RESET_B : -90.651688
[setup in-reg] rst_n -> _67374_/RESET_B : -90.651688
[setup in-reg] rst_n -> _67375_/RESET_B : -90.651688
[setup in-reg] rst_n -> _67376_/RESET_B : -90.651688
[setup in-reg] rst_n -> _67377_/RESET_B : -90.651688
[setup in-reg] rst_n -> _67378_/RESET_B : -90.651688
[setup in-reg] rst_n -> _67379_/RESET_B : -90.651688
[setup in-reg] rst_n -> _67380_/RESET_B : -90.651688
[setup in-reg] rst_n -> _67381_/RESET_B : -90.651688
[setup in-reg] rst_n -> _67382_/RESET_B : -90.651688
[setup in-reg] rst_n -> _67383_/RESET_B : -90.651688
[setup in-reg] rst_n -> _67384_/RESET_B : -90.651688
[setup in-reg] rst_n -> _67385_/RESET_B : -90.651688
[setup in-reg] rst_n -> _67386_/RESET_B : -90.651688
[setup in-reg] rst_n -> _67387_/RESET_B : -90.651688
[setup in-reg] rst_n -> _67388_/RESET_B : -90.651688
[setup in-reg] rst_n -> _67389_/RESET_B : -90.651688
[setup in-reg] rst_n -> _67390_/RESET_B : -90.651688
[setup in-reg] rst_n -> _67391_/RESET_B : -90.651688
[setup in-reg] rst_n -> _67392_/RESET_B : -90.651688
[setup in-reg] rst_n -> _67393_/RESET_B : -90.651688
[setup in-reg] rst_n -> _67394_/RESET_B : -90.651688
[setup in-reg] rst_n -> _67395_/RESET_B : -90.651688
[setup in-reg] rst_n -> _67396_/RESET_B : -90.651688
[setup in-reg] rst_n -> _67397_/RESET_B : -90.651688
[setup in-reg] rst_n -> _67398_/RESET_B : -90.651688
[setup in-reg] rst_n -> _67399_/RESET_B : -90.651688
[setup in-reg] rst_n -> _67400_/RESET_B : -90.651688
[setup in-reg] rst_n -> _67401_/RESET_B : -90.651688
[setup in-reg] rst_n -> _67402_/RESET_B : -90.651688
[setup in-reg] rst_n -> _67403_/RESET_B : -90.651688
[setup in-reg] rst_n -> _67404_/RESET_B : -90.651688
[setup in-reg] rst_n -> _67405_/RESET_B : -90.651688
[setup in-reg] rst_n -> _67406_/RESET_B : -90.651688
[setup in-reg] rst_n -> _67407_/RESET_B : -90.651688
[setup in-reg] rst_n -> _67408_/RESET_B : -90.651688
[setup in-reg] rst_n -> _67409_/RESET_B : -90.651688
[setup in-reg] rst_n -> _67410_/RESET_B : -90.651688
[setup in-reg] rst_n -> _67411_/RESET_B : -90.651688
[setup in-reg] rst_n -> _67412_/RESET_B : -90.651688
[setup in-reg] rst_n -> _67413_/RESET_B : -90.651688
[setup in-reg] rst_n -> _67414_/RESET_B : -90.651688
[setup in-reg] rst_n -> _67415_/RESET_B : -90.651688
[setup in-reg] rst_n -> _67416_/RESET_B : -90.651688
[setup in-reg] rst_n -> _67417_/RESET_B : -90.651688
[setup in-reg] rst_n -> _67418_/RESET_B : -90.651688
[setup in-reg] rst_n -> _67419_/RESET_B : -90.651688
[setup in-reg] rst_n -> _67420_/RESET_B : -90.651688
[setup in-reg] rst_n -> _67421_/RESET_B : -90.651688
[setup in-reg] rst_n -> _67422_/RESET_B : -90.651688
[setup in-reg] rst_n -> _67423_/RESET_B : -90.651688
[setup in-reg] rst_n -> _67424_/RESET_B : -90.651688
[setup in-reg] rst_n -> _67425_/RESET_B : -90.651688
[setup in-reg] rst_n -> _67426_/RESET_B : -90.651688
[setup in-reg] rst_n -> _67427_/RESET_B : -90.651688
[setup in-reg] rst_n -> _67428_/RESET_B : -90.651688
[setup in-reg] rst_n -> _67429_/RESET_B : -90.651688
[setup in-reg] rst_n -> _67430_/RESET_B : -90.651688
[setup in-reg] rst_n -> _67431_/RESET_B : -90.651688
[setup in-reg] rst_n -> _67432_/RESET_B : -90.651688
[setup in-reg] rst_n -> _67433_/RESET_B : -90.651688
[setup in-reg] rst_n -> _67434_/RESET_B : -90.651688
[setup in-reg] rst_n -> _67435_/RESET_B : -90.651688
[setup in-reg] rst_n -> _67436_/RESET_B : -90.651688
[setup in-reg] rst_n -> _67437_/RESET_B : -90.651688
[setup in-reg] rst_n -> _67438_/RESET_B : -90.651688
[setup in-reg] rst_n -> _67439_/RESET_B : -90.651688
[setup in-reg] rst_n -> _67440_/RESET_B : -90.651688
[setup in-reg] rst_n -> _67441_/RESET_B : -90.651688
[setup in-reg] rst_n -> _67442_/RESET_B : -90.651688
[setup in-reg] rst_n -> _67443_/RESET_B : -90.651688
[setup in-reg] rst_n -> _67444_/RESET_B : -90.651688
[setup in-reg] rst_n -> _67445_/RESET_B : -90.651688
[setup in-reg] rst_n -> _67446_/RESET_B : -90.651688
[setup in-reg] rst_n -> _67447_/RESET_B : -90.651688
[setup in-reg] rst_n -> _67448_/RESET_B : -90.651688
[setup in-reg] rst_n -> _67449_/RESET_B : -90.651688
[setup in-reg] rst_n -> _67450_/RESET_B : -90.651688
[setup in-reg] rst_n -> _67451_/RESET_B : -90.651688
[setup in-reg] rst_n -> _67452_/RESET_B : -90.651688
[setup in-reg] rst_n -> _67453_/RESET_B : -90.651688
[setup in-reg] rst_n -> _67454_/RESET_B : -90.651688
[setup in-reg] rst_n -> _67455_/RESET_B : -90.651688
[setup in-reg] rst_n -> _67456_/RESET_B : -90.651688
[setup in-reg] rst_n -> _67457_/RESET_B : -90.651688
[setup in-reg] rst_n -> _67458_/RESET_B : -90.651688
[setup in-reg] rst_n -> _67459_/RESET_B : -90.651688
[setup in-reg] rst_n -> _67460_/RESET_B : -90.651688
[setup in-reg] rst_n -> _67461_/RESET_B : -90.651688
[setup in-reg] rst_n -> _67462_/RESET_B : -90.651688
[setup in-reg] rst_n -> _67463_/RESET_B : -90.651688
[setup in-reg] rst_n -> _67464_/RESET_B : -90.651688
[setup in-reg] rst_n -> _67465_/RESET_B : -90.651688
[setup in-reg] rst_n -> _67466_/RESET_B : -90.651688
[setup in-reg] rst_n -> _67467_/RESET_B : -90.651688
[setup in-reg] rst_n -> _67468_/RESET_B : -90.651688
[setup in-reg] rst_n -> _67469_/RESET_B : -90.651688
[setup in-reg] rst_n -> _67470_/RESET_B : -90.651688
[setup in-reg] rst_n -> _67471_/RESET_B : -90.651688
[setup in-reg] rst_n -> _67472_/RESET_B : -90.651688
[setup in-reg] rst_n -> _67473_/RESET_B : -90.651688
[setup in-reg] rst_n -> _67474_/RESET_B : -90.651688
[setup in-reg] rst_n -> _67475_/RESET_B : -90.651688
[setup in-reg] rst_n -> _67476_/RESET_B : -90.651688
[setup in-reg] rst_n -> _67477_/RESET_B : -90.651688
[setup in-reg] rst_n -> _67478_/RESET_B : -90.651688
[setup in-reg] rst_n -> _67479_/RESET_B : -90.651688
[setup in-reg] rst_n -> _67480_/RESET_B : -90.651688
[setup in-reg] rst_n -> _67481_/RESET_B : -90.651688
[setup in-reg] rst_n -> _67482_/RESET_B : -90.651688
[setup in-reg] rst_n -> _67483_/RESET_B : -90.651688
[setup in-reg] rst_n -> _67484_/RESET_B : -90.651688
[setup in-reg] rst_n -> _67485_/RESET_B : -90.651688
[setup in-reg] rst_n -> _67486_/RESET_B : -90.651688
[setup in-reg] rst_n -> _67487_/RESET_B : -90.651688
[setup in-reg] rst_n -> _67488_/RESET_B : -90.651688
[setup in-reg] rst_n -> _67489_/RESET_B : -90.651688
[setup in-reg] rst_n -> _67490_/RESET_B : -90.651688
[setup in-reg] rst_n -> _67491_/RESET_B : -90.651688
[setup in-reg] rst_n -> _67492_/RESET_B : -90.651688
[setup in-reg] rst_n -> _67493_/RESET_B : -90.651688
[setup in-reg] rst_n -> _67494_/RESET_B : -90.651688
[setup in-reg] rst_n -> _67495_/RESET_B : -90.651688
[setup in-reg] rst_n -> _67496_/RESET_B : -90.651688
[setup in-reg] rst_n -> _67497_/RESET_B : -90.651688
[setup in-reg] rst_n -> _67498_/RESET_B : -90.651688
[setup in-reg] rst_n -> _67499_/RESET_B : -90.651688
[setup in-reg] rst_n -> _67500_/RESET_B : -90.651688
[setup in-reg] rst_n -> _67501_/RESET_B : -90.651688
[setup in-reg] rst_n -> _67502_/RESET_B : -90.651688
[setup in-reg] rst_n -> _67503_/RESET_B : -90.651688
[setup in-reg] rst_n -> _67504_/RESET_B : -90.651688
[setup in-reg] rst_n -> _67505_/RESET_B : -90.651688
[setup in-reg] rst_n -> _67506_/RESET_B : -90.651688
[setup in-reg] rst_n -> _67507_/RESET_B : -90.651688
[setup in-reg] rst_n -> _67508_/RESET_B : -90.651688
[setup in-reg] rst_n -> _67509_/RESET_B : -90.651688
[setup in-reg] rst_n -> _67510_/RESET_B : -90.651688
[setup in-reg] rst_n -> _67511_/RESET_B : -90.651688
[setup in-reg] rst_n -> _67512_/RESET_B : -90.651688
[setup in-reg] rst_n -> _67513_/RESET_B : -90.651688
[setup in-reg] rst_n -> _67514_/RESET_B : -90.651688
[setup in-reg] rst_n -> _67515_/RESET_B : -90.651688
[setup in-reg] rst_n -> _67516_/RESET_B : -90.651688
[setup in-reg] rst_n -> _67517_/RESET_B : -90.651688
[setup in-reg] rst_n -> _67518_/RESET_B : -90.651688
[setup in-reg] rst_n -> _67519_/RESET_B : -90.651688
[setup in-reg] rst_n -> _67520_/RESET_B : -90.651688
[setup in-reg] rst_n -> _67521_/RESET_B : -90.651688
[setup in-reg] rst_n -> _67522_/RESET_B : -90.651688
[setup in-reg] rst_n -> _67523_/RESET_B : -90.651688
[setup in-reg] rst_n -> _67524_/RESET_B : -90.651688
[setup in-reg] rst_n -> _67525_/RESET_B : -90.651688
[setup in-reg] rst_n -> _67526_/RESET_B : -90.651688
[setup in-reg] rst_n -> _67527_/RESET_B : -90.651688
[setup in-reg] rst_n -> _67528_/RESET_B : -90.651688
[setup in-reg] rst_n -> _67529_/RESET_B : -90.651688
[setup in-reg] rst_n -> _67530_/RESET_B : -90.651688
[setup in-reg] rst_n -> _67531_/RESET_B : -90.651688
[setup in-reg] rst_n -> _67532_/RESET_B : -90.651688
[setup in-reg] rst_n -> _67533_/RESET_B : -90.651688
[setup in-reg] rst_n -> _67534_/RESET_B : -90.651688
[setup in-reg] rst_n -> _67535_/RESET_B : -90.651688
[setup in-reg] rst_n -> _67536_/RESET_B : -90.651688
[setup in-reg] rst_n -> _67537_/RESET_B : -90.651688
[setup in-reg] rst_n -> _67538_/RESET_B : -90.651688
[setup in-reg] rst_n -> _67539_/RESET_B : -90.651688
[setup in-reg] rst_n -> _67540_/RESET_B : -90.651688
[setup in-reg] rst_n -> _67541_/RESET_B : -90.651688
[setup in-reg] rst_n -> _67542_/RESET_B : -90.651688
[setup in-reg] rst_n -> _67543_/RESET_B : -90.651688
[setup in-reg] rst_n -> _67544_/RESET_B : -90.651688
[setup in-reg] rst_n -> _67545_/RESET_B : -90.651688
[setup in-reg] rst_n -> _67546_/RESET_B : -90.651688
[setup in-reg] rst_n -> _67547_/RESET_B : -90.651688
[setup in-reg] rst_n -> _67548_/RESET_B : -90.651688
[setup in-reg] rst_n -> _67549_/RESET_B : -90.651688
[setup in-reg] rst_n -> _67550_/RESET_B : -90.651688
[setup in-reg] rst_n -> _67551_/RESET_B : -90.651688
[setup in-reg] rst_n -> _67552_/RESET_B : -90.651688
[setup in-reg] rst_n -> _67553_/RESET_B : -90.651688
[setup in-reg] rst_n -> _67554_/RESET_B : -90.651688
[setup in-reg] rst_n -> _67555_/RESET_B : -90.651688
[setup in-reg] rst_n -> _67556_/RESET_B : -90.651688
[setup in-reg] rst_n -> _67557_/RESET_B : -90.651688
[setup in-reg] rst_n -> _67558_/RESET_B : -90.651688
[setup in-reg] rst_n -> _67559_/RESET_B : -90.651688
[setup in-reg] rst_n -> _67560_/RESET_B : -90.651688
[setup in-reg] rst_n -> _67561_/RESET_B : -90.651688
[setup in-reg] rst_n -> _67562_/RESET_B : -90.651688
[setup in-reg] rst_n -> _67563_/RESET_B : -90.651688
[setup in-reg] rst_n -> _67564_/RESET_B : -90.651688
[setup in-reg] rst_n -> _67565_/RESET_B : -90.651688
[setup in-reg] rst_n -> _67566_/RESET_B : -90.651688
[setup in-reg] rst_n -> _67567_/RESET_B : -90.651688
[setup in-reg] rst_n -> _67568_/RESET_B : -90.651688
[setup in-reg] rst_n -> _67569_/RESET_B : -90.651688
[setup in-reg] rst_n -> _67570_/RESET_B : -90.651688
[setup in-reg] rst_n -> _67571_/RESET_B : -90.651688
[setup in-reg] rst_n -> _67572_/RESET_B : -90.651688
[setup in-reg] rst_n -> _67573_/RESET_B : -90.651688
[setup in-reg] rst_n -> _67574_/RESET_B : -90.651688
[setup in-reg] rst_n -> _67575_/RESET_B : -90.651688
[setup in-reg] rst_n -> _67576_/RESET_B : -90.651688
[setup in-reg] rst_n -> _67577_/RESET_B : -90.651688
[setup in-reg] rst_n -> _67578_/RESET_B : -90.651688
[setup in-reg] rst_n -> _67579_/RESET_B : -90.651688
[setup in-reg] rst_n -> _67580_/RESET_B : -90.651688
[setup in-reg] rst_n -> _67581_/RESET_B : -90.651688
[setup in-reg] rst_n -> _67582_/RESET_B : -90.651688
[setup in-reg] rst_n -> _67583_/RESET_B : -90.651688
[setup in-reg] rst_n -> _67584_/RESET_B : -90.651688
[setup in-reg] rst_n -> _67585_/RESET_B : -90.651688
[setup in-reg] rst_n -> _67586_/RESET_B : -90.651688
[setup in-reg] rst_n -> _67587_/RESET_B : -90.651688
[setup in-reg] rst_n -> _67588_/RESET_B : -90.651688
[setup in-reg] rst_n -> _67589_/RESET_B : -90.651688
[setup in-reg] rst_n -> _67590_/RESET_B : -90.651688
[setup in-reg] rst_n -> _67591_/RESET_B : -90.651688
[setup in-reg] rst_n -> _67592_/RESET_B : -90.651688
[setup in-reg] rst_n -> _67593_/RESET_B : -90.651688
[setup in-reg] rst_n -> _67594_/RESET_B : -90.651688
[setup in-reg] rst_n -> _67595_/RESET_B : -90.651688
[setup in-reg] rst_n -> _67596_/RESET_B : -90.651688
[setup in-reg] rst_n -> _67597_/RESET_B : -90.651688
[setup in-reg] rst_n -> _67598_/RESET_B : -90.651688
[setup in-reg] rst_n -> _67599_/RESET_B : -90.651688
[setup in-reg] rst_n -> _67600_/RESET_B : -90.651688
[setup in-reg] rst_n -> _67601_/RESET_B : -90.651688
[setup in-reg] rst_n -> _67602_/RESET_B : -90.651688
[setup in-reg] rst_n -> _67603_/RESET_B : -90.651688
[setup in-reg] rst_n -> _67604_/RESET_B : -90.651688
[setup in-reg] rst_n -> _67605_/RESET_B : -90.651688
[setup in-reg] rst_n -> _67606_/RESET_B : -90.651688
[setup in-reg] rst_n -> _67607_/RESET_B : -90.651688
[setup in-reg] rst_n -> _67608_/RESET_B : -90.651688
[setup in-reg] rst_n -> _67609_/RESET_B : -90.651688
[setup in-reg] rst_n -> _67610_/RESET_B : -90.651688
[setup in-reg] rst_n -> _67611_/RESET_B : -90.651688
[setup in-reg] rst_n -> _67612_/RESET_B : -90.651688
[setup in-reg] rst_n -> _67613_/RESET_B : -90.651688
[setup in-reg] rst_n -> _67614_/RESET_B : -90.651688
[setup in-reg] rst_n -> _67615_/RESET_B : -90.651688
[setup in-reg] rst_n -> _67616_/RESET_B : -90.651688
[setup in-reg] rst_n -> _67617_/RESET_B : -90.651688
[setup in-reg] rst_n -> _67618_/RESET_B : -90.651688
[setup in-reg] rst_n -> _67619_/RESET_B : -90.651688
[setup in-reg] rst_n -> _67620_/RESET_B : -90.651688
[setup in-reg] rst_n -> _67621_/RESET_B : -90.651688
[setup in-reg] rst_n -> _67622_/RESET_B : -90.651688
[setup in-reg] rst_n -> _67623_/RESET_B : -90.651688
[setup in-reg] rst_n -> _67624_/RESET_B : -90.651688
[setup in-reg] rst_n -> _67625_/RESET_B : -90.651688
[setup in-reg] rst_n -> _67626_/RESET_B : -90.651688
[setup in-reg] rst_n -> _67627_/RESET_B : -90.651688
[setup in-reg] rst_n -> _67628_/RESET_B : -90.651688
[setup in-reg] rst_n -> _67629_/RESET_B : -90.651688
[setup in-reg] rst_n -> _67630_/RESET_B : -90.651688
[setup in-reg] rst_n -> _67631_/RESET_B : -90.651688
[setup in-reg] rst_n -> _67632_/RESET_B : -90.651688
[setup in-reg] rst_n -> _67633_/RESET_B : -90.651688
[setup in-reg] rst_n -> _67634_/RESET_B : -90.651688
[setup in-reg] rst_n -> _67635_/RESET_B : -90.651688
[setup in-reg] rst_n -> _67636_/RESET_B : -90.651688
[setup in-reg] rst_n -> _67637_/RESET_B : -90.651688
[setup in-reg] rst_n -> _67638_/RESET_B : -90.651688
[setup in-reg] rst_n -> _67639_/RESET_B : -90.651688
[setup in-reg] rst_n -> _67640_/RESET_B : -90.651688
[setup in-reg] rst_n -> _67641_/RESET_B : -90.651688
[setup in-reg] rst_n -> _67642_/RESET_B : -90.651688
[setup in-reg] rst_n -> _67643_/RESET_B : -90.651688
[setup in-reg] rst_n -> _67644_/RESET_B : -90.651688
[setup in-reg] rst_n -> _67645_/RESET_B : -90.651688
[setup in-reg] rst_n -> _67646_/RESET_B : -90.651688
[setup in-reg] rst_n -> _67647_/RESET_B : -90.651688
[setup in-reg] rst_n -> _67648_/RESET_B : -90.651688
[setup in-reg] rst_n -> _67649_/RESET_B : -90.651688
[setup in-reg] rst_n -> _67650_/RESET_B : -90.651688
[setup in-reg] rst_n -> _67651_/RESET_B : -90.651688
[setup in-reg] rst_n -> _67652_/RESET_B : -90.651688
[setup in-reg] rst_n -> _67653_/RESET_B : -90.651688
[setup in-reg] rst_n -> _67654_/RESET_B : -90.651688
[setup in-reg] rst_n -> _67655_/RESET_B : -90.651688
[setup in-reg] rst_n -> _67656_/RESET_B : -90.651688
[setup in-reg] rst_n -> _67657_/RESET_B : -90.651688
[setup in-reg] rst_n -> _67658_/RESET_B : -90.651688
[setup in-reg] rst_n -> _67659_/RESET_B : -90.651688
[setup in-reg] rst_n -> _67660_/RESET_B : -90.651688
[setup in-reg] rst_n -> _67661_/RESET_B : -90.651688
[setup in-reg] rst_n -> _67662_/RESET_B : -90.651688
[setup in-reg] rst_n -> _67663_/RESET_B : -90.651688
[setup in-reg] rst_n -> _67664_/RESET_B : -90.651688
[setup in-reg] rst_n -> _67665_/RESET_B : -90.651688
[setup in-reg] rst_n -> _67666_/RESET_B : -90.651688
[setup in-reg] rst_n -> _67667_/RESET_B : -90.651688
[setup in-reg] rst_n -> _67668_/RESET_B : -90.651688
[setup in-reg] rst_n -> _67669_/RESET_B : -90.651688
[setup in-reg] rst_n -> _67670_/RESET_B : -90.651688
[setup in-reg] rst_n -> _67671_/RESET_B : -90.651688
[setup in-reg] rst_n -> _67672_/RESET_B : -90.651688
[setup in-reg] rst_n -> _67673_/RESET_B : -90.651688
[setup in-reg] rst_n -> _67674_/RESET_B : -90.651688
[setup in-reg] rst_n -> _67675_/RESET_B : -90.651688
[setup in-reg] rst_n -> _67676_/RESET_B : -90.651688
[setup in-reg] rst_n -> _67677_/RESET_B : -90.651688
[setup in-reg] rst_n -> _67678_/RESET_B : -90.651688
[setup in-reg] rst_n -> _67679_/RESET_B : -90.651688
[setup in-reg] rst_n -> _67680_/RESET_B : -90.651688
[setup in-reg] rst_n -> _67681_/RESET_B : -90.651688
[setup in-reg] rst_n -> _67682_/RESET_B : -90.651688
[setup in-reg] rst_n -> _67683_/RESET_B : -90.651688
[setup in-reg] rst_n -> _67684_/RESET_B : -90.651688
[setup in-reg] rst_n -> _67685_/RESET_B : -90.651688
[setup in-reg] rst_n -> _67686_/RESET_B : -90.651688
[setup in-reg] rst_n -> _67687_/RESET_B : -90.651688
[setup in-reg] rst_n -> _67688_/RESET_B : -90.651688
[setup in-reg] rst_n -> _67689_/RESET_B : -90.651688
[setup in-reg] rst_n -> _67690_/RESET_B : -90.651688
[setup in-reg] rst_n -> _67691_/RESET_B : -90.651688
[setup in-reg] rst_n -> _67692_/RESET_B : -90.651688
[setup in-reg] rst_n -> _67693_/RESET_B : -90.651688
[setup in-reg] rst_n -> _67694_/RESET_B : -90.651688
[setup in-reg] rst_n -> _67695_/RESET_B : -90.651688
[setup in-reg] rst_n -> _67696_/RESET_B : -90.651688
[setup in-reg] rst_n -> _67697_/RESET_B : -90.651688
[setup in-reg] rst_n -> _67698_/RESET_B : -90.651688
[setup in-reg] rst_n -> _67699_/RESET_B : -90.651688
[setup in-reg] rst_n -> _67700_/RESET_B : -90.651688
[setup in-reg] rst_n -> _67701_/RESET_B : -90.651688
[setup in-reg] rst_n -> _67702_/RESET_B : -90.651688
[setup in-reg] rst_n -> _67703_/RESET_B : -90.651688
[setup in-reg] rst_n -> _67704_/RESET_B : -90.651688
[setup in-reg] rst_n -> _67705_/RESET_B : -90.651688
[setup in-reg] rst_n -> _67706_/RESET_B : -90.651688
[setup in-reg] rst_n -> _67707_/RESET_B : -90.651688
[setup in-reg] rst_n -> _67708_/RESET_B : -90.651688
[setup in-reg] rst_n -> _67709_/RESET_B : -90.651688
[setup in-reg] rst_n -> _67710_/RESET_B : -90.651688
[setup in-reg] rst_n -> _67711_/RESET_B : -90.651688
[setup in-reg] rst_n -> _67712_/RESET_B : -90.651688
[setup in-reg] rst_n -> _67713_/RESET_B : -90.651688
[setup in-reg] rst_n -> _67714_/RESET_B : -90.651688
[setup in-reg] rst_n -> _67715_/RESET_B : -90.651688
[setup in-reg] rst_n -> _67716_/RESET_B : -90.651688
[setup in-reg] rst_n -> _67717_/RESET_B : -90.651688
[setup in-reg] rst_n -> _67718_/RESET_B : -90.651688
[setup in-reg] rst_n -> _67719_/RESET_B : -90.651688
[setup in-reg] rst_n -> _67720_/RESET_B : -90.651688
[setup in-reg] rst_n -> _67721_/RESET_B : -90.651688
[setup in-reg] rst_n -> _67722_/RESET_B : -90.651688
[setup in-reg] rst_n -> _67723_/RESET_B : -90.651688
[setup in-reg] rst_n -> _67724_/RESET_B : -90.651688
[setup in-reg] rst_n -> _67725_/RESET_B : -90.651688
[setup in-reg] rst_n -> _67726_/RESET_B : -90.651688
[setup in-reg] rst_n -> _67727_/RESET_B : -90.651688
[setup in-reg] rst_n -> _67728_/RESET_B : -90.651688
[setup in-reg] rst_n -> _67729_/RESET_B : -90.651688
[setup in-reg] rst_n -> _67730_/RESET_B : -90.651688
[setup in-reg] rst_n -> _67731_/RESET_B : -90.651688
[setup in-reg] rst_n -> _67732_/RESET_B : -90.651688
[setup in-reg] rst_n -> _67733_/RESET_B : -90.651688
[setup in-reg] rst_n -> _67734_/RESET_B : -90.651688
[setup in-reg] rst_n -> _67735_/RESET_B : -90.651688
[setup in-reg] rst_n -> _67736_/RESET_B : -90.651688
[setup in-reg] rst_n -> _67737_/RESET_B : -90.651688
[setup in-reg] rst_n -> _67738_/RESET_B : -90.651688
[setup in-reg] rst_n -> _67739_/RESET_B : -90.651688
[setup in-reg] rst_n -> _67740_/RESET_B : -90.651688
[setup in-reg] rst_n -> _67741_/RESET_B : -90.651688
[setup in-reg] rst_n -> _67742_/RESET_B : -90.651688
[setup in-reg] rst_n -> _67743_/RESET_B : -90.651688
[setup in-reg] rst_n -> _67744_/RESET_B : -90.651688
[setup in-reg] rst_n -> _67745_/RESET_B : -90.651688
[setup in-reg] rst_n -> _67746_/RESET_B : -90.651688
[setup in-reg] rst_n -> _67747_/RESET_B : -90.651688
[setup in-reg] rst_n -> _67748_/RESET_B : -90.651688
[setup in-reg] rst_n -> _67749_/RESET_B : -90.651688
[setup in-reg] rst_n -> _67750_/RESET_B : -90.651688
[setup in-reg] rst_n -> _67751_/RESET_B : -90.651688
[setup in-reg] rst_n -> _67752_/RESET_B : -90.651688
[setup in-reg] rst_n -> _67753_/RESET_B : -90.651688
[setup in-reg] rst_n -> _67754_/RESET_B : -90.651688
[setup in-reg] rst_n -> _67755_/RESET_B : -90.651688
[setup in-reg] rst_n -> _67756_/RESET_B : -90.651688
[setup in-reg] rst_n -> _67757_/RESET_B : -90.651688
[setup in-reg] rst_n -> _67758_/RESET_B : -90.651688
[setup in-reg] rst_n -> _67759_/RESET_B : -90.651688
[setup in-reg] rst_n -> _67760_/RESET_B : -90.651688
[setup in-reg] rst_n -> _67761_/RESET_B : -90.651688
[setup in-reg] rst_n -> _67762_/RESET_B : -90.651688
[setup in-reg] rst_n -> _67763_/RESET_B : -90.651688
[setup in-reg] rst_n -> _67764_/RESET_B : -90.651688
[setup in-reg] rst_n -> _67765_/RESET_B : -90.651688
[setup in-reg] rst_n -> _67766_/RESET_B : -90.651688
[setup in-reg] rst_n -> _67767_/RESET_B : -90.651688
[setup in-reg] rst_n -> _67768_/RESET_B : -90.651688
[setup in-reg] rst_n -> _67769_/RESET_B : -90.651688
[setup in-reg] rst_n -> _67770_/RESET_B : -90.651688
[setup in-reg] rst_n -> _67771_/RESET_B : -90.651688
[setup in-reg] rst_n -> _67772_/RESET_B : -90.651688
[setup in-reg] rst_n -> _67773_/RESET_B : -90.651688
[setup in-reg] rst_n -> _67774_/RESET_B : -90.651688
[setup in-reg] rst_n -> _67775_/RESET_B : -90.651688
[setup in-reg] rst_n -> _67776_/RESET_B : -90.651688
[setup in-reg] rst_n -> _67777_/RESET_B : -90.651688
[setup in-reg] rst_n -> _67778_/RESET_B : -90.651688
[setup in-reg] rst_n -> _67779_/RESET_B : -90.651688
[setup in-reg] rst_n -> _67780_/RESET_B : -90.651688
[setup in-reg] rst_n -> _67781_/RESET_B : -90.651688
[setup in-reg] rst_n -> _67782_/RESET_B : -90.651688
[setup in-reg] rst_n -> _67783_/RESET_B : -90.651688
[setup in-reg] rst_n -> _67784_/RESET_B : -90.651688
[setup in-reg] rst_n -> _67785_/RESET_B : -90.651688
[setup in-reg] rst_n -> _67786_/RESET_B : -90.651688
[setup in-reg] rst_n -> _67787_/RESET_B : -90.651688
[setup in-reg] rst_n -> _67788_/RESET_B : -90.651688
[setup in-reg] rst_n -> _67789_/RESET_B : -90.651688
[setup in-reg] rst_n -> _67790_/RESET_B : -90.651688
[setup in-reg] rst_n -> _67791_/RESET_B : -90.651688
[setup in-reg] rst_n -> _67792_/RESET_B : -90.651688
[setup in-reg] rst_n -> _67793_/RESET_B : -90.651688
[setup in-reg] rst_n -> _67794_/RESET_B : -90.651688
[setup in-reg] rst_n -> _67795_/RESET_B : -90.651688
[setup in-reg] rst_n -> _67796_/RESET_B : -90.651688
[setup in-reg] rst_n -> _67797_/RESET_B : -90.651688
[setup in-reg] rst_n -> _67798_/RESET_B : -90.651688
[setup in-reg] rst_n -> _67799_/RESET_B : -90.651688
[setup in-reg] rst_n -> _67800_/RESET_B : -90.651688
[setup in-reg] rst_n -> _67801_/RESET_B : -90.651688
[setup in-reg] rst_n -> _67802_/RESET_B : -90.651688
[setup in-reg] rst_n -> _67803_/RESET_B : -90.651688
[setup in-reg] rst_n -> _67804_/RESET_B : -90.651688
[setup in-reg] rst_n -> _67805_/RESET_B : -90.651688
[setup in-reg] rst_n -> _67806_/RESET_B : -90.651688
[setup in-reg] rst_n -> _67807_/RESET_B : -90.651688
[setup in-reg] rst_n -> _67808_/RESET_B : -90.651688
[setup in-reg] rst_n -> _67809_/RESET_B : -90.651688
[setup in-reg] rst_n -> _67810_/RESET_B : -90.651688
[setup in-reg] rst_n -> _67811_/RESET_B : -90.651688
[setup in-reg] rst_n -> _67812_/RESET_B : -90.651688
[setup in-reg] rst_n -> _67813_/RESET_B : -90.651688
[setup in-reg] rst_n -> _67814_/RESET_B : -90.651688
[setup in-reg] rst_n -> _67815_/RESET_B : -90.651688
[setup in-reg] rst_n -> _67816_/RESET_B : -90.651688
[setup in-reg] rst_n -> _67817_/RESET_B : -90.651688
[setup in-reg] rst_n -> _67818_/RESET_B : -90.651688
[setup in-reg] rst_n -> _67819_/RESET_B : -90.651688
[setup in-reg] rst_n -> _67820_/RESET_B : -90.651688
[setup in-reg] rst_n -> _67821_/RESET_B : -90.651688
[setup in-reg] rst_n -> _67822_/RESET_B : -90.651688
[setup in-reg] rst_n -> _67823_/RESET_B : -90.651688
[setup in-reg] rst_n -> _67824_/RESET_B : -90.651688
[setup in-reg] rst_n -> _67825_/RESET_B : -90.651688
[setup in-reg] rst_n -> _67826_/RESET_B : -90.651688
[setup in-reg] rst_n -> _67827_/RESET_B : -90.651688
[setup in-reg] rst_n -> _67828_/RESET_B : -90.651688
[setup in-reg] rst_n -> _67829_/RESET_B : -90.651688
[setup in-reg] rst_n -> _67830_/RESET_B : -90.651688
[setup in-reg] rst_n -> _67831_/RESET_B : -90.651688
[setup in-reg] rst_n -> _67832_/RESET_B : -90.651688
[setup in-reg] rst_n -> _67833_/RESET_B : -90.651688
[setup in-reg] rst_n -> _67834_/RESET_B : -90.651688
[setup in-reg] rst_n -> _67835_/RESET_B : -90.651688
[setup in-reg] rst_n -> _67836_/RESET_B : -90.651688
[setup in-reg] rst_n -> _67837_/RESET_B : -90.651688
[setup in-reg] rst_n -> _67838_/RESET_B : -90.651688
[setup in-reg] rst_n -> _67839_/RESET_B : -90.651688
[setup in-reg] rst_n -> _67840_/RESET_B : -90.651688
[setup in-reg] rst_n -> _67841_/RESET_B : -90.651688
[setup in-reg] rst_n -> _67842_/RESET_B : -90.651688
[setup in-reg] rst_n -> _67843_/RESET_B : -90.651688
[setup in-reg] rst_n -> _67844_/RESET_B : -90.651688
[setup in-reg] rst_n -> _67845_/RESET_B : -90.651688
[setup in-reg] rst_n -> _67846_/RESET_B : -90.651688
[setup in-reg] rst_n -> _67847_/RESET_B : -90.651688
[setup in-reg] rst_n -> _67848_/RESET_B : -90.651688
[setup in-reg] rst_n -> _67849_/RESET_B : -90.651688
[setup in-reg] rst_n -> _67850_/RESET_B : -90.651688
[setup in-reg] rst_n -> _67851_/RESET_B : -90.651688
[setup in-reg] rst_n -> _67852_/RESET_B : -90.651688
[setup in-reg] rst_n -> _67853_/RESET_B : -90.651688
[setup in-reg] rst_n -> _67854_/RESET_B : -90.651688
[setup in-reg] rst_n -> _67855_/RESET_B : -90.651688
[setup in-reg] rst_n -> _67856_/RESET_B : -90.651688
[setup in-reg] rst_n -> _67857_/RESET_B : -90.651688
[setup in-reg] rst_n -> _67858_/RESET_B : -90.651688
[setup in-reg] rst_n -> _67859_/RESET_B : -90.651688
[setup in-reg] rst_n -> _67860_/RESET_B : -90.651688
[setup in-reg] rst_n -> _67861_/RESET_B : -90.651688
[setup in-reg] rst_n -> _67862_/RESET_B : -90.651688
[setup in-reg] rst_n -> _67863_/RESET_B : -90.651688
[setup in-reg] rst_n -> _67864_/RESET_B : -90.651688
[setup in-reg] rst_n -> _67865_/RESET_B : -90.651688
[setup in-reg] rst_n -> _67866_/RESET_B : -90.651688
[setup in-reg] rst_n -> _67867_/RESET_B : -90.651688
[setup in-reg] rst_n -> _67868_/RESET_B : -90.651688
[setup in-reg] rst_n -> _67869_/RESET_B : -90.651688
[setup in-reg] rst_n -> _67870_/RESET_B : -90.651688
[setup in-reg] rst_n -> _67871_/RESET_B : -90.651688
[setup in-reg] rst_n -> _67872_/RESET_B : -90.651688
[setup in-reg] rst_n -> _67873_/RESET_B : -90.651688
[setup in-reg] rst_n -> _67874_/RESET_B : -90.651688
[setup in-reg] rst_n -> _67875_/RESET_B : -90.651688
[setup in-reg] rst_n -> _67876_/RESET_B : -90.651688
[setup in-reg] rst_n -> _67877_/RESET_B : -90.651688
[setup in-reg] rst_n -> _67878_/RESET_B : -90.651688
[setup in-reg] rst_n -> _67879_/RESET_B : -90.651688
[setup in-reg] rst_n -> _67880_/RESET_B : -90.651688
[setup in-reg] rst_n -> _67881_/RESET_B : -90.651688
[setup in-reg] rst_n -> _67882_/RESET_B : -90.651688
[setup in-reg] rst_n -> _67883_/RESET_B : -90.651688
[setup in-reg] rst_n -> _67884_/RESET_B : -90.651688
[setup in-reg] rst_n -> _67885_/RESET_B : -90.651688
[setup in-reg] rst_n -> _67886_/RESET_B : -90.651688
[setup in-reg] rst_n -> _67887_/RESET_B : -90.651688
[setup in-reg] rst_n -> _67888_/RESET_B : -90.651688
[setup in-reg] rst_n -> _67889_/RESET_B : -90.651688
[setup in-reg] rst_n -> _67890_/RESET_B : -90.651688
[setup in-reg] rst_n -> _67891_/RESET_B : -90.651688
[setup in-reg] rst_n -> _67892_/RESET_B : -90.651688
[setup in-reg] rst_n -> _67893_/RESET_B : -90.651688
[setup in-reg] rst_n -> _67894_/RESET_B : -90.651688
[setup in-reg] rst_n -> _67895_/RESET_B : -90.651688
[setup in-reg] rst_n -> _67896_/RESET_B : -90.651688
[setup in-reg] rst_n -> _67897_/RESET_B : -90.651688
[setup in-reg] rst_n -> _67898_/RESET_B : -90.651688
[setup in-reg] rst_n -> _67899_/RESET_B : -90.651688
[setup in-reg] rst_n -> _67900_/RESET_B : -90.651688
[setup in-reg] rst_n -> _67901_/RESET_B : -90.651688
[setup in-reg] rst_n -> _67902_/RESET_B : -90.651688
[setup in-reg] rst_n -> _67903_/RESET_B : -90.651688
[setup in-reg] rst_n -> _67904_/RESET_B : -90.651688
[setup in-reg] rst_n -> _67905_/RESET_B : -90.651688
[setup in-reg] rst_n -> _67906_/RESET_B : -90.651688
[setup in-reg] rst_n -> _67907_/RESET_B : -90.651688
[setup in-reg] rst_n -> _67908_/RESET_B : -90.651688
[setup in-reg] rst_n -> _67909_/RESET_B : -90.651688
[setup in-reg] rst_n -> _67910_/RESET_B : -90.651688
[setup in-reg] rst_n -> _67911_/RESET_B : -90.651688
[setup in-reg] rst_n -> _67912_/RESET_B : -90.651688
[setup in-reg] rst_n -> _67913_/RESET_B : -90.651688
[setup in-reg] rst_n -> _67914_/RESET_B : -90.651688
[setup in-reg] rst_n -> _67915_/RESET_B : -90.651688
[setup in-reg] rst_n -> _67916_/RESET_B : -90.651688
[setup in-reg] rst_n -> _67917_/RESET_B : -90.651688
[setup in-reg] rst_n -> _67918_/RESET_B : -90.651688
[setup in-reg] rst_n -> _67919_/RESET_B : -90.651688
[setup in-reg] rst_n -> _67920_/RESET_B : -90.651688
[setup in-reg] rst_n -> _67921_/RESET_B : -90.651688
[setup in-reg] rst_n -> _67922_/RESET_B : -90.651688
[setup in-reg] rst_n -> _67923_/RESET_B : -90.651688
[setup in-reg] rst_n -> _67924_/RESET_B : -90.651688
[setup in-reg] rst_n -> _67925_/RESET_B : -90.651688
[setup in-reg] rst_n -> _67926_/RESET_B : -90.651688
[setup in-reg] rst_n -> _67927_/RESET_B : -90.651688
[setup in-reg] rst_n -> _67928_/RESET_B : -90.651688
[setup in-reg] rst_n -> _67929_/RESET_B : -90.651688
[setup in-reg] rst_n -> _67930_/RESET_B : -90.651688
[setup in-reg] rst_n -> _67931_/RESET_B : -90.651688
[setup in-reg] rst_n -> _67932_/RESET_B : -90.651688
[setup in-reg] rst_n -> _67933_/RESET_B : -90.651688
[setup in-reg] rst_n -> _67934_/RESET_B : -90.651688
[setup in-reg] rst_n -> _67935_/RESET_B : -90.651688
[setup in-reg] rst_n -> _67936_/RESET_B : -90.651688
[setup in-reg] rst_n -> _67937_/RESET_B : -90.651688
[setup in-reg] rst_n -> _67938_/RESET_B : -90.651688
[setup in-reg] rst_n -> _67939_/RESET_B : -90.651688
[setup in-reg] rst_n -> _67940_/RESET_B : -90.651688
[setup in-reg] rst_n -> _67941_/RESET_B : -90.651688
[setup in-reg] rst_n -> _67942_/RESET_B : -90.651688
[setup in-reg] rst_n -> _67943_/RESET_B : -90.651688
[setup in-reg] rst_n -> _67944_/RESET_B : -90.651688
[setup in-reg] rst_n -> _67945_/RESET_B : -90.651688
[setup in-reg] rst_n -> _67946_/RESET_B : -90.651688
[setup in-reg] rst_n -> _67947_/RESET_B : -90.651688
[setup in-reg] rst_n -> _67948_/RESET_B : -90.651688
[setup in-reg] rst_n -> _67949_/RESET_B : -90.651688
[setup in-reg] rst_n -> _67950_/RESET_B : -90.651688
[setup in-reg] rst_n -> _67951_/RESET_B : -90.651688
[setup in-reg] rst_n -> _67952_/RESET_B : -90.651688
[setup in-reg] rst_n -> _67953_/RESET_B : -90.651688
[setup in-reg] rst_n -> _67954_/RESET_B : -90.651688
[setup in-reg] rst_n -> _67955_/RESET_B : -90.651688
[setup in-reg] rst_n -> _67956_/RESET_B : -90.651688
[setup in-reg] rst_n -> _67957_/RESET_B : -90.651688
[setup in-reg] rst_n -> _67958_/RESET_B : -90.651688
[setup in-reg] rst_n -> _67959_/RESET_B : -90.651688
[setup in-reg] rst_n -> _67960_/RESET_B : -90.651688
[setup in-reg] rst_n -> _67961_/RESET_B : -90.651688
[setup in-reg] rst_n -> _67962_/RESET_B : -90.651688
[setup in-reg] rst_n -> _67963_/RESET_B : -90.651688
[setup in-reg] rst_n -> _67964_/RESET_B : -90.651688
[setup in-reg] rst_n -> _67965_/RESET_B : -90.651688
[setup in-reg] rst_n -> _67966_/RESET_B : -90.651688
[setup in-reg] rst_n -> _67967_/RESET_B : -90.651688
[setup in-reg] rst_n -> _67968_/RESET_B : -90.651688
[setup in-reg] rst_n -> _67969_/RESET_B : -90.651688
[setup in-reg] rst_n -> _67970_/RESET_B : -90.651688
[setup in-reg] rst_n -> _67971_/RESET_B : -90.651688
[setup in-reg] rst_n -> _67972_/RESET_B : -90.651688
[setup in-reg] rst_n -> _67973_/RESET_B : -90.651688
[setup in-reg] rst_n -> _67974_/RESET_B : -90.651688
[setup in-reg] rst_n -> _67975_/RESET_B : -90.651688
[setup in-reg] rst_n -> _67976_/RESET_B : -90.651688
[setup in-reg] rst_n -> _67977_/RESET_B : -90.651688
[setup in-reg] rst_n -> _67978_/RESET_B : -90.651688
[setup in-reg] rst_n -> _67979_/RESET_B : -90.651688
[setup in-reg] rst_n -> _67980_/RESET_B : -90.651688
[setup in-reg] rst_n -> _67981_/RESET_B : -90.651688
[setup in-reg] rst_n -> _67982_/RESET_B : -90.651688
[setup in-reg] rst_n -> _67983_/RESET_B : -90.651688
[setup in-reg] rst_n -> _67984_/RESET_B : -90.651688
[setup in-reg] rst_n -> _67985_/RESET_B : -90.651688
[setup in-reg] rst_n -> _67986_/RESET_B : -90.651688
[setup in-reg] rst_n -> _67987_/RESET_B : -90.651688
[setup in-reg] rst_n -> _67988_/RESET_B : -90.651688
[setup in-reg] rst_n -> _67989_/RESET_B : -90.651688
[setup in-reg] rst_n -> _67990_/RESET_B : -90.651688
[setup in-reg] rst_n -> _67991_/RESET_B : -90.651688
[setup in-reg] rst_n -> _67992_/RESET_B : -90.651688
[setup in-reg] rst_n -> _67993_/RESET_B : -90.651688
[setup in-reg] rst_n -> _67994_/RESET_B : -90.651688
[setup in-reg] rst_n -> _67995_/RESET_B : -90.651688
[setup in-reg] rst_n -> _67996_/RESET_B : -90.651688
[setup in-reg] rst_n -> _67997_/RESET_B : -90.651688
[setup in-reg] rst_n -> _67998_/RESET_B : -90.651688
[setup in-reg] rst_n -> _67999_/RESET_B : -90.651688
[setup in-reg] rst_n -> _68000_/RESET_B : -90.651688
[setup in-reg] rst_n -> _68001_/RESET_B : -90.651688
[setup in-reg] rst_n -> _68002_/RESET_B : -90.651688
[setup in-reg] rst_n -> _68003_/RESET_B : -90.651688
[setup in-reg] rst_n -> _68004_/RESET_B : -90.651688
[setup in-reg] rst_n -> _68005_/RESET_B : -90.651688
[setup in-reg] rst_n -> _68006_/RESET_B : -90.651688
[setup in-reg] rst_n -> _68007_/RESET_B : -90.651688
[setup in-reg] rst_n -> _68008_/RESET_B : -90.651688
[setup in-reg] rst_n -> _68009_/RESET_B : -90.651688
[setup in-reg] rst_n -> _68010_/RESET_B : -90.651688
[setup in-reg] rst_n -> _68011_/RESET_B : -90.651688
[setup in-reg] rst_n -> _68012_/RESET_B : -90.651688
[setup in-reg] rst_n -> _68013_/RESET_B : -90.651688
[setup in-reg] rst_n -> _68014_/RESET_B : -90.651688
[setup in-reg] rst_n -> _68015_/RESET_B : -90.651688
[setup in-reg] rst_n -> _68016_/RESET_B : -90.651688
[setup in-reg] rst_n -> _68017_/RESET_B : -90.651688
[setup in-reg] rst_n -> _68018_/RESET_B : -90.651688
[setup in-reg] rst_n -> _68019_/RESET_B : -90.651688
[setup in-reg] rst_n -> _68020_/RESET_B : -90.651688
[setup in-reg] rst_n -> _68021_/RESET_B : -90.651688
[setup in-reg] rst_n -> _68022_/RESET_B : -90.651688
[setup in-reg] rst_n -> _68023_/RESET_B : -90.651688
[setup in-reg] rst_n -> _68024_/RESET_B : -90.651688
[setup in-reg] rst_n -> _68025_/RESET_B : -90.651688
[setup in-reg] rst_n -> _68026_/RESET_B : -90.651688
[setup in-reg] rst_n -> _68027_/RESET_B : -90.651688
[setup in-reg] rst_n -> _68028_/RESET_B : -90.651688
[setup in-reg] rst_n -> _68029_/RESET_B : -90.651688
[setup in-reg] rst_n -> _68030_/RESET_B : -90.651688
[setup in-reg] rst_n -> _68031_/RESET_B : -90.651688
[setup in-reg] rst_n -> _68032_/RESET_B : -90.651688
[setup in-reg] rst_n -> _68033_/RESET_B : -90.651688
[setup in-reg] rst_n -> _68034_/RESET_B : -90.651688
[setup in-reg] rst_n -> _68035_/RESET_B : -90.651688
[setup in-reg] rst_n -> _68036_/RESET_B : -90.651688
[setup in-reg] rst_n -> _68037_/RESET_B : -90.651688
[setup in-reg] rst_n -> _68038_/RESET_B : -90.651688
[setup in-reg] rst_n -> _68039_/RESET_B : -90.651688
[setup in-reg] rst_n -> _68040_/RESET_B : -90.651688
[setup in-reg] rst_n -> _68041_/RESET_B : -90.651688
[setup in-reg] rst_n -> _68042_/RESET_B : -90.651688
[setup in-reg] rst_n -> _68043_/RESET_B : -90.651688
[setup in-reg] rst_n -> _68044_/RESET_B : -90.651688
[setup in-reg] rst_n -> _68045_/RESET_B : -90.651688
[setup in-reg] rst_n -> _68046_/RESET_B : -90.651688
[setup in-reg] rst_n -> _68047_/RESET_B : -90.651688
[setup in-reg] rst_n -> _68048_/RESET_B : -90.651688
[setup in-reg] rst_n -> _68049_/RESET_B : -90.651688
[setup in-reg] rst_n -> _68050_/RESET_B : -90.651688
[setup in-reg] rst_n -> _68051_/RESET_B : -90.651688
[setup in-reg] rst_n -> _68052_/RESET_B : -90.651688
[setup in-reg] rst_n -> _68053_/RESET_B : -90.651688
[setup in-reg] rst_n -> _68054_/RESET_B : -90.651688
[setup in-reg] rst_n -> _68055_/RESET_B : -90.651688
[setup in-reg] rst_n -> _68056_/RESET_B : -90.651688
[setup in-reg] rst_n -> _68057_/RESET_B : -90.651688
[setup in-reg] rst_n -> _68058_/RESET_B : -90.651688
[setup in-reg] rst_n -> _68059_/RESET_B : -90.651688
[setup in-reg] rst_n -> _68060_/RESET_B : -90.651688
[setup in-reg] rst_n -> _68061_/RESET_B : -90.651688
[setup in-reg] rst_n -> _68062_/RESET_B : -90.651688
[setup in-reg] rst_n -> _68063_/RESET_B : -90.651688
[setup in-reg] rst_n -> _68064_/RESET_B : -90.651688
[setup in-reg] rst_n -> _68065_/RESET_B : -90.651688
[setup in-reg] rst_n -> _68066_/RESET_B : -90.651688
[setup in-reg] rst_n -> _68067_/RESET_B : -90.651688
[setup in-reg] rst_n -> _68068_/RESET_B : -90.651688
[setup in-reg] rst_n -> _68069_/RESET_B : -90.651688
[setup in-reg] rst_n -> _68070_/RESET_B : -90.651688
[setup in-reg] rst_n -> _68071_/RESET_B : -90.651688
[setup in-reg] rst_n -> _68072_/RESET_B : -90.651688
[setup in-reg] rst_n -> _68073_/RESET_B : -90.651688
[setup in-reg] rst_n -> _68074_/RESET_B : -90.651688
[setup in-reg] rst_n -> _68075_/RESET_B : -90.651688
[setup in-reg] rst_n -> _68076_/RESET_B : -90.651688
[setup in-reg] rst_n -> _68077_/RESET_B : -90.651688
[setup in-reg] rst_n -> _68078_/RESET_B : -90.651688
[setup in-reg] rst_n -> _68079_/RESET_B : -90.651688
[setup in-reg] rst_n -> _68080_/RESET_B : -90.651688
[setup in-reg] rst_n -> _68081_/RESET_B : -90.651688
[setup in-reg] rst_n -> _68082_/RESET_B : -90.651688
[setup in-reg] rst_n -> _68083_/RESET_B : -90.651688
[setup in-reg] rst_n -> _68084_/RESET_B : -90.651688
[setup in-reg] rst_n -> _68085_/RESET_B : -90.651688
[setup in-reg] rst_n -> _68086_/RESET_B : -90.651688
[setup in-reg] rst_n -> _68087_/RESET_B : -90.651688
[setup in-reg] rst_n -> _68088_/RESET_B : -90.651688
[setup in-reg] rst_n -> _68089_/RESET_B : -90.651688
[setup in-reg] rst_n -> _68090_/RESET_B : -90.651688
[setup in-reg] rst_n -> _68091_/RESET_B : -90.651688
[setup in-reg] rst_n -> _68092_/RESET_B : -90.651688
[setup in-reg] rst_n -> _68093_/RESET_B : -90.651688
[setup in-reg] rst_n -> _68094_/RESET_B : -90.651688
[setup in-reg] rst_n -> _68095_/RESET_B : -90.651688
[setup in-reg] rst_n -> _68096_/RESET_B : -90.651688
[setup in-reg] rst_n -> _68097_/RESET_B : -90.651688
[setup in-reg] rst_n -> _68098_/RESET_B : -90.651688
[setup in-reg] rst_n -> _68099_/RESET_B : -90.651688
[setup in-reg] rst_n -> _68100_/RESET_B : -90.651688
[setup in-reg] rst_n -> _68101_/RESET_B : -90.651688
[setup in-reg] rst_n -> _68102_/RESET_B : -90.651688
[setup in-reg] rst_n -> _68103_/RESET_B : -90.651688
[setup in-reg] rst_n -> _68104_/RESET_B : -90.651688
[setup in-reg] rst_n -> _68105_/RESET_B : -90.651688
[setup in-reg] rst_n -> _68106_/RESET_B : -90.651688
[setup in-reg] rst_n -> _68107_/RESET_B : -90.651688
[setup in-reg] rst_n -> _68108_/RESET_B : -90.651688
[setup in-reg] rst_n -> _68109_/RESET_B : -90.651688
[setup in-reg] rst_n -> _68110_/RESET_B : -90.651688
[setup in-reg] rst_n -> _68111_/RESET_B : -90.651688
[setup in-reg] rst_n -> _68112_/RESET_B : -90.651688
[setup in-reg] rst_n -> _68113_/RESET_B : -90.651688
[setup in-reg] rst_n -> _68114_/RESET_B : -90.651688
[setup in-reg] rst_n -> _68115_/RESET_B : -90.651688
[setup in-reg] rst_n -> _68116_/RESET_B : -90.651688
[setup in-reg] rst_n -> _68117_/RESET_B : -90.651688
[setup in-reg] rst_n -> _68118_/RESET_B : -90.651688
[setup in-reg] rst_n -> _68119_/RESET_B : -90.651688
[setup in-reg] rst_n -> _68120_/RESET_B : -90.651688
[setup in-reg] rst_n -> _68121_/RESET_B : -90.651688
[setup in-reg] rst_n -> _68122_/RESET_B : -90.651688
[setup in-reg] rst_n -> _68123_/RESET_B : -90.651688
[setup in-reg] rst_n -> _68124_/RESET_B : -90.651688
[setup in-reg] rst_n -> _68125_/RESET_B : -90.651688
[setup in-reg] rst_n -> _68126_/RESET_B : -90.651688
[setup in-reg] rst_n -> _68127_/RESET_B : -90.651688
[setup in-reg] rst_n -> _68128_/RESET_B : -90.651688
[setup in-reg] rst_n -> _68129_/RESET_B : -90.651688
[setup in-reg] rst_n -> _68130_/RESET_B : -90.651688
[setup in-reg] rst_n -> _68131_/RESET_B : -90.651688
[setup in-reg] rst_n -> _68132_/RESET_B : -90.651688
[setup in-reg] rst_n -> _68133_/RESET_B : -90.651688
[setup in-reg] rst_n -> _68134_/RESET_B : -90.651688
[setup in-reg] rst_n -> _68135_/RESET_B : -90.651688
[setup in-reg] rst_n -> _68136_/RESET_B : -90.651688
[setup in-reg] rst_n -> _68137_/RESET_B : -90.651688
[setup in-reg] rst_n -> _68138_/RESET_B : -90.651688
[setup in-reg] rst_n -> _68139_/RESET_B : -90.651688
[setup in-reg] rst_n -> _68140_/RESET_B : -90.651688
[setup in-reg] rst_n -> _68141_/RESET_B : -90.651688
[setup in-reg] rst_n -> _68142_/RESET_B : -90.651688
[setup in-reg] rst_n -> _68143_/RESET_B : -90.651688
[setup in-reg] rst_n -> _68144_/RESET_B : -90.651688
[setup in-reg] rst_n -> _68145_/RESET_B : -90.651688
[setup in-reg] rst_n -> _68146_/RESET_B : -90.651688
[setup in-reg] rst_n -> _68147_/RESET_B : -90.651688
[setup in-reg] rst_n -> _68148_/RESET_B : -90.651688
[setup in-reg] rst_n -> _68149_/RESET_B : -90.651688
[setup in-reg] rst_n -> _68150_/RESET_B : -90.651688
[setup in-reg] rst_n -> _68151_/RESET_B : -90.651688
[setup in-reg] rst_n -> _68152_/RESET_B : -90.651688
[setup in-reg] rst_n -> _68153_/RESET_B : -90.651688
[setup in-reg] rst_n -> _68154_/RESET_B : -90.651688
[setup in-reg] rst_n -> _68155_/RESET_B : -90.651688
[setup in-reg] rst_n -> _68156_/RESET_B : -90.651688
[setup in-reg] rst_n -> _68157_/RESET_B : -90.651688
[setup in-reg] rst_n -> _68158_/RESET_B : -90.651688
[setup in-reg] rst_n -> _68159_/RESET_B : -90.651688
[setup in-reg] rst_n -> _68160_/RESET_B : -90.651688
[setup in-reg] rst_n -> _68161_/RESET_B : -90.651688
[setup in-reg] rst_n -> _68162_/RESET_B : -90.651688
[setup in-reg] rst_n -> _68163_/RESET_B : -90.651688
[setup in-reg] rst_n -> _68164_/RESET_B : -90.651688
[setup in-reg] rst_n -> _68165_/RESET_B : -90.651688
[setup in-reg] rst_n -> _68166_/RESET_B : -90.651688
[setup in-reg] rst_n -> _68167_/RESET_B : -90.651688
[setup in-reg] rst_n -> _68168_/RESET_B : -90.651688
[setup in-reg] rst_n -> _68169_/RESET_B : -90.651688
[setup in-reg] rst_n -> _68170_/RESET_B : -90.651688
[setup in-reg] rst_n -> _68171_/RESET_B : -90.651688
[setup in-reg] rst_n -> _68172_/RESET_B : -90.651688
[setup in-reg] rst_n -> _68173_/RESET_B : -90.651688
[setup in-reg] rst_n -> _68174_/RESET_B : -90.651688
[setup in-reg] rst_n -> _68175_/RESET_B : -90.651688
[setup in-reg] rst_n -> _68176_/RESET_B : -90.651688
[setup in-reg] rst_n -> _68177_/RESET_B : -90.651688
[setup in-reg] rst_n -> _68178_/RESET_B : -90.651688
[setup in-reg] rst_n -> _68179_/RESET_B : -90.651688
[setup in-reg] rst_n -> _68180_/RESET_B : -90.651688
[setup in-reg] rst_n -> _68181_/RESET_B : -90.651688
[setup in-reg] rst_n -> _68182_/RESET_B : -90.651688
[setup in-reg] rst_n -> _68183_/RESET_B : -90.651688
[setup in-reg] rst_n -> _68184_/RESET_B : -90.651688
[setup in-reg] rst_n -> _68185_/RESET_B : -90.651688
[setup in-reg] rst_n -> _68186_/RESET_B : -90.651688
[setup in-reg] rst_n -> _68187_/RESET_B : -90.651688
[setup in-reg] rst_n -> _68188_/RESET_B : -90.651688
[setup in-reg] rst_n -> _68189_/RESET_B : -90.651688
[setup in-reg] rst_n -> _68190_/RESET_B : -90.651688
[setup in-reg] rst_n -> _68191_/RESET_B : -90.651688
[setup in-reg] rst_n -> _68192_/RESET_B : -90.651688
[setup in-reg] rst_n -> _68193_/RESET_B : -90.651688
[setup in-reg] rst_n -> _68194_/RESET_B : -90.651688
[setup in-reg] rst_n -> _68195_/RESET_B : -90.651688
[setup in-reg] rst_n -> _68196_/RESET_B : -90.651688
[setup in-reg] rst_n -> _68197_/RESET_B : -90.651688
[setup in-reg] rst_n -> _68198_/RESET_B : -90.651688
[setup in-reg] rst_n -> _68199_/RESET_B : -90.651688
[setup in-reg] rst_n -> _68200_/RESET_B : -90.651688
[setup in-reg] rst_n -> _68201_/RESET_B : -90.651688
[setup in-reg] rst_n -> _68202_/RESET_B : -90.651688
[setup in-reg] rst_n -> _68203_/RESET_B : -90.651688
[setup in-reg] rst_n -> _68204_/RESET_B : -90.651688
[setup in-reg] rst_n -> _68205_/RESET_B : -90.651688
[setup in-reg] rst_n -> _68206_/RESET_B : -90.651688
[setup in-reg] rst_n -> _68207_/RESET_B : -90.651688
[setup in-reg] rst_n -> _68208_/RESET_B : -90.651688
[setup in-reg] rst_n -> _68209_/RESET_B : -90.651688
[setup in-reg] rst_n -> _68210_/RESET_B : -90.651688
[setup in-reg] rst_n -> _68211_/RESET_B : -90.651688
[setup in-reg] rst_n -> _68212_/RESET_B : -90.651688
[setup in-reg] rst_n -> _68213_/RESET_B : -90.651688
[setup in-reg] rst_n -> _68214_/RESET_B : -90.651688
[setup in-reg] rst_n -> _68215_/RESET_B : -90.651688
[setup in-reg] rst_n -> _68216_/RESET_B : -90.651688
[setup in-reg] rst_n -> _68217_/RESET_B : -90.651688
[setup in-reg] rst_n -> _68218_/RESET_B : -90.651688
[setup in-reg] rst_n -> _68219_/RESET_B : -90.651688
[setup in-reg] rst_n -> _68220_/RESET_B : -90.651688
[setup in-reg] rst_n -> _68221_/RESET_B : -90.651688
[setup in-reg] rst_n -> _68222_/RESET_B : -90.651688
[setup in-reg] rst_n -> _68223_/RESET_B : -90.651688
[setup in-reg] rst_n -> _68224_/RESET_B : -90.651688
[setup in-reg] rst_n -> _68225_/RESET_B : -90.651688
[setup in-reg] rst_n -> _68226_/RESET_B : -90.651688
[setup in-reg] rst_n -> _68227_/RESET_B : -90.651688
[setup in-reg] rst_n -> _68228_/RESET_B : -90.651688
[setup in-reg] rst_n -> _68229_/RESET_B : -90.651688
[setup in-reg] rst_n -> _68230_/RESET_B : -90.651688
[setup in-reg] rst_n -> _68231_/RESET_B : -90.651688
[setup in-reg] rst_n -> _68232_/RESET_B : -90.651688
[setup in-reg] rst_n -> _68233_/RESET_B : -90.651688
[setup in-reg] rst_n -> _68234_/RESET_B : -90.651688
[setup in-reg] rst_n -> _68235_/RESET_B : -90.651688
[setup in-reg] rst_n -> _68236_/RESET_B : -90.651688
[setup in-reg] rst_n -> _68237_/RESET_B : -90.651688
[setup in-reg] rst_n -> _68238_/RESET_B : -90.651688
[setup in-reg] rst_n -> _68239_/RESET_B : -90.651688
[setup in-reg] rst_n -> _68240_/RESET_B : -90.651688
[setup in-reg] rst_n -> _68241_/RESET_B : -90.651688
[setup in-reg] rst_n -> _68242_/RESET_B : -90.651688
[setup in-reg] rst_n -> _68243_/RESET_B : -90.651688
[setup in-reg] rst_n -> _68244_/RESET_B : -90.651688
[setup in-reg] rst_n -> _68245_/RESET_B : -90.651688
[setup in-reg] rst_n -> _68246_/RESET_B : -90.651688
[setup in-reg] rst_n -> _68247_/RESET_B : -90.651688
[setup in-reg] rst_n -> _68248_/RESET_B : -90.651688
[setup in-reg] rst_n -> _68249_/RESET_B : -90.651688
[setup in-reg] rst_n -> _68250_/RESET_B : -90.651688
[setup in-reg] rst_n -> _68251_/RESET_B : -90.651688
[setup in-reg] rst_n -> _68252_/RESET_B : -90.651688
[setup in-reg] rst_n -> _68253_/RESET_B : -90.651688
[setup in-reg] rst_n -> _68254_/RESET_B : -90.651688
[setup in-reg] rst_n -> _68255_/RESET_B : -90.651688
[setup in-reg] rst_n -> _68256_/RESET_B : -90.651688
[setup in-reg] rst_n -> _68257_/RESET_B : -90.651688
[setup in-reg] rst_n -> _68258_/RESET_B : -90.651688
[setup in-reg] rst_n -> _68259_/RESET_B : -90.651688
[setup in-reg] rst_n -> _68260_/RESET_B : -90.651688
[setup in-reg] rst_n -> _68261_/RESET_B : -90.651688
[setup in-reg] rst_n -> _68262_/RESET_B : -90.651688
[setup in-reg] rst_n -> _68263_/RESET_B : -90.651688
[setup in-reg] rst_n -> _68264_/RESET_B : -90.651688
[setup in-reg] rst_n -> _68265_/RESET_B : -90.651688
[setup in-reg] rst_n -> _68266_/RESET_B : -90.651688
[setup in-reg] rst_n -> _68267_/RESET_B : -90.651688
[setup in-reg] rst_n -> _68268_/RESET_B : -90.651688
[setup in-reg] rst_n -> _68269_/RESET_B : -90.651688
[setup in-reg] rst_n -> _68270_/RESET_B : -90.651688
[setup in-reg] rst_n -> _68271_/RESET_B : -90.651688
[setup in-reg] rst_n -> _68272_/RESET_B : -90.651688
[setup in-reg] rst_n -> _68273_/RESET_B : -90.651688
[setup in-reg] rst_n -> _68274_/RESET_B : -90.651688
[setup in-reg] rst_n -> _68275_/RESET_B : -90.651688
[setup in-reg] rst_n -> _68276_/RESET_B : -90.651688
[setup in-reg] rst_n -> _68277_/RESET_B : -90.651688
[setup in-reg] rst_n -> _68278_/RESET_B : -90.651688
[setup in-reg] rst_n -> _68279_/RESET_B : -90.651688
[setup in-reg] rst_n -> _68280_/RESET_B : -90.651688
[setup in-reg] rst_n -> _68281_/RESET_B : -90.651688
[setup in-reg] rst_n -> _68282_/RESET_B : -90.651688
[setup in-reg] rst_n -> _68283_/RESET_B : -90.651688
[setup in-reg] rst_n -> _68284_/RESET_B : -90.651688
[setup in-reg] rst_n -> _68285_/RESET_B : -90.651688
[setup in-reg] rst_n -> _68286_/RESET_B : -90.651688
[setup in-reg] rst_n -> _68287_/RESET_B : -90.651688
[setup in-reg] rst_n -> _68288_/RESET_B : -90.651688
[setup in-reg] rst_n -> _68289_/RESET_B : -90.651688
[setup in-reg] rst_n -> _68290_/RESET_B : -90.651688
[setup in-reg] rst_n -> _68291_/RESET_B : -90.651688
[setup in-reg] rst_n -> _68292_/RESET_B : -90.651688
[setup in-reg] rst_n -> _68293_/RESET_B : -90.651688
[setup in-reg] rst_n -> _68294_/RESET_B : -90.651688
[setup in-reg] rst_n -> _68295_/RESET_B : -90.651688
[setup in-reg] rst_n -> _68296_/RESET_B : -90.651688
[setup in-reg] rst_n -> _68297_/RESET_B : -90.651688
[setup in-reg] rst_n -> _68298_/RESET_B : -90.651688
[setup in-reg] rst_n -> _68299_/RESET_B : -90.651688
[setup in-reg] rst_n -> _68300_/RESET_B : -90.651688
[setup in-reg] rst_n -> _68301_/RESET_B : -90.651688
[setup in-reg] rst_n -> _68302_/RESET_B : -90.651688
[setup in-reg] rst_n -> _68303_/RESET_B : -90.651688
[setup in-reg] rst_n -> _68304_/RESET_B : -90.651688
[setup in-reg] rst_n -> _68305_/RESET_B : -90.651688
[setup in-reg] rst_n -> _68306_/RESET_B : -90.651688
[setup in-reg] rst_n -> _68307_/RESET_B : -90.651688
[setup in-reg] rst_n -> _68308_/RESET_B : -90.651688
[setup in-reg] rst_n -> _68309_/RESET_B : -90.651688
[setup in-reg] rst_n -> _68310_/RESET_B : -90.651688
[setup in-reg] rst_n -> _68311_/RESET_B : -90.651688
[setup in-reg] rst_n -> _68312_/RESET_B : -90.651688
[setup in-reg] rst_n -> _68313_/RESET_B : -90.651688
[setup in-reg] rst_n -> _68314_/RESET_B : -90.651688
[setup in-reg] rst_n -> _68315_/RESET_B : -90.651688
[setup in-reg] rst_n -> _68316_/RESET_B : -90.651688
[setup in-reg] rst_n -> _68317_/RESET_B : -90.651688
[setup in-reg] rst_n -> _68318_/RESET_B : -90.651688
[setup in-reg] rst_n -> _68319_/RESET_B : -90.651688
[setup in-reg] rst_n -> _68320_/RESET_B : -90.651688
[setup in-reg] rst_n -> _68321_/RESET_B : -90.651688
[setup in-reg] rst_n -> _68322_/RESET_B : -90.651688
[setup in-reg] rst_n -> _68323_/RESET_B : -90.651688
[setup in-reg] rst_n -> _68324_/RESET_B : -90.651688
[setup in-reg] rst_n -> _68325_/RESET_B : -90.651688
[setup in-reg] rst_n -> _68326_/RESET_B : -90.651688
[setup in-reg] rst_n -> _68327_/RESET_B : -90.651688
[setup in-reg] rst_n -> _68328_/RESET_B : -90.651688
[setup in-reg] rst_n -> _68329_/RESET_B : -90.651688
[setup in-reg] rst_n -> _68330_/RESET_B : -90.651688
[setup in-reg] rst_n -> _68331_/RESET_B : -90.651688
[setup in-reg] rst_n -> _68332_/RESET_B : -90.651688
[setup in-reg] rst_n -> _68333_/RESET_B : -90.651688
[setup in-reg] rst_n -> _68334_/RESET_B : -90.651688
[setup in-reg] rst_n -> _68335_/RESET_B : -90.651688
[setup in-reg] rst_n -> _68336_/RESET_B : -90.651688
[setup in-reg] rst_n -> _68337_/RESET_B : -90.651688
[setup in-reg] rst_n -> _68338_/RESET_B : -90.651688
[setup in-reg] rst_n -> _68339_/RESET_B : -90.651688
[setup in-reg] rst_n -> _68340_/RESET_B : -90.651688
[setup in-reg] rst_n -> _68341_/RESET_B : -90.651688
[setup in-reg] rst_n -> _68342_/RESET_B : -90.651688
[setup in-reg] rst_n -> _68343_/RESET_B : -90.651688
[setup in-reg] rst_n -> _68344_/RESET_B : -90.651688
[setup in-reg] rst_n -> _68345_/RESET_B : -90.651688
[setup in-reg] rst_n -> _68346_/RESET_B : -90.651688
[setup in-reg] rst_n -> _68347_/RESET_B : -90.651688
[setup in-reg] rst_n -> _68348_/RESET_B : -90.651688
[setup in-reg] rst_n -> _68349_/RESET_B : -90.651688
[setup in-reg] rst_n -> _68350_/RESET_B : -90.651688
[setup in-reg] rst_n -> _68351_/RESET_B : -90.651688
[setup in-reg] rst_n -> _68352_/RESET_B : -90.651688
[setup in-reg] rst_n -> _68353_/RESET_B : -90.651688
[setup in-reg] rst_n -> _68354_/RESET_B : -90.651688
[setup in-reg] rst_n -> _68355_/RESET_B : -90.651688
[setup in-reg] rst_n -> _68356_/RESET_B : -90.651688
[setup in-reg] rst_n -> _68357_/RESET_B : -90.651688
[setup in-reg] rst_n -> _68358_/RESET_B : -90.651688
[setup in-reg] rst_n -> _68359_/RESET_B : -90.651688
[setup in-reg] rst_n -> _68360_/RESET_B : -90.651688
[setup in-reg] rst_n -> _68361_/RESET_B : -90.651688
[setup in-reg] rst_n -> _68362_/RESET_B : -90.651688
[setup in-reg] rst_n -> _68363_/RESET_B : -90.651688
[setup in-reg] rst_n -> _68364_/RESET_B : -90.651688
[setup in-reg] rst_n -> _68365_/RESET_B : -90.651688
[setup in-reg] rst_n -> _68366_/RESET_B : -90.651688
[setup in-reg] rst_n -> _68367_/RESET_B : -90.651688
[setup in-reg] rst_n -> _68368_/RESET_B : -90.651688
[setup in-reg] rst_n -> _68369_/RESET_B : -90.651688
[setup in-reg] rst_n -> _68370_/RESET_B : -90.651688
[setup in-reg] rst_n -> _68371_/RESET_B : -90.651688
[setup in-reg] rst_n -> _68372_/RESET_B : -90.651688
[setup in-reg] rst_n -> _68373_/RESET_B : -90.651688
[setup in-reg] rst_n -> _68374_/RESET_B : -90.651688
[setup in-reg] rst_n -> _68375_/RESET_B : -90.651688
[setup in-reg] rst_n -> _68376_/RESET_B : -90.651688
[setup in-reg] rst_n -> _68377_/RESET_B : -90.651688
[setup in-reg] rst_n -> _68378_/RESET_B : -90.651688
[setup in-reg] rst_n -> _68379_/RESET_B : -90.651688
[setup in-reg] rst_n -> _68380_/RESET_B : -90.651688
[setup in-reg] rst_n -> _68381_/RESET_B : -90.651688
[setup in-reg] rst_n -> _68382_/RESET_B : -90.651688
[setup in-reg] rst_n -> _68383_/RESET_B : -90.651688
[setup in-reg] rst_n -> _68384_/RESET_B : -90.651688
[setup in-reg] rst_n -> _68385_/RESET_B : -90.651688
[setup in-reg] rst_n -> _68386_/RESET_B : -90.651688
[setup in-reg] rst_n -> _68387_/RESET_B : -90.651688
[setup in-reg] rst_n -> _68388_/RESET_B : -90.651688
[setup in-reg] rst_n -> _68389_/RESET_B : -90.651688
[setup in-reg] rst_n -> _68390_/RESET_B : -90.651688
[setup in-reg] rst_n -> _68391_/RESET_B : -90.651688
[setup in-reg] rst_n -> _68392_/RESET_B : -90.651688
[setup in-reg] rst_n -> _68393_/RESET_B : -90.651688
[setup in-reg] rst_n -> _68394_/RESET_B : -90.651688
[setup in-reg] rst_n -> _68395_/RESET_B : -90.651688
[setup in-reg] rst_n -> _68396_/RESET_B : -90.651688
[setup in-reg] rst_n -> _68397_/RESET_B : -90.651688
[setup in-reg] rst_n -> _68398_/RESET_B : -90.651688
[setup in-reg] rst_n -> _68399_/RESET_B : -90.651688
[setup in-reg] rst_n -> _68400_/RESET_B : -90.651688
[setup in-reg] rst_n -> _68401_/RESET_B : -90.651688
[setup in-reg] rst_n -> _68402_/RESET_B : -90.651688
[setup in-reg] rst_n -> _68403_/RESET_B : -90.651688
[setup in-reg] rst_n -> _68404_/RESET_B : -90.651688
[setup in-reg] rst_n -> _68405_/RESET_B : -90.651688
[setup in-reg] rst_n -> _68406_/RESET_B : -90.651688
[setup in-reg] rst_n -> _68407_/RESET_B : -90.651688
[setup in-reg] rst_n -> _68408_/RESET_B : -90.651688
[setup in-reg] rst_n -> _68409_/RESET_B : -90.651688
[setup in-reg] rst_n -> _68410_/RESET_B : -90.651688
[setup in-reg] rst_n -> _68411_/RESET_B : -90.651688
[setup in-reg] rst_n -> _68412_/RESET_B : -90.651688
[setup in-reg] rst_n -> _68413_/RESET_B : -90.651688
[setup in-reg] rst_n -> _68414_/RESET_B : -90.651688
[setup in-reg] rst_n -> _68415_/RESET_B : -90.651688
[setup in-reg] rst_n -> _68416_/RESET_B : -90.651688
[setup in-reg] rst_n -> _68417_/RESET_B : -90.651688
[setup in-reg] rst_n -> _68418_/RESET_B : -90.651688
[setup in-reg] rst_n -> _68419_/RESET_B : -90.651688
[setup in-reg] rst_n -> _68420_/RESET_B : -90.651688
[setup in-reg] rst_n -> _68421_/RESET_B : -90.651688
[setup in-reg] rst_n -> _68422_/RESET_B : -90.651688
[setup in-reg] rst_n -> _68423_/RESET_B : -90.651688
[setup in-reg] rst_n -> _68424_/RESET_B : -90.651688
[setup in-reg] rst_n -> _68425_/RESET_B : -90.651688
[setup in-reg] rst_n -> _68426_/RESET_B : -90.651688
[setup in-reg] rst_n -> _68427_/RESET_B : -90.651688
[setup in-reg] rst_n -> _68428_/RESET_B : -90.651688
[setup in-reg] rst_n -> _68429_/RESET_B : -90.651688
[setup in-reg] rst_n -> _68430_/RESET_B : -90.651688
[setup in-reg] rst_n -> _68431_/RESET_B : -90.651688
[setup in-reg] rst_n -> _68432_/RESET_B : -90.651688
[setup in-reg] rst_n -> _68433_/RESET_B : -90.651688
[setup in-reg] rst_n -> _68434_/RESET_B : -90.651688
[setup in-reg] rst_n -> _68435_/RESET_B : -90.651688
[setup in-reg] rst_n -> _68436_/RESET_B : -90.651688
[setup in-reg] rst_n -> _68437_/RESET_B : -90.651688
[setup in-reg] rst_n -> _68438_/RESET_B : -90.651688
[setup in-reg] rst_n -> _68439_/RESET_B : -90.651688
[setup in-reg] rst_n -> _68440_/RESET_B : -90.651688
[setup in-reg] rst_n -> _68441_/RESET_B : -90.651688
[setup in-reg] rst_n -> _68442_/RESET_B : -90.651688
[setup in-reg] rst_n -> _68443_/RESET_B : -90.651688
[setup in-reg] rst_n -> _68444_/RESET_B : -90.651688
[setup in-reg] rst_n -> _68445_/RESET_B : -90.651688
[setup in-reg] rst_n -> _68446_/RESET_B : -90.651688
[setup in-reg] rst_n -> _68447_/RESET_B : -90.651688
[setup in-reg] rst_n -> _68448_/RESET_B : -90.651688
[setup in-reg] rst_n -> _68449_/RESET_B : -90.651688
[setup in-reg] rst_n -> _68450_/RESET_B : -90.651688
[setup in-reg] rst_n -> _68451_/RESET_B : -90.651688
[setup in-reg] rst_n -> _68452_/RESET_B : -90.651688
[setup in-reg] rst_n -> _68453_/RESET_B : -90.651688
[setup in-reg] rst_n -> _68454_/RESET_B : -90.651688
[setup in-reg] rst_n -> _68455_/RESET_B : -90.651688
[setup in-reg] rst_n -> _68456_/RESET_B : -90.651688
[setup in-reg] rst_n -> _68457_/RESET_B : -90.651688
[setup in-reg] rst_n -> _68458_/RESET_B : -90.651688
[setup in-reg] rst_n -> _68459_/RESET_B : -90.651688
[setup in-reg] rst_n -> _68460_/RESET_B : -90.651688
[setup in-reg] rst_n -> _68461_/RESET_B : -90.651688
[setup in-reg] rst_n -> _68462_/RESET_B : -90.651688
[setup in-reg] rst_n -> _68463_/RESET_B : -90.651688
[setup in-reg] rst_n -> _68464_/RESET_B : -90.651688
[setup in-reg] rst_n -> _68465_/RESET_B : -90.651688
[setup in-reg] rst_n -> _68466_/RESET_B : -90.651688
[setup in-reg] rst_n -> _68467_/RESET_B : -90.651688
[setup in-reg] rst_n -> _68468_/RESET_B : -90.651688
[setup in-reg] rst_n -> _68469_/RESET_B : -90.651688
[setup in-reg] rst_n -> _68470_/RESET_B : -90.651688
[setup in-reg] rst_n -> _68471_/RESET_B : -90.651688
[setup in-reg] rst_n -> _68472_/RESET_B : -90.651688
[setup in-reg] rst_n -> _68473_/RESET_B : -90.651688
[setup in-reg] rst_n -> _68474_/RESET_B : -90.651688
[setup in-reg] rst_n -> _68475_/RESET_B : -90.651688
[setup in-reg] rst_n -> _68476_/RESET_B : -90.651688
[setup in-reg] rst_n -> _68477_/RESET_B : -90.651688
[setup in-reg] rst_n -> _68478_/RESET_B : -90.651688
[setup in-reg] rst_n -> _68479_/RESET_B : -90.651688
[setup in-reg] rst_n -> _68480_/RESET_B : -90.651688
[setup in-reg] rst_n -> _68481_/RESET_B : -90.651688
[setup in-reg] rst_n -> _68482_/RESET_B : -90.651688
[setup in-reg] rst_n -> _68483_/RESET_B : -90.651688
[setup in-reg] rst_n -> _68484_/RESET_B : -90.651688
[setup in-reg] rst_n -> _68485_/RESET_B : -90.651688
[setup in-reg] rst_n -> _68486_/RESET_B : -90.651688
[setup in-reg] rst_n -> _68487_/RESET_B : -90.651688
[setup in-reg] rst_n -> _68488_/RESET_B : -90.651688
[setup in-reg] rst_n -> _68489_/RESET_B : -90.651688
[setup in-reg] rst_n -> _68490_/RESET_B : -90.651688
[setup in-reg] rst_n -> _68491_/RESET_B : -90.651688
[setup in-reg] rst_n -> _68492_/RESET_B : -90.651688
[setup in-reg] rst_n -> _68493_/RESET_B : -90.651688
[setup in-reg] rst_n -> _68494_/RESET_B : -90.651688
[setup in-reg] rst_n -> _68495_/RESET_B : -90.651688
[setup in-reg] rst_n -> _68496_/RESET_B : -90.651688
[setup in-reg] rst_n -> _68497_/RESET_B : -90.651688
[setup in-reg] rst_n -> _68498_/RESET_B : -90.651688
[setup in-reg] rst_n -> _68499_/RESET_B : -90.651688
[setup in-reg] rst_n -> _68500_/RESET_B : -90.651688
[setup in-reg] rst_n -> _68501_/RESET_B : -90.651688
[setup in-reg] rst_n -> _68502_/RESET_B : -90.651688
[setup in-reg] rst_n -> _68503_/RESET_B : -90.651688
[setup in-reg] rst_n -> _68504_/RESET_B : -90.651688
[setup in-reg] rst_n -> _68505_/RESET_B : -90.651688
[setup in-reg] rst_n -> _68506_/RESET_B : -90.651688
[setup in-reg] rst_n -> _68507_/RESET_B : -90.651688
[setup in-reg] rst_n -> _68508_/RESET_B : -90.651688
[setup in-reg] rst_n -> _68509_/RESET_B : -90.651688
[setup in-reg] rst_n -> _68510_/RESET_B : -90.651688
[setup in-reg] rst_n -> _68511_/RESET_B : -90.651688
[setup in-reg] rst_n -> _68512_/RESET_B : -90.651688
[setup in-reg] rst_n -> _68513_/RESET_B : -90.651688
[setup in-reg] rst_n -> _68514_/RESET_B : -90.651688
[setup in-reg] rst_n -> _68515_/RESET_B : -90.651688
[setup in-reg] rst_n -> _68516_/RESET_B : -90.651688
[setup in-reg] rst_n -> _68517_/RESET_B : -90.651688
[setup in-reg] rst_n -> _68518_/RESET_B : -90.651688
[setup in-reg] rst_n -> _68519_/RESET_B : -90.651688
[setup in-reg] rst_n -> _68520_/RESET_B : -90.651688
[setup in-reg] rst_n -> _68521_/RESET_B : -90.651688
[setup in-reg] rst_n -> _68522_/RESET_B : -90.651688
[setup in-reg] rst_n -> _68523_/RESET_B : -90.651688
[setup in-reg] rst_n -> _68524_/RESET_B : -90.651688
[setup in-reg] rst_n -> _68525_/RESET_B : -90.651688
[setup in-reg] rst_n -> _68526_/RESET_B : -90.651688
[setup in-reg] rst_n -> _68527_/RESET_B : -90.651688
[setup in-reg] rst_n -> _68528_/RESET_B : -90.651688
[setup in-reg] rst_n -> _68529_/RESET_B : -90.651688
[setup in-reg] rst_n -> _68530_/RESET_B : -90.651688
[setup in-reg] rst_n -> _68531_/RESET_B : -90.651688
[setup in-reg] rst_n -> _68532_/RESET_B : -90.651688
[setup in-reg] rst_n -> _68533_/RESET_B : -90.651688
[setup in-reg] rst_n -> _68534_/RESET_B : -90.651688
[setup in-reg] rst_n -> _68535_/RESET_B : -90.651688
[setup in-reg] rst_n -> _68536_/RESET_B : -90.651688
[setup in-reg] rst_n -> _68537_/RESET_B : -90.651688
[setup in-reg] rst_n -> _68538_/RESET_B : -90.651688
[setup in-reg] rst_n -> _68539_/RESET_B : -90.651688
[setup in-reg] rst_n -> _68540_/RESET_B : -90.651688
[setup in-reg] rst_n -> _68541_/RESET_B : -90.651688
[setup in-reg] rst_n -> _68542_/RESET_B : -90.651688
[setup in-reg] rst_n -> _68543_/RESET_B : -90.651688
[setup in-reg] rst_n -> _68544_/RESET_B : -90.651688
[setup in-reg] rst_n -> _68545_/RESET_B : -90.651688
[setup in-reg] rst_n -> _68546_/RESET_B : -90.651688
[setup in-reg] rst_n -> _68547_/RESET_B : -90.651688
[setup in-reg] rst_n -> _68548_/RESET_B : -90.651688
[setup in-reg] rst_n -> _68549_/RESET_B : -90.651688
[setup in-reg] rst_n -> _68550_/RESET_B : -90.651688
[setup in-reg] rst_n -> _68551_/RESET_B : -90.651688
[setup in-reg] rst_n -> _68552_/RESET_B : -90.651688
[setup in-reg] rst_n -> _68553_/RESET_B : -90.651688
[setup in-reg] rst_n -> _68554_/RESET_B : -90.651688
[setup in-reg] rst_n -> _68555_/RESET_B : -90.651688
[setup in-reg] rst_n -> _68556_/RESET_B : -90.651688
[setup in-reg] rst_n -> _68557_/RESET_B : -90.651688
[setup in-reg] rst_n -> _68558_/RESET_B : -90.651688
[setup in-reg] rst_n -> _68559_/RESET_B : -90.651688
[setup in-reg] rst_n -> _68560_/RESET_B : -90.651688
[setup in-reg] rst_n -> _68561_/RESET_B : -90.651688
[setup in-reg] rst_n -> _68562_/RESET_B : -90.651688
[setup in-reg] rst_n -> _68563_/RESET_B : -90.651688
[setup in-reg] rst_n -> _68564_/RESET_B : -90.651688
[setup in-reg] rst_n -> _68565_/RESET_B : -90.651688
[setup in-reg] rst_n -> _68566_/RESET_B : -90.651688
[setup in-reg] rst_n -> _68567_/RESET_B : -90.651688
[setup in-reg] rst_n -> _68568_/RESET_B : -90.651688
[setup in-reg] rst_n -> _68569_/RESET_B : -90.651688
[setup in-reg] rst_n -> _68570_/RESET_B : -90.651688
[setup in-reg] rst_n -> _68571_/RESET_B : -90.651688
[setup in-reg] rst_n -> _68572_/RESET_B : -90.651688
[setup in-reg] rst_n -> _68573_/RESET_B : -90.651688
[setup in-reg] rst_n -> _68574_/RESET_B : -90.651688
[setup in-reg] rst_n -> _68575_/RESET_B : -90.651688
[setup in-reg] rst_n -> _68576_/RESET_B : -90.651688
[setup in-reg] rst_n -> _68577_/RESET_B : -90.651688
[setup in-reg] rst_n -> _68578_/RESET_B : -90.651688
[setup in-reg] rst_n -> _68579_/RESET_B : -90.651688
[setup in-reg] rst_n -> _68580_/RESET_B : -90.651688
[setup in-reg] rst_n -> _68581_/RESET_B : -90.651688
[setup in-reg] rst_n -> _68582_/RESET_B : -90.651688
[setup in-reg] rst_n -> _68583_/RESET_B : -90.651688
[setup in-reg] rst_n -> _68584_/RESET_B : -90.651688
[setup in-reg] rst_n -> _68585_/RESET_B : -90.651688
[setup in-reg] rst_n -> _68586_/RESET_B : -90.651688
[setup in-reg] rst_n -> _68587_/RESET_B : -90.651688
[setup in-reg] rst_n -> _68588_/RESET_B : -90.651688
[setup in-reg] rst_n -> _68589_/RESET_B : -90.651688
[setup in-reg] rst_n -> _68590_/RESET_B : -90.651688
[setup in-reg] rst_n -> _68591_/RESET_B : -90.651688
[setup in-reg] rst_n -> _68592_/RESET_B : -90.651688
[setup in-reg] rst_n -> _68593_/RESET_B : -90.651688
[setup in-reg] rst_n -> _68594_/RESET_B : -90.651688
[setup in-reg] rst_n -> _68595_/RESET_B : -90.651688
[setup in-reg] rst_n -> _68596_/RESET_B : -90.651688
[setup in-reg] rst_n -> _68597_/RESET_B : -90.651688
[setup in-reg] rst_n -> _68598_/RESET_B : -90.651688
[setup in-reg] rst_n -> _68599_/RESET_B : -90.651688
[setup in-reg] rst_n -> _68600_/RESET_B : -90.651688
[setup in-reg] rst_n -> _68601_/RESET_B : -90.651688
[setup in-reg] rst_n -> _68602_/RESET_B : -90.651688
[setup in-reg] rst_n -> _68603_/RESET_B : -90.651688
[setup in-reg] rst_n -> _68604_/RESET_B : -90.651688
[setup in-reg] rst_n -> _68605_/RESET_B : -90.651688
[setup in-reg] rst_n -> _68606_/RESET_B : -90.651688
[setup in-reg] rst_n -> _68607_/RESET_B : -90.651688
[setup in-reg] rst_n -> _68608_/RESET_B : -90.651688
[setup in-reg] rst_n -> _68609_/RESET_B : -90.651688
[setup in-reg] rst_n -> _68610_/RESET_B : -90.651688
[setup in-reg] rst_n -> _68611_/RESET_B : -90.651688
[setup in-reg] rst_n -> _68612_/RESET_B : -90.651688
[setup in-reg] rst_n -> _68613_/RESET_B : -90.651688
[setup in-reg] rst_n -> _68614_/RESET_B : -90.651688
[setup in-reg] rst_n -> _68615_/RESET_B : -90.651688
[setup in-reg] rst_n -> _68616_/RESET_B : -90.651688
[setup in-reg] rst_n -> _68617_/RESET_B : -90.651688
[setup in-reg] rst_n -> _68618_/RESET_B : -90.651688
[setup in-reg] rst_n -> _68619_/RESET_B : -90.651688
[setup in-reg] rst_n -> _68620_/RESET_B : -90.651688
[setup in-reg] rst_n -> _68621_/RESET_B : -90.651688
[setup in-reg] rst_n -> _68622_/RESET_B : -90.651688
[setup in-reg] rst_n -> _68623_/RESET_B : -90.651688
[setup in-reg] rst_n -> _68624_/RESET_B : -90.651688
[setup in-reg] rst_n -> _68625_/RESET_B : -90.651688
[setup in-reg] rst_n -> _68626_/RESET_B : -90.651688
[setup in-reg] rst_n -> _68627_/RESET_B : -90.651688
[setup in-reg] rst_n -> _68628_/RESET_B : -90.651688
[setup in-reg] rst_n -> _68629_/RESET_B : -90.651688
[setup in-reg] rst_n -> _68630_/RESET_B : -90.651688
[setup in-reg] rst_n -> _68631_/RESET_B : -90.651688
[setup in-reg] rst_n -> _68632_/RESET_B : -90.651688
[setup in-reg] rst_n -> _68633_/RESET_B : -90.651688
[setup in-reg] rst_n -> _68634_/RESET_B : -90.651688
[setup in-reg] rst_n -> _68635_/RESET_B : -90.651688
[setup in-reg] rst_n -> _68636_/RESET_B : -90.651688
[setup in-reg] rst_n -> _68637_/RESET_B : -90.651688
[setup in-reg] rst_n -> _68638_/RESET_B : -90.651688
[setup in-reg] rst_n -> _68639_/RESET_B : -90.651688
[setup in-reg] rst_n -> _68640_/RESET_B : -90.651688
[setup in-reg] rst_n -> _68641_/RESET_B : -90.651688
[setup in-reg] rst_n -> _68642_/RESET_B : -90.651688
[setup in-reg] rst_n -> _68643_/RESET_B : -90.651688
[setup in-reg] rst_n -> _68644_/RESET_B : -90.651688
[setup in-reg] rst_n -> _68645_/RESET_B : -90.651688
[setup in-reg] rst_n -> _68646_/RESET_B : -90.651688
[setup in-reg] rst_n -> _68647_/RESET_B : -90.651688
[setup in-reg] rst_n -> _68648_/RESET_B : -90.651688
[setup in-reg] rst_n -> _68649_/RESET_B : -90.651688
[setup in-reg] rst_n -> _68650_/RESET_B : -90.651688
[setup in-reg] rst_n -> _68651_/RESET_B : -90.651688
[setup in-reg] rst_n -> _68652_/RESET_B : -90.651688
[setup in-reg] rst_n -> _68653_/RESET_B : -90.651688
[setup in-reg] rst_n -> _68654_/RESET_B : -90.651688
[setup in-reg] rst_n -> _68655_/RESET_B : -90.651688
[setup in-reg] rst_n -> _68656_/RESET_B : -90.651688
[setup in-reg] rst_n -> _68657_/RESET_B : -90.651688
[setup in-reg] rst_n -> _68658_/RESET_B : -90.651688
[setup in-reg] rst_n -> _68659_/RESET_B : -90.651688
[setup in-reg] rst_n -> _68660_/RESET_B : -90.651688
[setup in-reg] rst_n -> _68661_/RESET_B : -90.651688
[setup in-reg] rst_n -> _68662_/RESET_B : -90.651688
[setup in-reg] rst_n -> _68663_/RESET_B : -90.651688
[setup in-reg] rst_n -> _68664_/RESET_B : -90.651688
[setup in-reg] rst_n -> _68665_/RESET_B : -90.651688
[setup in-reg] rst_n -> _68666_/RESET_B : -90.651688
[setup in-reg] rst_n -> _68667_/RESET_B : -90.651688
[setup in-reg] rst_n -> _68668_/RESET_B : -90.651688
[setup in-reg] rst_n -> _68669_/RESET_B : -90.651688
[setup in-reg] rst_n -> _68670_/RESET_B : -90.651688
[setup in-reg] rst_n -> _68671_/RESET_B : -90.651688
[setup in-reg] rst_n -> _68672_/RESET_B : -90.651688
[setup in-reg] rst_n -> _68673_/RESET_B : -90.651688
[setup in-reg] rst_n -> _68674_/RESET_B : -90.651688
[setup in-reg] rst_n -> _68675_/RESET_B : -90.651688
[setup in-reg] rst_n -> _68676_/RESET_B : -90.651688
[setup in-reg] rst_n -> _68677_/RESET_B : -90.651688
[setup in-reg] rst_n -> _68678_/RESET_B : -90.651688
[setup in-reg] rst_n -> _68679_/RESET_B : -90.651688
[setup in-reg] rst_n -> _68680_/RESET_B : -90.651688
[setup in-reg] rst_n -> _68681_/RESET_B : -90.651688
[setup in-reg] rst_n -> _68682_/RESET_B : -90.651688
[setup in-reg] rst_n -> _68683_/RESET_B : -90.651688
[setup in-reg] rst_n -> _68684_/RESET_B : -90.651688
[setup in-reg] rst_n -> _68685_/RESET_B : -90.651688
[setup in-reg] rst_n -> _68686_/RESET_B : -90.651688
[setup in-reg] rst_n -> _68687_/RESET_B : -90.651688
[setup in-reg] rst_n -> _68688_/RESET_B : -90.651688
[setup in-reg] rst_n -> _68689_/RESET_B : -90.651688
[setup in-reg] rst_n -> _68690_/RESET_B : -90.651688
[setup in-reg] rst_n -> _68691_/RESET_B : -90.651688
[setup in-reg] rst_n -> _68692_/RESET_B : -90.651688
[setup in-reg] rst_n -> _68693_/RESET_B : -90.651688
[setup in-reg] rst_n -> _68694_/RESET_B : -90.651688
[setup in-reg] rst_n -> _68695_/RESET_B : -90.651688
[setup in-reg] rst_n -> _68696_/RESET_B : -90.651688
[setup in-reg] rst_n -> _68697_/RESET_B : -90.651688
[setup in-reg] rst_n -> _68698_/RESET_B : -90.651688
[setup in-reg] rst_n -> _68699_/RESET_B : -90.651688
[setup in-reg] rst_n -> _68700_/RESET_B : -90.651688
[setup in-reg] rst_n -> _68701_/RESET_B : -90.651688
[setup in-reg] rst_n -> _68702_/RESET_B : -90.651688
[setup in-reg] rst_n -> _68703_/RESET_B : -90.651688
[setup in-reg] rst_n -> _68704_/RESET_B : -90.651688
[setup in-reg] rst_n -> _68705_/RESET_B : -90.651688
[setup in-reg] rst_n -> _68706_/RESET_B : -90.651688
[setup in-reg] rst_n -> _68707_/RESET_B : -90.651688
[setup in-reg] rst_n -> _68708_/RESET_B : -90.651688
[setup in-reg] rst_n -> _68709_/RESET_B : -90.651688
[setup in-reg] rst_n -> _68710_/RESET_B : -90.651688
[setup in-reg] rst_n -> _68711_/RESET_B : -90.651688
[setup in-reg] rst_n -> _68712_/RESET_B : -90.651688
[setup in-reg] rst_n -> _68713_/RESET_B : -90.651688
[setup in-reg] rst_n -> _68714_/RESET_B : -90.651688
[setup in-reg] rst_n -> _68715_/RESET_B : -90.651688
[setup in-reg] rst_n -> _68716_/RESET_B : -90.651688
[setup in-reg] rst_n -> _68717_/RESET_B : -90.651688
[setup in-reg] rst_n -> _68718_/RESET_B : -90.651688
[setup in-reg] rst_n -> _68719_/RESET_B : -90.651688
[setup in-reg] rst_n -> _68720_/RESET_B : -90.651688
[setup in-reg] rst_n -> _68721_/RESET_B : -90.651688
[setup in-reg] rst_n -> _68722_/RESET_B : -90.651688
[setup in-reg] rst_n -> _68723_/RESET_B : -90.651688
[setup in-reg] rst_n -> _68724_/RESET_B : -90.651688
[setup in-reg] rst_n -> _68725_/RESET_B : -90.651688
[setup in-reg] rst_n -> _68726_/RESET_B : -90.651688
[setup in-reg] rst_n -> _68727_/RESET_B : -90.651688
[setup in-reg] rst_n -> _68728_/RESET_B : -90.651688
[setup in-reg] rst_n -> _68729_/RESET_B : -90.651688
[setup in-reg] rst_n -> _68730_/RESET_B : -90.651688
[setup in-reg] rst_n -> _68731_/RESET_B : -90.651688
[setup in-reg] rst_n -> _68732_/RESET_B : -90.651688
[setup in-reg] rst_n -> _68733_/RESET_B : -90.651688
[setup in-reg] rst_n -> _68734_/RESET_B : -90.651688
[setup in-reg] rst_n -> _68735_/RESET_B : -90.651688
[setup in-reg] rst_n -> _68736_/RESET_B : -90.651688
[setup in-reg] rst_n -> _68737_/RESET_B : -90.651688
[setup in-reg] rst_n -> _68738_/RESET_B : -90.651688
[setup in-reg] rst_n -> _68739_/RESET_B : -90.651688
[setup in-reg] rst_n -> _68740_/RESET_B : -90.651688
[setup in-reg] rst_n -> _68741_/RESET_B : -90.651688
[setup in-reg] rst_n -> _68742_/RESET_B : -90.651688
[setup in-reg] rst_n -> _68743_/RESET_B : -90.651688
[setup in-reg] rst_n -> _68744_/RESET_B : -90.651688
[setup in-reg] rst_n -> _68745_/RESET_B : -90.651688
[setup in-reg] rst_n -> _68746_/RESET_B : -90.651688
[setup in-reg] rst_n -> _68747_/RESET_B : -90.651688
[setup in-reg] rst_n -> _68748_/RESET_B : -90.651688
[setup in-reg] rst_n -> _68749_/RESET_B : -90.651688
[setup in-reg] rst_n -> _68750_/RESET_B : -90.651688
[setup in-reg] rst_n -> _68751_/RESET_B : -90.651688
[setup in-reg] rst_n -> _68752_/RESET_B : -90.651688
[setup in-reg] rst_n -> _68753_/RESET_B : -90.651688
[setup in-reg] rst_n -> _68754_/RESET_B : -90.651688
[setup in-reg] rst_n -> _68755_/RESET_B : -90.651688
[setup in-reg] rst_n -> _68756_/RESET_B : -90.651688
[setup in-reg] rst_n -> _68757_/RESET_B : -90.651688
[setup in-reg] rst_n -> _68758_/RESET_B : -90.651688
[setup in-reg] rst_n -> _68759_/RESET_B : -90.651688
[setup in-reg] rst_n -> _68760_/RESET_B : -90.651688
[setup in-reg] rst_n -> _68761_/RESET_B : -90.651688
[setup in-reg] rst_n -> _68762_/RESET_B : -90.651688
[setup in-reg] rst_n -> _68763_/RESET_B : -90.651688
[setup in-reg] rst_n -> _68764_/RESET_B : -90.651688
[setup in-reg] rst_n -> _68765_/RESET_B : -90.651688
[setup in-reg] rst_n -> _68766_/RESET_B : -90.651688
[setup in-reg] rst_n -> _68767_/RESET_B : -90.651688
[setup in-reg] rst_n -> _68768_/RESET_B : -90.651688
[setup in-reg] rst_n -> _68769_/RESET_B : -90.651688
[setup in-reg] rst_n -> _68770_/RESET_B : -90.651688
[setup in-reg] rst_n -> _68771_/RESET_B : -90.651688
[setup in-reg] rst_n -> _68772_/RESET_B : -90.651688
[setup in-reg] rst_n -> _68773_/RESET_B : -90.651688
[setup in-reg] rst_n -> _68774_/RESET_B : -90.651688
[setup in-reg] rst_n -> _68775_/RESET_B : -90.651688
[setup in-reg] rst_n -> _68776_/RESET_B : -90.651688
[setup in-reg] rst_n -> _68777_/RESET_B : -90.651688
[setup in-reg] rst_n -> _68778_/RESET_B : -90.651688
[setup in-reg] rst_n -> _68779_/RESET_B : -90.651688
[setup in-reg] rst_n -> _68780_/RESET_B : -90.651688
[setup in-reg] rst_n -> _68781_/RESET_B : -90.651688
[setup in-reg] rst_n -> _68782_/RESET_B : -90.651688
[setup in-reg] rst_n -> _68783_/RESET_B : -90.651688
[setup in-reg] rst_n -> _68784_/RESET_B : -90.651688
[setup in-reg] rst_n -> _68785_/RESET_B : -90.651688
[setup in-reg] rst_n -> _68786_/RESET_B : -90.651688
[setup in-reg] rst_n -> _68787_/RESET_B : -90.651688
[setup in-reg] rst_n -> _68788_/RESET_B : -90.651688
[setup in-reg] rst_n -> _68789_/RESET_B : -90.651688
[setup in-reg] rst_n -> _68790_/RESET_B : -90.651688
[setup in-reg] rst_n -> _68791_/RESET_B : -90.651688
[setup in-reg] rst_n -> _68792_/RESET_B : -90.651688
[setup in-reg] rst_n -> _68793_/RESET_B : -90.651688
[setup in-reg] rst_n -> _68794_/RESET_B : -90.651688
[setup in-reg] rst_n -> _68795_/RESET_B : -90.651688
[setup in-reg] rst_n -> _68796_/RESET_B : -90.651688
[setup in-reg] rst_n -> _68797_/RESET_B : -90.651688
[setup in-reg] rst_n -> _68798_/RESET_B : -90.651688
[setup in-reg] rst_n -> _68799_/RESET_B : -90.651688
[setup in-reg] rst_n -> _68800_/RESET_B : -90.651688
[setup in-reg] rst_n -> _68801_/RESET_B : -90.651688
[setup in-reg] rst_n -> _68802_/RESET_B : -90.651688
[setup in-reg] rst_n -> _68803_/RESET_B : -90.651688
[setup in-reg] rst_n -> _68804_/RESET_B : -90.651688
[setup in-reg] rst_n -> _68805_/RESET_B : -90.651688
[setup in-reg] rst_n -> _68806_/RESET_B : -90.651688
[setup in-reg] rst_n -> _68807_/RESET_B : -90.651688
[setup in-reg] rst_n -> _68808_/RESET_B : -90.651688
[setup in-reg] rst_n -> _68809_/RESET_B : -90.651688
[setup in-reg] rst_n -> _68810_/RESET_B : -90.651688
[setup in-reg] rst_n -> _68811_/RESET_B : -90.651688
[setup in-reg] rst_n -> _68812_/RESET_B : -90.651688
[setup in-reg] rst_n -> _68813_/RESET_B : -90.651688
[setup in-reg] rst_n -> _68814_/RESET_B : -90.651688
[setup in-reg] rst_n -> _68815_/RESET_B : -90.651688
[setup in-reg] rst_n -> _68816_/RESET_B : -90.651688
[setup in-reg] rst_n -> _68817_/RESET_B : -90.651688
[setup in-reg] rst_n -> _68818_/RESET_B : -90.651688
[setup in-reg] rst_n -> _68819_/RESET_B : -90.651688
[setup in-reg] rst_n -> _68820_/RESET_B : -90.651688
[setup in-reg] rst_n -> _68821_/RESET_B : -90.651688
[setup in-reg] rst_n -> _68822_/RESET_B : -90.651688
[setup in-reg] rst_n -> _68823_/RESET_B : -90.651688
[setup in-reg] rst_n -> _68824_/RESET_B : -90.651688
[setup in-reg] rst_n -> _68825_/RESET_B : -90.651688
[setup in-reg] rst_n -> _68826_/RESET_B : -90.651688
[setup in-reg] rst_n -> _68827_/RESET_B : -90.651688
[setup in-reg] rst_n -> _68828_/RESET_B : -90.651688
[setup in-reg] rst_n -> _68829_/RESET_B : -90.651688
[setup in-reg] rst_n -> _68830_/RESET_B : -90.651688
[setup in-reg] rst_n -> _68831_/RESET_B : -90.651688
[setup in-reg] rst_n -> _68832_/RESET_B : -90.651688
[setup in-reg] rst_n -> _68833_/RESET_B : -90.651688
[setup in-reg] rst_n -> _68834_/RESET_B : -90.651688
[setup in-reg] rst_n -> _68835_/RESET_B : -90.651688
[setup in-reg] rst_n -> _68836_/RESET_B : -90.651688
[setup in-reg] rst_n -> _68837_/RESET_B : -90.651688
[setup in-reg] rst_n -> _68838_/RESET_B : -90.651688
[setup in-reg] rst_n -> _68839_/RESET_B : -90.651688
[setup in-reg] rst_n -> _68840_/RESET_B : -90.651688
[setup in-reg] rst_n -> _68841_/RESET_B : -90.651688
[setup in-reg] rst_n -> _68842_/RESET_B : -90.651688
[setup in-reg] rst_n -> _68843_/RESET_B : -90.651688
[setup in-reg] rst_n -> _68844_/RESET_B : -90.651688
[setup in-reg] rst_n -> _68845_/RESET_B : -90.651688
[setup in-reg] rst_n -> _68846_/RESET_B : -90.651688
[setup in-reg] rst_n -> _68847_/RESET_B : -90.651688
[setup in-reg] rst_n -> _68848_/RESET_B : -90.651688
[setup in-reg] rst_n -> _68849_/RESET_B : -90.651688
[setup in-reg] rst_n -> _68850_/RESET_B : -90.651688
[setup in-reg] rst_n -> _68851_/RESET_B : -90.651688
[setup in-reg] rst_n -> _68852_/RESET_B : -90.651688
[setup in-reg] rst_n -> _68853_/RESET_B : -90.651688
[setup in-reg] rst_n -> _68854_/RESET_B : -90.651688
[setup in-reg] rst_n -> _68855_/RESET_B : -90.651688
[setup in-reg] rst_n -> _68856_/RESET_B : -90.651688
[setup in-reg] rst_n -> _68857_/RESET_B : -90.651688
[setup in-reg] rst_n -> _68858_/RESET_B : -90.651688
[setup in-reg] rst_n -> _68859_/RESET_B : -90.651688
[setup in-reg] rst_n -> _68860_/RESET_B : -90.651688
[setup in-reg] rst_n -> _68861_/RESET_B : -90.651688
[setup in-reg] rst_n -> _68862_/RESET_B : -90.651688
[setup in-reg] rst_n -> _68863_/RESET_B : -90.651688
[setup in-reg] rst_n -> _68864_/RESET_B : -90.651688
[setup in-reg] rst_n -> _68865_/RESET_B : -90.651688
[setup in-reg] rst_n -> _68866_/RESET_B : -90.651688
[setup in-reg] rst_n -> _68867_/RESET_B : -90.651688
[setup in-reg] rst_n -> _68868_/RESET_B : -90.651688
[setup in-reg] rst_n -> _68869_/RESET_B : -90.651688
[setup in-reg] rst_n -> _68870_/RESET_B : -90.651688
[setup in-reg] rst_n -> _68871_/RESET_B : -90.651688
[setup in-reg] rst_n -> _68872_/RESET_B : -90.651688
[setup in-reg] rst_n -> _68873_/RESET_B : -90.651688
[setup in-reg] rst_n -> _68874_/RESET_B : -90.651688
[setup in-reg] rst_n -> _68875_/RESET_B : -90.651688
[setup in-reg] rst_n -> _68876_/RESET_B : -90.651688
[setup in-reg] rst_n -> _68877_/RESET_B : -90.651688
[setup in-reg] rst_n -> _68878_/RESET_B : -90.651688
[setup in-reg] rst_n -> _68879_/RESET_B : -90.651688
[setup in-reg] rst_n -> _68880_/RESET_B : -90.651688
[setup in-reg] rst_n -> _68881_/RESET_B : -90.651688
[setup in-reg] rst_n -> _68882_/RESET_B : -90.651688
[setup in-reg] rst_n -> _68883_/RESET_B : -90.651688
[setup in-reg] rst_n -> _68884_/RESET_B : -90.651688
[setup in-reg] rst_n -> _68885_/RESET_B : -90.651688
[setup in-reg] rst_n -> _68886_/RESET_B : -90.651688
[setup in-reg] rst_n -> _68887_/RESET_B : -90.651688
[setup in-reg] rst_n -> _68888_/RESET_B : -90.651688
[setup in-reg] rst_n -> _68889_/RESET_B : -90.651688
[setup in-reg] rst_n -> _68890_/RESET_B : -90.651688
[setup in-reg] rst_n -> _68891_/RESET_B : -90.651688
[setup in-reg] rst_n -> _68892_/RESET_B : -90.651688
[setup in-reg] rst_n -> _68893_/RESET_B : -90.651688
[setup in-reg] rst_n -> _68894_/RESET_B : -90.651688
[setup in-reg] rst_n -> _68895_/RESET_B : -90.651688
[setup in-reg] rst_n -> _68896_/RESET_B : -90.651688
[setup in-reg] rst_n -> _68897_/RESET_B : -90.651688
[setup in-reg] rst_n -> _68898_/RESET_B : -90.651688
[setup in-reg] rst_n -> _68899_/RESET_B : -90.651688
[setup in-reg] rst_n -> _68900_/RESET_B : -90.651688
[setup in-reg] rst_n -> _68901_/RESET_B : -90.651688
[setup in-reg] rst_n -> _68902_/RESET_B : -90.651688
[setup in-reg] rst_n -> _68903_/RESET_B : -90.651688
[setup in-reg] rst_n -> _68904_/RESET_B : -90.651688
[setup in-reg] rst_n -> _68905_/RESET_B : -90.651688
[setup in-reg] rst_n -> _68906_/RESET_B : -90.651688
[setup in-reg] rst_n -> _68907_/RESET_B : -90.651688
[setup in-reg] rst_n -> _68908_/RESET_B : -90.651688
[setup in-reg] rst_n -> _68909_/RESET_B : -90.651688
[setup in-reg] rst_n -> _68910_/RESET_B : -90.651688
[setup in-reg] rst_n -> _68911_/RESET_B : -90.651688
[setup in-reg] rst_n -> _68912_/RESET_B : -90.651688
[setup in-reg] rst_n -> _68913_/RESET_B : -90.651688
[setup in-reg] rst_n -> _68914_/RESET_B : -90.651688
[setup in-reg] rst_n -> _68915_/RESET_B : -90.651688
[setup in-reg] rst_n -> _68916_/RESET_B : -90.651688
[setup in-reg] rst_n -> _68917_/RESET_B : -90.651688
[setup in-reg] rst_n -> _68918_/RESET_B : -90.651688
[setup in-reg] rst_n -> _68919_/RESET_B : -90.651688
[setup in-reg] rst_n -> _68920_/RESET_B : -90.651688
[setup in-reg] rst_n -> _68921_/RESET_B : -90.651688
[setup in-reg] rst_n -> _68922_/RESET_B : -90.651688
[setup in-reg] rst_n -> _68923_/RESET_B : -90.651688
[setup in-reg] rst_n -> _68924_/RESET_B : -90.651688
[setup in-reg] rst_n -> _68925_/RESET_B : -90.651688
[setup in-reg] rst_n -> _68926_/RESET_B : -90.651688
[setup in-reg] rst_n -> _68927_/RESET_B : -90.651688
[setup in-reg] rst_n -> _68928_/RESET_B : -90.651688
[setup in-reg] rst_n -> _68929_/RESET_B : -90.651688
[setup in-reg] rst_n -> _68930_/RESET_B : -90.651688
[setup in-reg] rst_n -> _68931_/RESET_B : -90.651688
[setup in-reg] rst_n -> _68932_/RESET_B : -90.651688
[setup in-reg] rst_n -> _68933_/RESET_B : -90.651688
[setup in-reg] rst_n -> _68934_/RESET_B : -90.651688
[setup in-reg] rst_n -> _68935_/RESET_B : -90.651688
[setup in-reg] rst_n -> _68936_/RESET_B : -90.651688
[setup in-reg] rst_n -> _68937_/RESET_B : -90.651688
[setup in-reg] rst_n -> _68938_/RESET_B : -90.651688
[setup in-reg] rst_n -> _68939_/RESET_B : -90.651688
[setup in-reg] rst_n -> _68940_/RESET_B : -90.651688
[setup in-reg] rst_n -> _68941_/RESET_B : -90.651688
[setup in-reg] rst_n -> _68942_/RESET_B : -90.651688
[setup in-reg] rst_n -> _68943_/RESET_B : -90.651688
[setup in-reg] rst_n -> _68944_/RESET_B : -90.651688
[setup in-reg] rst_n -> _68945_/RESET_B : -90.651688
[setup in-reg] rst_n -> _68946_/RESET_B : -90.651688
[setup in-reg] rst_n -> _68947_/RESET_B : -90.651688
[setup in-reg] rst_n -> _68948_/RESET_B : -90.651688
[setup in-reg] rst_n -> _68949_/RESET_B : -90.651688
[setup in-reg] rst_n -> _68950_/RESET_B : -90.651688
[setup in-reg] rst_n -> _68951_/RESET_B : -90.651688
[setup in-reg] rst_n -> _68952_/RESET_B : -90.651688
[setup in-reg] rst_n -> _68953_/RESET_B : -90.651688
[setup in-reg] rst_n -> _68954_/RESET_B : -90.651688
[setup in-reg] rst_n -> _68955_/RESET_B : -90.651688
[setup in-reg] rst_n -> _68956_/RESET_B : -90.651688
[setup in-reg] rst_n -> _68957_/RESET_B : -90.651688
[setup in-reg] rst_n -> _68958_/RESET_B : -90.651688
[setup in-reg] rst_n -> _68959_/RESET_B : -90.651688
[setup in-reg] rst_n -> _68960_/RESET_B : -90.651688
[setup in-reg] rst_n -> _68961_/RESET_B : -90.651688
[setup in-reg] rst_n -> _68962_/RESET_B : -90.651688
[setup in-reg] rst_n -> _68963_/RESET_B : -90.651688
[setup in-reg] rst_n -> _68964_/RESET_B : -90.651688
[setup in-reg] rst_n -> _68965_/RESET_B : -90.651688
[setup in-reg] rst_n -> _68966_/RESET_B : -90.651688
[setup in-reg] rst_n -> _68967_/RESET_B : -90.651688
[setup in-reg] rst_n -> _68968_/RESET_B : -90.651688
[setup in-reg] rst_n -> _68969_/RESET_B : -90.651688
[setup in-reg] rst_n -> _68970_/RESET_B : -90.651688
[setup in-reg] rst_n -> _68971_/RESET_B : -90.651688
[setup in-reg] rst_n -> _68972_/RESET_B : -90.651688
[setup in-reg] rst_n -> _68973_/RESET_B : -90.651688
[setup in-reg] rst_n -> _68974_/RESET_B : -90.651688
[setup in-reg] rst_n -> _68975_/RESET_B : -90.651688
[setup in-reg] rst_n -> _68976_/RESET_B : -90.651688
[setup in-reg] rst_n -> _68977_/RESET_B : -90.651688
[setup in-reg] rst_n -> _68978_/RESET_B : -90.651688
[setup in-reg] rst_n -> _68979_/RESET_B : -90.651688
[setup in-reg] rst_n -> _68980_/RESET_B : -90.651688
[setup in-reg] rst_n -> _68981_/RESET_B : -90.651688
[setup in-reg] rst_n -> _68982_/RESET_B : -90.651688
[setup in-reg] rst_n -> _68983_/RESET_B : -90.651688
[setup in-reg] rst_n -> _68984_/RESET_B : -90.651688
[setup in-reg] rst_n -> _68985_/RESET_B : -90.651688
[setup in-reg] rst_n -> _68986_/RESET_B : -90.651688
[setup in-reg] rst_n -> _68987_/RESET_B : -90.651688
[setup in-reg] rst_n -> _68988_/RESET_B : -90.651688
[setup in-reg] rst_n -> _68989_/RESET_B : -90.651688
[setup in-reg] rst_n -> _68990_/RESET_B : -90.651688
[setup in-reg] rst_n -> _68991_/RESET_B : -90.651688
[setup in-reg] rst_n -> _68992_/RESET_B : -90.651688
[setup in-reg] rst_n -> _68993_/RESET_B : -90.651688
[setup in-reg] rst_n -> _68994_/RESET_B : -90.651688
[setup in-reg] rst_n -> _68995_/RESET_B : -90.651688
[setup in-reg] rst_n -> _68996_/RESET_B : -90.651688
[setup in-reg] rst_n -> _68997_/RESET_B : -90.651688
[setup in-reg] rst_n -> _68998_/RESET_B : -90.651688
[setup in-reg] rst_n -> _68999_/RESET_B : -90.651688
[setup in-reg] rst_n -> _69000_/RESET_B : -90.651688
[setup in-reg] rst_n -> _69001_/RESET_B : -90.651688
[setup in-reg] rst_n -> _69002_/RESET_B : -90.651688
[setup in-reg] rst_n -> _69003_/RESET_B : -90.651688
[setup in-reg] rst_n -> _69004_/RESET_B : -90.651688
[setup in-reg] rst_n -> _69005_/RESET_B : -90.651688
[setup in-reg] rst_n -> _69006_/RESET_B : -90.651688
[setup in-reg] rst_n -> _69007_/RESET_B : -90.651688
[setup in-reg] rst_n -> _69008_/RESET_B : -90.651688
[setup in-reg] rst_n -> _69009_/RESET_B : -90.651688
[setup in-reg] rst_n -> _69010_/RESET_B : -90.651688
[setup in-reg] rst_n -> _69011_/RESET_B : -90.651688
[setup in-reg] rst_n -> _69012_/RESET_B : -90.651688
[setup in-reg] rst_n -> _69013_/RESET_B : -90.651688
[setup in-reg] rst_n -> _69014_/RESET_B : -90.651688
[setup in-reg] rst_n -> _69015_/RESET_B : -90.651688
[setup in-reg] rst_n -> _69016_/RESET_B : -90.651688
[setup in-reg] rst_n -> _69017_/RESET_B : -90.651688
[setup in-reg] rst_n -> _69018_/RESET_B : -90.651688
[setup in-reg] rst_n -> _69019_/RESET_B : -90.651688
[setup in-reg] rst_n -> _69020_/RESET_B : -90.651688
[setup in-reg] rst_n -> _69021_/RESET_B : -90.651688
[setup in-reg] rst_n -> _69022_/RESET_B : -90.651688
[setup in-reg] rst_n -> _69023_/RESET_B : -90.651688
[setup in-reg] rst_n -> _69024_/RESET_B : -90.651688
[setup in-reg] rst_n -> _69025_/RESET_B : -90.651688
[setup in-reg] rst_n -> _69026_/RESET_B : -90.651688
[setup in-reg] rst_n -> _69027_/RESET_B : -90.651688
[setup in-reg] rst_n -> _69028_/RESET_B : -90.651688
[setup in-reg] rst_n -> _69029_/RESET_B : -90.651688
[setup in-reg] rst_n -> _69030_/RESET_B : -90.651688
[setup in-reg] rst_n -> _69031_/RESET_B : -90.651688
[setup in-reg] rst_n -> _69032_/RESET_B : -90.651688
[setup in-reg] rst_n -> _69033_/RESET_B : -90.651688
[setup in-reg] rst_n -> _69034_/RESET_B : -90.651688
[setup in-reg] rst_n -> _69035_/RESET_B : -90.651688
[setup in-reg] rst_n -> _69036_/RESET_B : -90.651688
[setup in-reg] rst_n -> _69037_/RESET_B : -90.651688
[setup in-reg] rst_n -> _69038_/RESET_B : -90.651688
[setup in-reg] rst_n -> _69039_/RESET_B : -90.651688
[setup in-reg] rst_n -> _69040_/RESET_B : -90.651688
[setup in-reg] rst_n -> _69041_/RESET_B : -90.651688
[setup in-reg] rst_n -> _69042_/RESET_B : -90.651688
[setup in-reg] rst_n -> _69043_/RESET_B : -90.651688
[setup in-reg] rst_n -> _69044_/RESET_B : -90.651688
[setup in-reg] rst_n -> _69045_/RESET_B : -90.651688
[setup in-reg] rst_n -> _69046_/RESET_B : -90.651688
[setup in-reg] rst_n -> _69047_/RESET_B : -90.651688
[setup in-reg] rst_n -> _69048_/RESET_B : -90.651688
[setup in-reg] rst_n -> _69049_/RESET_B : -90.651688
[setup in-reg] rst_n -> _69050_/RESET_B : -90.651688
[setup in-reg] rst_n -> _69051_/RESET_B : -90.651688
[setup in-reg] rst_n -> _69052_/RESET_B : -90.651688
[setup in-reg] rst_n -> _69053_/RESET_B : -90.651688
[setup in-reg] rst_n -> _69054_/RESET_B : -90.651688
[setup in-reg] rst_n -> _69055_/RESET_B : -90.651688
[setup in-reg] rst_n -> _69056_/RESET_B : -90.651688
[setup in-reg] rst_n -> _69057_/RESET_B : -90.651688
[setup in-reg] rst_n -> _69058_/RESET_B : -90.651688
[setup in-reg] rst_n -> _69059_/RESET_B : -90.651688
[setup in-reg] rst_n -> _69060_/RESET_B : -90.651688
[setup in-reg] rst_n -> _69061_/RESET_B : -90.651688
[setup in-reg] rst_n -> _69062_/RESET_B : -90.651688
[setup in-reg] rst_n -> _69063_/RESET_B : -90.651688
[setup in-reg] rst_n -> _69064_/RESET_B : -90.651688
[setup in-reg] rst_n -> _69065_/RESET_B : -90.651688
[setup in-reg] rst_n -> _69066_/RESET_B : -90.651688
[setup in-reg] rst_n -> _69067_/RESET_B : -90.651688
[setup in-reg] rst_n -> _69068_/RESET_B : -90.651688
[setup in-reg] rst_n -> _69069_/RESET_B : -90.651688
[setup in-reg] rst_n -> _69070_/RESET_B : -90.651688
[setup in-reg] rst_n -> _69071_/RESET_B : -90.651688
[setup in-reg] rst_n -> _69072_/RESET_B : -90.651688
[setup in-reg] rst_n -> _69073_/RESET_B : -90.651688
[setup in-reg] rst_n -> _69074_/RESET_B : -90.651688
[setup in-reg] rst_n -> _69075_/RESET_B : -90.651688
[setup in-reg] rst_n -> _69076_/RESET_B : -90.651688
[setup in-reg] rst_n -> _69077_/RESET_B : -90.651688
[setup in-reg] rst_n -> _69078_/RESET_B : -90.651688
[setup in-reg] rst_n -> _69079_/RESET_B : -90.651688
[setup in-reg] rst_n -> _69080_/RESET_B : -90.651688
[setup in-reg] rst_n -> _69081_/RESET_B : -90.651688
[setup in-reg] rst_n -> _69082_/RESET_B : -90.651688
[setup in-reg] rst_n -> _69083_/RESET_B : -90.651688
[setup in-reg] rst_n -> _69084_/RESET_B : -90.651688
[setup in-reg] rst_n -> _69085_/RESET_B : -90.651688
[setup in-reg] rst_n -> _69086_/RESET_B : -90.651688
[setup in-reg] rst_n -> _69087_/RESET_B : -90.651688
[setup in-reg] rst_n -> _69088_/RESET_B : -90.651688
[setup in-reg] rst_n -> _69089_/RESET_B : -90.651688
[setup in-reg] rst_n -> _69090_/RESET_B : -90.651688
[setup in-reg] rst_n -> _69091_/RESET_B : -90.651688
[setup in-reg] rst_n -> _69092_/RESET_B : -90.651688
[setup in-reg] rst_n -> _69093_/RESET_B : -90.651688
[setup in-reg] rst_n -> _69094_/RESET_B : -90.651688
[setup in-reg] rst_n -> _69095_/RESET_B : -90.651688
[setup in-reg] rst_n -> _69096_/RESET_B : -90.651688
[setup in-reg] rst_n -> _69097_/RESET_B : -90.651688
[setup in-reg] rst_n -> _69098_/RESET_B : -90.651688
[setup in-reg] rst_n -> _69099_/RESET_B : -90.651688
[setup in-reg] rst_n -> _69100_/RESET_B : -90.651688
[setup in-reg] rst_n -> _69101_/RESET_B : -90.651688
[setup in-reg] rst_n -> _69102_/RESET_B : -90.651688
[setup in-reg] rst_n -> _69103_/RESET_B : -90.651688
[setup in-reg] rst_n -> _69104_/RESET_B : -90.651688
[setup in-reg] rst_n -> _69105_/RESET_B : -90.651688
[setup in-reg] rst_n -> _69106_/RESET_B : -90.651688
[setup in-reg] rst_n -> _69107_/RESET_B : -90.651688
[setup in-reg] rst_n -> _69108_/RESET_B : -90.651688
[setup in-reg] rst_n -> _69109_/RESET_B : -90.651688
[setup in-reg] rst_n -> _69110_/RESET_B : -90.651688
[setup in-reg] rst_n -> _69111_/RESET_B : -90.651688
[setup in-reg] rst_n -> _69112_/RESET_B : -90.651688
[setup in-reg] rst_n -> _69113_/RESET_B : -90.651688
[setup in-reg] rst_n -> _69114_/RESET_B : -90.651688
[setup in-reg] rst_n -> _69115_/RESET_B : -90.651688
[setup in-reg] rst_n -> _69116_/RESET_B : -90.651688
[setup in-reg] rst_n -> _69117_/RESET_B : -90.651688
[setup in-reg] rst_n -> _69118_/RESET_B : -90.651688
[setup in-reg] rst_n -> _69119_/RESET_B : -90.651688
[setup in-reg] rst_n -> _69120_/RESET_B : -90.651688
[setup in-reg] rst_n -> _69121_/RESET_B : -90.651688
[setup in-reg] rst_n -> _69122_/RESET_B : -90.651688
[setup in-reg] rst_n -> _69123_/RESET_B : -90.651688
[setup in-reg] rst_n -> _69124_/RESET_B : -90.651688
[setup in-reg] rst_n -> _69125_/RESET_B : -90.651688
[setup in-reg] rst_n -> _69126_/RESET_B : -90.651688
[setup in-reg] rst_n -> _69127_/RESET_B : -90.651688
[setup in-reg] rst_n -> _69128_/RESET_B : -90.651688
[setup in-reg] rst_n -> _69129_/RESET_B : -90.651688
[setup in-reg] rst_n -> _69130_/RESET_B : -90.651688
[setup in-reg] rst_n -> _69131_/RESET_B : -90.651688
[setup in-reg] rst_n -> _69132_/RESET_B : -90.651688
[setup in-reg] rst_n -> _69133_/RESET_B : -90.651688
[setup in-reg] rst_n -> _69134_/RESET_B : -90.651688
[setup in-reg] rst_n -> _69135_/RESET_B : -90.651688
[setup in-reg] rst_n -> _69136_/RESET_B : -90.651688
[setup in-reg] rst_n -> _69137_/RESET_B : -90.651688
[setup in-reg] rst_n -> _69138_/RESET_B : -90.651688
[setup in-reg] rst_n -> _69139_/RESET_B : -90.651688
[setup in-reg] rst_n -> _69140_/RESET_B : -90.651688
[setup in-reg] rst_n -> _69141_/RESET_B : -90.651688
[setup in-reg] rst_n -> _69142_/RESET_B : -90.651688
[setup in-reg] rst_n -> _69143_/RESET_B : -90.651688
[setup in-reg] rst_n -> _69144_/RESET_B : -90.651688
[setup in-reg] rst_n -> _69145_/RESET_B : -90.651688
[setup in-reg] rst_n -> _69146_/RESET_B : -90.651688
[setup in-reg] rst_n -> _69147_/RESET_B : -90.651688
[setup in-reg] rst_n -> _69148_/RESET_B : -90.651688
[setup in-reg] rst_n -> _69149_/RESET_B : -90.651688
[setup in-reg] rst_n -> _69150_/RESET_B : -90.651688
[setup in-reg] rst_n -> _69151_/RESET_B : -90.651688
[setup in-reg] rst_n -> _69152_/RESET_B : -90.651688
[setup in-reg] rst_n -> _69153_/RESET_B : -90.651688
[setup in-reg] rst_n -> _69154_/RESET_B : -90.651688
[setup in-reg] rst_n -> _69155_/RESET_B : -90.651688
[setup in-reg] rst_n -> _69156_/RESET_B : -90.651688
[setup in-reg] rst_n -> _69157_/RESET_B : -90.651688
[setup in-reg] rst_n -> _69158_/RESET_B : -90.651688
[setup in-reg] rst_n -> _69159_/RESET_B : -90.651688
[setup in-reg] rst_n -> _69160_/RESET_B : -90.651688
[setup in-reg] rst_n -> _69161_/RESET_B : -90.651688
[setup in-reg] rst_n -> _69162_/RESET_B : -90.651688
[setup in-reg] rst_n -> _69163_/RESET_B : -90.651688
[setup in-reg] rst_n -> _69164_/RESET_B : -90.651688
[setup in-reg] rst_n -> _69165_/RESET_B : -90.651688
[setup in-reg] rst_n -> _69166_/RESET_B : -90.651688
[setup in-reg] rst_n -> _69167_/RESET_B : -90.651688
[setup in-reg] rst_n -> _69168_/RESET_B : -90.651688
[setup in-reg] rst_n -> _69169_/RESET_B : -90.651688
[setup in-reg] rst_n -> _69170_/RESET_B : -90.651688
[setup in-reg] rst_n -> _69171_/RESET_B : -90.651688
[setup in-reg] rst_n -> _69172_/RESET_B : -90.651688
[setup in-reg] rst_n -> _69173_/RESET_B : -90.651688
[setup in-reg] rst_n -> _69174_/RESET_B : -90.651688
[setup in-reg] rst_n -> _69175_/RESET_B : -90.651688
[setup in-reg] rst_n -> _69176_/RESET_B : -90.651688
[setup in-reg] rst_n -> _69177_/RESET_B : -90.651688
[setup in-reg] rst_n -> _69178_/RESET_B : -90.651688
[setup in-reg] rst_n -> _69179_/RESET_B : -90.651688
[setup in-reg] rst_n -> _69180_/RESET_B : -90.651688
[setup in-reg] rst_n -> _69181_/RESET_B : -90.651688
[setup in-reg] rst_n -> _69182_/RESET_B : -90.651688
[setup in-reg] rst_n -> _69183_/RESET_B : -90.651688
[setup in-reg] rst_n -> _69184_/RESET_B : -90.651688
[setup in-reg] rst_n -> _69185_/RESET_B : -90.651688
[setup in-reg] rst_n -> _69186_/RESET_B : -90.651688
[setup in-reg] rst_n -> _69187_/RESET_B : -90.651688
[setup in-reg] rst_n -> _69188_/RESET_B : -90.651688
[setup in-reg] rst_n -> _69189_/RESET_B : -90.651688
[setup in-reg] rst_n -> _69190_/RESET_B : -90.651688
[setup in-reg] rst_n -> _69191_/RESET_B : -90.651688
[setup in-reg] rst_n -> _69192_/RESET_B : -90.651688
[setup in-reg] rst_n -> _69193_/RESET_B : -90.651688
[setup in-reg] rst_n -> _69194_/RESET_B : -90.651688
[setup in-reg] rst_n -> _69195_/RESET_B : -90.651688
[setup in-reg] rst_n -> _69196_/RESET_B : -90.651688
[setup in-reg] rst_n -> _69197_/RESET_B : -90.651688
[setup in-reg] rst_n -> _69198_/RESET_B : -90.651688
[setup in-reg] rst_n -> _69199_/RESET_B : -90.651688
[setup in-reg] rst_n -> _69200_/RESET_B : -90.651688
[setup in-reg] rst_n -> _69201_/RESET_B : -90.651688
[setup in-reg] rst_n -> _69202_/RESET_B : -90.651688
[setup in-reg] rst_n -> _69203_/RESET_B : -90.651688
[setup in-reg] rst_n -> _69204_/RESET_B : -90.651688
[setup in-reg] rst_n -> _69205_/RESET_B : -90.651688
[setup in-reg] rst_n -> _69206_/RESET_B : -90.651688
[setup in-reg] rst_n -> _69207_/RESET_B : -90.651688
[setup in-reg] rst_n -> _69208_/RESET_B : -90.651688
[setup in-reg] rst_n -> _69209_/RESET_B : -90.651688
[setup in-reg] rst_n -> _69210_/RESET_B : -90.651688
[setup in-reg] rst_n -> _69211_/RESET_B : -90.651688
[setup in-reg] rst_n -> _69212_/RESET_B : -90.651688
[setup in-reg] rst_n -> _69213_/RESET_B : -90.651688
[setup in-reg] rst_n -> _69214_/RESET_B : -90.651688
[setup in-reg] rst_n -> _69215_/RESET_B : -90.651688
[setup in-reg] rst_n -> _69216_/RESET_B : -90.651688
[setup in-reg] rst_n -> _69217_/RESET_B : -90.651688
[setup in-reg] rst_n -> _69218_/RESET_B : -90.651688
[setup in-reg] rst_n -> _69219_/RESET_B : -90.651688
[setup in-reg] rst_n -> _69220_/RESET_B : -90.651688
[setup in-reg] rst_n -> _69221_/RESET_B : -90.651688
[setup in-reg] rst_n -> _69222_/RESET_B : -90.651688
[setup in-reg] rst_n -> _69223_/RESET_B : -90.651688
[setup in-reg] rst_n -> _69224_/RESET_B : -90.651688
[setup in-reg] rst_n -> _69225_/RESET_B : -90.651688
[setup in-reg] rst_n -> _69226_/RESET_B : -90.651688
[setup in-reg] rst_n -> _69227_/RESET_B : -90.651688
[setup in-reg] rst_n -> _69228_/RESET_B : -90.651688
[setup in-reg] rst_n -> _69229_/RESET_B : -90.651688
[setup in-reg] rst_n -> _69230_/RESET_B : -90.651688
[setup in-reg] rst_n -> _69231_/RESET_B : -90.651688
[setup in-reg] rst_n -> _69232_/RESET_B : -90.651688
[setup in-reg] rst_n -> _69233_/RESET_B : -90.651688
[setup in-reg] rst_n -> _69234_/RESET_B : -90.651688
[setup in-reg] rst_n -> _69235_/RESET_B : -90.651688
[setup in-reg] rst_n -> _69236_/RESET_B : -90.651688
[setup in-reg] rst_n -> _69237_/RESET_B : -90.651688
[setup in-reg] rst_n -> _69238_/RESET_B : -90.651688
[setup in-reg] rst_n -> _69239_/RESET_B : -90.651688
[setup in-reg] rst_n -> _69240_/RESET_B : -90.651688
[setup in-reg] rst_n -> _69241_/RESET_B : -90.651688
[setup in-reg] rst_n -> _69242_/RESET_B : -90.651688
[setup in-reg] rst_n -> _69243_/RESET_B : -90.651688
[setup in-reg] rst_n -> _69244_/RESET_B : -90.651688
[setup in-reg] rst_n -> _69245_/RESET_B : -90.651688
[setup in-reg] rst_n -> _69246_/RESET_B : -90.651688
[setup in-reg] rst_n -> _69247_/RESET_B : -90.651688
[setup in-reg] rst_n -> _69248_/RESET_B : -90.651688
[setup in-reg] rst_n -> _69249_/RESET_B : -90.651688
[setup in-reg] rst_n -> _69250_/RESET_B : -90.651688
[setup in-reg] rst_n -> _69251_/RESET_B : -90.651688
[setup in-reg] rst_n -> _69252_/RESET_B : -90.651688
[setup in-reg] rst_n -> _69253_/RESET_B : -90.651688
[setup in-reg] rst_n -> _69254_/RESET_B : -90.651688
[setup in-reg] rst_n -> _69255_/RESET_B : -90.651688
[setup in-reg] rst_n -> _69256_/RESET_B : -90.651688
[setup in-reg] rst_n -> _69257_/RESET_B : -90.651688
[setup in-reg] rst_n -> _69258_/RESET_B : -90.651688
[setup in-reg] rst_n -> _69259_/RESET_B : -90.651688
[setup in-reg] rst_n -> _69260_/RESET_B : -90.651688
[setup in-reg] rst_n -> _69261_/RESET_B : -90.651688
[setup in-reg] rst_n -> _69262_/RESET_B : -90.651688
[setup in-reg] rst_n -> _69263_/RESET_B : -90.651688
[setup in-reg] rst_n -> _69264_/RESET_B : -90.651688
[setup in-reg] rst_n -> _69265_/RESET_B : -90.651688
[setup in-reg] rst_n -> _69266_/RESET_B : -90.651688
[setup in-reg] rst_n -> _69267_/RESET_B : -90.651688
[setup in-reg] rst_n -> _69268_/RESET_B : -90.651688
[setup in-reg] rst_n -> _69269_/RESET_B : -90.651688
[setup in-reg] rst_n -> _69270_/RESET_B : -90.651688
[setup in-reg] rst_n -> _69271_/RESET_B : -90.651688
[setup in-reg] rst_n -> _69272_/RESET_B : -90.651688
[setup in-reg] rst_n -> _69273_/RESET_B : -90.651688
[setup in-reg] rst_n -> _69274_/RESET_B : -90.651688
[setup in-reg] rst_n -> _69275_/RESET_B : -90.651688
[setup in-reg] rst_n -> _69276_/RESET_B : -90.651688
[setup in-reg] rst_n -> _69277_/RESET_B : -90.651688
[setup in-reg] rst_n -> _69278_/RESET_B : -90.651688
[setup in-reg] rst_n -> _69279_/RESET_B : -90.651688
[setup in-reg] rst_n -> _69280_/RESET_B : -90.651688
[setup in-reg] rst_n -> _69281_/RESET_B : -90.651688
[setup in-reg] rst_n -> _69282_/RESET_B : -90.651688
[setup in-reg] rst_n -> _69283_/RESET_B : -90.651688
[setup in-reg] rst_n -> _69284_/RESET_B : -90.651688
[setup in-reg] rst_n -> _69285_/RESET_B : -90.651688
[setup in-reg] rst_n -> _69286_/RESET_B : -90.651688
[setup in-reg] rst_n -> _69287_/RESET_B : -90.651688
[setup in-reg] rst_n -> _69288_/RESET_B : -90.651688
[setup in-reg] rst_n -> _69289_/RESET_B : -90.651688
[setup in-reg] rst_n -> _69290_/RESET_B : -90.651688
[setup in-reg] rst_n -> _69291_/RESET_B : -90.651688
[setup in-reg] rst_n -> _69292_/RESET_B : -90.651688
[setup in-reg] rst_n -> _69293_/RESET_B : -90.651688
[setup in-reg] rst_n -> _69294_/RESET_B : -90.651688
[setup in-reg] rst_n -> _69295_/RESET_B : -90.651688
[setup in-reg] rst_n -> _69296_/RESET_B : -90.651688
[setup in-reg] rst_n -> _69297_/RESET_B : -90.651688
[setup in-reg] rst_n -> _69298_/RESET_B : -90.651688
[setup in-reg] rst_n -> _69299_/RESET_B : -90.651688
[setup in-reg] rst_n -> _69300_/RESET_B : -90.651688
[setup in-reg] rst_n -> _69301_/RESET_B : -90.651688
[setup in-reg] rst_n -> _69302_/RESET_B : -90.651688
[setup in-reg] rst_n -> _69303_/RESET_B : -90.651688
[setup in-reg] rst_n -> _69304_/RESET_B : -90.651688
[setup in-reg] rst_n -> _69305_/RESET_B : -90.651688
[setup in-reg] rst_n -> _69306_/RESET_B : -90.651688
[setup in-reg] rst_n -> _69307_/RESET_B : -90.651688
[setup in-reg] rst_n -> _69308_/RESET_B : -90.651688
[setup in-reg] rst_n -> _69309_/RESET_B : -90.651688
[setup in-reg] rst_n -> _69310_/RESET_B : -90.651688
[setup in-reg] rst_n -> _69311_/RESET_B : -90.651688
[setup in-reg] rst_n -> _69312_/RESET_B : -90.651688
[setup in-reg] rst_n -> _69313_/RESET_B : -90.651688
[setup in-reg] rst_n -> _69314_/RESET_B : -90.651688
[setup in-reg] rst_n -> _69315_/RESET_B : -90.651688
[setup in-reg] rst_n -> _69316_/RESET_B : -90.651688
[setup in-reg] rst_n -> _69317_/RESET_B : -90.651688
[setup in-reg] rst_n -> _69318_/RESET_B : -90.651688
[setup in-reg] rst_n -> _69319_/RESET_B : -90.651688
[setup in-reg] rst_n -> _69320_/RESET_B : -90.651688
[setup in-reg] rst_n -> _69321_/RESET_B : -90.651688
[setup in-reg] rst_n -> _69322_/RESET_B : -90.651688
[setup in-reg] rst_n -> _69323_/RESET_B : -90.651688
[setup in-reg] rst_n -> _69324_/RESET_B : -90.651688
[setup in-reg] rst_n -> _69325_/RESET_B : -90.651688
[setup in-reg] rst_n -> _69326_/RESET_B : -90.651688
[setup in-reg] rst_n -> _69327_/RESET_B : -90.651688
[setup in-reg] rst_n -> _69328_/RESET_B : -90.651688
[setup in-reg] rst_n -> _69329_/RESET_B : -90.651688
[setup in-reg] rst_n -> _69330_/RESET_B : -90.651688
[setup in-reg] rst_n -> _69331_/RESET_B : -90.651688
[setup in-reg] rst_n -> _69332_/RESET_B : -90.651688
[setup in-reg] rst_n -> _69333_/RESET_B : -90.651688
[setup in-reg] rst_n -> _69334_/RESET_B : -90.651688
[setup in-reg] rst_n -> _69335_/RESET_B : -90.651688
[setup in-reg] rst_n -> _69336_/RESET_B : -90.651688
[setup in-reg] rst_n -> _69337_/RESET_B : -90.651688
[setup in-reg] rst_n -> _69338_/RESET_B : -90.651688
[setup in-reg] rst_n -> _69339_/RESET_B : -90.651688
[setup in-reg] rst_n -> _69340_/RESET_B : -90.651688
[setup in-reg] rst_n -> _69341_/RESET_B : -90.651688
[setup in-reg] rst_n -> _69342_/RESET_B : -90.651688
[setup in-reg] rst_n -> _69343_/RESET_B : -90.651688
[setup in-reg] rst_n -> _69344_/RESET_B : -90.651688
[setup in-reg] rst_n -> _69345_/RESET_B : -90.651688
[setup in-reg] rst_n -> _69346_/RESET_B : -90.651688
[setup in-reg] rst_n -> _69347_/RESET_B : -90.651688
[setup in-reg] rst_n -> _69348_/RESET_B : -90.651688
[setup in-reg] rst_n -> _69349_/RESET_B : -90.651688
[setup in-reg] rst_n -> _69350_/RESET_B : -90.651688
[setup in-reg] rst_n -> _69351_/RESET_B : -90.651688
[setup in-reg] rst_n -> _69352_/RESET_B : -90.651688
[setup in-reg] rst_n -> _69353_/RESET_B : -90.651688
[setup in-reg] rst_n -> _69354_/RESET_B : -90.651688
[setup in-reg] rst_n -> _69355_/RESET_B : -90.651688
[setup in-reg] rst_n -> _69356_/RESET_B : -90.651688
[setup in-reg] rst_n -> _69357_/RESET_B : -90.651688
[setup in-reg] rst_n -> _69358_/RESET_B : -90.651688
[setup in-reg] rst_n -> _69359_/RESET_B : -90.651688
[setup in-reg] rst_n -> _69360_/RESET_B : -90.651688
[setup in-reg] rst_n -> _69361_/RESET_B : -90.651688
[setup in-reg] rst_n -> _69362_/RESET_B : -90.651688
[setup in-reg] rst_n -> _69363_/RESET_B : -90.651688
[setup in-reg] rst_n -> _69364_/RESET_B : -90.651688
[setup in-reg] rst_n -> _69365_/RESET_B : -90.651688
[setup in-reg] rst_n -> _69366_/RESET_B : -90.651688
[setup in-reg] rst_n -> _69367_/RESET_B : -90.651688
[setup in-reg] rst_n -> _69368_/RESET_B : -90.651688
[setup in-reg] rst_n -> _69369_/RESET_B : -90.651688
[setup in-reg] rst_n -> _69370_/RESET_B : -90.651688
[setup in-reg] rst_n -> _69371_/RESET_B : -90.651688
[setup in-reg] rst_n -> _69372_/RESET_B : -90.651688
[setup in-reg] rst_n -> _69373_/RESET_B : -90.651688
[setup in-reg] rst_n -> _69374_/RESET_B : -90.651688
[setup in-reg] rst_n -> _69375_/RESET_B : -90.651688
[setup in-reg] rst_n -> _69376_/RESET_B : -90.651688
[setup in-reg] rst_n -> _69377_/RESET_B : -90.651688
[setup in-reg] rst_n -> _69378_/RESET_B : -90.651688
[setup in-reg] rst_n -> _69379_/RESET_B : -90.651688
[setup in-reg] rst_n -> _69380_/RESET_B : -90.651688
[setup in-reg] rst_n -> _69381_/RESET_B : -90.651688
[setup in-reg] rst_n -> _69382_/RESET_B : -90.651688
[setup in-reg] rst_n -> _69383_/RESET_B : -90.651688
[setup in-reg] rst_n -> _69384_/RESET_B : -90.651688
[setup in-reg] rst_n -> _69385_/RESET_B : -90.651688
[setup in-reg] rst_n -> _69386_/RESET_B : -90.651688
[setup in-reg] rst_n -> _69387_/RESET_B : -90.651688
[setup in-reg] rst_n -> _69388_/RESET_B : -90.651688
[setup in-reg] rst_n -> _69389_/RESET_B : -90.651688
[setup in-reg] rst_n -> _69390_/RESET_B : -90.651688
[setup in-reg] rst_n -> _69391_/RESET_B : -90.651688
[setup in-reg] rst_n -> _69392_/RESET_B : -90.651688
[setup in-reg] rst_n -> _69393_/RESET_B : -90.651688
[setup in-reg] rst_n -> _69394_/RESET_B : -90.651688
[setup in-reg] rst_n -> _69395_/RESET_B : -90.651688
[setup in-reg] rst_n -> _69396_/RESET_B : -90.651688
[setup in-reg] rst_n -> _69397_/RESET_B : -90.651688
[setup in-reg] rst_n -> _69398_/RESET_B : -90.651688
[setup in-reg] rst_n -> _69399_/RESET_B : -90.651688
[setup in-reg] rst_n -> _69400_/RESET_B : -90.651688
[setup in-reg] rst_n -> _69401_/RESET_B : -90.651688
[setup in-reg] rst_n -> _69402_/RESET_B : -90.651688
[setup in-reg] rst_n -> _69403_/RESET_B : -90.651688
[setup in-reg] rst_n -> _69404_/RESET_B : -90.651688
[setup in-reg] rst_n -> _69405_/RESET_B : -90.651688
[setup in-reg] rst_n -> _69406_/RESET_B : -90.651688
[setup in-reg] rst_n -> _69407_/RESET_B : -90.651688
[setup in-reg] rst_n -> _69408_/RESET_B : -90.651688
[setup in-reg] rst_n -> _69409_/RESET_B : -90.651688
[setup in-reg] rst_n -> _69410_/RESET_B : -90.651688
[setup in-reg] rst_n -> _69411_/RESET_B : -90.651688
[setup in-reg] rst_n -> _69412_/RESET_B : -90.651688
[setup in-reg] rst_n -> _69413_/RESET_B : -90.651688
[setup in-reg] rst_n -> _69414_/RESET_B : -90.651688
[setup in-reg] rst_n -> _69415_/RESET_B : -90.651688
[setup in-reg] rst_n -> _69416_/RESET_B : -90.651688
[setup in-reg] rst_n -> _69417_/RESET_B : -90.651688
[setup in-reg] rst_n -> _69418_/RESET_B : -90.651688
[setup in-reg] rst_n -> _69419_/RESET_B : -90.651688
[setup in-reg] rst_n -> _69420_/RESET_B : -90.651688
[setup in-reg] rst_n -> _69421_/RESET_B : -90.651688
[setup in-reg] rst_n -> _69422_/RESET_B : -90.651688
[setup in-reg] rst_n -> _69423_/RESET_B : -90.651688
[setup in-reg] rst_n -> _69424_/RESET_B : -90.651688
[setup in-reg] rst_n -> _69425_/RESET_B : -90.651688
[setup in-reg] rst_n -> _69426_/RESET_B : -90.651688
[setup in-reg] rst_n -> _69427_/RESET_B : -90.651688
[setup in-reg] rst_n -> _69428_/RESET_B : -90.651688
[setup in-reg] rst_n -> _69429_/RESET_B : -90.651688
[setup in-reg] rst_n -> _69430_/RESET_B : -90.651688
[setup in-reg] rst_n -> _69431_/RESET_B : -90.651688
[setup in-reg] rst_n -> _69432_/RESET_B : -90.651688
[setup in-reg] rst_n -> _69433_/RESET_B : -90.651688
[setup in-reg] rst_n -> _69434_/RESET_B : -90.651688
[setup in-reg] rst_n -> _69435_/RESET_B : -90.651688
[setup in-reg] rst_n -> _69436_/RESET_B : -90.651688
[setup in-reg] rst_n -> _69437_/RESET_B : -90.651688
[setup in-reg] rst_n -> _69438_/RESET_B : -90.651688
[setup in-reg] rst_n -> _69439_/RESET_B : -90.651688
[setup in-reg] rst_n -> _69440_/RESET_B : -90.651688
[setup in-reg] rst_n -> _69441_/RESET_B : -90.651688
[setup in-reg] rst_n -> _69442_/RESET_B : -90.651688
[setup in-reg] rst_n -> _69443_/RESET_B : -90.651688
[setup in-reg] rst_n -> _69444_/RESET_B : -90.651688
[setup in-reg] rst_n -> _69445_/RESET_B : -90.651688
[setup in-reg] rst_n -> _69446_/RESET_B : -90.651688
[setup in-reg] rst_n -> _69447_/RESET_B : -90.651688
[setup in-reg] rst_n -> _69448_/RESET_B : -90.651688
[setup in-reg] rst_n -> _69449_/RESET_B : -90.651688
[setup in-reg] rst_n -> _69450_/RESET_B : -90.651688
[setup in-reg] rst_n -> _69451_/RESET_B : -90.651688
[setup in-reg] rst_n -> _69452_/RESET_B : -90.651688
[setup in-reg] rst_n -> _69453_/RESET_B : -90.651688
[setup in-reg] rst_n -> _69454_/RESET_B : -90.651688
[setup in-reg] rst_n -> _69455_/RESET_B : -90.651688
[setup in-reg] rst_n -> _69456_/RESET_B : -90.651688
[setup in-reg] rst_n -> _69457_/RESET_B : -90.651688
[setup in-reg] rst_n -> _69458_/RESET_B : -90.651688
[setup in-reg] rst_n -> _69459_/RESET_B : -90.651688
[setup in-reg] rst_n -> _69460_/RESET_B : -90.651688
[setup in-reg] rst_n -> _69461_/RESET_B : -90.651688
[setup in-reg] rst_n -> _69462_/RESET_B : -90.651688
[setup in-reg] rst_n -> _69463_/RESET_B : -90.651688
[setup in-reg] rst_n -> _69464_/RESET_B : -90.651688
[setup in-reg] rst_n -> _69465_/RESET_B : -90.651688
[setup in-reg] rst_n -> _69466_/RESET_B : -90.651688
[setup in-reg] rst_n -> _69467_/RESET_B : -90.651688
[setup in-reg] rst_n -> _69468_/RESET_B : -90.651688
[setup in-reg] rst_n -> _69469_/RESET_B : -90.651688
[setup in-reg] rst_n -> _69470_/RESET_B : -90.651688
[setup in-reg] rst_n -> _69471_/RESET_B : -90.651688
[setup in-reg] rst_n -> _69472_/RESET_B : -90.651688
[setup in-reg] rst_n -> _69473_/RESET_B : -90.651688
[setup in-reg] rst_n -> _69474_/RESET_B : -90.651688
[setup in-reg] rst_n -> _69475_/RESET_B : -90.651688
[setup in-reg] rst_n -> _69476_/RESET_B : -90.651688
[setup in-reg] rst_n -> _69477_/RESET_B : -90.651688
[setup in-reg] rst_n -> _69478_/RESET_B : -90.651688
[setup in-reg] rst_n -> _69479_/RESET_B : -90.651688
[setup in-reg] rst_n -> _69480_/RESET_B : -90.651688
[setup in-reg] rst_n -> _69481_/RESET_B : -90.651688
[setup in-reg] rst_n -> _69482_/RESET_B : -90.651688
[setup in-reg] rst_n -> _69483_/RESET_B : -90.651688
[setup in-reg] rst_n -> _69484_/RESET_B : -90.651688
[setup in-reg] rst_n -> _69485_/RESET_B : -90.651688
[setup in-reg] rst_n -> _69486_/RESET_B : -90.651688
[setup in-reg] rst_n -> _69487_/RESET_B : -90.651688
[setup in-reg] rst_n -> _69488_/RESET_B : -90.651688
[setup in-reg] rst_n -> _69489_/RESET_B : -90.651688
[setup in-reg] rst_n -> _69490_/RESET_B : -90.651688
[setup in-reg] rst_n -> _69491_/RESET_B : -90.651688
[setup in-reg] rst_n -> _69492_/RESET_B : -90.651688
[setup in-reg] rst_n -> _69493_/RESET_B : -90.651688
[setup in-reg] rst_n -> _69494_/RESET_B : -90.651688
[setup in-reg] rst_n -> _69495_/RESET_B : -90.651688
[setup in-reg] rst_n -> _69496_/RESET_B : -90.651688
[setup in-reg] rst_n -> _69497_/RESET_B : -90.651688
[setup in-reg] rst_n -> _69498_/RESET_B : -90.651688
[setup in-reg] rst_n -> _69499_/RESET_B : -90.651688
[setup in-reg] rst_n -> _69500_/RESET_B : -90.651688
[setup in-reg] rst_n -> _69501_/RESET_B : -90.651688
[setup in-reg] rst_n -> _69502_/RESET_B : -90.651688
[setup in-reg] rst_n -> _69503_/RESET_B : -90.651688
[setup in-reg] rst_n -> _69504_/RESET_B : -90.651688
[setup in-reg] rst_n -> _69505_/RESET_B : -90.651688
[setup in-reg] rst_n -> _69506_/RESET_B : -90.651688
[setup in-reg] rst_n -> _69507_/RESET_B : -90.651688
[setup in-reg] rst_n -> _69508_/RESET_B : -90.651688
[setup in-reg] rst_n -> _69509_/RESET_B : -90.651688
[setup in-reg] rst_n -> _69510_/RESET_B : -90.651688
[setup in-reg] rst_n -> _69511_/RESET_B : -90.651688
[setup in-reg] rst_n -> _69512_/RESET_B : -90.651688
[setup in-reg] rst_n -> _69513_/RESET_B : -90.651688
[setup in-reg] rst_n -> _69514_/RESET_B : -90.651688
[setup in-reg] rst_n -> _69515_/RESET_B : -90.651688
[setup in-reg] rst_n -> _69516_/RESET_B : -90.651688
[setup in-reg] rst_n -> _69517_/RESET_B : -90.651688
[setup in-reg] rst_n -> _69518_/RESET_B : -90.651688
[setup in-reg] rst_n -> _69519_/RESET_B : -90.651688
[setup in-reg] rst_n -> _69520_/RESET_B : -90.651688
[setup in-reg] rst_n -> _69521_/RESET_B : -90.651688
[setup in-reg] rst_n -> _69522_/RESET_B : -90.651688
[setup in-reg] rst_n -> _69523_/RESET_B : -90.651688
[setup in-reg] rst_n -> _69524_/RESET_B : -90.651688
[setup in-reg] rst_n -> _69525_/RESET_B : -90.651688
[setup in-reg] rst_n -> _69526_/RESET_B : -90.651688
[setup in-reg] rst_n -> _69527_/RESET_B : -90.651688
[setup in-reg] rst_n -> _69528_/RESET_B : -90.651688
[setup in-reg] rst_n -> _69529_/RESET_B : -90.651688
[setup in-reg] rst_n -> _69530_/RESET_B : -90.651688
[setup in-reg] rst_n -> _69531_/RESET_B : -90.651688
[setup in-reg] rst_n -> _69532_/RESET_B : -90.651688
[setup in-reg] rst_n -> _69533_/RESET_B : -90.651688
[setup in-reg] rst_n -> _69534_/RESET_B : -90.651688
[setup in-reg] rst_n -> _69535_/RESET_B : -90.651688
[setup in-reg] rst_n -> _69536_/RESET_B : -90.651688
[setup in-reg] rst_n -> _69537_/RESET_B : -90.651688
[setup in-reg] rst_n -> _69538_/RESET_B : -90.651688
[setup in-reg] rst_n -> _69539_/RESET_B : -90.651688
[setup in-reg] rst_n -> _69540_/RESET_B : -90.651688
[setup in-reg] rst_n -> _69541_/RESET_B : -90.651688
[setup in-reg] rst_n -> _69542_/RESET_B : -90.651688
[setup in-reg] rst_n -> _69543_/RESET_B : -90.651688
[setup in-reg] rst_n -> _69544_/RESET_B : -90.651688
[setup in-reg] rst_n -> _69545_/RESET_B : -90.651688
[setup in-reg] rst_n -> _69546_/RESET_B : -90.651688
[setup in-reg] rst_n -> _69547_/RESET_B : -90.651688
[setup in-reg] rst_n -> _69548_/RESET_B : -90.651688
[setup in-reg] rst_n -> _69549_/RESET_B : -90.651688
[setup in-reg] rst_n -> _69550_/RESET_B : -90.651688
[setup in-reg] rst_n -> _69551_/RESET_B : -90.651688
[setup in-reg] rst_n -> _69552_/RESET_B : -90.651688
[setup in-reg] rst_n -> _69553_/RESET_B : -90.651688
[setup in-reg] rst_n -> _69554_/RESET_B : -90.651688
[setup in-reg] rst_n -> _69555_/RESET_B : -90.651688
[setup in-reg] rst_n -> _69556_/RESET_B : -90.651688
[setup in-reg] rst_n -> _69557_/RESET_B : -90.651688
[setup in-reg] rst_n -> _69558_/RESET_B : -90.651688
[setup in-reg] rst_n -> _69559_/RESET_B : -90.651688
[setup in-reg] rst_n -> _69560_/RESET_B : -90.651688
[setup in-reg] rst_n -> _69561_/RESET_B : -90.651688
[setup in-reg] rst_n -> _69562_/RESET_B : -90.651688
[setup in-reg] rst_n -> _69563_/RESET_B : -90.651688
[setup in-reg] rst_n -> _69564_/RESET_B : -90.651688
[setup in-reg] rst_n -> _69565_/RESET_B : -90.651688
[setup in-reg] rst_n -> _69566_/RESET_B : -90.651688
[setup in-reg] rst_n -> _69567_/RESET_B : -90.651688
[setup in-reg] rst_n -> _69568_/RESET_B : -90.651688
[setup in-reg] rst_n -> _69569_/RESET_B : -90.651688
[setup in-reg] rst_n -> _69570_/RESET_B : -90.651688
[setup in-reg] rst_n -> _69571_/RESET_B : -90.651688
[setup in-reg] rst_n -> _69572_/RESET_B : -90.651688
[setup in-reg] rst_n -> _69573_/RESET_B : -90.651688
[setup in-reg] rst_n -> _69574_/RESET_B : -90.651688
[setup in-reg] rst_n -> _69575_/RESET_B : -90.651688
[setup in-reg] rst_n -> _69576_/RESET_B : -90.651688
[setup in-reg] rst_n -> _69577_/RESET_B : -90.651688
[setup in-reg] rst_n -> _69578_/RESET_B : -90.651688
[setup in-reg] rst_n -> _69579_/RESET_B : -90.651688
[setup in-reg] rst_n -> _69580_/RESET_B : -90.651688
[setup in-reg] rst_n -> _69581_/RESET_B : -90.651688
[setup in-reg] rst_n -> _69582_/RESET_B : -90.651688
[setup in-reg] rst_n -> _69583_/RESET_B : -90.651688
[setup in-reg] rst_n -> _69584_/RESET_B : -90.651688
[setup in-reg] rst_n -> _69585_/RESET_B : -90.651688
[setup in-reg] rst_n -> _69586_/RESET_B : -90.651688
[setup in-reg] rst_n -> _69587_/RESET_B : -90.651688
[setup in-reg] rst_n -> _69588_/RESET_B : -90.651688
[setup in-reg] rst_n -> _69589_/RESET_B : -90.651688
[setup in-reg] rst_n -> _69590_/RESET_B : -90.651688
[setup in-reg] rst_n -> _69591_/RESET_B : -90.651688
[setup in-reg] rst_n -> _69592_/RESET_B : -90.651688
[setup in-reg] rst_n -> _69593_/RESET_B : -90.651688
[setup in-reg] rst_n -> _69594_/RESET_B : -90.651688
[setup in-reg] rst_n -> _69595_/RESET_B : -90.651688
[setup in-reg] rst_n -> _69596_/RESET_B : -90.651688
[setup in-reg] rst_n -> _69597_/RESET_B : -90.651688
[setup in-reg] rst_n -> _69598_/RESET_B : -90.651688
[setup in-reg] rst_n -> _69599_/RESET_B : -90.651688
[setup in-reg] rst_n -> _69600_/RESET_B : -90.651688
[setup in-reg] rst_n -> _69601_/RESET_B : -90.651688
[setup in-reg] rst_n -> _69602_/RESET_B : -90.651688
[setup in-reg] rst_n -> _69603_/RESET_B : -90.651688
[setup in-reg] rst_n -> _69604_/RESET_B : -90.651688
[setup in-reg] rst_n -> _69605_/RESET_B : -90.651688
[setup in-reg] rst_n -> _69606_/RESET_B : -90.651688
[setup in-reg] rst_n -> _69607_/RESET_B : -90.651688
[setup in-reg] rst_n -> _69608_/RESET_B : -90.651688
[setup in-reg] rst_n -> _69609_/RESET_B : -90.651688
[setup in-reg] rst_n -> _69610_/RESET_B : -90.651688
[setup in-reg] rst_n -> _69611_/RESET_B : -90.651688
[setup in-reg] rst_n -> _69612_/RESET_B : -90.651688
[setup in-reg] rst_n -> _69613_/RESET_B : -90.651688
[setup in-reg] rst_n -> _69614_/RESET_B : -90.651688
[setup in-reg] rst_n -> _69615_/RESET_B : -90.651688
[setup in-reg] rst_n -> _69616_/RESET_B : -90.651688
[setup in-reg] rst_n -> _69617_/RESET_B : -90.651688
[setup in-reg] rst_n -> _69618_/RESET_B : -90.651688
[setup in-reg] rst_n -> _69619_/RESET_B : -90.651688
[setup in-reg] rst_n -> _69620_/RESET_B : -90.651688
[setup in-reg] rst_n -> _69621_/RESET_B : -90.651688
[setup in-reg] rst_n -> _69622_/RESET_B : -90.651688
[setup in-reg] rst_n -> _69623_/RESET_B : -90.651688
[setup in-reg] rst_n -> _69624_/RESET_B : -90.651688
[setup in-reg] rst_n -> _69625_/RESET_B : -90.651688
[setup in-reg] rst_n -> _69626_/RESET_B : -90.651688
[setup in-reg] rst_n -> _69627_/RESET_B : -90.651688
[setup in-reg] rst_n -> _69628_/RESET_B : -90.651688
[setup in-reg] rst_n -> _69629_/RESET_B : -90.651688
[setup in-reg] rst_n -> _69630_/RESET_B : -90.651688
[setup in-reg] rst_n -> _69631_/RESET_B : -90.651688
[setup in-reg] rst_n -> _69632_/RESET_B : -90.651688
[setup in-reg] rst_n -> _69633_/RESET_B : -90.651688
[setup in-reg] rst_n -> _69634_/RESET_B : -90.651688
[setup in-reg] rst_n -> _69635_/RESET_B : -90.651688
[setup in-reg] rst_n -> _69636_/RESET_B : -90.651688
[setup in-reg] rst_n -> _69637_/RESET_B : -90.651688
[setup in-reg] rst_n -> _69638_/RESET_B : -90.651688
[setup in-reg] rst_n -> _69639_/RESET_B : -90.651688
[setup in-reg] rst_n -> _69640_/RESET_B : -90.651688
[setup in-reg] rst_n -> _69641_/RESET_B : -90.651688
[setup in-reg] rst_n -> _69642_/RESET_B : -90.651688
[setup in-reg] rst_n -> _69643_/RESET_B : -90.651688
[setup in-reg] rst_n -> _69644_/RESET_B : -90.651688
[setup in-reg] rst_n -> _69645_/RESET_B : -90.651688
[setup in-reg] rst_n -> _69646_/RESET_B : -90.651688
[setup in-reg] rst_n -> _69647_/RESET_B : -90.651688
[setup in-reg] rst_n -> _69648_/RESET_B : -90.651688
[setup in-reg] rst_n -> _69649_/RESET_B : -90.651688
[setup in-reg] rst_n -> _69650_/RESET_B : -90.651688
[setup in-reg] rst_n -> _69651_/RESET_B : -90.651688
[setup in-reg] rst_n -> _69652_/RESET_B : -90.651688
[setup in-reg] rst_n -> _69653_/RESET_B : -90.651688
[setup in-reg] rst_n -> _69654_/RESET_B : -90.651688
[setup in-reg] rst_n -> _69655_/RESET_B : -90.651688
[setup in-reg] rst_n -> _69656_/RESET_B : -90.651688
[setup in-reg] rst_n -> _69657_/RESET_B : -90.651688
[setup in-reg] rst_n -> _69658_/RESET_B : -90.651688
[setup in-reg] rst_n -> _69659_/RESET_B : -90.651688
[setup in-reg] rst_n -> _69660_/RESET_B : -90.651688
[setup in-reg] rst_n -> _69661_/RESET_B : -90.651688
[setup in-reg] rst_n -> _69662_/RESET_B : -90.651688
[setup in-reg] rst_n -> _69663_/RESET_B : -90.651688
[setup in-reg] rst_n -> _69664_/RESET_B : -90.651688
[setup in-reg] rst_n -> _69665_/RESET_B : -90.651688
[setup in-reg] rst_n -> _69666_/RESET_B : -90.651688
[setup in-reg] rst_n -> _69667_/RESET_B : -90.651688
[setup in-reg] rst_n -> _69668_/RESET_B : -90.651688
[setup in-reg] rst_n -> _69669_/RESET_B : -90.651688
[setup in-reg] rst_n -> _69670_/RESET_B : -90.651688
[setup in-reg] rst_n -> _69671_/RESET_B : -90.651688
[setup in-reg] rst_n -> _69672_/RESET_B : -90.651688
[setup in-reg] rst_n -> _69673_/RESET_B : -90.651688
[setup in-reg] rst_n -> _69674_/RESET_B : -90.651688
[setup in-reg] rst_n -> _69675_/RESET_B : -90.651688
[setup in-reg] rst_n -> _69676_/RESET_B : -90.651688
[setup in-reg] rst_n -> _69677_/RESET_B : -90.651688
[setup in-reg] rst_n -> _69678_/RESET_B : -90.651688
[setup in-reg] rst_n -> _69679_/RESET_B : -90.651688
[setup in-reg] rst_n -> _69680_/RESET_B : -90.651688
[setup in-reg] rst_n -> _69681_/RESET_B : -90.651688
[setup in-reg] rst_n -> _69682_/RESET_B : -90.651688
[setup in-reg] rst_n -> _69683_/RESET_B : -90.651688
[setup in-reg] rst_n -> _69684_/RESET_B : -90.651688
[setup in-reg] rst_n -> _69685_/RESET_B : -90.651688
[setup in-reg] rst_n -> _69686_/RESET_B : -90.651688
[setup in-reg] rst_n -> _69687_/RESET_B : -90.651688
[setup in-reg] rst_n -> _69688_/RESET_B : -90.651688
[setup in-reg] rst_n -> _69689_/RESET_B : -90.651688
[setup in-reg] rst_n -> _69690_/RESET_B : -90.651688
[setup in-reg] rst_n -> _69691_/RESET_B : -90.651688
[setup in-reg] rst_n -> _69692_/RESET_B : -90.651688
[setup in-reg] rst_n -> _69693_/RESET_B : -90.651688
[setup in-reg] rst_n -> _69694_/RESET_B : -90.651688
[setup in-reg] rst_n -> _69695_/RESET_B : -90.651688
[setup in-reg] rst_n -> _69696_/RESET_B : -90.651688
[setup in-reg] rst_n -> _69697_/RESET_B : -90.651688
[setup in-reg] rst_n -> _69698_/RESET_B : -90.651688
[setup in-reg] rst_n -> _69699_/RESET_B : -90.651688
[setup in-reg] rst_n -> _69700_/RESET_B : -90.651688
[setup in-reg] rst_n -> _69701_/RESET_B : -90.651688
[setup in-reg] rst_n -> _69702_/RESET_B : -90.651688
[setup in-reg] rst_n -> _69703_/RESET_B : -90.651688
[setup in-reg] rst_n -> _69704_/RESET_B : -90.651688
[setup in-reg] rst_n -> _69705_/RESET_B : -90.651688
[setup in-reg] rst_n -> _69706_/RESET_B : -90.651688
[setup in-reg] rst_n -> _69707_/RESET_B : -90.651688
[setup in-reg] rst_n -> _69708_/RESET_B : -90.651688
[setup in-reg] rst_n -> _69709_/RESET_B : -90.651688
[setup in-reg] rst_n -> _69710_/RESET_B : -90.651688
[setup in-reg] rst_n -> _69711_/RESET_B : -90.651688
[setup in-reg] rst_n -> _69712_/RESET_B : -90.651688
[setup in-reg] rst_n -> _69713_/RESET_B : -90.651688
[setup in-reg] rst_n -> _69714_/RESET_B : -90.651688
[setup in-reg] rst_n -> _69715_/RESET_B : -90.651688
[setup in-reg] rst_n -> _69716_/RESET_B : -90.651688
[setup in-reg] rst_n -> _69717_/RESET_B : -90.651688
[setup in-reg] rst_n -> _69718_/RESET_B : -90.651688
[setup in-reg] rst_n -> _69719_/RESET_B : -90.651688
[setup in-reg] rst_n -> _69720_/RESET_B : -90.651688
[setup in-reg] rst_n -> _69721_/RESET_B : -90.651688
[setup in-reg] rst_n -> _69722_/RESET_B : -90.651688
[setup in-reg] rst_n -> _69723_/RESET_B : -90.651688
[setup in-reg] rst_n -> _69724_/RESET_B : -90.651688
[setup in-reg] rst_n -> _69725_/RESET_B : -90.651688
[setup in-reg] rst_n -> _69726_/RESET_B : -90.651688
[setup in-reg] rst_n -> _69727_/RESET_B : -90.651688
[setup in-reg] rst_n -> _69728_/RESET_B : -90.651688
[setup in-reg] rst_n -> _69729_/RESET_B : -90.651688
[setup in-reg] rst_n -> _69730_/RESET_B : -90.651688
[setup in-reg] rst_n -> _69731_/RESET_B : -90.651688
[setup in-reg] rst_n -> _69732_/RESET_B : -90.651688
[setup in-reg] rst_n -> _69733_/RESET_B : -90.651688
[setup in-reg] rst_n -> _69734_/RESET_B : -90.651688
[setup in-reg] rst_n -> _69735_/RESET_B : -90.651688
[setup in-reg] rst_n -> _69736_/RESET_B : -90.651688
[setup in-reg] rst_n -> _69737_/RESET_B : -90.651688
[setup in-reg] rst_n -> _69738_/RESET_B : -90.651688
[setup in-reg] rst_n -> _69739_/RESET_B : -90.651688
[setup in-reg] rst_n -> _69740_/RESET_B : -90.651688
[setup in-reg] rst_n -> _69741_/RESET_B : -90.651688
[setup in-reg] rst_n -> _69742_/RESET_B : -90.651688
[setup in-reg] rst_n -> _69743_/RESET_B : -90.651688
[setup in-reg] rst_n -> _69744_/RESET_B : -90.651688
[setup in-reg] rst_n -> _69745_/RESET_B : -90.651688
[setup in-reg] rst_n -> _69746_/RESET_B : -90.651688
[setup in-reg] rst_n -> _69747_/RESET_B : -90.651688
[setup in-reg] rst_n -> _69748_/RESET_B : -90.651688
[setup in-reg] rst_n -> _69749_/RESET_B : -90.651688
[setup in-reg] rst_n -> _69750_/RESET_B : -90.651688
[setup in-reg] rst_n -> _69751_/RESET_B : -90.651688
[setup in-reg] rst_n -> _69752_/RESET_B : -90.651688
[setup in-reg] rst_n -> _69753_/RESET_B : -90.651688
[setup in-reg] rst_n -> _69754_/RESET_B : -90.651688
[setup in-reg] rst_n -> _69755_/RESET_B : -90.651688
[setup in-reg] rst_n -> _69756_/RESET_B : -90.651688
[setup in-reg] rst_n -> _69757_/RESET_B : -90.651688
[setup in-reg] rst_n -> _69758_/RESET_B : -90.651688
[setup in-reg] rst_n -> _69759_/RESET_B : -90.651688
[setup in-reg] rst_n -> _69760_/RESET_B : -90.651688
[setup in-reg] rst_n -> _69761_/RESET_B : -90.651688
[setup in-reg] rst_n -> _69762_/RESET_B : -90.651688
[setup in-reg] rst_n -> _69763_/RESET_B : -90.651688
[setup in-reg] rst_n -> _69764_/RESET_B : -90.651688
[setup in-reg] rst_n -> _69765_/RESET_B : -90.651688
[setup in-reg] rst_n -> _69766_/RESET_B : -90.651688
[setup in-reg] rst_n -> _69767_/RESET_B : -90.651688
[setup in-reg] rst_n -> _69768_/RESET_B : -90.651688
[setup in-reg] rst_n -> _69769_/RESET_B : -90.651688
[setup in-reg] rst_n -> _69770_/RESET_B : -90.651688
[setup in-reg] rst_n -> _69771_/RESET_B : -90.651688
[setup in-reg] rst_n -> _69772_/RESET_B : -90.651688
[setup in-reg] rst_n -> _69773_/RESET_B : -90.651688
[setup in-reg] rst_n -> _69774_/RESET_B : -90.651688
[setup in-reg] rst_n -> _69775_/RESET_B : -90.651688
[setup in-reg] rst_n -> _69776_/RESET_B : -90.651688
[setup in-reg] rst_n -> _69777_/RESET_B : -90.651688
[setup in-reg] rst_n -> _69778_/RESET_B : -90.651688
[setup in-reg] rst_n -> _69779_/RESET_B : -90.651688
[setup in-reg] rst_n -> _69780_/RESET_B : -90.651688
[setup in-reg] rst_n -> _69781_/RESET_B : -90.651688
[setup in-reg] rst_n -> _69782_/RESET_B : -90.651688
[setup in-reg] rst_n -> _69783_/RESET_B : -90.651688
[setup in-reg] rst_n -> _69784_/RESET_B : -90.651688
[setup in-reg] rst_n -> _69785_/RESET_B : -90.651688
[setup in-reg] rst_n -> _69786_/RESET_B : -90.651688
[setup in-reg] rst_n -> _69787_/RESET_B : -90.651688
[setup in-reg] rst_n -> _69788_/RESET_B : -90.651688
[setup in-reg] rst_n -> _69789_/RESET_B : -90.651688
[setup in-reg] rst_n -> _69790_/RESET_B : -90.651688
[setup in-reg] rst_n -> _69791_/RESET_B : -90.651688
[setup in-reg] rst_n -> _69792_/RESET_B : -90.651688
[setup in-reg] rst_n -> _69793_/RESET_B : -90.651688
[setup in-reg] rst_n -> _69794_/RESET_B : -90.651688
[setup in-reg] rst_n -> _69795_/RESET_B : -90.651688
[setup in-reg] rst_n -> _69796_/RESET_B : -90.651688
[setup in-reg] rst_n -> _69797_/RESET_B : -90.651688
[setup in-reg] rst_n -> _69798_/RESET_B : -90.651688
[setup in-reg] rst_n -> _69799_/RESET_B : -90.651688
[setup in-reg] rst_n -> _69800_/RESET_B : -90.651688
[setup in-reg] rst_n -> _69801_/RESET_B : -90.651688
[setup in-reg] rst_n -> _69802_/RESET_B : -90.651688
[setup in-reg] rst_n -> _69803_/RESET_B : -90.651688
[setup in-reg] rst_n -> _69804_/RESET_B : -90.651688
[setup in-reg] rst_n -> _69805_/RESET_B : -90.651688
[setup in-reg] rst_n -> _69806_/RESET_B : -90.651688
[setup in-reg] rst_n -> _69807_/RESET_B : -90.651688
[setup in-reg] rst_n -> _69808_/RESET_B : -90.651688
[setup in-reg] rst_n -> _69809_/RESET_B : -90.651688
[setup in-reg] rst_n -> _69810_/RESET_B : -90.651688
[setup in-reg] rst_n -> _69811_/RESET_B : -90.651688
[setup in-reg] rst_n -> _69812_/RESET_B : -90.651688
[setup in-reg] rst_n -> _69813_/RESET_B : -90.651688
[setup in-reg] rst_n -> _69814_/RESET_B : -90.651688
[setup in-reg] rst_n -> _69815_/RESET_B : -90.651688
[setup in-reg] rst_n -> _69816_/RESET_B : -90.651688
[setup in-reg] rst_n -> _69817_/RESET_B : -90.651688
[setup in-reg] rst_n -> _69818_/RESET_B : -90.651688
[setup in-reg] rst_n -> _69819_/RESET_B : -90.651688
[setup in-reg] rst_n -> _69820_/RESET_B : -90.651688
[setup in-reg] rst_n -> _69821_/RESET_B : -90.651688
[setup in-reg] rst_n -> _69822_/RESET_B : -90.651688
[setup in-reg] rst_n -> _69823_/RESET_B : -90.651688
[setup in-reg] rst_n -> _69824_/RESET_B : -90.651688
[setup in-reg] rst_n -> _69825_/RESET_B : -90.651688
[setup in-reg] rst_n -> _69826_/RESET_B : -90.651688
[setup in-reg] rst_n -> _69827_/RESET_B : -90.651688
[setup in-reg] rst_n -> _69828_/RESET_B : -90.651688
[setup in-reg] rst_n -> _69829_/RESET_B : -90.651688
[setup in-reg] rst_n -> _69830_/RESET_B : -90.651688
[setup in-reg] rst_n -> _69831_/RESET_B : -90.651688
[setup in-reg] rst_n -> _69832_/RESET_B : -90.651688
[setup in-reg] rst_n -> _69833_/RESET_B : -90.651688
[setup in-reg] rst_n -> _69834_/RESET_B : -90.651688
[setup in-reg] rst_n -> _69835_/RESET_B : -90.651688
[setup in-reg] rst_n -> _69836_/RESET_B : -90.651688
[setup in-reg] rst_n -> _69837_/RESET_B : -90.651688
[setup in-reg] rst_n -> _69838_/RESET_B : -90.651688
[setup in-reg] rst_n -> _69839_/RESET_B : -90.651688
[setup in-reg] rst_n -> _69840_/RESET_B : -90.651688
[setup in-reg] rst_n -> _69841_/RESET_B : -90.651688
[setup in-reg] rst_n -> _69842_/RESET_B : -90.651688
[setup in-reg] rst_n -> _69843_/RESET_B : -90.651688
[setup in-reg] rst_n -> _69844_/RESET_B : -90.651688
[setup in-reg] rst_n -> _69845_/RESET_B : -90.651688
[setup in-reg] rst_n -> _69846_/RESET_B : -90.651688
[setup in-reg] rst_n -> _69847_/RESET_B : -90.651688
[setup in-reg] rst_n -> _69848_/RESET_B : -90.651688
[setup in-reg] rst_n -> _69849_/RESET_B : -90.651688
[setup in-reg] rst_n -> _69850_/RESET_B : -90.651688
[setup in-reg] rst_n -> _69851_/RESET_B : -90.651688
[setup in-reg] rst_n -> _69852_/RESET_B : -90.651688
[setup in-reg] rst_n -> _69853_/RESET_B : -90.651688
[setup in-reg] rst_n -> _69854_/RESET_B : -90.651688
[setup in-reg] rst_n -> _69855_/RESET_B : -90.651688
[setup in-reg] rst_n -> _69856_/RESET_B : -90.651688
[setup in-reg] rst_n -> _69857_/RESET_B : -90.651688
[setup in-reg] rst_n -> _69858_/RESET_B : -90.651688
[setup in-reg] rst_n -> _69859_/RESET_B : -90.651688
[setup in-reg] rst_n -> _69860_/RESET_B : -90.651688
[setup in-reg] rst_n -> _69861_/RESET_B : -90.651688
[setup in-reg] rst_n -> _69862_/RESET_B : -90.651688
[setup in-reg] rst_n -> _69863_/RESET_B : -90.651688
[setup in-reg] rst_n -> _69864_/RESET_B : -90.651688
[setup in-reg] rst_n -> _69865_/RESET_B : -90.651688
[setup in-reg] rst_n -> _69866_/RESET_B : -90.651688
[setup in-reg] rst_n -> _69867_/RESET_B : -90.651688
[setup in-reg] rst_n -> _69868_/RESET_B : -90.651688
[setup in-reg] rst_n -> _69869_/RESET_B : -90.651688
[setup in-reg] rst_n -> _69870_/RESET_B : -90.651688
[setup in-reg] rst_n -> _69871_/RESET_B : -90.651688
[setup in-reg] rst_n -> _69872_/RESET_B : -90.651688
[setup in-reg] rst_n -> _69873_/RESET_B : -90.651688
[setup in-reg] rst_n -> _69874_/RESET_B : -90.651688
[setup in-reg] rst_n -> _69875_/RESET_B : -90.651688
[setup in-reg] rst_n -> _69876_/RESET_B : -90.651688
[setup in-reg] rst_n -> _69877_/RESET_B : -90.651688
[setup in-reg] rst_n -> _69878_/RESET_B : -90.651688
[setup in-reg] rst_n -> _69879_/RESET_B : -90.651688
[setup in-reg] rst_n -> _69880_/RESET_B : -90.651688
[setup in-reg] rst_n -> _69881_/RESET_B : -90.651688
[setup in-reg] rst_n -> _69882_/RESET_B : -90.651688
[setup in-reg] rst_n -> _69883_/RESET_B : -90.651688
[setup in-reg] rst_n -> _69884_/RESET_B : -90.651688
[setup in-reg] rst_n -> _69885_/RESET_B : -90.651688
[setup in-reg] rst_n -> _69886_/RESET_B : -90.651688
[setup in-reg] rst_n -> _69887_/RESET_B : -90.651688
[setup in-reg] rst_n -> _69888_/RESET_B : -90.651688
[setup in-reg] rst_n -> _69889_/RESET_B : -90.651688
[setup in-reg] rst_n -> _69890_/RESET_B : -90.651688
[setup in-reg] rst_n -> _69891_/RESET_B : -90.651688
[setup in-reg] rst_n -> _69892_/RESET_B : -90.651688
[setup in-reg] rst_n -> _69893_/RESET_B : -90.651688
[setup in-reg] rst_n -> _69894_/RESET_B : -90.651688
[setup in-reg] rst_n -> _69895_/RESET_B : -90.651688
[setup in-reg] rst_n -> _69896_/RESET_B : -90.651688
[setup in-reg] rst_n -> _69897_/RESET_B : -90.651688
[setup in-reg] rst_n -> _69898_/RESET_B : -90.651688
[setup in-reg] rst_n -> _69899_/RESET_B : -90.651688
[setup in-reg] rst_n -> _69900_/RESET_B : -90.651688
[setup in-reg] rst_n -> _69901_/RESET_B : -90.651688
[setup in-reg] rst_n -> _69902_/RESET_B : -90.651688
[setup in-reg] rst_n -> _69903_/RESET_B : -90.651688
[setup in-reg] enable_cycle -> _65129_/D : -90.347267
[setup in-reg] enable_cycle -> _69228_/D : -90.347275
[setup in-reg] enable_cycle -> _65933_/D : -90.247154
[setup in-reg] enable_cycle -> _67258_/D : -90.204300
[setup in-reg] enable_cycle -> _64007_/D : -90.150467
[setup in-reg] enable_cycle -> _64056_/D : -90.150299
[setup in-reg] enable_cycle -> _64660_/D : -90.150238
[setup in-reg] enable_cycle -> _65428_/D : -90.150307
[setup in-reg] enable_cycle -> _66247_/D : -90.150238
[setup in-reg] enable_cycle -> _66534_/D : -90.150269
[setup in-reg] enable_cycle -> _66862_/D : -90.150246
[setup in-reg] enable_cycle -> _67508_/D : -90.150253
[setup in-reg] enable_cycle -> _67512_/D : -90.150322
[setup in-reg] enable_cycle -> _67576_/D : -90.150238
[setup in-reg] enable_cycle -> _67922_/D : -90.150314
[setup in-reg] enable_cycle -> _68011_/D : -90.150246
[setup in-reg] enable_cycle -> _68101_/D : -90.150330
[setup in-reg] enable_cycle -> _68257_/D : -90.150246
[setup in-reg] enable_cycle -> _68954_/D : -90.150314
[setup in-reg] enable_cycle -> _64213_/D : -90.139389
[setup in-reg] enable_cycle -> _66533_/D : -90.139389
[setup in-reg] enable_cycle -> _66861_/D : -90.139389
[setup in-reg] enable_cycle -> _67259_/D : -90.139359
[setup in-reg] enable_cycle -> _69226_/D : -90.139397
[setup in-reg] enable_cycle -> _68706_/D : -90.130714
[setup in-reg] enable_cycle -> _66374_/D : -90.121391
[setup in-reg] enable_cycle -> _64932_/D : -90.116760
[setup in-reg] enable_cycle -> _66368_/D : -90.116760
[setup in-reg] enable_cycle -> _66619_/D : -90.116760
[setup in-reg] enable_cycle -> _67176_/D : -90.116760
[setup in-reg] enable_cycle -> _67750_/D : -90.116760
[setup in-reg] enable_cycle -> _68184_/D : -90.116760
[setup in-reg] enable_cycle -> _68341_/D : -90.116760
[setup in-reg] enable_cycle -> _69041_/D : -90.116776
[setup in-reg] enable_cycle -> _69584_/D : -90.051620
[setup in-reg] enable_cycle -> _63930_/D : -90.042130
[setup in-reg] enable_cycle -> _63932_/D : -90.042130
[setup in-reg] enable_cycle -> _63936_/D : -90.042130
[setup in-reg] enable_cycle -> _63937_/D : -90.042122
[setup in-reg] enable_cycle -> _64004_/D : -90.042099
[setup in-reg] enable_cycle -> _64048_/D : -90.042130
[setup in-reg] enable_cycle -> _64049_/D : -90.042130
[setup in-reg] enable_cycle -> _64151_/D : -90.042130
[setup in-reg] enable_cycle -> _64209_/D : -90.042114
[setup in-reg] enable_cycle -> _64210_/D : -90.042130
[setup in-reg] enable_cycle -> _64211_/D : -90.042122
[setup in-reg] enable_cycle -> _64266_/D : -90.042130
[setup in-reg] enable_cycle -> _64267_/D : -90.042130
[setup in-reg] enable_cycle -> _64270_/D : -90.042130
[setup in-reg] enable_cycle -> _64272_/D : -90.042130
[setup in-reg] enable_cycle -> _64363_/D : -90.042130
[setup in-reg] enable_cycle -> _64369_/D : -90.042122
[setup in-reg] enable_cycle -> _64375_/D : -90.042130
[setup in-reg] enable_cycle -> _64460_/D : -90.042130
[setup in-reg] enable_cycle -> _64469_/D : -90.042130
[setup in-reg] enable_cycle -> _64563_/D : -90.042122
[setup in-reg] enable_cycle -> _64565_/D : -90.042130
[setup in-reg] enable_cycle -> _64655_/D : -90.042130
[setup in-reg] enable_cycle -> _64656_/D : -90.042130
[setup in-reg] enable_cycle -> _64728_/D : -90.042122
[setup in-reg] enable_cycle -> _64731_/D : -90.042122
[setup in-reg] enable_cycle -> _64820_/D : -90.042130
[setup in-reg] enable_cycle -> _64821_/D : -90.042130
[setup in-reg] enable_cycle -> _64822_/D : -90.042130
[setup in-reg] enable_cycle -> _64823_/D : -90.042130
[setup in-reg] enable_cycle -> _64920_/D : -90.042130
[setup in-reg] enable_cycle -> _64921_/D : -90.042130
[setup in-reg] enable_cycle -> _64930_/D : -90.042122
[setup in-reg] enable_cycle -> _65020_/D : -90.042130
[setup in-reg] enable_cycle -> _65021_/D : -90.042130
[setup in-reg] enable_cycle -> _65026_/D : -90.042130
[setup in-reg] enable_cycle -> _65030_/D : -90.042122
[setup in-reg] enable_cycle -> _65122_/D : -90.042130
[setup in-reg] enable_cycle -> _65124_/D : -90.042122
[setup in-reg] enable_cycle -> _65126_/D : -90.042130
[setup in-reg] enable_cycle -> _65226_/D : -90.042130
[setup in-reg] enable_cycle -> _65320_/D : -90.042130
[setup in-reg] enable_cycle -> _65322_/D : -90.042130
[setup in-reg] enable_cycle -> _65421_/D : -90.042130
[setup in-reg] enable_cycle -> _65427_/D : -90.042122
[setup in-reg] enable_cycle -> _65432_/D : -90.042122
[setup in-reg] enable_cycle -> _65513_/D : -90.042130
[setup in-reg] enable_cycle -> _65656_/D : -90.042130
[setup in-reg] enable_cycle -> _65658_/D : -90.042130
[setup in-reg] enable_cycle -> _65659_/D : -90.042130
[setup in-reg] enable_cycle -> _65663_/D : -90.042130
[setup in-reg] enable_cycle -> _65668_/D : -90.042130
[setup in-reg] enable_cycle -> _65920_/D : -90.042130
[setup in-reg] enable_cycle -> _65927_/D : -90.042130
[setup in-reg] enable_cycle -> _65984_/D : -90.042130
[setup in-reg] enable_cycle -> _65988_/D : -90.042130
[setup in-reg] enable_cycle -> _65991_/D : -90.042130
[setup in-reg] enable_cycle -> _66048_/D : -90.042130
[setup in-reg] enable_cycle -> _66049_/D : -90.042130
[setup in-reg] enable_cycle -> _66057_/D : -90.042130
[setup in-reg] enable_cycle -> _66112_/D : -90.042130
[setup in-reg] enable_cycle -> _66113_/D : -90.042130
[setup in-reg] enable_cycle -> _66176_/D : -90.042130
[setup in-reg] enable_cycle -> _66177_/D : -90.042130
[setup in-reg] enable_cycle -> _66188_/D : -90.042130
[setup in-reg] enable_cycle -> _66240_/D : -90.042130
[setup in-reg] enable_cycle -> _66241_/D : -90.042130
[setup in-reg] enable_cycle -> _66245_/D : -90.042130
[setup in-reg] enable_cycle -> _66249_/D : -90.042130
[setup in-reg] enable_cycle -> _66288_/D : -90.042130
[setup in-reg] enable_cycle -> _66292_/D : -90.042130
[setup in-reg] enable_cycle -> _66295_/D : -90.042130
[setup in-reg] enable_cycle -> _66361_/D : -90.042130
[setup in-reg] enable_cycle -> _66362_/D : -90.042130
[setup in-reg] enable_cycle -> _66443_/D : -90.042130
[setup in-reg] enable_cycle -> _66450_/D : -90.042130
[setup in-reg] enable_cycle -> _66451_/D : -90.042130
[setup in-reg] enable_cycle -> _66453_/D : -90.042130
[setup in-reg] enable_cycle -> _66525_/D : -90.042130
[setup in-reg] enable_cycle -> _66689_/D : -90.042130
[setup in-reg] enable_cycle -> _66690_/D : -90.042130
[setup in-reg] enable_cycle -> _66771_/D : -90.042130
[setup in-reg] enable_cycle -> _66772_/D : -90.042122
[setup in-reg] enable_cycle -> _66777_/D : -90.042130
[setup in-reg] enable_cycle -> _66778_/D : -90.042130
[setup in-reg] enable_cycle -> _66853_/D : -90.042130
[setup in-reg] enable_cycle -> _66854_/D : -90.042130
[setup in-reg] enable_cycle -> _66918_/D : -90.042130
[setup in-reg] enable_cycle -> _66919_/D : -90.042130
[setup in-reg] enable_cycle -> _66924_/D : -90.042130
[setup in-reg] enable_cycle -> _66925_/D : -90.042122
[setup in-reg] enable_cycle -> _66994_/D : -90.042130
[setup in-reg] enable_cycle -> _66995_/D : -90.042130
[setup in-reg] enable_cycle -> _67079_/D : -90.042130
[setup in-reg] enable_cycle -> _67086_/D : -90.042130
[setup in-reg] enable_cycle -> _67087_/D : -90.042130
[setup in-reg] enable_cycle -> _67250_/D : -90.042130
[setup in-reg] enable_cycle -> _67334_/D : -90.042130
[setup in-reg] enable_cycle -> _67335_/D : -90.042130
[setup in-reg] enable_cycle -> _67340_/D : -90.042130
[setup in-reg] enable_cycle -> _67419_/D : -90.042130
[setup in-reg] enable_cycle -> _67571_/D : -90.042130
[setup in-reg] enable_cycle -> _67651_/D : -90.042130
[setup in-reg] enable_cycle -> _67739_/D : -90.042130
[setup in-reg] enable_cycle -> _67826_/D : -90.042130
[setup in-reg] enable_cycle -> _67827_/D : -90.042130
[setup in-reg] enable_cycle -> _67914_/D : -90.042130
[setup in-reg] enable_cycle -> _67915_/D : -90.042130
[setup in-reg] enable_cycle -> _68002_/D : -90.042130
[setup in-reg] enable_cycle -> _68003_/D : -90.042122
[setup in-reg] enable_cycle -> _68090_/D : -90.042130
[setup in-reg] enable_cycle -> _68091_/D : -90.042130
[setup in-reg] enable_cycle -> _68096_/D : -90.042130
[setup in-reg] enable_cycle -> _68097_/D : -90.042130
[setup in-reg] enable_cycle -> _68178_/D : -90.042130
[setup in-reg] enable_cycle -> _68179_/D : -90.042130
[setup in-reg] enable_cycle -> _68247_/D : -90.042130
[setup in-reg] enable_cycle -> _68255_/D : -90.042122
[setup in-reg] enable_cycle -> _68330_/D : -90.042130
[setup in-reg] enable_cycle -> _68421_/D : -90.042130
[setup in-reg] enable_cycle -> _68511_/D : -90.042130
[setup in-reg] enable_cycle -> _68512_/D : -90.042130
[setup in-reg] enable_cycle -> _68522_/D : -90.042130
[setup in-reg] enable_cycle -> _68602_/D : -90.042130
[setup in-reg] enable_cycle -> _68603_/D : -90.042130
[setup in-reg] enable_cycle -> _68614_/D : -90.042130
[setup in-reg] enable_cycle -> _68696_/D : -90.042122
[setup in-reg] enable_cycle -> _68793_/D : -90.042130
[setup in-reg] enable_cycle -> _68795_/D : -90.042130
[setup in-reg] enable_cycle -> _68875_/D : -90.042130
[setup in-reg] enable_cycle -> _68876_/D : -90.042130
[setup in-reg] enable_cycle -> _68887_/D : -90.042130
[setup in-reg] enable_cycle -> _68946_/D : -90.042130
[setup in-reg] enable_cycle -> _68947_/D : -90.042130
[setup in-reg] enable_cycle -> _68957_/D : -90.042130
[setup in-reg] enable_cycle -> _68958_/D : -90.042130
[setup in-reg] enable_cycle -> _69031_/D : -90.042130
[setup in-reg] enable_cycle -> _69032_/D : -90.042130
[setup in-reg] enable_cycle -> _69034_/D : -90.042130
[setup in-reg] enable_cycle -> _69037_/D : -90.042130
[setup in-reg] enable_cycle -> _69043_/D : -90.042130
[setup in-reg] enable_cycle -> _69221_/D : -90.042130
[setup in-reg] enable_cycle -> _69223_/D : -90.042130
[setup in-reg] enable_cycle -> _69231_/D : -90.042130
[setup in-reg] enable_cycle -> _69353_/D : -90.042130
[setup in-reg] enable_cycle -> _69364_/D : -90.042130
[setup in-reg] enable_cycle -> _69490_/D : -90.042130
[setup in-reg] enable_cycle -> _69492_/D : -90.042122
[setup in-reg] enable_cycle -> _69497_/D : -90.042122
[setup in-reg] enable_cycle -> _69498_/D : -90.042122
[setup in-reg] enable_cycle -> _69499_/D : -90.042130
[setup in-reg] enable_cycle -> _69501_/D : -90.042130
[setup in-reg] enable_cycle -> _69579_/D : -90.042122
[setup in-reg] enable_cycle -> _69614_/D : -90.042122
[setup in-reg] enable_cycle -> _69690_/D : -90.042130
[setup in-reg] enable_cycle -> _69695_/D : -90.042130
[setup in-reg] enable_cycle -> _69755_/D : -90.042130
[setup in-reg] enable_cycle -> _69758_/D : -90.042122
[setup in-reg] enable_cycle -> _69791_/D : -90.042130
[setup in-reg] enable_cycle -> _69853_/D : -90.042130
[setup in-reg] enable_cycle -> _69854_/D : -90.042130
[setup in-reg] enable_cycle -> _69860_/D : -90.042122
[setup in-reg] enable_cycle -> _69864_/D : -90.042130
[setup in-reg] enable_cycle -> _69865_/D : -90.042130
[setup in-reg] enable_cycle -> _65120_/D : -90.016716
[setup in-reg] enable_cycle -> _67513_/D : -90.010452
[setup in-reg] enable_cycle -> _64023_/D : -89.989288
[setup in-reg] enable_cycle -> _66864_/D : -89.961571
[setup in-reg] enable_cycle -> _69762_/D : -89.960556
[setup in-reg] enable_cycle -> _64022_/D : -89.948647
[setup in-reg] enable_cycle -> _67652_/D : -89.936523
[setup in-reg] enable_cycle -> _68886_/D : -89.936523
[setup in-reg] enable_cycle -> _64212_/D : -89.933640
[setup in-reg] enable_cycle -> _64928_/D : -89.933640
[setup in-reg] enable_cycle -> _69042_/D : -89.933640
[setup in-reg] enable_cycle -> _69749_/D : -89.933640
[setup in-reg] enable_cycle -> _69761_/D : -89.919876
[setup in-reg] enable_cycle -> _64365_/D : -89.905586
[setup in-reg] enable_cycle -> _64560_/D : -89.905586
[setup in-reg] enable_cycle -> _65661_/D : -89.905594
[setup in-reg] enable_cycle -> _65925_/D : -89.905594
[setup in-reg] enable_cycle -> _66182_/D : -89.905594
[setup in-reg] enable_cycle -> _66187_/D : -89.905586
[setup in-reg] enable_cycle -> _66696_/D : -89.905586
[setup in-reg] enable_cycle -> _67001_/D : -89.905579
[setup in-reg] enable_cycle -> _68699_/D : -89.905586
[setup in-reg] enable_cycle -> _69495_/D : -89.905586
[setup in-reg] enable_cycle -> _69637_/D : -89.905586
[setup in-reg] enable_cycle -> _64057_/D : -89.883270
[setup in-reg] enable_cycle -> _64059_/D : -89.883270
[setup in-reg] enable_cycle -> _64372_/D : -89.883270
[setup in-reg] enable_cycle -> _64570_/D : -89.883270
[setup in-reg] enable_cycle -> _64734_/D : -89.883270
[setup in-reg] enable_cycle -> _64925_/D : -89.883270
[setup in-reg] enable_cycle -> _67582_/D : -89.852890
[setup in-reg] enable_cycle -> _66446_/D : -89.792953
[setup in-reg] enable_cycle -> _69748_/D : -89.776299
[setup in-reg] enable_cycle -> _64730_/D : -89.775627
[setup in-reg] enable_cycle -> _66616_/D : -89.775627
[setup in-reg] enable_cycle -> _67173_/D : -89.775627
[setup in-reg] enable_cycle -> _67747_/D : -89.775627
[setup in-reg] enable_cycle -> _68338_/D : -89.775627
[setup in-reg] enable_cycle -> _69582_/D : -89.775627
[setup in-reg] enable_cycle -> _69802_/D : -89.775627
[setup in-reg] enable_cycle -> _68794_/D : -89.775429
[setup in-reg] enable_cycle -> _65231_/D : -89.775276
[setup in-reg] enable_cycle -> _69040_/D : -89.775276
[setup in-reg] enable_cycle -> _69601_/D : -89.775276
[setup in-reg] enable_cycle -> _69628_/D : -89.775276
[setup in-reg] enable_cycle -> _63994_/D : -89.774506
[setup in-reg] enable_cycle -> _65662_/D : -89.774506
[setup in-reg] enable_cycle -> _66528_/D : -89.774429
[setup in-reg] enable_cycle -> _66530_/D : -89.774429
[setup in-reg] enable_cycle -> _67082_/D : -89.774429
[setup in-reg] enable_cycle -> _67084_/D : -89.774429
[setup in-reg] enable_cycle -> _67575_/D : -89.774506
[setup in-reg] enable_cycle -> _67655_/D : -89.774506
[setup in-reg] enable_cycle -> _67656_/D : -89.774429
[setup in-reg] enable_cycle -> _68187_/D : -89.774429
[setup in-reg] enable_cycle -> _68520_/D : -89.774506
[setup in-reg] enable_cycle -> _69033_/D : -89.774429
[setup in-reg] enable_cycle -> _69620_/D : -89.774506
[setup in-reg] enable_cycle -> _69624_/D : -89.774506
[setup in-reg] enable_cycle -> _69794_/D : -89.774544
[setup in-reg] enable_cycle -> _69750_/D : -89.774429
[setup in-reg] enable_cycle -> _69790_/D : -89.774429
[setup in-reg] enable_cycle -> _63935_/D : -89.773224
[setup in-reg] enable_cycle -> _64047_/D : -89.773216
[setup in-reg] enable_cycle -> _64053_/D : -89.773224
[setup in-reg] enable_cycle -> _64265_/D : -89.773216
[setup in-reg] enable_cycle -> _64362_/D : -89.773216
[setup in-reg] enable_cycle -> _64459_/D : -89.773216
[setup in-reg] enable_cycle -> _64653_/D : -89.773216
[setup in-reg] enable_cycle -> _64654_/D : -89.773224
[setup in-reg] enable_cycle -> _64919_/D : -89.773216
[setup in-reg] enable_cycle -> _65019_/D : -89.773224
[setup in-reg] enable_cycle -> _65119_/D : -89.773216
[setup in-reg] enable_cycle -> _65127_/D : -89.773224
[setup in-reg] enable_cycle -> _65132_/D : -89.773224
[setup in-reg] enable_cycle -> _65219_/D : -89.773216
[setup in-reg] enable_cycle -> _65319_/D : -89.773216
[setup in-reg] enable_cycle -> _65419_/D : -89.773216
[setup in-reg] enable_cycle -> _65512_/D : -89.773216
[setup in-reg] enable_cycle -> _65655_/D : -89.773224
[setup in-reg] enable_cycle -> _65919_/D : -89.773224
[setup in-reg] enable_cycle -> _65983_/D : -89.773224
[setup in-reg] enable_cycle -> _66047_/D : -89.773224
[setup in-reg] enable_cycle -> _66055_/D : -89.773224
[setup in-reg] enable_cycle -> _66111_/D : -89.773224
[setup in-reg] enable_cycle -> _66175_/D : -89.773224
[setup in-reg] enable_cycle -> _66239_/D : -89.773224
[setup in-reg] enable_cycle -> _66287_/D : -89.773224
[setup in-reg] enable_cycle -> _66290_/D : -89.773224
[setup in-reg] enable_cycle -> _66442_/D : -89.773224
[setup in-reg] enable_cycle -> _66524_/D : -89.773224
[setup in-reg] enable_cycle -> _66606_/D : -89.773224
[setup in-reg] enable_cycle -> _66607_/D : -89.773224
[setup in-reg] enable_cycle -> _66688_/D : -89.773216
[setup in-reg] enable_cycle -> _66770_/D : -89.773224
[setup in-reg] enable_cycle -> _66852_/D : -89.773216
[setup in-reg] enable_cycle -> _66858_/D : -89.773224
[setup in-reg] enable_cycle -> _66917_/D : -89.773216
[setup in-reg] enable_cycle -> _66923_/D : -89.773224
[setup in-reg] enable_cycle -> _66993_/D : -89.773216
[setup in-reg] enable_cycle -> _67078_/D : -89.773216
[setup in-reg] enable_cycle -> _67163_/D : -89.773224
[setup in-reg] enable_cycle -> _67164_/D : -89.773224
[setup in-reg] enable_cycle -> _67248_/D : -89.773216
[setup in-reg] enable_cycle -> _67333_/D : -89.773216
[setup in-reg] enable_cycle -> _67343_/D : -89.773209
[setup in-reg] enable_cycle -> _67418_/D : -89.773224
[setup in-reg] enable_cycle -> _67503_/D : -89.773216
[setup in-reg] enable_cycle -> _67570_/D : -89.773216
[setup in-reg] enable_cycle -> _67649_/D : -89.773216
[setup in-reg] enable_cycle -> _67657_/D : -89.773224
[setup in-reg] enable_cycle -> _67737_/D : -89.773216
[setup in-reg] enable_cycle -> _67738_/D : -89.773224
[setup in-reg] enable_cycle -> _67825_/D : -89.773216
[setup in-reg] enable_cycle -> _67833_/D : -89.773209
[setup in-reg] enable_cycle -> _67913_/D : -89.773224
[setup in-reg] enable_cycle -> _67919_/D : -89.773209
[setup in-reg] enable_cycle -> _67920_/D : -89.773209
[setup in-reg] enable_cycle -> _68001_/D : -89.773224
[setup in-reg] enable_cycle -> _68089_/D : -89.773216
[setup in-reg] enable_cycle -> _68177_/D : -89.773216
[setup in-reg] enable_cycle -> _68246_/D : -89.773216
[setup in-reg] enable_cycle -> _68328_/D : -89.773216
[setup in-reg] enable_cycle -> _68329_/D : -89.773224
[setup in-reg] enable_cycle -> _68419_/D : -89.773216
[setup in-reg] enable_cycle -> _68510_/D : -89.773216
[setup in-reg] enable_cycle -> _68601_/D : -89.773216
[setup in-reg] enable_cycle -> _68694_/D : -89.773224
[setup in-reg] enable_cycle -> _68783_/D : -89.773216
[setup in-reg] enable_cycle -> _68784_/D : -89.773224
[setup in-reg] enable_cycle -> _68945_/D : -89.773216
[setup in-reg] enable_cycle -> _68948_/D : -89.773201
[setup in-reg] enable_cycle -> _69030_/D : -89.773216
[setup in-reg] enable_cycle -> _69219_/D : -89.773224
[setup in-reg] enable_cycle -> _69583_/D : -89.773224
[setup in-reg] enable_cycle -> _69639_/D : -89.773224
[setup in-reg] enable_cycle -> _69852_/D : -89.773209
[setup in-reg] enable_cycle -> _64197_/D : -89.772995
[setup in-reg] enable_cycle -> _64666_/D : -89.773018
[setup in-reg] enable_cycle -> _63929_/D : -89.772926
[setup in-reg] enable_cycle -> _63996_/D : -89.772926
[setup in-reg] enable_cycle -> _63997_/D : -89.772926
[setup in-reg] enable_cycle -> _65518_/D : -89.772995
[setup in-reg] enable_cycle -> _66297_/D : -89.772926
[setup in-reg] enable_cycle -> _66360_/D : -89.772926
[setup in-reg] enable_cycle -> _66694_/D : -89.773003
[setup in-reg] enable_cycle -> _66999_/D : -89.773003
[setup in-reg] enable_cycle -> _68012_/D : -89.773003
[setup in-reg] enable_cycle -> _68692_/D : -89.772926
[setup in-reg] enable_cycle -> _68874_/D : -89.772926
[setup in-reg] enable_cycle -> _68956_/D : -89.773003
[setup in-reg] enable_cycle -> _69218_/D : -89.772926
[setup in-reg] enable_cycle -> _69352_/D : -89.772926
[setup in-reg] enable_cycle -> _69563_/D : -89.772995
[setup in-reg] enable_cycle -> _69565_/D : -89.772926
[setup in-reg] enable_cycle -> _69566_/D : -89.772926
[setup in-reg] enable_cycle -> _69587_/D : -89.773010
[setup in-reg] enable_cycle -> _69588_/D : -89.772995
[setup in-reg] enable_cycle -> _69615_/D : -89.772995
[setup in-reg] enable_cycle -> _69617_/D : -89.772926
[setup in-reg] enable_cycle -> _69735_/D : -89.772995
[setup in-reg] enable_cycle -> _69737_/D : -89.772926
[setup in-reg] enable_cycle -> _69781_/D : -89.772995
[setup in-reg] enable_cycle -> _69784_/D : -89.772926
[setup in-reg] enable_cycle -> _63938_/D : -89.749611
[setup in-reg] enable_cycle -> _64054_/D : -89.749611
[setup in-reg] enable_cycle -> _64661_/D : -89.749611
[setup in-reg] enable_cycle -> _64662_/D : -89.749611
[setup in-reg] enable_cycle -> _65125_/D : -89.749611
[setup in-reg] enable_cycle -> _65324_/D : -89.749611
[setup in-reg] enable_cycle -> _65425_/D : -89.749611
[setup in-reg] enable_cycle -> _65426_/D : -89.749611
[setup in-reg] enable_cycle -> _65516_/D : -89.749611
[setup in-reg] enable_cycle -> _66056_/D : -89.749611
[setup in-reg] enable_cycle -> _66296_/D : -89.749611
[setup in-reg] enable_cycle -> _66366_/D : -89.749611
[setup in-reg] enable_cycle -> _66367_/D : -89.749611
[setup in-reg] enable_cycle -> _66455_/D : -89.749611
[setup in-reg] enable_cycle -> _66531_/D : -89.749611
[setup in-reg] enable_cycle -> _66615_/D : -89.749611
[setup in-reg] enable_cycle -> _66859_/D : -89.749611
[setup in-reg] enable_cycle -> _66928_/D : -89.749611
[setup in-reg] enable_cycle -> _66930_/D : -89.749611
[setup in-reg] enable_cycle -> _67083_/D : -89.749611
[setup in-reg] enable_cycle -> _67091_/D : -89.749611
[setup in-reg] enable_cycle -> _67172_/D : -89.749611
[setup in-reg] enable_cycle -> _67254_/D : -89.749611
[setup in-reg] enable_cycle -> _67255_/D : -89.749611
[setup in-reg] enable_cycle -> _67256_/D : -89.749611
[setup in-reg] enable_cycle -> _67346_/D : -89.749611
[setup in-reg] enable_cycle -> _67425_/D : -89.749611
[setup in-reg] enable_cycle -> _67507_/D : -89.749611
[setup in-reg] enable_cycle -> _67516_/D : -89.749611
[setup in-reg] enable_cycle -> _67742_/D : -89.749611
[setup in-reg] enable_cycle -> _67746_/D : -89.749611
[setup in-reg] enable_cycle -> _68007_/D : -89.749611
[setup in-reg] enable_cycle -> _68008_/D : -89.749611
[setup in-reg] enable_cycle -> _68102_/D : -89.749611
[setup in-reg] enable_cycle -> _68183_/D : -89.749611
[setup in-reg] enable_cycle -> _68333_/D : -89.749611
[setup in-reg] enable_cycle -> _68337_/D : -89.749611
[setup in-reg] enable_cycle -> _68431_/D : -89.749611
[setup in-reg] enable_cycle -> _68432_/D : -89.749611
[setup in-reg] enable_cycle -> _68521_/D : -89.749611
[setup in-reg] enable_cycle -> _68523_/D : -89.749611
[setup in-reg] enable_cycle -> _68792_/D : -89.749611
[setup in-reg] enable_cycle -> _68885_/D : -89.749611
[setup in-reg] enable_cycle -> _68949_/D : -89.749611
[setup in-reg] enable_cycle -> _69363_/D : -89.749611
[setup in-reg] enable_cycle -> _69598_/D : -89.749611
[setup in-reg] enable_cycle -> _69602_/D : -89.749611
[setup in-reg] enable_cycle -> _69633_/D : -89.749611
[setup in-reg] enable_cycle -> _69803_/D : -89.749611
[setup in-reg] enable_cycle -> _65431_/D : -89.747025
[setup in-reg] enable_cycle -> _66359_/D : -89.727188
[setup in-reg] enable_cycle -> _66523_/D : -89.727188
[setup in-reg] enable_cycle -> _66687_/D : -89.727188
[setup in-reg] enable_cycle -> _66851_/D : -89.727188
[setup in-reg] enable_cycle -> _66992_/D : -89.727188
[setup in-reg] enable_cycle -> _67162_/D : -89.727188
[setup in-reg] enable_cycle -> _67332_/D : -89.727188
[setup in-reg] enable_cycle -> _67502_/D : -89.727188
[setup in-reg] enable_cycle -> _67648_/D : -89.727188
[setup in-reg] enable_cycle -> _67824_/D : -89.727188
[setup in-reg] enable_cycle -> _68000_/D : -89.727188
[setup in-reg] enable_cycle -> _68176_/D : -89.727188
[setup in-reg] enable_cycle -> _68327_/D : -89.727188
[setup in-reg] enable_cycle -> _68418_/D : -89.727188
[setup in-reg] enable_cycle -> _69217_/D : -89.727188
[setup in-reg] enable_cycle -> _63995_/D : -89.727058
[setup in-reg] enable_cycle -> _64046_/D : -89.727036
[setup in-reg] enable_cycle -> _64055_/D : -89.727036
[setup in-reg] enable_cycle -> _64143_/D : -89.727036
[setup in-reg] enable_cycle -> _64264_/D : -89.727036
[setup in-reg] enable_cycle -> _64361_/D : -89.727036
[setup in-reg] enable_cycle -> _64458_/D : -89.727036
[setup in-reg] enable_cycle -> _64462_/D : -89.727058
[setup in-reg] enable_cycle -> _64555_/D : -89.727036
[setup in-reg] enable_cycle -> _64652_/D : -89.727036
[setup in-reg] enable_cycle -> _64663_/D : -89.727036
[setup in-reg] enable_cycle -> _64818_/D : -89.727036
[setup in-reg] enable_cycle -> _64918_/D : -89.727036
[setup in-reg] enable_cycle -> _65018_/D : -89.727036
[setup in-reg] enable_cycle -> _65118_/D : -89.727036
[setup in-reg] enable_cycle -> _65130_/D : -89.727058
[setup in-reg] enable_cycle -> _65131_/D : -89.727036
[setup in-reg] enable_cycle -> _65218_/D : -89.727036
[setup in-reg] enable_cycle -> _65230_/D : -89.727036
[setup in-reg] enable_cycle -> _65318_/D : -89.727036
[setup in-reg] enable_cycle -> _65327_/D : -89.727036
[setup in-reg] enable_cycle -> _65329_/D : -89.727036
[setup in-reg] enable_cycle -> _65418_/D : -89.727036
[setup in-reg] enable_cycle -> _65420_/D : -89.727036
[setup in-reg] enable_cycle -> _65429_/D : -89.727058
[setup in-reg] enable_cycle -> _65430_/D : -89.727036
[setup in-reg] enable_cycle -> _65522_/D : -89.727036
[setup in-reg] enable_cycle -> _65654_/D : -89.727036
[setup in-reg] enable_cycle -> _65666_/D : -89.727036
[setup in-reg] enable_cycle -> _65918_/D : -89.727036
[setup in-reg] enable_cycle -> _65982_/D : -89.727036
[setup in-reg] enable_cycle -> _65986_/D : -89.727058
[setup in-reg] enable_cycle -> _66046_/D : -89.727036
[setup in-reg] enable_cycle -> _66110_/D : -89.727036
[setup in-reg] enable_cycle -> _66174_/D : -89.727036
[setup in-reg] enable_cycle -> _66238_/D : -89.727036
[setup in-reg] enable_cycle -> _66286_/D : -89.727036
[setup in-reg] enable_cycle -> _66441_/D : -89.727036
[setup in-reg] enable_cycle -> _66532_/D : -89.727036
[setup in-reg] enable_cycle -> _66535_/D : -89.727058
[setup in-reg] enable_cycle -> _66605_/D : -89.727036
[setup in-reg] enable_cycle -> _66617_/D : -89.727058
[setup in-reg] enable_cycle -> _66618_/D : -89.727058
[setup in-reg] enable_cycle -> _66697_/D : -89.727036
[setup in-reg] enable_cycle -> _66769_/D : -89.727036
[setup in-reg] enable_cycle -> _66860_/D : -89.727036
[setup in-reg] enable_cycle -> _66863_/D : -89.727036
[setup in-reg] enable_cycle -> _66916_/D : -89.727036
[setup in-reg] enable_cycle -> _67077_/D : -89.727036
[setup in-reg] enable_cycle -> _67166_/D : -89.727036
[setup in-reg] enable_cycle -> _67174_/D : -89.727058
[setup in-reg] enable_cycle -> _67175_/D : -89.727058
[setup in-reg] enable_cycle -> _67247_/D : -89.727036
[setup in-reg] enable_cycle -> _67249_/D : -89.727036
[setup in-reg] enable_cycle -> _67344_/D : -89.727036
[setup in-reg] enable_cycle -> _67417_/D : -89.727036
[setup in-reg] enable_cycle -> _67426_/D : -89.727036
[setup in-reg] enable_cycle -> _67427_/D : -89.727036
[setup in-reg] enable_cycle -> _67504_/D : -89.727036
[setup in-reg] enable_cycle -> _67510_/D : -89.727058
[setup in-reg] enable_cycle -> _67511_/D : -89.727036
[setup in-reg] enable_cycle -> _67515_/D : -89.727058
[setup in-reg] enable_cycle -> _67569_/D : -89.727036
[setup in-reg] enable_cycle -> _67650_/D : -89.727036
[setup in-reg] enable_cycle -> _67736_/D : -89.727036
[setup in-reg] enable_cycle -> _67748_/D : -89.727058
[setup in-reg] enable_cycle -> _67749_/D : -89.727058
[setup in-reg] enable_cycle -> _67912_/D : -89.727036
[setup in-reg] enable_cycle -> _67921_/D : -89.727036
[setup in-reg] enable_cycle -> _68009_/D : -89.727036
[setup in-reg] enable_cycle -> _68010_/D : -89.727036
[setup in-reg] enable_cycle -> _68088_/D : -89.727036
[setup in-reg] enable_cycle -> _68100_/D : -89.727036
[setup in-reg] enable_cycle -> _68185_/D : -89.727036
[setup in-reg] enable_cycle -> _68339_/D : -89.727058
[setup in-reg] enable_cycle -> _68340_/D : -89.727058
[setup in-reg] enable_cycle -> _68420_/D : -89.727036
[setup in-reg] enable_cycle -> _68509_/D : -89.727036
[setup in-reg] enable_cycle -> _68600_/D : -89.727036
[setup in-reg] enable_cycle -> _68691_/D : -89.727036
[setup in-reg] enable_cycle -> _68782_/D : -89.727036
[setup in-reg] enable_cycle -> _68873_/D : -89.727036
[setup in-reg] enable_cycle -> _68944_/D : -89.727036
[setup in-reg] enable_cycle -> _68952_/D : -89.727036
[setup in-reg] enable_cycle -> _69029_/D : -89.727036
[setup in-reg] enable_cycle -> _69123_/D : -89.727036
[setup in-reg] enable_cycle -> _69224_/D : -89.727036
[setup in-reg] enable_cycle -> _69229_/D : -89.727058
[setup in-reg] enable_cycle -> _69230_/D : -89.727058
[setup in-reg] enable_cycle -> _69350_/D : -89.727036
[setup in-reg] enable_cycle -> _69487_/D : -89.727036
[setup in-reg] enable_cycle -> _69489_/D : -89.727058
[setup in-reg] enable_cycle -> _69632_/D : -89.727036
[setup in-reg] enable_cycle -> _69682_/D : -89.727036
[setup in-reg] enable_cycle -> _69806_/D : -89.727036
[setup in-reg] enable_cycle -> _69809_/D : -89.727036
[setup in-reg] enable_cycle -> _69851_/D : -89.727036
[setup in-reg] enable_cycle -> _69857_/D : -89.727036
[setup in-reg] enable_cycle -> _66445_/D : -89.726059
[setup in-reg] enable_cycle -> _67081_/D : -89.726059
[setup in-reg] enable_cycle -> _67506_/D : -89.726059
[setup in-reg] enable_cycle -> _67659_/D : -89.726059
[setup in-reg] enable_cycle -> _69611_/D : -89.726059
[setup in-reg] enable_cycle -> _69804_/D : -89.627441
[setup in-reg] enable_cycle -> _63965_/D : -67.459572
[setup in-reg] enable_cycle -> _63966_/D : -67.459572
[setup in-reg] enable_cycle -> _63967_/D : -67.459572
[setup in-reg] enable_cycle -> _63968_/D : -67.459572
[setup in-reg] enable_cycle -> _63969_/D : -67.459572
[setup in-reg] enable_cycle -> _63970_/D : -67.459572
[setup in-reg] enable_cycle -> _63971_/D : -67.459572
[setup in-reg] enable_cycle -> _63972_/D : -67.459572
[setup in-reg] enable_cycle -> _64084_/D : -67.459572
[setup in-reg] enable_cycle -> _64085_/D : -67.459572
[setup in-reg] enable_cycle -> _64086_/D : -67.459572
[setup in-reg] enable_cycle -> _64087_/D : -67.459572
[setup in-reg] enable_cycle -> _64088_/D : -67.459572
[setup in-reg] enable_cycle -> _64089_/D : -67.459572
[setup in-reg] enable_cycle -> _64090_/D : -67.459572
[setup in-reg] enable_cycle -> _64091_/D : -67.459572
[setup in-reg] enable_cycle -> _64181_/D : -67.459572
[setup in-reg] enable_cycle -> _64182_/D : -67.459572
[setup in-reg] enable_cycle -> _64183_/D : -67.459572
[setup in-reg] enable_cycle -> _64184_/D : -67.459572
[setup in-reg] enable_cycle -> _64185_/D : -67.459572
[setup in-reg] enable_cycle -> _64186_/D : -67.459572
[setup in-reg] enable_cycle -> _64187_/D : -67.459572
[setup in-reg] enable_cycle -> _64188_/D : -67.459572
[setup in-reg] enable_cycle -> _64302_/D : -67.459572
[setup in-reg] enable_cycle -> _64303_/D : -67.459572
[setup in-reg] enable_cycle -> _64304_/D : -67.459572
[setup in-reg] enable_cycle -> _64305_/D : -67.459572
[setup in-reg] enable_cycle -> _64306_/D : -67.459572
[setup in-reg] enable_cycle -> _64307_/D : -67.459572
[setup in-reg] enable_cycle -> _64308_/D : -67.459572
[setup in-reg] enable_cycle -> _64309_/D : -67.459572
[setup in-reg] enable_cycle -> _64399_/D : -67.459572
[setup in-reg] enable_cycle -> _64400_/D : -67.459572
[setup in-reg] enable_cycle -> _64401_/D : -67.459572
[setup in-reg] enable_cycle -> _64402_/D : -67.459572
[setup in-reg] enable_cycle -> _64403_/D : -67.459572
[setup in-reg] enable_cycle -> _64404_/D : -67.459572
[setup in-reg] enable_cycle -> _64405_/D : -67.459572
[setup in-reg] enable_cycle -> _64406_/D : -67.459572
[setup in-reg] enable_cycle -> _64496_/D : -67.459572
[setup in-reg] enable_cycle -> _64497_/D : -67.459572
[setup in-reg] enable_cycle -> _64498_/D : -67.459572
[setup in-reg] enable_cycle -> _64499_/D : -67.459572
[setup in-reg] enable_cycle -> _64500_/D : -67.459572
[setup in-reg] enable_cycle -> _64501_/D : -67.459572
[setup in-reg] enable_cycle -> _64502_/D : -67.459572
[setup in-reg] enable_cycle -> _64503_/D : -67.459572
[setup in-reg] enable_cycle -> _64593_/D : -67.459572
[setup in-reg] enable_cycle -> _64594_/D : -67.459572
[setup in-reg] enable_cycle -> _64595_/D : -67.459572
[setup in-reg] enable_cycle -> _64596_/D : -67.459572
[setup in-reg] enable_cycle -> _64597_/D : -67.459572
[setup in-reg] enable_cycle -> _64598_/D : -67.459572
[setup in-reg] enable_cycle -> _64599_/D : -67.459572
[setup in-reg] enable_cycle -> _64600_/D : -67.459572
[setup in-reg] enable_cycle -> _64690_/D : -67.459572
[setup in-reg] enable_cycle -> _64691_/D : -67.459572
[setup in-reg] enable_cycle -> _64692_/D : -67.459572
[setup in-reg] enable_cycle -> _64693_/D : -67.459572
[setup in-reg] enable_cycle -> _64694_/D : -67.459572
[setup in-reg] enable_cycle -> _64695_/D : -67.459572
[setup in-reg] enable_cycle -> _64696_/D : -67.459572
[setup in-reg] enable_cycle -> _64697_/D : -67.459572
[setup in-reg] enable_cycle -> _64765_/D : -67.459572
[setup in-reg] enable_cycle -> _64766_/D : -67.459572
[setup in-reg] enable_cycle -> _64767_/D : -67.459572
[setup in-reg] enable_cycle -> _64768_/D : -67.459572
[setup in-reg] enable_cycle -> _64769_/D : -67.459572
[setup in-reg] enable_cycle -> _64770_/D : -67.459572
[setup in-reg] enable_cycle -> _64771_/D : -67.459572
[setup in-reg] enable_cycle -> _64772_/D : -67.459572
[setup in-reg] enable_cycle -> _64857_/D : -67.459572
[setup in-reg] enable_cycle -> _64858_/D : -67.459572
[setup in-reg] enable_cycle -> _64859_/D : -67.459572
[setup in-reg] enable_cycle -> _64860_/D : -67.459572
[setup in-reg] enable_cycle -> _64861_/D : -67.459572
[setup in-reg] enable_cycle -> _64862_/D : -67.459572
[setup in-reg] enable_cycle -> _64863_/D : -67.459572
[setup in-reg] enable_cycle -> _64864_/D : -67.459572
[setup in-reg] enable_cycle -> _64957_/D : -67.459572
[setup in-reg] enable_cycle -> _64958_/D : -67.459572
[setup in-reg] enable_cycle -> _64959_/D : -67.459572
[setup in-reg] enable_cycle -> _64960_/D : -67.459572
[setup in-reg] enable_cycle -> _64961_/D : -67.459572
[setup in-reg] enable_cycle -> _64962_/D : -67.459572
[setup in-reg] enable_cycle -> _64963_/D : -67.459572
[setup in-reg] enable_cycle -> _64964_/D : -67.459572
[setup in-reg] enable_cycle -> _65057_/D : -67.459572
[setup in-reg] enable_cycle -> _65058_/D : -67.459572
[setup in-reg] enable_cycle -> _65059_/D : -67.459572
[setup in-reg] enable_cycle -> _65060_/D : -67.459572
[setup in-reg] enable_cycle -> _65061_/D : -67.459572
[setup in-reg] enable_cycle -> _65062_/D : -67.459572
[setup in-reg] enable_cycle -> _65063_/D : -67.459572
[setup in-reg] enable_cycle -> _65064_/D : -67.459572
[setup in-reg] enable_cycle -> _65157_/D : -67.459572
[setup in-reg] enable_cycle -> _65158_/D : -67.459572
[setup in-reg] enable_cycle -> _65159_/D : -67.459572
[setup in-reg] enable_cycle -> _65160_/D : -67.459572
[setup in-reg] enable_cycle -> _65161_/D : -67.459572
[setup in-reg] enable_cycle -> _65162_/D : -67.459572
[setup in-reg] enable_cycle -> _65163_/D : -67.459572
[setup in-reg] enable_cycle -> _65164_/D : -67.459572
[setup in-reg] enable_cycle -> _65257_/D : -67.459572
[setup in-reg] enable_cycle -> _65258_/D : -67.459572
[setup in-reg] enable_cycle -> _65259_/D : -67.459572
[setup in-reg] enable_cycle -> _65260_/D : -67.459572
[setup in-reg] enable_cycle -> _65261_/D : -67.459572
[setup in-reg] enable_cycle -> _65262_/D : -67.459572
[setup in-reg] enable_cycle -> _65263_/D : -67.459572
[setup in-reg] enable_cycle -> _65264_/D : -67.459572
[setup in-reg] enable_cycle -> _65357_/D : -67.459572
[setup in-reg] enable_cycle -> _65358_/D : -67.459572
[setup in-reg] enable_cycle -> _65359_/D : -67.459572
[setup in-reg] enable_cycle -> _65360_/D : -67.459572
[setup in-reg] enable_cycle -> _65361_/D : -67.459572
[setup in-reg] enable_cycle -> _65362_/D : -67.459572
[setup in-reg] enable_cycle -> _65363_/D : -67.459572
[setup in-reg] enable_cycle -> _65364_/D : -67.459572
[setup in-reg] enable_cycle -> _65457_/D : -67.459572
[setup in-reg] enable_cycle -> _65458_/D : -67.459572
[setup in-reg] enable_cycle -> _65459_/D : -67.459572
[setup in-reg] enable_cycle -> _65460_/D : -67.459572
[setup in-reg] enable_cycle -> _65461_/D : -67.459572
[setup in-reg] enable_cycle -> _65462_/D : -67.459572
[setup in-reg] enable_cycle -> _65463_/D : -67.459572
[setup in-reg] enable_cycle -> _65464_/D : -67.459572
[setup in-reg] enable_cycle -> _65550_/D : -67.459572
[setup in-reg] enable_cycle -> _65551_/D : -67.459572
[setup in-reg] enable_cycle -> _65552_/D : -67.459572
[setup in-reg] enable_cycle -> _65553_/D : -67.459572
[setup in-reg] enable_cycle -> _65554_/D : -67.459572
[setup in-reg] enable_cycle -> _65555_/D : -67.459572
[setup in-reg] enable_cycle -> _65556_/D : -67.459572
[setup in-reg] enable_cycle -> _65557_/D : -67.459572
[setup in-reg] enable_cycle -> _65606_/D : -67.459572
[setup in-reg] enable_cycle -> _65607_/D : -67.459572
[setup in-reg] enable_cycle -> _65608_/D : -67.459572
[setup in-reg] enable_cycle -> _65609_/D : -67.459572
[setup in-reg] enable_cycle -> _65610_/D : -67.459572
[setup in-reg] enable_cycle -> _65611_/D : -67.459572
[setup in-reg] enable_cycle -> _65612_/D : -67.459572
[setup in-reg] enable_cycle -> _65613_/D : -67.459572
[setup in-reg] enable_cycle -> _65950_/D : -67.459572
[setup in-reg] enable_cycle -> _65951_/D : -67.459572
[setup in-reg] enable_cycle -> _65952_/D : -67.459572
[setup in-reg] enable_cycle -> _65953_/D : -67.459572
[setup in-reg] enable_cycle -> _65954_/D : -67.459572
[setup in-reg] enable_cycle -> _65955_/D : -67.459572
[setup in-reg] enable_cycle -> _65956_/D : -67.459572
[setup in-reg] enable_cycle -> _65957_/D : -67.459572
[setup in-reg] enable_cycle -> _66014_/D : -67.459572
[setup in-reg] enable_cycle -> _66015_/D : -67.459572
[setup in-reg] enable_cycle -> _66016_/D : -67.459572
[setup in-reg] enable_cycle -> _66017_/D : -67.459572
[setup in-reg] enable_cycle -> _66018_/D : -67.459572
[setup in-reg] enable_cycle -> _66019_/D : -67.459572
[setup in-reg] enable_cycle -> _66020_/D : -67.459572
[setup in-reg] enable_cycle -> _66021_/D : -67.459572
[setup in-reg] enable_cycle -> _66078_/D : -67.459572
[setup in-reg] enable_cycle -> _66079_/D : -67.459572
[setup in-reg] enable_cycle -> _66080_/D : -67.459572
[setup in-reg] enable_cycle -> _66081_/D : -67.459572
[setup in-reg] enable_cycle -> _66082_/D : -67.459572
[setup in-reg] enable_cycle -> _66083_/D : -67.459572
[setup in-reg] enable_cycle -> _66084_/D : -67.459572
[setup in-reg] enable_cycle -> _66085_/D : -67.459572
[setup in-reg] enable_cycle -> _66142_/D : -67.459572
[setup in-reg] enable_cycle -> _66143_/D : -67.459572
[setup in-reg] enable_cycle -> _66144_/D : -67.459572
[setup in-reg] enable_cycle -> _66145_/D : -67.459572
[setup in-reg] enable_cycle -> _66146_/D : -67.459572
[setup in-reg] enable_cycle -> _66147_/D : -67.459572
[setup in-reg] enable_cycle -> _66148_/D : -67.459572
[setup in-reg] enable_cycle -> _66149_/D : -67.459572
[setup in-reg] enable_cycle -> _66206_/D : -67.459572
[setup in-reg] enable_cycle -> _66207_/D : -67.459572
[setup in-reg] enable_cycle -> _66208_/D : -67.459572
[setup in-reg] enable_cycle -> _66209_/D : -67.459572
[setup in-reg] enable_cycle -> _66210_/D : -67.459572
[setup in-reg] enable_cycle -> _66211_/D : -67.459572
[setup in-reg] enable_cycle -> _66212_/D : -67.459572
[setup in-reg] enable_cycle -> _66213_/D : -67.459572
[setup in-reg] enable_cycle -> _66270_/D : -67.459572
[setup in-reg] enable_cycle -> _66271_/D : -67.459572
[setup in-reg] enable_cycle -> _66272_/D : -67.459572
[setup in-reg] enable_cycle -> _66273_/D : -67.459572
[setup in-reg] enable_cycle -> _66274_/D : -67.459572
[setup in-reg] enable_cycle -> _66275_/D : -67.459572
[setup in-reg] enable_cycle -> _66276_/D : -67.459572
[setup in-reg] enable_cycle -> _66277_/D : -67.459572
[setup in-reg] enable_cycle -> _66318_/D : -67.459572
[setup in-reg] enable_cycle -> _66319_/D : -67.459572
[setup in-reg] enable_cycle -> _66320_/D : -67.459572
[setup in-reg] enable_cycle -> _66321_/D : -67.459572
[setup in-reg] enable_cycle -> _66322_/D : -67.459572
[setup in-reg] enable_cycle -> _66323_/D : -67.459572
[setup in-reg] enable_cycle -> _66324_/D : -67.459572
[setup in-reg] enable_cycle -> _66325_/D : -67.459572
[setup in-reg] enable_cycle -> _66392_/D : -67.459572
[setup in-reg] enable_cycle -> _66393_/D : -67.459572
[setup in-reg] enable_cycle -> _66394_/D : -67.459572
[setup in-reg] enable_cycle -> _66395_/D : -67.459572
[setup in-reg] enable_cycle -> _66396_/D : -67.459572
[setup in-reg] enable_cycle -> _66397_/D : -67.459572
[setup in-reg] enable_cycle -> _66398_/D : -67.459572
[setup in-reg] enable_cycle -> _66399_/D : -67.459572
[setup in-reg] enable_cycle -> _66474_/D : -67.459572
[setup in-reg] enable_cycle -> _66475_/D : -67.459572
[setup in-reg] enable_cycle -> _66476_/D : -67.459572
[setup in-reg] enable_cycle -> _66477_/D : -67.459572
[setup in-reg] enable_cycle -> _66478_/D : -67.459572
[setup in-reg] enable_cycle -> _66479_/D : -67.459572
[setup in-reg] enable_cycle -> _66480_/D : -67.459572
[setup in-reg] enable_cycle -> _66481_/D : -67.459572
[setup in-reg] enable_cycle -> _66556_/D : -67.459572
[setup in-reg] enable_cycle -> _66557_/D : -67.459572
[setup in-reg] enable_cycle -> _66558_/D : -67.459572
[setup in-reg] enable_cycle -> _66559_/D : -67.459572
[setup in-reg] enable_cycle -> _66560_/D : -67.459572
[setup in-reg] enable_cycle -> _66561_/D : -67.459572
[setup in-reg] enable_cycle -> _66562_/D : -67.459572
[setup in-reg] enable_cycle -> _66563_/D : -67.459572
[setup in-reg] enable_cycle -> _66638_/D : -67.459572
[setup in-reg] enable_cycle -> _66639_/D : -67.459572
[setup in-reg] enable_cycle -> _66640_/D : -67.459572
[setup in-reg] enable_cycle -> _66641_/D : -67.459572
[setup in-reg] enable_cycle -> _66642_/D : -67.459572
[setup in-reg] enable_cycle -> _66643_/D : -67.459572
[setup in-reg] enable_cycle -> _66644_/D : -67.459572
[setup in-reg] enable_cycle -> _66645_/D : -67.459572
[setup in-reg] enable_cycle -> _66720_/D : -67.459572
[setup in-reg] enable_cycle -> _66721_/D : -67.459572
[setup in-reg] enable_cycle -> _66722_/D : -67.459572
[setup in-reg] enable_cycle -> _66723_/D : -67.459572
[setup in-reg] enable_cycle -> _66724_/D : -67.459572
[setup in-reg] enable_cycle -> _66725_/D : -67.459572
[setup in-reg] enable_cycle -> _66726_/D : -67.459572
[setup in-reg] enable_cycle -> _66727_/D : -67.459572
[setup in-reg] enable_cycle -> _66802_/D : -67.459572
[setup in-reg] enable_cycle -> _66803_/D : -67.459572
[setup in-reg] enable_cycle -> _66804_/D : -67.459572
[setup in-reg] enable_cycle -> _66805_/D : -67.459572
[setup in-reg] enable_cycle -> _66806_/D : -67.459572
[setup in-reg] enable_cycle -> _66807_/D : -67.459572
[setup in-reg] enable_cycle -> _66808_/D : -67.459572
[setup in-reg] enable_cycle -> _66809_/D : -67.459572
[setup in-reg] enable_cycle -> _66884_/D : -67.459572
[setup in-reg] enable_cycle -> _66885_/D : -67.459572
[setup in-reg] enable_cycle -> _66886_/D : -67.459572
[setup in-reg] enable_cycle -> _66887_/D : -67.459572
[setup in-reg] enable_cycle -> _66888_/D : -67.459572
[setup in-reg] enable_cycle -> _66889_/D : -67.459572
[setup in-reg] enable_cycle -> _66890_/D : -67.459572
[setup in-reg] enable_cycle -> _66891_/D : -67.459572
[setup in-reg] enable_cycle -> _66949_/D : -67.459572
[setup in-reg] enable_cycle -> _66950_/D : -67.459572
[setup in-reg] enable_cycle -> _66951_/D : -67.459572
[setup in-reg] enable_cycle -> _66952_/D : -67.459572
[setup in-reg] enable_cycle -> _66953_/D : -67.459572
[setup in-reg] enable_cycle -> _66954_/D : -67.459572
[setup in-reg] enable_cycle -> _66955_/D : -67.459572
[setup in-reg] enable_cycle -> _66956_/D : -67.459572
[setup in-reg] enable_cycle -> _67026_/D : -67.459572
[setup in-reg] enable_cycle -> _67027_/D : -67.459572
[setup in-reg] enable_cycle -> _67028_/D : -67.459572
[setup in-reg] enable_cycle -> _67029_/D : -67.459572
[setup in-reg] enable_cycle -> _67030_/D : -67.459572
[setup in-reg] enable_cycle -> _67031_/D : -67.459572
[setup in-reg] enable_cycle -> _67032_/D : -67.459572
[setup in-reg] enable_cycle -> _67033_/D : -67.459572
[setup in-reg] enable_cycle -> _67111_/D : -67.459572
[setup in-reg] enable_cycle -> _67112_/D : -67.459572
[setup in-reg] enable_cycle -> _67113_/D : -67.459572
[setup in-reg] enable_cycle -> _67114_/D : -67.459572
[setup in-reg] enable_cycle -> _67115_/D : -67.459572
[setup in-reg] enable_cycle -> _67116_/D : -67.459572
[setup in-reg] enable_cycle -> _67117_/D : -67.459572
[setup in-reg] enable_cycle -> _67118_/D : -67.459572
[setup in-reg] enable_cycle -> _67196_/D : -67.459572
[setup in-reg] enable_cycle -> _67197_/D : -67.459572
[setup in-reg] enable_cycle -> _67198_/D : -67.459572
[setup in-reg] enable_cycle -> _67199_/D : -67.459572
[setup in-reg] enable_cycle -> _67200_/D : -67.459572
[setup in-reg] enable_cycle -> _67201_/D : -67.459572
[setup in-reg] enable_cycle -> _67202_/D : -67.459572
[setup in-reg] enable_cycle -> _67203_/D : -67.459572
[setup in-reg] enable_cycle -> _67281_/D : -67.459572
[setup in-reg] enable_cycle -> _67282_/D : -67.459572
[setup in-reg] enable_cycle -> _67283_/D : -67.459572
[setup in-reg] enable_cycle -> _67284_/D : -67.459572
[setup in-reg] enable_cycle -> _67285_/D : -67.459572
[setup in-reg] enable_cycle -> _67286_/D : -67.459572
[setup in-reg] enable_cycle -> _67287_/D : -67.459572
[setup in-reg] enable_cycle -> _67288_/D : -67.459572
[setup in-reg] enable_cycle -> _67366_/D : -67.459572
[setup in-reg] enable_cycle -> _67367_/D : -67.459572
[setup in-reg] enable_cycle -> _67368_/D : -67.459572
[setup in-reg] enable_cycle -> _67369_/D : -67.459572
[setup in-reg] enable_cycle -> _67370_/D : -67.459572
[setup in-reg] enable_cycle -> _67371_/D : -67.459572
[setup in-reg] enable_cycle -> _67372_/D : -67.459572
[setup in-reg] enable_cycle -> _67373_/D : -67.459572
[setup in-reg] enable_cycle -> _67451_/D : -67.459572
[setup in-reg] enable_cycle -> _67452_/D : -67.459572
[setup in-reg] enable_cycle -> _67453_/D : -67.459572
[setup in-reg] enable_cycle -> _67454_/D : -67.459572
[setup in-reg] enable_cycle -> _67455_/D : -67.459572
[setup in-reg] enable_cycle -> _67456_/D : -67.459572
[setup in-reg] enable_cycle -> _67457_/D : -67.459572
[setup in-reg] enable_cycle -> _67458_/D : -67.459572
[setup in-reg] enable_cycle -> _67536_/D : -67.459572
[setup in-reg] enable_cycle -> _67537_/D : -67.459572
[setup in-reg] enable_cycle -> _67538_/D : -67.459572
[setup in-reg] enable_cycle -> _67539_/D : -67.459572
[setup in-reg] enable_cycle -> _67540_/D : -67.459572
[setup in-reg] enable_cycle -> _67541_/D : -67.459572
[setup in-reg] enable_cycle -> _67542_/D : -67.459572
[setup in-reg] enable_cycle -> _67543_/D : -67.459572
[setup in-reg] enable_cycle -> _67603_/D : -67.459572
[setup in-reg] enable_cycle -> _67604_/D : -67.459572
[setup in-reg] enable_cycle -> _67605_/D : -67.459572
[setup in-reg] enable_cycle -> _67606_/D : -67.459572
[setup in-reg] enable_cycle -> _67607_/D : -67.459572
[setup in-reg] enable_cycle -> _67608_/D : -67.459572
[setup in-reg] enable_cycle -> _67609_/D : -67.459572
[setup in-reg] enable_cycle -> _67610_/D : -67.459572
[setup in-reg] enable_cycle -> _67683_/D : -67.459572
[setup in-reg] enable_cycle -> _67684_/D : -67.459572
[setup in-reg] enable_cycle -> _67685_/D : -67.459572
[setup in-reg] enable_cycle -> _67686_/D : -67.459572
[setup in-reg] enable_cycle -> _67687_/D : -67.459572
[setup in-reg] enable_cycle -> _67688_/D : -67.459572
[setup in-reg] enable_cycle -> _67689_/D : -67.459572
[setup in-reg] enable_cycle -> _67690_/D : -67.459572
[setup in-reg] enable_cycle -> _67771_/D : -67.459572
[setup in-reg] enable_cycle -> _67772_/D : -67.459572
[setup in-reg] enable_cycle -> _67773_/D : -67.459572
[setup in-reg] enable_cycle -> _67774_/D : -67.459572
[setup in-reg] enable_cycle -> _67775_/D : -67.459572
[setup in-reg] enable_cycle -> _67776_/D : -67.459572
[setup in-reg] enable_cycle -> _67777_/D : -67.459572
[setup in-reg] enable_cycle -> _67778_/D : -67.459572
[setup in-reg] enable_cycle -> _67859_/D : -67.459572
[setup in-reg] enable_cycle -> _67860_/D : -67.459572
[setup in-reg] enable_cycle -> _67861_/D : -67.459572
[setup in-reg] enable_cycle -> _67862_/D : -67.459572
[setup in-reg] enable_cycle -> _67863_/D : -67.459572
[setup in-reg] enable_cycle -> _67864_/D : -67.459572
[setup in-reg] enable_cycle -> _67865_/D : -67.459572
[setup in-reg] enable_cycle -> _67866_/D : -67.459572
[setup in-reg] enable_cycle -> _67947_/D : -67.459572
[setup in-reg] enable_cycle -> _67948_/D : -67.459572
[setup in-reg] enable_cycle -> _67949_/D : -67.459572
[setup in-reg] enable_cycle -> _67950_/D : -67.459572
[setup in-reg] enable_cycle -> _67951_/D : -67.459572
[setup in-reg] enable_cycle -> _67952_/D : -67.459572
[setup in-reg] enable_cycle -> _67953_/D : -67.459572
[setup in-reg] enable_cycle -> _67954_/D : -67.459572
[setup in-reg] enable_cycle -> _68035_/D : -67.459572
[setup in-reg] enable_cycle -> _68036_/D : -67.459572
[setup in-reg] enable_cycle -> _68037_/D : -67.459572
[setup in-reg] enable_cycle -> _68038_/D : -67.459572
[setup in-reg] enable_cycle -> _68039_/D : -67.459572
[setup in-reg] enable_cycle -> _68040_/D : -67.459572
[setup in-reg] enable_cycle -> _68041_/D : -67.459572
[setup in-reg] enable_cycle -> _68042_/D : -67.459572
[setup in-reg] enable_cycle -> _68123_/D : -67.459572
[setup in-reg] enable_cycle -> _68124_/D : -67.459572
[setup in-reg] enable_cycle -> _68125_/D : -67.459572
[setup in-reg] enable_cycle -> _68126_/D : -67.459572
[setup in-reg] enable_cycle -> _68127_/D : -67.459572
[setup in-reg] enable_cycle -> _68128_/D : -67.459572
[setup in-reg] enable_cycle -> _68129_/D : -67.459572
[setup in-reg] enable_cycle -> _68130_/D : -67.459572
[setup in-reg] enable_cycle -> _68211_/D : -67.459572
[setup in-reg] enable_cycle -> _68212_/D : -67.459572
[setup in-reg] enable_cycle -> _68213_/D : -67.459572
[setup in-reg] enable_cycle -> _68214_/D : -67.459572
[setup in-reg] enable_cycle -> _68215_/D : -67.459572
[setup in-reg] enable_cycle -> _68216_/D : -67.459572
[setup in-reg] enable_cycle -> _68217_/D : -67.459572
[setup in-reg] enable_cycle -> _68218_/D : -67.459572
[setup in-reg] enable_cycle -> _68280_/D : -67.459572
[setup in-reg] enable_cycle -> _68281_/D : -67.459572
[setup in-reg] enable_cycle -> _68282_/D : -67.459572
[setup in-reg] enable_cycle -> _68283_/D : -67.459572
[setup in-reg] enable_cycle -> _68284_/D : -67.459572
[setup in-reg] enable_cycle -> _68285_/D : -67.459572
[setup in-reg] enable_cycle -> _68286_/D : -67.459572
[setup in-reg] enable_cycle -> _68287_/D : -67.459572
[setup in-reg] enable_cycle -> _68363_/D : -67.459572
[setup in-reg] enable_cycle -> _68364_/D : -67.459572
[setup in-reg] enable_cycle -> _68365_/D : -67.459572
[setup in-reg] enable_cycle -> _68366_/D : -67.459572
[setup in-reg] enable_cycle -> _68367_/D : -67.459572
[setup in-reg] enable_cycle -> _68368_/D : -67.459572
[setup in-reg] enable_cycle -> _68369_/D : -67.459572
[setup in-reg] enable_cycle -> _68370_/D : -67.459572
[setup in-reg] enable_cycle -> _68454_/D : -67.459572
[setup in-reg] enable_cycle -> _68455_/D : -67.459572
[setup in-reg] enable_cycle -> _68456_/D : -67.459572
[setup in-reg] enable_cycle -> _68457_/D : -67.459572
[setup in-reg] enable_cycle -> _68458_/D : -67.459572
[setup in-reg] enable_cycle -> _68459_/D : -67.459572
[setup in-reg] enable_cycle -> _68460_/D : -67.459572
[setup in-reg] enable_cycle -> _68461_/D : -67.459572
[setup in-reg] enable_cycle -> _68545_/D : -67.459572
[setup in-reg] enable_cycle -> _68546_/D : -67.459572
[setup in-reg] enable_cycle -> _68547_/D : -67.459572
[setup in-reg] enable_cycle -> _68548_/D : -67.459572
[setup in-reg] enable_cycle -> _68549_/D : -67.459572
[setup in-reg] enable_cycle -> _68550_/D : -67.459572
[setup in-reg] enable_cycle -> _68551_/D : -67.459572
[setup in-reg] enable_cycle -> _68552_/D : -67.459572
[setup in-reg] enable_cycle -> _68636_/D : -67.459572
[setup in-reg] enable_cycle -> _68637_/D : -67.459572
[setup in-reg] enable_cycle -> _68638_/D : -67.459572
[setup in-reg] enable_cycle -> _68639_/D : -67.459572
[setup in-reg] enable_cycle -> _68640_/D : -67.459572
[setup in-reg] enable_cycle -> _68641_/D : -67.459572
[setup in-reg] enable_cycle -> _68642_/D : -67.459572
[setup in-reg] enable_cycle -> _68643_/D : -67.459572
[setup in-reg] enable_cycle -> _68727_/D : -67.459572
[setup in-reg] enable_cycle -> _68728_/D : -67.459572
[setup in-reg] enable_cycle -> _68729_/D : -67.459572
[setup in-reg] enable_cycle -> _68730_/D : -67.459572
[setup in-reg] enable_cycle -> _68731_/D : -67.459572
[setup in-reg] enable_cycle -> _68732_/D : -67.459572
[setup in-reg] enable_cycle -> _68733_/D : -67.459572
[setup in-reg] enable_cycle -> _68734_/D : -67.459572
[setup in-reg] enable_cycle -> _68818_/D : -67.459572
[setup in-reg] enable_cycle -> _68819_/D : -67.459572
[setup in-reg] enable_cycle -> _68820_/D : -67.459572
[setup in-reg] enable_cycle -> _68821_/D : -67.459572
[setup in-reg] enable_cycle -> _68822_/D : -67.459572
[setup in-reg] enable_cycle -> _68823_/D : -67.459572
[setup in-reg] enable_cycle -> _68824_/D : -67.459572
[setup in-reg] enable_cycle -> _68825_/D : -67.459572
[setup in-reg] enable_cycle -> _68909_/D : -67.459572
[setup in-reg] enable_cycle -> _68910_/D : -67.459572
[setup in-reg] enable_cycle -> _68911_/D : -67.459572
[setup in-reg] enable_cycle -> _68912_/D : -67.459572
[setup in-reg] enable_cycle -> _68913_/D : -67.459572
[setup in-reg] enable_cycle -> _68914_/D : -67.459572
[setup in-reg] enable_cycle -> _68915_/D : -67.459572
[setup in-reg] enable_cycle -> _68916_/D : -67.459572
[setup in-reg] enable_cycle -> _68980_/D : -67.459572
[setup in-reg] enable_cycle -> _68981_/D : -67.459572
[setup in-reg] enable_cycle -> _68982_/D : -67.459572
[setup in-reg] enable_cycle -> _68983_/D : -67.459572
[setup in-reg] enable_cycle -> _68984_/D : -67.459572
[setup in-reg] enable_cycle -> _68985_/D : -67.459572
[setup in-reg] enable_cycle -> _68986_/D : -67.459572
[setup in-reg] enable_cycle -> _68987_/D : -67.459572
[setup in-reg] enable_cycle -> _69066_/D : -67.459572
[setup in-reg] enable_cycle -> _69067_/D : -67.459572
[setup in-reg] enable_cycle -> _69068_/D : -67.459572
[setup in-reg] enable_cycle -> _69069_/D : -67.459572
[setup in-reg] enable_cycle -> _69070_/D : -67.459572
[setup in-reg] enable_cycle -> _69071_/D : -67.459572
[setup in-reg] enable_cycle -> _69072_/D : -67.459572
[setup in-reg] enable_cycle -> _69073_/D : -67.459572
[setup in-reg] enable_cycle -> _69160_/D : -67.459572
[setup in-reg] enable_cycle -> _69161_/D : -67.459572
[setup in-reg] enable_cycle -> _69162_/D : -67.459572
[setup in-reg] enable_cycle -> _69163_/D : -67.459572
[setup in-reg] enable_cycle -> _69164_/D : -67.459572
[setup in-reg] enable_cycle -> _69165_/D : -67.459572
[setup in-reg] enable_cycle -> _69166_/D : -67.459572
[setup in-reg] enable_cycle -> _69167_/D : -67.459572
[setup in-reg] enable_cycle -> _69254_/D : -67.459572
[setup in-reg] enable_cycle -> _69255_/D : -67.459572
[setup in-reg] enable_cycle -> _69256_/D : -67.459572
[setup in-reg] enable_cycle -> _69257_/D : -67.459572
[setup in-reg] enable_cycle -> _69258_/D : -67.459572
[setup in-reg] enable_cycle -> _69259_/D : -67.459572
[setup in-reg] enable_cycle -> _69260_/D : -67.459572
[setup in-reg] enable_cycle -> _69261_/D : -67.459572
[setup in-reg] enable_cycle -> _69387_/D : -67.459572
[setup in-reg] enable_cycle -> _69388_/D : -67.459572
[setup in-reg] enable_cycle -> _69389_/D : -67.459572
[setup in-reg] enable_cycle -> _69390_/D : -67.459572
[setup in-reg] enable_cycle -> _69391_/D : -67.459572
[setup in-reg] enable_cycle -> _69392_/D : -67.459572
[setup in-reg] enable_cycle -> _69393_/D : -67.459572
[setup in-reg] enable_cycle -> _69394_/D : -67.459572
[setup in-reg] enable_cycle -> _69524_/D : -67.459572
[setup in-reg] enable_cycle -> _69525_/D : -67.459572
[setup in-reg] enable_cycle -> _69526_/D : -67.459572
[setup in-reg] enable_cycle -> _69527_/D : -67.459572
[setup in-reg] enable_cycle -> _69528_/D : -67.459572
[setup in-reg] enable_cycle -> _69529_/D : -67.459572
[setup in-reg] enable_cycle -> _69530_/D : -67.459572
[setup in-reg] enable_cycle -> _69531_/D : -67.459572
[setup in-reg] enable_cycle -> _69719_/D : -67.459572
[setup in-reg] enable_cycle -> _69720_/D : -67.459572
[setup in-reg] enable_cycle -> _69721_/D : -67.459572
[setup in-reg] enable_cycle -> _69722_/D : -67.459572
[setup in-reg] enable_cycle -> _69723_/D : -67.459572
[setup in-reg] enable_cycle -> _69724_/D : -67.459572
[setup in-reg] enable_cycle -> _69725_/D : -67.459572
[setup in-reg] enable_cycle -> _69726_/D : -67.459572
[setup in-reg] enable_cycle -> _69888_/D : -67.459572
[setup in-reg] enable_cycle -> _69889_/D : -67.459572
[setup in-reg] enable_cycle -> _69890_/D : -67.459572
[setup in-reg] enable_cycle -> _69891_/D : -67.459572
[setup in-reg] enable_cycle -> _69892_/D : -67.459572
[setup in-reg] enable_cycle -> _69893_/D : -67.459572
[setup in-reg] enable_cycle -> _69894_/D : -67.459572
[setup in-reg] enable_cycle -> _69895_/D : -67.459572
[setup in-reg] enable_cycle -> _65614_/D : -66.928017
[setup in-reg] enable_cycle -> _64158_/D : -27.518230
[setup in-reg] enable_cycle -> _64473_/D : -27.518230
[setup in-reg] enable_cycle -> _65133_/D : -27.518230
[setup in-reg] enable_cycle -> _65233_/D : -27.518230
[setup in-reg] enable_cycle -> _65433_/D : -27.518230
[setup in-reg] enable_cycle -> _65669_/D : -27.518230
[setup in-reg] enable_cycle -> _65997_/D : -27.518230
[setup in-reg] enable_cycle -> _66189_/D : -27.518230
[setup in-reg] enable_cycle -> _66370_/D : -27.518230
[setup in-reg] enable_cycle -> _66702_/D : -27.518230
[setup in-reg] enable_cycle -> _68615_/D : -27.518230
[setup in-reg] enable_cycle -> _68888_/D : -27.518230
[setup in-reg] enable_cycle -> _68959_/D : -27.518230
[setup in-reg] enable_cycle -> _69044_/D : -27.518230
[setup in-reg] enable_cycle -> _69365_/D : -27.518230
[setup in-reg] enable_cycle -> _69502_/D : -27.518230
[setup in-reg] enable_cycle -> _69866_/D : -27.518230
[setup in-reg] enable_cycle -> _66927_/D : -27.050966
[setup in-reg] enable_cycle -> _64667_/D : -26.247335
[setup in-reg] enable_cycle -> _68013_/D : -26.247335
[setup in-reg] enable_cycle -> _68789_/D : -26.247335
[setup in-reg] enable_cycle -> _64020_/D : -25.521641
[setup in-reg] enable_cycle -> _64019_/D : -25.436110
[setup in-reg] enable_cycle -> _64826_/D : -25.436110
[setup in-reg] enable_cycle -> _64926_/D : -25.436110
[setup in-reg] enable_cycle -> _64931_/D : -25.436110
[setup in-reg] enable_cycle -> _65667_/D : -25.436110
[setup in-reg] enable_cycle -> _67170_/D : -25.436110
[setup in-reg] enable_cycle -> _69225_/D : -25.436110
[setup in-reg] enable_cycle -> _64279_/D : -25.430864
[setup in-reg] enable_cycle -> _69586_/D : -25.164360
[setup in-reg] enable_cycle -> _63908_/D : -25.062893
[setup in-reg] enable_cycle -> _63909_/D : -25.062893
[setup in-reg] enable_cycle -> _63910_/D : -25.062893
[setup in-reg] enable_cycle -> _63911_/D : -25.062893
[setup in-reg] enable_cycle -> _63912_/D : -25.062893
[setup in-reg] enable_cycle -> _63913_/D : -25.062893
[setup in-reg] enable_cycle -> _63914_/D : -25.062893
[setup in-reg] enable_cycle -> _63915_/D : -25.062893
[setup in-reg] enable_cycle -> _63916_/D : -25.062893
[setup in-reg] enable_cycle -> _63917_/D : -25.062893
[setup in-reg] enable_cycle -> _63918_/D : -25.062893
[setup in-reg] enable_cycle -> _63919_/D : -25.062893
[setup in-reg] enable_cycle -> _63920_/D : -25.062893
[setup in-reg] enable_cycle -> _63921_/D : -25.062893
[setup in-reg] enable_cycle -> _63922_/D : -25.062893
[setup in-reg] enable_cycle -> _63923_/D : -25.062893
[setup in-reg] enable_cycle -> _63924_/D : -25.062893
[setup in-reg] enable_cycle -> _63925_/D : -25.062893
[setup in-reg] enable_cycle -> _63926_/D : -25.062893
[setup in-reg] enable_cycle -> _63927_/D : -25.062893
[setup in-reg] enable_cycle -> _63928_/D : -25.062893
[setup in-reg] enable_cycle -> _63931_/D : -25.062893
[setup in-reg] enable_cycle -> _63933_/D : -25.062893
[setup in-reg] enable_cycle -> _63934_/D : -25.062893
[setup in-reg] enable_cycle -> _63939_/D : -25.062893
[setup in-reg] enable_cycle -> _63940_/D : -25.062893
[setup in-reg] enable_cycle -> _63941_/D : -25.062893
[setup in-reg] enable_cycle -> _63942_/D : -25.062893
[setup in-reg] enable_cycle -> _63999_/D : -25.062893
[setup in-reg] enable_cycle -> _64000_/D : -25.062893
[setup in-reg] enable_cycle -> _64001_/D : -25.062893
[setup in-reg] enable_cycle -> _64002_/D : -25.062893
[setup in-reg] enable_cycle -> _64003_/D : -25.062893
[setup in-reg] enable_cycle -> _64005_/D : -25.062893
[setup in-reg] enable_cycle -> _64006_/D : -25.062893
[setup in-reg] enable_cycle -> _64008_/D : -25.062893
[setup in-reg] enable_cycle -> _64009_/D : -25.062893
[setup in-reg] enable_cycle -> _64010_/D : -25.062893
[setup in-reg] enable_cycle -> _64011_/D : -25.062893
[setup in-reg] enable_cycle -> _64012_/D : -25.062893
[setup in-reg] enable_cycle -> _64013_/D : -25.062893
[setup in-reg] enable_cycle -> _64014_/D : -25.062893
[setup in-reg] enable_cycle -> _64015_/D : -25.062893
[setup in-reg] enable_cycle -> _64016_/D : -25.062893
[setup in-reg] enable_cycle -> _64017_/D : -25.062893
[setup in-reg] enable_cycle -> _64018_/D : -25.062893
[setup in-reg] enable_cycle -> _64021_/D : -25.062893
[setup in-reg] enable_cycle -> _64050_/D : -25.062893
[setup in-reg] enable_cycle -> _64051_/D : -25.062893
[setup in-reg] enable_cycle -> _64052_/D : -25.062893
[setup in-reg] enable_cycle -> _64058_/D : -25.062893
[setup in-reg] enable_cycle -> _64060_/D : -25.062893
[setup in-reg] enable_cycle -> _64062_/D : -25.062893
[setup in-reg] enable_cycle -> _64063_/D : -25.062893
[setup in-reg] enable_cycle -> _64064_/D : -25.062893
[setup in-reg] enable_cycle -> _64065_/D : -25.062893
[setup in-reg] enable_cycle -> _64066_/D : -25.062893
[setup in-reg] enable_cycle -> _64067_/D : -25.062893
[setup in-reg] enable_cycle -> _64068_/D : -25.062893
[setup in-reg] enable_cycle -> _64069_/D : -25.062893
[setup in-reg] enable_cycle -> _64070_/D : -25.062893
[setup in-reg] enable_cycle -> _64071_/D : -25.062893
[setup in-reg] enable_cycle -> _64072_/D : -25.062893
[setup in-reg] enable_cycle -> _64073_/D : -25.062893
[setup in-reg] enable_cycle -> _64074_/D : -25.062893
[setup in-reg] enable_cycle -> _64075_/D : -25.062893
[setup in-reg] enable_cycle -> _64076_/D : -25.062893
[setup in-reg] enable_cycle -> _64077_/D : -25.062893
[setup in-reg] enable_cycle -> _64078_/D : -25.062893
[setup in-reg] enable_cycle -> _64079_/D : -25.062893
[setup in-reg] enable_cycle -> _64080_/D : -25.062893
[setup in-reg] enable_cycle -> _64081_/D : -25.062893
[setup in-reg] enable_cycle -> _64082_/D : -25.062893
[setup in-reg] enable_cycle -> _64083_/D : -25.062893
[setup in-reg] enable_cycle -> _64092_/D : -25.062893
[setup in-reg] enable_cycle -> _64093_/D : -25.062893
[setup in-reg] enable_cycle -> _64094_/D : -25.062893
[setup in-reg] enable_cycle -> _64095_/D : -25.062893
[setup in-reg] enable_cycle -> _64096_/D : -25.062893
[setup in-reg] enable_cycle -> _64097_/D : -25.062893
[setup in-reg] enable_cycle -> _64098_/D : -25.062893
[setup in-reg] enable_cycle -> _64099_/D : -25.062893
[setup in-reg] enable_cycle -> _64100_/D : -25.062893
[setup in-reg] enable_cycle -> _64101_/D : -25.062893
[setup in-reg] enable_cycle -> _64102_/D : -25.062893
[setup in-reg] enable_cycle -> _64103_/D : -25.062893
[setup in-reg] enable_cycle -> _64104_/D : -25.062893
[setup in-reg] enable_cycle -> _64105_/D : -25.062893
[setup in-reg] enable_cycle -> _64106_/D : -25.062893
[setup in-reg] enable_cycle -> _64107_/D : -25.062893
[setup in-reg] enable_cycle -> _64108_/D : -25.062893
[setup in-reg] enable_cycle -> _64109_/D : -25.062893
[setup in-reg] enable_cycle -> _64110_/D : -25.062893
[setup in-reg] enable_cycle -> _64111_/D : -25.062893
[setup in-reg] enable_cycle -> _64112_/D : -25.062893
[setup in-reg] enable_cycle -> _64113_/D : -25.062893
[setup in-reg] enable_cycle -> _64114_/D : -25.062893
[setup in-reg] enable_cycle -> _64115_/D : -25.062893
[setup in-reg] enable_cycle -> _64116_/D : -25.062893
[setup in-reg] enable_cycle -> _64117_/D : -25.062893
[setup in-reg] enable_cycle -> _64118_/D : -25.062893
[setup in-reg] enable_cycle -> _64119_/D : -25.062893
[setup in-reg] enable_cycle -> _64120_/D : -25.062893
[setup in-reg] enable_cycle -> _64144_/D : -25.062893
[setup in-reg] enable_cycle -> _64145_/D : -25.062893
[setup in-reg] enable_cycle -> _64146_/D : -25.062893
[setup in-reg] enable_cycle -> _64147_/D : -25.062893
[setup in-reg] enable_cycle -> _64148_/D : -25.062893
[setup in-reg] enable_cycle -> _64149_/D : -25.062893
[setup in-reg] enable_cycle -> _64150_/D : -25.062893
[setup in-reg] enable_cycle -> _64152_/D : -25.062893
[setup in-reg] enable_cycle -> _64153_/D : -25.062893
[setup in-reg] enable_cycle -> _64154_/D : -25.062893
[setup in-reg] enable_cycle -> _64155_/D : -25.062893
[setup in-reg] enable_cycle -> _64157_/D : -25.062893
[setup in-reg] enable_cycle -> _64189_/D : -25.062893
[setup in-reg] enable_cycle -> _64190_/D : -25.062893
[setup in-reg] enable_cycle -> _64191_/D : -25.062893
[setup in-reg] enable_cycle -> _64192_/D : -25.062893
[setup in-reg] enable_cycle -> _64193_/D : -25.062893
[setup in-reg] enable_cycle -> _64194_/D : -25.062893
[setup in-reg] enable_cycle -> _64195_/D : -25.062893
[setup in-reg] enable_cycle -> _64196_/D : -25.062893
[setup in-reg] enable_cycle -> _64198_/D : -25.062893
[setup in-reg] enable_cycle -> _64199_/D : -25.062893
[setup in-reg] enable_cycle -> _64200_/D : -25.062893
[setup in-reg] enable_cycle -> _64201_/D : -25.062893
[setup in-reg] enable_cycle -> _64202_/D : -25.062893
[setup in-reg] enable_cycle -> _64203_/D : -25.062893
[setup in-reg] enable_cycle -> _64204_/D : -25.062893
[setup in-reg] enable_cycle -> _64205_/D : -25.062893
[setup in-reg] enable_cycle -> _64206_/D : -25.062893
[setup in-reg] enable_cycle -> _64207_/D : -25.062893
[setup in-reg] enable_cycle -> _64208_/D : -25.062893
[setup in-reg] enable_cycle -> _64214_/D : -25.062893
[setup in-reg] enable_cycle -> _64215_/D : -25.062893
[setup in-reg] enable_cycle -> _64216_/D : -25.062893
[setup in-reg] enable_cycle -> _64217_/D : -25.062893
[setup in-reg] enable_cycle -> _64218_/D : -25.062893
[setup in-reg] enable_cycle -> _64219_/D : -25.062893
[setup in-reg] enable_cycle -> _64221_/D : -25.062893
[setup in-reg] enable_cycle -> _64222_/D : -25.062893
[setup in-reg] enable_cycle -> _64223_/D : -25.062893
[setup in-reg] enable_cycle -> _64224_/D : -25.062893
[setup in-reg] enable_cycle -> _64225_/D : -25.062893
[setup in-reg] enable_cycle -> _64226_/D : -25.062893
[setup in-reg] enable_cycle -> _64227_/D : -25.062893
[setup in-reg] enable_cycle -> _64228_/D : -25.062893
[setup in-reg] enable_cycle -> _64229_/D : -25.062893
[setup in-reg] enable_cycle -> _64230_/D : -25.062893
[setup in-reg] enable_cycle -> _64231_/D : -25.062893
[setup in-reg] enable_cycle -> _64232_/D : -25.062893
[setup in-reg] enable_cycle -> _64233_/D : -25.062893
[setup in-reg] enable_cycle -> _64234_/D : -25.062893
[setup in-reg] enable_cycle -> _64235_/D : -25.062893
[setup in-reg] enable_cycle -> _64236_/D : -25.062893
[setup in-reg] enable_cycle -> _64237_/D : -25.062893
[setup in-reg] enable_cycle -> _64238_/D : -25.062893
[setup in-reg] enable_cycle -> _64239_/D : -25.062893
[setup in-reg] enable_cycle -> _64240_/D : -25.062893
[setup in-reg] enable_cycle -> _64241_/D : -25.062893
[setup in-reg] enable_cycle -> _64268_/D : -25.062893
[setup in-reg] enable_cycle -> _64269_/D : -25.062893
[setup in-reg] enable_cycle -> _64271_/D : -25.062893
[setup in-reg] enable_cycle -> _64273_/D : -25.062893
[setup in-reg] enable_cycle -> _64274_/D : -25.062893
[setup in-reg] enable_cycle -> _64275_/D : -25.062893
[setup in-reg] enable_cycle -> _64276_/D : -25.062893
[setup in-reg] enable_cycle -> _64277_/D : -25.062893
[setup in-reg] enable_cycle -> _64278_/D : -25.062893
[setup in-reg] enable_cycle -> _64310_/D : -25.062893
[setup in-reg] enable_cycle -> _64311_/D : -25.062893
[setup in-reg] enable_cycle -> _64312_/D : -25.062893
[setup in-reg] enable_cycle -> _64313_/D : -25.062893
[setup in-reg] enable_cycle -> _64314_/D : -25.062893
[setup in-reg] enable_cycle -> _64315_/D : -25.062893
[setup in-reg] enable_cycle -> _64316_/D : -25.062893
[setup in-reg] enable_cycle -> _64317_/D : -25.062893
[setup in-reg] enable_cycle -> _64318_/D : -25.062893
[setup in-reg] enable_cycle -> _64319_/D : -25.062893
[setup in-reg] enable_cycle -> _64320_/D : -25.062893
[setup in-reg] enable_cycle -> _64321_/D : -25.062893
[setup in-reg] enable_cycle -> _64322_/D : -25.062893
[setup in-reg] enable_cycle -> _64323_/D : -25.062893
[setup in-reg] enable_cycle -> _64324_/D : -25.062893
[setup in-reg] enable_cycle -> _64325_/D : -25.062893
[setup in-reg] enable_cycle -> _64326_/D : -25.062893
[setup in-reg] enable_cycle -> _64327_/D : -25.062893
[setup in-reg] enable_cycle -> _64328_/D : -25.062893
[setup in-reg] enable_cycle -> _64329_/D : -25.062893
[setup in-reg] enable_cycle -> _64330_/D : -25.062893
[setup in-reg] enable_cycle -> _64331_/D : -25.062893
[setup in-reg] enable_cycle -> _64332_/D : -25.062893
[setup in-reg] enable_cycle -> _64333_/D : -25.062893
[setup in-reg] enable_cycle -> _64334_/D : -25.062893
[setup in-reg] enable_cycle -> _64335_/D : -25.062893
[setup in-reg] enable_cycle -> _64336_/D : -25.062893
[setup in-reg] enable_cycle -> _64337_/D : -25.062893
[setup in-reg] enable_cycle -> _64338_/D : -25.062893
[setup in-reg] enable_cycle -> _64364_/D : -25.062893
[setup in-reg] enable_cycle -> _64366_/D : -25.062893
[setup in-reg] enable_cycle -> _64367_/D : -25.062893
[setup in-reg] enable_cycle -> _64368_/D : -25.062893
[setup in-reg] enable_cycle -> _64371_/D : -25.062893
[setup in-reg] enable_cycle -> _64373_/D : -25.062893
[setup in-reg] enable_cycle -> _64374_/D : -25.062893
[setup in-reg] enable_cycle -> _64376_/D : -25.062893
[setup in-reg] enable_cycle -> _64407_/D : -25.062893
[setup in-reg] enable_cycle -> _64408_/D : -25.062893
[setup in-reg] enable_cycle -> _64409_/D : -25.062893
[setup in-reg] enable_cycle -> _64410_/D : -25.062893
[setup in-reg] enable_cycle -> _64411_/D : -25.062893
[setup in-reg] enable_cycle -> _64412_/D : -25.062893
[setup in-reg] enable_cycle -> _64413_/D : -25.062893
[setup in-reg] enable_cycle -> _64414_/D : -25.062893
[setup in-reg] enable_cycle -> _64415_/D : -25.062893
[setup in-reg] enable_cycle -> _64416_/D : -25.062893
[setup in-reg] enable_cycle -> _64417_/D : -25.062893
[setup in-reg] enable_cycle -> _64418_/D : -25.062893
[setup in-reg] enable_cycle -> _64419_/D : -25.062893
[setup in-reg] enable_cycle -> _64420_/D : -25.062893
[setup in-reg] enable_cycle -> _64421_/D : -25.062893
[setup in-reg] enable_cycle -> _64422_/D : -25.062893
[setup in-reg] enable_cycle -> _64423_/D : -25.062893
[setup in-reg] enable_cycle -> _64424_/D : -25.062893
[setup in-reg] enable_cycle -> _64425_/D : -25.062893
[setup in-reg] enable_cycle -> _64426_/D : -25.062893
[setup in-reg] enable_cycle -> _64427_/D : -25.062893
[setup in-reg] enable_cycle -> _64428_/D : -25.062893
[setup in-reg] enable_cycle -> _64429_/D : -25.062893
[setup in-reg] enable_cycle -> _64430_/D : -25.062893
[setup in-reg] enable_cycle -> _64431_/D : -25.062893
[setup in-reg] enable_cycle -> _64432_/D : -25.062893
[setup in-reg] enable_cycle -> _64433_/D : -25.062893
[setup in-reg] enable_cycle -> _64434_/D : -25.062893
[setup in-reg] enable_cycle -> _64435_/D : -25.062893
[setup in-reg] enable_cycle -> _64461_/D : -25.062893
[setup in-reg] enable_cycle -> _64464_/D : -25.062893
[setup in-reg] enable_cycle -> _64465_/D : -25.062893
[setup in-reg] enable_cycle -> _64466_/D : -25.062893
[setup in-reg] enable_cycle -> _64467_/D : -25.062893
[setup in-reg] enable_cycle -> _64470_/D : -25.062893
[setup in-reg] enable_cycle -> _64471_/D : -25.062893
[setup in-reg] enable_cycle -> _64472_/D : -25.062893
[setup in-reg] enable_cycle -> _64504_/D : -25.062893
[setup in-reg] enable_cycle -> _64505_/D : -25.062893
[setup in-reg] enable_cycle -> _64506_/D : -25.062893
[setup in-reg] enable_cycle -> _64507_/D : -25.062893
[setup in-reg] enable_cycle -> _64508_/D : -25.062893
[setup in-reg] enable_cycle -> _64509_/D : -25.062893
[setup in-reg] enable_cycle -> _64510_/D : -25.062893
[setup in-reg] enable_cycle -> _64511_/D : -25.062893
[setup in-reg] enable_cycle -> _64512_/D : -25.062893
[setup in-reg] enable_cycle -> _64513_/D : -25.062893
[setup in-reg] enable_cycle -> _64514_/D : -25.062893
[setup in-reg] enable_cycle -> _64515_/D : -25.062893
[setup in-reg] enable_cycle -> _64516_/D : -25.062893
[setup in-reg] enable_cycle -> _64517_/D : -25.062893
[setup in-reg] enable_cycle -> _64518_/D : -25.062893
[setup in-reg] enable_cycle -> _64519_/D : -25.062893
[setup in-reg] enable_cycle -> _64520_/D : -25.062893
[setup in-reg] enable_cycle -> _64521_/D : -25.062893
[setup in-reg] enable_cycle -> _64522_/D : -25.062893
[setup in-reg] enable_cycle -> _64523_/D : -25.062893
[setup in-reg] enable_cycle -> _64524_/D : -25.062893
[setup in-reg] enable_cycle -> _64525_/D : -25.062893
[setup in-reg] enable_cycle -> _64526_/D : -25.062893
[setup in-reg] enable_cycle -> _64527_/D : -25.062893
[setup in-reg] enable_cycle -> _64528_/D : -25.062893
[setup in-reg] enable_cycle -> _64529_/D : -25.062893
[setup in-reg] enable_cycle -> _64530_/D : -25.062893
[setup in-reg] enable_cycle -> _64531_/D : -25.062893
[setup in-reg] enable_cycle -> _64532_/D : -25.062893
[setup in-reg] enable_cycle -> _64556_/D : -25.062893
[setup in-reg] enable_cycle -> _64557_/D : -25.062893
[setup in-reg] enable_cycle -> _64558_/D : -25.062893
[setup in-reg] enable_cycle -> _64559_/D : -25.062893
[setup in-reg] enable_cycle -> _64561_/D : -25.062893
[setup in-reg] enable_cycle -> _64562_/D : -25.062893
[setup in-reg] enable_cycle -> _64564_/D : -25.062893
[setup in-reg] enable_cycle -> _64567_/D : -25.062893
[setup in-reg] enable_cycle -> _64568_/D : -25.062893
[setup in-reg] enable_cycle -> _64569_/D : -25.062893
[setup in-reg] enable_cycle -> _64601_/D : -25.062893
[setup in-reg] enable_cycle -> _64602_/D : -25.062893
[setup in-reg] enable_cycle -> _64603_/D : -25.062893
[setup in-reg] enable_cycle -> _64604_/D : -25.062893
[setup in-reg] enable_cycle -> _64605_/D : -25.062893
[setup in-reg] enable_cycle -> _64606_/D : -25.062893
[setup in-reg] enable_cycle -> _64607_/D : -25.062893
[setup in-reg] enable_cycle -> _64608_/D : -25.062893
[setup in-reg] enable_cycle -> _64609_/D : -25.062893
[setup in-reg] enable_cycle -> _64610_/D : -25.062893
[setup in-reg] enable_cycle -> _64611_/D : -25.062893
[setup in-reg] enable_cycle -> _64612_/D : -25.062893
[setup in-reg] enable_cycle -> _64613_/D : -25.062893
[setup in-reg] enable_cycle -> _64614_/D : -25.062893
[setup in-reg] enable_cycle -> _64615_/D : -25.062893
[setup in-reg] enable_cycle -> _64616_/D : -25.062893
[setup in-reg] enable_cycle -> _64617_/D : -25.062893
[setup in-reg] enable_cycle -> _64618_/D : -25.062893
[setup in-reg] enable_cycle -> _64619_/D : -25.062893
[setup in-reg] enable_cycle -> _64620_/D : -25.062893
[setup in-reg] enable_cycle -> _64621_/D : -25.062893
[setup in-reg] enable_cycle -> _64622_/D : -25.062893
[setup in-reg] enable_cycle -> _64623_/D : -25.062893
[setup in-reg] enable_cycle -> _64624_/D : -25.062893
[setup in-reg] enable_cycle -> _64625_/D : -25.062893
[setup in-reg] enable_cycle -> _64626_/D : -25.062893
[setup in-reg] enable_cycle -> _64627_/D : -25.062893
[setup in-reg] enable_cycle -> _64628_/D : -25.062893
[setup in-reg] enable_cycle -> _64629_/D : -25.062893
[setup in-reg] enable_cycle -> _64657_/D : -25.062893
[setup in-reg] enable_cycle -> _64658_/D : -25.062893
[setup in-reg] enable_cycle -> _64659_/D : -25.062893
[setup in-reg] enable_cycle -> _64664_/D : -25.062893
[setup in-reg] enable_cycle -> _64665_/D : -25.062893
[setup in-reg] enable_cycle -> _64698_/D : -25.062893
[setup in-reg] enable_cycle -> _64699_/D : -25.062893
[setup in-reg] enable_cycle -> _64700_/D : -25.062893
[setup in-reg] enable_cycle -> _64701_/D : -25.062893
[setup in-reg] enable_cycle -> _64702_/D : -25.062893
[setup in-reg] enable_cycle -> _64703_/D : -25.062893
[setup in-reg] enable_cycle -> _64704_/D : -25.062893
[setup in-reg] enable_cycle -> _64705_/D : -25.062893
[setup in-reg] enable_cycle -> _64706_/D : -25.062893
[setup in-reg] enable_cycle -> _64707_/D : -25.062893
[setup in-reg] enable_cycle -> _64708_/D : -25.062893
[setup in-reg] enable_cycle -> _64709_/D : -25.062893
[setup in-reg] enable_cycle -> _64710_/D : -25.062893
[setup in-reg] enable_cycle -> _64711_/D : -25.062893
[setup in-reg] enable_cycle -> _64712_/D : -25.062893
[setup in-reg] enable_cycle -> _64713_/D : -25.062893
[setup in-reg] enable_cycle -> _64714_/D : -25.062893
[setup in-reg] enable_cycle -> _64715_/D : -25.062893
[setup in-reg] enable_cycle -> _64716_/D : -25.062893
[setup in-reg] enable_cycle -> _64717_/D : -25.062893
[setup in-reg] enable_cycle -> _64718_/D : -25.062893
[setup in-reg] enable_cycle -> _64719_/D : -25.062893
[setup in-reg] enable_cycle -> _64720_/D : -25.062893
[setup in-reg] enable_cycle -> _64721_/D : -25.062893
[setup in-reg] enable_cycle -> _64722_/D : -25.062893
[setup in-reg] enable_cycle -> _64723_/D : -25.062893
[setup in-reg] enable_cycle -> _64724_/D : -25.062893
[setup in-reg] enable_cycle -> _64725_/D : -25.062893
[setup in-reg] enable_cycle -> _64726_/D : -25.062893
[setup in-reg] enable_cycle -> _64727_/D : -25.062893
[setup in-reg] enable_cycle -> _64729_/D : -25.062893
[setup in-reg] enable_cycle -> _64732_/D : -25.062893
[setup in-reg] enable_cycle -> _64733_/D : -25.062893
[setup in-reg] enable_cycle -> _64735_/D : -25.062893
[setup in-reg] enable_cycle -> _64736_/D : -25.062893
[setup in-reg] enable_cycle -> _64738_/D : -25.062893
[setup in-reg] enable_cycle -> _64740_/D : -25.062893
[setup in-reg] enable_cycle -> _64741_/D : -25.062893
[setup in-reg] enable_cycle -> _64819_/D : -25.062893
[setup in-reg] enable_cycle -> _64824_/D : -25.062893
[setup in-reg] enable_cycle -> _64825_/D : -25.062893
[setup in-reg] enable_cycle -> _64827_/D : -25.062893
[setup in-reg] enable_cycle -> _64828_/D : -25.062893
[setup in-reg] enable_cycle -> _64829_/D : -25.062893
[setup in-reg] enable_cycle -> _64830_/D : -25.062893
[setup in-reg] enable_cycle -> _64831_/D : -25.062893
[setup in-reg] enable_cycle -> _64832_/D : -25.062893
[setup in-reg] enable_cycle -> _64833_/D : -25.062893
[setup in-reg] enable_cycle -> _64834_/D : -25.062893
[setup in-reg] enable_cycle -> _64835_/D : -25.062893
[setup in-reg] enable_cycle -> _64836_/D : -25.062893
[setup in-reg] enable_cycle -> _64837_/D : -25.062893
[setup in-reg] enable_cycle -> _64838_/D : -25.062893
[setup in-reg] enable_cycle -> _64839_/D : -25.062893
[setup in-reg] enable_cycle -> _64840_/D : -25.062893
[setup in-reg] enable_cycle -> _64841_/D : -25.062893
[setup in-reg] enable_cycle -> _64842_/D : -25.062893
[setup in-reg] enable_cycle -> _64843_/D : -25.062893
[setup in-reg] enable_cycle -> _64844_/D : -25.062893
[setup in-reg] enable_cycle -> _64845_/D : -25.062893
[setup in-reg] enable_cycle -> _64846_/D : -25.062893
[setup in-reg] enable_cycle -> _64847_/D : -25.062893
[setup in-reg] enable_cycle -> _64848_/D : -25.062893
[setup in-reg] enable_cycle -> _64849_/D : -25.062893
[setup in-reg] enable_cycle -> _64850_/D : -25.062893
[setup in-reg] enable_cycle -> _64851_/D : -25.062893
[setup in-reg] enable_cycle -> _64852_/D : -25.062893
[setup in-reg] enable_cycle -> _64853_/D : -25.062893
[setup in-reg] enable_cycle -> _64854_/D : -25.062893
[setup in-reg] enable_cycle -> _64855_/D : -25.062893
[setup in-reg] enable_cycle -> _64856_/D : -25.062893
[setup in-reg] enable_cycle -> _64865_/D : -25.062893
[setup in-reg] enable_cycle -> _64866_/D : -25.062893
[setup in-reg] enable_cycle -> _64867_/D : -25.062893
[setup in-reg] enable_cycle -> _64868_/D : -25.062893
[setup in-reg] enable_cycle -> _64869_/D : -25.062893
[setup in-reg] enable_cycle -> _64870_/D : -25.062893
[setup in-reg] enable_cycle -> _64871_/D : -25.062893
[setup in-reg] enable_cycle -> _64872_/D : -25.062893
[setup in-reg] enable_cycle -> _64873_/D : -25.062893
[setup in-reg] enable_cycle -> _64874_/D : -25.062893
[setup in-reg] enable_cycle -> _64875_/D : -25.062893
[setup in-reg] enable_cycle -> _64876_/D : -25.062893
[setup in-reg] enable_cycle -> _64877_/D : -25.062893
[setup in-reg] enable_cycle -> _64878_/D : -25.062893
[setup in-reg] enable_cycle -> _64879_/D : -25.062893
[setup in-reg] enable_cycle -> _64880_/D : -25.062893
[setup in-reg] enable_cycle -> _64881_/D : -25.062893
[setup in-reg] enable_cycle -> _64882_/D : -25.062893
[setup in-reg] enable_cycle -> _64883_/D : -25.062893
[setup in-reg] enable_cycle -> _64884_/D : -25.062893
[setup in-reg] enable_cycle -> _64885_/D : -25.062893
[setup in-reg] enable_cycle -> _64886_/D : -25.062893
[setup in-reg] enable_cycle -> _64887_/D : -25.062893
[setup in-reg] enable_cycle -> _64888_/D : -25.062893
[setup in-reg] enable_cycle -> _64889_/D : -25.062893
[setup in-reg] enable_cycle -> _64890_/D : -25.062893
[setup in-reg] enable_cycle -> _64891_/D : -25.062893
[setup in-reg] enable_cycle -> _64892_/D : -25.062893
[setup in-reg] enable_cycle -> _64893_/D : -25.062893
[setup in-reg] enable_cycle -> _64894_/D : -25.062893
[setup in-reg] enable_cycle -> _64922_/D : -25.062893
[setup in-reg] enable_cycle -> _64923_/D : -25.062893
[setup in-reg] enable_cycle -> _64924_/D : -25.062893
[setup in-reg] enable_cycle -> _64927_/D : -25.062893
[setup in-reg] enable_cycle -> _64929_/D : -25.062893
[setup in-reg] enable_cycle -> _64965_/D : -25.062893
[setup in-reg] enable_cycle -> _64966_/D : -25.062893
[setup in-reg] enable_cycle -> _64967_/D : -25.062893
[setup in-reg] enable_cycle -> _64968_/D : -25.062893
[setup in-reg] enable_cycle -> _64969_/D : -25.062893
[setup in-reg] enable_cycle -> _64970_/D : -25.062893
[setup in-reg] enable_cycle -> _64971_/D : -25.062893
[setup in-reg] enable_cycle -> _64972_/D : -25.062893
[setup in-reg] enable_cycle -> _64973_/D : -25.062893
[setup in-reg] enable_cycle -> _64974_/D : -25.062893
[setup in-reg] enable_cycle -> _64975_/D : -25.062893
[setup in-reg] enable_cycle -> _64976_/D : -25.062893
[setup in-reg] enable_cycle -> _64977_/D : -25.062893
[setup in-reg] enable_cycle -> _64978_/D : -25.062893
[setup in-reg] enable_cycle -> _64979_/D : -25.062893
[setup in-reg] enable_cycle -> _64980_/D : -25.062893
[setup in-reg] enable_cycle -> _64981_/D : -25.062893
[setup in-reg] enable_cycle -> _64982_/D : -25.062893
[setup in-reg] enable_cycle -> _64983_/D : -25.062893
[setup in-reg] enable_cycle -> _64984_/D : -25.062893
[setup in-reg] enable_cycle -> _64985_/D : -25.062893
[setup in-reg] enable_cycle -> _64986_/D : -25.062893
[setup in-reg] enable_cycle -> _64987_/D : -25.062893
[setup in-reg] enable_cycle -> _64988_/D : -25.062893
[setup in-reg] enable_cycle -> _64989_/D : -25.062893
[setup in-reg] enable_cycle -> _64990_/D : -25.062893
[setup in-reg] enable_cycle -> _64991_/D : -25.062893
[setup in-reg] enable_cycle -> _64992_/D : -25.062893
[setup in-reg] enable_cycle -> _64993_/D : -25.062893
[setup in-reg] enable_cycle -> _64994_/D : -25.062893
[setup in-reg] enable_cycle -> _65022_/D : -25.062893
[setup in-reg] enable_cycle -> _65023_/D : -25.062893
[setup in-reg] enable_cycle -> _65024_/D : -25.062893
[setup in-reg] enable_cycle -> _65025_/D : -25.062893
[setup in-reg] enable_cycle -> _65028_/D : -25.062893
[setup in-reg] enable_cycle -> _65029_/D : -25.062893
[setup in-reg] enable_cycle -> _65031_/D : -25.062893
[setup in-reg] enable_cycle -> _65032_/D : -25.062893
[setup in-reg] enable_cycle -> _65033_/D : -25.062893
[setup in-reg] enable_cycle -> _65065_/D : -25.062893
[setup in-reg] enable_cycle -> _65066_/D : -25.062893
[setup in-reg] enable_cycle -> _65067_/D : -25.062893
[setup in-reg] enable_cycle -> _65068_/D : -25.062893
[setup in-reg] enable_cycle -> _65069_/D : -25.062893
[setup in-reg] enable_cycle -> _65070_/D : -25.062893
[setup in-reg] enable_cycle -> _65071_/D : -25.062893
[setup in-reg] enable_cycle -> _65072_/D : -25.062893
[setup in-reg] enable_cycle -> _65073_/D : -25.062893
[setup in-reg] enable_cycle -> _65074_/D : -25.062893
[setup in-reg] enable_cycle -> _65075_/D : -25.062893
[setup in-reg] enable_cycle -> _65076_/D : -25.062893
[setup in-reg] enable_cycle -> _65077_/D : -25.062893
[setup in-reg] enable_cycle -> _65078_/D : -25.062893
[setup in-reg] enable_cycle -> _65079_/D : -25.062893
[setup in-reg] enable_cycle -> _65080_/D : -25.062893
[setup in-reg] enable_cycle -> _65081_/D : -25.062893
[setup in-reg] enable_cycle -> _65082_/D : -25.062893
[setup in-reg] enable_cycle -> _65083_/D : -25.062893
[setup in-reg] enable_cycle -> _65084_/D : -25.062893
[setup in-reg] enable_cycle -> _65085_/D : -25.062893
[setup in-reg] enable_cycle -> _65086_/D : -25.062893
[setup in-reg] enable_cycle -> _65087_/D : -25.062893
[setup in-reg] enable_cycle -> _65088_/D : -25.062893
[setup in-reg] enable_cycle -> _65089_/D : -25.062893
[setup in-reg] enable_cycle -> _65090_/D : -25.062893
[setup in-reg] enable_cycle -> _65091_/D : -25.062893
[setup in-reg] enable_cycle -> _65092_/D : -25.062893
[setup in-reg] enable_cycle -> _65093_/D : -25.062893
[setup in-reg] enable_cycle -> _65094_/D : -25.062893
[setup in-reg] enable_cycle -> _65121_/D : -25.062893
[setup in-reg] enable_cycle -> _65123_/D : -25.062893
[setup in-reg] enable_cycle -> _65128_/D : -25.062893
[setup in-reg] enable_cycle -> _65165_/D : -25.062893
[setup in-reg] enable_cycle -> _65166_/D : -25.062893
[setup in-reg] enable_cycle -> _65167_/D : -25.062893
[setup in-reg] enable_cycle -> _65168_/D : -25.062893
[setup in-reg] enable_cycle -> _65169_/D : -25.062893
[setup in-reg] enable_cycle -> _65170_/D : -25.062893
[setup in-reg] enable_cycle -> _65171_/D : -25.062893
[setup in-reg] enable_cycle -> _65172_/D : -25.062893
[setup in-reg] enable_cycle -> _65173_/D : -25.062893
[setup in-reg] enable_cycle -> _65174_/D : -25.062893
[setup in-reg] enable_cycle -> _65175_/D : -25.062893
[setup in-reg] enable_cycle -> _65176_/D : -25.062893
[setup in-reg] enable_cycle -> _65177_/D : -25.062893
[setup in-reg] enable_cycle -> _65178_/D : -25.062893
[setup in-reg] enable_cycle -> _65179_/D : -25.062893
[setup in-reg] enable_cycle -> _65180_/D : -25.062893
[setup in-reg] enable_cycle -> _65181_/D : -25.062893
[setup in-reg] enable_cycle -> _65182_/D : -25.062893
[setup in-reg] enable_cycle -> _65183_/D : -25.062893
[setup in-reg] enable_cycle -> _65184_/D : -25.062893
[setup in-reg] enable_cycle -> _65185_/D : -25.062893
[setup in-reg] enable_cycle -> _65186_/D : -25.062893
[setup in-reg] enable_cycle -> _65187_/D : -25.062893
[setup in-reg] enable_cycle -> _65188_/D : -25.062893
[setup in-reg] enable_cycle -> _65189_/D : -25.062893
[setup in-reg] enable_cycle -> _65190_/D : -25.062893
[setup in-reg] enable_cycle -> _65191_/D : -25.062893
[setup in-reg] enable_cycle -> _65192_/D : -25.062893
[setup in-reg] enable_cycle -> _65193_/D : -25.062893
[setup in-reg] enable_cycle -> _65194_/D : -25.062893
[setup in-reg] enable_cycle -> _65220_/D : -25.062893
[setup in-reg] enable_cycle -> _65221_/D : -25.062893
[setup in-reg] enable_cycle -> _65222_/D : -25.062893
[setup in-reg] enable_cycle -> _65223_/D : -25.062893
[setup in-reg] enable_cycle -> _65224_/D : -25.062893
[setup in-reg] enable_cycle -> _65225_/D : -25.062893
[setup in-reg] enable_cycle -> _65227_/D : -25.062893
[setup in-reg] enable_cycle -> _65228_/D : -25.062893
[setup in-reg] enable_cycle -> _65229_/D : -25.062893
[setup in-reg] enable_cycle -> _65232_/D : -25.062893
[setup in-reg] enable_cycle -> _65265_/D : -25.062893
[setup in-reg] enable_cycle -> _65266_/D : -25.062893
[setup in-reg] enable_cycle -> _65267_/D : -25.062893
[setup in-reg] enable_cycle -> _65268_/D : -25.062893
[setup in-reg] enable_cycle -> _65269_/D : -25.062893
[setup in-reg] enable_cycle -> _65270_/D : -25.062893
[setup in-reg] enable_cycle -> _65271_/D : -25.062893
[setup in-reg] enable_cycle -> _65272_/D : -25.062893
[setup in-reg] enable_cycle -> _65273_/D : -25.062893
[setup in-reg] enable_cycle -> _65274_/D : -25.062893
[setup in-reg] enable_cycle -> _65275_/D : -25.062893
[setup in-reg] enable_cycle -> _65276_/D : -25.062893
[setup in-reg] enable_cycle -> _65277_/D : -25.062893
[setup in-reg] enable_cycle -> _65278_/D : -25.062893
[setup in-reg] enable_cycle -> _65279_/D : -25.062893
[setup in-reg] enable_cycle -> _65280_/D : -25.062893
[setup in-reg] enable_cycle -> _65281_/D : -25.062893
[setup in-reg] enable_cycle -> _65282_/D : -25.062893
[setup in-reg] enable_cycle -> _65283_/D : -25.062893
[setup in-reg] enable_cycle -> _65284_/D : -25.062893
[setup in-reg] enable_cycle -> _65285_/D : -25.062893
[setup in-reg] enable_cycle -> _65286_/D : -25.062893
[setup in-reg] enable_cycle -> _65287_/D : -25.062893
[setup in-reg] enable_cycle -> _65288_/D : -25.062893
[setup in-reg] enable_cycle -> _65289_/D : -25.062893
[setup in-reg] enable_cycle -> _65290_/D : -25.062893
[setup in-reg] enable_cycle -> _65291_/D : -25.062893
[setup in-reg] enable_cycle -> _65292_/D : -25.062893
[setup in-reg] enable_cycle -> _65293_/D : -25.062893
[setup in-reg] enable_cycle -> _65294_/D : -25.062893
[setup in-reg] enable_cycle -> _65321_/D : -25.062893
[setup in-reg] enable_cycle -> _65323_/D : -25.062893
[setup in-reg] enable_cycle -> _65325_/D : -25.062893
[setup in-reg] enable_cycle -> _65326_/D : -25.062893
[setup in-reg] enable_cycle -> _65328_/D : -25.062893
[setup in-reg] enable_cycle -> _65330_/D : -25.062893
[setup in-reg] enable_cycle -> _65331_/D : -25.062893
[setup in-reg] enable_cycle -> _65332_/D : -25.062893
[setup in-reg] enable_cycle -> _65365_/D : -25.062893
[setup in-reg] enable_cycle -> _65366_/D : -25.062893
[setup in-reg] enable_cycle -> _65367_/D : -25.062893
[setup in-reg] enable_cycle -> _65368_/D : -25.062893
[setup in-reg] enable_cycle -> _65369_/D : -25.062893
[setup in-reg] enable_cycle -> _65370_/D : -25.062893
[setup in-reg] enable_cycle -> _65371_/D : -25.062893
[setup in-reg] enable_cycle -> _65372_/D : -25.062893
[setup in-reg] enable_cycle -> _65373_/D : -25.062893
[setup in-reg] enable_cycle -> _65374_/D : -25.062893
[setup in-reg] enable_cycle -> _65375_/D : -25.062893
[setup in-reg] enable_cycle -> _65376_/D : -25.062893
[setup in-reg] enable_cycle -> _65377_/D : -25.062893
[setup in-reg] enable_cycle -> _65378_/D : -25.062893
[setup in-reg] enable_cycle -> _65379_/D : -25.062893
[setup in-reg] enable_cycle -> _65380_/D : -25.062893
[setup in-reg] enable_cycle -> _65381_/D : -25.062893
[setup in-reg] enable_cycle -> _65382_/D : -25.062893
[setup in-reg] enable_cycle -> _65383_/D : -25.062893
[setup in-reg] enable_cycle -> _65384_/D : -25.062893
[setup in-reg] enable_cycle -> _65385_/D : -25.062893
[setup in-reg] enable_cycle -> _65386_/D : -25.062893
[setup in-reg] enable_cycle -> _65387_/D : -25.062893
[setup in-reg] enable_cycle -> _65388_/D : -25.062893
[setup in-reg] enable_cycle -> _65389_/D : -25.062893
[setup in-reg] enable_cycle -> _65390_/D : -25.062893
[setup in-reg] enable_cycle -> _65391_/D : -25.062893
[setup in-reg] enable_cycle -> _65392_/D : -25.062893
[setup in-reg] enable_cycle -> _65393_/D : -25.062893
[setup in-reg] enable_cycle -> _65394_/D : -25.062893
[setup in-reg] enable_cycle -> _65422_/D : -25.062893
[setup in-reg] enable_cycle -> _65423_/D : -25.062893
[setup in-reg] enable_cycle -> _65465_/D : -25.062893
[setup in-reg] enable_cycle -> _65466_/D : -25.062893
[setup in-reg] enable_cycle -> _65467_/D : -25.062893
[setup in-reg] enable_cycle -> _65468_/D : -25.062893
[setup in-reg] enable_cycle -> _65469_/D : -25.062893
[setup in-reg] enable_cycle -> _65470_/D : -25.062893
[setup in-reg] enable_cycle -> _65471_/D : -25.062893
[setup in-reg] enable_cycle -> _65472_/D : -25.062893
[setup in-reg] enable_cycle -> _65489_/D : -25.062893
[setup in-reg] enable_cycle -> _65490_/D : -25.062893
[setup in-reg] enable_cycle -> _65491_/D : -25.062893
[setup in-reg] enable_cycle -> _65492_/D : -25.062893
[setup in-reg] enable_cycle -> _65493_/D : -25.062893
[setup in-reg] enable_cycle -> _65494_/D : -25.062893
[setup in-reg] enable_cycle -> _65495_/D : -25.062893
[setup in-reg] enable_cycle -> _65496_/D : -25.062893
[setup in-reg] enable_cycle -> _65497_/D : -25.062893
[setup in-reg] enable_cycle -> _65498_/D : -25.062893
[setup in-reg] enable_cycle -> _65499_/D : -25.062893
[setup in-reg] enable_cycle -> _65500_/D : -25.062893
[setup in-reg] enable_cycle -> _65501_/D : -25.062893
[setup in-reg] enable_cycle -> _65502_/D : -25.062893
[setup in-reg] enable_cycle -> _65503_/D : -25.062893
[setup in-reg] enable_cycle -> _65504_/D : -25.062893
[setup in-reg] enable_cycle -> _65505_/D : -25.062893
[setup in-reg] enable_cycle -> _65506_/D : -25.062893
[setup in-reg] enable_cycle -> _65507_/D : -25.062893
[setup in-reg] enable_cycle -> _65508_/D : -25.062893
[setup in-reg] enable_cycle -> _65509_/D : -25.062893
[setup in-reg] enable_cycle -> _65510_/D : -25.062893
[setup in-reg] enable_cycle -> _65511_/D : -25.062893
[setup in-reg] enable_cycle -> _65514_/D : -25.062893
[setup in-reg] enable_cycle -> _65515_/D : -25.062893
[setup in-reg] enable_cycle -> _65519_/D : -25.062893
[setup in-reg] enable_cycle -> _65520_/D : -25.062893
[setup in-reg] enable_cycle -> _65521_/D : -25.062893
[setup in-reg] enable_cycle -> _65523_/D : -25.062893
[setup in-reg] enable_cycle -> _65524_/D : -25.062893
[setup in-reg] enable_cycle -> _65525_/D : -25.062893
[setup in-reg] enable_cycle -> _65598_/D : -25.062893
[setup in-reg] enable_cycle -> _65599_/D : -25.062893
[setup in-reg] enable_cycle -> _65600_/D : -25.062893
[setup in-reg] enable_cycle -> _65601_/D : -25.062893
[setup in-reg] enable_cycle -> _65602_/D : -25.062893
[setup in-reg] enable_cycle -> _65603_/D : -25.062893
[setup in-reg] enable_cycle -> _65604_/D : -25.062893
[setup in-reg] enable_cycle -> _65605_/D : -25.062893
[setup in-reg] enable_cycle -> _65630_/D : -25.062893
[setup in-reg] enable_cycle -> _65631_/D : -25.062893
[setup in-reg] enable_cycle -> _65632_/D : -25.062893
[setup in-reg] enable_cycle -> _65633_/D : -25.062893
[setup in-reg] enable_cycle -> _65634_/D : -25.062893
[setup in-reg] enable_cycle -> _65635_/D : -25.062893
[setup in-reg] enable_cycle -> _65636_/D : -25.062893
[setup in-reg] enable_cycle -> _65637_/D : -25.062893
[setup in-reg] enable_cycle -> _65638_/D : -25.062893
[setup in-reg] enable_cycle -> _65639_/D : -25.062893
[setup in-reg] enable_cycle -> _65640_/D : -25.062893
[setup in-reg] enable_cycle -> _65641_/D : -25.062893
[setup in-reg] enable_cycle -> _65642_/D : -25.062893
[setup in-reg] enable_cycle -> _65643_/D : -25.062893
[setup in-reg] enable_cycle -> _65644_/D : -25.062893
[setup in-reg] enable_cycle -> _65645_/D : -25.062893
[setup in-reg] enable_cycle -> _65646_/D : -25.062893
[setup in-reg] enable_cycle -> _65647_/D : -25.062893
[setup in-reg] enable_cycle -> _65648_/D : -25.062893
[setup in-reg] enable_cycle -> _65649_/D : -25.062893
[setup in-reg] enable_cycle -> _65650_/D : -25.062893
[setup in-reg] enable_cycle -> _65651_/D : -25.062893
[setup in-reg] enable_cycle -> _65652_/D : -25.062893
[setup in-reg] enable_cycle -> _65653_/D : -25.062893
[setup in-reg] enable_cycle -> _65657_/D : -25.062893
[setup in-reg] enable_cycle -> _65660_/D : -25.062893
[setup in-reg] enable_cycle -> _65664_/D : -25.062893
[setup in-reg] enable_cycle -> _65665_/D : -25.062893
[setup in-reg] enable_cycle -> _65686_/D : -25.062893
[setup in-reg] enable_cycle -> _65687_/D : -25.062893
[setup in-reg] enable_cycle -> _65688_/D : -25.062893
[setup in-reg] enable_cycle -> _65689_/D : -25.062893
[setup in-reg] enable_cycle -> _65690_/D : -25.062893
[setup in-reg] enable_cycle -> _65691_/D : -25.062893
[setup in-reg] enable_cycle -> _65692_/D : -25.062893
[setup in-reg] enable_cycle -> _65693_/D : -25.062893
[setup in-reg] enable_cycle -> _65694_/D : -25.062893
[setup in-reg] enable_cycle -> _65695_/D : -25.062893
[setup in-reg] enable_cycle -> _65696_/D : -25.062893
[setup in-reg] enable_cycle -> _65697_/D : -25.062893
[setup in-reg] enable_cycle -> _65698_/D : -25.062893
[setup in-reg] enable_cycle -> _65699_/D : -25.062893
[setup in-reg] enable_cycle -> _65700_/D : -25.062893
[setup in-reg] enable_cycle -> _65701_/D : -25.062893
[setup in-reg] enable_cycle -> _65702_/D : -25.062893
[setup in-reg] enable_cycle -> _65703_/D : -25.062893
[setup in-reg] enable_cycle -> _65704_/D : -25.062893
[setup in-reg] enable_cycle -> _65705_/D : -25.062893
[setup in-reg] enable_cycle -> _65706_/D : -25.062893
[setup in-reg] enable_cycle -> _65707_/D : -25.062893
[setup in-reg] enable_cycle -> _65708_/D : -25.062893
[setup in-reg] enable_cycle -> _65709_/D : -25.062893
[setup in-reg] enable_cycle -> _65710_/D : -25.062893
[setup in-reg] enable_cycle -> _65711_/D : -25.062893
[setup in-reg] enable_cycle -> _65712_/D : -25.062893
[setup in-reg] enable_cycle -> _65713_/D : -25.062893
[setup in-reg] enable_cycle -> _65714_/D : -25.062893
[setup in-reg] enable_cycle -> _65715_/D : -25.062893
[setup in-reg] enable_cycle -> _65716_/D : -25.062893
[setup in-reg] enable_cycle -> _65717_/D : -25.062893
[setup in-reg] enable_cycle -> _65718_/D : -25.062893
[setup in-reg] enable_cycle -> _65719_/D : -25.062893
[setup in-reg] enable_cycle -> _65720_/D : -25.062893
[setup in-reg] enable_cycle -> _65721_/D : -25.062893
[setup in-reg] enable_cycle -> _65722_/D : -25.062893
[setup in-reg] enable_cycle -> _65723_/D : -25.062893
[setup in-reg] enable_cycle -> _65724_/D : -25.062893
[setup in-reg] enable_cycle -> _65725_/D : -25.062893
[setup in-reg] enable_cycle -> _65726_/D : -25.062893
[setup in-reg] enable_cycle -> _65727_/D : -25.062893
[setup in-reg] enable_cycle -> _65728_/D : -25.062893
[setup in-reg] enable_cycle -> _65729_/D : -25.062893
[setup in-reg] enable_cycle -> _65730_/D : -25.062893
[setup in-reg] enable_cycle -> _65731_/D : -25.062893
[setup in-reg] enable_cycle -> _65732_/D : -25.062893
[setup in-reg] enable_cycle -> _65733_/D : -25.062893
[setup in-reg] enable_cycle -> _65734_/D : -25.062893
[setup in-reg] enable_cycle -> _65735_/D : -25.062893
[setup in-reg] enable_cycle -> _65736_/D : -25.062893
[setup in-reg] enable_cycle -> _65737_/D : -25.062893
[setup in-reg] enable_cycle -> _65738_/D : -25.062893
[setup in-reg] enable_cycle -> _65739_/D : -25.062893
[setup in-reg] enable_cycle -> _65740_/D : -25.062893
[setup in-reg] enable_cycle -> _65741_/D : -25.062893
[setup in-reg] enable_cycle -> _65742_/D : -25.062893
[setup in-reg] enable_cycle -> _65743_/D : -25.062893
[setup in-reg] enable_cycle -> _65744_/D : -25.062893
[setup in-reg] enable_cycle -> _65745_/D : -25.062893
[setup in-reg] enable_cycle -> _65746_/D : -25.062893
[setup in-reg] enable_cycle -> _65747_/D : -25.062893
[setup in-reg] enable_cycle -> _65748_/D : -25.062893
[setup in-reg] enable_cycle -> _65749_/D : -25.062893
[setup in-reg] enable_cycle -> _65750_/D : -25.062893
[setup in-reg] enable_cycle -> _65751_/D : -25.062893
[setup in-reg] enable_cycle -> _65752_/D : -25.062893
[setup in-reg] enable_cycle -> _65753_/D : -25.062893
[setup in-reg] enable_cycle -> _65754_/D : -25.062893
[setup in-reg] enable_cycle -> _65755_/D : -25.062893
[setup in-reg] enable_cycle -> _65756_/D : -25.062893
[setup in-reg] enable_cycle -> _65757_/D : -25.062893
[setup in-reg] enable_cycle -> _65758_/D : -25.062893
[setup in-reg] enable_cycle -> _65759_/D : -25.062893
[setup in-reg] enable_cycle -> _65760_/D : -25.062893
[setup in-reg] enable_cycle -> _65761_/D : -25.062893
[setup in-reg] enable_cycle -> _65762_/D : -25.062893
[setup in-reg] enable_cycle -> _65763_/D : -25.062893
[setup in-reg] enable_cycle -> _65764_/D : -25.062893
[setup in-reg] enable_cycle -> _65765_/D : -25.062893
[setup in-reg] enable_cycle -> _65766_/D : -25.062893
[setup in-reg] enable_cycle -> _65767_/D : -25.062893
[setup in-reg] enable_cycle -> _65768_/D : -25.062893
[setup in-reg] enable_cycle -> _65769_/D : -25.062893
[setup in-reg] enable_cycle -> _65770_/D : -25.062893
[setup in-reg] enable_cycle -> _65771_/D : -25.062893
[setup in-reg] enable_cycle -> _65772_/D : -25.062893
[setup in-reg] enable_cycle -> _65773_/D : -25.062893
[setup in-reg] enable_cycle -> _65774_/D : -25.062893
[setup in-reg] enable_cycle -> _65775_/D : -25.062893
[setup in-reg] enable_cycle -> _65776_/D : -25.062893
[setup in-reg] enable_cycle -> _65777_/D : -25.062893
[setup in-reg] enable_cycle -> _65778_/D : -25.062893
[setup in-reg] enable_cycle -> _65779_/D : -25.062893
[setup in-reg] enable_cycle -> _65780_/D : -25.062893
[setup in-reg] enable_cycle -> _65781_/D : -25.062893
[setup in-reg] enable_cycle -> _65782_/D : -25.062893
[setup in-reg] enable_cycle -> _65783_/D : -25.062893
[setup in-reg] enable_cycle -> _65784_/D : -25.062893
[setup in-reg] enable_cycle -> _65785_/D : -25.062893
[setup in-reg] enable_cycle -> _65786_/D : -25.062893
[setup in-reg] enable_cycle -> _65787_/D : -25.062893
[setup in-reg] enable_cycle -> _65788_/D : -25.062893
[setup in-reg] enable_cycle -> _65789_/D : -25.062893
[setup in-reg] enable_cycle -> _65790_/D : -25.062893
[setup in-reg] enable_cycle -> _65791_/D : -25.062893
[setup in-reg] enable_cycle -> _65792_/D : -25.062893
[setup in-reg] enable_cycle -> _65793_/D : -25.062893
[setup in-reg] enable_cycle -> _65794_/D : -25.062893
[setup in-reg] enable_cycle -> _65795_/D : -25.062893
[setup in-reg] enable_cycle -> _65796_/D : -25.062893
[setup in-reg] enable_cycle -> _65797_/D : -25.062893
[setup in-reg] enable_cycle -> _65798_/D : -25.062893
[setup in-reg] enable_cycle -> _65799_/D : -25.062893
[setup in-reg] enable_cycle -> _65800_/D : -25.062893
[setup in-reg] enable_cycle -> _65801_/D : -25.062893
[setup in-reg] enable_cycle -> _65802_/D : -25.062893
[setup in-reg] enable_cycle -> _65803_/D : -25.062893
[setup in-reg] enable_cycle -> _65804_/D : -25.062893
[setup in-reg] enable_cycle -> _65805_/D : -25.062893
[setup in-reg] enable_cycle -> _65806_/D : -25.062893
[setup in-reg] enable_cycle -> _65807_/D : -25.062893
[setup in-reg] enable_cycle -> _65808_/D : -25.062893
[setup in-reg] enable_cycle -> _65809_/D : -25.062893
[setup in-reg] enable_cycle -> _65810_/D : -25.062893
[setup in-reg] enable_cycle -> _65811_/D : -25.062893
[setup in-reg] enable_cycle -> _65812_/D : -25.062893
[setup in-reg] enable_cycle -> _65813_/D : -25.062893
[setup in-reg] enable_cycle -> _65814_/D : -25.062893
[setup in-reg] enable_cycle -> _65815_/D : -25.062893
[setup in-reg] enable_cycle -> _65816_/D : -25.062893
[setup in-reg] enable_cycle -> _65817_/D : -25.062893
[setup in-reg] enable_cycle -> _65818_/D : -25.062893
[setup in-reg] enable_cycle -> _65819_/D : -25.062893
[setup in-reg] enable_cycle -> _65820_/D : -25.062893
[setup in-reg] enable_cycle -> _65821_/D : -25.062893
[setup in-reg] enable_cycle -> _65822_/D : -25.062893
[setup in-reg] enable_cycle -> _65823_/D : -25.062893
[setup in-reg] enable_cycle -> _65824_/D : -25.062893
[setup in-reg] enable_cycle -> _65825_/D : -25.062893
[setup in-reg] enable_cycle -> _65826_/D : -25.062893
[setup in-reg] enable_cycle -> _65827_/D : -25.062893
[setup in-reg] enable_cycle -> _65828_/D : -25.062893
[setup in-reg] enable_cycle -> _65829_/D : -25.062893
[setup in-reg] enable_cycle -> _65830_/D : -25.062893
[setup in-reg] enable_cycle -> _65831_/D : -25.062893
[setup in-reg] enable_cycle -> _65832_/D : -25.062893
[setup in-reg] enable_cycle -> _65833_/D : -25.062893
[setup in-reg] enable_cycle -> _65834_/D : -25.062893
[setup in-reg] enable_cycle -> _65835_/D : -25.062893
[setup in-reg] enable_cycle -> _65836_/D : -25.062893
[setup in-reg] enable_cycle -> _65837_/D : -25.062893
[setup in-reg] enable_cycle -> _65838_/D : -25.062893
[setup in-reg] enable_cycle -> _65839_/D : -25.062893
[setup in-reg] enable_cycle -> _65840_/D : -25.062893
[setup in-reg] enable_cycle -> _65841_/D : -25.062893
[setup in-reg] enable_cycle -> _65842_/D : -25.062893
[setup in-reg] enable_cycle -> _65843_/D : -25.062893
[setup in-reg] enable_cycle -> _65844_/D : -25.062893
[setup in-reg] enable_cycle -> _65845_/D : -25.062893
[setup in-reg] enable_cycle -> _65846_/D : -25.062893
[setup in-reg] enable_cycle -> _65847_/D : -25.062893
[setup in-reg] enable_cycle -> _65848_/D : -25.062893
[setup in-reg] enable_cycle -> _65849_/D : -25.062893
[setup in-reg] enable_cycle -> _65850_/D : -25.062893
[setup in-reg] enable_cycle -> _65851_/D : -25.062893
[setup in-reg] enable_cycle -> _65852_/D : -25.062893
[setup in-reg] enable_cycle -> _65853_/D : -25.062893
[setup in-reg] enable_cycle -> _65854_/D : -25.062893
[setup in-reg] enable_cycle -> _65855_/D : -25.062893
[setup in-reg] enable_cycle -> _65856_/D : -25.062893
[setup in-reg] enable_cycle -> _65857_/D : -25.062893
[setup in-reg] enable_cycle -> _65858_/D : -25.062893
[setup in-reg] enable_cycle -> _65859_/D : -25.062893
[setup in-reg] enable_cycle -> _65860_/D : -25.062893
[setup in-reg] enable_cycle -> _65861_/D : -25.062893
[setup in-reg] enable_cycle -> _65862_/D : -25.062893
[setup in-reg] enable_cycle -> _65863_/D : -25.062893
[setup in-reg] enable_cycle -> _65864_/D : -25.062893
[setup in-reg] enable_cycle -> _65865_/D : -25.062893
[setup in-reg] enable_cycle -> _65866_/D : -25.062893
[setup in-reg] enable_cycle -> _65867_/D : -25.062893
[setup in-reg] enable_cycle -> _65868_/D : -25.062893
[setup in-reg] enable_cycle -> _65869_/D : -25.062893
[setup in-reg] enable_cycle -> _65870_/D : -25.062893
[setup in-reg] enable_cycle -> _65871_/D : -25.062893
[setup in-reg] enable_cycle -> _65872_/D : -25.062893
[setup in-reg] enable_cycle -> _65873_/D : -25.062893
[setup in-reg] enable_cycle -> _65874_/D : -25.062893
[setup in-reg] enable_cycle -> _65875_/D : -25.062893
[setup in-reg] enable_cycle -> _65876_/D : -25.062893
[setup in-reg] enable_cycle -> _65877_/D : -25.062893
[setup in-reg] enable_cycle -> _65878_/D : -25.062893
[setup in-reg] enable_cycle -> _65879_/D : -25.062893
[setup in-reg] enable_cycle -> _65880_/D : -25.062893
[setup in-reg] enable_cycle -> _65881_/D : -25.062893
[setup in-reg] enable_cycle -> _65882_/D : -25.062893
[setup in-reg] enable_cycle -> _65883_/D : -25.062893
[setup in-reg] enable_cycle -> _65884_/D : -25.062893
[setup in-reg] enable_cycle -> _65885_/D : -25.062893
[setup in-reg] enable_cycle -> _65886_/D : -25.062893
[setup in-reg] enable_cycle -> _65887_/D : -25.062893
[setup in-reg] enable_cycle -> _65888_/D : -25.062893
[setup in-reg] enable_cycle -> _65889_/D : -25.062893
[setup in-reg] enable_cycle -> _65890_/D : -25.062893
[setup in-reg] enable_cycle -> _65891_/D : -25.062893
[setup in-reg] enable_cycle -> _65892_/D : -25.062893
[setup in-reg] enable_cycle -> _65893_/D : -25.062893
[setup in-reg] enable_cycle -> _65894_/D : -25.062893
[setup in-reg] enable_cycle -> _65895_/D : -25.062893
[setup in-reg] enable_cycle -> _65896_/D : -25.062893
[setup in-reg] enable_cycle -> _65897_/D : -25.062893
[setup in-reg] enable_cycle -> _65898_/D : -25.062893
[setup in-reg] enable_cycle -> _65899_/D : -25.062893
[setup in-reg] enable_cycle -> _65900_/D : -25.062893
[setup in-reg] enable_cycle -> _65901_/D : -25.062893
[setup in-reg] enable_cycle -> _65921_/D : -25.062893
[setup in-reg] enable_cycle -> _65922_/D : -25.062893
[setup in-reg] enable_cycle -> _65923_/D : -25.062893
[setup in-reg] enable_cycle -> _65924_/D : -25.062893
[setup in-reg] enable_cycle -> _65928_/D : -25.062893
[setup in-reg] enable_cycle -> _65929_/D : -25.062893
[setup in-reg] enable_cycle -> _65930_/D : -25.062893
[setup in-reg] enable_cycle -> _65931_/D : -25.062893
[setup in-reg] enable_cycle -> _65932_/D : -25.062893
[setup in-reg] enable_cycle -> _65958_/D : -25.062893
[setup in-reg] enable_cycle -> _65959_/D : -25.062893
[setup in-reg] enable_cycle -> _65960_/D : -25.062893
[setup in-reg] enable_cycle -> _65961_/D : -25.062893
[setup in-reg] enable_cycle -> _65962_/D : -25.062893
[setup in-reg] enable_cycle -> _65963_/D : -25.062893
[setup in-reg] enable_cycle -> _65964_/D : -25.062893
[setup in-reg] enable_cycle -> _65965_/D : -25.062893
[setup in-reg] enable_cycle -> _65985_/D : -25.062893
[setup in-reg] enable_cycle -> _65989_/D : -25.062893
[setup in-reg] enable_cycle -> _65990_/D : -25.062893
[setup in-reg] enable_cycle -> _65992_/D : -25.062893
[setup in-reg] enable_cycle -> _65994_/D : -25.062893
[setup in-reg] enable_cycle -> _65995_/D : -25.062893
[setup in-reg] enable_cycle -> _65996_/D : -25.062893
[setup in-reg] enable_cycle -> _66022_/D : -25.062893
[setup in-reg] enable_cycle -> _66023_/D : -25.062893
[setup in-reg] enable_cycle -> _66024_/D : -25.062893
[setup in-reg] enable_cycle -> _66025_/D : -25.062893
[setup in-reg] enable_cycle -> _66026_/D : -25.062893
[setup in-reg] enable_cycle -> _66027_/D : -25.062893
[setup in-reg] enable_cycle -> _66028_/D : -25.062893
[setup in-reg] enable_cycle -> _66029_/D : -25.062893
[setup in-reg] enable_cycle -> _66050_/D : -25.062893
[setup in-reg] enable_cycle -> _66051_/D : -25.062893
[setup in-reg] enable_cycle -> _66052_/D : -25.062893
[setup in-reg] enable_cycle -> _66053_/D : -25.062893
[setup in-reg] enable_cycle -> _66054_/D : -25.062893
[setup in-reg] enable_cycle -> _66058_/D : -25.062893
[setup in-reg] enable_cycle -> _66059_/D : -25.062893
[setup in-reg] enable_cycle -> _66060_/D : -25.062893
[setup in-reg] enable_cycle -> _66086_/D : -25.062893
[setup in-reg] enable_cycle -> _66087_/D : -25.062893
[setup in-reg] enable_cycle -> _66088_/D : -25.062893
[setup in-reg] enable_cycle -> _66089_/D : -25.062893
[setup in-reg] enable_cycle -> _66090_/D : -25.062893
[setup in-reg] enable_cycle -> _66091_/D : -25.062893
[setup in-reg] enable_cycle -> _66092_/D : -25.062893
[setup in-reg] enable_cycle -> _66093_/D : -25.062893
[setup in-reg] enable_cycle -> _66114_/D : -25.062893
[setup in-reg] enable_cycle -> _66115_/D : -25.062893
[setup in-reg] enable_cycle -> _66116_/D : -25.062893
[setup in-reg] enable_cycle -> _66117_/D : -25.062893
[setup in-reg] enable_cycle -> _66118_/D : -25.062893
[setup in-reg] enable_cycle -> _66119_/D : -25.062893
[setup in-reg] enable_cycle -> _66120_/D : -25.062893
[setup in-reg] enable_cycle -> _66121_/D : -25.062893
[setup in-reg] enable_cycle -> _66123_/D : -25.062893
[setup in-reg] enable_cycle -> _66124_/D : -25.062893
[setup in-reg] enable_cycle -> _66150_/D : -25.062893
[setup in-reg] enable_cycle -> _66151_/D : -25.062893
[setup in-reg] enable_cycle -> _66152_/D : -25.062893
[setup in-reg] enable_cycle -> _66153_/D : -25.062893
[setup in-reg] enable_cycle -> _66154_/D : -25.062893
[setup in-reg] enable_cycle -> _66155_/D : -25.062893
[setup in-reg] enable_cycle -> _66156_/D : -25.062893
[setup in-reg] enable_cycle -> _66157_/D : -25.062893
[setup in-reg] enable_cycle -> _66178_/D : -25.062893
[setup in-reg] enable_cycle -> _66179_/D : -25.062893
[setup in-reg] enable_cycle -> _66180_/D : -25.062893
[setup in-reg] enable_cycle -> _66181_/D : -25.062893
[setup in-reg] enable_cycle -> _66183_/D : -25.062893
[setup in-reg] enable_cycle -> _66184_/D : -25.062893
[setup in-reg] enable_cycle -> _66185_/D : -25.062893
[setup in-reg] enable_cycle -> _66186_/D : -25.062893
[setup in-reg] enable_cycle -> _66214_/D : -25.062893
[setup in-reg] enable_cycle -> _66215_/D : -25.062893
[setup in-reg] enable_cycle -> _66216_/D : -25.062893
[setup in-reg] enable_cycle -> _66217_/D : -25.062893
[setup in-reg] enable_cycle -> _66218_/D : -25.062893
[setup in-reg] enable_cycle -> _66219_/D : -25.062893
[setup in-reg] enable_cycle -> _66220_/D : -25.062893
[setup in-reg] enable_cycle -> _66221_/D : -25.062893
[setup in-reg] enable_cycle -> _66242_/D : -25.062893
[setup in-reg] enable_cycle -> _66243_/D : -25.062893
[setup in-reg] enable_cycle -> _66244_/D : -25.062893
[setup in-reg] enable_cycle -> _66246_/D : -25.062893
[setup in-reg] enable_cycle -> _66248_/D : -25.062893
[setup in-reg] enable_cycle -> _66250_/D : -25.062893
[setup in-reg] enable_cycle -> _66251_/D : -25.062893
[setup in-reg] enable_cycle -> _66252_/D : -25.062893
[setup in-reg] enable_cycle -> _66278_/D : -25.062893
[setup in-reg] enable_cycle -> _66279_/D : -25.062893
[setup in-reg] enable_cycle -> _66280_/D : -25.062893
[setup in-reg] enable_cycle -> _66281_/D : -25.062893
[setup in-reg] enable_cycle -> _66282_/D : -25.062893
[setup in-reg] enable_cycle -> _66283_/D : -25.062893
[setup in-reg] enable_cycle -> _66284_/D : -25.062893
[setup in-reg] enable_cycle -> _66285_/D : -25.062893
[setup in-reg] enable_cycle -> _66289_/D : -25.062893
[setup in-reg] enable_cycle -> _66291_/D : -25.062893
[setup in-reg] enable_cycle -> _66293_/D : -25.062893
[setup in-reg] enable_cycle -> _66298_/D : -25.062893
[setup in-reg] enable_cycle -> _66299_/D : -25.062893
[setup in-reg] enable_cycle -> _66300_/D : -25.062893
[setup in-reg] enable_cycle -> _66363_/D : -25.062893
[setup in-reg] enable_cycle -> _66364_/D : -25.062893
[setup in-reg] enable_cycle -> _66365_/D : -25.062893
[setup in-reg] enable_cycle -> _66369_/D : -25.062893
[setup in-reg] enable_cycle -> _66371_/D : -25.062893
[setup in-reg] enable_cycle -> _66372_/D : -25.062893
[setup in-reg] enable_cycle -> _66373_/D : -25.062893
[setup in-reg] enable_cycle -> _66375_/D : -25.062893
[setup in-reg] enable_cycle -> _66376_/D : -25.062893
[setup in-reg] enable_cycle -> _66377_/D : -25.062893
[setup in-reg] enable_cycle -> _66378_/D : -25.062893
[setup in-reg] enable_cycle -> _66379_/D : -25.062893
[setup in-reg] enable_cycle -> _66380_/D : -25.062893
[setup in-reg] enable_cycle -> _66381_/D : -25.062893
[setup in-reg] enable_cycle -> _66382_/D : -25.062893
[setup in-reg] enable_cycle -> _66383_/D : -25.062893
[setup in-reg] enable_cycle -> _66384_/D : -25.062893
[setup in-reg] enable_cycle -> _66385_/D : -25.062893
[setup in-reg] enable_cycle -> _66386_/D : -25.062893
[setup in-reg] enable_cycle -> _66387_/D : -25.062893
[setup in-reg] enable_cycle -> _66388_/D : -25.062893
[setup in-reg] enable_cycle -> _66389_/D : -25.062893
[setup in-reg] enable_cycle -> _66390_/D : -25.062893
[setup in-reg] enable_cycle -> _66391_/D : -25.062893
[setup in-reg] enable_cycle -> _66400_/D : -25.062893
[setup in-reg] enable_cycle -> _66401_/D : -25.062893
[setup in-reg] enable_cycle -> _66402_/D : -25.062893
[setup in-reg] enable_cycle -> _66403_/D : -25.062893
[setup in-reg] enable_cycle -> _66404_/D : -25.062893
[setup in-reg] enable_cycle -> _66405_/D : -25.062893
[setup in-reg] enable_cycle -> _66406_/D : -25.062893
[setup in-reg] enable_cycle -> _66407_/D : -25.062893
[setup in-reg] enable_cycle -> _66408_/D : -25.062893
[setup in-reg] enable_cycle -> _66409_/D : -25.062893
[setup in-reg] enable_cycle -> _66410_/D : -25.062893
[setup in-reg] enable_cycle -> _66411_/D : -25.062893
[setup in-reg] enable_cycle -> _66412_/D : -25.062893
[setup in-reg] enable_cycle -> _66413_/D : -25.062893
[setup in-reg] enable_cycle -> _66414_/D : -25.062893
[setup in-reg] enable_cycle -> _66415_/D : -25.062893
[setup in-reg] enable_cycle -> _66416_/D : -25.062893
[setup in-reg] enable_cycle -> _66417_/D : -25.062893
[setup in-reg] enable_cycle -> _66418_/D : -25.062893
[setup in-reg] enable_cycle -> _66419_/D : -25.062893
[setup in-reg] enable_cycle -> _66420_/D : -25.062893
[setup in-reg] enable_cycle -> _66421_/D : -25.062893
[setup in-reg] enable_cycle -> _66422_/D : -25.062893
[setup in-reg] enable_cycle -> _66423_/D : -25.062893
[setup in-reg] enable_cycle -> _66444_/D : -25.062893
[setup in-reg] enable_cycle -> _66447_/D : -25.062893
[setup in-reg] enable_cycle -> _66448_/D : -25.062893
[setup in-reg] enable_cycle -> _66449_/D : -25.062893
[setup in-reg] enable_cycle -> _66452_/D : -25.062893
[setup in-reg] enable_cycle -> _66454_/D : -25.062893
[setup in-reg] enable_cycle -> _66482_/D : -25.062893
[setup in-reg] enable_cycle -> _66483_/D : -25.062893
[setup in-reg] enable_cycle -> _66484_/D : -25.062893
[setup in-reg] enable_cycle -> _66485_/D : -25.062893
[setup in-reg] enable_cycle -> _66486_/D : -25.062893
[setup in-reg] enable_cycle -> _66487_/D : -25.062893
[setup in-reg] enable_cycle -> _66488_/D : -25.062893
[setup in-reg] enable_cycle -> _66489_/D : -25.062893
[setup in-reg] enable_cycle -> _66490_/D : -25.062893
[setup in-reg] enable_cycle -> _66491_/D : -25.062893
[setup in-reg] enable_cycle -> _66492_/D : -25.062893
[setup in-reg] enable_cycle -> _66493_/D : -25.062893
[setup in-reg] enable_cycle -> _66494_/D : -25.062893
[setup in-reg] enable_cycle -> _66495_/D : -25.062893
[setup in-reg] enable_cycle -> _66496_/D : -25.062893
[setup in-reg] enable_cycle -> _66497_/D : -25.062893
[setup in-reg] enable_cycle -> _66498_/D : -25.062893
[setup in-reg] enable_cycle -> _66499_/D : -25.062893
[setup in-reg] enable_cycle -> _66500_/D : -25.062893
[setup in-reg] enable_cycle -> _66501_/D : -25.062893
[setup in-reg] enable_cycle -> _66502_/D : -25.062893
[setup in-reg] enable_cycle -> _66503_/D : -25.062893
[setup in-reg] enable_cycle -> _66504_/D : -25.062893
[setup in-reg] enable_cycle -> _66505_/D : -25.062893
[setup in-reg] enable_cycle -> _66526_/D : -25.062893
[setup in-reg] enable_cycle -> _66527_/D : -25.062893
[setup in-reg] enable_cycle -> _66529_/D : -25.062893
[setup in-reg] enable_cycle -> _66536_/D : -25.062893
[setup in-reg] enable_cycle -> _66537_/D : -25.062893
[setup in-reg] enable_cycle -> _66564_/D : -25.062893
[setup in-reg] enable_cycle -> _66565_/D : -25.062893
[setup in-reg] enable_cycle -> _66566_/D : -25.062893
[setup in-reg] enable_cycle -> _66567_/D : -25.062893
[setup in-reg] enable_cycle -> _66568_/D : -25.062893
[setup in-reg] enable_cycle -> _66569_/D : -25.062893
[setup in-reg] enable_cycle -> _66570_/D : -25.062893
[setup in-reg] enable_cycle -> _66571_/D : -25.062893
[setup in-reg] enable_cycle -> _66572_/D : -25.062893
[setup in-reg] enable_cycle -> _66573_/D : -25.062893
[setup in-reg] enable_cycle -> _66574_/D : -25.062893
[setup in-reg] enable_cycle -> _66575_/D : -25.062893
[setup in-reg] enable_cycle -> _66576_/D : -25.062893
[setup in-reg] enable_cycle -> _66577_/D : -25.062893
[setup in-reg] enable_cycle -> _66578_/D : -25.062893
[setup in-reg] enable_cycle -> _66579_/D : -25.062893
[setup in-reg] enable_cycle -> _66580_/D : -25.062893
[setup in-reg] enable_cycle -> _66581_/D : -25.062893
[setup in-reg] enable_cycle -> _66582_/D : -25.062893
[setup in-reg] enable_cycle -> _66583_/D : -25.062893
[setup in-reg] enable_cycle -> _66584_/D : -25.062893
[setup in-reg] enable_cycle -> _66585_/D : -25.062893
[setup in-reg] enable_cycle -> _66586_/D : -25.062893
[setup in-reg] enable_cycle -> _66587_/D : -25.062893
[setup in-reg] enable_cycle -> _66608_/D : -25.062893
[setup in-reg] enable_cycle -> _66609_/D : -25.062893
[setup in-reg] enable_cycle -> _66610_/D : -25.062893
[setup in-reg] enable_cycle -> _66611_/D : -25.062893
[setup in-reg] enable_cycle -> _66612_/D : -25.062893
[setup in-reg] enable_cycle -> _66646_/D : -25.062893
[setup in-reg] enable_cycle -> _66647_/D : -25.062893
[setup in-reg] enable_cycle -> _66648_/D : -25.062893
[setup in-reg] enable_cycle -> _66649_/D : -25.062893
[setup in-reg] enable_cycle -> _66650_/D : -25.062893
[setup in-reg] enable_cycle -> _66651_/D : -25.062893
[setup in-reg] enable_cycle -> _66652_/D : -25.062893
[setup in-reg] enable_cycle -> _66653_/D : -25.062893
[setup in-reg] enable_cycle -> _66654_/D : -25.062893
[setup in-reg] enable_cycle -> _66655_/D : -25.062893
[setup in-reg] enable_cycle -> _66656_/D : -25.062893
[setup in-reg] enable_cycle -> _66657_/D : -25.062893
[setup in-reg] enable_cycle -> _66658_/D : -25.062893
[setup in-reg] enable_cycle -> _66659_/D : -25.062893
[setup in-reg] enable_cycle -> _66660_/D : -25.062893
[setup in-reg] enable_cycle -> _66661_/D : -25.062893
[setup in-reg] enable_cycle -> _66662_/D : -25.062893
[setup in-reg] enable_cycle -> _66663_/D : -25.062893
[setup in-reg] enable_cycle -> _66664_/D : -25.062893
[setup in-reg] enable_cycle -> _66665_/D : -25.062893
[setup in-reg] enable_cycle -> _66666_/D : -25.062893
[setup in-reg] enable_cycle -> _66667_/D : -25.062893
[setup in-reg] enable_cycle -> _66668_/D : -25.062893
[setup in-reg] enable_cycle -> _66669_/D : -25.062893
[setup in-reg] enable_cycle -> _66691_/D : -25.062893
[setup in-reg] enable_cycle -> _66692_/D : -25.062893
[setup in-reg] enable_cycle -> _66693_/D : -25.062893
[setup in-reg] enable_cycle -> _66695_/D : -25.062893
[setup in-reg] enable_cycle -> _66698_/D : -25.062893
[setup in-reg] enable_cycle -> _66699_/D : -25.062893
[setup in-reg] enable_cycle -> _66700_/D : -25.062893
[setup in-reg] enable_cycle -> _66701_/D : -25.062893
[setup in-reg] enable_cycle -> _66728_/D : -25.062893
[setup in-reg] enable_cycle -> _66729_/D : -25.062893
[setup in-reg] enable_cycle -> _66730_/D : -25.062893
[setup in-reg] enable_cycle -> _66731_/D : -25.062893
[setup in-reg] enable_cycle -> _66732_/D : -25.062893
[setup in-reg] enable_cycle -> _66733_/D : -25.062893
[setup in-reg] enable_cycle -> _66734_/D : -25.062893
[setup in-reg] enable_cycle -> _66735_/D : -25.062893
[setup in-reg] enable_cycle -> _66736_/D : -25.062893
[setup in-reg] enable_cycle -> _66737_/D : -25.062893
[setup in-reg] enable_cycle -> _66738_/D : -25.062893
[setup in-reg] enable_cycle -> _66739_/D : -25.062893
[setup in-reg] enable_cycle -> _66740_/D : -25.062893
[setup in-reg] enable_cycle -> _66741_/D : -25.062893
[setup in-reg] enable_cycle -> _66742_/D : -25.062893
[setup in-reg] enable_cycle -> _66743_/D : -25.062893
[setup in-reg] enable_cycle -> _66744_/D : -25.062893
[setup in-reg] enable_cycle -> _66745_/D : -25.062893
[setup in-reg] enable_cycle -> _66746_/D : -25.062893
[setup in-reg] enable_cycle -> _66747_/D : -25.062893
[setup in-reg] enable_cycle -> _66748_/D : -25.062893
[setup in-reg] enable_cycle -> _66749_/D : -25.062893
[setup in-reg] enable_cycle -> _66750_/D : -25.062893
[setup in-reg] enable_cycle -> _66751_/D : -25.062893
[setup in-reg] enable_cycle -> _66773_/D : -25.062893
[setup in-reg] enable_cycle -> _66774_/D : -25.062893
[setup in-reg] enable_cycle -> _66776_/D : -25.062893
[setup in-reg] enable_cycle -> _66779_/D : -25.062893
[setup in-reg] enable_cycle -> _66780_/D : -25.062893
[setup in-reg] enable_cycle -> _66781_/D : -25.062893
[setup in-reg] enable_cycle -> _66782_/D : -25.062893
[setup in-reg] enable_cycle -> _66783_/D : -25.062893
[setup in-reg] enable_cycle -> _66810_/D : -25.062893
[setup in-reg] enable_cycle -> _66811_/D : -25.062893
[setup in-reg] enable_cycle -> _66812_/D : -25.062893
[setup in-reg] enable_cycle -> _66813_/D : -25.062893
[setup in-reg] enable_cycle -> _66814_/D : -25.062893
[setup in-reg] enable_cycle -> _66815_/D : -25.062893
[setup in-reg] enable_cycle -> _66816_/D : -25.062893
[setup in-reg] enable_cycle -> _66817_/D : -25.062893
[setup in-reg] enable_cycle -> _66818_/D : -25.062893
[setup in-reg] enable_cycle -> _66819_/D : -25.062893
[setup in-reg] enable_cycle -> _66820_/D : -25.062893
[setup in-reg] enable_cycle -> _66821_/D : -25.062893
[setup in-reg] enable_cycle -> _66822_/D : -25.062893
[setup in-reg] enable_cycle -> _66823_/D : -25.062893
[setup in-reg] enable_cycle -> _66824_/D : -25.062893
[setup in-reg] enable_cycle -> _66825_/D : -25.062893
[setup in-reg] enable_cycle -> _66826_/D : -25.062893
[setup in-reg] enable_cycle -> _66827_/D : -25.062893
[setup in-reg] enable_cycle -> _66828_/D : -25.062893
[setup in-reg] enable_cycle -> _66829_/D : -25.062893
[setup in-reg] enable_cycle -> _66830_/D : -25.062893
[setup in-reg] enable_cycle -> _66831_/D : -25.062893
[setup in-reg] enable_cycle -> _66832_/D : -25.062893
[setup in-reg] enable_cycle -> _66833_/D : -25.062893
[setup in-reg] enable_cycle -> _66855_/D : -25.062893
[setup in-reg] enable_cycle -> _66856_/D : -25.062893
[setup in-reg] enable_cycle -> _66857_/D : -25.062893
[setup in-reg] enable_cycle -> _66865_/D : -25.062893
[setup in-reg] enable_cycle -> _66892_/D : -25.062893
[setup in-reg] enable_cycle -> _66893_/D : -25.062893
[setup in-reg] enable_cycle -> _66894_/D : -25.062893
[setup in-reg] enable_cycle -> _66895_/D : -25.062893
[setup in-reg] enable_cycle -> _66896_/D : -25.062893
[setup in-reg] enable_cycle -> _66897_/D : -25.062893
[setup in-reg] enable_cycle -> _66898_/D : -25.062893
[setup in-reg] enable_cycle -> _66899_/D : -25.062893
[setup in-reg] enable_cycle -> _66900_/D : -25.062893
[setup in-reg] enable_cycle -> _66901_/D : -25.062893
[setup in-reg] enable_cycle -> _66902_/D : -25.062893
[setup in-reg] enable_cycle -> _66903_/D : -25.062893
[setup in-reg] enable_cycle -> _66904_/D : -25.062893
[setup in-reg] enable_cycle -> _66905_/D : -25.062893
[setup in-reg] enable_cycle -> _66906_/D : -25.062893
[setup in-reg] enable_cycle -> _66907_/D : -25.062893
[setup in-reg] enable_cycle -> _66908_/D : -25.062893
[setup in-reg] enable_cycle -> _66909_/D : -25.062893
[setup in-reg] enable_cycle -> _66910_/D : -25.062893
[setup in-reg] enable_cycle -> _66911_/D : -25.062893
[setup in-reg] enable_cycle -> _66912_/D : -25.062893
[setup in-reg] enable_cycle -> _66913_/D : -25.062893
[setup in-reg] enable_cycle -> _66914_/D : -25.062893
[setup in-reg] enable_cycle -> _66915_/D : -25.062893
[setup in-reg] enable_cycle -> _66920_/D : -25.062893
[setup in-reg] enable_cycle -> _66921_/D : -25.062893
[setup in-reg] enable_cycle -> _66922_/D : -25.062893
[setup in-reg] enable_cycle -> _66926_/D : -25.062893
[setup in-reg] enable_cycle -> _66929_/D : -25.062893
[setup in-reg] enable_cycle -> _66996_/D : -25.062893
[setup in-reg] enable_cycle -> _66998_/D : -25.062893
[setup in-reg] enable_cycle -> _67000_/D : -25.062893
[setup in-reg] enable_cycle -> _67002_/D : -25.062893
[setup in-reg] enable_cycle -> _67003_/D : -25.062893
[setup in-reg] enable_cycle -> _67004_/D : -25.062893
[setup in-reg] enable_cycle -> _67005_/D : -25.062893
[setup in-reg] enable_cycle -> _67006_/D : -25.062893
[setup in-reg] enable_cycle -> _67008_/D : -25.062893
[setup in-reg] enable_cycle -> _67009_/D : -25.062893
[setup in-reg] enable_cycle -> _67010_/D : -25.062893
[setup in-reg] enable_cycle -> _67011_/D : -25.062893
[setup in-reg] enable_cycle -> _67012_/D : -25.062893
[setup in-reg] enable_cycle -> _67013_/D : -25.062893
[setup in-reg] enable_cycle -> _67014_/D : -25.062893
[setup in-reg] enable_cycle -> _67015_/D : -25.062893
[setup in-reg] enable_cycle -> _67016_/D : -25.062893
[setup in-reg] enable_cycle -> _67017_/D : -25.062893
[setup in-reg] enable_cycle -> _67018_/D : -25.062893
[setup in-reg] enable_cycle -> _67019_/D : -25.062893
[setup in-reg] enable_cycle -> _67020_/D : -25.062893
[setup in-reg] enable_cycle -> _67021_/D : -25.062893
[setup in-reg] enable_cycle -> _67022_/D : -25.062893
[setup in-reg] enable_cycle -> _67023_/D : -25.062893
[setup in-reg] enable_cycle -> _67024_/D : -25.062893
[setup in-reg] enable_cycle -> _67025_/D : -25.062893
[setup in-reg] enable_cycle -> _67034_/D : -25.062893
[setup in-reg] enable_cycle -> _67035_/D : -25.062893
[setup in-reg] enable_cycle -> _67036_/D : -25.062893
[setup in-reg] enable_cycle -> _67037_/D : -25.062893
[setup in-reg] enable_cycle -> _67038_/D : -25.062893
[setup in-reg] enable_cycle -> _67039_/D : -25.062893
[setup in-reg] enable_cycle -> _67040_/D : -25.062893
[setup in-reg] enable_cycle -> _67041_/D : -25.062893
[setup in-reg] enable_cycle -> _67042_/D : -25.062893
[setup in-reg] enable_cycle -> _67043_/D : -25.062893
[setup in-reg] enable_cycle -> _67044_/D : -25.062893
[setup in-reg] enable_cycle -> _67045_/D : -25.062893
[setup in-reg] enable_cycle -> _67046_/D : -25.062893
[setup in-reg] enable_cycle -> _67047_/D : -25.062893
[setup in-reg] enable_cycle -> _67048_/D : -25.062893
[setup in-reg] enable_cycle -> _67049_/D : -25.062893
[setup in-reg] enable_cycle -> _67050_/D : -25.062893
[setup in-reg] enable_cycle -> _67051_/D : -25.062893
[setup in-reg] enable_cycle -> _67052_/D : -25.062893
[setup in-reg] enable_cycle -> _67053_/D : -25.062893
[setup in-reg] enable_cycle -> _67054_/D : -25.062893
[setup in-reg] enable_cycle -> _67055_/D : -25.062893
[setup in-reg] enable_cycle -> _67056_/D : -25.062893
[setup in-reg] enable_cycle -> _67057_/D : -25.062893
[setup in-reg] enable_cycle -> _67058_/D : -25.062893
[setup in-reg] enable_cycle -> _67080_/D : -25.062893
[setup in-reg] enable_cycle -> _67085_/D : -25.062893
[setup in-reg] enable_cycle -> _67088_/D : -25.062893
[setup in-reg] enable_cycle -> _67089_/D : -25.062893
[setup in-reg] enable_cycle -> _67090_/D : -25.062893
[setup in-reg] enable_cycle -> _67119_/D : -25.062893
[setup in-reg] enable_cycle -> _67120_/D : -25.062893
[setup in-reg] enable_cycle -> _67121_/D : -25.062893
[setup in-reg] enable_cycle -> _67122_/D : -25.062893
[setup in-reg] enable_cycle -> _67123_/D : -25.062893
[setup in-reg] enable_cycle -> _67124_/D : -25.062893
[setup in-reg] enable_cycle -> _67125_/D : -25.062893
[setup in-reg] enable_cycle -> _67126_/D : -25.062893
[setup in-reg] enable_cycle -> _67127_/D : -25.062893
[setup in-reg] enable_cycle -> _67128_/D : -25.062893
[setup in-reg] enable_cycle -> _67129_/D : -25.062893
[setup in-reg] enable_cycle -> _67130_/D : -25.062893
[setup in-reg] enable_cycle -> _67131_/D : -25.062893
[setup in-reg] enable_cycle -> _67132_/D : -25.062893
[setup in-reg] enable_cycle -> _67133_/D : -25.062893
[setup in-reg] enable_cycle -> _67134_/D : -25.062893
[setup in-reg] enable_cycle -> _67135_/D : -25.062893
[setup in-reg] enable_cycle -> _67136_/D : -25.062893
[setup in-reg] enable_cycle -> _67137_/D : -25.062893
[setup in-reg] enable_cycle -> _67138_/D : -25.062893
[setup in-reg] enable_cycle -> _67139_/D : -25.062893
[setup in-reg] enable_cycle -> _67140_/D : -25.062893
[setup in-reg] enable_cycle -> _67141_/D : -25.062893
[setup in-reg] enable_cycle -> _67142_/D : -25.062893
[setup in-reg] enable_cycle -> _67143_/D : -25.062893
[setup in-reg] enable_cycle -> _67165_/D : -25.062893
[setup in-reg] enable_cycle -> _67167_/D : -25.062893
[setup in-reg] enable_cycle -> _67168_/D : -25.062893
[setup in-reg] enable_cycle -> _67169_/D : -25.062893
[setup in-reg] enable_cycle -> _67204_/D : -25.062893
[setup in-reg] enable_cycle -> _67205_/D : -25.062893
[setup in-reg] enable_cycle -> _67206_/D : -25.062893
[setup in-reg] enable_cycle -> _67207_/D : -25.062893
[setup in-reg] enable_cycle -> _67208_/D : -25.062893
[setup in-reg] enable_cycle -> _67209_/D : -25.062893
[setup in-reg] enable_cycle -> _67210_/D : -25.062893
[setup in-reg] enable_cycle -> _67211_/D : -25.062893
[setup in-reg] enable_cycle -> _67212_/D : -25.062893
[setup in-reg] enable_cycle -> _67213_/D : -25.062893
[setup in-reg] enable_cycle -> _67214_/D : -25.062893
[setup in-reg] enable_cycle -> _67215_/D : -25.062893
[setup in-reg] enable_cycle -> _67216_/D : -25.062893
[setup in-reg] enable_cycle -> _67217_/D : -25.062893
[setup in-reg] enable_cycle -> _67218_/D : -25.062893
[setup in-reg] enable_cycle -> _67219_/D : -25.062893
[setup in-reg] enable_cycle -> _67220_/D : -25.062893
[setup in-reg] enable_cycle -> _67221_/D : -25.062893
[setup in-reg] enable_cycle -> _67222_/D : -25.062893
[setup in-reg] enable_cycle -> _67223_/D : -25.062893
[setup in-reg] enable_cycle -> _67224_/D : -25.062893
[setup in-reg] enable_cycle -> _67225_/D : -25.062893
[setup in-reg] enable_cycle -> _67226_/D : -25.062893
[setup in-reg] enable_cycle -> _67227_/D : -25.062893
[setup in-reg] enable_cycle -> _67228_/D : -25.062893
[setup in-reg] enable_cycle -> _67251_/D : -25.062893
[setup in-reg] enable_cycle -> _67252_/D : -25.062893
[setup in-reg] enable_cycle -> _67257_/D : -25.062893
[setup in-reg] enable_cycle -> _67260_/D : -25.062893
[setup in-reg] enable_cycle -> _67261_/D : -25.062893
[setup in-reg] enable_cycle -> _67289_/D : -25.062893
[setup in-reg] enable_cycle -> _67290_/D : -25.062893
[setup in-reg] enable_cycle -> _67291_/D : -25.062893
[setup in-reg] enable_cycle -> _67292_/D : -25.062893
[setup in-reg] enable_cycle -> _67293_/D : -25.062893
[setup in-reg] enable_cycle -> _67294_/D : -25.062893
[setup in-reg] enable_cycle -> _67295_/D : -25.062893
[setup in-reg] enable_cycle -> _67296_/D : -25.062893
[setup in-reg] enable_cycle -> _67297_/D : -25.062893
[setup in-reg] enable_cycle -> _67298_/D : -25.062893
[setup in-reg] enable_cycle -> _67299_/D : -25.062893
[setup in-reg] enable_cycle -> _67300_/D : -25.062893
[setup in-reg] enable_cycle -> _67301_/D : -25.062893
[setup in-reg] enable_cycle -> _67302_/D : -25.062893
[setup in-reg] enable_cycle -> _67303_/D : -25.062893
[setup in-reg] enable_cycle -> _67304_/D : -25.062893
[setup in-reg] enable_cycle -> _67305_/D : -25.062893
[setup in-reg] enable_cycle -> _67306_/D : -25.062893
[setup in-reg] enable_cycle -> _67307_/D : -25.062893
[setup in-reg] enable_cycle -> _67308_/D : -25.062893
[setup in-reg] enable_cycle -> _67309_/D : -25.062893
[setup in-reg] enable_cycle -> _67310_/D : -25.062893
[setup in-reg] enable_cycle -> _67311_/D : -25.062893
[setup in-reg] enable_cycle -> _67312_/D : -25.062893
[setup in-reg] enable_cycle -> _67313_/D : -25.062893
[setup in-reg] enable_cycle -> _67336_/D : -25.062893
[setup in-reg] enable_cycle -> _67337_/D : -25.062893
[setup in-reg] enable_cycle -> _67338_/D : -25.062893
[setup in-reg] enable_cycle -> _67339_/D : -25.062893
[setup in-reg] enable_cycle -> _67342_/D : -25.062893
[setup in-reg] enable_cycle -> _67345_/D : -25.062893
[setup in-reg] enable_cycle -> _67374_/D : -25.062893
[setup in-reg] enable_cycle -> _67375_/D : -25.062893
[setup in-reg] enable_cycle -> _67376_/D : -25.062893
[setup in-reg] enable_cycle -> _67377_/D : -25.062893
[setup in-reg] enable_cycle -> _67378_/D : -25.062893
[setup in-reg] enable_cycle -> _67379_/D : -25.062893
[setup in-reg] enable_cycle -> _67380_/D : -25.062893
[setup in-reg] enable_cycle -> _67381_/D : -25.062893
[setup in-reg] enable_cycle -> _67382_/D : -25.062893
[setup in-reg] enable_cycle -> _67383_/D : -25.062893
[setup in-reg] enable_cycle -> _67384_/D : -25.062893
[setup in-reg] enable_cycle -> _67385_/D : -25.062893
[setup in-reg] enable_cycle -> _67386_/D : -25.062893
[setup in-reg] enable_cycle -> _67387_/D : -25.062893
[setup in-reg] enable_cycle -> _67388_/D : -25.062893
[setup in-reg] enable_cycle -> _67389_/D : -25.062893
[setup in-reg] enable_cycle -> _67390_/D : -25.062893
[setup in-reg] enable_cycle -> _67391_/D : -25.062893
[setup in-reg] enable_cycle -> _67392_/D : -25.062893
[setup in-reg] enable_cycle -> _67393_/D : -25.062893
[setup in-reg] enable_cycle -> _67394_/D : -25.062893
[setup in-reg] enable_cycle -> _67395_/D : -25.062893
[setup in-reg] enable_cycle -> _67396_/D : -25.062893
[setup in-reg] enable_cycle -> _67397_/D : -25.062893
[setup in-reg] enable_cycle -> _67398_/D : -25.062893
[setup in-reg] enable_cycle -> _67420_/D : -25.062893
[setup in-reg] enable_cycle -> _67421_/D : -25.062893
[setup in-reg] enable_cycle -> _67422_/D : -25.062893
[setup in-reg] enable_cycle -> _67423_/D : -25.062893
[setup in-reg] enable_cycle -> _67428_/D : -25.062893
[setup in-reg] enable_cycle -> _67429_/D : -25.062893
[setup in-reg] enable_cycle -> _67430_/D : -25.062893
[setup in-reg] enable_cycle -> _67431_/D : -25.062893
[setup in-reg] enable_cycle -> _67459_/D : -25.062893
[setup in-reg] enable_cycle -> _67460_/D : -25.062893
[setup in-reg] enable_cycle -> _67461_/D : -25.062893
[setup in-reg] enable_cycle -> _67462_/D : -25.062893
[setup in-reg] enable_cycle -> _67463_/D : -25.062893
[setup in-reg] enable_cycle -> _67464_/D : -25.062893
[setup in-reg] enable_cycle -> _67465_/D : -25.062893
[setup in-reg] enable_cycle -> _67466_/D : -25.062893
[setup in-reg] enable_cycle -> _67467_/D : -25.062893
[setup in-reg] enable_cycle -> _67468_/D : -25.062893
[setup in-reg] enable_cycle -> _67469_/D : -25.062893
[setup in-reg] enable_cycle -> _67470_/D : -25.062893
[setup in-reg] enable_cycle -> _67471_/D : -25.062893
[setup in-reg] enable_cycle -> _67472_/D : -25.062893
[setup in-reg] enable_cycle -> _67473_/D : -25.062893
[setup in-reg] enable_cycle -> _67474_/D : -25.062893
[setup in-reg] enable_cycle -> _67475_/D : -25.062893
[setup in-reg] enable_cycle -> _67476_/D : -25.062893
[setup in-reg] enable_cycle -> _67477_/D : -25.062893
[setup in-reg] enable_cycle -> _67478_/D : -25.062893
[setup in-reg] enable_cycle -> _67479_/D : -25.062893
[setup in-reg] enable_cycle -> _67480_/D : -25.062893
[setup in-reg] enable_cycle -> _67481_/D : -25.062893
[setup in-reg] enable_cycle -> _67482_/D : -25.062893
[setup in-reg] enable_cycle -> _67483_/D : -25.062893
[setup in-reg] enable_cycle -> _67505_/D : -25.062893
[setup in-reg] enable_cycle -> _67514_/D : -25.062893
[setup in-reg] enable_cycle -> _67544_/D : -25.062893
[setup in-reg] enable_cycle -> _67545_/D : -25.062893
[setup in-reg] enable_cycle -> _67546_/D : -25.062893
[setup in-reg] enable_cycle -> _67547_/D : -25.062893
[setup in-reg] enable_cycle -> _67548_/D : -25.062893
[setup in-reg] enable_cycle -> _67549_/D : -25.062893
[setup in-reg] enable_cycle -> _67550_/D : -25.062893
[setup in-reg] enable_cycle -> _67551_/D : -25.062893
[setup in-reg] enable_cycle -> _67552_/D : -25.062893
[setup in-reg] enable_cycle -> _67553_/D : -25.062893
[setup in-reg] enable_cycle -> _67554_/D : -25.062893
[setup in-reg] enable_cycle -> _67555_/D : -25.062893
[setup in-reg] enable_cycle -> _67556_/D : -25.062893
[setup in-reg] enable_cycle -> _67557_/D : -25.062893
[setup in-reg] enable_cycle -> _67558_/D : -25.062893
[setup in-reg] enable_cycle -> _67559_/D : -25.062893
[setup in-reg] enable_cycle -> _67560_/D : -25.062893
[setup in-reg] enable_cycle -> _67561_/D : -25.062893
[setup in-reg] enable_cycle -> _67562_/D : -25.062893
[setup in-reg] enable_cycle -> _67563_/D : -25.062893
[setup in-reg] enable_cycle -> _67564_/D : -25.062893
[setup in-reg] enable_cycle -> _67565_/D : -25.062893
[setup in-reg] enable_cycle -> _67566_/D : -25.062893
[setup in-reg] enable_cycle -> _67567_/D : -25.062893
[setup in-reg] enable_cycle -> _67568_/D : -25.062893
[setup in-reg] enable_cycle -> _67572_/D : -25.062893
[setup in-reg] enable_cycle -> _67573_/D : -25.062893
[setup in-reg] enable_cycle -> _67574_/D : -25.062893
[setup in-reg] enable_cycle -> _67577_/D : -25.062893
[setup in-reg] enable_cycle -> _67578_/D : -25.062893
[setup in-reg] enable_cycle -> _67579_/D : -25.062893
[setup in-reg] enable_cycle -> _67580_/D : -25.062893
[setup in-reg] enable_cycle -> _67581_/D : -25.062893
[setup in-reg] enable_cycle -> _67583_/D : -25.062893
[setup in-reg] enable_cycle -> _67653_/D : -25.062893
[setup in-reg] enable_cycle -> _67658_/D : -25.062893
[setup in-reg] enable_cycle -> _67660_/D : -25.062893
[setup in-reg] enable_cycle -> _67661_/D : -25.062893
[setup in-reg] enable_cycle -> _67662_/D : -25.062893
[setup in-reg] enable_cycle -> _67664_/D : -25.062893
[setup in-reg] enable_cycle -> _67665_/D : -25.062893
[setup in-reg] enable_cycle -> _67666_/D : -25.062893
[setup in-reg] enable_cycle -> _67667_/D : -25.062893
[setup in-reg] enable_cycle -> _67668_/D : -25.062893
[setup in-reg] enable_cycle -> _67669_/D : -25.062893
[setup in-reg] enable_cycle -> _67670_/D : -25.062893
[setup in-reg] enable_cycle -> _67671_/D : -25.062893
[setup in-reg] enable_cycle -> _67672_/D : -25.062893
[setup in-reg] enable_cycle -> _67673_/D : -25.062893
[setup in-reg] enable_cycle -> _67674_/D : -25.062893
[setup in-reg] enable_cycle -> _67675_/D : -25.062893
[setup in-reg] enable_cycle -> _67676_/D : -25.062893
[setup in-reg] enable_cycle -> _67677_/D : -25.062893
[setup in-reg] enable_cycle -> _67678_/D : -25.062893
[setup in-reg] enable_cycle -> _67679_/D : -25.062893
[setup in-reg] enable_cycle -> _67680_/D : -25.062893
[setup in-reg] enable_cycle -> _67681_/D : -25.062893
[setup in-reg] enable_cycle -> _67682_/D : -25.062893
[setup in-reg] enable_cycle -> _67691_/D : -25.062893
[setup in-reg] enable_cycle -> _67692_/D : -25.062893
[setup in-reg] enable_cycle -> _67693_/D : -25.062893
[setup in-reg] enable_cycle -> _67694_/D : -25.062893
[setup in-reg] enable_cycle -> _67695_/D : -25.062893
[setup in-reg] enable_cycle -> _67696_/D : -25.062893
[setup in-reg] enable_cycle -> _67697_/D : -25.062893
[setup in-reg] enable_cycle -> _67698_/D : -25.062893
[setup in-reg] enable_cycle -> _67699_/D : -25.062893
[setup in-reg] enable_cycle -> _67700_/D : -25.062893
[setup in-reg] enable_cycle -> _67701_/D : -25.062893
[setup in-reg] enable_cycle -> _67702_/D : -25.062893
[setup in-reg] enable_cycle -> _67703_/D : -25.062893
[setup in-reg] enable_cycle -> _67704_/D : -25.062893
[setup in-reg] enable_cycle -> _67705_/D : -25.062893
[setup in-reg] enable_cycle -> _67706_/D : -25.062893
[setup in-reg] enable_cycle -> _67707_/D : -25.062893
[setup in-reg] enable_cycle -> _67708_/D : -25.062893
[setup in-reg] enable_cycle -> _67709_/D : -25.062893
[setup in-reg] enable_cycle -> _67710_/D : -25.062893
[setup in-reg] enable_cycle -> _67711_/D : -25.062893
[setup in-reg] enable_cycle -> _67712_/D : -25.062893
[setup in-reg] enable_cycle -> _67713_/D : -25.062893
[setup in-reg] enable_cycle -> _67714_/D : -25.062893
[setup in-reg] enable_cycle -> _67715_/D : -25.062893
[setup in-reg] enable_cycle -> _67716_/D : -25.062893
[setup in-reg] enable_cycle -> _67740_/D : -25.062893
[setup in-reg] enable_cycle -> _67741_/D : -25.062893
[setup in-reg] enable_cycle -> _67743_/D : -25.062893
[setup in-reg] enable_cycle -> _67779_/D : -25.062893
[setup in-reg] enable_cycle -> _67780_/D : -25.062893
[setup in-reg] enable_cycle -> _67781_/D : -25.062893
[setup in-reg] enable_cycle -> _67782_/D : -25.062893
[setup in-reg] enable_cycle -> _67783_/D : -25.062893
[setup in-reg] enable_cycle -> _67784_/D : -25.062893
[setup in-reg] enable_cycle -> _67785_/D : -25.062893
[setup in-reg] enable_cycle -> _67786_/D : -25.062893
[setup in-reg] enable_cycle -> _67787_/D : -25.062893
[setup in-reg] enable_cycle -> _67788_/D : -25.062893
[setup in-reg] enable_cycle -> _67789_/D : -25.062893
[setup in-reg] enable_cycle -> _67790_/D : -25.062893
[setup in-reg] enable_cycle -> _67791_/D : -25.062893
[setup in-reg] enable_cycle -> _67792_/D : -25.062893
[setup in-reg] enable_cycle -> _67793_/D : -25.062893
[setup in-reg] enable_cycle -> _67794_/D : -25.062893
[setup in-reg] enable_cycle -> _67795_/D : -25.062893
[setup in-reg] enable_cycle -> _67796_/D : -25.062893
[setup in-reg] enable_cycle -> _67797_/D : -25.062893
[setup in-reg] enable_cycle -> _67798_/D : -25.062893
[setup in-reg] enable_cycle -> _67799_/D : -25.062893
[setup in-reg] enable_cycle -> _67800_/D : -25.062893
[setup in-reg] enable_cycle -> _67801_/D : -25.062893
[setup in-reg] enable_cycle -> _67802_/D : -25.062893
[setup in-reg] enable_cycle -> _67803_/D : -25.062893
[setup in-reg] enable_cycle -> _67804_/D : -25.062893
[setup in-reg] enable_cycle -> _67828_/D : -25.062893
[setup in-reg] enable_cycle -> _67830_/D : -25.062893
[setup in-reg] enable_cycle -> _67831_/D : -25.062893
[setup in-reg] enable_cycle -> _67834_/D : -25.062893
[setup in-reg] enable_cycle -> _67835_/D : -25.062893
[setup in-reg] enable_cycle -> _67836_/D : -25.062893
[setup in-reg] enable_cycle -> _67837_/D : -25.062893
[setup in-reg] enable_cycle -> _67838_/D : -25.062893
[setup in-reg] enable_cycle -> _67867_/D : -25.062893
[setup in-reg] enable_cycle -> _67868_/D : -25.062893
[setup in-reg] enable_cycle -> _67869_/D : -25.062893
[setup in-reg] enable_cycle -> _67870_/D : -25.062893
[setup in-reg] enable_cycle -> _67871_/D : -25.062893
[setup in-reg] enable_cycle -> _67872_/D : -25.062893
[setup in-reg] enable_cycle -> _67873_/D : -25.062893
[setup in-reg] enable_cycle -> _67874_/D : -25.062893
[setup in-reg] enable_cycle -> _67875_/D : -25.062893
[setup in-reg] enable_cycle -> _67876_/D : -25.062893
[setup in-reg] enable_cycle -> _67877_/D : -25.062893
[setup in-reg] enable_cycle -> _67878_/D : -25.062893
[setup in-reg] enable_cycle -> _67879_/D : -25.062893
[setup in-reg] enable_cycle -> _67880_/D : -25.062893
[setup in-reg] enable_cycle -> _67881_/D : -25.062893
[setup in-reg] enable_cycle -> _67882_/D : -25.062893
[setup in-reg] enable_cycle -> _67883_/D : -25.062893
[setup in-reg] enable_cycle -> _67884_/D : -25.062893
[setup in-reg] enable_cycle -> _67885_/D : -25.062893
[setup in-reg] enable_cycle -> _67886_/D : -25.062893
[setup in-reg] enable_cycle -> _67887_/D : -25.062893
[setup in-reg] enable_cycle -> _67888_/D : -25.062893
[setup in-reg] enable_cycle -> _67889_/D : -25.062893
[setup in-reg] enable_cycle -> _67890_/D : -25.062893
[setup in-reg] enable_cycle -> _67891_/D : -25.062893
[setup in-reg] enable_cycle -> _67892_/D : -25.062893
[setup in-reg] enable_cycle -> _67916_/D : -25.062893
[setup in-reg] enable_cycle -> _67917_/D : -25.062893
[setup in-reg] enable_cycle -> _67918_/D : -25.062893
[setup in-reg] enable_cycle -> _67923_/D : -25.062893
[setup in-reg] enable_cycle -> _67924_/D : -25.062893
[setup in-reg] enable_cycle -> _67925_/D : -25.062893
[setup in-reg] enable_cycle -> _67926_/D : -25.062893
[setup in-reg] enable_cycle -> _67955_/D : -25.062893
[setup in-reg] enable_cycle -> _67956_/D : -25.062893
[setup in-reg] enable_cycle -> _67957_/D : -25.062893
[setup in-reg] enable_cycle -> _67958_/D : -25.062893
[setup in-reg] enable_cycle -> _67959_/D : -25.062893
[setup in-reg] enable_cycle -> _67960_/D : -25.062893
[setup in-reg] enable_cycle -> _67961_/D : -25.062893
[setup in-reg] enable_cycle -> _67962_/D : -25.062893
[setup in-reg] enable_cycle -> _67963_/D : -25.062893
[setup in-reg] enable_cycle -> _67964_/D : -25.062893
[setup in-reg] enable_cycle -> _67965_/D : -25.062893
[setup in-reg] enable_cycle -> _67966_/D : -25.062893
[setup in-reg] enable_cycle -> _67967_/D : -25.062893
[setup in-reg] enable_cycle -> _67968_/D : -25.062893
[setup in-reg] enable_cycle -> _67969_/D : -25.062893
[setup in-reg] enable_cycle -> _67970_/D : -25.062893
[setup in-reg] enable_cycle -> _67971_/D : -25.062893
[setup in-reg] enable_cycle -> _67972_/D : -25.062893
[setup in-reg] enable_cycle -> _67973_/D : -25.062893
[setup in-reg] enable_cycle -> _67974_/D : -25.062893
[setup in-reg] enable_cycle -> _67975_/D : -25.062893
[setup in-reg] enable_cycle -> _67976_/D : -25.062893
[setup in-reg] enable_cycle -> _67977_/D : -25.062893
[setup in-reg] enable_cycle -> _67978_/D : -25.062893
[setup in-reg] enable_cycle -> _67979_/D : -25.062893
[setup in-reg] enable_cycle -> _67980_/D : -25.062893
[setup in-reg] enable_cycle -> _68004_/D : -25.062893
[setup in-reg] enable_cycle -> _68005_/D : -25.062893
[setup in-reg] enable_cycle -> _68006_/D : -25.062893
[setup in-reg] enable_cycle -> _68014_/D : -25.062893
[setup in-reg] enable_cycle -> _68043_/D : -25.062893
[setup in-reg] enable_cycle -> _68044_/D : -25.062893
[setup in-reg] enable_cycle -> _68045_/D : -25.062893
[setup in-reg] enable_cycle -> _68046_/D : -25.062893
[setup in-reg] enable_cycle -> _68047_/D : -25.062893
[setup in-reg] enable_cycle -> _68048_/D : -25.062893
[setup in-reg] enable_cycle -> _68049_/D : -25.062893
[setup in-reg] enable_cycle -> _68050_/D : -25.062893
[setup in-reg] enable_cycle -> _68051_/D : -25.062893
[setup in-reg] enable_cycle -> _68052_/D : -25.062893
[setup in-reg] enable_cycle -> _68053_/D : -25.062893
[setup in-reg] enable_cycle -> _68054_/D : -25.062893
[setup in-reg] enable_cycle -> _68055_/D : -25.062893
[setup in-reg] enable_cycle -> _68056_/D : -25.062893
[setup in-reg] enable_cycle -> _68057_/D : -25.062893
[setup in-reg] enable_cycle -> _68058_/D : -25.062893
[setup in-reg] enable_cycle -> _68059_/D : -25.062893
[setup in-reg] enable_cycle -> _68060_/D : -25.062893
[setup in-reg] enable_cycle -> _68061_/D : -25.062893
[setup in-reg] enable_cycle -> _68062_/D : -25.062893
[setup in-reg] enable_cycle -> _68063_/D : -25.062893
[setup in-reg] enable_cycle -> _68064_/D : -25.062893
[setup in-reg] enable_cycle -> _68065_/D : -25.062893
[setup in-reg] enable_cycle -> _68066_/D : -25.062893
[setup in-reg] enable_cycle -> _68067_/D : -25.062893
[setup in-reg] enable_cycle -> _68068_/D : -25.062893
[setup in-reg] enable_cycle -> _68092_/D : -25.062893
[setup in-reg] enable_cycle -> _68095_/D : -25.062893
[setup in-reg] enable_cycle -> _68098_/D : -25.062893
[setup in-reg] enable_cycle -> _68099_/D : -25.062893
[setup in-reg] enable_cycle -> _68131_/D : -25.062893
[setup in-reg] enable_cycle -> _68132_/D : -25.062893
[setup in-reg] enable_cycle -> _68133_/D : -25.062893
[setup in-reg] enable_cycle -> _68134_/D : -25.062893
[setup in-reg] enable_cycle -> _68135_/D : -25.062893
[setup in-reg] enable_cycle -> _68136_/D : -25.062893
[setup in-reg] enable_cycle -> _68137_/D : -25.062893
[setup in-reg] enable_cycle -> _68138_/D : -25.062893
[setup in-reg] enable_cycle -> _68139_/D : -25.062893
[setup in-reg] enable_cycle -> _68140_/D : -25.062893
[setup in-reg] enable_cycle -> _68141_/D : -25.062893
[setup in-reg] enable_cycle -> _68142_/D : -25.062893
[setup in-reg] enable_cycle -> _68143_/D : -25.062893
[setup in-reg] enable_cycle -> _68144_/D : -25.062893
[setup in-reg] enable_cycle -> _68145_/D : -25.062893
[setup in-reg] enable_cycle -> _68146_/D : -25.062893
[setup in-reg] enable_cycle -> _68147_/D : -25.062893
[setup in-reg] enable_cycle -> _68148_/D : -25.062893
[setup in-reg] enable_cycle -> _68149_/D : -25.062893
[setup in-reg] enable_cycle -> _68150_/D : -25.062893
[setup in-reg] enable_cycle -> _68151_/D : -25.062893
[setup in-reg] enable_cycle -> _68152_/D : -25.062893
[setup in-reg] enable_cycle -> _68153_/D : -25.062893
[setup in-reg] enable_cycle -> _68154_/D : -25.062893
[setup in-reg] enable_cycle -> _68155_/D : -25.062893
[setup in-reg] enable_cycle -> _68156_/D : -25.062893
[setup in-reg] enable_cycle -> _68180_/D : -25.062893
[setup in-reg] enable_cycle -> _68181_/D : -25.062893
[setup in-reg] enable_cycle -> _68186_/D : -25.062893
[setup in-reg] enable_cycle -> _68188_/D : -25.062893
[setup in-reg] enable_cycle -> _68189_/D : -25.062893
[setup in-reg] enable_cycle -> _68190_/D : -25.062893
[setup in-reg] enable_cycle -> _68219_/D : -25.062893
[setup in-reg] enable_cycle -> _68220_/D : -25.062893
[setup in-reg] enable_cycle -> _68221_/D : -25.062893
[setup in-reg] enable_cycle -> _68222_/D : -25.062893
[setup in-reg] enable_cycle -> _68223_/D : -25.062893
[setup in-reg] enable_cycle -> _68224_/D : -25.062893
[setup in-reg] enable_cycle -> _68225_/D : -25.062893
[setup in-reg] enable_cycle -> _68226_/D : -25.062893
[setup in-reg] enable_cycle -> _68227_/D : -25.062893
[setup in-reg] enable_cycle -> _68228_/D : -25.062893
[setup in-reg] enable_cycle -> _68229_/D : -25.062893
[setup in-reg] enable_cycle -> _68230_/D : -25.062893
[setup in-reg] enable_cycle -> _68231_/D : -25.062893
[setup in-reg] enable_cycle -> _68232_/D : -25.062893
[setup in-reg] enable_cycle -> _68233_/D : -25.062893
[setup in-reg] enable_cycle -> _68234_/D : -25.062893
[setup in-reg] enable_cycle -> _68235_/D : -25.062893
[setup in-reg] enable_cycle -> _68236_/D : -25.062893
[setup in-reg] enable_cycle -> _68237_/D : -25.062893
[setup in-reg] enable_cycle -> _68238_/D : -25.062893
[setup in-reg] enable_cycle -> _68239_/D : -25.062893
[setup in-reg] enable_cycle -> _68240_/D : -25.062893
[setup in-reg] enable_cycle -> _68241_/D : -25.062893
[setup in-reg] enable_cycle -> _68242_/D : -25.062893
[setup in-reg] enable_cycle -> _68243_/D : -25.062893
[setup in-reg] enable_cycle -> _68244_/D : -25.062893
[setup in-reg] enable_cycle -> _68245_/D : -25.062893
[setup in-reg] enable_cycle -> _68248_/D : -25.062893
[setup in-reg] enable_cycle -> _68249_/D : -25.062893
[setup in-reg] enable_cycle -> _68252_/D : -25.062893
[setup in-reg] enable_cycle -> _68253_/D : -25.062893
[setup in-reg] enable_cycle -> _68256_/D : -25.062893
[setup in-reg] enable_cycle -> _68258_/D : -25.062893
[setup in-reg] enable_cycle -> _68259_/D : -25.062893
[setup in-reg] enable_cycle -> _68331_/D : -25.062893
[setup in-reg] enable_cycle -> _68332_/D : -25.062893
[setup in-reg] enable_cycle -> _68334_/D : -25.062893
[setup in-reg] enable_cycle -> _68343_/D : -25.062893
[setup in-reg] enable_cycle -> _68344_/D : -25.062893
[setup in-reg] enable_cycle -> _68345_/D : -25.062893
[setup in-reg] enable_cycle -> _68346_/D : -25.062893
[setup in-reg] enable_cycle -> _68347_/D : -25.062893
[setup in-reg] enable_cycle -> _68348_/D : -25.062893
[setup in-reg] enable_cycle -> _68349_/D : -25.062893
[setup in-reg] enable_cycle -> _68350_/D : -25.062893
[setup in-reg] enable_cycle -> _68351_/D : -25.062893
[setup in-reg] enable_cycle -> _68352_/D : -25.062893
[setup in-reg] enable_cycle -> _68353_/D : -25.062893
[setup in-reg] enable_cycle -> _68354_/D : -25.062893
[setup in-reg] enable_cycle -> _68355_/D : -25.062893
[setup in-reg] enable_cycle -> _68356_/D : -25.062893
[setup in-reg] enable_cycle -> _68357_/D : -25.062893
[setup in-reg] enable_cycle -> _68358_/D : -25.062893
[setup in-reg] enable_cycle -> _68359_/D : -25.062893
[setup in-reg] enable_cycle -> _68360_/D : -25.062893
[setup in-reg] enable_cycle -> _68361_/D : -25.062893
[setup in-reg] enable_cycle -> _68362_/D : -25.062893
[setup in-reg] enable_cycle -> _68371_/D : -25.062893
[setup in-reg] enable_cycle -> _68372_/D : -25.062893
[setup in-reg] enable_cycle -> _68373_/D : -25.062893
[setup in-reg] enable_cycle -> _68374_/D : -25.062893
[setup in-reg] enable_cycle -> _68375_/D : -25.062893
[setup in-reg] enable_cycle -> _68376_/D : -25.062893
[setup in-reg] enable_cycle -> _68377_/D : -25.062893
[setup in-reg] enable_cycle -> _68378_/D : -25.062893
[setup in-reg] enable_cycle -> _68379_/D : -25.062893
[setup in-reg] enable_cycle -> _68380_/D : -25.062893
[setup in-reg] enable_cycle -> _68381_/D : -25.062893
[setup in-reg] enable_cycle -> _68382_/D : -25.062893
[setup in-reg] enable_cycle -> _68383_/D : -25.062893
[setup in-reg] enable_cycle -> _68384_/D : -25.062893
[setup in-reg] enable_cycle -> _68385_/D : -25.062893
[setup in-reg] enable_cycle -> _68386_/D : -25.062893
[setup in-reg] enable_cycle -> _68387_/D : -25.062893
[setup in-reg] enable_cycle -> _68388_/D : -25.062893
[setup in-reg] enable_cycle -> _68389_/D : -25.062893
[setup in-reg] enable_cycle -> _68390_/D : -25.062893
[setup in-reg] enable_cycle -> _68391_/D : -25.062893
[setup in-reg] enable_cycle -> _68392_/D : -25.062893
[setup in-reg] enable_cycle -> _68393_/D : -25.062893
[setup in-reg] enable_cycle -> _68394_/D : -25.062893
[setup in-reg] enable_cycle -> _68395_/D : -25.062893
[setup in-reg] enable_cycle -> _68396_/D : -25.062893
[setup in-reg] enable_cycle -> _68397_/D : -25.062893
[setup in-reg] enable_cycle -> _68422_/D : -25.062893
[setup in-reg] enable_cycle -> _68423_/D : -25.062893
[setup in-reg] enable_cycle -> _68425_/D : -25.062893
[setup in-reg] enable_cycle -> _68426_/D : -25.062893
[setup in-reg] enable_cycle -> _68427_/D : -25.062893
[setup in-reg] enable_cycle -> _68428_/D : -25.062893
[setup in-reg] enable_cycle -> _68429_/D : -25.062893
[setup in-reg] enable_cycle -> _68430_/D : -25.062893
[setup in-reg] enable_cycle -> _68462_/D : -25.062893
[setup in-reg] enable_cycle -> _68463_/D : -25.062893
[setup in-reg] enable_cycle -> _68464_/D : -25.062893
[setup in-reg] enable_cycle -> _68465_/D : -25.062893
[setup in-reg] enable_cycle -> _68466_/D : -25.062893
[setup in-reg] enable_cycle -> _68467_/D : -25.062893
[setup in-reg] enable_cycle -> _68468_/D : -25.062893
[setup in-reg] enable_cycle -> _68469_/D : -25.062893
[setup in-reg] enable_cycle -> _68470_/D : -25.062893
[setup in-reg] enable_cycle -> _68471_/D : -25.062893
[setup in-reg] enable_cycle -> _68472_/D : -25.062893
[setup in-reg] enable_cycle -> _68473_/D : -25.062893
[setup in-reg] enable_cycle -> _68474_/D : -25.062893
[setup in-reg] enable_cycle -> _68475_/D : -25.062893
[setup in-reg] enable_cycle -> _68476_/D : -25.062893
[setup in-reg] enable_cycle -> _68477_/D : -25.062893
[setup in-reg] enable_cycle -> _68478_/D : -25.062893
[setup in-reg] enable_cycle -> _68479_/D : -25.062893
[setup in-reg] enable_cycle -> _68480_/D : -25.062893
[setup in-reg] enable_cycle -> _68481_/D : -25.062893
[setup in-reg] enable_cycle -> _68482_/D : -25.062893
[setup in-reg] enable_cycle -> _68483_/D : -25.062893
[setup in-reg] enable_cycle -> _68484_/D : -25.062893
[setup in-reg] enable_cycle -> _68485_/D : -25.062893
[setup in-reg] enable_cycle -> _68486_/D : -25.062893
[setup in-reg] enable_cycle -> _68487_/D : -25.062893
[setup in-reg] enable_cycle -> _68488_/D : -25.062893
[setup in-reg] enable_cycle -> _68513_/D : -25.062893
[setup in-reg] enable_cycle -> _68514_/D : -25.062893
[setup in-reg] enable_cycle -> _68516_/D : -25.062893
[setup in-reg] enable_cycle -> _68517_/D : -25.062893
[setup in-reg] enable_cycle -> _68518_/D : -25.062893
[setup in-reg] enable_cycle -> _68519_/D : -25.062893
[setup in-reg] enable_cycle -> _68553_/D : -25.062893
[setup in-reg] enable_cycle -> _68554_/D : -25.062893
[setup in-reg] enable_cycle -> _68555_/D : -25.062893
[setup in-reg] enable_cycle -> _68556_/D : -25.062893
[setup in-reg] enable_cycle -> _68557_/D : -25.062893
[setup in-reg] enable_cycle -> _68558_/D : -25.062893
[setup in-reg] enable_cycle -> _68559_/D : -25.062893
[setup in-reg] enable_cycle -> _68560_/D : -25.062893
[setup in-reg] enable_cycle -> _68561_/D : -25.062893
[setup in-reg] enable_cycle -> _68562_/D : -25.062893
[setup in-reg] enable_cycle -> _68563_/D : -25.062893
[setup in-reg] enable_cycle -> _68564_/D : -25.062893
[setup in-reg] enable_cycle -> _68565_/D : -25.062893
[setup in-reg] enable_cycle -> _68566_/D : -25.062893
[setup in-reg] enable_cycle -> _68567_/D : -25.062893
[setup in-reg] enable_cycle -> _68568_/D : -25.062893
[setup in-reg] enable_cycle -> _68569_/D : -25.062893
[setup in-reg] enable_cycle -> _68570_/D : -25.062893
[setup in-reg] enable_cycle -> _68571_/D : -25.062893
[setup in-reg] enable_cycle -> _68572_/D : -25.062893
[setup in-reg] enable_cycle -> _68573_/D : -25.062893
[setup in-reg] enable_cycle -> _68574_/D : -25.062893
[setup in-reg] enable_cycle -> _68575_/D : -25.062893
[setup in-reg] enable_cycle -> _68576_/D : -25.062893
[setup in-reg] enable_cycle -> _68577_/D : -25.062893
[setup in-reg] enable_cycle -> _68578_/D : -25.062893
[setup in-reg] enable_cycle -> _68579_/D : -25.062893
[setup in-reg] enable_cycle -> _68604_/D : -25.062893
[setup in-reg] enable_cycle -> _68605_/D : -25.062893
[setup in-reg] enable_cycle -> _68607_/D : -25.062893
[setup in-reg] enable_cycle -> _68608_/D : -25.062893
[setup in-reg] enable_cycle -> _68610_/D : -25.062893
[setup in-reg] enable_cycle -> _68611_/D : -25.062893
[setup in-reg] enable_cycle -> _68612_/D : -25.062893
[setup in-reg] enable_cycle -> _68613_/D : -25.062893
[setup in-reg] enable_cycle -> _68644_/D : -25.062893
[setup in-reg] enable_cycle -> _68645_/D : -25.062893
[setup in-reg] enable_cycle -> _68646_/D : -25.062893
[setup in-reg] enable_cycle -> _68647_/D : -25.062893
[setup in-reg] enable_cycle -> _68648_/D : -25.062893
[setup in-reg] enable_cycle -> _68649_/D : -25.062893
[setup in-reg] enable_cycle -> _68650_/D : -25.062893
[setup in-reg] enable_cycle -> _68651_/D : -25.062893
[setup in-reg] enable_cycle -> _68652_/D : -25.062893
[setup in-reg] enable_cycle -> _68653_/D : -25.062893
[setup in-reg] enable_cycle -> _68654_/D : -25.062893
[setup in-reg] enable_cycle -> _68655_/D : -25.062893
[setup in-reg] enable_cycle -> _68656_/D : -25.062893
[setup in-reg] enable_cycle -> _68657_/D : -25.062893
[setup in-reg] enable_cycle -> _68658_/D : -25.062893
[setup in-reg] enable_cycle -> _68659_/D : -25.062893
[setup in-reg] enable_cycle -> _68660_/D : -25.062893
[setup in-reg] enable_cycle -> _68661_/D : -25.062893
[setup in-reg] enable_cycle -> _68662_/D : -25.062893
[setup in-reg] enable_cycle -> _68663_/D : -25.062893
[setup in-reg] enable_cycle -> _68664_/D : -25.062893
[setup in-reg] enable_cycle -> _68665_/D : -25.062893
[setup in-reg] enable_cycle -> _68666_/D : -25.062893
[setup in-reg] enable_cycle -> _68667_/D : -25.062893
[setup in-reg] enable_cycle -> _68668_/D : -25.062893
[setup in-reg] enable_cycle -> _68669_/D : -25.062893
[setup in-reg] enable_cycle -> _68670_/D : -25.062893
[setup in-reg] enable_cycle -> _68693_/D : -25.062893
[setup in-reg] enable_cycle -> _68695_/D : -25.062893
[setup in-reg] enable_cycle -> _68697_/D : -25.062893
[setup in-reg] enable_cycle -> _68698_/D : -25.062893
[setup in-reg] enable_cycle -> _68700_/D : -25.062893
[setup in-reg] enable_cycle -> _68701_/D : -25.062893
[setup in-reg] enable_cycle -> _68702_/D : -25.062893
[setup in-reg] enable_cycle -> _68703_/D : -25.062893
[setup in-reg] enable_cycle -> _68704_/D : -25.062893
[setup in-reg] enable_cycle -> _68705_/D : -25.062893
[setup in-reg] enable_cycle -> _68735_/D : -25.062893
[setup in-reg] enable_cycle -> _68736_/D : -25.062893
[setup in-reg] enable_cycle -> _68737_/D : -25.062893
[setup in-reg] enable_cycle -> _68738_/D : -25.062893
[setup in-reg] enable_cycle -> _68739_/D : -25.062893
[setup in-reg] enable_cycle -> _68740_/D : -25.062893
[setup in-reg] enable_cycle -> _68741_/D : -25.062893
[setup in-reg] enable_cycle -> _68742_/D : -25.062893
[setup in-reg] enable_cycle -> _68743_/D : -25.062893
[setup in-reg] enable_cycle -> _68744_/D : -25.062893
[setup in-reg] enable_cycle -> _68745_/D : -25.062893
[setup in-reg] enable_cycle -> _68746_/D : -25.062893
[setup in-reg] enable_cycle -> _68747_/D : -25.062893
[setup in-reg] enable_cycle -> _68748_/D : -25.062893
[setup in-reg] enable_cycle -> _68749_/D : -25.062893
[setup in-reg] enable_cycle -> _68750_/D : -25.062893
[setup in-reg] enable_cycle -> _68751_/D : -25.062893
[setup in-reg] enable_cycle -> _68752_/D : -25.062893
[setup in-reg] enable_cycle -> _68753_/D : -25.062893
[setup in-reg] enable_cycle -> _68754_/D : -25.062893
[setup in-reg] enable_cycle -> _68755_/D : -25.062893
[setup in-reg] enable_cycle -> _68756_/D : -25.062893
[setup in-reg] enable_cycle -> _68757_/D : -25.062893
[setup in-reg] enable_cycle -> _68758_/D : -25.062893
[setup in-reg] enable_cycle -> _68759_/D : -25.062893
[setup in-reg] enable_cycle -> _68760_/D : -25.062893
[setup in-reg] enable_cycle -> _68761_/D : -25.062893
[setup in-reg] enable_cycle -> _68785_/D : -25.062893
[setup in-reg] enable_cycle -> _68786_/D : -25.062893
[setup in-reg] enable_cycle -> _68787_/D : -25.062893
[setup in-reg] enable_cycle -> _68788_/D : -25.062893
[setup in-reg] enable_cycle -> _68790_/D : -25.062893
[setup in-reg] enable_cycle -> _68791_/D : -25.062893
[setup in-reg] enable_cycle -> _68796_/D : -25.062893
[setup in-reg] enable_cycle -> _68797_/D : -25.062893
[setup in-reg] enable_cycle -> _68826_/D : -25.062893
[setup in-reg] enable_cycle -> _68827_/D : -25.062893
[setup in-reg] enable_cycle -> _68828_/D : -25.062893
[setup in-reg] enable_cycle -> _68829_/D : -25.062893
[setup in-reg] enable_cycle -> _68830_/D : -25.062893
[setup in-reg] enable_cycle -> _68831_/D : -25.062893
[setup in-reg] enable_cycle -> _68832_/D : -25.062893
[setup in-reg] enable_cycle -> _68833_/D : -25.062893
[setup in-reg] enable_cycle -> _68834_/D : -25.062893
[setup in-reg] enable_cycle -> _68835_/D : -25.062893
[setup in-reg] enable_cycle -> _68836_/D : -25.062893
[setup in-reg] enable_cycle -> _68837_/D : -25.062893
[setup in-reg] enable_cycle -> _68838_/D : -25.062893
[setup in-reg] enable_cycle -> _68839_/D : -25.062893
[setup in-reg] enable_cycle -> _68840_/D : -25.062893
[setup in-reg] enable_cycle -> _68841_/D : -25.062893
[setup in-reg] enable_cycle -> _68842_/D : -25.062893
[setup in-reg] enable_cycle -> _68843_/D : -25.062893
[setup in-reg] enable_cycle -> _68844_/D : -25.062893
[setup in-reg] enable_cycle -> _68845_/D : -25.062893
[setup in-reg] enable_cycle -> _68846_/D : -25.062893
[setup in-reg] enable_cycle -> _68847_/D : -25.062893
[setup in-reg] enable_cycle -> _68848_/D : -25.062893
[setup in-reg] enable_cycle -> _68849_/D : -25.062893
[setup in-reg] enable_cycle -> _68850_/D : -25.062893
[setup in-reg] enable_cycle -> _68851_/D : -25.062893
[setup in-reg] enable_cycle -> _68852_/D : -25.062893
[setup in-reg] enable_cycle -> _68877_/D : -25.062893
[setup in-reg] enable_cycle -> _68878_/D : -25.062893
[setup in-reg] enable_cycle -> _68879_/D : -25.062893
[setup in-reg] enable_cycle -> _68880_/D : -25.062893
[setup in-reg] enable_cycle -> _68881_/D : -25.062893
[setup in-reg] enable_cycle -> _68882_/D : -25.062893
[setup in-reg] enable_cycle -> _68883_/D : -25.062893
[setup in-reg] enable_cycle -> _68884_/D : -25.062893
[setup in-reg] enable_cycle -> _68917_/D : -25.062893
[setup in-reg] enable_cycle -> _68918_/D : -25.062893
[setup in-reg] enable_cycle -> _68919_/D : -25.062893
[setup in-reg] enable_cycle -> _68920_/D : -25.062893
[setup in-reg] enable_cycle -> _68921_/D : -25.062893
[setup in-reg] enable_cycle -> _68922_/D : -25.062893
[setup in-reg] enable_cycle -> _68923_/D : -25.062893
[setup in-reg] enable_cycle -> _68924_/D : -25.062893
[setup in-reg] enable_cycle -> _68925_/D : -25.062893
[setup in-reg] enable_cycle -> _68926_/D : -25.062893
[setup in-reg] enable_cycle -> _68927_/D : -25.062893
[setup in-reg] enable_cycle -> _68928_/D : -25.062893
[setup in-reg] enable_cycle -> _68929_/D : -25.062893
[setup in-reg] enable_cycle -> _68930_/D : -25.062893
[setup in-reg] enable_cycle -> _68931_/D : -25.062893
[setup in-reg] enable_cycle -> _68932_/D : -25.062893
[setup in-reg] enable_cycle -> _68933_/D : -25.062893
[setup in-reg] enable_cycle -> _68934_/D : -25.062893
[setup in-reg] enable_cycle -> _68935_/D : -25.062893
[setup in-reg] enable_cycle -> _68936_/D : -25.062893
[setup in-reg] enable_cycle -> _68937_/D : -25.062893
[setup in-reg] enable_cycle -> _68938_/D : -25.062893
[setup in-reg] enable_cycle -> _68939_/D : -25.062893
[setup in-reg] enable_cycle -> _68940_/D : -25.062893
[setup in-reg] enable_cycle -> _68941_/D : -25.062893
[setup in-reg] enable_cycle -> _68942_/D : -25.062893
[setup in-reg] enable_cycle -> _68943_/D : -25.062893
[setup in-reg] enable_cycle -> _68950_/D : -25.062893
[setup in-reg] enable_cycle -> _68951_/D : -25.062893
[setup in-reg] enable_cycle -> _68953_/D : -25.062893
[setup in-reg] enable_cycle -> _68955_/D : -25.062893
[setup in-reg] enable_cycle -> _69035_/D : -25.062893
[setup in-reg] enable_cycle -> _69036_/D : -25.062893
[setup in-reg] enable_cycle -> _69038_/D : -25.062893
[setup in-reg] enable_cycle -> _69045_/D : -25.062893
[setup in-reg] enable_cycle -> _69046_/D : -25.062893
[setup in-reg] enable_cycle -> _69047_/D : -25.062893
[setup in-reg] enable_cycle -> _69048_/D : -25.062893
[setup in-reg] enable_cycle -> _69049_/D : -25.062893
[setup in-reg] enable_cycle -> _69050_/D : -25.062893
[setup in-reg] enable_cycle -> _69051_/D : -25.062893
[setup in-reg] enable_cycle -> _69052_/D : -25.062893
[setup in-reg] enable_cycle -> _69053_/D : -25.062893
[setup in-reg] enable_cycle -> _69054_/D : -25.062893
[setup in-reg] enable_cycle -> _69055_/D : -25.062893
[setup in-reg] enable_cycle -> _69056_/D : -25.062893
[setup in-reg] enable_cycle -> _69057_/D : -25.062893
[setup in-reg] enable_cycle -> _69058_/D : -25.062893
[setup in-reg] enable_cycle -> _69059_/D : -25.062893
[setup in-reg] enable_cycle -> _69060_/D : -25.062893
[setup in-reg] enable_cycle -> _69061_/D : -25.062893
[setup in-reg] enable_cycle -> _69062_/D : -25.062893
[setup in-reg] enable_cycle -> _69063_/D : -25.062893
[setup in-reg] enable_cycle -> _69064_/D : -25.062893
[setup in-reg] enable_cycle -> _69065_/D : -25.062893
[setup in-reg] enable_cycle -> _69074_/D : -25.062893
[setup in-reg] enable_cycle -> _69075_/D : -25.062893
[setup in-reg] enable_cycle -> _69076_/D : -25.062893
[setup in-reg] enable_cycle -> _69077_/D : -25.062893
[setup in-reg] enable_cycle -> _69078_/D : -25.062893
[setup in-reg] enable_cycle -> _69079_/D : -25.062893
[setup in-reg] enable_cycle -> _69080_/D : -25.062893
[setup in-reg] enable_cycle -> _69081_/D : -25.062893
[setup in-reg] enable_cycle -> _69082_/D : -25.062893
[setup in-reg] enable_cycle -> _69083_/D : -25.062893
[setup in-reg] enable_cycle -> _69084_/D : -25.062893
[setup in-reg] enable_cycle -> _69085_/D : -25.062893
[setup in-reg] enable_cycle -> _69086_/D : -25.062893
[setup in-reg] enable_cycle -> _69087_/D : -25.062893
[setup in-reg] enable_cycle -> _69088_/D : -25.062893
[setup in-reg] enable_cycle -> _69089_/D : -25.062893
[setup in-reg] enable_cycle -> _69090_/D : -25.062893
[setup in-reg] enable_cycle -> _69091_/D : -25.062893
[setup in-reg] enable_cycle -> _69092_/D : -25.062893
[setup in-reg] enable_cycle -> _69093_/D : -25.062893
[setup in-reg] enable_cycle -> _69094_/D : -25.062893
[setup in-reg] enable_cycle -> _69095_/D : -25.062893
[setup in-reg] enable_cycle -> _69096_/D : -25.062893
[setup in-reg] enable_cycle -> _69097_/D : -25.062893
[setup in-reg] enable_cycle -> _69098_/D : -25.062893
[setup in-reg] enable_cycle -> _69099_/D : -25.062893
[setup in-reg] enable_cycle -> _69100_/D : -25.062893
[setup in-reg] enable_cycle -> _69101_/D : -25.062893
[setup in-reg] enable_cycle -> _69124_/D : -25.062893
[setup in-reg] enable_cycle -> _69125_/D : -25.062893
[setup in-reg] enable_cycle -> _69126_/D : -25.062893
[setup in-reg] enable_cycle -> _69127_/D : -25.062893
[setup in-reg] enable_cycle -> _69128_/D : -25.062893
[setup in-reg] enable_cycle -> _69129_/D : -25.062893
[setup in-reg] enable_cycle -> _69130_/D : -25.062893
[setup in-reg] enable_cycle -> _69131_/D : -25.062893
[setup in-reg] enable_cycle -> _69132_/D : -25.062893
[setup in-reg] enable_cycle -> _69133_/D : -25.062893
[setup in-reg] enable_cycle -> _69134_/D : -25.062893
[setup in-reg] enable_cycle -> _69135_/D : -25.062893
[setup in-reg] enable_cycle -> _69136_/D : -25.062893
[setup in-reg] enable_cycle -> _69137_/D : -25.062893
[setup in-reg] enable_cycle -> _69168_/D : -25.062893
[setup in-reg] enable_cycle -> _69169_/D : -25.062893
[setup in-reg] enable_cycle -> _69170_/D : -25.062893
[setup in-reg] enable_cycle -> _69171_/D : -25.062893
[setup in-reg] enable_cycle -> _69172_/D : -25.062893
[setup in-reg] enable_cycle -> _69173_/D : -25.062893
[setup in-reg] enable_cycle -> _69174_/D : -25.062893
[setup in-reg] enable_cycle -> _69175_/D : -25.062893
[setup in-reg] enable_cycle -> _69176_/D : -25.062893
[setup in-reg] enable_cycle -> _69177_/D : -25.062893
[setup in-reg] enable_cycle -> _69178_/D : -25.062893
[setup in-reg] enable_cycle -> _69179_/D : -25.062893
[setup in-reg] enable_cycle -> _69180_/D : -25.062893
[setup in-reg] enable_cycle -> _69181_/D : -25.062893
[setup in-reg] enable_cycle -> _69182_/D : -25.062893
[setup in-reg] enable_cycle -> _69183_/D : -25.062893
[setup in-reg] enable_cycle -> _69184_/D : -25.062893
[setup in-reg] enable_cycle -> _69185_/D : -25.062893
[setup in-reg] enable_cycle -> _69186_/D : -25.062893
[setup in-reg] enable_cycle -> _69187_/D : -25.062893
[setup in-reg] enable_cycle -> _69188_/D : -25.062893
[setup in-reg] enable_cycle -> _69189_/D : -25.062893
[setup in-reg] enable_cycle -> _69190_/D : -25.062893
[setup in-reg] enable_cycle -> _69191_/D : -25.062893
[setup in-reg] enable_cycle -> _69192_/D : -25.062893
[setup in-reg] enable_cycle -> _69193_/D : -25.062893
[setup in-reg] enable_cycle -> _69194_/D : -25.062893
[setup in-reg] enable_cycle -> _69195_/D : -25.062893
[setup in-reg] enable_cycle -> _69220_/D : -25.062893
[setup in-reg] enable_cycle -> _69222_/D : -25.062893
[setup in-reg] enable_cycle -> _69227_/D : -25.062893
[setup in-reg] enable_cycle -> _69262_/D : -25.062893
[setup in-reg] enable_cycle -> _69263_/D : -25.062893
[setup in-reg] enable_cycle -> _69264_/D : -25.062893
[setup in-reg] enable_cycle -> _69265_/D : -25.062893
[setup in-reg] enable_cycle -> _69266_/D : -25.062893
[setup in-reg] enable_cycle -> _69267_/D : -25.062893
[setup in-reg] enable_cycle -> _69268_/D : -25.062893
[setup in-reg] enable_cycle -> _69269_/D : -25.062893
[setup in-reg] enable_cycle -> _69309_/D : -25.062893
[setup in-reg] enable_cycle -> _69310_/D : -25.062893
[setup in-reg] enable_cycle -> _69311_/D : -25.062893
[setup in-reg] enable_cycle -> _69312_/D : -25.062893
[setup in-reg] enable_cycle -> _69313_/D : -25.062893
[setup in-reg] enable_cycle -> _69314_/D : -25.062893
[setup in-reg] enable_cycle -> _69315_/D : -25.062893
[setup in-reg] enable_cycle -> _69316_/D : -25.062893
[setup in-reg] enable_cycle -> _69317_/D : -25.062893
[setup in-reg] enable_cycle -> _69318_/D : -25.062893
[setup in-reg] enable_cycle -> _69319_/D : -25.062893
[setup in-reg] enable_cycle -> _69320_/D : -25.062893
[setup in-reg] enable_cycle -> _69321_/D : -25.062893
[setup in-reg] enable_cycle -> _69322_/D : -25.062893
[setup in-reg] enable_cycle -> _69323_/D : -25.062893
[setup in-reg] enable_cycle -> _69324_/D : -25.062893
[setup in-reg] enable_cycle -> _69325_/D : -25.062893
[setup in-reg] enable_cycle -> _69326_/D : -25.062893
[setup in-reg] enable_cycle -> _69327_/D : -25.062893
[setup in-reg] enable_cycle -> _69328_/D : -25.062893
[setup in-reg] enable_cycle -> _69351_/D : -25.062893
[setup in-reg] enable_cycle -> _69354_/D : -25.062893
[setup in-reg] enable_cycle -> _69355_/D : -25.062893
[setup in-reg] enable_cycle -> _69356_/D : -25.062893
[setup in-reg] enable_cycle -> _69357_/D : -25.062893
[setup in-reg] enable_cycle -> _69358_/D : -25.062893
[setup in-reg] enable_cycle -> _69359_/D : -25.062893
[setup in-reg] enable_cycle -> _69360_/D : -25.062893
[setup in-reg] enable_cycle -> _69361_/D : -25.062893
[setup in-reg] enable_cycle -> _69362_/D : -25.062893
[setup in-reg] enable_cycle -> _69395_/D : -25.062893
[setup in-reg] enable_cycle -> _69396_/D : -25.062893
[setup in-reg] enable_cycle -> _69397_/D : -25.062893
[setup in-reg] enable_cycle -> _69398_/D : -25.062893
[setup in-reg] enable_cycle -> _69399_/D : -25.062893
[setup in-reg] enable_cycle -> _69400_/D : -25.062893
[setup in-reg] enable_cycle -> _69401_/D : -25.062893
[setup in-reg] enable_cycle -> _69402_/D : -25.062893
[setup in-reg] enable_cycle -> _69446_/D : -25.062893
[setup in-reg] enable_cycle -> _69447_/D : -25.062893
[setup in-reg] enable_cycle -> _69448_/D : -25.062893
[setup in-reg] enable_cycle -> _69449_/D : -25.062893
[setup in-reg] enable_cycle -> _69450_/D : -25.062893
[setup in-reg] enable_cycle -> _69451_/D : -25.062893
[setup in-reg] enable_cycle -> _69452_/D : -25.062893
[setup in-reg] enable_cycle -> _69453_/D : -25.062893
[setup in-reg] enable_cycle -> _69454_/D : -25.062893
[setup in-reg] enable_cycle -> _69455_/D : -25.062893
[setup in-reg] enable_cycle -> _69456_/D : -25.062893
[setup in-reg] enable_cycle -> _69457_/D : -25.062893
[setup in-reg] enable_cycle -> _69458_/D : -25.062893
[setup in-reg] enable_cycle -> _69459_/D : -25.062893
[setup in-reg] enable_cycle -> _69460_/D : -25.062893
[setup in-reg] enable_cycle -> _69461_/D : -25.062893
[setup in-reg] enable_cycle -> _69462_/D : -25.062893
[setup in-reg] enable_cycle -> _69463_/D : -25.062893
[setup in-reg] enable_cycle -> _69464_/D : -25.062893
[setup in-reg] enable_cycle -> _69465_/D : -25.062893
[setup in-reg] enable_cycle -> _69488_/D : -25.062893
[setup in-reg] enable_cycle -> _69491_/D : -25.062893
[setup in-reg] enable_cycle -> _69493_/D : -25.062893
[setup in-reg] enable_cycle -> _69494_/D : -25.062893
[setup in-reg] enable_cycle -> _69496_/D : -25.062893
[setup in-reg] enable_cycle -> _69500_/D : -25.062893
[setup in-reg] enable_cycle -> _69532_/D : -25.062893
[setup in-reg] enable_cycle -> _69533_/D : -25.062893
[setup in-reg] enable_cycle -> _69534_/D : -25.062893
[setup in-reg] enable_cycle -> _69535_/D : -25.062893
[setup in-reg] enable_cycle -> _69536_/D : -25.062893
[setup in-reg] enable_cycle -> _69537_/D : -25.062893
[setup in-reg] enable_cycle -> _69538_/D : -25.062893
[setup in-reg] enable_cycle -> _69539_/D : -25.062893
[setup in-reg] enable_cycle -> _69564_/D : -25.062893
[setup in-reg] enable_cycle -> _69568_/D : -25.062893
[setup in-reg] enable_cycle -> _69569_/D : -25.062893
[setup in-reg] enable_cycle -> _69570_/D : -25.062893
[setup in-reg] enable_cycle -> _69572_/D : -25.062893
[setup in-reg] enable_cycle -> _69573_/D : -25.062893
[setup in-reg] enable_cycle -> _69574_/D : -25.062893
[setup in-reg] enable_cycle -> _69575_/D : -25.062893
[setup in-reg] enable_cycle -> _69576_/D : -25.062893
[setup in-reg] enable_cycle -> _69577_/D : -25.062893
[setup in-reg] enable_cycle -> _69578_/D : -25.062893
[setup in-reg] enable_cycle -> _69580_/D : -25.062893
[setup in-reg] enable_cycle -> _69581_/D : -25.062893
[setup in-reg] enable_cycle -> _69585_/D : -25.062893
[setup in-reg] enable_cycle -> _69589_/D : -25.062893
[setup in-reg] enable_cycle -> _69590_/D : -25.062893
[setup in-reg] enable_cycle -> _69591_/D : -25.062893
[setup in-reg] enable_cycle -> _69593_/D : -25.062893
[setup in-reg] enable_cycle -> _69594_/D : -25.062893
[setup in-reg] enable_cycle -> _69595_/D : -25.062893
[setup in-reg] enable_cycle -> _69596_/D : -25.062893
[setup in-reg] enable_cycle -> _69597_/D : -25.062893
[setup in-reg] enable_cycle -> _69599_/D : -25.062893
[setup in-reg] enable_cycle -> _69600_/D : -25.062893
[setup in-reg] enable_cycle -> _69603_/D : -25.062893
[setup in-reg] enable_cycle -> _69604_/D : -25.062893
[setup in-reg] enable_cycle -> _69605_/D : -25.062893
[setup in-reg] enable_cycle -> _69606_/D : -25.062893
[setup in-reg] enable_cycle -> _69607_/D : -25.062893
[setup in-reg] enable_cycle -> _69608_/D : -25.062893
[setup in-reg] enable_cycle -> _69609_/D : -25.062893
[setup in-reg] enable_cycle -> _69610_/D : -25.062893
[setup in-reg] enable_cycle -> _69612_/D : -25.062893
[setup in-reg] enable_cycle -> _69613_/D : -25.062893
[setup in-reg] enable_cycle -> _69616_/D : -25.062893
[setup in-reg] enable_cycle -> _69618_/D : -25.062893
[setup in-reg] enable_cycle -> _69621_/D : -25.062893
[setup in-reg] enable_cycle -> _69622_/D : -25.062893
[setup in-reg] enable_cycle -> _69623_/D : -25.062893
[setup in-reg] enable_cycle -> _69625_/D : -25.062893
[setup in-reg] enable_cycle -> _69626_/D : -25.062893
[setup in-reg] enable_cycle -> _69627_/D : -25.062893
[setup in-reg] enable_cycle -> _69629_/D : -25.062893
[setup in-reg] enable_cycle -> _69630_/D : -25.062893
[setup in-reg] enable_cycle -> _69631_/D : -25.062893
[setup in-reg] enable_cycle -> _69634_/D : -25.062893
[setup in-reg] enable_cycle -> _69635_/D : -25.062893
[setup in-reg] enable_cycle -> _69636_/D : -25.062893
[setup in-reg] enable_cycle -> _69638_/D : -25.062893
[setup in-reg] enable_cycle -> _69640_/D : -25.062893
[setup in-reg] enable_cycle -> _69641_/D : -25.062893
[setup in-reg] enable_cycle -> _69642_/D : -25.062893
[setup in-reg] enable_cycle -> _69643_/D : -25.062893
[setup in-reg] enable_cycle -> _69644_/D : -25.062893
[setup in-reg] enable_cycle -> _69645_/D : -25.062893
[setup in-reg] enable_cycle -> _69646_/D : -25.062893
[setup in-reg] enable_cycle -> _69647_/D : -25.062893
[setup in-reg] enable_cycle -> _69648_/D : -25.062893
[setup in-reg] enable_cycle -> _69649_/D : -25.062893
[setup in-reg] enable_cycle -> _69650_/D : -25.062893
[setup in-reg] enable_cycle -> _69651_/D : -25.062893
[setup in-reg] enable_cycle -> _69652_/D : -25.062893
[setup in-reg] enable_cycle -> _69653_/D : -25.062893
[setup in-reg] enable_cycle -> _69654_/D : -25.062893
[setup in-reg] enable_cycle -> _69655_/D : -25.062893
[setup in-reg] enable_cycle -> _69656_/D : -25.062893
[setup in-reg] enable_cycle -> _69657_/D : -25.062893
[setup in-reg] enable_cycle -> _69658_/D : -25.062893
[setup in-reg] enable_cycle -> _69659_/D : -25.062893
[setup in-reg] enable_cycle -> _69660_/D : -25.062893
[setup in-reg] enable_cycle -> _69683_/D : -25.062893
[setup in-reg] enable_cycle -> _69684_/D : -25.062893
[setup in-reg] enable_cycle -> _69685_/D : -25.062893
[setup in-reg] enable_cycle -> _69686_/D : -25.062893
[setup in-reg] enable_cycle -> _69687_/D : -25.062893
[setup in-reg] enable_cycle -> _69688_/D : -25.062893
[setup in-reg] enable_cycle -> _69689_/D : -25.062893
[setup in-reg] enable_cycle -> _69691_/D : -25.062893
[setup in-reg] enable_cycle -> _69692_/D : -25.062893
[setup in-reg] enable_cycle -> _69693_/D : -25.062893
[setup in-reg] enable_cycle -> _69694_/D : -25.062893
[setup in-reg] enable_cycle -> _69696_/D : -25.062893
[setup in-reg] enable_cycle -> _69727_/D : -25.062893
[setup in-reg] enable_cycle -> _69728_/D : -25.062893
[setup in-reg] enable_cycle -> _69729_/D : -25.062893
[setup in-reg] enable_cycle -> _69730_/D : -25.062893
[setup in-reg] enable_cycle -> _69731_/D : -25.062893
[setup in-reg] enable_cycle -> _69732_/D : -25.062893
[setup in-reg] enable_cycle -> _69733_/D : -25.062893
[setup in-reg] enable_cycle -> _69734_/D : -25.062893
[setup in-reg] enable_cycle -> _69736_/D : -25.062893
[setup in-reg] enable_cycle -> _69738_/D : -25.062893
[setup in-reg] enable_cycle -> _69740_/D : -25.062893
[setup in-reg] enable_cycle -> _69741_/D : -25.062893
[setup in-reg] enable_cycle -> _69742_/D : -25.062893
[setup in-reg] enable_cycle -> _69743_/D : -25.062893
[setup in-reg] enable_cycle -> _69744_/D : -25.062893
[setup in-reg] enable_cycle -> _69745_/D : -25.062893
[setup in-reg] enable_cycle -> _69746_/D : -25.062893
[setup in-reg] enable_cycle -> _69747_/D : -25.062893
[setup in-reg] enable_cycle -> _69751_/D : -25.062893
[setup in-reg] enable_cycle -> _69752_/D : -25.062893
[setup in-reg] enable_cycle -> _69753_/D : -25.062893
[setup in-reg] enable_cycle -> _69754_/D : -25.062893
[setup in-reg] enable_cycle -> _69756_/D : -25.062893
[setup in-reg] enable_cycle -> _69757_/D : -25.062893
[setup in-reg] enable_cycle -> _69759_/D : -25.062893
[setup in-reg] enable_cycle -> _69760_/D : -25.062893
[setup in-reg] enable_cycle -> _69782_/D : -25.062893
[setup in-reg] enable_cycle -> _69783_/D : -25.062893
[setup in-reg] enable_cycle -> _69786_/D : -25.062893
[setup in-reg] enable_cycle -> _69787_/D : -25.062893
[setup in-reg] enable_cycle -> _69788_/D : -25.062893
[setup in-reg] enable_cycle -> _69789_/D : -25.062893
[setup in-reg] enable_cycle -> _69792_/D : -25.062893
[setup in-reg] enable_cycle -> _69793_/D : -25.062893
[setup in-reg] enable_cycle -> _69795_/D : -25.062893
[setup in-reg] enable_cycle -> _69796_/D : -25.062893
[setup in-reg] enable_cycle -> _69797_/D : -25.062893
[setup in-reg] enable_cycle -> _69798_/D : -25.062893
[setup in-reg] enable_cycle -> _69799_/D : -25.062893
[setup in-reg] enable_cycle -> _69800_/D : -25.062893
[setup in-reg] enable_cycle -> _69801_/D : -25.062893
[setup in-reg] enable_cycle -> _69805_/D : -25.062893
[setup in-reg] enable_cycle -> _69807_/D : -25.062893
[setup in-reg] enable_cycle -> _69808_/D : -25.062893
[setup in-reg] enable_cycle -> _69810_/D : -25.062893
[setup in-reg] enable_cycle -> _69811_/D : -25.062893
[setup in-reg] enable_cycle -> _69812_/D : -25.062893
[setup in-reg] enable_cycle -> _69813_/D : -25.062893
[setup in-reg] enable_cycle -> _69814_/D : -25.062893
[setup in-reg] enable_cycle -> _69815_/D : -25.062893
[setup in-reg] enable_cycle -> _69816_/D : -25.062893
[setup in-reg] enable_cycle -> _69817_/D : -25.062893
[setup in-reg] enable_cycle -> _69818_/D : -25.062893
[setup in-reg] enable_cycle -> _69819_/D : -25.062893
[setup in-reg] enable_cycle -> _69820_/D : -25.062893
[setup in-reg] enable_cycle -> _69821_/D : -25.062893
[setup in-reg] enable_cycle -> _69822_/D : -25.062893
[setup in-reg] enable_cycle -> _69823_/D : -25.062893
[setup in-reg] enable_cycle -> _69824_/D : -25.062893
[setup in-reg] enable_cycle -> _69825_/D : -25.062893
[setup in-reg] enable_cycle -> _69826_/D : -25.062893
[setup in-reg] enable_cycle -> _69827_/D : -25.062893
[setup in-reg] enable_cycle -> _69828_/D : -25.062893
[setup in-reg] enable_cycle -> _69829_/D : -25.062893
[setup in-reg] enable_cycle -> _69855_/D : -25.062893
[setup in-reg] enable_cycle -> _69856_/D : -25.062893
[setup in-reg] enable_cycle -> _69858_/D : -25.062893
[setup in-reg] enable_cycle -> _69859_/D : -25.062893
[setup in-reg] enable_cycle -> _69861_/D : -25.062893
[setup in-reg] enable_cycle -> _69862_/D : -25.062893
[setup in-reg] enable_cycle -> _69863_/D : -25.062893
[setup in-reg] enable_cycle -> _69896_/D : -25.062893
[setup in-reg] enable_cycle -> _69897_/D : -25.062893
[setup in-reg] enable_cycle -> _69898_/D : -25.062893
[setup in-reg] enable_cycle -> _69899_/D : -25.062893
[setup in-reg] enable_cycle -> _69900_/D : -25.062893
[setup in-reg] enable_cycle -> _69901_/D : -25.062893
[setup in-reg] enable_cycle -> _69902_/D : -25.062893
[setup in-reg] enable_cycle -> _69903_/D : -25.062893
[setup in-reg] enable_cycle -> _65615_/D : -25.015024
[setup in-reg] enable_cycle -> _65616_/D : -25.015024
[setup in-reg] enable_cycle -> _65617_/D : -25.015024
[setup in-reg] enable_cycle -> _65618_/D : -25.015024
[setup in-reg] enable_cycle -> _65619_/D : -25.015024
[setup in-reg] enable_cycle -> _65620_/D : -25.015024
[setup in-reg] enable_cycle -> _65621_/D : -25.015024
[setup in-reg] enable_cycle -> _65622_/D : -25.015024
[setup in-reg] enable_cycle -> _65623_/D : -25.015024
[setup in-reg] enable_cycle -> _65624_/D : -25.015024
[setup in-reg] enable_cycle -> _65625_/D : -25.015024
[setup in-reg] enable_cycle -> _65626_/D : -25.015024
[setup in-reg] enable_cycle -> _65627_/D : -25.015024
[setup in-reg] enable_cycle -> _65628_/D : -25.015024
[setup in-reg] enable_cycle -> _65629_/D : -25.015024
[setup in-reg] enable_cycle -> _69232_/D : -24.993820
[setup in-reg] enable_cycle -> _63943_/D : -24.867275
[setup in-reg] enable_cycle -> _64061_/D : -24.867275
[setup in-reg] enable_cycle -> _64742_/D : -24.867275
[setup in-reg] enable_cycle -> _64933_/D : -24.867275
[setup in-reg] enable_cycle -> _65333_/D : -24.867275
[setup in-reg] enable_cycle -> _65526_/D : -24.867275
[setup in-reg] enable_cycle -> _66061_/D : -24.867275
[setup in-reg] enable_cycle -> _66125_/D : -24.867275
[setup in-reg] enable_cycle -> _66253_/D : -24.867275
[setup in-reg] enable_cycle -> _66301_/D : -24.867275
[setup in-reg] enable_cycle -> _66456_/D : -24.867275
[setup in-reg] enable_cycle -> _66538_/D : -24.867275
[setup in-reg] enable_cycle -> _66620_/D : -24.867275
[setup in-reg] enable_cycle -> _66784_/D : -24.867275
[setup in-reg] enable_cycle -> _66866_/D : -24.867275
[setup in-reg] enable_cycle -> _66931_/D : -24.867275
[setup in-reg] enable_cycle -> _67007_/D : -24.867275
[setup in-reg] enable_cycle -> _67092_/D : -24.867275
[setup in-reg] enable_cycle -> _67177_/D : -24.867275
[setup in-reg] enable_cycle -> _67262_/D : -24.867275
[setup in-reg] enable_cycle -> _67347_/D : -24.867275
[setup in-reg] enable_cycle -> _67432_/D : -24.867275
[setup in-reg] enable_cycle -> _67517_/D : -24.867275
[setup in-reg] enable_cycle -> _67584_/D : -24.867275
[setup in-reg] enable_cycle -> _67663_/D : -24.867275
[setup in-reg] enable_cycle -> _67751_/D : -24.867275
[setup in-reg] enable_cycle -> _67839_/D : -24.867275
[setup in-reg] enable_cycle -> _67927_/D : -24.867275
[setup in-reg] enable_cycle -> _68015_/D : -24.867275
[setup in-reg] enable_cycle -> _68103_/D : -24.867275
[setup in-reg] enable_cycle -> _68191_/D : -24.867275
[setup in-reg] enable_cycle -> _68260_/D : -24.867275
[setup in-reg] enable_cycle -> _68342_/D : -24.867275
[setup in-reg] enable_cycle -> _68433_/D : -24.867275
[setup in-reg] enable_cycle -> _68524_/D : -24.867275
[setup in-reg] enable_cycle -> _69138_/D : -24.867275
[setup in-reg] enable_cycle -> _69697_/D : -24.867275
[setup in-reg] enable_cycle -> _63998_/D : -22.956511
[setup in-reg] enable_cycle -> _64156_/D : -22.956511
[setup in-reg] enable_cycle -> _64220_/D : -22.956511
[setup in-reg] enable_cycle -> _64370_/D : -22.956511
[setup in-reg] enable_cycle -> _64463_/D : -22.956511
[setup in-reg] enable_cycle -> _64468_/D : -22.956511
[setup in-reg] enable_cycle -> _64566_/D : -22.956511
[setup in-reg] enable_cycle -> _64737_/D : -22.956511
[setup in-reg] enable_cycle -> _64739_/D : -22.956511
[setup in-reg] enable_cycle -> _65027_/D : -22.956511
[setup in-reg] enable_cycle -> _65424_/D : -22.956511
[setup in-reg] enable_cycle -> _65517_/D : -22.956511
[setup in-reg] enable_cycle -> _65926_/D : -22.956511
[setup in-reg] enable_cycle -> _65987_/D : -22.956511
[setup in-reg] enable_cycle -> _65993_/D : -22.956511
[setup in-reg] enable_cycle -> _66122_/D : -22.956511
[setup in-reg] enable_cycle -> _66294_/D : -22.956511
[setup in-reg] enable_cycle -> _66613_/D : -22.956511
[setup in-reg] enable_cycle -> _66614_/D : -22.956511
[setup in-reg] enable_cycle -> _66775_/D : -22.956511
[setup in-reg] enable_cycle -> _66997_/D : -22.956511
[setup in-reg] enable_cycle -> _67171_/D : -22.956511
[setup in-reg] enable_cycle -> _67253_/D : -22.956511
[setup in-reg] enable_cycle -> _67341_/D : -22.956511
[setup in-reg] enable_cycle -> _67424_/D : -22.956511
[setup in-reg] enable_cycle -> _67509_/D : -22.956511
[setup in-reg] enable_cycle -> _67654_/D : -22.956511
[setup in-reg] enable_cycle -> _67744_/D : -22.956511
[setup in-reg] enable_cycle -> _67745_/D : -22.956511
[setup in-reg] enable_cycle -> _67829_/D : -22.956511
[setup in-reg] enable_cycle -> _67832_/D : -22.956511
[setup in-reg] enable_cycle -> _68093_/D : -22.956511
[setup in-reg] enable_cycle -> _68094_/D : -22.956511
[setup in-reg] enable_cycle -> _68182_/D : -22.956511
[setup in-reg] enable_cycle -> _68250_/D : -22.956511
[setup in-reg] enable_cycle -> _68251_/D : -22.956511
[setup in-reg] enable_cycle -> _68254_/D : -22.956511
[setup in-reg] enable_cycle -> _68335_/D : -22.956511
[setup in-reg] enable_cycle -> _68336_/D : -22.956511
[setup in-reg] enable_cycle -> _68424_/D : -22.956511
[setup in-reg] enable_cycle -> _68515_/D : -22.956511
[setup in-reg] enable_cycle -> _68606_/D : -22.956511
[setup in-reg] enable_cycle -> _68609_/D : -22.956511
[setup in-reg] enable_cycle -> _69039_/D : -22.956511
[setup in-reg] enable_cycle -> _69567_/D : -22.956511
[setup in-reg] enable_cycle -> _69571_/D : -22.956511
[setup in-reg] enable_cycle -> _69592_/D : -22.956511
[setup in-reg] enable_cycle -> _69619_/D : -22.956511
[setup in-reg] enable_cycle -> _69739_/D : -22.956511
[setup in-reg] enable_cycle -> _69785_/D : -22.956511
