
===========================================================================
Violator List
============================================================================
[setup in-reg] enable_cycle -> _86956_/D : -219.679565
[setup in-reg] enable_cycle -> _85786_/D : -219.652496
[setup in-reg] enable_cycle -> _86437_/D : -219.652496
[setup in-reg] enable_cycle -> _86446_/D : -219.652496
[setup in-reg] enable_cycle -> _86866_/D : -219.652496
[setup in-reg] enable_cycle -> _88985_/D : -219.652496
[setup in-reg] enable_cycle -> _89558_/D : -219.652496
[setup in-reg] enable_cycle -> _89564_/D : -219.652496
[setup in-reg] enable_cycle -> _91067_/D : -219.652496
[setup in-reg] enable_cycle -> _91072_/D : -219.652496
[setup in-reg] enable_cycle -> _91093_/D : -219.652496
[setup in-reg] enable_cycle -> _91432_/D : -219.652496
[setup in-reg] enable_cycle -> _86662_/D : -219.530106
[setup in-reg] enable_cycle -> _85647_/D : -218.788300
[setup in-reg] enable_cycle -> _86106_/D : -218.788300
[setup in-reg] enable_cycle -> _90523_/D : -218.788300
[setup in-reg] enable_cycle -> _86676_/D : -218.764679
[setup in-reg] enable_cycle -> _85637_/D : -218.072815
[setup in-reg] enable_cycle -> _90860_/D : -218.072815
[setup in-reg] enable_cycle -> _86764_/D : -217.579681
[setup in-reg] enable_cycle -> _85643_/D : -217.346985
[setup in-reg] enable_cycle -> _86757_/D : -217.346985
[setup in-reg] enable_cycle -> _87243_/D : -217.346985
[setup in-reg] enable_cycle -> _89379_/D : -217.346985
[setup in-reg] enable_cycle -> _90060_/D : -217.346985
[setup in-reg] enable_cycle -> _90858_/D : -217.346985
[setup in-reg] enable_cycle -> _91323_/D : -217.346985
[setup in-reg] enable_cycle -> _85636_/D : -216.919418
[setup in-reg] enable_cycle -> _85788_/D : -216.919418
[setup in-reg] enable_cycle -> _86099_/D : -216.919418
[setup in-reg] enable_cycle -> _87250_/D : -216.919418
[setup in-reg] enable_cycle -> _88171_/D : -216.919418
[setup in-reg] enable_cycle -> _88175_/D : -216.919418
[setup in-reg] enable_cycle -> _88253_/D : -216.919418
[setup in-reg] enable_cycle -> _88417_/D : -216.919418
[setup in-reg] enable_cycle -> _88421_/D : -216.919418
[setup in-reg] enable_cycle -> _88622_/D : -216.919418
[setup in-reg] enable_cycle -> _88900_/D : -216.919418
[setup in-reg] enable_cycle -> _89064_/D : -216.919418
[setup in-reg] enable_cycle -> _89382_/D : -216.919418
[setup in-reg] enable_cycle -> _89388_/D : -216.919418
[setup in-reg] enable_cycle -> _89953_/D : -216.919418
[setup in-reg] enable_cycle -> _90063_/D : -216.919418
[setup in-reg] enable_cycle -> _90346_/D : -216.919418
[setup in-reg] enable_cycle -> _90768_/D : -216.919418
[setup in-reg] enable_cycle -> _90941_/D : -216.919418
[setup in-reg] enable_cycle -> _90998_/D : -216.919418
[setup in-reg] enable_cycle -> _91088_/D : -216.919418
[setup in-reg] enable_cycle -> _91330_/D : -216.919418
[setup in-reg] enable_cycle -> _91427_/D : -216.919418
[setup in-reg] enable_cycle -> _91497_/D : -216.919418
[setup in-reg] enable_cycle -> _86002_/D : -216.917145
[setup in-reg] enable_cycle -> _89732_/D : -216.917145
[setup in-reg] enable_cycle -> _90434_/D : -216.917145
[setup in-reg] enable_cycle -> _86569_/D : -216.866119
[setup in-reg] enable_cycle -> _91137_/D : -216.866119
[setup in-reg] enable_cycle -> _88730_/D : -216.728363
[setup in-reg] enable_cycle -> _89061_/D : -216.728363
[setup in-reg] enable_cycle -> _89650_/D : -216.728363
[setup in-reg] enable_cycle -> _91141_/D : -216.728363
[setup in-reg] enable_cycle -> _85640_/D : -216.721695
[setup in-reg] enable_cycle -> _86295_/D : -216.721695
[setup in-reg] enable_cycle -> _86301_/D : -216.721695
[setup in-reg] enable_cycle -> _86960_/D : -216.721695
[setup in-reg] enable_cycle -> _88815_/D : -216.721695
[setup in-reg] enable_cycle -> _88819_/D : -216.721695
[setup in-reg] enable_cycle -> _90340_/D : -216.721695
[setup in-reg] enable_cycle -> _91069_/D : -216.721695
[setup in-reg] enable_cycle -> _91135_/D : -216.721695
[setup in-reg] enable_cycle -> _85635_/D : -216.691086
[setup in-reg] enable_cycle -> _85646_/D : -216.691086
[setup in-reg] enable_cycle -> _85793_/D : -216.691086
[setup in-reg] enable_cycle -> _85907_/D : -216.691086
[setup in-reg] enable_cycle -> _85908_/D : -216.691086
[setup in-reg] enable_cycle -> _85909_/D : -216.691086
[setup in-reg] enable_cycle -> _85913_/D : -216.691086
[setup in-reg] enable_cycle -> _86100_/D : -216.691086
[setup in-reg] enable_cycle -> _86195_/D : -216.691086
[setup in-reg] enable_cycle -> _86196_/D : -216.691086
[setup in-reg] enable_cycle -> _86199_/D : -216.691086
[setup in-reg] enable_cycle -> _86203_/D : -216.691086
[setup in-reg] enable_cycle -> _86204_/D : -216.691086
[setup in-reg] enable_cycle -> _86292_/D : -216.691086
[setup in-reg] enable_cycle -> _86293_/D : -216.691086
[setup in-reg] enable_cycle -> _86303_/D : -216.691086
[setup in-reg] enable_cycle -> _86435_/D : -216.691086
[setup in-reg] enable_cycle -> _86436_/D : -216.691086
[setup in-reg] enable_cycle -> _86442_/D : -216.691086
[setup in-reg] enable_cycle -> _86557_/D : -216.691086
[setup in-reg] enable_cycle -> _86558_/D : -216.691086
[setup in-reg] enable_cycle -> _86568_/D : -216.691086
[setup in-reg] enable_cycle -> _86658_/D : -216.691086
[setup in-reg] enable_cycle -> _86661_/D : -216.691086
[setup in-reg] enable_cycle -> _86664_/D : -216.691086
[setup in-reg] enable_cycle -> _86669_/D : -216.691086
[setup in-reg] enable_cycle -> _86759_/D : -216.691086
[setup in-reg] enable_cycle -> _86760_/D : -216.691086
[setup in-reg] enable_cycle -> _86762_/D : -216.691086
[setup in-reg] enable_cycle -> _86763_/D : -216.691086
[setup in-reg] enable_cycle -> _86965_/D : -216.691086
[setup in-reg] enable_cycle -> _87057_/D : -216.691086
[setup in-reg] enable_cycle -> _87058_/D : -216.691086
[setup in-reg] enable_cycle -> _87061_/D : -216.691086
[setup in-reg] enable_cycle -> _87064_/D : -216.691086
[setup in-reg] enable_cycle -> _87068_/D : -216.691086
[setup in-reg] enable_cycle -> _87220_/D : -216.691086
[setup in-reg] enable_cycle -> _87221_/D : -216.691086
[setup in-reg] enable_cycle -> _87231_/D : -216.691086
[setup in-reg] enable_cycle -> _87249_/D : -216.691086
[setup in-reg] enable_cycle -> _87251_/D : -216.691086
[setup in-reg] enable_cycle -> _88092_/D : -216.691086
[setup in-reg] enable_cycle -> _88096_/D : -216.691086
[setup in-reg] enable_cycle -> _88169_/D : -216.691086
[setup in-reg] enable_cycle -> _88251_/D : -216.691086
[setup in-reg] enable_cycle -> _88252_/D : -216.691086
[setup in-reg] enable_cycle -> _88254_/D : -216.691086
[setup in-reg] enable_cycle -> _88256_/D : -216.691086
[setup in-reg] enable_cycle -> _88334_/D : -216.691086
[setup in-reg] enable_cycle -> _88422_/D : -216.691086
[setup in-reg] enable_cycle -> _88499_/D : -216.691086
[setup in-reg] enable_cycle -> _88502_/D : -216.691086
[setup in-reg] enable_cycle -> _88506_/D : -216.691086
[setup in-reg] enable_cycle -> _88806_/D : -216.691086
[setup in-reg] enable_cycle -> _88808_/D : -216.691086
[setup in-reg] enable_cycle -> _88813_/D : -216.691086
[setup in-reg] enable_cycle -> _88893_/D : -216.691086
[setup in-reg] enable_cycle -> _89067_/D : -216.691086
[setup in-reg] enable_cycle -> _89381_/D : -216.691086
[setup in-reg] enable_cycle -> _89383_/D : -216.691086
[setup in-reg] enable_cycle -> _89389_/D : -216.691086
[setup in-reg] enable_cycle -> _89468_/D : -216.691086
[setup in-reg] enable_cycle -> _89473_/D : -216.691086
[setup in-reg] enable_cycle -> _89559_/D : -216.691086
[setup in-reg] enable_cycle -> _89565_/D : -216.691086
[setup in-reg] enable_cycle -> _89568_/D : -216.691086
[setup in-reg] enable_cycle -> _89646_/D : -216.691086
[setup in-reg] enable_cycle -> _89742_/D : -216.691086
[setup in-reg] enable_cycle -> _89827_/D : -216.691086
[setup in-reg] enable_cycle -> _89954_/D : -216.691086
[setup in-reg] enable_cycle -> _90064_/D : -216.691086
[setup in-reg] enable_cycle -> _90066_/D : -216.691086
[setup in-reg] enable_cycle -> _90068_/D : -216.691086
[setup in-reg] enable_cycle -> _90073_/D : -216.691086
[setup in-reg] enable_cycle -> _90163_/D : -216.691086
[setup in-reg] enable_cycle -> _90248_/D : -216.691086
[setup in-reg] enable_cycle -> _90338_/D : -216.691086
[setup in-reg] enable_cycle -> _90520_/D : -216.691086
[setup in-reg] enable_cycle -> _90526_/D : -216.691086
[setup in-reg] enable_cycle -> _90527_/D : -216.691086
[setup in-reg] enable_cycle -> _90655_/D : -216.691086
[setup in-reg] enable_cycle -> _90863_/D : -216.691086
[setup in-reg] enable_cycle -> _90871_/D : -216.691086
[setup in-reg] enable_cycle -> _90955_/D : -216.691086
[setup in-reg] enable_cycle -> _90957_/D : -216.691086
[setup in-reg] enable_cycle -> _90960_/D : -216.691086
[setup in-reg] enable_cycle -> _90963_/D : -216.691086
[setup in-reg] enable_cycle -> _90996_/D : -216.691086
[setup in-reg] enable_cycle -> _90999_/D : -216.691086
[setup in-reg] enable_cycle -> _91001_/D : -216.691086
[setup in-reg] enable_cycle -> _91004_/D : -216.691086
[setup in-reg] enable_cycle -> _91071_/D : -216.691086
[setup in-reg] enable_cycle -> _91078_/D : -216.691086
[setup in-reg] enable_cycle -> _91087_/D : -216.691086
[setup in-reg] enable_cycle -> _91099_/D : -216.691086
[setup in-reg] enable_cycle -> _91133_/D : -216.691086
[setup in-reg] enable_cycle -> _91134_/D : -216.691086
[setup in-reg] enable_cycle -> _91202_/D : -216.691086
[setup in-reg] enable_cycle -> _91203_/D : -216.691086
[setup in-reg] enable_cycle -> _91206_/D : -216.691086
[setup in-reg] enable_cycle -> _91207_/D : -216.691086
[setup in-reg] enable_cycle -> _91209_/D : -216.691086
[setup in-reg] enable_cycle -> _91213_/D : -216.691086
[setup in-reg] enable_cycle -> _91336_/D : -216.691086
[setup in-reg] enable_cycle -> _91431_/D : -216.691086
[setup in-reg] enable_cycle -> _91433_/D : -216.691086
[setup in-reg] enable_cycle -> _91495_/D : -216.691086
[setup in-reg] enable_cycle -> _91498_/D : -216.691086
[setup in-reg] enable_cycle -> _91499_/D : -216.691086
[setup in-reg] enable_cycle -> _91500_/D : -216.691086
[setup in-reg] enable_cycle -> _91503_/D : -216.691086
[setup in-reg] enable_cycle -> _91505_/D : -216.691086
[setup in-reg] enable_cycle -> _86973_/D : -216.673981
[setup in-reg] enable_cycle -> _88173_/D : -216.673981
[setup in-reg] enable_cycle -> _89819_/D : -216.673981
[setup in-reg] enable_cycle -> _89951_/D : -216.673981
[setup in-reg] enable_cycle -> _90150_/D : -216.673981
[setup in-reg] enable_cycle -> _90426_/D : -216.673981
[setup in-reg] enable_cycle -> _90514_/D : -216.673981
[setup in-reg] enable_cycle -> _90763_/D : -216.673981
[setup in-reg] enable_cycle -> _91424_/D : -216.673981
[setup in-reg] enable_cycle -> _85652_/D : -216.500183
[setup in-reg] enable_cycle -> _86110_/D : -215.783752
[setup in-reg] enable_cycle -> _86207_/D : -215.783752
[setup in-reg] enable_cycle -> _87232_/D : -215.783752
[setup in-reg] enable_cycle -> _88085_/D : -215.783752
[setup in-reg] enable_cycle -> _88331_/D : -215.783752
[setup in-reg] enable_cycle -> _88413_/D : -215.783752
[setup in-reg] enable_cycle -> _88495_/D : -215.783752
[setup in-reg] enable_cycle -> _88619_/D : -215.783752
[setup in-reg] enable_cycle -> _88620_/D : -215.783752
[setup in-reg] enable_cycle -> _88720_/D : -215.783752
[setup in-reg] enable_cycle -> _88890_/D : -215.783752
[setup in-reg] enable_cycle -> _88986_/D : -215.783752
[setup in-reg] enable_cycle -> _89145_/D : -215.783752
[setup in-reg] enable_cycle -> _89158_/D : -215.783752
[setup in-reg] enable_cycle -> _89272_/D : -215.783752
[setup in-reg] enable_cycle -> _89280_/D : -215.783752
[setup in-reg] enable_cycle -> _89285_/D : -215.783752
[setup in-reg] enable_cycle -> _89554_/D : -215.783752
[setup in-reg] enable_cycle -> _89642_/D : -215.783752
[setup in-reg] enable_cycle -> _90252_/D : -215.783752
[setup in-reg] enable_cycle -> _90332_/D : -215.783752
[setup in-reg] enable_cycle -> _90432_/D : -215.783752
[setup in-reg] enable_cycle -> _90649_/D : -215.783752
[setup in-reg] enable_cycle -> _90931_/D : -215.783752
[setup in-reg] enable_cycle -> _90990_/D : -215.783752
[setup in-reg] enable_cycle -> _91064_/D : -215.783752
[setup in-reg] enable_cycle -> _91127_/D : -215.783752
[setup in-reg] enable_cycle -> _91491_/D : -215.783752
[setup in-reg] enable_cycle -> _86876_/D : -215.629837
[setup in-reg] enable_cycle -> _86875_/D : -215.541107
[setup in-reg] enable_cycle -> _88906_/D : -215.509598
[setup in-reg] enable_cycle -> _90259_/D : -215.509598
[setup in-reg] enable_cycle -> _86020_/D : -215.508118
[setup in-reg] enable_cycle -> _86018_/D : -215.460190
[setup in-reg] enable_cycle -> _88905_/D : -215.314545
[setup in-reg] enable_cycle -> _90258_/D : -215.314545
[setup in-reg] enable_cycle -> _86019_/D : -215.299438
[setup in-reg] enable_cycle -> _87066_/D : -215.201035
[setup in-reg] enable_cycle -> _88182_/D : -215.164886
[setup in-reg] enable_cycle -> _85633_/D : -215.025589
[setup in-reg] enable_cycle -> _85639_/D : -215.025589
[setup in-reg] enable_cycle -> _85641_/D : -215.025589
[setup in-reg] enable_cycle -> _85649_/D : -215.025589
[setup in-reg] enable_cycle -> _85781_/D : -215.025589
[setup in-reg] enable_cycle -> _85790_/D : -215.025589
[setup in-reg] enable_cycle -> _85791_/D : -215.025589
[setup in-reg] enable_cycle -> _85792_/D : -215.025589
[setup in-reg] enable_cycle -> _85797_/D : -215.025589
[setup in-reg] enable_cycle -> _85902_/D : -215.025589
[setup in-reg] enable_cycle -> _85916_/D : -215.025589
[setup in-reg] enable_cycle -> _85919_/D : -215.025589
[setup in-reg] enable_cycle -> _85999_/D : -215.025589
[setup in-reg] enable_cycle -> _86014_/D : -215.025589
[setup in-reg] enable_cycle -> _86016_/D : -215.025589
[setup in-reg] enable_cycle -> _86096_/D : -215.025589
[setup in-reg] enable_cycle -> _86102_/D : -215.025589
[setup in-reg] enable_cycle -> _86193_/D : -215.025589
[setup in-reg] enable_cycle -> _86201_/D : -215.025589
[setup in-reg] enable_cycle -> _86205_/D : -215.025589
[setup in-reg] enable_cycle -> _86210_/D : -215.025589
[setup in-reg] enable_cycle -> _86290_/D : -215.025589
[setup in-reg] enable_cycle -> _86298_/D : -215.025589
[setup in-reg] enable_cycle -> _86305_/D : -215.025589
[setup in-reg] enable_cycle -> _86433_/D : -215.025589
[setup in-reg] enable_cycle -> _86445_/D : -215.025589
[setup in-reg] enable_cycle -> _86555_/D : -215.025589
[setup in-reg] enable_cycle -> _86571_/D : -215.025589
[setup in-reg] enable_cycle -> _86574_/D : -215.025589
[setup in-reg] enable_cycle -> _86655_/D : -215.025589
[setup in-reg] enable_cycle -> _86670_/D : -215.025589
[setup in-reg] enable_cycle -> _86673_/D : -215.025589
[setup in-reg] enable_cycle -> _86755_/D : -215.025589
[setup in-reg] enable_cycle -> _86761_/D : -215.025589
[setup in-reg] enable_cycle -> _86774_/D : -215.025589
[setup in-reg] enable_cycle -> _86855_/D : -215.025589
[setup in-reg] enable_cycle -> _86861_/D : -215.025589
[setup in-reg] enable_cycle -> _86870_/D : -215.025589
[setup in-reg] enable_cycle -> _86871_/D : -215.025589
[setup in-reg] enable_cycle -> _86955_/D : -215.025589
[setup in-reg] enable_cycle -> _86963_/D : -215.025589
[setup in-reg] enable_cycle -> _86972_/D : -215.025589
[setup in-reg] enable_cycle -> _87055_/D : -215.025589
[setup in-reg] enable_cycle -> _87071_/D : -215.025589
[setup in-reg] enable_cycle -> _87218_/D : -215.025589
[setup in-reg] enable_cycle -> _87226_/D : -215.025589
[setup in-reg] enable_cycle -> _87234_/D : -215.025589
[setup in-reg] enable_cycle -> _87237_/D : -215.025589
[setup in-reg] enable_cycle -> _87241_/D : -215.025589
[setup in-reg] enable_cycle -> _87245_/D : -215.025589
[setup in-reg] enable_cycle -> _87247_/D : -215.025589
[setup in-reg] enable_cycle -> _87255_/D : -215.025589
[setup in-reg] enable_cycle -> _88084_/D : -215.025589
[setup in-reg] enable_cycle -> _88090_/D : -215.025589
[setup in-reg] enable_cycle -> _88166_/D : -215.025589
[setup in-reg] enable_cycle -> _88176_/D : -215.025589
[setup in-reg] enable_cycle -> _88248_/D : -215.025589
[setup in-reg] enable_cycle -> _88258_/D : -215.025589
[setup in-reg] enable_cycle -> _88261_/D : -215.025589
[setup in-reg] enable_cycle -> _88262_/D : -215.025589
[setup in-reg] enable_cycle -> _88330_/D : -215.025589
[setup in-reg] enable_cycle -> _88336_/D : -215.025589
[setup in-reg] enable_cycle -> _88340_/D : -215.025589
[setup in-reg] enable_cycle -> _88341_/D : -215.025589
[setup in-reg] enable_cycle -> _88344_/D : -215.025589
[setup in-reg] enable_cycle -> _88412_/D : -215.025589
[setup in-reg] enable_cycle -> _88418_/D : -215.025589
[setup in-reg] enable_cycle -> _88424_/D : -215.025589
[setup in-reg] enable_cycle -> _88494_/D : -215.025589
[setup in-reg] enable_cycle -> _88500_/D : -215.025589
[setup in-reg] enable_cycle -> _88504_/D : -215.025589
[setup in-reg] enable_cycle -> _88508_/D : -215.025589
[setup in-reg] enable_cycle -> _88617_/D : -215.025589
[setup in-reg] enable_cycle -> _88623_/D : -215.025589
[setup in-reg] enable_cycle -> _88626_/D : -215.025589
[setup in-reg] enable_cycle -> _88627_/D : -215.025589
[setup in-reg] enable_cycle -> _88630_/D : -215.025589
[setup in-reg] enable_cycle -> _88631_/D : -215.025589
[setup in-reg] enable_cycle -> _88719_/D : -215.025589
[setup in-reg] enable_cycle -> _88724_/D : -215.025589
[setup in-reg] enable_cycle -> _88727_/D : -215.025589
[setup in-reg] enable_cycle -> _88731_/D : -215.025589
[setup in-reg] enable_cycle -> _88733_/D : -215.025589
[setup in-reg] enable_cycle -> _88804_/D : -215.025589
[setup in-reg] enable_cycle -> _88814_/D : -215.025589
[setup in-reg] enable_cycle -> _88816_/D : -215.025589
[setup in-reg] enable_cycle -> _88818_/D : -215.025589
[setup in-reg] enable_cycle -> _88889_/D : -215.025589
[setup in-reg] enable_cycle -> _88897_/D : -215.025589
[setup in-reg] enable_cycle -> _88899_/D : -215.025589
[setup in-reg] enable_cycle -> _88903_/D : -215.025589
[setup in-reg] enable_cycle -> _88974_/D : -215.025589
[setup in-reg] enable_cycle -> _88984_/D : -215.025589
[setup in-reg] enable_cycle -> _89059_/D : -215.025589
[setup in-reg] enable_cycle -> _89065_/D : -215.025589
[setup in-reg] enable_cycle -> _89069_/D : -215.025589
[setup in-reg] enable_cycle -> _89073_/D : -215.025589
[setup in-reg] enable_cycle -> _89144_/D : -215.025589
[setup in-reg] enable_cycle -> _89152_/D : -215.025589
[setup in-reg] enable_cycle -> _89271_/D : -215.025589
[setup in-reg] enable_cycle -> _89377_/D : -215.025589
[setup in-reg] enable_cycle -> _89380_/D : -215.025589
[setup in-reg] enable_cycle -> _89385_/D : -215.025589
[setup in-reg] enable_cycle -> _89390_/D : -215.025589
[setup in-reg] enable_cycle -> _89391_/D : -215.025589
[setup in-reg] enable_cycle -> _89465_/D : -215.025589
[setup in-reg] enable_cycle -> _89479_/D : -215.025589
[setup in-reg] enable_cycle -> _89481_/D : -215.025589
[setup in-reg] enable_cycle -> _89553_/D : -215.025589
[setup in-reg] enable_cycle -> _89561_/D : -215.025589
[setup in-reg] enable_cycle -> _89641_/D : -215.025589
[setup in-reg] enable_cycle -> _89647_/D : -215.025589
[setup in-reg] enable_cycle -> _89653_/D : -215.025589
[setup in-reg] enable_cycle -> _89655_/D : -215.025589
[setup in-reg] enable_cycle -> _89657_/D : -215.025589
[setup in-reg] enable_cycle -> _89729_/D : -215.025589
[setup in-reg] enable_cycle -> _89733_/D : -215.025589
[setup in-reg] enable_cycle -> _89735_/D : -215.025589
[setup in-reg] enable_cycle -> _89739_/D : -215.025589
[setup in-reg] enable_cycle -> _89745_/D : -215.025589
[setup in-reg] enable_cycle -> _89817_/D : -215.025589
[setup in-reg] enable_cycle -> _89833_/D : -215.025589
[setup in-reg] enable_cycle -> _89948_/D : -215.025589
[setup in-reg] enable_cycle -> _89958_/D : -215.025589
[setup in-reg] enable_cycle -> _89962_/D : -215.025589
[setup in-reg] enable_cycle -> _89964_/D : -215.025589
[setup in-reg] enable_cycle -> _90058_/D : -215.025589
[setup in-reg] enable_cycle -> _90070_/D : -215.025589
[setup in-reg] enable_cycle -> _90074_/D : -215.025589
[setup in-reg] enable_cycle -> _90149_/D : -215.025589
[setup in-reg] enable_cycle -> _90151_/D : -215.025589
[setup in-reg] enable_cycle -> _90157_/D : -215.025589
[setup in-reg] enable_cycle -> _90165_/D : -215.025589
[setup in-reg] enable_cycle -> _90240_/D : -215.025589
[setup in-reg] enable_cycle -> _90244_/D : -215.025589
[setup in-reg] enable_cycle -> _90254_/D : -215.025589
[setup in-reg] enable_cycle -> _90256_/D : -215.025589
[setup in-reg] enable_cycle -> _90257_/D : -215.025589
[setup in-reg] enable_cycle -> _90331_/D : -215.025589
[setup in-reg] enable_cycle -> _90336_/D : -215.025589
[setup in-reg] enable_cycle -> _90339_/D : -215.025589
[setup in-reg] enable_cycle -> _90341_/D : -215.025589
[setup in-reg] enable_cycle -> _90343_/D : -215.025589
[setup in-reg] enable_cycle -> _90348_/D : -215.025589
[setup in-reg] enable_cycle -> _90422_/D : -215.025589
[setup in-reg] enable_cycle -> _90427_/D : -215.025589
[setup in-reg] enable_cycle -> _90428_/D : -215.025589
[setup in-reg] enable_cycle -> _90429_/D : -215.025589
[setup in-reg] enable_cycle -> _90435_/D : -215.025589
[setup in-reg] enable_cycle -> _90436_/D : -215.025589
[setup in-reg] enable_cycle -> _90438_/D : -215.025589
[setup in-reg] enable_cycle -> _90513_/D : -215.025589
[setup in-reg] enable_cycle -> _90515_/D : -215.025589
[setup in-reg] enable_cycle -> _90521_/D : -215.025589
[setup in-reg] enable_cycle -> _90529_/D : -215.025589
[setup in-reg] enable_cycle -> _90648_/D : -215.025589
[setup in-reg] enable_cycle -> _90658_/D : -215.025589
[setup in-reg] enable_cycle -> _90660_/D : -215.025589
[setup in-reg] enable_cycle -> _90662_/D : -215.025589
[setup in-reg] enable_cycle -> _90762_/D : -215.025589
[setup in-reg] enable_cycle -> _90764_/D : -215.025589
[setup in-reg] enable_cycle -> _90770_/D : -215.025589
[setup in-reg] enable_cycle -> _90772_/D : -215.025589
[setup in-reg] enable_cycle -> _90778_/D : -215.025589
[setup in-reg] enable_cycle -> _90856_/D : -215.025589
[setup in-reg] enable_cycle -> _90864_/D : -215.025589
[setup in-reg] enable_cycle -> _90868_/D : -215.025589
[setup in-reg] enable_cycle -> _90869_/D : -215.025589
[setup in-reg] enable_cycle -> _90930_/D : -215.025589
[setup in-reg] enable_cycle -> _90940_/D : -215.025589
[setup in-reg] enable_cycle -> _90944_/D : -215.025589
[setup in-reg] enable_cycle -> _90949_/D : -215.025589
[setup in-reg] enable_cycle -> _90961_/D : -215.025589
[setup in-reg] enable_cycle -> _90966_/D : -215.025589
[setup in-reg] enable_cycle -> _90989_/D : -215.025589
[setup in-reg] enable_cycle -> _90995_/D : -215.025589
[setup in-reg] enable_cycle -> _90997_/D : -215.025589
[setup in-reg] enable_cycle -> _91063_/D : -215.025589
[setup in-reg] enable_cycle -> _91073_/D : -215.025589
[setup in-reg] enable_cycle -> _91076_/D : -215.025589
[setup in-reg] enable_cycle -> _91079_/D : -215.025589
[setup in-reg] enable_cycle -> _91084_/D : -215.025589
[setup in-reg] enable_cycle -> _91090_/D : -215.025589
[setup in-reg] enable_cycle -> _91094_/D : -215.025589
[setup in-reg] enable_cycle -> _91095_/D : -215.025589
[setup in-reg] enable_cycle -> _91100_/D : -215.025589
[setup in-reg] enable_cycle -> _91103_/D : -215.025589
[setup in-reg] enable_cycle -> _91126_/D : -215.025589
[setup in-reg] enable_cycle -> _91138_/D : -215.025589
[setup in-reg] enable_cycle -> _91139_/D : -215.025589
[setup in-reg] enable_cycle -> _91142_/D : -215.025589
[setup in-reg] enable_cycle -> _91200_/D : -215.025589
[setup in-reg] enable_cycle -> _91321_/D : -215.025589
[setup in-reg] enable_cycle -> _91326_/D : -215.025589
[setup in-reg] enable_cycle -> _91329_/D : -215.025589
[setup in-reg] enable_cycle -> _91331_/D : -215.025589
[setup in-reg] enable_cycle -> _91333_/D : -215.025589
[setup in-reg] enable_cycle -> _91334_/D : -215.025589
[setup in-reg] enable_cycle -> _91423_/D : -215.025589
[setup in-reg] enable_cycle -> _91435_/D : -215.025589
[setup in-reg] enable_cycle -> _91436_/D : -215.025589
[setup in-reg] enable_cycle -> _91490_/D : -215.025589
[setup in-reg] enable_cycle -> _86211_/D : -215.009720
[setup in-reg] enable_cycle -> _86299_/D : -215.009720
[setup in-reg] enable_cycle -> _86451_/D : -215.009720
[setup in-reg] enable_cycle -> _86675_/D : -215.009720
[setup in-reg] enable_cycle -> _86969_/D : -215.009720
[setup in-reg] enable_cycle -> _86974_/D : -215.009720
[setup in-reg] enable_cycle -> _87227_/D : -215.009720
[setup in-reg] enable_cycle -> _88264_/D : -215.009720
[setup in-reg] enable_cycle -> _88346_/D : -215.009720
[setup in-reg] enable_cycle -> _89731_/D : -215.009720
[setup in-reg] enable_cycle -> _89956_/D : -215.009720
[setup in-reg] enable_cycle -> _89959_/D : -215.009720
[setup in-reg] enable_cycle -> _90958_/D : -215.009720
[setup in-reg] enable_cycle -> _91089_/D : -215.009720
[setup in-reg] enable_cycle -> _91129_/D : -215.009720
[setup in-reg] enable_cycle -> _91214_/D : -215.009720
[setup in-reg] enable_cycle -> _91218_/D : -215.009720
[setup in-reg] enable_cycle -> _91493_/D : -215.009720
[setup in-reg] enable_cycle -> _86666_/D : -214.985519
[setup in-reg] enable_cycle -> _86877_/D : -214.985519
[setup in-reg] enable_cycle -> _89395_/D : -214.985519
[setup in-reg] enable_cycle -> _90249_/D : -214.985519
[setup in-reg] enable_cycle -> _90865_/D : -214.985519
[setup in-reg] enable_cycle -> _90948_/D : -214.985519
[setup in-reg] enable_cycle -> _85642_/D : -214.702255
[setup in-reg] enable_cycle -> _85794_/D : -214.702255
[setup in-reg] enable_cycle -> _85915_/D : -214.702255
[setup in-reg] enable_cycle -> _86001_/D : -214.702255
[setup in-reg] enable_cycle -> _86004_/D : -214.702255
[setup in-reg] enable_cycle -> _86006_/D : -214.702255
[setup in-reg] enable_cycle -> _86109_/D : -214.702255
[setup in-reg] enable_cycle -> _86439_/D : -214.702255
[setup in-reg] enable_cycle -> _86560_/D : -214.702255
[setup in-reg] enable_cycle -> _86570_/D : -214.702255
[setup in-reg] enable_cycle -> _86660_/D : -214.702255
[setup in-reg] enable_cycle -> _86668_/D : -214.702255
[setup in-reg] enable_cycle -> _86766_/D : -214.702255
[setup in-reg] enable_cycle -> _86770_/D : -214.702255
[setup in-reg] enable_cycle -> _86860_/D : -214.702255
[setup in-reg] enable_cycle -> _86868_/D : -214.702255
[setup in-reg] enable_cycle -> _86962_/D : -214.702255
[setup in-reg] enable_cycle -> _86968_/D : -214.702255
[setup in-reg] enable_cycle -> _87060_/D : -214.702255
[setup in-reg] enable_cycle -> _87223_/D : -214.702255
[setup in-reg] enable_cycle -> _87233_/D : -214.702255
[setup in-reg] enable_cycle -> _87246_/D : -214.702255
[setup in-reg] enable_cycle -> _88093_/D : -214.702255
[setup in-reg] enable_cycle -> _88257_/D : -214.702255
[setup in-reg] enable_cycle -> _88335_/D : -214.702255
[setup in-reg] enable_cycle -> _88503_/D : -214.702255
[setup in-reg] enable_cycle -> _88505_/D : -214.702255
[setup in-reg] enable_cycle -> _88625_/D : -214.702255
[setup in-reg] enable_cycle -> _88628_/D : -214.702255
[setup in-reg] enable_cycle -> _88812_/D : -214.702255
[setup in-reg] enable_cycle -> _88898_/D : -214.702255
[setup in-reg] enable_cycle -> _88977_/D : -214.702255
[setup in-reg] enable_cycle -> _88979_/D : -214.702255
[setup in-reg] enable_cycle -> _89062_/D : -214.702255
[setup in-reg] enable_cycle -> _89068_/D : -214.702255
[setup in-reg] enable_cycle -> _89273_/D : -214.702255
[setup in-reg] enable_cycle -> _89274_/D : -214.702255
[setup in-reg] enable_cycle -> _89386_/D : -214.702255
[setup in-reg] enable_cycle -> _89476_/D : -214.702255
[setup in-reg] enable_cycle -> _89648_/D : -214.702255
[setup in-reg] enable_cycle -> _89737_/D : -214.702255
[setup in-reg] enable_cycle -> _89957_/D : -214.702255
[setup in-reg] enable_cycle -> _90059_/D : -214.702255
[setup in-reg] enable_cycle -> _90152_/D : -214.702255
[setup in-reg] enable_cycle -> _90154_/D : -214.702255
[setup in-reg] enable_cycle -> _90156_/D : -214.702255
[setup in-reg] enable_cycle -> _90158_/D : -214.702255
[setup in-reg] enable_cycle -> _90334_/D : -214.702255
[setup in-reg] enable_cycle -> _90518_/D : -214.702255
[setup in-reg] enable_cycle -> _90651_/D : -214.702255
[setup in-reg] enable_cycle -> _90765_/D : -214.702255
[setup in-reg] enable_cycle -> _90769_/D : -214.702255
[setup in-reg] enable_cycle -> _90771_/D : -214.702255
[setup in-reg] enable_cycle -> _90857_/D : -214.702255
[setup in-reg] enable_cycle -> _90862_/D : -214.702255
[setup in-reg] enable_cycle -> _90937_/D : -214.702255
[setup in-reg] enable_cycle -> _90993_/D : -214.702255
[setup in-reg] enable_cycle -> _91066_/D : -214.702255
[setup in-reg] enable_cycle -> _91097_/D : -214.702255
[setup in-reg] enable_cycle -> _91205_/D : -214.702255
[setup in-reg] enable_cycle -> _91322_/D : -214.702255
[setup in-reg] enable_cycle -> _91327_/D : -214.702255
[setup in-reg] enable_cycle -> _91494_/D : -214.702255
[setup in-reg] enable_cycle -> _91496_/D : -214.702255
[setup in-reg] enable_cycle -> _85917_/D : -214.499710
[setup in-reg] enable_cycle -> _89072_/D : -214.499710
[setup in-reg] enable_cycle -> _89961_/D : -214.499710
[setup in-reg] enable_cycle -> _90661_/D : -214.499710
[setup in-reg] enable_cycle -> _89478_/D : -214.492569
[setup in-reg] enable_cycle -> _86309_/D : -214.410797
[setup in-reg] enable_cycle -> _86563_/D : -214.410797
[setup in-reg] enable_cycle -> _86575_/D : -214.410797
[setup in-reg] enable_cycle -> _86775_/D : -214.410797
[setup in-reg] enable_cycle -> _86975_/D : -214.410797
[setup in-reg] enable_cycle -> _88980_/D : -214.410797
[setup in-reg] enable_cycle -> _88988_/D : -214.410797
[setup in-reg] enable_cycle -> _89063_/D : -214.410797
[setup in-reg] enable_cycle -> _90866_/D : -214.410797
[setup in-reg] enable_cycle -> _91220_/D : -214.410797
[setup in-reg] enable_cycle -> _91426_/D : -214.410797
[setup in-reg] enable_cycle -> _88726_/D : -213.403488
[setup in-reg] enable_cycle -> _90522_/D : -213.403488
[setup in-reg] enable_cycle -> _85604_/D : -213.378647
[setup in-reg] enable_cycle -> _85605_/D : -213.378647
[setup in-reg] enable_cycle -> _85606_/D : -213.378647
[setup in-reg] enable_cycle -> _85607_/D : -213.378647
[setup in-reg] enable_cycle -> _85608_/D : -213.378647
[setup in-reg] enable_cycle -> _85609_/D : -213.378647
[setup in-reg] enable_cycle -> _85610_/D : -213.378647
[setup in-reg] enable_cycle -> _85611_/D : -213.378647
[setup in-reg] enable_cycle -> _85612_/D : -213.378647
[setup in-reg] enable_cycle -> _85613_/D : -213.378647
[setup in-reg] enable_cycle -> _85614_/D : -213.378647
[setup in-reg] enable_cycle -> _85615_/D : -213.378647
[setup in-reg] enable_cycle -> _85616_/D : -213.378647
[setup in-reg] enable_cycle -> _85617_/D : -213.378647
[setup in-reg] enable_cycle -> _85618_/D : -213.378647
[setup in-reg] enable_cycle -> _85619_/D : -213.378647
[setup in-reg] enable_cycle -> _85620_/D : -213.378647
[setup in-reg] enable_cycle -> _85621_/D : -213.378647
[setup in-reg] enable_cycle -> _85622_/D : -213.378647
[setup in-reg] enable_cycle -> _85623_/D : -213.378647
[setup in-reg] enable_cycle -> _85624_/D : -213.378647
[setup in-reg] enable_cycle -> _85684_/D : -213.378647
[setup in-reg] enable_cycle -> _85685_/D : -213.378647
[setup in-reg] enable_cycle -> _85686_/D : -213.378647
[setup in-reg] enable_cycle -> _85687_/D : -213.378647
[setup in-reg] enable_cycle -> _85688_/D : -213.378647
[setup in-reg] enable_cycle -> _85689_/D : -213.378647
[setup in-reg] enable_cycle -> _85690_/D : -213.378647
[setup in-reg] enable_cycle -> _85691_/D : -213.378647
[setup in-reg] enable_cycle -> _85692_/D : -213.378647
[setup in-reg] enable_cycle -> _85693_/D : -213.378647
[setup in-reg] enable_cycle -> _85694_/D : -213.378647
[setup in-reg] enable_cycle -> _85695_/D : -213.378647
[setup in-reg] enable_cycle -> _85696_/D : -213.378647
[setup in-reg] enable_cycle -> _85697_/D : -213.378647
[setup in-reg] enable_cycle -> _85698_/D : -213.378647
[setup in-reg] enable_cycle -> _85699_/D : -213.378647
[setup in-reg] enable_cycle -> _85700_/D : -213.378647
[setup in-reg] enable_cycle -> _85701_/D : -213.378647
[setup in-reg] enable_cycle -> _85702_/D : -213.378647
[setup in-reg] enable_cycle -> _85703_/D : -213.378647
[setup in-reg] enable_cycle -> _85704_/D : -213.378647
[setup in-reg] enable_cycle -> _85705_/D : -213.378647
[setup in-reg] enable_cycle -> _85819_/D : -213.378647
[setup in-reg] enable_cycle -> _85820_/D : -213.378647
[setup in-reg] enable_cycle -> _85821_/D : -213.378647
[setup in-reg] enable_cycle -> _85822_/D : -213.378647
[setup in-reg] enable_cycle -> _85823_/D : -213.378647
[setup in-reg] enable_cycle -> _85824_/D : -213.378647
[setup in-reg] enable_cycle -> _85825_/D : -213.378647
[setup in-reg] enable_cycle -> _85826_/D : -213.378647
[setup in-reg] enable_cycle -> _85827_/D : -213.378647
[setup in-reg] enable_cycle -> _85828_/D : -213.378647
[setup in-reg] enable_cycle -> _85829_/D : -213.378647
[setup in-reg] enable_cycle -> _85830_/D : -213.378647
[setup in-reg] enable_cycle -> _85831_/D : -213.378647
[setup in-reg] enable_cycle -> _85832_/D : -213.378647
[setup in-reg] enable_cycle -> _85833_/D : -213.378647
[setup in-reg] enable_cycle -> _85834_/D : -213.378647
[setup in-reg] enable_cycle -> _85835_/D : -213.378647
[setup in-reg] enable_cycle -> _85836_/D : -213.378647
[setup in-reg] enable_cycle -> _85837_/D : -213.378647
[setup in-reg] enable_cycle -> _85838_/D : -213.378647
[setup in-reg] enable_cycle -> _85839_/D : -213.378647
[setup in-reg] enable_cycle -> _85840_/D : -213.378647
[setup in-reg] enable_cycle -> _85940_/D : -213.378647
[setup in-reg] enable_cycle -> _85941_/D : -213.378647
[setup in-reg] enable_cycle -> _85942_/D : -213.378647
[setup in-reg] enable_cycle -> _85943_/D : -213.378647
[setup in-reg] enable_cycle -> _85944_/D : -213.378647
[setup in-reg] enable_cycle -> _85945_/D : -213.378647
[setup in-reg] enable_cycle -> _85946_/D : -213.378647
[setup in-reg] enable_cycle -> _85947_/D : -213.378647
[setup in-reg] enable_cycle -> _85948_/D : -213.378647
[setup in-reg] enable_cycle -> _85949_/D : -213.378647
[setup in-reg] enable_cycle -> _85950_/D : -213.378647
[setup in-reg] enable_cycle -> _85951_/D : -213.378647
[setup in-reg] enable_cycle -> _85952_/D : -213.378647
[setup in-reg] enable_cycle -> _85953_/D : -213.378647
[setup in-reg] enable_cycle -> _85954_/D : -213.378647
[setup in-reg] enable_cycle -> _85955_/D : -213.378647
[setup in-reg] enable_cycle -> _85956_/D : -213.378647
[setup in-reg] enable_cycle -> _85957_/D : -213.378647
[setup in-reg] enable_cycle -> _85958_/D : -213.378647
[setup in-reg] enable_cycle -> _85959_/D : -213.378647
[setup in-reg] enable_cycle -> _85960_/D : -213.378647
[setup in-reg] enable_cycle -> _85961_/D : -213.378647
[setup in-reg] enable_cycle -> _86037_/D : -213.378647
[setup in-reg] enable_cycle -> _86038_/D : -213.378647
[setup in-reg] enable_cycle -> _86039_/D : -213.378647
[setup in-reg] enable_cycle -> _86040_/D : -213.378647
[setup in-reg] enable_cycle -> _86041_/D : -213.378647
[setup in-reg] enable_cycle -> _86042_/D : -213.378647
[setup in-reg] enable_cycle -> _86043_/D : -213.378647
[setup in-reg] enable_cycle -> _86044_/D : -213.378647
[setup in-reg] enable_cycle -> _86045_/D : -213.378647
[setup in-reg] enable_cycle -> _86046_/D : -213.378647
[setup in-reg] enable_cycle -> _86047_/D : -213.378647
[setup in-reg] enable_cycle -> _86048_/D : -213.378647
[setup in-reg] enable_cycle -> _86049_/D : -213.378647
[setup in-reg] enable_cycle -> _86050_/D : -213.378647
[setup in-reg] enable_cycle -> _86051_/D : -213.378647
[setup in-reg] enable_cycle -> _86052_/D : -213.378647
[setup in-reg] enable_cycle -> _86053_/D : -213.378647
[setup in-reg] enable_cycle -> _86054_/D : -213.378647
[setup in-reg] enable_cycle -> _86055_/D : -213.378647
[setup in-reg] enable_cycle -> _86056_/D : -213.378647
[setup in-reg] enable_cycle -> _86057_/D : -213.378647
[setup in-reg] enable_cycle -> _86058_/D : -213.378647
[setup in-reg] enable_cycle -> _86134_/D : -213.378647
[setup in-reg] enable_cycle -> _86135_/D : -213.378647
[setup in-reg] enable_cycle -> _86136_/D : -213.378647
[setup in-reg] enable_cycle -> _86137_/D : -213.378647
[setup in-reg] enable_cycle -> _86138_/D : -213.378647
[setup in-reg] enable_cycle -> _86139_/D : -213.378647
[setup in-reg] enable_cycle -> _86140_/D : -213.378647
[setup in-reg] enable_cycle -> _86141_/D : -213.378647
[setup in-reg] enable_cycle -> _86142_/D : -213.378647
[setup in-reg] enable_cycle -> _86143_/D : -213.378647
[setup in-reg] enable_cycle -> _86144_/D : -213.378647
[setup in-reg] enable_cycle -> _86145_/D : -213.378647
[setup in-reg] enable_cycle -> _86146_/D : -213.378647
[setup in-reg] enable_cycle -> _86147_/D : -213.378647
[setup in-reg] enable_cycle -> _86148_/D : -213.378647
[setup in-reg] enable_cycle -> _86149_/D : -213.378647
[setup in-reg] enable_cycle -> _86150_/D : -213.378647
[setup in-reg] enable_cycle -> _86151_/D : -213.378647
[setup in-reg] enable_cycle -> _86152_/D : -213.378647
[setup in-reg] enable_cycle -> _86153_/D : -213.378647
[setup in-reg] enable_cycle -> _86154_/D : -213.378647
[setup in-reg] enable_cycle -> _86155_/D : -213.378647
[setup in-reg] enable_cycle -> _86231_/D : -213.378647
[setup in-reg] enable_cycle -> _86232_/D : -213.378647
[setup in-reg] enable_cycle -> _86233_/D : -213.378647
[setup in-reg] enable_cycle -> _86234_/D : -213.378647
[setup in-reg] enable_cycle -> _86235_/D : -213.378647
[setup in-reg] enable_cycle -> _86236_/D : -213.378647
[setup in-reg] enable_cycle -> _86237_/D : -213.378647
[setup in-reg] enable_cycle -> _86238_/D : -213.378647
[setup in-reg] enable_cycle -> _86239_/D : -213.378647
[setup in-reg] enable_cycle -> _86240_/D : -213.378647
[setup in-reg] enable_cycle -> _86241_/D : -213.378647
[setup in-reg] enable_cycle -> _86242_/D : -213.378647
[setup in-reg] enable_cycle -> _86243_/D : -213.378647
[setup in-reg] enable_cycle -> _86244_/D : -213.378647
[setup in-reg] enable_cycle -> _86245_/D : -213.378647
[setup in-reg] enable_cycle -> _86246_/D : -213.378647
[setup in-reg] enable_cycle -> _86247_/D : -213.378647
[setup in-reg] enable_cycle -> _86248_/D : -213.378647
[setup in-reg] enable_cycle -> _86249_/D : -213.378647
[setup in-reg] enable_cycle -> _86250_/D : -213.378647
[setup in-reg] enable_cycle -> _86251_/D : -213.378647
[setup in-reg] enable_cycle -> _86252_/D : -213.378647
[setup in-reg] enable_cycle -> _86328_/D : -213.378647
[setup in-reg] enable_cycle -> _86329_/D : -213.378647
[setup in-reg] enable_cycle -> _86330_/D : -213.378647
[setup in-reg] enable_cycle -> _86331_/D : -213.378647
[setup in-reg] enable_cycle -> _86332_/D : -213.378647
[setup in-reg] enable_cycle -> _86333_/D : -213.378647
[setup in-reg] enable_cycle -> _86334_/D : -213.378647
[setup in-reg] enable_cycle -> _86335_/D : -213.378647
[setup in-reg] enable_cycle -> _86336_/D : -213.378647
[setup in-reg] enable_cycle -> _86337_/D : -213.378647
[setup in-reg] enable_cycle -> _86338_/D : -213.378647
[setup in-reg] enable_cycle -> _86339_/D : -213.378647
[setup in-reg] enable_cycle -> _86340_/D : -213.378647
[setup in-reg] enable_cycle -> _86341_/D : -213.378647
[setup in-reg] enable_cycle -> _86342_/D : -213.378647
[setup in-reg] enable_cycle -> _86343_/D : -213.378647
[setup in-reg] enable_cycle -> _86344_/D : -213.378647
[setup in-reg] enable_cycle -> _86345_/D : -213.378647
[setup in-reg] enable_cycle -> _86346_/D : -213.378647
[setup in-reg] enable_cycle -> _86347_/D : -213.378647
[setup in-reg] enable_cycle -> _86348_/D : -213.378647
[setup in-reg] enable_cycle -> _86349_/D : -213.378647
[setup in-reg] enable_cycle -> _86403_/D : -213.378647
[setup in-reg] enable_cycle -> _86404_/D : -213.378647
[setup in-reg] enable_cycle -> _86405_/D : -213.378647
[setup in-reg] enable_cycle -> _86406_/D : -213.378647
[setup in-reg] enable_cycle -> _86407_/D : -213.378647
[setup in-reg] enable_cycle -> _86408_/D : -213.378647
[setup in-reg] enable_cycle -> _86409_/D : -213.378647
[setup in-reg] enable_cycle -> _86410_/D : -213.378647
[setup in-reg] enable_cycle -> _86411_/D : -213.378647
[setup in-reg] enable_cycle -> _86412_/D : -213.378647
[setup in-reg] enable_cycle -> _86413_/D : -213.378647
[setup in-reg] enable_cycle -> _86414_/D : -213.378647
[setup in-reg] enable_cycle -> _86415_/D : -213.378647
[setup in-reg] enable_cycle -> _86416_/D : -213.378647
[setup in-reg] enable_cycle -> _86417_/D : -213.378647
[setup in-reg] enable_cycle -> _86418_/D : -213.378647
[setup in-reg] enable_cycle -> _86419_/D : -213.378647
[setup in-reg] enable_cycle -> _86420_/D : -213.378647
[setup in-reg] enable_cycle -> _86421_/D : -213.378647
[setup in-reg] enable_cycle -> _86422_/D : -213.378647
[setup in-reg] enable_cycle -> _86423_/D : -213.378647
[setup in-reg] enable_cycle -> _86424_/D : -213.378647
[setup in-reg] enable_cycle -> _86455_/D : -213.378647
[setup in-reg] enable_cycle -> _86456_/D : -213.378647
[setup in-reg] enable_cycle -> _86457_/D : -213.378647
[setup in-reg] enable_cycle -> _86458_/D : -213.378647
[setup in-reg] enable_cycle -> _86459_/D : -213.378647
[setup in-reg] enable_cycle -> _86460_/D : -213.378647
[setup in-reg] enable_cycle -> _86461_/D : -213.378647
[setup in-reg] enable_cycle -> _86462_/D : -213.378647
[setup in-reg] enable_cycle -> _86463_/D : -213.378647
[setup in-reg] enable_cycle -> _86464_/D : -213.378647
[setup in-reg] enable_cycle -> _86465_/D : -213.378647
[setup in-reg] enable_cycle -> _86466_/D : -213.378647
[setup in-reg] enable_cycle -> _86467_/D : -213.378647
[setup in-reg] enable_cycle -> _86468_/D : -213.378647
[setup in-reg] enable_cycle -> _86469_/D : -213.378647
[setup in-reg] enable_cycle -> _86470_/D : -213.378647
[setup in-reg] enable_cycle -> _86471_/D : -213.378647
[setup in-reg] enable_cycle -> _86472_/D : -213.378647
[setup in-reg] enable_cycle -> _86473_/D : -213.378647
[setup in-reg] enable_cycle -> _86474_/D : -213.378647
[setup in-reg] enable_cycle -> _86475_/D : -213.378647
[setup in-reg] enable_cycle -> _86476_/D : -213.378647
[setup in-reg] enable_cycle -> _86477_/D : -213.378647
[setup in-reg] enable_cycle -> _86594_/D : -213.378647
[setup in-reg] enable_cycle -> _86595_/D : -213.378647
[setup in-reg] enable_cycle -> _86596_/D : -213.378647
[setup in-reg] enable_cycle -> _86597_/D : -213.378647
[setup in-reg] enable_cycle -> _86598_/D : -213.378647
[setup in-reg] enable_cycle -> _86599_/D : -213.378647
[setup in-reg] enable_cycle -> _86600_/D : -213.378647
[setup in-reg] enable_cycle -> _86601_/D : -213.378647
[setup in-reg] enable_cycle -> _86602_/D : -213.378647
[setup in-reg] enable_cycle -> _86603_/D : -213.378647
[setup in-reg] enable_cycle -> _86604_/D : -213.378647
[setup in-reg] enable_cycle -> _86605_/D : -213.378647
[setup in-reg] enable_cycle -> _86606_/D : -213.378647
[setup in-reg] enable_cycle -> _86607_/D : -213.378647
[setup in-reg] enable_cycle -> _86608_/D : -213.378647
[setup in-reg] enable_cycle -> _86609_/D : -213.378647
[setup in-reg] enable_cycle -> _86610_/D : -213.378647
[setup in-reg] enable_cycle -> _86611_/D : -213.378647
[setup in-reg] enable_cycle -> _86612_/D : -213.378647
[setup in-reg] enable_cycle -> _86613_/D : -213.378647
[setup in-reg] enable_cycle -> _86614_/D : -213.378647
[setup in-reg] enable_cycle -> _86615_/D : -213.378647
[setup in-reg] enable_cycle -> _86616_/D : -213.378647
[setup in-reg] enable_cycle -> _86694_/D : -213.378647
[setup in-reg] enable_cycle -> _86695_/D : -213.378647
[setup in-reg] enable_cycle -> _86696_/D : -213.378647
[setup in-reg] enable_cycle -> _86697_/D : -213.378647
[setup in-reg] enable_cycle -> _86698_/D : -213.378647
[setup in-reg] enable_cycle -> _86699_/D : -213.378647
[setup in-reg] enable_cycle -> _86700_/D : -213.378647
[setup in-reg] enable_cycle -> _86701_/D : -213.378647
[setup in-reg] enable_cycle -> _86702_/D : -213.378647
[setup in-reg] enable_cycle -> _86703_/D : -213.378647
[setup in-reg] enable_cycle -> _86704_/D : -213.378647
[setup in-reg] enable_cycle -> _86705_/D : -213.378647
[setup in-reg] enable_cycle -> _86706_/D : -213.378647
[setup in-reg] enable_cycle -> _86707_/D : -213.378647
[setup in-reg] enable_cycle -> _86708_/D : -213.378647
[setup in-reg] enable_cycle -> _86709_/D : -213.378647
[setup in-reg] enable_cycle -> _86710_/D : -213.378647
[setup in-reg] enable_cycle -> _86711_/D : -213.378647
[setup in-reg] enable_cycle -> _86712_/D : -213.378647
[setup in-reg] enable_cycle -> _86713_/D : -213.378647
[setup in-reg] enable_cycle -> _86714_/D : -213.378647
[setup in-reg] enable_cycle -> _86715_/D : -213.378647
[setup in-reg] enable_cycle -> _86716_/D : -213.378647
[setup in-reg] enable_cycle -> _86794_/D : -213.378647
[setup in-reg] enable_cycle -> _86795_/D : -213.378647
[setup in-reg] enable_cycle -> _86796_/D : -213.378647
[setup in-reg] enable_cycle -> _86797_/D : -213.378647
[setup in-reg] enable_cycle -> _86798_/D : -213.378647
[setup in-reg] enable_cycle -> _86799_/D : -213.378647
[setup in-reg] enable_cycle -> _86800_/D : -213.378647
[setup in-reg] enable_cycle -> _86801_/D : -213.378647
[setup in-reg] enable_cycle -> _86802_/D : -213.378647
[setup in-reg] enable_cycle -> _86803_/D : -213.378647
[setup in-reg] enable_cycle -> _86804_/D : -213.378647
[setup in-reg] enable_cycle -> _86805_/D : -213.378647
[setup in-reg] enable_cycle -> _86806_/D : -213.378647
[setup in-reg] enable_cycle -> _86807_/D : -213.378647
[setup in-reg] enable_cycle -> _86808_/D : -213.378647
[setup in-reg] enable_cycle -> _86809_/D : -213.378647
[setup in-reg] enable_cycle -> _86810_/D : -213.378647
[setup in-reg] enable_cycle -> _86811_/D : -213.378647
[setup in-reg] enable_cycle -> _86812_/D : -213.378647
[setup in-reg] enable_cycle -> _86813_/D : -213.378647
[setup in-reg] enable_cycle -> _86814_/D : -213.378647
[setup in-reg] enable_cycle -> _86815_/D : -213.378647
[setup in-reg] enable_cycle -> _86816_/D : -213.378647
[setup in-reg] enable_cycle -> _86894_/D : -213.378647
[setup in-reg] enable_cycle -> _86895_/D : -213.378647
[setup in-reg] enable_cycle -> _86896_/D : -213.378647
[setup in-reg] enable_cycle -> _86897_/D : -213.378647
[setup in-reg] enable_cycle -> _86898_/D : -213.378647
[setup in-reg] enable_cycle -> _86899_/D : -213.378647
[setup in-reg] enable_cycle -> _86900_/D : -213.378647
[setup in-reg] enable_cycle -> _86901_/D : -213.378647
[setup in-reg] enable_cycle -> _86902_/D : -213.378647
[setup in-reg] enable_cycle -> _86903_/D : -213.378647
[setup in-reg] enable_cycle -> _86904_/D : -213.378647
[setup in-reg] enable_cycle -> _86905_/D : -213.378647
[setup in-reg] enable_cycle -> _86906_/D : -213.378647
[setup in-reg] enable_cycle -> _86907_/D : -213.378647
[setup in-reg] enable_cycle -> _86908_/D : -213.378647
[setup in-reg] enable_cycle -> _86909_/D : -213.378647
[setup in-reg] enable_cycle -> _86910_/D : -213.378647
[setup in-reg] enable_cycle -> _86911_/D : -213.378647
[setup in-reg] enable_cycle -> _86912_/D : -213.378647
[setup in-reg] enable_cycle -> _86913_/D : -213.378647
[setup in-reg] enable_cycle -> _86914_/D : -213.378647
[setup in-reg] enable_cycle -> _86915_/D : -213.378647
[setup in-reg] enable_cycle -> _86916_/D : -213.378647
[setup in-reg] enable_cycle -> _86994_/D : -213.378647
[setup in-reg] enable_cycle -> _86995_/D : -213.378647
[setup in-reg] enable_cycle -> _86996_/D : -213.378647
[setup in-reg] enable_cycle -> _86997_/D : -213.378647
[setup in-reg] enable_cycle -> _86998_/D : -213.378647
[setup in-reg] enable_cycle -> _86999_/D : -213.378647
[setup in-reg] enable_cycle -> _87000_/D : -213.378647
[setup in-reg] enable_cycle -> _87001_/D : -213.378647
[setup in-reg] enable_cycle -> _87002_/D : -213.378647
[setup in-reg] enable_cycle -> _87003_/D : -213.378647
[setup in-reg] enable_cycle -> _87004_/D : -213.378647
[setup in-reg] enable_cycle -> _87005_/D : -213.378647
[setup in-reg] enable_cycle -> _87006_/D : -213.378647
[setup in-reg] enable_cycle -> _87007_/D : -213.378647
[setup in-reg] enable_cycle -> _87008_/D : -213.378647
[setup in-reg] enable_cycle -> _87009_/D : -213.378647
[setup in-reg] enable_cycle -> _87010_/D : -213.378647
[setup in-reg] enable_cycle -> _87011_/D : -213.378647
[setup in-reg] enable_cycle -> _87012_/D : -213.378647
[setup in-reg] enable_cycle -> _87013_/D : -213.378647
[setup in-reg] enable_cycle -> _87014_/D : -213.378647
[setup in-reg] enable_cycle -> _87015_/D : -213.378647
[setup in-reg] enable_cycle -> _87016_/D : -213.378647
[setup in-reg] enable_cycle -> _87094_/D : -213.378647
[setup in-reg] enable_cycle -> _87095_/D : -213.378647
[setup in-reg] enable_cycle -> _87096_/D : -213.378647
[setup in-reg] enable_cycle -> _87097_/D : -213.378647
[setup in-reg] enable_cycle -> _87098_/D : -213.378647
[setup in-reg] enable_cycle -> _87099_/D : -213.378647
[setup in-reg] enable_cycle -> _87100_/D : -213.378647
[setup in-reg] enable_cycle -> _87101_/D : -213.378647
[setup in-reg] enable_cycle -> _87102_/D : -213.378647
[setup in-reg] enable_cycle -> _87103_/D : -213.378647
[setup in-reg] enable_cycle -> _87104_/D : -213.378647
[setup in-reg] enable_cycle -> _87105_/D : -213.378647
[setup in-reg] enable_cycle -> _87106_/D : -213.378647
[setup in-reg] enable_cycle -> _87107_/D : -213.378647
[setup in-reg] enable_cycle -> _87108_/D : -213.378647
[setup in-reg] enable_cycle -> _87109_/D : -213.378647
[setup in-reg] enable_cycle -> _87110_/D : -213.378647
[setup in-reg] enable_cycle -> _87111_/D : -213.378647
[setup in-reg] enable_cycle -> _87112_/D : -213.378647
[setup in-reg] enable_cycle -> _87113_/D : -213.378647
[setup in-reg] enable_cycle -> _87114_/D : -213.378647
[setup in-reg] enable_cycle -> _87115_/D : -213.378647
[setup in-reg] enable_cycle -> _87116_/D : -213.378647
[setup in-reg] enable_cycle -> _87133_/D : -213.378647
[setup in-reg] enable_cycle -> _87134_/D : -213.378647
[setup in-reg] enable_cycle -> _87135_/D : -213.378647
[setup in-reg] enable_cycle -> _87136_/D : -213.378647
[setup in-reg] enable_cycle -> _87137_/D : -213.378647
[setup in-reg] enable_cycle -> _87138_/D : -213.378647
[setup in-reg] enable_cycle -> _87139_/D : -213.378647
[setup in-reg] enable_cycle -> _87140_/D : -213.378647
[setup in-reg] enable_cycle -> _87141_/D : -213.378647
[setup in-reg] enable_cycle -> _87142_/D : -213.378647
[setup in-reg] enable_cycle -> _87143_/D : -213.378647
[setup in-reg] enable_cycle -> _87144_/D : -213.378647
[setup in-reg] enable_cycle -> _87145_/D : -213.378647
[setup in-reg] enable_cycle -> _87146_/D : -213.378647
[setup in-reg] enable_cycle -> _87147_/D : -213.378647
[setup in-reg] enable_cycle -> _87148_/D : -213.378647
[setup in-reg] enable_cycle -> _87187_/D : -213.378647
[setup in-reg] enable_cycle -> _87188_/D : -213.378647
[setup in-reg] enable_cycle -> _87189_/D : -213.378647
[setup in-reg] enable_cycle -> _87190_/D : -213.378647
[setup in-reg] enable_cycle -> _87191_/D : -213.378647
[setup in-reg] enable_cycle -> _87192_/D : -213.378647
[setup in-reg] enable_cycle -> _87193_/D : -213.378647
[setup in-reg] enable_cycle -> _87194_/D : -213.378647
[setup in-reg] enable_cycle -> _87195_/D : -213.378647
[setup in-reg] enable_cycle -> _87196_/D : -213.378647
[setup in-reg] enable_cycle -> _87197_/D : -213.378647
[setup in-reg] enable_cycle -> _87198_/D : -213.378647
[setup in-reg] enable_cycle -> _87199_/D : -213.378647
[setup in-reg] enable_cycle -> _87200_/D : -213.378647
[setup in-reg] enable_cycle -> _87201_/D : -213.378647
[setup in-reg] enable_cycle -> _87202_/D : -213.378647
[setup in-reg] enable_cycle -> _87203_/D : -213.378647
[setup in-reg] enable_cycle -> _87204_/D : -213.378647
[setup in-reg] enable_cycle -> _87205_/D : -213.378647
[setup in-reg] enable_cycle -> _87206_/D : -213.378647
[setup in-reg] enable_cycle -> _87207_/D : -213.378647
[setup in-reg] enable_cycle -> _87208_/D : -213.378647
[setup in-reg] enable_cycle -> _87209_/D : -213.378647
[setup in-reg] enable_cycle -> _87330_/D : -213.378647
[setup in-reg] enable_cycle -> _87331_/D : -213.378647
[setup in-reg] enable_cycle -> _87332_/D : -213.378647
[setup in-reg] enable_cycle -> _87333_/D : -213.378647
[setup in-reg] enable_cycle -> _87334_/D : -213.378647
[setup in-reg] enable_cycle -> _87335_/D : -213.378647
[setup in-reg] enable_cycle -> _87336_/D : -213.378647
[setup in-reg] enable_cycle -> _87337_/D : -213.378647
[setup in-reg] enable_cycle -> _87338_/D : -213.378647
[setup in-reg] enable_cycle -> _87339_/D : -213.378647
[setup in-reg] enable_cycle -> _87340_/D : -213.378647
[setup in-reg] enable_cycle -> _87341_/D : -213.378647
[setup in-reg] enable_cycle -> _87342_/D : -213.378647
[setup in-reg] enable_cycle -> _87343_/D : -213.378647
[setup in-reg] enable_cycle -> _87344_/D : -213.378647
[setup in-reg] enable_cycle -> _87345_/D : -213.378647
[setup in-reg] enable_cycle -> _87562_/D : -213.378647
[setup in-reg] enable_cycle -> _87563_/D : -213.378647
[setup in-reg] enable_cycle -> _87564_/D : -213.378647
[setup in-reg] enable_cycle -> _87565_/D : -213.378647
[setup in-reg] enable_cycle -> _87566_/D : -213.378647
[setup in-reg] enable_cycle -> _87567_/D : -213.378647
[setup in-reg] enable_cycle -> _87568_/D : -213.378647
[setup in-reg] enable_cycle -> _87569_/D : -213.378647
[setup in-reg] enable_cycle -> _87570_/D : -213.378647
[setup in-reg] enable_cycle -> _87571_/D : -213.378647
[setup in-reg] enable_cycle -> _87572_/D : -213.378647
[setup in-reg] enable_cycle -> _87573_/D : -213.378647
[setup in-reg] enable_cycle -> _87574_/D : -213.378647
[setup in-reg] enable_cycle -> _87575_/D : -213.378647
[setup in-reg] enable_cycle -> _87576_/D : -213.378647
[setup in-reg] enable_cycle -> _87577_/D : -213.378647
[setup in-reg] enable_cycle -> _87594_/D : -213.378647
[setup in-reg] enable_cycle -> _87595_/D : -213.378647
[setup in-reg] enable_cycle -> _87596_/D : -213.378647
[setup in-reg] enable_cycle -> _87597_/D : -213.378647
[setup in-reg] enable_cycle -> _87598_/D : -213.378647
[setup in-reg] enable_cycle -> _87599_/D : -213.378647
[setup in-reg] enable_cycle -> _87600_/D : -213.378647
[setup in-reg] enable_cycle -> _87601_/D : -213.378647
[setup in-reg] enable_cycle -> _87602_/D : -213.378647
[setup in-reg] enable_cycle -> _87603_/D : -213.378647
[setup in-reg] enable_cycle -> _87604_/D : -213.378647
[setup in-reg] enable_cycle -> _87605_/D : -213.378647
[setup in-reg] enable_cycle -> _87606_/D : -213.378647
[setup in-reg] enable_cycle -> _87607_/D : -213.378647
[setup in-reg] enable_cycle -> _87608_/D : -213.378647
[setup in-reg] enable_cycle -> _87609_/D : -213.378647
[setup in-reg] enable_cycle -> _87626_/D : -213.378647
[setup in-reg] enable_cycle -> _87627_/D : -213.378647
[setup in-reg] enable_cycle -> _87628_/D : -213.378647
[setup in-reg] enable_cycle -> _87629_/D : -213.378647
[setup in-reg] enable_cycle -> _87630_/D : -213.378647
[setup in-reg] enable_cycle -> _87631_/D : -213.378647
[setup in-reg] enable_cycle -> _87632_/D : -213.378647
[setup in-reg] enable_cycle -> _87633_/D : -213.378647
[setup in-reg] enable_cycle -> _87634_/D : -213.378647
[setup in-reg] enable_cycle -> _87635_/D : -213.378647
[setup in-reg] enable_cycle -> _87636_/D : -213.378647
[setup in-reg] enable_cycle -> _87637_/D : -213.378647
[setup in-reg] enable_cycle -> _87638_/D : -213.378647
[setup in-reg] enable_cycle -> _87639_/D : -213.378647
[setup in-reg] enable_cycle -> _87640_/D : -213.378647
[setup in-reg] enable_cycle -> _87641_/D : -213.378647
[setup in-reg] enable_cycle -> _87658_/D : -213.378647
[setup in-reg] enable_cycle -> _87659_/D : -213.378647
[setup in-reg] enable_cycle -> _87660_/D : -213.378647
[setup in-reg] enable_cycle -> _87661_/D : -213.378647
[setup in-reg] enable_cycle -> _87662_/D : -213.378647
[setup in-reg] enable_cycle -> _87663_/D : -213.378647
[setup in-reg] enable_cycle -> _87664_/D : -213.378647
[setup in-reg] enable_cycle -> _87665_/D : -213.378647
[setup in-reg] enable_cycle -> _87666_/D : -213.378647
[setup in-reg] enable_cycle -> _87667_/D : -213.378647
[setup in-reg] enable_cycle -> _87668_/D : -213.378647
[setup in-reg] enable_cycle -> _87669_/D : -213.378647
[setup in-reg] enable_cycle -> _87670_/D : -213.378647
[setup in-reg] enable_cycle -> _87671_/D : -213.378647
[setup in-reg] enable_cycle -> _87672_/D : -213.378647
[setup in-reg] enable_cycle -> _87673_/D : -213.378647
[setup in-reg] enable_cycle -> _87690_/D : -213.378647
[setup in-reg] enable_cycle -> _87691_/D : -213.378647
[setup in-reg] enable_cycle -> _87692_/D : -213.378647
[setup in-reg] enable_cycle -> _87693_/D : -213.378647
[setup in-reg] enable_cycle -> _87694_/D : -213.378647
[setup in-reg] enable_cycle -> _87695_/D : -213.378647
[setup in-reg] enable_cycle -> _87696_/D : -213.378647
[setup in-reg] enable_cycle -> _87697_/D : -213.378647
[setup in-reg] enable_cycle -> _87698_/D : -213.378647
[setup in-reg] enable_cycle -> _87699_/D : -213.378647
[setup in-reg] enable_cycle -> _87700_/D : -213.378647
[setup in-reg] enable_cycle -> _87701_/D : -213.378647
[setup in-reg] enable_cycle -> _87702_/D : -213.378647
[setup in-reg] enable_cycle -> _87703_/D : -213.378647
[setup in-reg] enable_cycle -> _87704_/D : -213.378647
[setup in-reg] enable_cycle -> _87705_/D : -213.378647
[setup in-reg] enable_cycle -> _87722_/D : -213.378647
[setup in-reg] enable_cycle -> _87723_/D : -213.378647
[setup in-reg] enable_cycle -> _87724_/D : -213.378647
[setup in-reg] enable_cycle -> _87725_/D : -213.378647
[setup in-reg] enable_cycle -> _87726_/D : -213.378647
[setup in-reg] enable_cycle -> _87727_/D : -213.378647
[setup in-reg] enable_cycle -> _87728_/D : -213.378647
[setup in-reg] enable_cycle -> _87729_/D : -213.378647
[setup in-reg] enable_cycle -> _87730_/D : -213.378647
[setup in-reg] enable_cycle -> _87731_/D : -213.378647
[setup in-reg] enable_cycle -> _87732_/D : -213.378647
[setup in-reg] enable_cycle -> _87733_/D : -213.378647
[setup in-reg] enable_cycle -> _87734_/D : -213.378647
[setup in-reg] enable_cycle -> _87735_/D : -213.378647
[setup in-reg] enable_cycle -> _87736_/D : -213.378647
[setup in-reg] enable_cycle -> _87737_/D : -213.378647
[setup in-reg] enable_cycle -> _87754_/D : -213.378647
[setup in-reg] enable_cycle -> _87755_/D : -213.378647
[setup in-reg] enable_cycle -> _87756_/D : -213.378647
[setup in-reg] enable_cycle -> _87757_/D : -213.378647
[setup in-reg] enable_cycle -> _87758_/D : -213.378647
[setup in-reg] enable_cycle -> _87759_/D : -213.378647
[setup in-reg] enable_cycle -> _87760_/D : -213.378647
[setup in-reg] enable_cycle -> _87761_/D : -213.378647
[setup in-reg] enable_cycle -> _87762_/D : -213.378647
[setup in-reg] enable_cycle -> _87763_/D : -213.378647
[setup in-reg] enable_cycle -> _87764_/D : -213.378647
[setup in-reg] enable_cycle -> _87765_/D : -213.378647
[setup in-reg] enable_cycle -> _87766_/D : -213.378647
[setup in-reg] enable_cycle -> _87767_/D : -213.378647
[setup in-reg] enable_cycle -> _87768_/D : -213.378647
[setup in-reg] enable_cycle -> _87769_/D : -213.378647
[setup in-reg] enable_cycle -> _87786_/D : -213.378647
[setup in-reg] enable_cycle -> _87787_/D : -213.378647
[setup in-reg] enable_cycle -> _87788_/D : -213.378647
[setup in-reg] enable_cycle -> _87789_/D : -213.378647
[setup in-reg] enable_cycle -> _87790_/D : -213.378647
[setup in-reg] enable_cycle -> _87791_/D : -213.378647
[setup in-reg] enable_cycle -> _87792_/D : -213.378647
[setup in-reg] enable_cycle -> _87793_/D : -213.378647
[setup in-reg] enable_cycle -> _87794_/D : -213.378647
[setup in-reg] enable_cycle -> _87795_/D : -213.378647
[setup in-reg] enable_cycle -> _87796_/D : -213.378647
[setup in-reg] enable_cycle -> _87797_/D : -213.378647
[setup in-reg] enable_cycle -> _87798_/D : -213.378647
[setup in-reg] enable_cycle -> _87799_/D : -213.378647
[setup in-reg] enable_cycle -> _87800_/D : -213.378647
[setup in-reg] enable_cycle -> _87801_/D : -213.378647
[setup in-reg] enable_cycle -> _87818_/D : -213.378647
[setup in-reg] enable_cycle -> _87819_/D : -213.378647
[setup in-reg] enable_cycle -> _87820_/D : -213.378647
[setup in-reg] enable_cycle -> _87821_/D : -213.378647
[setup in-reg] enable_cycle -> _87822_/D : -213.378647
[setup in-reg] enable_cycle -> _87823_/D : -213.378647
[setup in-reg] enable_cycle -> _87824_/D : -213.378647
[setup in-reg] enable_cycle -> _87825_/D : -213.378647
[setup in-reg] enable_cycle -> _87826_/D : -213.378647
[setup in-reg] enable_cycle -> _87827_/D : -213.378647
[setup in-reg] enable_cycle -> _87828_/D : -213.378647
[setup in-reg] enable_cycle -> _87829_/D : -213.378647
[setup in-reg] enable_cycle -> _87830_/D : -213.378647
[setup in-reg] enable_cycle -> _87831_/D : -213.378647
[setup in-reg] enable_cycle -> _87832_/D : -213.378647
[setup in-reg] enable_cycle -> _87833_/D : -213.378647
[setup in-reg] enable_cycle -> _87850_/D : -213.378647
[setup in-reg] enable_cycle -> _87851_/D : -213.378647
[setup in-reg] enable_cycle -> _87852_/D : -213.378647
[setup in-reg] enable_cycle -> _87853_/D : -213.378647
[setup in-reg] enable_cycle -> _87854_/D : -213.378647
[setup in-reg] enable_cycle -> _87855_/D : -213.378647
[setup in-reg] enable_cycle -> _87856_/D : -213.378647
[setup in-reg] enable_cycle -> _87857_/D : -213.378647
[setup in-reg] enable_cycle -> _87858_/D : -213.378647
[setup in-reg] enable_cycle -> _87859_/D : -213.378647
[setup in-reg] enable_cycle -> _87860_/D : -213.378647
[setup in-reg] enable_cycle -> _87861_/D : -213.378647
[setup in-reg] enable_cycle -> _87862_/D : -213.378647
[setup in-reg] enable_cycle -> _87863_/D : -213.378647
[setup in-reg] enable_cycle -> _87864_/D : -213.378647
[setup in-reg] enable_cycle -> _87865_/D : -213.378647
[setup in-reg] enable_cycle -> _87882_/D : -213.378647
[setup in-reg] enable_cycle -> _87883_/D : -213.378647
[setup in-reg] enable_cycle -> _87884_/D : -213.378647
[setup in-reg] enable_cycle -> _87885_/D : -213.378647
[setup in-reg] enable_cycle -> _87886_/D : -213.378647
[setup in-reg] enable_cycle -> _87887_/D : -213.378647
[setup in-reg] enable_cycle -> _87888_/D : -213.378647
[setup in-reg] enable_cycle -> _87889_/D : -213.378647
[setup in-reg] enable_cycle -> _87890_/D : -213.378647
[setup in-reg] enable_cycle -> _87891_/D : -213.378647
[setup in-reg] enable_cycle -> _87892_/D : -213.378647
[setup in-reg] enable_cycle -> _87893_/D : -213.378647
[setup in-reg] enable_cycle -> _87894_/D : -213.378647
[setup in-reg] enable_cycle -> _87895_/D : -213.378647
[setup in-reg] enable_cycle -> _87896_/D : -213.378647
[setup in-reg] enable_cycle -> _87897_/D : -213.378647
[setup in-reg] enable_cycle -> _87914_/D : -213.378647
[setup in-reg] enable_cycle -> _87915_/D : -213.378647
[setup in-reg] enable_cycle -> _87916_/D : -213.378647
[setup in-reg] enable_cycle -> _87917_/D : -213.378647
[setup in-reg] enable_cycle -> _87918_/D : -213.378647
[setup in-reg] enable_cycle -> _87919_/D : -213.378647
[setup in-reg] enable_cycle -> _87920_/D : -213.378647
[setup in-reg] enable_cycle -> _87921_/D : -213.378647
[setup in-reg] enable_cycle -> _87922_/D : -213.378647
[setup in-reg] enable_cycle -> _87923_/D : -213.378647
[setup in-reg] enable_cycle -> _87924_/D : -213.378647
[setup in-reg] enable_cycle -> _87925_/D : -213.378647
[setup in-reg] enable_cycle -> _87926_/D : -213.378647
[setup in-reg] enable_cycle -> _87927_/D : -213.378647
[setup in-reg] enable_cycle -> _87928_/D : -213.378647
[setup in-reg] enable_cycle -> _87929_/D : -213.378647
[setup in-reg] enable_cycle -> _87962_/D : -213.378647
[setup in-reg] enable_cycle -> _87963_/D : -213.378647
[setup in-reg] enable_cycle -> _87964_/D : -213.378647
[setup in-reg] enable_cycle -> _87965_/D : -213.378647
[setup in-reg] enable_cycle -> _87966_/D : -213.378647
[setup in-reg] enable_cycle -> _87967_/D : -213.378647
[setup in-reg] enable_cycle -> _87968_/D : -213.378647
[setup in-reg] enable_cycle -> _87969_/D : -213.378647
[setup in-reg] enable_cycle -> _87970_/D : -213.378647
[setup in-reg] enable_cycle -> _87971_/D : -213.378647
[setup in-reg] enable_cycle -> _87972_/D : -213.378647
[setup in-reg] enable_cycle -> _87973_/D : -213.378647
[setup in-reg] enable_cycle -> _87974_/D : -213.378647
[setup in-reg] enable_cycle -> _87975_/D : -213.378647
[setup in-reg] enable_cycle -> _87976_/D : -213.378647
[setup in-reg] enable_cycle -> _87977_/D : -213.378647
[setup in-reg] enable_cycle -> _87986_/D : -213.378647
[setup in-reg] enable_cycle -> _87987_/D : -213.378647
[setup in-reg] enable_cycle -> _87988_/D : -213.378647
[setup in-reg] enable_cycle -> _87989_/D : -213.378647
[setup in-reg] enable_cycle -> _87990_/D : -213.378647
[setup in-reg] enable_cycle -> _87991_/D : -213.378647
[setup in-reg] enable_cycle -> _87992_/D : -213.378647
[setup in-reg] enable_cycle -> _87993_/D : -213.378647
[setup in-reg] enable_cycle -> _87994_/D : -213.378647
[setup in-reg] enable_cycle -> _87995_/D : -213.378647
[setup in-reg] enable_cycle -> _87996_/D : -213.378647
[setup in-reg] enable_cycle -> _87997_/D : -213.378647
[setup in-reg] enable_cycle -> _87998_/D : -213.378647
[setup in-reg] enable_cycle -> _87999_/D : -213.378647
[setup in-reg] enable_cycle -> _88000_/D : -213.378647
[setup in-reg] enable_cycle -> _88001_/D : -213.378647
[setup in-reg] enable_cycle -> _88002_/D : -213.378647
[setup in-reg] enable_cycle -> _88003_/D : -213.378647
[setup in-reg] enable_cycle -> _88004_/D : -213.378647
[setup in-reg] enable_cycle -> _88005_/D : -213.378647
[setup in-reg] enable_cycle -> _88006_/D : -213.378647
[setup in-reg] enable_cycle -> _88007_/D : -213.378647
[setup in-reg] enable_cycle -> _88008_/D : -213.378647
[setup in-reg] enable_cycle -> _88009_/D : -213.378647
[setup in-reg] enable_cycle -> _88010_/D : -213.378647
[setup in-reg] enable_cycle -> _88011_/D : -213.378647
[setup in-reg] enable_cycle -> _88012_/D : -213.378647
[setup in-reg] enable_cycle -> _88013_/D : -213.378647
[setup in-reg] enable_cycle -> _88014_/D : -213.378647
[setup in-reg] enable_cycle -> _88015_/D : -213.378647
[setup in-reg] enable_cycle -> _88016_/D : -213.378647
[setup in-reg] enable_cycle -> _88017_/D : -213.378647
[setup in-reg] enable_cycle -> _88018_/D : -213.378647
[setup in-reg] enable_cycle -> _88117_/D : -213.378647
[setup in-reg] enable_cycle -> _88118_/D : -213.378647
[setup in-reg] enable_cycle -> _88119_/D : -213.378647
[setup in-reg] enable_cycle -> _88120_/D : -213.378647
[setup in-reg] enable_cycle -> _88121_/D : -213.378647
[setup in-reg] enable_cycle -> _88122_/D : -213.378647
[setup in-reg] enable_cycle -> _88123_/D : -213.378647
[setup in-reg] enable_cycle -> _88124_/D : -213.378647
[setup in-reg] enable_cycle -> _88125_/D : -213.378647
[setup in-reg] enable_cycle -> _88126_/D : -213.378647
[setup in-reg] enable_cycle -> _88127_/D : -213.378647
[setup in-reg] enable_cycle -> _88128_/D : -213.378647
[setup in-reg] enable_cycle -> _88129_/D : -213.378647
[setup in-reg] enable_cycle -> _88130_/D : -213.378647
[setup in-reg] enable_cycle -> _88131_/D : -213.378647
[setup in-reg] enable_cycle -> _88132_/D : -213.378647
[setup in-reg] enable_cycle -> _88133_/D : -213.378647
[setup in-reg] enable_cycle -> _88199_/D : -213.378647
[setup in-reg] enable_cycle -> _88200_/D : -213.378647
[setup in-reg] enable_cycle -> _88201_/D : -213.378647
[setup in-reg] enable_cycle -> _88202_/D : -213.378647
[setup in-reg] enable_cycle -> _88203_/D : -213.378647
[setup in-reg] enable_cycle -> _88204_/D : -213.378647
[setup in-reg] enable_cycle -> _88205_/D : -213.378647
[setup in-reg] enable_cycle -> _88206_/D : -213.378647
[setup in-reg] enable_cycle -> _88207_/D : -213.378647
[setup in-reg] enable_cycle -> _88208_/D : -213.378647
[setup in-reg] enable_cycle -> _88209_/D : -213.378647
[setup in-reg] enable_cycle -> _88210_/D : -213.378647
[setup in-reg] enable_cycle -> _88211_/D : -213.378647
[setup in-reg] enable_cycle -> _88212_/D : -213.378647
[setup in-reg] enable_cycle -> _88213_/D : -213.378647
[setup in-reg] enable_cycle -> _88214_/D : -213.378647
[setup in-reg] enable_cycle -> _88215_/D : -213.378647
[setup in-reg] enable_cycle -> _88281_/D : -213.378647
[setup in-reg] enable_cycle -> _88282_/D : -213.378647
[setup in-reg] enable_cycle -> _88283_/D : -213.378647
[setup in-reg] enable_cycle -> _88284_/D : -213.378647
[setup in-reg] enable_cycle -> _88285_/D : -213.378647
[setup in-reg] enable_cycle -> _88286_/D : -213.378647
[setup in-reg] enable_cycle -> _88287_/D : -213.378647
[setup in-reg] enable_cycle -> _88288_/D : -213.378647
[setup in-reg] enable_cycle -> _88289_/D : -213.378647
[setup in-reg] enable_cycle -> _88290_/D : -213.378647
[setup in-reg] enable_cycle -> _88291_/D : -213.378647
[setup in-reg] enable_cycle -> _88292_/D : -213.378647
[setup in-reg] enable_cycle -> _88293_/D : -213.378647
[setup in-reg] enable_cycle -> _88294_/D : -213.378647
[setup in-reg] enable_cycle -> _88295_/D : -213.378647
[setup in-reg] enable_cycle -> _88296_/D : -213.378647
[setup in-reg] enable_cycle -> _88297_/D : -213.378647
[setup in-reg] enable_cycle -> _88363_/D : -213.378647
[setup in-reg] enable_cycle -> _88364_/D : -213.378647
[setup in-reg] enable_cycle -> _88365_/D : -213.378647
[setup in-reg] enable_cycle -> _88366_/D : -213.378647
[setup in-reg] enable_cycle -> _88367_/D : -213.378647
[setup in-reg] enable_cycle -> _88368_/D : -213.378647
[setup in-reg] enable_cycle -> _88369_/D : -213.378647
[setup in-reg] enable_cycle -> _88370_/D : -213.378647
[setup in-reg] enable_cycle -> _88371_/D : -213.378647
[setup in-reg] enable_cycle -> _88372_/D : -213.378647
[setup in-reg] enable_cycle -> _88373_/D : -213.378647
[setup in-reg] enable_cycle -> _88374_/D : -213.378647
[setup in-reg] enable_cycle -> _88375_/D : -213.378647
[setup in-reg] enable_cycle -> _88376_/D : -213.378647
[setup in-reg] enable_cycle -> _88377_/D : -213.378647
[setup in-reg] enable_cycle -> _88378_/D : -213.378647
[setup in-reg] enable_cycle -> _88379_/D : -213.378647
[setup in-reg] enable_cycle -> _88445_/D : -213.378647
[setup in-reg] enable_cycle -> _88446_/D : -213.378647
[setup in-reg] enable_cycle -> _88447_/D : -213.378647
[setup in-reg] enable_cycle -> _88448_/D : -213.378647
[setup in-reg] enable_cycle -> _88449_/D : -213.378647
[setup in-reg] enable_cycle -> _88450_/D : -213.378647
[setup in-reg] enable_cycle -> _88451_/D : -213.378647
[setup in-reg] enable_cycle -> _88452_/D : -213.378647
[setup in-reg] enable_cycle -> _88453_/D : -213.378647
[setup in-reg] enable_cycle -> _88454_/D : -213.378647
[setup in-reg] enable_cycle -> _88455_/D : -213.378647
[setup in-reg] enable_cycle -> _88456_/D : -213.378647
[setup in-reg] enable_cycle -> _88457_/D : -213.378647
[setup in-reg] enable_cycle -> _88458_/D : -213.378647
[setup in-reg] enable_cycle -> _88459_/D : -213.378647
[setup in-reg] enable_cycle -> _88460_/D : -213.378647
[setup in-reg] enable_cycle -> _88461_/D : -213.378647
[setup in-reg] enable_cycle -> _88527_/D : -213.378647
[setup in-reg] enable_cycle -> _88528_/D : -213.378647
[setup in-reg] enable_cycle -> _88529_/D : -213.378647
[setup in-reg] enable_cycle -> _88530_/D : -213.378647
[setup in-reg] enable_cycle -> _88531_/D : -213.378647
[setup in-reg] enable_cycle -> _88532_/D : -213.378647
[setup in-reg] enable_cycle -> _88533_/D : -213.378647
[setup in-reg] enable_cycle -> _88534_/D : -213.378647
[setup in-reg] enable_cycle -> _88535_/D : -213.378647
[setup in-reg] enable_cycle -> _88536_/D : -213.378647
[setup in-reg] enable_cycle -> _88537_/D : -213.378647
[setup in-reg] enable_cycle -> _88538_/D : -213.378647
[setup in-reg] enable_cycle -> _88539_/D : -213.378647
[setup in-reg] enable_cycle -> _88540_/D : -213.378647
[setup in-reg] enable_cycle -> _88541_/D : -213.378647
[setup in-reg] enable_cycle -> _88542_/D : -213.378647
[setup in-reg] enable_cycle -> _88543_/D : -213.378647
[setup in-reg] enable_cycle -> _88592_/D : -213.378647
[setup in-reg] enable_cycle -> _88593_/D : -213.378647
[setup in-reg] enable_cycle -> _88594_/D : -213.378647
[setup in-reg] enable_cycle -> _88595_/D : -213.378647
[setup in-reg] enable_cycle -> _88596_/D : -213.378647
[setup in-reg] enable_cycle -> _88597_/D : -213.378647
[setup in-reg] enable_cycle -> _88598_/D : -213.378647
[setup in-reg] enable_cycle -> _88599_/D : -213.378647
[setup in-reg] enable_cycle -> _88600_/D : -213.378647
[setup in-reg] enable_cycle -> _88601_/D : -213.378647
[setup in-reg] enable_cycle -> _88602_/D : -213.378647
[setup in-reg] enable_cycle -> _88603_/D : -213.378647
[setup in-reg] enable_cycle -> _88604_/D : -213.378647
[setup in-reg] enable_cycle -> _88605_/D : -213.378647
[setup in-reg] enable_cycle -> _88606_/D : -213.378647
[setup in-reg] enable_cycle -> _88607_/D : -213.378647
[setup in-reg] enable_cycle -> _88608_/D : -213.378647
[setup in-reg] enable_cycle -> _88634_/D : -213.378647
[setup in-reg] enable_cycle -> _88635_/D : -213.378647
[setup in-reg] enable_cycle -> _88636_/D : -213.378647
[setup in-reg] enable_cycle -> _88637_/D : -213.378647
[setup in-reg] enable_cycle -> _88638_/D : -213.378647
[setup in-reg] enable_cycle -> _88639_/D : -213.378647
[setup in-reg] enable_cycle -> _88640_/D : -213.378647
[setup in-reg] enable_cycle -> _88641_/D : -213.378647
[setup in-reg] enable_cycle -> _88642_/D : -213.378647
[setup in-reg] enable_cycle -> _88643_/D : -213.378647
[setup in-reg] enable_cycle -> _88644_/D : -213.378647
[setup in-reg] enable_cycle -> _88645_/D : -213.378647
[setup in-reg] enable_cycle -> _88646_/D : -213.378647
[setup in-reg] enable_cycle -> _88647_/D : -213.378647
[setup in-reg] enable_cycle -> _88648_/D : -213.378647
[setup in-reg] enable_cycle -> _88649_/D : -213.378647
[setup in-reg] enable_cycle -> _88650_/D : -213.378647
[setup in-reg] enable_cycle -> _88651_/D : -213.378647
[setup in-reg] enable_cycle -> _88753_/D : -213.378647
[setup in-reg] enable_cycle -> _88754_/D : -213.378647
[setup in-reg] enable_cycle -> _88755_/D : -213.378647
[setup in-reg] enable_cycle -> _88756_/D : -213.378647
[setup in-reg] enable_cycle -> _88757_/D : -213.378647
[setup in-reg] enable_cycle -> _88758_/D : -213.378647
[setup in-reg] enable_cycle -> _88759_/D : -213.378647
[setup in-reg] enable_cycle -> _88760_/D : -213.378647
[setup in-reg] enable_cycle -> _88761_/D : -213.378647
[setup in-reg] enable_cycle -> _88762_/D : -213.378647
[setup in-reg] enable_cycle -> _88763_/D : -213.378647
[setup in-reg] enable_cycle -> _88764_/D : -213.378647
[setup in-reg] enable_cycle -> _88765_/D : -213.378647
[setup in-reg] enable_cycle -> _88766_/D : -213.378647
[setup in-reg] enable_cycle -> _88767_/D : -213.378647
[setup in-reg] enable_cycle -> _88768_/D : -213.378647
[setup in-reg] enable_cycle -> _88769_/D : -213.378647
[setup in-reg] enable_cycle -> _88770_/D : -213.378647
[setup in-reg] enable_cycle -> _88838_/D : -213.378647
[setup in-reg] enable_cycle -> _88839_/D : -213.378647
[setup in-reg] enable_cycle -> _88840_/D : -213.378647
[setup in-reg] enable_cycle -> _88841_/D : -213.378647
[setup in-reg] enable_cycle -> _88842_/D : -213.378647
[setup in-reg] enable_cycle -> _88843_/D : -213.378647
[setup in-reg] enable_cycle -> _88844_/D : -213.378647
[setup in-reg] enable_cycle -> _88845_/D : -213.378647
[setup in-reg] enable_cycle -> _88846_/D : -213.378647
[setup in-reg] enable_cycle -> _88847_/D : -213.378647
[setup in-reg] enable_cycle -> _88848_/D : -213.378647
[setup in-reg] enable_cycle -> _88849_/D : -213.378647
[setup in-reg] enable_cycle -> _88850_/D : -213.378647
[setup in-reg] enable_cycle -> _88851_/D : -213.378647
[setup in-reg] enable_cycle -> _88852_/D : -213.378647
[setup in-reg] enable_cycle -> _88853_/D : -213.378647
[setup in-reg] enable_cycle -> _88854_/D : -213.378647
[setup in-reg] enable_cycle -> _88855_/D : -213.378647
[setup in-reg] enable_cycle -> _88923_/D : -213.378647
[setup in-reg] enable_cycle -> _88924_/D : -213.378647
[setup in-reg] enable_cycle -> _88925_/D : -213.378647
[setup in-reg] enable_cycle -> _88926_/D : -213.378647
[setup in-reg] enable_cycle -> _88927_/D : -213.378647
[setup in-reg] enable_cycle -> _88928_/D : -213.378647
[setup in-reg] enable_cycle -> _88929_/D : -213.378647
[setup in-reg] enable_cycle -> _88930_/D : -213.378647
[setup in-reg] enable_cycle -> _88931_/D : -213.378647
[setup in-reg] enable_cycle -> _88932_/D : -213.378647
[setup in-reg] enable_cycle -> _88933_/D : -213.378647
[setup in-reg] enable_cycle -> _88934_/D : -213.378647
[setup in-reg] enable_cycle -> _88935_/D : -213.378647
[setup in-reg] enable_cycle -> _88936_/D : -213.378647
[setup in-reg] enable_cycle -> _88937_/D : -213.378647
[setup in-reg] enable_cycle -> _88938_/D : -213.378647
[setup in-reg] enable_cycle -> _88939_/D : -213.378647
[setup in-reg] enable_cycle -> _88940_/D : -213.378647
[setup in-reg] enable_cycle -> _89008_/D : -213.378647
[setup in-reg] enable_cycle -> _89009_/D : -213.378647
[setup in-reg] enable_cycle -> _89010_/D : -213.378647
[setup in-reg] enable_cycle -> _89011_/D : -213.378647
[setup in-reg] enable_cycle -> _89012_/D : -213.378647
[setup in-reg] enable_cycle -> _89013_/D : -213.378647
[setup in-reg] enable_cycle -> _89014_/D : -213.378647
[setup in-reg] enable_cycle -> _89015_/D : -213.378647
[setup in-reg] enable_cycle -> _89016_/D : -213.378647
[setup in-reg] enable_cycle -> _89017_/D : -213.378647
[setup in-reg] enable_cycle -> _89018_/D : -213.378647
[setup in-reg] enable_cycle -> _89019_/D : -213.378647
[setup in-reg] enable_cycle -> _89020_/D : -213.378647
[setup in-reg] enable_cycle -> _89021_/D : -213.378647
[setup in-reg] enable_cycle -> _89022_/D : -213.378647
[setup in-reg] enable_cycle -> _89023_/D : -213.378647
[setup in-reg] enable_cycle -> _89024_/D : -213.378647
[setup in-reg] enable_cycle -> _89025_/D : -213.378647
[setup in-reg] enable_cycle -> _89093_/D : -213.378647
[setup in-reg] enable_cycle -> _89094_/D : -213.378647
[setup in-reg] enable_cycle -> _89095_/D : -213.378647
[setup in-reg] enable_cycle -> _89096_/D : -213.378647
[setup in-reg] enable_cycle -> _89097_/D : -213.378647
[setup in-reg] enable_cycle -> _89098_/D : -213.378647
[setup in-reg] enable_cycle -> _89099_/D : -213.378647
[setup in-reg] enable_cycle -> _89100_/D : -213.378647
[setup in-reg] enable_cycle -> _89101_/D : -213.378647
[setup in-reg] enable_cycle -> _89102_/D : -213.378647
[setup in-reg] enable_cycle -> _89103_/D : -213.378647
[setup in-reg] enable_cycle -> _89104_/D : -213.378647
[setup in-reg] enable_cycle -> _89105_/D : -213.378647
[setup in-reg] enable_cycle -> _89106_/D : -213.378647
[setup in-reg] enable_cycle -> _89107_/D : -213.378647
[setup in-reg] enable_cycle -> _89108_/D : -213.378647
[setup in-reg] enable_cycle -> _89109_/D : -213.378647
[setup in-reg] enable_cycle -> _89110_/D : -213.378647
[setup in-reg] enable_cycle -> _89178_/D : -213.378647
[setup in-reg] enable_cycle -> _89179_/D : -213.378647
[setup in-reg] enable_cycle -> _89180_/D : -213.378647
[setup in-reg] enable_cycle -> _89181_/D : -213.378647
[setup in-reg] enable_cycle -> _89182_/D : -213.378647
[setup in-reg] enable_cycle -> _89183_/D : -213.378647
[setup in-reg] enable_cycle -> _89184_/D : -213.378647
[setup in-reg] enable_cycle -> _89185_/D : -213.378647
[setup in-reg] enable_cycle -> _89186_/D : -213.378647
[setup in-reg] enable_cycle -> _89187_/D : -213.378647
[setup in-reg] enable_cycle -> _89188_/D : -213.378647
[setup in-reg] enable_cycle -> _89189_/D : -213.378647
[setup in-reg] enable_cycle -> _89190_/D : -213.378647
[setup in-reg] enable_cycle -> _89191_/D : -213.378647
[setup in-reg] enable_cycle -> _89192_/D : -213.378647
[setup in-reg] enable_cycle -> _89193_/D : -213.378647
[setup in-reg] enable_cycle -> _89194_/D : -213.378647
[setup in-reg] enable_cycle -> _89195_/D : -213.378647
[setup in-reg] enable_cycle -> _89245_/D : -213.378647
[setup in-reg] enable_cycle -> _89246_/D : -213.378647
[setup in-reg] enable_cycle -> _89247_/D : -213.378647
[setup in-reg] enable_cycle -> _89248_/D : -213.378647
[setup in-reg] enable_cycle -> _89249_/D : -213.378647
[setup in-reg] enable_cycle -> _89250_/D : -213.378647
[setup in-reg] enable_cycle -> _89251_/D : -213.378647
[setup in-reg] enable_cycle -> _89252_/D : -213.378647
[setup in-reg] enable_cycle -> _89253_/D : -213.378647
[setup in-reg] enable_cycle -> _89254_/D : -213.378647
[setup in-reg] enable_cycle -> _89255_/D : -213.378647
[setup in-reg] enable_cycle -> _89256_/D : -213.378647
[setup in-reg] enable_cycle -> _89257_/D : -213.378647
[setup in-reg] enable_cycle -> _89258_/D : -213.378647
[setup in-reg] enable_cycle -> _89259_/D : -213.378647
[setup in-reg] enable_cycle -> _89260_/D : -213.378647
[setup in-reg] enable_cycle -> _89261_/D : -213.378647
[setup in-reg] enable_cycle -> _89262_/D : -213.378647
[setup in-reg] enable_cycle -> _89289_/D : -213.378647
[setup in-reg] enable_cycle -> _89290_/D : -213.378647
[setup in-reg] enable_cycle -> _89291_/D : -213.378647
[setup in-reg] enable_cycle -> _89292_/D : -213.378647
[setup in-reg] enable_cycle -> _89293_/D : -213.378647
[setup in-reg] enable_cycle -> _89294_/D : -213.378647
[setup in-reg] enable_cycle -> _89295_/D : -213.378647
[setup in-reg] enable_cycle -> _89296_/D : -213.378647
[setup in-reg] enable_cycle -> _89297_/D : -213.378647
[setup in-reg] enable_cycle -> _89298_/D : -213.378647
[setup in-reg] enable_cycle -> _89299_/D : -213.378647
[setup in-reg] enable_cycle -> _89300_/D : -213.378647
[setup in-reg] enable_cycle -> _89301_/D : -213.378647
[setup in-reg] enable_cycle -> _89302_/D : -213.378647
[setup in-reg] enable_cycle -> _89303_/D : -213.378647
[setup in-reg] enable_cycle -> _89304_/D : -213.378647
[setup in-reg] enable_cycle -> _89305_/D : -213.378647
[setup in-reg] enable_cycle -> _89306_/D : -213.378647
[setup in-reg] enable_cycle -> _89307_/D : -213.378647
[setup in-reg] enable_cycle -> _89412_/D : -213.378647
[setup in-reg] enable_cycle -> _89413_/D : -213.378647
[setup in-reg] enable_cycle -> _89414_/D : -213.378647
[setup in-reg] enable_cycle -> _89415_/D : -213.378647
[setup in-reg] enable_cycle -> _89416_/D : -213.378647
[setup in-reg] enable_cycle -> _89417_/D : -213.378647
[setup in-reg] enable_cycle -> _89418_/D : -213.378647
[setup in-reg] enable_cycle -> _89419_/D : -213.378647
[setup in-reg] enable_cycle -> _89420_/D : -213.378647
[setup in-reg] enable_cycle -> _89421_/D : -213.378647
[setup in-reg] enable_cycle -> _89422_/D : -213.378647
[setup in-reg] enable_cycle -> _89423_/D : -213.378647
[setup in-reg] enable_cycle -> _89424_/D : -213.378647
[setup in-reg] enable_cycle -> _89425_/D : -213.378647
[setup in-reg] enable_cycle -> _89426_/D : -213.378647
[setup in-reg] enable_cycle -> _89427_/D : -213.378647
[setup in-reg] enable_cycle -> _89428_/D : -213.378647
[setup in-reg] enable_cycle -> _89429_/D : -213.378647
[setup in-reg] enable_cycle -> _89430_/D : -213.378647
[setup in-reg] enable_cycle -> _89500_/D : -213.378647
[setup in-reg] enable_cycle -> _89501_/D : -213.378647
[setup in-reg] enable_cycle -> _89502_/D : -213.378647
[setup in-reg] enable_cycle -> _89503_/D : -213.378647
[setup in-reg] enable_cycle -> _89504_/D : -213.378647
[setup in-reg] enable_cycle -> _89505_/D : -213.378647
[setup in-reg] enable_cycle -> _89506_/D : -213.378647
[setup in-reg] enable_cycle -> _89507_/D : -213.378647
[setup in-reg] enable_cycle -> _89508_/D : -213.378647
[setup in-reg] enable_cycle -> _89509_/D : -213.378647
[setup in-reg] enable_cycle -> _89510_/D : -213.378647
[setup in-reg] enable_cycle -> _89511_/D : -213.378647
[setup in-reg] enable_cycle -> _89512_/D : -213.378647
[setup in-reg] enable_cycle -> _89513_/D : -213.378647
[setup in-reg] enable_cycle -> _89514_/D : -213.378647
[setup in-reg] enable_cycle -> _89515_/D : -213.378647
[setup in-reg] enable_cycle -> _89516_/D : -213.378647
[setup in-reg] enable_cycle -> _89517_/D : -213.378647
[setup in-reg] enable_cycle -> _89518_/D : -213.378647
[setup in-reg] enable_cycle -> _89588_/D : -213.378647
[setup in-reg] enable_cycle -> _89589_/D : -213.378647
[setup in-reg] enable_cycle -> _89590_/D : -213.378647
[setup in-reg] enable_cycle -> _89591_/D : -213.378647
[setup in-reg] enable_cycle -> _89592_/D : -213.378647
[setup in-reg] enable_cycle -> _89593_/D : -213.378647
[setup in-reg] enable_cycle -> _89594_/D : -213.378647
[setup in-reg] enable_cycle -> _89595_/D : -213.378647
[setup in-reg] enable_cycle -> _89596_/D : -213.378647
[setup in-reg] enable_cycle -> _89597_/D : -213.378647
[setup in-reg] enable_cycle -> _89598_/D : -213.378647
[setup in-reg] enable_cycle -> _89599_/D : -213.378647
[setup in-reg] enable_cycle -> _89600_/D : -213.378647
[setup in-reg] enable_cycle -> _89601_/D : -213.378647
[setup in-reg] enable_cycle -> _89602_/D : -213.378647
[setup in-reg] enable_cycle -> _89603_/D : -213.378647
[setup in-reg] enable_cycle -> _89604_/D : -213.378647
[setup in-reg] enable_cycle -> _89605_/D : -213.378647
[setup in-reg] enable_cycle -> _89606_/D : -213.378647
[setup in-reg] enable_cycle -> _89676_/D : -213.378647
[setup in-reg] enable_cycle -> _89677_/D : -213.378647
[setup in-reg] enable_cycle -> _89678_/D : -213.378647
[setup in-reg] enable_cycle -> _89679_/D : -213.378647
[setup in-reg] enable_cycle -> _89680_/D : -213.378647
[setup in-reg] enable_cycle -> _89681_/D : -213.378647
[setup in-reg] enable_cycle -> _89682_/D : -213.378647
[setup in-reg] enable_cycle -> _89683_/D : -213.378647
[setup in-reg] enable_cycle -> _89684_/D : -213.378647
[setup in-reg] enable_cycle -> _89685_/D : -213.378647
[setup in-reg] enable_cycle -> _89686_/D : -213.378647
[setup in-reg] enable_cycle -> _89687_/D : -213.378647
[setup in-reg] enable_cycle -> _89688_/D : -213.378647
[setup in-reg] enable_cycle -> _89689_/D : -213.378647
[setup in-reg] enable_cycle -> _89690_/D : -213.378647
[setup in-reg] enable_cycle -> _89691_/D : -213.378647
[setup in-reg] enable_cycle -> _89692_/D : -213.378647
[setup in-reg] enable_cycle -> _89693_/D : -213.378647
[setup in-reg] enable_cycle -> _89694_/D : -213.378647
[setup in-reg] enable_cycle -> _89764_/D : -213.378647
[setup in-reg] enable_cycle -> _89765_/D : -213.378647
[setup in-reg] enable_cycle -> _89766_/D : -213.378647
[setup in-reg] enable_cycle -> _89767_/D : -213.378647
[setup in-reg] enable_cycle -> _89768_/D : -213.378647
[setup in-reg] enable_cycle -> _89769_/D : -213.378647
[setup in-reg] enable_cycle -> _89770_/D : -213.378647
[setup in-reg] enable_cycle -> _89771_/D : -213.378647
[setup in-reg] enable_cycle -> _89772_/D : -213.378647
[setup in-reg] enable_cycle -> _89773_/D : -213.378647
[setup in-reg] enable_cycle -> _89774_/D : -213.378647
[setup in-reg] enable_cycle -> _89775_/D : -213.378647
[setup in-reg] enable_cycle -> _89776_/D : -213.378647
[setup in-reg] enable_cycle -> _89777_/D : -213.378647
[setup in-reg] enable_cycle -> _89778_/D : -213.378647
[setup in-reg] enable_cycle -> _89779_/D : -213.378647
[setup in-reg] enable_cycle -> _89780_/D : -213.378647
[setup in-reg] enable_cycle -> _89781_/D : -213.378647
[setup in-reg] enable_cycle -> _89782_/D : -213.378647
[setup in-reg] enable_cycle -> _89852_/D : -213.378647
[setup in-reg] enable_cycle -> _89853_/D : -213.378647
[setup in-reg] enable_cycle -> _89854_/D : -213.378647
[setup in-reg] enable_cycle -> _89855_/D : -213.378647
[setup in-reg] enable_cycle -> _89856_/D : -213.378647
[setup in-reg] enable_cycle -> _89857_/D : -213.378647
[setup in-reg] enable_cycle -> _89858_/D : -213.378647
[setup in-reg] enable_cycle -> _89859_/D : -213.378647
[setup in-reg] enable_cycle -> _89860_/D : -213.378647
[setup in-reg] enable_cycle -> _89861_/D : -213.378647
[setup in-reg] enable_cycle -> _89862_/D : -213.378647
[setup in-reg] enable_cycle -> _89863_/D : -213.378647
[setup in-reg] enable_cycle -> _89864_/D : -213.378647
[setup in-reg] enable_cycle -> _89865_/D : -213.378647
[setup in-reg] enable_cycle -> _89866_/D : -213.378647
[setup in-reg] enable_cycle -> _89867_/D : -213.378647
[setup in-reg] enable_cycle -> _89868_/D : -213.378647
[setup in-reg] enable_cycle -> _89869_/D : -213.378647
[setup in-reg] enable_cycle -> _89870_/D : -213.378647
[setup in-reg] enable_cycle -> _89921_/D : -213.378647
[setup in-reg] enable_cycle -> _89922_/D : -213.378647
[setup in-reg] enable_cycle -> _89923_/D : -213.378647
[setup in-reg] enable_cycle -> _89924_/D : -213.378647
[setup in-reg] enable_cycle -> _89925_/D : -213.378647
[setup in-reg] enable_cycle -> _89926_/D : -213.378647
[setup in-reg] enable_cycle -> _89927_/D : -213.378647
[setup in-reg] enable_cycle -> _89928_/D : -213.378647
[setup in-reg] enable_cycle -> _89929_/D : -213.378647
[setup in-reg] enable_cycle -> _89930_/D : -213.378647
[setup in-reg] enable_cycle -> _89931_/D : -213.378647
[setup in-reg] enable_cycle -> _89932_/D : -213.378647
[setup in-reg] enable_cycle -> _89933_/D : -213.378647
[setup in-reg] enable_cycle -> _89934_/D : -213.378647
[setup in-reg] enable_cycle -> _89935_/D : -213.378647
[setup in-reg] enable_cycle -> _89936_/D : -213.378647
[setup in-reg] enable_cycle -> _89937_/D : -213.378647
[setup in-reg] enable_cycle -> _89938_/D : -213.378647
[setup in-reg] enable_cycle -> _89939_/D : -213.378647
[setup in-reg] enable_cycle -> _89967_/D : -213.378647
[setup in-reg] enable_cycle -> _89968_/D : -213.378647
[setup in-reg] enable_cycle -> _89969_/D : -213.378647
[setup in-reg] enable_cycle -> _89970_/D : -213.378647
[setup in-reg] enable_cycle -> _89971_/D : -213.378647
[setup in-reg] enable_cycle -> _89972_/D : -213.378647
[setup in-reg] enable_cycle -> _89973_/D : -213.378647
[setup in-reg] enable_cycle -> _89974_/D : -213.378647
[setup in-reg] enable_cycle -> _89975_/D : -213.378647
[setup in-reg] enable_cycle -> _89976_/D : -213.378647
[setup in-reg] enable_cycle -> _89977_/D : -213.378647
[setup in-reg] enable_cycle -> _89978_/D : -213.378647
[setup in-reg] enable_cycle -> _89979_/D : -213.378647
[setup in-reg] enable_cycle -> _89980_/D : -213.378647
[setup in-reg] enable_cycle -> _89981_/D : -213.378647
[setup in-reg] enable_cycle -> _89982_/D : -213.378647
[setup in-reg] enable_cycle -> _89983_/D : -213.378647
[setup in-reg] enable_cycle -> _89984_/D : -213.378647
[setup in-reg] enable_cycle -> _89985_/D : -213.378647
[setup in-reg] enable_cycle -> _89986_/D : -213.378647
[setup in-reg] enable_cycle -> _90094_/D : -213.378647
[setup in-reg] enable_cycle -> _90095_/D : -213.378647
[setup in-reg] enable_cycle -> _90096_/D : -213.378647
[setup in-reg] enable_cycle -> _90097_/D : -213.378647
[setup in-reg] enable_cycle -> _90098_/D : -213.378647
[setup in-reg] enable_cycle -> _90099_/D : -213.378647
[setup in-reg] enable_cycle -> _90100_/D : -213.378647
[setup in-reg] enable_cycle -> _90101_/D : -213.378647
[setup in-reg] enable_cycle -> _90102_/D : -213.378647
[setup in-reg] enable_cycle -> _90103_/D : -213.378647
[setup in-reg] enable_cycle -> _90104_/D : -213.378647
[setup in-reg] enable_cycle -> _90105_/D : -213.378647
[setup in-reg] enable_cycle -> _90106_/D : -213.378647
[setup in-reg] enable_cycle -> _90107_/D : -213.378647
[setup in-reg] enable_cycle -> _90108_/D : -213.378647
[setup in-reg] enable_cycle -> _90109_/D : -213.378647
[setup in-reg] enable_cycle -> _90110_/D : -213.378647
[setup in-reg] enable_cycle -> _90111_/D : -213.378647
[setup in-reg] enable_cycle -> _90112_/D : -213.378647
[setup in-reg] enable_cycle -> _90113_/D : -213.378647
[setup in-reg] enable_cycle -> _90185_/D : -213.378647
[setup in-reg] enable_cycle -> _90186_/D : -213.378647
[setup in-reg] enable_cycle -> _90187_/D : -213.378647
[setup in-reg] enable_cycle -> _90188_/D : -213.378647
[setup in-reg] enable_cycle -> _90189_/D : -213.378647
[setup in-reg] enable_cycle -> _90190_/D : -213.378647
[setup in-reg] enable_cycle -> _90191_/D : -213.378647
[setup in-reg] enable_cycle -> _90192_/D : -213.378647
[setup in-reg] enable_cycle -> _90193_/D : -213.378647
[setup in-reg] enable_cycle -> _90194_/D : -213.378647
[setup in-reg] enable_cycle -> _90195_/D : -213.378647
[setup in-reg] enable_cycle -> _90196_/D : -213.378647
[setup in-reg] enable_cycle -> _90197_/D : -213.378647
[setup in-reg] enable_cycle -> _90198_/D : -213.378647
[setup in-reg] enable_cycle -> _90199_/D : -213.378647
[setup in-reg] enable_cycle -> _90200_/D : -213.378647
[setup in-reg] enable_cycle -> _90201_/D : -213.378647
[setup in-reg] enable_cycle -> _90202_/D : -213.378647
[setup in-reg] enable_cycle -> _90203_/D : -213.378647
[setup in-reg] enable_cycle -> _90204_/D : -213.378647
[setup in-reg] enable_cycle -> _90276_/D : -213.378647
[setup in-reg] enable_cycle -> _90277_/D : -213.378647
[setup in-reg] enable_cycle -> _90278_/D : -213.378647
[setup in-reg] enable_cycle -> _90279_/D : -213.378647
[setup in-reg] enable_cycle -> _90280_/D : -213.378647
[setup in-reg] enable_cycle -> _90281_/D : -213.378647
[setup in-reg] enable_cycle -> _90282_/D : -213.378647
[setup in-reg] enable_cycle -> _90283_/D : -213.378647
[setup in-reg] enable_cycle -> _90284_/D : -213.378647
[setup in-reg] enable_cycle -> _90285_/D : -213.378647
[setup in-reg] enable_cycle -> _90286_/D : -213.378647
[setup in-reg] enable_cycle -> _90287_/D : -213.378647
[setup in-reg] enable_cycle -> _90288_/D : -213.378647
[setup in-reg] enable_cycle -> _90289_/D : -213.378647
[setup in-reg] enable_cycle -> _90290_/D : -213.378647
[setup in-reg] enable_cycle -> _90291_/D : -213.378647
[setup in-reg] enable_cycle -> _90292_/D : -213.378647
[setup in-reg] enable_cycle -> _90293_/D : -213.378647
[setup in-reg] enable_cycle -> _90294_/D : -213.378647
[setup in-reg] enable_cycle -> _90295_/D : -213.378647
[setup in-reg] enable_cycle -> _90367_/D : -213.378647
[setup in-reg] enable_cycle -> _90368_/D : -213.378647
[setup in-reg] enable_cycle -> _90369_/D : -213.378647
[setup in-reg] enable_cycle -> _90370_/D : -213.378647
[setup in-reg] enable_cycle -> _90371_/D : -213.378647
[setup in-reg] enable_cycle -> _90372_/D : -213.378647
[setup in-reg] enable_cycle -> _90373_/D : -213.378647
[setup in-reg] enable_cycle -> _90374_/D : -213.378647
[setup in-reg] enable_cycle -> _90375_/D : -213.378647
[setup in-reg] enable_cycle -> _90376_/D : -213.378647
[setup in-reg] enable_cycle -> _90377_/D : -213.378647
[setup in-reg] enable_cycle -> _90378_/D : -213.378647
[setup in-reg] enable_cycle -> _90379_/D : -213.378647
[setup in-reg] enable_cycle -> _90380_/D : -213.378647
[setup in-reg] enable_cycle -> _90381_/D : -213.378647
[setup in-reg] enable_cycle -> _90382_/D : -213.378647
[setup in-reg] enable_cycle -> _90383_/D : -213.378647
[setup in-reg] enable_cycle -> _90384_/D : -213.378647
[setup in-reg] enable_cycle -> _90385_/D : -213.378647
[setup in-reg] enable_cycle -> _90386_/D : -213.378647
[setup in-reg] enable_cycle -> _90458_/D : -213.378647
[setup in-reg] enable_cycle -> _90459_/D : -213.378647
[setup in-reg] enable_cycle -> _90460_/D : -213.378647
[setup in-reg] enable_cycle -> _90461_/D : -213.378647
[setup in-reg] enable_cycle -> _90462_/D : -213.378647
[setup in-reg] enable_cycle -> _90463_/D : -213.378647
[setup in-reg] enable_cycle -> _90464_/D : -213.378647
[setup in-reg] enable_cycle -> _90465_/D : -213.378647
[setup in-reg] enable_cycle -> _90466_/D : -213.378647
[setup in-reg] enable_cycle -> _90467_/D : -213.378647
[setup in-reg] enable_cycle -> _90468_/D : -213.378647
[setup in-reg] enable_cycle -> _90469_/D : -213.378647
[setup in-reg] enable_cycle -> _90470_/D : -213.378647
[setup in-reg] enable_cycle -> _90471_/D : -213.378647
[setup in-reg] enable_cycle -> _90472_/D : -213.378647
[setup in-reg] enable_cycle -> _90473_/D : -213.378647
[setup in-reg] enable_cycle -> _90474_/D : -213.378647
[setup in-reg] enable_cycle -> _90475_/D : -213.378647
[setup in-reg] enable_cycle -> _90476_/D : -213.378647
[setup in-reg] enable_cycle -> _90477_/D : -213.378647
[setup in-reg] enable_cycle -> _90549_/D : -213.378647
[setup in-reg] enable_cycle -> _90550_/D : -213.378647
[setup in-reg] enable_cycle -> _90551_/D : -213.378647
[setup in-reg] enable_cycle -> _90552_/D : -213.378647
[setup in-reg] enable_cycle -> _90553_/D : -213.378647
[setup in-reg] enable_cycle -> _90554_/D : -213.378647
[setup in-reg] enable_cycle -> _90555_/D : -213.378647
[setup in-reg] enable_cycle -> _90556_/D : -213.378647
[setup in-reg] enable_cycle -> _90557_/D : -213.378647
[setup in-reg] enable_cycle -> _90558_/D : -213.378647
[setup in-reg] enable_cycle -> _90559_/D : -213.378647
[setup in-reg] enable_cycle -> _90560_/D : -213.378647
[setup in-reg] enable_cycle -> _90561_/D : -213.378647
[setup in-reg] enable_cycle -> _90562_/D : -213.378647
[setup in-reg] enable_cycle -> _90563_/D : -213.378647
[setup in-reg] enable_cycle -> _90564_/D : -213.378647
[setup in-reg] enable_cycle -> _90565_/D : -213.378647
[setup in-reg] enable_cycle -> _90566_/D : -213.378647
[setup in-reg] enable_cycle -> _90567_/D : -213.378647
[setup in-reg] enable_cycle -> _90568_/D : -213.378647
[setup in-reg] enable_cycle -> _90620_/D : -213.378647
[setup in-reg] enable_cycle -> _90621_/D : -213.378647
[setup in-reg] enable_cycle -> _90622_/D : -213.378647
[setup in-reg] enable_cycle -> _90623_/D : -213.378647
[setup in-reg] enable_cycle -> _90624_/D : -213.378647
[setup in-reg] enable_cycle -> _90625_/D : -213.378647
[setup in-reg] enable_cycle -> _90626_/D : -213.378647
[setup in-reg] enable_cycle -> _90627_/D : -213.378647
[setup in-reg] enable_cycle -> _90628_/D : -213.378647
[setup in-reg] enable_cycle -> _90629_/D : -213.378647
[setup in-reg] enable_cycle -> _90630_/D : -213.378647
[setup in-reg] enable_cycle -> _90631_/D : -213.378647
[setup in-reg] enable_cycle -> _90632_/D : -213.378647
[setup in-reg] enable_cycle -> _90633_/D : -213.378647
[setup in-reg] enable_cycle -> _90634_/D : -213.378647
[setup in-reg] enable_cycle -> _90635_/D : -213.378647
[setup in-reg] enable_cycle -> _90636_/D : -213.378647
[setup in-reg] enable_cycle -> _90637_/D : -213.378647
[setup in-reg] enable_cycle -> _90638_/D : -213.378647
[setup in-reg] enable_cycle -> _90639_/D : -213.378647
[setup in-reg] enable_cycle -> _90668_/D : -213.378647
[setup in-reg] enable_cycle -> _90669_/D : -213.378647
[setup in-reg] enable_cycle -> _90670_/D : -213.378647
[setup in-reg] enable_cycle -> _90671_/D : -213.378647
[setup in-reg] enable_cycle -> _90672_/D : -213.378647
[setup in-reg] enable_cycle -> _90673_/D : -213.378647
[setup in-reg] enable_cycle -> _90674_/D : -213.378647
[setup in-reg] enable_cycle -> _90675_/D : -213.378647
[setup in-reg] enable_cycle -> _90676_/D : -213.378647
[setup in-reg] enable_cycle -> _90677_/D : -213.378647
[setup in-reg] enable_cycle -> _90678_/D : -213.378647
[setup in-reg] enable_cycle -> _90679_/D : -213.378647
[setup in-reg] enable_cycle -> _90680_/D : -213.378647
[setup in-reg] enable_cycle -> _90681_/D : -213.378647
[setup in-reg] enable_cycle -> _90682_/D : -213.378647
[setup in-reg] enable_cycle -> _90683_/D : -213.378647
[setup in-reg] enable_cycle -> _90684_/D : -213.378647
[setup in-reg] enable_cycle -> _90685_/D : -213.378647
[setup in-reg] enable_cycle -> _90686_/D : -213.378647
[setup in-reg] enable_cycle -> _90687_/D : -213.378647
[setup in-reg] enable_cycle -> _90688_/D : -213.378647
[setup in-reg] enable_cycle -> _90799_/D : -213.378647
[setup in-reg] enable_cycle -> _90800_/D : -213.378647
[setup in-reg] enable_cycle -> _90801_/D : -213.378647
[setup in-reg] enable_cycle -> _90802_/D : -213.378647
[setup in-reg] enable_cycle -> _90803_/D : -213.378647
[setup in-reg] enable_cycle -> _90804_/D : -213.378647
[setup in-reg] enable_cycle -> _90805_/D : -213.378647
[setup in-reg] enable_cycle -> _90806_/D : -213.378647
[setup in-reg] enable_cycle -> _90807_/D : -213.378647
[setup in-reg] enable_cycle -> _90808_/D : -213.378647
[setup in-reg] enable_cycle -> _90809_/D : -213.378647
[setup in-reg] enable_cycle -> _90810_/D : -213.378647
[setup in-reg] enable_cycle -> _90811_/D : -213.378647
[setup in-reg] enable_cycle -> _90812_/D : -213.378647
[setup in-reg] enable_cycle -> _90813_/D : -213.378647
[setup in-reg] enable_cycle -> _90814_/D : -213.378647
[setup in-reg] enable_cycle -> _90815_/D : -213.378647
[setup in-reg] enable_cycle -> _90816_/D : -213.378647
[setup in-reg] enable_cycle -> _90817_/D : -213.378647
[setup in-reg] enable_cycle -> _90818_/D : -213.378647
[setup in-reg] enable_cycle -> _90819_/D : -213.378647
[setup in-reg] enable_cycle -> _90893_/D : -213.378647
[setup in-reg] enable_cycle -> _90894_/D : -213.378647
[setup in-reg] enable_cycle -> _90895_/D : -213.378647
[setup in-reg] enable_cycle -> _90896_/D : -213.378647
[setup in-reg] enable_cycle -> _90897_/D : -213.378647
[setup in-reg] enable_cycle -> _90898_/D : -213.378647
[setup in-reg] enable_cycle -> _90899_/D : -213.378647
[setup in-reg] enable_cycle -> _90900_/D : -213.378647
[setup in-reg] enable_cycle -> _90901_/D : -213.378647
[setup in-reg] enable_cycle -> _90902_/D : -213.378647
[setup in-reg] enable_cycle -> _90903_/D : -213.378647
[setup in-reg] enable_cycle -> _90904_/D : -213.378647
[setup in-reg] enable_cycle -> _90905_/D : -213.378647
[setup in-reg] enable_cycle -> _90906_/D : -213.378647
[setup in-reg] enable_cycle -> _90907_/D : -213.378647
[setup in-reg] enable_cycle -> _90908_/D : -213.378647
[setup in-reg] enable_cycle -> _90909_/D : -213.378647
[setup in-reg] enable_cycle -> _90910_/D : -213.378647
[setup in-reg] enable_cycle -> _90911_/D : -213.378647
[setup in-reg] enable_cycle -> _90912_/D : -213.378647
[setup in-reg] enable_cycle -> _90913_/D : -213.378647
[setup in-reg] enable_cycle -> _91026_/D : -213.378647
[setup in-reg] enable_cycle -> _91027_/D : -213.378647
[setup in-reg] enable_cycle -> _91028_/D : -213.378647
[setup in-reg] enable_cycle -> _91029_/D : -213.378647
[setup in-reg] enable_cycle -> _91030_/D : -213.378647
[setup in-reg] enable_cycle -> _91031_/D : -213.378647
[setup in-reg] enable_cycle -> _91032_/D : -213.378647
[setup in-reg] enable_cycle -> _91033_/D : -213.378647
[setup in-reg] enable_cycle -> _91034_/D : -213.378647
[setup in-reg] enable_cycle -> _91035_/D : -213.378647
[setup in-reg] enable_cycle -> _91036_/D : -213.378647
[setup in-reg] enable_cycle -> _91037_/D : -213.378647
[setup in-reg] enable_cycle -> _91038_/D : -213.378647
[setup in-reg] enable_cycle -> _91039_/D : -213.378647
[setup in-reg] enable_cycle -> _91040_/D : -213.378647
[setup in-reg] enable_cycle -> _91041_/D : -213.378647
[setup in-reg] enable_cycle -> _91042_/D : -213.378647
[setup in-reg] enable_cycle -> _91043_/D : -213.378647
[setup in-reg] enable_cycle -> _91044_/D : -213.378647
[setup in-reg] enable_cycle -> _91045_/D : -213.378647
[setup in-reg] enable_cycle -> _91046_/D : -213.378647
[setup in-reg] enable_cycle -> _91163_/D : -213.378647
[setup in-reg] enable_cycle -> _91164_/D : -213.378647
[setup in-reg] enable_cycle -> _91165_/D : -213.378647
[setup in-reg] enable_cycle -> _91166_/D : -213.378647
[setup in-reg] enable_cycle -> _91167_/D : -213.378647
[setup in-reg] enable_cycle -> _91168_/D : -213.378647
[setup in-reg] enable_cycle -> _91169_/D : -213.378647
[setup in-reg] enable_cycle -> _91170_/D : -213.378647
[setup in-reg] enable_cycle -> _91171_/D : -213.378647
[setup in-reg] enable_cycle -> _91172_/D : -213.378647
[setup in-reg] enable_cycle -> _91173_/D : -213.378647
[setup in-reg] enable_cycle -> _91174_/D : -213.378647
[setup in-reg] enable_cycle -> _91175_/D : -213.378647
[setup in-reg] enable_cycle -> _91176_/D : -213.378647
[setup in-reg] enable_cycle -> _91177_/D : -213.378647
[setup in-reg] enable_cycle -> _91178_/D : -213.378647
[setup in-reg] enable_cycle -> _91179_/D : -213.378647
[setup in-reg] enable_cycle -> _91180_/D : -213.378647
[setup in-reg] enable_cycle -> _91181_/D : -213.378647
[setup in-reg] enable_cycle -> _91182_/D : -213.378647
[setup in-reg] enable_cycle -> _91183_/D : -213.378647
[setup in-reg] enable_cycle -> _91358_/D : -213.378647
[setup in-reg] enable_cycle -> _91359_/D : -213.378647
[setup in-reg] enable_cycle -> _91360_/D : -213.378647
[setup in-reg] enable_cycle -> _91361_/D : -213.378647
[setup in-reg] enable_cycle -> _91362_/D : -213.378647
[setup in-reg] enable_cycle -> _91363_/D : -213.378647
[setup in-reg] enable_cycle -> _91364_/D : -213.378647
[setup in-reg] enable_cycle -> _91365_/D : -213.378647
[setup in-reg] enable_cycle -> _91366_/D : -213.378647
[setup in-reg] enable_cycle -> _91367_/D : -213.378647
[setup in-reg] enable_cycle -> _91368_/D : -213.378647
[setup in-reg] enable_cycle -> _91369_/D : -213.378647
[setup in-reg] enable_cycle -> _91370_/D : -213.378647
[setup in-reg] enable_cycle -> _91371_/D : -213.378647
[setup in-reg] enable_cycle -> _91372_/D : -213.378647
[setup in-reg] enable_cycle -> _91373_/D : -213.378647
[setup in-reg] enable_cycle -> _91374_/D : -213.378647
[setup in-reg] enable_cycle -> _91375_/D : -213.378647
[setup in-reg] enable_cycle -> _91376_/D : -213.378647
[setup in-reg] enable_cycle -> _91377_/D : -213.378647
[setup in-reg] enable_cycle -> _91378_/D : -213.378647
[setup in-reg] enable_cycle -> _91527_/D : -213.378647
[setup in-reg] enable_cycle -> _91528_/D : -213.378647
[setup in-reg] enable_cycle -> _91529_/D : -213.378647
[setup in-reg] enable_cycle -> _91530_/D : -213.378647
[setup in-reg] enable_cycle -> _91531_/D : -213.378647
[setup in-reg] enable_cycle -> _91532_/D : -213.378647
[setup in-reg] enable_cycle -> _91533_/D : -213.378647
[setup in-reg] enable_cycle -> _91534_/D : -213.378647
[setup in-reg] enable_cycle -> _91535_/D : -213.378647
[setup in-reg] enable_cycle -> _91536_/D : -213.378647
[setup in-reg] enable_cycle -> _91537_/D : -213.378647
[setup in-reg] enable_cycle -> _91538_/D : -213.378647
[setup in-reg] enable_cycle -> _91539_/D : -213.378647
[setup in-reg] enable_cycle -> _91540_/D : -213.378647
[setup in-reg] enable_cycle -> _91541_/D : -213.378647
[setup in-reg] enable_cycle -> _91542_/D : -213.378647
[setup in-reg] enable_cycle -> _91543_/D : -213.378647
[setup in-reg] enable_cycle -> _91544_/D : -213.378647
[setup in-reg] enable_cycle -> _91545_/D : -213.378647
[setup in-reg] enable_cycle -> _91546_/D : -213.378647
[setup in-reg] enable_cycle -> _91547_/D : -213.378647
[setup in-reg] enable_cycle -> _90875_/D : -213.266647
[setup in-reg] enable_cycle -> _91008_/D : -213.266647
[setup in-reg] enable_cycle -> _90781_/D : -212.981384
[setup in-reg] enable_cycle -> _91082_/D : -212.981384
[setup in-reg] enable_cycle -> _91145_/D : -212.981384
[setup in-reg] enable_cycle -> _87256_/D : -212.926132
[setup in-reg] enable_cycle -> _89570_/D : -212.899261
[setup in-reg] enable_cycle -> _91340_/D : -212.899261
[setup in-reg] enable_cycle -> _85921_/D : -212.850662
[setup in-reg] enable_cycle -> _85923_/D : -212.846619
[setup in-reg] enable_cycle -> _86311_/D : -212.821625
[setup in-reg] enable_cycle -> _86454_/D : -212.821625
[setup in-reg] enable_cycle -> _88817_/D : -212.821625
[setup in-reg] enable_cycle -> _88991_/D : -212.821625
[setup in-reg] enable_cycle -> _89288_/D : -212.821625
[setup in-reg] enable_cycle -> _90168_/D : -212.821625
[setup in-reg] enable_cycle -> _90350_/D : -212.821625
[setup in-reg] enable_cycle -> _90430_/D : -212.821625
[setup in-reg] enable_cycle -> _90441_/D : -212.821625
[setup in-reg] enable_cycle -> _90532_/D : -212.821625
[setup in-reg] enable_cycle -> _90766_/D : -212.821625
[setup in-reg] enable_cycle -> _90968_/D : -212.821625
[setup in-reg] enable_cycle -> _91105_/D : -212.821625
[setup in-reg] enable_cycle -> _91440_/D : -212.821625
[setup in-reg] enable_cycle -> _85922_/D : -212.637878
[setup in-reg] enable_cycle -> _91509_/D : -212.599686
[setup in-reg] enable_cycle -> _85782_/D : -212.445740
[setup in-reg] enable_cycle -> _85802_/D : -212.445740
[setup in-reg] enable_cycle -> _85903_/D : -212.445740
[setup in-reg] enable_cycle -> _85914_/D : -212.445740
[setup in-reg] enable_cycle -> _86000_/D : -212.445740
[setup in-reg] enable_cycle -> _86097_/D : -212.445740
[setup in-reg] enable_cycle -> _86117_/D : -212.445740
[setup in-reg] enable_cycle -> _86194_/D : -212.445740
[setup in-reg] enable_cycle -> _86214_/D : -212.445740
[setup in-reg] enable_cycle -> _86291_/D : -212.445740
[setup in-reg] enable_cycle -> _86434_/D : -212.445740
[setup in-reg] enable_cycle -> _86438_/D : -212.445740
[setup in-reg] enable_cycle -> _86556_/D : -212.445740
[setup in-reg] enable_cycle -> _86657_/D : -212.445740
[setup in-reg] enable_cycle -> _86756_/D : -212.445740
[setup in-reg] enable_cycle -> _86856_/D : -212.445740
[setup in-reg] enable_cycle -> _87056_/D : -212.445740
[setup in-reg] enable_cycle -> _87219_/D : -212.445740
[setup in-reg] enable_cycle -> _87242_/D : -212.445740
[setup in-reg] enable_cycle -> _88097_/D : -212.445740
[setup in-reg] enable_cycle -> _88167_/D : -212.445740
[setup in-reg] enable_cycle -> _88249_/D : -212.445740
[setup in-reg] enable_cycle -> _88618_/D : -212.445740
[setup in-reg] enable_cycle -> _88736_/D : -212.445740
[setup in-reg] enable_cycle -> _88805_/D : -212.445740
[setup in-reg] enable_cycle -> _88821_/D : -212.445740
[setup in-reg] enable_cycle -> _88975_/D : -212.445740
[setup in-reg] enable_cycle -> _89060_/D : -212.445740
[setup in-reg] enable_cycle -> _89076_/D : -212.445740
[setup in-reg] enable_cycle -> _89149_/D : -212.445740
[setup in-reg] enable_cycle -> _89155_/D : -212.445740
[setup in-reg] enable_cycle -> _89161_/D : -212.445740
[setup in-reg] enable_cycle -> _89275_/D : -212.445740
[setup in-reg] enable_cycle -> _89378_/D : -212.445740
[setup in-reg] enable_cycle -> _89466_/D : -212.445740
[setup in-reg] enable_cycle -> _89730_/D : -212.445740
[setup in-reg] enable_cycle -> _89818_/D : -212.445740
[setup in-reg] enable_cycle -> _89826_/D : -212.445740
[setup in-reg] enable_cycle -> _89949_/D : -212.445740
[setup in-reg] enable_cycle -> _90077_/D : -212.445740
[setup in-reg] enable_cycle -> _90241_/D : -212.445740
[setup in-reg] enable_cycle -> _90245_/D : -212.445740
[setup in-reg] enable_cycle -> _90342_/D : -212.445740
[setup in-reg] enable_cycle -> _90423_/D : -212.445740
[setup in-reg] enable_cycle -> _90667_/D : -212.445740
[setup in-reg] enable_cycle -> _90950_/D : -212.445740
[setup in-reg] enable_cycle -> _90992_/D : -212.445740
[setup in-reg] enable_cycle -> _91000_/D : -212.445740
[setup in-reg] enable_cycle -> _91085_/D : -212.445740
[setup in-reg] enable_cycle -> _91201_/D : -212.445740
[setup in-reg] enable_cycle -> _91325_/D : -212.445740
[setup in-reg] enable_cycle -> _91501_/D : -212.445740
[setup in-reg] enable_cycle -> _88735_/D : -211.700958
[setup in-reg] enable_cycle -> _89160_/D : -211.700958
[setup in-reg] enable_cycle -> _85638_/D : -211.526077
[setup in-reg] enable_cycle -> _86098_/D : -211.526077
[setup in-reg] enable_cycle -> _86758_/D : -211.526077
[setup in-reg] enable_cycle -> _86857_/D : -211.526077
[setup in-reg] enable_cycle -> _88086_/D : -211.526077
[setup in-reg] enable_cycle -> _88088_/D : -211.526077
[setup in-reg] enable_cycle -> _88168_/D : -211.526077
[setup in-reg] enable_cycle -> _88172_/D : -211.526077
[setup in-reg] enable_cycle -> _88250_/D : -211.526077
[setup in-reg] enable_cycle -> _88332_/D : -211.526077
[setup in-reg] enable_cycle -> _88338_/D : -211.526077
[setup in-reg] enable_cycle -> _88414_/D : -211.526077
[setup in-reg] enable_cycle -> _88416_/D : -211.526077
[setup in-reg] enable_cycle -> _88496_/D : -211.526077
[setup in-reg] enable_cycle -> _88498_/D : -211.526077
[setup in-reg] enable_cycle -> _88721_/D : -211.526077
[setup in-reg] enable_cycle -> _88723_/D : -211.526077
[setup in-reg] enable_cycle -> _88982_/D : -211.526077
[setup in-reg] enable_cycle -> _89146_/D : -211.526077
[setup in-reg] enable_cycle -> _89148_/D : -211.526077
[setup in-reg] enable_cycle -> _89557_/D : -211.526077
[setup in-reg] enable_cycle -> _89643_/D : -211.526077
[setup in-reg] enable_cycle -> _89645_/D : -211.526077
[setup in-reg] enable_cycle -> _89821_/D : -211.526077
[setup in-reg] enable_cycle -> _90062_/D : -211.526077
[setup in-reg] enable_cycle -> _90242_/D : -211.526077
[setup in-reg] enable_cycle -> _90333_/D : -211.526077
[setup in-reg] enable_cycle -> _90424_/D : -211.526077
[setup in-reg] enable_cycle -> _90650_/D : -211.526077
[setup in-reg] enable_cycle -> _90932_/D : -211.526077
[setup in-reg] enable_cycle -> _90934_/D : -211.526077
[setup in-reg] enable_cycle -> _90951_/D : -211.526077
[setup in-reg] enable_cycle -> _90991_/D : -211.526077
[setup in-reg] enable_cycle -> _90994_/D : -211.526077
[setup in-reg] enable_cycle -> _91065_/D : -211.526077
[setup in-reg] enable_cycle -> _91070_/D : -211.526077
[setup in-reg] enable_cycle -> _91128_/D : -211.526077
[setup in-reg] enable_cycle -> _91492_/D : -211.526077
[setup in-reg] enable_cycle -> _91086_/D : -211.251007
[setup in-reg] enable_cycle -> _86101_/D : -210.098373
[setup in-reg] enable_cycle -> _86307_/D : -210.098373
[setup in-reg] enable_cycle -> _88089_/D : -210.098373
[setup in-reg] enable_cycle -> _90071_/D : -210.098373
[setup in-reg] enable_cycle -> _91074_/D : -210.098373
[setup in-reg] enable_cycle -> _85912_/D : -208.217178
[setup in-reg] enable_cycle -> _86009_/D : -208.217178
[setup in-reg] enable_cycle -> _86011_/D : -208.217178
[setup in-reg] enable_cycle -> _86300_/D : -208.217178
[setup in-reg] enable_cycle -> _86447_/D : -208.217178
[setup in-reg] enable_cycle -> _86450_/D : -208.217178
[setup in-reg] enable_cycle -> _86665_/D : -208.217178
[setup in-reg] enable_cycle -> _86671_/D : -208.217178
[setup in-reg] enable_cycle -> _86672_/D : -208.217178
[setup in-reg] enable_cycle -> _86769_/D : -208.217178
[setup in-reg] enable_cycle -> _86773_/D : -208.217178
[setup in-reg] enable_cycle -> _86863_/D : -208.217178
[setup in-reg] enable_cycle -> _86873_/D : -208.217178
[setup in-reg] enable_cycle -> _86967_/D : -208.217178
[setup in-reg] enable_cycle -> _87063_/D : -208.217178
[setup in-reg] enable_cycle -> _87073_/D : -208.217178
[setup in-reg] enable_cycle -> _88087_/D : -208.217178
[setup in-reg] enable_cycle -> _88333_/D : -208.217178
[setup in-reg] enable_cycle -> _88342_/D : -208.217178
[setup in-reg] enable_cycle -> _88415_/D : -208.217178
[setup in-reg] enable_cycle -> _88497_/D : -208.217178
[setup in-reg] enable_cycle -> _88722_/D : -208.217178
[setup in-reg] enable_cycle -> _88807_/D : -208.217178
[setup in-reg] enable_cycle -> _88892_/D : -208.217178
[setup in-reg] enable_cycle -> _88901_/D : -208.217178
[setup in-reg] enable_cycle -> _89071_/D : -208.217178
[setup in-reg] enable_cycle -> _89147_/D : -208.217178
[setup in-reg] enable_cycle -> _89150_/D : -208.217178
[setup in-reg] enable_cycle -> _89156_/D : -208.217178
[setup in-reg] enable_cycle -> _89472_/D : -208.217178
[setup in-reg] enable_cycle -> _89475_/D : -208.217178
[setup in-reg] enable_cycle -> _89556_/D : -208.217178
[setup in-reg] enable_cycle -> _89567_/D : -208.217178
[setup in-reg] enable_cycle -> _89644_/D : -208.217178
[setup in-reg] enable_cycle -> _89955_/D : -208.217178
[setup in-reg] enable_cycle -> _90061_/D : -208.217178
[setup in-reg] enable_cycle -> _90159_/D : -208.217178
[setup in-reg] enable_cycle -> _90161_/D : -208.217178
[setup in-reg] enable_cycle -> _90347_/D : -208.217178
[setup in-reg] enable_cycle -> _90664_/D : -208.217178
[setup in-reg] enable_cycle -> _90872_/D : -208.217178
[setup in-reg] enable_cycle -> _90933_/D : -208.217178
[setup in-reg] enable_cycle -> _90942_/D : -208.217178
[setup in-reg] enable_cycle -> _91005_/D : -208.217178
[setup in-reg] enable_cycle -> _91075_/D : -208.217178
[setup in-reg] enable_cycle -> _91077_/D : -208.217178
[setup in-reg] enable_cycle -> _91092_/D : -208.217178
[setup in-reg] enable_cycle -> _91102_/D : -208.217178
[setup in-reg] enable_cycle -> _91136_/D : -208.217178
[setup in-reg] enable_cycle -> _91140_/D : -208.217178
[setup in-reg] enable_cycle -> _91212_/D : -208.217178
[setup in-reg] enable_cycle -> _91217_/D : -208.217178
[setup in-reg] enable_cycle -> _91337_/D : -208.217178
[setup in-reg] enable_cycle -> _91502_/D : -208.217178
[setup in-reg] enable_cycle -> _91504_/D : -208.217178
[setup in-reg] enable_cycle -> _91506_/D : -208.217178
[setup in-reg] enable_cycle -> _88098_/D : -206.582825
[setup in-reg] rst_n -> _85568_/RESET_B : -150.284592
[setup in-reg] rst_n -> _85569_/RESET_B : -150.284592
[setup in-reg] rst_n -> _85570_/RESET_B : -150.284592
[setup in-reg] rst_n -> _85571_/RESET_B : -150.284592
[setup in-reg] rst_n -> _85572_/RESET_B : -150.284592
[setup in-reg] rst_n -> _85573_/RESET_B : -150.284592
[setup in-reg] rst_n -> _85574_/RESET_B : -150.284592
[setup in-reg] rst_n -> _85575_/RESET_B : -150.284592
[setup in-reg] rst_n -> _85576_/RESET_B : -150.284592
[setup in-reg] rst_n -> _85577_/RESET_B : -150.284592
[setup in-reg] rst_n -> _85578_/RESET_B : -150.284592
[setup in-reg] rst_n -> _85579_/RESET_B : -150.284592
[setup in-reg] rst_n -> _85580_/RESET_B : -150.284592
[setup in-reg] rst_n -> _85581_/RESET_B : -150.284592
[setup in-reg] rst_n -> _85582_/RESET_B : -150.284592
[setup in-reg] rst_n -> _85583_/RESET_B : -150.284592
[setup in-reg] rst_n -> _85584_/RESET_B : -150.284592
[setup in-reg] rst_n -> _85585_/RESET_B : -150.284592
[setup in-reg] rst_n -> _85586_/RESET_B : -150.284592
[setup in-reg] rst_n -> _85587_/RESET_B : -150.284592
[setup in-reg] rst_n -> _85588_/RESET_B : -150.284592
[setup in-reg] rst_n -> _85589_/RESET_B : -150.284592
[setup in-reg] rst_n -> _85590_/RESET_B : -150.284592
[setup in-reg] rst_n -> _85591_/RESET_B : -150.284592
[setup in-reg] rst_n -> _85592_/RESET_B : -150.284592
[setup in-reg] rst_n -> _85593_/RESET_B : -150.284592
[setup in-reg] rst_n -> _85594_/RESET_B : -150.284592
[setup in-reg] rst_n -> _85595_/RESET_B : -150.284592
[setup in-reg] rst_n -> _85596_/RESET_B : -150.284592
[setup in-reg] rst_n -> _85597_/RESET_B : -150.284592
[setup in-reg] rst_n -> _85598_/RESET_B : -150.284592
[setup in-reg] rst_n -> _85599_/RESET_B : -150.284592
[setup in-reg] rst_n -> _85600_/RESET_B : -150.284592
[setup in-reg] rst_n -> _85601_/RESET_B : -150.284592
[setup in-reg] rst_n -> _85602_/RESET_B : -150.284592
[setup in-reg] rst_n -> _85603_/RESET_B : -150.284592
[setup in-reg] rst_n -> _85604_/RESET_B : -150.284592
[setup in-reg] rst_n -> _85605_/RESET_B : -150.284592
[setup in-reg] rst_n -> _85606_/RESET_B : -150.284592
[setup in-reg] rst_n -> _85607_/RESET_B : -150.284592
[setup in-reg] rst_n -> _85608_/RESET_B : -150.284592
[setup in-reg] rst_n -> _85609_/RESET_B : -150.284592
[setup in-reg] rst_n -> _85610_/RESET_B : -150.284592
[setup in-reg] rst_n -> _85611_/RESET_B : -150.284592
[setup in-reg] rst_n -> _85612_/RESET_B : -150.284592
[setup in-reg] rst_n -> _85613_/RESET_B : -150.284592
[setup in-reg] rst_n -> _85614_/RESET_B : -150.284592
[setup in-reg] rst_n -> _85615_/RESET_B : -150.284592
[setup in-reg] rst_n -> _85616_/RESET_B : -150.284592
[setup in-reg] rst_n -> _85617_/RESET_B : -150.284592
[setup in-reg] rst_n -> _85618_/RESET_B : -150.284592
[setup in-reg] rst_n -> _85619_/RESET_B : -150.284592
[setup in-reg] rst_n -> _85620_/RESET_B : -150.284592
[setup in-reg] rst_n -> _85621_/RESET_B : -150.284592
[setup in-reg] rst_n -> _85622_/RESET_B : -150.284592
[setup in-reg] rst_n -> _85623_/RESET_B : -150.284592
[setup in-reg] rst_n -> _85624_/RESET_B : -150.284592
[setup in-reg] rst_n -> _85625_/RESET_B : -150.284592
[setup in-reg] rst_n -> _85626_/RESET_B : -150.284592
[setup in-reg] rst_n -> _85627_/RESET_B : -150.284592
[setup in-reg] rst_n -> _85628_/RESET_B : -150.284592
[setup in-reg] rst_n -> _85629_/RESET_B : -150.284592
[setup in-reg] rst_n -> _85630_/RESET_B : -150.284592
[setup in-reg] rst_n -> _85631_/RESET_B : -150.284592
[setup in-reg] rst_n -> _85632_/RESET_B : -150.284592
[setup in-reg] rst_n -> _85633_/RESET_B : -150.284592
[setup in-reg] rst_n -> _85634_/RESET_B : -150.284592
[setup in-reg] rst_n -> _85635_/RESET_B : -150.284592
[setup in-reg] rst_n -> _85636_/RESET_B : -150.284592
[setup in-reg] rst_n -> _85637_/RESET_B : -150.284592
[setup in-reg] rst_n -> _85638_/RESET_B : -150.284592
[setup in-reg] rst_n -> _85639_/RESET_B : -150.284592
[setup in-reg] rst_n -> _85640_/RESET_B : -150.284592
[setup in-reg] rst_n -> _85641_/RESET_B : -150.284592
[setup in-reg] rst_n -> _85642_/RESET_B : -150.284592
[setup in-reg] rst_n -> _85643_/RESET_B : -150.284592
[setup in-reg] rst_n -> _85644_/RESET_B : -150.284592
[setup in-reg] rst_n -> _85645_/RESET_B : -150.284592
[setup in-reg] rst_n -> _85646_/RESET_B : -150.284592
[setup in-reg] rst_n -> _85647_/RESET_B : -150.284592
[setup in-reg] rst_n -> _85648_/RESET_B : -150.284592
[setup in-reg] rst_n -> _85649_/RESET_B : -150.284592
[setup in-reg] rst_n -> _85650_/RESET_B : -150.284592
[setup in-reg] rst_n -> _85651_/RESET_B : -150.284592
[setup in-reg] rst_n -> _85652_/RESET_B : -150.284592
[setup in-reg] rst_n -> _85653_/RESET_B : -150.284592
[setup in-reg] rst_n -> _85654_/RESET_B : -150.284592
[setup in-reg] rst_n -> _85655_/RESET_B : -150.284592
[setup in-reg] rst_n -> _85656_/RESET_B : -150.284592
[setup in-reg] rst_n -> _85657_/RESET_B : -150.284592
[setup in-reg] rst_n -> _85658_/RESET_B : -150.284592
[setup in-reg] rst_n -> _85659_/RESET_B : -150.284592
[setup in-reg] rst_n -> _85660_/RESET_B : -150.284592
[setup in-reg] rst_n -> _85661_/RESET_B : -150.284592
[setup in-reg] rst_n -> _85662_/RESET_B : -150.284592
[setup in-reg] rst_n -> _85663_/RESET_B : -150.284592
[setup in-reg] rst_n -> _85664_/RESET_B : -150.284592
[setup in-reg] rst_n -> _85665_/RESET_B : -150.284592
[setup in-reg] rst_n -> _85666_/RESET_B : -150.284592
[setup in-reg] rst_n -> _85667_/RESET_B : -150.284592
[setup in-reg] rst_n -> _85668_/RESET_B : -150.284592
[setup in-reg] rst_n -> _85669_/RESET_B : -150.284592
[setup in-reg] rst_n -> _85670_/RESET_B : -150.284592
[setup in-reg] rst_n -> _85671_/RESET_B : -150.284592
[setup in-reg] rst_n -> _85672_/RESET_B : -150.284592
[setup in-reg] rst_n -> _85673_/RESET_B : -150.284592
[setup in-reg] rst_n -> _85674_/RESET_B : -150.284592
[setup in-reg] rst_n -> _85675_/RESET_B : -150.284592
[setup in-reg] rst_n -> _85676_/RESET_B : -150.284592
[setup in-reg] rst_n -> _85677_/RESET_B : -150.284592
[setup in-reg] rst_n -> _85678_/RESET_B : -150.284592
[setup in-reg] rst_n -> _85679_/RESET_B : -150.284592
[setup in-reg] rst_n -> _85680_/RESET_B : -150.284592
[setup in-reg] rst_n -> _85681_/RESET_B : -150.284592
[setup in-reg] rst_n -> _85682_/RESET_B : -150.284592
[setup in-reg] rst_n -> _85683_/RESET_B : -150.284592
[setup in-reg] rst_n -> _85684_/RESET_B : -150.284592
[setup in-reg] rst_n -> _85685_/RESET_B : -150.284592
[setup in-reg] rst_n -> _85686_/RESET_B : -150.284592
[setup in-reg] rst_n -> _85687_/RESET_B : -150.284592
[setup in-reg] rst_n -> _85688_/RESET_B : -150.284592
[setup in-reg] rst_n -> _85689_/RESET_B : -150.284592
[setup in-reg] rst_n -> _85690_/RESET_B : -150.284592
[setup in-reg] rst_n -> _85691_/RESET_B : -150.284592
[setup in-reg] rst_n -> _85692_/RESET_B : -150.284592
[setup in-reg] rst_n -> _85693_/RESET_B : -150.284592
[setup in-reg] rst_n -> _85694_/RESET_B : -150.284592
[setup in-reg] rst_n -> _85695_/RESET_B : -150.284592
[setup in-reg] rst_n -> _85696_/RESET_B : -150.284592
[setup in-reg] rst_n -> _85697_/RESET_B : -150.284592
[setup in-reg] rst_n -> _85698_/RESET_B : -150.284592
[setup in-reg] rst_n -> _85699_/RESET_B : -150.284592
[setup in-reg] rst_n -> _85700_/RESET_B : -150.284592
[setup in-reg] rst_n -> _85701_/RESET_B : -150.284592
[setup in-reg] rst_n -> _85702_/RESET_B : -150.284592
[setup in-reg] rst_n -> _85703_/RESET_B : -150.284592
[setup in-reg] rst_n -> _85704_/RESET_B : -150.284592
[setup in-reg] rst_n -> _85705_/RESET_B : -150.284592
[setup in-reg] rst_n -> _85706_/RESET_B : -150.284592
[setup in-reg] rst_n -> _85707_/RESET_B : -150.284592
[setup in-reg] rst_n -> _85708_/RESET_B : -150.284592
[setup in-reg] rst_n -> _85709_/RESET_B : -150.284592
[setup in-reg] rst_n -> _85710_/RESET_B : -150.284592
[setup in-reg] rst_n -> _85711_/RESET_B : -150.284592
[setup in-reg] rst_n -> _85712_/RESET_B : -150.284592
[setup in-reg] rst_n -> _85713_/RESET_B : -150.284592
[setup in-reg] rst_n -> _85714_/RESET_B : -150.284592
[setup in-reg] rst_n -> _85715_/RESET_B : -150.284592
[setup in-reg] rst_n -> _85716_/RESET_B : -150.284592
[setup in-reg] rst_n -> _85717_/RESET_B : -150.284592
[setup in-reg] rst_n -> _85718_/RESET_B : -150.284592
[setup in-reg] rst_n -> _85719_/RESET_B : -150.284592
[setup in-reg] rst_n -> _85720_/RESET_B : -150.284592
[setup in-reg] rst_n -> _85721_/RESET_B : -150.284592
[setup in-reg] rst_n -> _85722_/RESET_B : -150.284592
[setup in-reg] rst_n -> _85723_/RESET_B : -150.284592
[setup in-reg] rst_n -> _85724_/RESET_B : -150.284592
[setup in-reg] rst_n -> _85725_/RESET_B : -150.284592
[setup in-reg] rst_n -> _85726_/RESET_B : -150.284592
[setup in-reg] rst_n -> _85727_/RESET_B : -150.284592
[setup in-reg] rst_n -> _85728_/RESET_B : -150.284592
[setup in-reg] rst_n -> _85729_/RESET_B : -150.284592
[setup in-reg] rst_n -> _85730_/RESET_B : -150.284592
[setup in-reg] rst_n -> _85731_/RESET_B : -150.284592
[setup in-reg] rst_n -> _85732_/RESET_B : -150.284592
[setup in-reg] rst_n -> _85733_/RESET_B : -150.284592
[setup in-reg] rst_n -> _85734_/RESET_B : -150.284592
[setup in-reg] rst_n -> _85735_/RESET_B : -150.284592
[setup in-reg] rst_n -> _85736_/RESET_B : -150.284592
[setup in-reg] rst_n -> _85737_/RESET_B : -150.284592
[setup in-reg] rst_n -> _85738_/RESET_B : -150.284592
[setup in-reg] rst_n -> _85739_/RESET_B : -150.284592
[setup in-reg] rst_n -> _85740_/RESET_B : -150.284592
[setup in-reg] rst_n -> _85741_/RESET_B : -150.284592
[setup in-reg] rst_n -> _85742_/RESET_B : -150.284592
[setup in-reg] rst_n -> _85743_/RESET_B : -150.284592
[setup in-reg] rst_n -> _85744_/RESET_B : -150.284592
[setup in-reg] rst_n -> _85745_/RESET_B : -150.284592
[setup in-reg] rst_n -> _85746_/RESET_B : -150.284592
[setup in-reg] rst_n -> _85747_/RESET_B : -150.284592
[setup in-reg] rst_n -> _85748_/RESET_B : -150.284592
[setup in-reg] rst_n -> _85749_/RESET_B : -150.284592
[setup in-reg] rst_n -> _85750_/RESET_B : -150.284592
[setup in-reg] rst_n -> _85751_/RESET_B : -150.284592
[setup in-reg] rst_n -> _85752_/RESET_B : -150.284592
[setup in-reg] rst_n -> _85753_/RESET_B : -150.284592
[setup in-reg] rst_n -> _85754_/RESET_B : -150.284592
[setup in-reg] rst_n -> _85755_/RESET_B : -150.284592
[setup in-reg] rst_n -> _85756_/RESET_B : -150.284592
[setup in-reg] rst_n -> _85757_/RESET_B : -150.284592
[setup in-reg] rst_n -> _85758_/RESET_B : -150.284592
[setup in-reg] rst_n -> _85759_/RESET_B : -150.284592
[setup in-reg] rst_n -> _85760_/RESET_B : -150.284592
[setup in-reg] rst_n -> _85761_/RESET_B : -150.284592
[setup in-reg] rst_n -> _85762_/RESET_B : -150.284592
[setup in-reg] rst_n -> _85763_/RESET_B : -150.284592
[setup in-reg] rst_n -> _85764_/RESET_B : -150.284592
[setup in-reg] rst_n -> _85765_/RESET_B : -150.284592
[setup in-reg] rst_n -> _85766_/RESET_B : -150.284592
[setup in-reg] rst_n -> _85767_/RESET_B : -150.284592
[setup in-reg] rst_n -> _85768_/RESET_B : -150.284592
[setup in-reg] rst_n -> _85769_/RESET_B : -150.284592
[setup in-reg] rst_n -> _85770_/RESET_B : -150.284592
[setup in-reg] rst_n -> _85771_/RESET_B : -150.284592
[setup in-reg] rst_n -> _85772_/RESET_B : -150.284592
[setup in-reg] rst_n -> _85773_/RESET_B : -150.284592
[setup in-reg] rst_n -> _85774_/RESET_B : -150.284592
[setup in-reg] rst_n -> _85775_/RESET_B : -150.284592
[setup in-reg] rst_n -> _85776_/RESET_B : -150.284592
[setup in-reg] rst_n -> _85777_/RESET_B : -150.284592
[setup in-reg] rst_n -> _85778_/RESET_B : -150.284592
[setup in-reg] rst_n -> _85779_/RESET_B : -150.284592
[setup in-reg] rst_n -> _85780_/RESET_B : -150.284592
[setup in-reg] rst_n -> _85781_/RESET_B : -150.284592
[setup in-reg] rst_n -> _85782_/RESET_B : -150.284592
[setup in-reg] rst_n -> _85783_/RESET_B : -150.284592
[setup in-reg] rst_n -> _85784_/RESET_B : -150.284592
[setup in-reg] rst_n -> _85785_/RESET_B : -150.284592
[setup in-reg] rst_n -> _85786_/RESET_B : -150.284592
[setup in-reg] rst_n -> _85787_/RESET_B : -150.284592
[setup in-reg] rst_n -> _85788_/RESET_B : -150.284592
[setup in-reg] rst_n -> _85789_/RESET_B : -150.284592
[setup in-reg] rst_n -> _85790_/RESET_B : -150.284592
[setup in-reg] rst_n -> _85791_/RESET_B : -150.284592
[setup in-reg] rst_n -> _85792_/RESET_B : -150.284592
[setup in-reg] rst_n -> _85793_/RESET_B : -150.284592
[setup in-reg] rst_n -> _85794_/RESET_B : -150.284592
[setup in-reg] rst_n -> _85795_/RESET_B : -150.284592
[setup in-reg] rst_n -> _85796_/RESET_B : -150.284592
[setup in-reg] rst_n -> _85797_/RESET_B : -150.284592
[setup in-reg] rst_n -> _85798_/RESET_B : -150.284592
[setup in-reg] rst_n -> _85799_/RESET_B : -150.284592
[setup in-reg] rst_n -> _85800_/RESET_B : -150.284592
[setup in-reg] rst_n -> _85801_/RESET_B : -150.284592
[setup in-reg] rst_n -> _85802_/RESET_B : -150.284592
[setup in-reg] rst_n -> _85803_/RESET_B : -150.284592
[setup in-reg] rst_n -> _85804_/RESET_B : -150.284592
[setup in-reg] rst_n -> _85805_/RESET_B : -150.284592
[setup in-reg] rst_n -> _85806_/RESET_B : -150.284592
[setup in-reg] rst_n -> _85807_/RESET_B : -150.284592
[setup in-reg] rst_n -> _85808_/RESET_B : -150.284592
[setup in-reg] rst_n -> _85809_/RESET_B : -150.284592
[setup in-reg] rst_n -> _85810_/RESET_B : -150.284592
[setup in-reg] rst_n -> _85811_/RESET_B : -150.284592
[setup in-reg] rst_n -> _85812_/RESET_B : -150.284592
[setup in-reg] rst_n -> _85813_/RESET_B : -150.284592
[setup in-reg] rst_n -> _85814_/RESET_B : -150.284592
[setup in-reg] rst_n -> _85815_/RESET_B : -150.284592
[setup in-reg] rst_n -> _85816_/RESET_B : -150.284592
[setup in-reg] rst_n -> _85817_/RESET_B : -150.284592
[setup in-reg] rst_n -> _85818_/RESET_B : -150.284592
[setup in-reg] rst_n -> _85819_/RESET_B : -150.284592
[setup in-reg] rst_n -> _85820_/RESET_B : -150.284592
[setup in-reg] rst_n -> _85821_/RESET_B : -150.284592
[setup in-reg] rst_n -> _85822_/RESET_B : -150.284592
[setup in-reg] rst_n -> _85823_/RESET_B : -150.284592
[setup in-reg] rst_n -> _85824_/RESET_B : -150.284592
[setup in-reg] rst_n -> _85825_/RESET_B : -150.284592
[setup in-reg] rst_n -> _85826_/RESET_B : -150.284592
[setup in-reg] rst_n -> _85827_/RESET_B : -150.284592
[setup in-reg] rst_n -> _85828_/RESET_B : -150.284592
[setup in-reg] rst_n -> _85829_/RESET_B : -150.284592
[setup in-reg] rst_n -> _85830_/RESET_B : -150.284592
[setup in-reg] rst_n -> _85831_/RESET_B : -150.284592
[setup in-reg] rst_n -> _85832_/RESET_B : -150.284592
[setup in-reg] rst_n -> _85833_/RESET_B : -150.284592
[setup in-reg] rst_n -> _85834_/RESET_B : -150.284592
[setup in-reg] rst_n -> _85835_/RESET_B : -150.284592
[setup in-reg] rst_n -> _85836_/RESET_B : -150.284592
[setup in-reg] rst_n -> _85837_/RESET_B : -150.284592
[setup in-reg] rst_n -> _85838_/RESET_B : -150.284592
[setup in-reg] rst_n -> _85839_/RESET_B : -150.284592
[setup in-reg] rst_n -> _85840_/RESET_B : -150.284592
[setup in-reg] rst_n -> _85841_/RESET_B : -150.284592
[setup in-reg] rst_n -> _85842_/RESET_B : -150.284592
[setup in-reg] rst_n -> _85843_/RESET_B : -150.284592
[setup in-reg] rst_n -> _85844_/RESET_B : -150.284592
[setup in-reg] rst_n -> _85845_/RESET_B : -150.284592
[setup in-reg] rst_n -> _85846_/RESET_B : -150.284592
[setup in-reg] rst_n -> _85847_/RESET_B : -150.284592
[setup in-reg] rst_n -> _85848_/RESET_B : -150.284592
[setup in-reg] rst_n -> _85849_/RESET_B : -150.284592
[setup in-reg] rst_n -> _85850_/RESET_B : -150.284592
[setup in-reg] rst_n -> _85851_/RESET_B : -150.284592
[setup in-reg] rst_n -> _85852_/RESET_B : -150.284592
[setup in-reg] rst_n -> _85853_/RESET_B : -150.284592
[setup in-reg] rst_n -> _85854_/RESET_B : -150.284592
[setup in-reg] rst_n -> _85855_/RESET_B : -150.284592
[setup in-reg] rst_n -> _85856_/RESET_B : -150.284592
[setup in-reg] rst_n -> _85857_/RESET_B : -150.284592
[setup in-reg] rst_n -> _85858_/RESET_B : -150.284592
[setup in-reg] rst_n -> _85859_/RESET_B : -150.284592
[setup in-reg] rst_n -> _85860_/RESET_B : -150.284592
[setup in-reg] rst_n -> _85861_/RESET_B : -150.284592
[setup in-reg] rst_n -> _85862_/RESET_B : -150.284592
[setup in-reg] rst_n -> _85863_/RESET_B : -150.284592
[setup in-reg] rst_n -> _85864_/RESET_B : -150.284592
[setup in-reg] rst_n -> _85865_/RESET_B : -150.284592
[setup in-reg] rst_n -> _85866_/RESET_B : -150.284592
[setup in-reg] rst_n -> _85867_/RESET_B : -150.284592
[setup in-reg] rst_n -> _85868_/RESET_B : -150.284592
[setup in-reg] rst_n -> _85869_/RESET_B : -150.284592
[setup in-reg] rst_n -> _85870_/RESET_B : -150.284592
[setup in-reg] rst_n -> _85871_/RESET_B : -150.284592
[setup in-reg] rst_n -> _85872_/RESET_B : -150.284592
[setup in-reg] rst_n -> _85873_/RESET_B : -150.284592
[setup in-reg] rst_n -> _85874_/RESET_B : -150.284592
[setup in-reg] rst_n -> _85875_/RESET_B : -150.284592
[setup in-reg] rst_n -> _85876_/RESET_B : -150.284592
[setup in-reg] rst_n -> _85877_/RESET_B : -150.284592
[setup in-reg] rst_n -> _85878_/RESET_B : -150.284592
[setup in-reg] rst_n -> _85879_/RESET_B : -150.284592
[setup in-reg] rst_n -> _85880_/RESET_B : -150.284592
[setup in-reg] rst_n -> _85881_/RESET_B : -150.284592
[setup in-reg] rst_n -> _85882_/RESET_B : -150.284592
[setup in-reg] rst_n -> _85883_/RESET_B : -150.284592
[setup in-reg] rst_n -> _85884_/RESET_B : -150.284592
[setup in-reg] rst_n -> _85885_/RESET_B : -150.284592
[setup in-reg] rst_n -> _85886_/RESET_B : -150.284592
[setup in-reg] rst_n -> _85887_/RESET_B : -150.284592
[setup in-reg] rst_n -> _85888_/RESET_B : -150.284592
[setup in-reg] rst_n -> _85889_/RESET_B : -150.284592
[setup in-reg] rst_n -> _85890_/RESET_B : -150.284592
[setup in-reg] rst_n -> _85891_/RESET_B : -150.284592
[setup in-reg] rst_n -> _85892_/RESET_B : -150.284592
[setup in-reg] rst_n -> _85893_/RESET_B : -150.284592
[setup in-reg] rst_n -> _85894_/RESET_B : -150.284592
[setup in-reg] rst_n -> _85895_/RESET_B : -150.284592
[setup in-reg] rst_n -> _85896_/RESET_B : -150.284592
[setup in-reg] rst_n -> _85897_/RESET_B : -150.284592
[setup in-reg] rst_n -> _85898_/RESET_B : -150.284592
[setup in-reg] rst_n -> _85899_/RESET_B : -150.284592
[setup in-reg] rst_n -> _85900_/RESET_B : -150.284592
[setup in-reg] rst_n -> _85901_/RESET_B : -150.284592
[setup in-reg] rst_n -> _85902_/RESET_B : -150.284592
[setup in-reg] rst_n -> _85903_/RESET_B : -150.284592
[setup in-reg] rst_n -> _85904_/RESET_B : -150.284592
[setup in-reg] rst_n -> _85905_/RESET_B : -150.284592
[setup in-reg] rst_n -> _85906_/RESET_B : -150.284592
[setup in-reg] rst_n -> _85907_/RESET_B : -150.284592
[setup in-reg] rst_n -> _85908_/RESET_B : -150.284592
[setup in-reg] rst_n -> _85909_/RESET_B : -150.284592
[setup in-reg] rst_n -> _85910_/RESET_B : -150.284592
[setup in-reg] rst_n -> _85911_/RESET_B : -150.284592
[setup in-reg] rst_n -> _85912_/RESET_B : -150.284592
[setup in-reg] rst_n -> _85913_/RESET_B : -150.284592
[setup in-reg] rst_n -> _85914_/RESET_B : -150.284592
[setup in-reg] rst_n -> _85915_/RESET_B : -150.284592
[setup in-reg] rst_n -> _85916_/RESET_B : -150.284592
[setup in-reg] rst_n -> _85917_/RESET_B : -150.284592
[setup in-reg] rst_n -> _85918_/RESET_B : -150.284592
[setup in-reg] rst_n -> _85919_/RESET_B : -150.284592
[setup in-reg] rst_n -> _85920_/RESET_B : -150.284592
[setup in-reg] rst_n -> _85921_/RESET_B : -150.284592
[setup in-reg] rst_n -> _85922_/RESET_B : -150.284592
[setup in-reg] rst_n -> _85923_/RESET_B : -150.284592
[setup in-reg] rst_n -> _85924_/RESET_B : -150.284592
[setup in-reg] rst_n -> _85925_/RESET_B : -150.284592
[setup in-reg] rst_n -> _85926_/RESET_B : -150.284592
[setup in-reg] rst_n -> _85927_/RESET_B : -150.284592
[setup in-reg] rst_n -> _85928_/RESET_B : -150.284592
[setup in-reg] rst_n -> _85929_/RESET_B : -150.284592
[setup in-reg] rst_n -> _85930_/RESET_B : -150.284592
[setup in-reg] rst_n -> _85931_/RESET_B : -150.284592
[setup in-reg] rst_n -> _85932_/RESET_B : -150.284592
[setup in-reg] rst_n -> _85933_/RESET_B : -150.284592
[setup in-reg] rst_n -> _85934_/RESET_B : -150.284592
[setup in-reg] rst_n -> _85935_/RESET_B : -150.284592
[setup in-reg] rst_n -> _85936_/RESET_B : -150.284592
[setup in-reg] rst_n -> _85937_/RESET_B : -150.284592
[setup in-reg] rst_n -> _85938_/RESET_B : -150.284592
[setup in-reg] rst_n -> _85939_/RESET_B : -150.284592
[setup in-reg] rst_n -> _85940_/RESET_B : -150.284592
[setup in-reg] rst_n -> _85941_/RESET_B : -150.284592
[setup in-reg] rst_n -> _85942_/RESET_B : -150.284592
[setup in-reg] rst_n -> _85943_/RESET_B : -150.284592
[setup in-reg] rst_n -> _85944_/RESET_B : -150.284592
[setup in-reg] rst_n -> _85945_/RESET_B : -150.284592
[setup in-reg] rst_n -> _85946_/RESET_B : -150.284592
[setup in-reg] rst_n -> _85947_/RESET_B : -150.284592
[setup in-reg] rst_n -> _85948_/RESET_B : -150.284592
[setup in-reg] rst_n -> _85949_/RESET_B : -150.284592
[setup in-reg] rst_n -> _85950_/RESET_B : -150.284592
[setup in-reg] rst_n -> _85951_/RESET_B : -150.284592
[setup in-reg] rst_n -> _85952_/RESET_B : -150.284592
[setup in-reg] rst_n -> _85953_/RESET_B : -150.284592
[setup in-reg] rst_n -> _85954_/RESET_B : -150.284592
[setup in-reg] rst_n -> _85955_/RESET_B : -150.284592
[setup in-reg] rst_n -> _85956_/RESET_B : -150.284592
[setup in-reg] rst_n -> _85957_/RESET_B : -150.284592
[setup in-reg] rst_n -> _85958_/RESET_B : -150.284592
[setup in-reg] rst_n -> _85959_/RESET_B : -150.284592
[setup in-reg] rst_n -> _85960_/RESET_B : -150.284592
[setup in-reg] rst_n -> _85961_/RESET_B : -150.284592
[setup in-reg] rst_n -> _85962_/RESET_B : -150.284592
[setup in-reg] rst_n -> _85963_/RESET_B : -150.284592
[setup in-reg] rst_n -> _85964_/RESET_B : -150.284592
[setup in-reg] rst_n -> _85965_/RESET_B : -150.284592
[setup in-reg] rst_n -> _85966_/RESET_B : -150.284592
[setup in-reg] rst_n -> _85967_/RESET_B : -150.284592
[setup in-reg] rst_n -> _85968_/RESET_B : -150.284592
[setup in-reg] rst_n -> _85969_/RESET_B : -150.284592
[setup in-reg] rst_n -> _85970_/RESET_B : -150.284592
[setup in-reg] rst_n -> _85971_/RESET_B : -150.284592
[setup in-reg] rst_n -> _85972_/RESET_B : -150.284592
[setup in-reg] rst_n -> _85973_/RESET_B : -150.284592
[setup in-reg] rst_n -> _85974_/RESET_B : -150.284592
[setup in-reg] rst_n -> _85975_/RESET_B : -150.284592
[setup in-reg] rst_n -> _85976_/RESET_B : -150.284592
[setup in-reg] rst_n -> _85977_/RESET_B : -150.284592
[setup in-reg] rst_n -> _85978_/RESET_B : -150.284592
[setup in-reg] rst_n -> _85979_/RESET_B : -150.284592
[setup in-reg] rst_n -> _85980_/RESET_B : -150.284592
[setup in-reg] rst_n -> _85981_/RESET_B : -150.284592
[setup in-reg] rst_n -> _85982_/RESET_B : -150.284592
[setup in-reg] rst_n -> _85983_/RESET_B : -150.284592
[setup in-reg] rst_n -> _85984_/RESET_B : -150.284592
[setup in-reg] rst_n -> _85985_/RESET_B : -150.284592
[setup in-reg] rst_n -> _85986_/RESET_B : -150.284592
[setup in-reg] rst_n -> _85987_/RESET_B : -150.284592
[setup in-reg] rst_n -> _85988_/RESET_B : -150.284592
[setup in-reg] rst_n -> _85989_/RESET_B : -150.284592
[setup in-reg] rst_n -> _85990_/RESET_B : -150.284592
[setup in-reg] rst_n -> _85991_/RESET_B : -150.284592
[setup in-reg] rst_n -> _85992_/RESET_B : -150.284592
[setup in-reg] rst_n -> _85993_/RESET_B : -150.284592
[setup in-reg] rst_n -> _85994_/RESET_B : -150.284592
[setup in-reg] rst_n -> _85995_/RESET_B : -150.284592
[setup in-reg] rst_n -> _85996_/RESET_B : -150.284592
[setup in-reg] rst_n -> _85997_/RESET_B : -150.284592
[setup in-reg] rst_n -> _85998_/RESET_B : -150.284592
[setup in-reg] rst_n -> _85999_/RESET_B : -150.284592
[setup in-reg] rst_n -> _86000_/RESET_B : -150.284592
[setup in-reg] rst_n -> _86001_/RESET_B : -150.284592
[setup in-reg] rst_n -> _86002_/RESET_B : -150.284592
[setup in-reg] rst_n -> _86003_/RESET_B : -150.284592
[setup in-reg] rst_n -> _86004_/RESET_B : -150.284592
[setup in-reg] rst_n -> _86005_/RESET_B : -150.284592
[setup in-reg] rst_n -> _86006_/RESET_B : -150.284592
[setup in-reg] rst_n -> _86007_/RESET_B : -150.284592
[setup in-reg] rst_n -> _86008_/RESET_B : -150.284592
[setup in-reg] rst_n -> _86009_/RESET_B : -150.284592
[setup in-reg] rst_n -> _86010_/RESET_B : -150.284592
[setup in-reg] rst_n -> _86011_/RESET_B : -150.284592
[setup in-reg] rst_n -> _86012_/RESET_B : -150.284592
[setup in-reg] rst_n -> _86013_/RESET_B : -150.284592
[setup in-reg] rst_n -> _86014_/RESET_B : -150.284592
[setup in-reg] rst_n -> _86015_/RESET_B : -150.284592
[setup in-reg] rst_n -> _86016_/RESET_B : -150.284592
[setup in-reg] rst_n -> _86017_/RESET_B : -150.284592
[setup in-reg] rst_n -> _86018_/RESET_B : -150.284592
[setup in-reg] rst_n -> _86019_/RESET_B : -150.284592
[setup in-reg] rst_n -> _86020_/RESET_B : -150.284592
[setup in-reg] rst_n -> _86021_/RESET_B : -150.284592
[setup in-reg] rst_n -> _86022_/RESET_B : -150.284592
[setup in-reg] rst_n -> _86023_/RESET_B : -150.284592
[setup in-reg] rst_n -> _86024_/RESET_B : -150.284592
[setup in-reg] rst_n -> _86025_/RESET_B : -150.284592
[setup in-reg] rst_n -> _86026_/RESET_B : -150.284592
[setup in-reg] rst_n -> _86027_/RESET_B : -150.284592
[setup in-reg] rst_n -> _86028_/RESET_B : -150.284592
[setup in-reg] rst_n -> _86029_/RESET_B : -150.284592
[setup in-reg] rst_n -> _86030_/RESET_B : -150.284592
[setup in-reg] rst_n -> _86031_/RESET_B : -150.284592
[setup in-reg] rst_n -> _86032_/RESET_B : -150.284592
[setup in-reg] rst_n -> _86033_/RESET_B : -150.284592
[setup in-reg] rst_n -> _86034_/RESET_B : -150.284592
[setup in-reg] rst_n -> _86035_/RESET_B : -150.284592
[setup in-reg] rst_n -> _86036_/RESET_B : -150.284592
[setup in-reg] rst_n -> _86037_/RESET_B : -150.284592
[setup in-reg] rst_n -> _86038_/RESET_B : -150.284592
[setup in-reg] rst_n -> _86039_/RESET_B : -150.284592
[setup in-reg] rst_n -> _86040_/RESET_B : -150.284592
[setup in-reg] rst_n -> _86041_/RESET_B : -150.284592
[setup in-reg] rst_n -> _86042_/RESET_B : -150.284592
[setup in-reg] rst_n -> _86043_/RESET_B : -150.284592
[setup in-reg] rst_n -> _86044_/RESET_B : -150.284592
[setup in-reg] rst_n -> _86045_/RESET_B : -150.284592
[setup in-reg] rst_n -> _86046_/RESET_B : -150.284592
[setup in-reg] rst_n -> _86047_/RESET_B : -150.284592
[setup in-reg] rst_n -> _86048_/RESET_B : -150.284592
[setup in-reg] rst_n -> _86049_/RESET_B : -150.284592
[setup in-reg] rst_n -> _86050_/RESET_B : -150.284592
[setup in-reg] rst_n -> _86051_/RESET_B : -150.284592
[setup in-reg] rst_n -> _86052_/RESET_B : -150.284592
[setup in-reg] rst_n -> _86053_/RESET_B : -150.284592
[setup in-reg] rst_n -> _86054_/RESET_B : -150.284592
[setup in-reg] rst_n -> _86055_/RESET_B : -150.284592
[setup in-reg] rst_n -> _86056_/RESET_B : -150.284592
[setup in-reg] rst_n -> _86057_/RESET_B : -150.284592
[setup in-reg] rst_n -> _86058_/RESET_B : -150.284592
[setup in-reg] rst_n -> _86059_/RESET_B : -150.284592
[setup in-reg] rst_n -> _86060_/RESET_B : -150.284592
[setup in-reg] rst_n -> _86061_/RESET_B : -150.284592
[setup in-reg] rst_n -> _86062_/RESET_B : -150.284592
[setup in-reg] rst_n -> _86063_/RESET_B : -150.284592
[setup in-reg] rst_n -> _86064_/RESET_B : -150.284592
[setup in-reg] rst_n -> _86065_/RESET_B : -150.284592
[setup in-reg] rst_n -> _86066_/RESET_B : -150.284592
[setup in-reg] rst_n -> _86067_/RESET_B : -150.284592
[setup in-reg] rst_n -> _86068_/RESET_B : -150.284592
[setup in-reg] rst_n -> _86069_/RESET_B : -150.284592
[setup in-reg] rst_n -> _86070_/RESET_B : -150.284592
[setup in-reg] rst_n -> _86071_/RESET_B : -150.284592
[setup in-reg] rst_n -> _86072_/RESET_B : -150.284592
[setup in-reg] rst_n -> _86073_/RESET_B : -150.284592
[setup in-reg] rst_n -> _86074_/RESET_B : -150.284592
[setup in-reg] rst_n -> _86075_/RESET_B : -150.284592
[setup in-reg] rst_n -> _86076_/RESET_B : -150.284592
[setup in-reg] rst_n -> _86077_/RESET_B : -150.284592
[setup in-reg] rst_n -> _86078_/RESET_B : -150.284592
[setup in-reg] rst_n -> _86079_/RESET_B : -150.284592
[setup in-reg] rst_n -> _86080_/RESET_B : -150.284592
[setup in-reg] rst_n -> _86081_/RESET_B : -150.284592
[setup in-reg] rst_n -> _86082_/RESET_B : -150.284592
[setup in-reg] rst_n -> _86083_/RESET_B : -150.284592
[setup in-reg] rst_n -> _86084_/RESET_B : -150.284592
[setup in-reg] rst_n -> _86085_/RESET_B : -150.284592
[setup in-reg] rst_n -> _86086_/RESET_B : -150.284592
[setup in-reg] rst_n -> _86087_/RESET_B : -150.284592
[setup in-reg] rst_n -> _86088_/RESET_B : -150.284592
[setup in-reg] rst_n -> _86089_/RESET_B : -150.284592
[setup in-reg] rst_n -> _86090_/RESET_B : -150.284592
[setup in-reg] rst_n -> _86091_/RESET_B : -150.284592
[setup in-reg] rst_n -> _86092_/RESET_B : -150.284592
[setup in-reg] rst_n -> _86093_/RESET_B : -150.284592
[setup in-reg] rst_n -> _86094_/RESET_B : -150.284592
[setup in-reg] rst_n -> _86095_/RESET_B : -150.284592
[setup in-reg] rst_n -> _86096_/RESET_B : -150.284592
[setup in-reg] rst_n -> _86097_/RESET_B : -150.284592
[setup in-reg] rst_n -> _86098_/RESET_B : -150.284592
[setup in-reg] rst_n -> _86099_/RESET_B : -150.284592
[setup in-reg] rst_n -> _86100_/RESET_B : -150.284592
[setup in-reg] rst_n -> _86101_/RESET_B : -150.284592
[setup in-reg] rst_n -> _86102_/RESET_B : -150.284592
[setup in-reg] rst_n -> _86103_/RESET_B : -150.284592
[setup in-reg] rst_n -> _86104_/RESET_B : -150.284592
[setup in-reg] rst_n -> _86105_/RESET_B : -150.284592
[setup in-reg] rst_n -> _86106_/RESET_B : -150.284592
[setup in-reg] rst_n -> _86107_/RESET_B : -150.284592
[setup in-reg] rst_n -> _86108_/RESET_B : -150.284592
[setup in-reg] rst_n -> _86109_/RESET_B : -150.284592
[setup in-reg] rst_n -> _86110_/RESET_B : -150.284592
[setup in-reg] rst_n -> _86111_/RESET_B : -150.284592
[setup in-reg] rst_n -> _86112_/RESET_B : -150.284592
[setup in-reg] rst_n -> _86113_/RESET_B : -150.284592
[setup in-reg] rst_n -> _86114_/RESET_B : -150.284592
[setup in-reg] rst_n -> _86115_/RESET_B : -150.284592
[setup in-reg] rst_n -> _86116_/RESET_B : -150.284592
[setup in-reg] rst_n -> _86117_/RESET_B : -150.284592
[setup in-reg] rst_n -> _86118_/RESET_B : -150.284592
[setup in-reg] rst_n -> _86119_/RESET_B : -150.284592
[setup in-reg] rst_n -> _86120_/RESET_B : -150.284592
[setup in-reg] rst_n -> _86121_/RESET_B : -150.284592
[setup in-reg] rst_n -> _86122_/RESET_B : -150.284592
[setup in-reg] rst_n -> _86123_/RESET_B : -150.284592
[setup in-reg] rst_n -> _86124_/RESET_B : -150.284592
[setup in-reg] rst_n -> _86125_/RESET_B : -150.284592
[setup in-reg] rst_n -> _86126_/RESET_B : -150.284592
[setup in-reg] rst_n -> _86127_/RESET_B : -150.284592
[setup in-reg] rst_n -> _86128_/RESET_B : -150.284592
[setup in-reg] rst_n -> _86129_/RESET_B : -150.284592
[setup in-reg] rst_n -> _86130_/RESET_B : -150.284592
[setup in-reg] rst_n -> _86131_/RESET_B : -150.284592
[setup in-reg] rst_n -> _86132_/RESET_B : -150.284592
[setup in-reg] rst_n -> _86133_/RESET_B : -150.284592
[setup in-reg] rst_n -> _86134_/RESET_B : -150.284592
[setup in-reg] rst_n -> _86135_/RESET_B : -150.284592
[setup in-reg] rst_n -> _86136_/RESET_B : -150.284592
[setup in-reg] rst_n -> _86137_/RESET_B : -150.284592
[setup in-reg] rst_n -> _86138_/RESET_B : -150.284592
[setup in-reg] rst_n -> _86139_/RESET_B : -150.284592
[setup in-reg] rst_n -> _86140_/RESET_B : -150.284592
[setup in-reg] rst_n -> _86141_/RESET_B : -150.284592
[setup in-reg] rst_n -> _86142_/RESET_B : -150.284592
[setup in-reg] rst_n -> _86143_/RESET_B : -150.284592
[setup in-reg] rst_n -> _86144_/RESET_B : -150.284592
[setup in-reg] rst_n -> _86145_/RESET_B : -150.284592
[setup in-reg] rst_n -> _86146_/RESET_B : -150.284592
[setup in-reg] rst_n -> _86147_/RESET_B : -150.284592
[setup in-reg] rst_n -> _86148_/RESET_B : -150.284592
[setup in-reg] rst_n -> _86149_/RESET_B : -150.284592
[setup in-reg] rst_n -> _86150_/RESET_B : -150.284592
[setup in-reg] rst_n -> _86151_/RESET_B : -150.284592
[setup in-reg] rst_n -> _86152_/RESET_B : -150.284592
[setup in-reg] rst_n -> _86153_/RESET_B : -150.284592
[setup in-reg] rst_n -> _86154_/RESET_B : -150.284592
[setup in-reg] rst_n -> _86155_/RESET_B : -150.284592
[setup in-reg] rst_n -> _86156_/RESET_B : -150.284592
[setup in-reg] rst_n -> _86157_/RESET_B : -150.284592
[setup in-reg] rst_n -> _86158_/RESET_B : -150.284592
[setup in-reg] rst_n -> _86159_/RESET_B : -150.284592
[setup in-reg] rst_n -> _86160_/RESET_B : -150.284592
[setup in-reg] rst_n -> _86161_/RESET_B : -150.284592
[setup in-reg] rst_n -> _86162_/RESET_B : -150.284592
[setup in-reg] rst_n -> _86163_/RESET_B : -150.284592
[setup in-reg] rst_n -> _86164_/RESET_B : -150.284592
[setup in-reg] rst_n -> _86165_/RESET_B : -150.284592
[setup in-reg] rst_n -> _86166_/RESET_B : -150.284592
[setup in-reg] rst_n -> _86167_/RESET_B : -150.284592
[setup in-reg] rst_n -> _86168_/RESET_B : -150.284592
[setup in-reg] rst_n -> _86169_/RESET_B : -150.284592
[setup in-reg] rst_n -> _86170_/RESET_B : -150.284592
[setup in-reg] rst_n -> _86171_/RESET_B : -150.284592
[setup in-reg] rst_n -> _86172_/RESET_B : -150.284592
[setup in-reg] rst_n -> _86173_/RESET_B : -150.284592
[setup in-reg] rst_n -> _86174_/RESET_B : -150.284592
[setup in-reg] rst_n -> _86175_/RESET_B : -150.284592
[setup in-reg] rst_n -> _86176_/RESET_B : -150.284592
[setup in-reg] rst_n -> _86177_/RESET_B : -150.284592
[setup in-reg] rst_n -> _86178_/RESET_B : -150.284592
[setup in-reg] rst_n -> _86179_/RESET_B : -150.284592
[setup in-reg] rst_n -> _86180_/RESET_B : -150.284592
[setup in-reg] rst_n -> _86181_/RESET_B : -150.284592
[setup in-reg] rst_n -> _86182_/RESET_B : -150.284592
[setup in-reg] rst_n -> _86183_/RESET_B : -150.284592
[setup in-reg] rst_n -> _86184_/RESET_B : -150.284592
[setup in-reg] rst_n -> _86185_/RESET_B : -150.284592
[setup in-reg] rst_n -> _86186_/RESET_B : -150.284592
[setup in-reg] rst_n -> _86187_/RESET_B : -150.284592
[setup in-reg] rst_n -> _86188_/RESET_B : -150.284592
[setup in-reg] rst_n -> _86189_/RESET_B : -150.284592
[setup in-reg] rst_n -> _86190_/RESET_B : -150.284592
[setup in-reg] rst_n -> _86191_/RESET_B : -150.284592
[setup in-reg] rst_n -> _86192_/RESET_B : -150.284592
[setup in-reg] rst_n -> _86193_/RESET_B : -150.284592
[setup in-reg] rst_n -> _86194_/RESET_B : -150.284592
[setup in-reg] rst_n -> _86195_/RESET_B : -150.284592
[setup in-reg] rst_n -> _86196_/RESET_B : -150.284592
[setup in-reg] rst_n -> _86197_/RESET_B : -150.284592
[setup in-reg] rst_n -> _86198_/RESET_B : -150.284592
[setup in-reg] rst_n -> _86199_/RESET_B : -150.284592
[setup in-reg] rst_n -> _86200_/RESET_B : -150.284592
[setup in-reg] rst_n -> _86201_/RESET_B : -150.284592
[setup in-reg] rst_n -> _86202_/RESET_B : -150.284592
[setup in-reg] rst_n -> _86203_/RESET_B : -150.284592
[setup in-reg] rst_n -> _86204_/RESET_B : -150.284592
[setup in-reg] rst_n -> _86205_/RESET_B : -150.284592
[setup in-reg] rst_n -> _86206_/RESET_B : -150.284592
[setup in-reg] rst_n -> _86207_/RESET_B : -150.284592
[setup in-reg] rst_n -> _86208_/RESET_B : -150.284592
[setup in-reg] rst_n -> _86209_/RESET_B : -150.284592
[setup in-reg] rst_n -> _86210_/RESET_B : -150.284592
[setup in-reg] rst_n -> _86211_/RESET_B : -150.284592
[setup in-reg] rst_n -> _86212_/RESET_B : -150.284592
[setup in-reg] rst_n -> _86213_/RESET_B : -150.284592
[setup in-reg] rst_n -> _86214_/RESET_B : -150.284592
[setup in-reg] rst_n -> _86215_/RESET_B : -150.284592
[setup in-reg] rst_n -> _86216_/RESET_B : -150.284592
[setup in-reg] rst_n -> _86217_/RESET_B : -150.284592
[setup in-reg] rst_n -> _86218_/RESET_B : -150.284592
[setup in-reg] rst_n -> _86219_/RESET_B : -150.284592
[setup in-reg] rst_n -> _86220_/RESET_B : -150.284592
[setup in-reg] rst_n -> _86221_/RESET_B : -150.284592
[setup in-reg] rst_n -> _86222_/RESET_B : -150.284592
[setup in-reg] rst_n -> _86223_/RESET_B : -150.284592
[setup in-reg] rst_n -> _86224_/RESET_B : -150.284592
[setup in-reg] rst_n -> _86225_/RESET_B : -150.284592
[setup in-reg] rst_n -> _86226_/RESET_B : -150.284592
[setup in-reg] rst_n -> _86227_/RESET_B : -150.284592
[setup in-reg] rst_n -> _86228_/RESET_B : -150.284592
[setup in-reg] rst_n -> _86229_/RESET_B : -150.284592
[setup in-reg] rst_n -> _86230_/RESET_B : -150.284592
[setup in-reg] rst_n -> _86231_/RESET_B : -150.284592
[setup in-reg] rst_n -> _86232_/RESET_B : -150.284592
[setup in-reg] rst_n -> _86233_/RESET_B : -150.284592
[setup in-reg] rst_n -> _86234_/RESET_B : -150.284592
[setup in-reg] rst_n -> _86235_/RESET_B : -150.284592
[setup in-reg] rst_n -> _86236_/RESET_B : -150.284592
[setup in-reg] rst_n -> _86237_/RESET_B : -150.284592
[setup in-reg] rst_n -> _86238_/RESET_B : -150.284592
[setup in-reg] rst_n -> _86239_/RESET_B : -150.284592
[setup in-reg] rst_n -> _86240_/RESET_B : -150.284592
[setup in-reg] rst_n -> _86241_/RESET_B : -150.284592
[setup in-reg] rst_n -> _86242_/RESET_B : -150.284592
[setup in-reg] rst_n -> _86243_/RESET_B : -150.284592
[setup in-reg] rst_n -> _86244_/RESET_B : -150.284592
[setup in-reg] rst_n -> _86245_/RESET_B : -150.284592
[setup in-reg] rst_n -> _86246_/RESET_B : -150.284592
[setup in-reg] rst_n -> _86247_/RESET_B : -150.284592
[setup in-reg] rst_n -> _86248_/RESET_B : -150.284592
[setup in-reg] rst_n -> _86249_/RESET_B : -150.284592
[setup in-reg] rst_n -> _86250_/RESET_B : -150.284592
[setup in-reg] rst_n -> _86251_/RESET_B : -150.284592
[setup in-reg] rst_n -> _86252_/RESET_B : -150.284592
[setup in-reg] rst_n -> _86253_/RESET_B : -150.284592
[setup in-reg] rst_n -> _86254_/RESET_B : -150.284592
[setup in-reg] rst_n -> _86255_/RESET_B : -150.284592
[setup in-reg] rst_n -> _86256_/RESET_B : -150.284592
[setup in-reg] rst_n -> _86257_/RESET_B : -150.284592
[setup in-reg] rst_n -> _86258_/RESET_B : -150.284592
[setup in-reg] rst_n -> _86259_/RESET_B : -150.284592
[setup in-reg] rst_n -> _86260_/RESET_B : -150.284592
[setup in-reg] rst_n -> _86261_/RESET_B : -150.284592
[setup in-reg] rst_n -> _86262_/RESET_B : -150.284592
[setup in-reg] rst_n -> _86263_/RESET_B : -150.284592
[setup in-reg] rst_n -> _86264_/RESET_B : -150.284592
[setup in-reg] rst_n -> _86265_/RESET_B : -150.284592
[setup in-reg] rst_n -> _86266_/RESET_B : -150.284592
[setup in-reg] rst_n -> _86267_/RESET_B : -150.284592
[setup in-reg] rst_n -> _86268_/RESET_B : -150.284592
[setup in-reg] rst_n -> _86269_/RESET_B : -150.284592
[setup in-reg] rst_n -> _86270_/RESET_B : -150.284592
[setup in-reg] rst_n -> _86271_/RESET_B : -150.284592
[setup in-reg] rst_n -> _86272_/RESET_B : -150.284592
[setup in-reg] rst_n -> _86273_/RESET_B : -150.284592
[setup in-reg] rst_n -> _86274_/RESET_B : -150.284592
[setup in-reg] rst_n -> _86275_/RESET_B : -150.284592
[setup in-reg] rst_n -> _86276_/RESET_B : -150.284592
[setup in-reg] rst_n -> _86277_/RESET_B : -150.284592
[setup in-reg] rst_n -> _86278_/RESET_B : -150.284592
[setup in-reg] rst_n -> _86279_/RESET_B : -150.284592
[setup in-reg] rst_n -> _86280_/RESET_B : -150.284592
[setup in-reg] rst_n -> _86281_/RESET_B : -150.284592
[setup in-reg] rst_n -> _86282_/RESET_B : -150.284592
[setup in-reg] rst_n -> _86283_/RESET_B : -150.284592
[setup in-reg] rst_n -> _86284_/RESET_B : -150.284592
[setup in-reg] rst_n -> _86285_/RESET_B : -150.284592
[setup in-reg] rst_n -> _86286_/RESET_B : -150.284592
[setup in-reg] rst_n -> _86287_/RESET_B : -150.284592
[setup in-reg] rst_n -> _86288_/RESET_B : -150.284592
[setup in-reg] rst_n -> _86289_/RESET_B : -150.284592
[setup in-reg] rst_n -> _86290_/RESET_B : -150.284592
[setup in-reg] rst_n -> _86291_/RESET_B : -150.284592
[setup in-reg] rst_n -> _86292_/RESET_B : -150.284592
[setup in-reg] rst_n -> _86293_/RESET_B : -150.284592
[setup in-reg] rst_n -> _86294_/RESET_B : -150.284592
[setup in-reg] rst_n -> _86295_/RESET_B : -150.284592
[setup in-reg] rst_n -> _86296_/RESET_B : -150.284592
[setup in-reg] rst_n -> _86297_/RESET_B : -150.284592
[setup in-reg] rst_n -> _86298_/RESET_B : -150.284592
[setup in-reg] rst_n -> _86299_/RESET_B : -150.284592
[setup in-reg] rst_n -> _86300_/RESET_B : -150.284592
[setup in-reg] rst_n -> _86301_/RESET_B : -150.284592
[setup in-reg] rst_n -> _86302_/RESET_B : -150.284592
[setup in-reg] rst_n -> _86303_/RESET_B : -150.284592
[setup in-reg] rst_n -> _86304_/RESET_B : -150.284592
[setup in-reg] rst_n -> _86305_/RESET_B : -150.284592
[setup in-reg] rst_n -> _86306_/RESET_B : -150.284592
[setup in-reg] rst_n -> _86307_/RESET_B : -150.284592
[setup in-reg] rst_n -> _86308_/RESET_B : -150.284592
[setup in-reg] rst_n -> _86309_/RESET_B : -150.284592
[setup in-reg] rst_n -> _86310_/RESET_B : -150.284592
[setup in-reg] rst_n -> _86311_/RESET_B : -150.284592
[setup in-reg] rst_n -> _86312_/RESET_B : -150.284592
[setup in-reg] rst_n -> _86313_/RESET_B : -150.284592
[setup in-reg] rst_n -> _86314_/RESET_B : -150.284592
[setup in-reg] rst_n -> _86315_/RESET_B : -150.284592
[setup in-reg] rst_n -> _86316_/RESET_B : -150.284592
[setup in-reg] rst_n -> _86317_/RESET_B : -150.284592
[setup in-reg] rst_n -> _86318_/RESET_B : -150.284592
[setup in-reg] rst_n -> _86319_/RESET_B : -150.284592
[setup in-reg] rst_n -> _86320_/RESET_B : -150.284592
[setup in-reg] rst_n -> _86321_/RESET_B : -150.284592
[setup in-reg] rst_n -> _86322_/RESET_B : -150.284592
[setup in-reg] rst_n -> _86323_/RESET_B : -150.284592
[setup in-reg] rst_n -> _86324_/RESET_B : -150.284592
[setup in-reg] rst_n -> _86325_/RESET_B : -150.284592
[setup in-reg] rst_n -> _86326_/RESET_B : -150.284592
[setup in-reg] rst_n -> _86327_/RESET_B : -150.284592
[setup in-reg] rst_n -> _86328_/RESET_B : -150.284592
[setup in-reg] rst_n -> _86329_/RESET_B : -150.284592
[setup in-reg] rst_n -> _86330_/RESET_B : -150.284592
[setup in-reg] rst_n -> _86331_/RESET_B : -150.284592
[setup in-reg] rst_n -> _86332_/RESET_B : -150.284592
[setup in-reg] rst_n -> _86333_/RESET_B : -150.284592
[setup in-reg] rst_n -> _86334_/RESET_B : -150.284592
[setup in-reg] rst_n -> _86335_/RESET_B : -150.284592
[setup in-reg] rst_n -> _86336_/RESET_B : -150.284592
[setup in-reg] rst_n -> _86337_/RESET_B : -150.284592
[setup in-reg] rst_n -> _86338_/RESET_B : -150.284592
[setup in-reg] rst_n -> _86339_/RESET_B : -150.284592
[setup in-reg] rst_n -> _86340_/RESET_B : -150.284592
[setup in-reg] rst_n -> _86341_/RESET_B : -150.284592
[setup in-reg] rst_n -> _86342_/RESET_B : -150.284592
[setup in-reg] rst_n -> _86343_/RESET_B : -150.284592
[setup in-reg] rst_n -> _86344_/RESET_B : -150.284592
[setup in-reg] rst_n -> _86345_/RESET_B : -150.284592
[setup in-reg] rst_n -> _86346_/RESET_B : -150.284592
[setup in-reg] rst_n -> _86347_/RESET_B : -150.284592
[setup in-reg] rst_n -> _86348_/RESET_B : -150.284592
[setup in-reg] rst_n -> _86349_/RESET_B : -150.284592
[setup in-reg] rst_n -> _86350_/RESET_B : -150.284592
[setup in-reg] rst_n -> _86351_/RESET_B : -150.284592
[setup in-reg] rst_n -> _86352_/RESET_B : -150.284592
[setup in-reg] rst_n -> _86353_/RESET_B : -150.284592
[setup in-reg] rst_n -> _86354_/RESET_B : -150.284592
[setup in-reg] rst_n -> _86355_/RESET_B : -150.284592
[setup in-reg] rst_n -> _86356_/RESET_B : -150.284592
[setup in-reg] rst_n -> _86357_/RESET_B : -150.284592
[setup in-reg] rst_n -> _86358_/RESET_B : -150.284592
[setup in-reg] rst_n -> _86359_/RESET_B : -150.284592
[setup in-reg] rst_n -> _86360_/RESET_B : -150.284592
[setup in-reg] rst_n -> _86361_/RESET_B : -150.284592
[setup in-reg] rst_n -> _86362_/RESET_B : -150.284592
[setup in-reg] rst_n -> _86363_/RESET_B : -150.284592
[setup in-reg] rst_n -> _86364_/RESET_B : -150.284592
[setup in-reg] rst_n -> _86365_/RESET_B : -150.284592
[setup in-reg] rst_n -> _86366_/RESET_B : -150.284592
[setup in-reg] rst_n -> _86367_/RESET_B : -150.284592
[setup in-reg] rst_n -> _86368_/RESET_B : -150.284592
[setup in-reg] rst_n -> _86369_/RESET_B : -150.284592
[setup in-reg] rst_n -> _86370_/RESET_B : -150.284592
[setup in-reg] rst_n -> _86371_/RESET_B : -150.284592
[setup in-reg] rst_n -> _86372_/RESET_B : -150.284592
[setup in-reg] rst_n -> _86373_/RESET_B : -150.284592
[setup in-reg] rst_n -> _86374_/RESET_B : -150.284592
[setup in-reg] rst_n -> _86375_/RESET_B : -150.284592
[setup in-reg] rst_n -> _86376_/RESET_B : -150.284592
[setup in-reg] rst_n -> _86377_/RESET_B : -150.284592
[setup in-reg] rst_n -> _86378_/RESET_B : -150.284592
[setup in-reg] rst_n -> _86379_/RESET_B : -150.284592
[setup in-reg] rst_n -> _86380_/RESET_B : -150.284592
[setup in-reg] rst_n -> _86381_/RESET_B : -150.284592
[setup in-reg] rst_n -> _86382_/RESET_B : -150.284592
[setup in-reg] rst_n -> _86383_/RESET_B : -150.284592
[setup in-reg] rst_n -> _86384_/RESET_B : -150.284592
[setup in-reg] rst_n -> _86385_/RESET_B : -150.284592
[setup in-reg] rst_n -> _86386_/RESET_B : -150.284592
[setup in-reg] rst_n -> _86387_/RESET_B : -150.284592
[setup in-reg] rst_n -> _86388_/RESET_B : -150.284592
[setup in-reg] rst_n -> _86389_/RESET_B : -150.284592
[setup in-reg] rst_n -> _86390_/RESET_B : -150.284592
[setup in-reg] rst_n -> _86391_/RESET_B : -150.284592
[setup in-reg] rst_n -> _86392_/RESET_B : -150.284592
[setup in-reg] rst_n -> _86393_/RESET_B : -150.284592
[setup in-reg] rst_n -> _86394_/RESET_B : -150.284592
[setup in-reg] rst_n -> _86395_/RESET_B : -150.284592
[setup in-reg] rst_n -> _86396_/RESET_B : -150.284592
[setup in-reg] rst_n -> _86397_/RESET_B : -150.284592
[setup in-reg] rst_n -> _86398_/RESET_B : -150.284592
[setup in-reg] rst_n -> _86399_/RESET_B : -150.284592
[setup in-reg] rst_n -> _86400_/RESET_B : -150.284592
[setup in-reg] rst_n -> _86401_/RESET_B : -150.284592
[setup in-reg] rst_n -> _86402_/RESET_B : -150.284592
[setup in-reg] rst_n -> _86403_/RESET_B : -150.284592
[setup in-reg] rst_n -> _86404_/RESET_B : -150.284592
[setup in-reg] rst_n -> _86405_/RESET_B : -150.284592
[setup in-reg] rst_n -> _86406_/RESET_B : -150.284592
[setup in-reg] rst_n -> _86407_/RESET_B : -150.284592
[setup in-reg] rst_n -> _86408_/RESET_B : -150.284592
[setup in-reg] rst_n -> _86409_/RESET_B : -150.284592
[setup in-reg] rst_n -> _86410_/RESET_B : -150.284592
[setup in-reg] rst_n -> _86411_/RESET_B : -150.284592
[setup in-reg] rst_n -> _86412_/RESET_B : -150.284592
[setup in-reg] rst_n -> _86413_/RESET_B : -150.284592
[setup in-reg] rst_n -> _86414_/RESET_B : -150.284592
[setup in-reg] rst_n -> _86415_/RESET_B : -150.284592
[setup in-reg] rst_n -> _86416_/RESET_B : -150.284592
[setup in-reg] rst_n -> _86417_/RESET_B : -150.284592
[setup in-reg] rst_n -> _86418_/RESET_B : -150.284592
[setup in-reg] rst_n -> _86419_/RESET_B : -150.284592
[setup in-reg] rst_n -> _86420_/RESET_B : -150.284592
[setup in-reg] rst_n -> _86421_/RESET_B : -150.284592
[setup in-reg] rst_n -> _86422_/RESET_B : -150.284592
[setup in-reg] rst_n -> _86423_/RESET_B : -150.284592
[setup in-reg] rst_n -> _86424_/RESET_B : -150.284592
[setup in-reg] rst_n -> _86425_/RESET_B : -150.284592
[setup in-reg] rst_n -> _86426_/RESET_B : -150.284592
[setup in-reg] rst_n -> _86427_/RESET_B : -150.284592
[setup in-reg] rst_n -> _86428_/RESET_B : -150.284592
[setup in-reg] rst_n -> _86429_/RESET_B : -150.284592
[setup in-reg] rst_n -> _86430_/RESET_B : -150.284592
[setup in-reg] rst_n -> _86431_/RESET_B : -150.284592
[setup in-reg] rst_n -> _86432_/RESET_B : -150.284592
[setup in-reg] rst_n -> _86433_/RESET_B : -150.284592
[setup in-reg] rst_n -> _86434_/RESET_B : -150.284592
[setup in-reg] rst_n -> _86435_/RESET_B : -150.284592
[setup in-reg] rst_n -> _86436_/RESET_B : -150.284592
[setup in-reg] rst_n -> _86437_/RESET_B : -150.284592
[setup in-reg] rst_n -> _86438_/RESET_B : -150.284592
[setup in-reg] rst_n -> _86439_/RESET_B : -150.284592
[setup in-reg] rst_n -> _86440_/RESET_B : -150.284592
[setup in-reg] rst_n -> _86441_/RESET_B : -150.284592
[setup in-reg] rst_n -> _86442_/RESET_B : -150.284592
[setup in-reg] rst_n -> _86443_/RESET_B : -150.284592
[setup in-reg] rst_n -> _86444_/RESET_B : -150.284592
[setup in-reg] rst_n -> _86445_/RESET_B : -150.284592
[setup in-reg] rst_n -> _86446_/RESET_B : -150.284592
[setup in-reg] rst_n -> _86447_/RESET_B : -150.284592
[setup in-reg] rst_n -> _86448_/RESET_B : -150.284592
[setup in-reg] rst_n -> _86449_/RESET_B : -150.284592
[setup in-reg] rst_n -> _86450_/RESET_B : -150.284592
[setup in-reg] rst_n -> _86451_/RESET_B : -150.284592
[setup in-reg] rst_n -> _86452_/RESET_B : -150.284592
[setup in-reg] rst_n -> _86453_/RESET_B : -150.284592
[setup in-reg] rst_n -> _86454_/RESET_B : -150.284592
[setup in-reg] rst_n -> _86455_/RESET_B : -150.284592
[setup in-reg] rst_n -> _86456_/RESET_B : -150.284592
[setup in-reg] rst_n -> _86457_/RESET_B : -150.284592
[setup in-reg] rst_n -> _86458_/RESET_B : -150.284592
[setup in-reg] rst_n -> _86459_/RESET_B : -150.284592
[setup in-reg] rst_n -> _86460_/RESET_B : -150.284592
[setup in-reg] rst_n -> _86461_/RESET_B : -150.284592
[setup in-reg] rst_n -> _86462_/RESET_B : -150.284592
[setup in-reg] rst_n -> _86463_/RESET_B : -150.284592
[setup in-reg] rst_n -> _86464_/RESET_B : -150.284592
[setup in-reg] rst_n -> _86465_/RESET_B : -150.284592
[setup in-reg] rst_n -> _86466_/RESET_B : -150.284592
[setup in-reg] rst_n -> _86467_/RESET_B : -150.284592
[setup in-reg] rst_n -> _86468_/RESET_B : -150.284592
[setup in-reg] rst_n -> _86469_/RESET_B : -150.284592
[setup in-reg] rst_n -> _86470_/RESET_B : -150.284592
[setup in-reg] rst_n -> _86471_/RESET_B : -150.284592
[setup in-reg] rst_n -> _86472_/RESET_B : -150.284592
[setup in-reg] rst_n -> _86473_/RESET_B : -150.284592
[setup in-reg] rst_n -> _86474_/RESET_B : -150.284592
[setup in-reg] rst_n -> _86475_/RESET_B : -150.284592
[setup in-reg] rst_n -> _86476_/RESET_B : -150.284592
[setup in-reg] rst_n -> _86477_/RESET_B : -150.284592
[setup in-reg] rst_n -> _86478_/RESET_B : -150.284592
[setup in-reg] rst_n -> _86479_/RESET_B : -150.284592
[setup in-reg] rst_n -> _86480_/RESET_B : -150.284592
[setup in-reg] rst_n -> _86481_/RESET_B : -150.284592
[setup in-reg] rst_n -> _86482_/RESET_B : -150.284592
[setup in-reg] rst_n -> _86483_/RESET_B : -150.284592
[setup in-reg] rst_n -> _86484_/RESET_B : -150.284592
[setup in-reg] rst_n -> _86485_/RESET_B : -150.284592
[setup in-reg] rst_n -> _86486_/RESET_B : -150.284592
[setup in-reg] rst_n -> _86487_/RESET_B : -150.284592
[setup in-reg] rst_n -> _86488_/RESET_B : -150.284592
[setup in-reg] rst_n -> _86489_/RESET_B : -150.284592
[setup in-reg] rst_n -> _86490_/RESET_B : -150.284592
[setup in-reg] rst_n -> _86491_/RESET_B : -150.284592
[setup in-reg] rst_n -> _86492_/RESET_B : -150.284592
[setup in-reg] rst_n -> _86493_/RESET_B : -150.284592
[setup in-reg] rst_n -> _86494_/RESET_B : -150.284592
[setup in-reg] rst_n -> _86495_/RESET_B : -150.284592
[setup in-reg] rst_n -> _86496_/RESET_B : -150.284592
[setup in-reg] rst_n -> _86497_/RESET_B : -150.284592
[setup in-reg] rst_n -> _86498_/RESET_B : -150.284592
[setup in-reg] rst_n -> _86499_/RESET_B : -150.284592
[setup in-reg] rst_n -> _86500_/RESET_B : -150.284592
[setup in-reg] rst_n -> _86501_/RESET_B : -150.284592
[setup in-reg] rst_n -> _86502_/RESET_B : -150.284592
[setup in-reg] rst_n -> _86503_/RESET_B : -150.284592
[setup in-reg] rst_n -> _86504_/RESET_B : -150.284592
[setup in-reg] rst_n -> _86505_/RESET_B : -150.284592
[setup in-reg] rst_n -> _86506_/RESET_B : -150.284592
[setup in-reg] rst_n -> _86507_/RESET_B : -150.284592
[setup in-reg] rst_n -> _86508_/RESET_B : -150.284592
[setup in-reg] rst_n -> _86509_/RESET_B : -150.284592
[setup in-reg] rst_n -> _86510_/RESET_B : -150.284592
[setup in-reg] rst_n -> _86511_/RESET_B : -150.284592
[setup in-reg] rst_n -> _86512_/RESET_B : -150.284592
[setup in-reg] rst_n -> _86513_/RESET_B : -150.284592
[setup in-reg] rst_n -> _86514_/RESET_B : -150.284592
[setup in-reg] rst_n -> _86515_/RESET_B : -150.284592
[setup in-reg] rst_n -> _86516_/RESET_B : -150.284592
[setup in-reg] rst_n -> _86517_/RESET_B : -150.284592
[setup in-reg] rst_n -> _86518_/RESET_B : -150.284592
[setup in-reg] rst_n -> _86519_/RESET_B : -150.284592
[setup in-reg] rst_n -> _86520_/RESET_B : -150.284592
[setup in-reg] rst_n -> _86521_/RESET_B : -150.284592
[setup in-reg] rst_n -> _86522_/RESET_B : -150.284592
[setup in-reg] rst_n -> _86523_/RESET_B : -150.284592
[setup in-reg] rst_n -> _86524_/RESET_B : -150.284592
[setup in-reg] rst_n -> _86525_/RESET_B : -150.284592
[setup in-reg] rst_n -> _86526_/RESET_B : -150.284592
[setup in-reg] rst_n -> _86527_/RESET_B : -150.284592
[setup in-reg] rst_n -> _86528_/RESET_B : -150.284592
[setup in-reg] rst_n -> _86529_/RESET_B : -150.284592
[setup in-reg] rst_n -> _86530_/RESET_B : -150.284592
[setup in-reg] rst_n -> _86531_/RESET_B : -150.284592
[setup in-reg] rst_n -> _86532_/RESET_B : -150.284592
[setup in-reg] rst_n -> _86533_/RESET_B : -150.284592
[setup in-reg] rst_n -> _86534_/RESET_B : -150.284592
[setup in-reg] rst_n -> _86535_/RESET_B : -150.284592
[setup in-reg] rst_n -> _86536_/RESET_B : -150.284592
[setup in-reg] rst_n -> _86537_/RESET_B : -150.284592
[setup in-reg] rst_n -> _86538_/RESET_B : -150.284592
[setup in-reg] rst_n -> _86539_/RESET_B : -150.284592
[setup in-reg] rst_n -> _86540_/RESET_B : -150.284592
[setup in-reg] rst_n -> _86541_/RESET_B : -150.284592
[setup in-reg] rst_n -> _86542_/RESET_B : -150.284592
[setup in-reg] rst_n -> _86543_/RESET_B : -150.284592
[setup in-reg] rst_n -> _86544_/RESET_B : -150.284592
[setup in-reg] rst_n -> _86545_/RESET_B : -150.284592
[setup in-reg] rst_n -> _86546_/RESET_B : -150.284592
[setup in-reg] rst_n -> _86547_/RESET_B : -150.284592
[setup in-reg] rst_n -> _86548_/RESET_B : -150.284592
[setup in-reg] rst_n -> _86549_/RESET_B : -150.284592
[setup in-reg] rst_n -> _86550_/RESET_B : -150.284592
[setup in-reg] rst_n -> _86551_/RESET_B : -150.284592
[setup in-reg] rst_n -> _86552_/RESET_B : -150.284592
[setup in-reg] rst_n -> _86553_/RESET_B : -150.284592
[setup in-reg] rst_n -> _86554_/RESET_B : -150.284592
[setup in-reg] rst_n -> _86555_/RESET_B : -150.284592
[setup in-reg] rst_n -> _86556_/RESET_B : -150.284592
[setup in-reg] rst_n -> _86557_/RESET_B : -150.284592
[setup in-reg] rst_n -> _86558_/RESET_B : -150.284592
[setup in-reg] rst_n -> _86559_/RESET_B : -150.284592
[setup in-reg] rst_n -> _86560_/RESET_B : -150.284592
[setup in-reg] rst_n -> _86561_/RESET_B : -150.284592
[setup in-reg] rst_n -> _86562_/RESET_B : -150.284592
[setup in-reg] rst_n -> _86563_/RESET_B : -150.284592
[setup in-reg] rst_n -> _86564_/RESET_B : -150.284592
[setup in-reg] rst_n -> _86565_/RESET_B : -150.284592
[setup in-reg] rst_n -> _86566_/RESET_B : -150.284592
[setup in-reg] rst_n -> _86567_/RESET_B : -150.284592
[setup in-reg] rst_n -> _86568_/RESET_B : -150.284592
[setup in-reg] rst_n -> _86569_/RESET_B : -150.284592
[setup in-reg] rst_n -> _86570_/RESET_B : -150.284592
[setup in-reg] rst_n -> _86571_/RESET_B : -150.284592
[setup in-reg] rst_n -> _86572_/RESET_B : -150.284592
[setup in-reg] rst_n -> _86573_/RESET_B : -150.284592
[setup in-reg] rst_n -> _86574_/RESET_B : -150.284592
[setup in-reg] rst_n -> _86575_/RESET_B : -150.284592
[setup in-reg] rst_n -> _86576_/RESET_B : -150.284592
[setup in-reg] rst_n -> _86577_/RESET_B : -150.284592
[setup in-reg] rst_n -> _86578_/RESET_B : -150.284592
[setup in-reg] rst_n -> _86579_/RESET_B : -150.284592
[setup in-reg] rst_n -> _86580_/RESET_B : -150.284592
[setup in-reg] rst_n -> _86581_/RESET_B : -150.284592
[setup in-reg] rst_n -> _86582_/RESET_B : -150.284592
[setup in-reg] rst_n -> _86583_/RESET_B : -150.284592
[setup in-reg] rst_n -> _86584_/RESET_B : -150.284592
[setup in-reg] rst_n -> _86585_/RESET_B : -150.284592
[setup in-reg] rst_n -> _86586_/RESET_B : -150.284592
[setup in-reg] rst_n -> _86587_/RESET_B : -150.284592
[setup in-reg] rst_n -> _86588_/RESET_B : -150.284592
[setup in-reg] rst_n -> _86589_/RESET_B : -150.284592
[setup in-reg] rst_n -> _86590_/RESET_B : -150.284592
[setup in-reg] rst_n -> _86591_/RESET_B : -150.284592
[setup in-reg] rst_n -> _86592_/RESET_B : -150.284592
[setup in-reg] rst_n -> _86593_/RESET_B : -150.284592
[setup in-reg] rst_n -> _86594_/RESET_B : -150.284592
[setup in-reg] rst_n -> _86595_/RESET_B : -150.284592
[setup in-reg] rst_n -> _86596_/RESET_B : -150.284592
[setup in-reg] rst_n -> _86597_/RESET_B : -150.284592
[setup in-reg] rst_n -> _86598_/RESET_B : -150.284592
[setup in-reg] rst_n -> _86599_/RESET_B : -150.284592
[setup in-reg] rst_n -> _86600_/RESET_B : -150.284592
[setup in-reg] rst_n -> _86601_/RESET_B : -150.284592
[setup in-reg] rst_n -> _86602_/RESET_B : -150.284592
[setup in-reg] rst_n -> _86603_/RESET_B : -150.284592
[setup in-reg] rst_n -> _86604_/RESET_B : -150.284592
[setup in-reg] rst_n -> _86605_/RESET_B : -150.284592
[setup in-reg] rst_n -> _86606_/RESET_B : -150.284592
[setup in-reg] rst_n -> _86607_/RESET_B : -150.284592
[setup in-reg] rst_n -> _86608_/RESET_B : -150.284592
[setup in-reg] rst_n -> _86609_/RESET_B : -150.284592
[setup in-reg] rst_n -> _86610_/RESET_B : -150.284592
[setup in-reg] rst_n -> _86611_/RESET_B : -150.284592
[setup in-reg] rst_n -> _86612_/RESET_B : -150.284592
[setup in-reg] rst_n -> _86613_/RESET_B : -150.284592
[setup in-reg] rst_n -> _86614_/RESET_B : -150.284592
[setup in-reg] rst_n -> _86615_/RESET_B : -150.284592
[setup in-reg] rst_n -> _86616_/RESET_B : -150.284592
[setup in-reg] rst_n -> _86617_/RESET_B : -150.284592
[setup in-reg] rst_n -> _86618_/RESET_B : -150.284592
[setup in-reg] rst_n -> _86619_/RESET_B : -150.284592
[setup in-reg] rst_n -> _86620_/RESET_B : -150.284592
[setup in-reg] rst_n -> _86621_/RESET_B : -150.284592
[setup in-reg] rst_n -> _86622_/RESET_B : -150.284592
[setup in-reg] rst_n -> _86623_/RESET_B : -150.284592
[setup in-reg] rst_n -> _86624_/RESET_B : -150.284592
[setup in-reg] rst_n -> _86625_/RESET_B : -150.284592
[setup in-reg] rst_n -> _86626_/RESET_B : -150.284592
[setup in-reg] rst_n -> _86627_/RESET_B : -150.284592
[setup in-reg] rst_n -> _86628_/RESET_B : -150.284592
[setup in-reg] rst_n -> _86629_/RESET_B : -150.284592
[setup in-reg] rst_n -> _86630_/RESET_B : -150.284592
[setup in-reg] rst_n -> _86631_/RESET_B : -150.284592
[setup in-reg] rst_n -> _86632_/RESET_B : -150.284592
[setup in-reg] rst_n -> _86633_/RESET_B : -150.284592
[setup in-reg] rst_n -> _86634_/RESET_B : -150.284592
[setup in-reg] rst_n -> _86635_/RESET_B : -150.284592
[setup in-reg] rst_n -> _86636_/RESET_B : -150.284592
[setup in-reg] rst_n -> _86637_/RESET_B : -150.284592
[setup in-reg] rst_n -> _86638_/RESET_B : -150.284592
[setup in-reg] rst_n -> _86639_/RESET_B : -150.284592
[setup in-reg] rst_n -> _86640_/RESET_B : -150.284592
[setup in-reg] rst_n -> _86641_/RESET_B : -150.284592
[setup in-reg] rst_n -> _86642_/RESET_B : -150.284592
[setup in-reg] rst_n -> _86643_/RESET_B : -150.284592
[setup in-reg] rst_n -> _86644_/RESET_B : -150.284592
[setup in-reg] rst_n -> _86645_/RESET_B : -150.284592
[setup in-reg] rst_n -> _86646_/RESET_B : -150.284592
[setup in-reg] rst_n -> _86647_/RESET_B : -150.284592
[setup in-reg] rst_n -> _86648_/RESET_B : -150.284592
[setup in-reg] rst_n -> _86649_/RESET_B : -150.284592
[setup in-reg] rst_n -> _86650_/RESET_B : -150.284592
[setup in-reg] rst_n -> _86651_/RESET_B : -150.284592
[setup in-reg] rst_n -> _86652_/RESET_B : -150.284592
[setup in-reg] rst_n -> _86653_/RESET_B : -150.284592
[setup in-reg] rst_n -> _86654_/RESET_B : -150.284592
[setup in-reg] rst_n -> _86655_/RESET_B : -150.284592
[setup in-reg] rst_n -> _86656_/RESET_B : -150.284592
[setup in-reg] rst_n -> _86657_/RESET_B : -150.284592
[setup in-reg] rst_n -> _86658_/RESET_B : -150.284592
[setup in-reg] rst_n -> _86659_/RESET_B : -150.284592
[setup in-reg] rst_n -> _86660_/RESET_B : -150.284592
[setup in-reg] rst_n -> _86661_/RESET_B : -150.284592
[setup in-reg] rst_n -> _86662_/RESET_B : -150.284592
[setup in-reg] rst_n -> _86663_/RESET_B : -150.284592
[setup in-reg] rst_n -> _86664_/RESET_B : -150.284592
[setup in-reg] rst_n -> _86665_/RESET_B : -150.284592
[setup in-reg] rst_n -> _86666_/RESET_B : -150.284592
[setup in-reg] rst_n -> _86667_/RESET_B : -150.284592
[setup in-reg] rst_n -> _86668_/RESET_B : -150.284592
[setup in-reg] rst_n -> _86669_/RESET_B : -150.284592
[setup in-reg] rst_n -> _86670_/RESET_B : -150.284592
[setup in-reg] rst_n -> _86671_/RESET_B : -150.284592
[setup in-reg] rst_n -> _86672_/RESET_B : -150.284592
[setup in-reg] rst_n -> _86673_/RESET_B : -150.284592
[setup in-reg] rst_n -> _86674_/RESET_B : -150.284592
[setup in-reg] rst_n -> _86675_/RESET_B : -150.284592
[setup in-reg] rst_n -> _86676_/RESET_B : -150.284592
[setup in-reg] rst_n -> _86677_/RESET_B : -150.284592
[setup in-reg] rst_n -> _86678_/RESET_B : -150.284592
[setup in-reg] rst_n -> _86679_/RESET_B : -150.284592
[setup in-reg] rst_n -> _86680_/RESET_B : -150.284592
[setup in-reg] rst_n -> _86681_/RESET_B : -150.284592
[setup in-reg] rst_n -> _86682_/RESET_B : -150.284592
[setup in-reg] rst_n -> _86683_/RESET_B : -150.284592
[setup in-reg] rst_n -> _86684_/RESET_B : -150.284592
[setup in-reg] rst_n -> _86685_/RESET_B : -150.284592
[setup in-reg] rst_n -> _86686_/RESET_B : -150.284592
[setup in-reg] rst_n -> _86687_/RESET_B : -150.284592
[setup in-reg] rst_n -> _86688_/RESET_B : -150.284592
[setup in-reg] rst_n -> _86689_/RESET_B : -150.284592
[setup in-reg] rst_n -> _86690_/RESET_B : -150.284592
[setup in-reg] rst_n -> _86691_/RESET_B : -150.284592
[setup in-reg] rst_n -> _86692_/RESET_B : -150.284592
[setup in-reg] rst_n -> _86693_/RESET_B : -150.284592
[setup in-reg] rst_n -> _86694_/RESET_B : -150.284592
[setup in-reg] rst_n -> _86695_/RESET_B : -150.284592
[setup in-reg] rst_n -> _86696_/RESET_B : -150.284592
[setup in-reg] rst_n -> _86697_/RESET_B : -150.284592
[setup in-reg] rst_n -> _86698_/RESET_B : -150.284592
[setup in-reg] rst_n -> _86699_/RESET_B : -150.284592
[setup in-reg] rst_n -> _86700_/RESET_B : -150.284592
[setup in-reg] rst_n -> _86701_/RESET_B : -150.284592
[setup in-reg] rst_n -> _86702_/RESET_B : -150.284592
[setup in-reg] rst_n -> _86703_/RESET_B : -150.284592
[setup in-reg] rst_n -> _86704_/RESET_B : -150.284592
[setup in-reg] rst_n -> _86705_/RESET_B : -150.284592
[setup in-reg] rst_n -> _86706_/RESET_B : -150.284592
[setup in-reg] rst_n -> _86707_/RESET_B : -150.284592
[setup in-reg] rst_n -> _86708_/RESET_B : -150.284592
[setup in-reg] rst_n -> _86709_/RESET_B : -150.284592
[setup in-reg] rst_n -> _86710_/RESET_B : -150.284592
[setup in-reg] rst_n -> _86711_/RESET_B : -150.284592
[setup in-reg] rst_n -> _86712_/RESET_B : -150.284592
[setup in-reg] rst_n -> _86713_/RESET_B : -150.284592
[setup in-reg] rst_n -> _86714_/RESET_B : -150.284592
[setup in-reg] rst_n -> _86715_/RESET_B : -150.284592
[setup in-reg] rst_n -> _86716_/RESET_B : -150.284592
[setup in-reg] rst_n -> _86717_/RESET_B : -150.284592
[setup in-reg] rst_n -> _86718_/RESET_B : -150.284592
[setup in-reg] rst_n -> _86719_/RESET_B : -150.284592
[setup in-reg] rst_n -> _86720_/RESET_B : -150.284592
[setup in-reg] rst_n -> _86721_/RESET_B : -150.284592
[setup in-reg] rst_n -> _86722_/RESET_B : -150.284592
[setup in-reg] rst_n -> _86723_/RESET_B : -150.284592
[setup in-reg] rst_n -> _86724_/RESET_B : -150.284592
[setup in-reg] rst_n -> _86725_/RESET_B : -150.284592
[setup in-reg] rst_n -> _86726_/RESET_B : -150.284592
[setup in-reg] rst_n -> _86727_/RESET_B : -150.284592
[setup in-reg] rst_n -> _86728_/RESET_B : -150.284592
[setup in-reg] rst_n -> _86729_/RESET_B : -150.284592
[setup in-reg] rst_n -> _86730_/RESET_B : -150.284592
[setup in-reg] rst_n -> _86731_/RESET_B : -150.284592
[setup in-reg] rst_n -> _86732_/RESET_B : -150.284592
[setup in-reg] rst_n -> _86733_/RESET_B : -150.284592
[setup in-reg] rst_n -> _86734_/RESET_B : -150.284592
[setup in-reg] rst_n -> _86735_/RESET_B : -150.284592
[setup in-reg] rst_n -> _86736_/RESET_B : -150.284592
[setup in-reg] rst_n -> _86737_/RESET_B : -150.284592
[setup in-reg] rst_n -> _86738_/RESET_B : -150.284592
[setup in-reg] rst_n -> _86739_/RESET_B : -150.284592
[setup in-reg] rst_n -> _86740_/RESET_B : -150.284592
[setup in-reg] rst_n -> _86741_/RESET_B : -150.284592
[setup in-reg] rst_n -> _86742_/RESET_B : -150.284592
[setup in-reg] rst_n -> _86743_/RESET_B : -150.284592
[setup in-reg] rst_n -> _86744_/RESET_B : -150.284592
[setup in-reg] rst_n -> _86745_/RESET_B : -150.284592
[setup in-reg] rst_n -> _86746_/RESET_B : -150.284592
[setup in-reg] rst_n -> _86747_/RESET_B : -150.284592
[setup in-reg] rst_n -> _86748_/RESET_B : -150.284592
[setup in-reg] rst_n -> _86749_/RESET_B : -150.284592
[setup in-reg] rst_n -> _86750_/RESET_B : -150.284592
[setup in-reg] rst_n -> _86751_/RESET_B : -150.284592
[setup in-reg] rst_n -> _86752_/RESET_B : -150.284592
[setup in-reg] rst_n -> _86753_/RESET_B : -150.284592
[setup in-reg] rst_n -> _86754_/RESET_B : -150.284592
[setup in-reg] rst_n -> _86755_/RESET_B : -150.284592
[setup in-reg] rst_n -> _86756_/RESET_B : -150.284592
[setup in-reg] rst_n -> _86757_/RESET_B : -150.284592
[setup in-reg] rst_n -> _86758_/RESET_B : -150.284592
[setup in-reg] rst_n -> _86759_/RESET_B : -150.284592
[setup in-reg] rst_n -> _86760_/RESET_B : -150.284592
[setup in-reg] rst_n -> _86761_/RESET_B : -150.284592
[setup in-reg] rst_n -> _86762_/RESET_B : -150.284592
[setup in-reg] rst_n -> _86763_/RESET_B : -150.284592
[setup in-reg] rst_n -> _86764_/RESET_B : -150.284592
[setup in-reg] rst_n -> _86765_/RESET_B : -150.284592
[setup in-reg] rst_n -> _86766_/RESET_B : -150.284592
[setup in-reg] rst_n -> _86767_/RESET_B : -150.284592
[setup in-reg] rst_n -> _86768_/RESET_B : -150.284592
[setup in-reg] rst_n -> _86769_/RESET_B : -150.284592
[setup in-reg] rst_n -> _86770_/RESET_B : -150.284592
[setup in-reg] rst_n -> _86771_/RESET_B : -150.284592
[setup in-reg] rst_n -> _86772_/RESET_B : -150.284592
[setup in-reg] rst_n -> _86773_/RESET_B : -150.284592
[setup in-reg] rst_n -> _86774_/RESET_B : -150.284592
[setup in-reg] rst_n -> _86775_/RESET_B : -150.284592
[setup in-reg] rst_n -> _86776_/RESET_B : -150.284592
[setup in-reg] rst_n -> _86777_/RESET_B : -150.284592
[setup in-reg] rst_n -> _86778_/RESET_B : -150.284592
[setup in-reg] rst_n -> _86779_/RESET_B : -150.284592
[setup in-reg] rst_n -> _86780_/RESET_B : -150.284592
[setup in-reg] rst_n -> _86781_/RESET_B : -150.284592
[setup in-reg] rst_n -> _86782_/RESET_B : -150.284592
[setup in-reg] rst_n -> _86783_/RESET_B : -150.284592
[setup in-reg] rst_n -> _86784_/RESET_B : -150.284592
[setup in-reg] rst_n -> _86785_/RESET_B : -150.284592
[setup in-reg] rst_n -> _86786_/RESET_B : -150.284592
[setup in-reg] rst_n -> _86787_/RESET_B : -150.284592
[setup in-reg] rst_n -> _86788_/RESET_B : -150.284592
[setup in-reg] rst_n -> _86789_/RESET_B : -150.284592
[setup in-reg] rst_n -> _86790_/RESET_B : -150.284592
[setup in-reg] rst_n -> _86791_/RESET_B : -150.284592
[setup in-reg] rst_n -> _86792_/RESET_B : -150.284592
[setup in-reg] rst_n -> _86793_/RESET_B : -150.284592
[setup in-reg] rst_n -> _86794_/RESET_B : -150.284592
[setup in-reg] rst_n -> _86795_/RESET_B : -150.284592
[setup in-reg] rst_n -> _86796_/RESET_B : -150.284592
[setup in-reg] rst_n -> _86797_/RESET_B : -150.284592
[setup in-reg] rst_n -> _86798_/RESET_B : -150.284592
[setup in-reg] rst_n -> _86799_/RESET_B : -150.284592
[setup in-reg] rst_n -> _86800_/RESET_B : -150.284592
[setup in-reg] rst_n -> _86801_/RESET_B : -150.284592
[setup in-reg] rst_n -> _86802_/RESET_B : -150.284592
[setup in-reg] rst_n -> _86803_/RESET_B : -150.284592
[setup in-reg] rst_n -> _86804_/RESET_B : -150.284592
[setup in-reg] rst_n -> _86805_/RESET_B : -150.284592
[setup in-reg] rst_n -> _86806_/RESET_B : -150.284592
[setup in-reg] rst_n -> _86807_/RESET_B : -150.284592
[setup in-reg] rst_n -> _86808_/RESET_B : -150.284592
[setup in-reg] rst_n -> _86809_/RESET_B : -150.284592
[setup in-reg] rst_n -> _86810_/RESET_B : -150.284592
[setup in-reg] rst_n -> _86811_/RESET_B : -150.284592
[setup in-reg] rst_n -> _86812_/RESET_B : -150.284592
[setup in-reg] rst_n -> _86813_/RESET_B : -150.284592
[setup in-reg] rst_n -> _86814_/RESET_B : -150.284592
[setup in-reg] rst_n -> _86815_/RESET_B : -150.284592
[setup in-reg] rst_n -> _86816_/RESET_B : -150.284592
[setup in-reg] rst_n -> _86817_/RESET_B : -150.284592
[setup in-reg] rst_n -> _86818_/RESET_B : -150.284592
[setup in-reg] rst_n -> _86819_/RESET_B : -150.284592
[setup in-reg] rst_n -> _86820_/RESET_B : -150.284592
[setup in-reg] rst_n -> _86821_/RESET_B : -150.284592
[setup in-reg] rst_n -> _86822_/RESET_B : -150.284592
[setup in-reg] rst_n -> _86823_/RESET_B : -150.284592
[setup in-reg] rst_n -> _86824_/RESET_B : -150.284592
[setup in-reg] rst_n -> _86825_/RESET_B : -150.284592
[setup in-reg] rst_n -> _86826_/RESET_B : -150.284592
[setup in-reg] rst_n -> _86827_/RESET_B : -150.284592
[setup in-reg] rst_n -> _86828_/RESET_B : -150.284592
[setup in-reg] rst_n -> _86829_/RESET_B : -150.284592
[setup in-reg] rst_n -> _86830_/RESET_B : -150.284592
[setup in-reg] rst_n -> _86831_/RESET_B : -150.284592
[setup in-reg] rst_n -> _86832_/RESET_B : -150.284592
[setup in-reg] rst_n -> _86833_/RESET_B : -150.284592
[setup in-reg] rst_n -> _86834_/RESET_B : -150.284592
[setup in-reg] rst_n -> _86835_/RESET_B : -150.284592
[setup in-reg] rst_n -> _86836_/RESET_B : -150.284592
[setup in-reg] rst_n -> _86837_/RESET_B : -150.284592
[setup in-reg] rst_n -> _86838_/RESET_B : -150.284592
[setup in-reg] rst_n -> _86839_/RESET_B : -150.284592
[setup in-reg] rst_n -> _86840_/RESET_B : -150.284592
[setup in-reg] rst_n -> _86841_/RESET_B : -150.284592
[setup in-reg] rst_n -> _86842_/RESET_B : -150.284592
[setup in-reg] rst_n -> _86843_/RESET_B : -150.284592
[setup in-reg] rst_n -> _86844_/RESET_B : -150.284592
[setup in-reg] rst_n -> _86845_/RESET_B : -150.284592
[setup in-reg] rst_n -> _86846_/RESET_B : -150.284592
[setup in-reg] rst_n -> _86847_/RESET_B : -150.284592
[setup in-reg] rst_n -> _86848_/RESET_B : -150.284592
[setup in-reg] rst_n -> _86849_/RESET_B : -150.284592
[setup in-reg] rst_n -> _86850_/RESET_B : -150.284592
[setup in-reg] rst_n -> _86851_/RESET_B : -150.284592
[setup in-reg] rst_n -> _86852_/RESET_B : -150.284592
[setup in-reg] rst_n -> _86853_/RESET_B : -150.284592
[setup in-reg] rst_n -> _86854_/RESET_B : -150.284592
[setup in-reg] rst_n -> _86855_/RESET_B : -150.284592
[setup in-reg] rst_n -> _86856_/RESET_B : -150.284592
[setup in-reg] rst_n -> _86857_/RESET_B : -150.284592
[setup in-reg] rst_n -> _86858_/RESET_B : -150.284592
[setup in-reg] rst_n -> _86859_/RESET_B : -150.284592
[setup in-reg] rst_n -> _86860_/RESET_B : -150.284592
[setup in-reg] rst_n -> _86861_/RESET_B : -150.284592
[setup in-reg] rst_n -> _86862_/RESET_B : -150.284592
[setup in-reg] rst_n -> _86863_/RESET_B : -150.284592
[setup in-reg] rst_n -> _86864_/RESET_B : -150.284592
[setup in-reg] rst_n -> _86865_/RESET_B : -150.284592
[setup in-reg] rst_n -> _86866_/RESET_B : -150.284592
[setup in-reg] rst_n -> _86867_/RESET_B : -150.284592
[setup in-reg] rst_n -> _86868_/RESET_B : -150.284592
[setup in-reg] rst_n -> _86869_/RESET_B : -150.284592
[setup in-reg] rst_n -> _86870_/RESET_B : -150.284592
[setup in-reg] rst_n -> _86871_/RESET_B : -150.284592
[setup in-reg] rst_n -> _86872_/RESET_B : -150.284592
[setup in-reg] rst_n -> _86873_/RESET_B : -150.284592
[setup in-reg] rst_n -> _86874_/RESET_B : -150.284592
[setup in-reg] rst_n -> _86875_/RESET_B : -150.284592
[setup in-reg] rst_n -> _86876_/RESET_B : -150.284592
[setup in-reg] rst_n -> _86877_/RESET_B : -150.284592
[setup in-reg] rst_n -> _86878_/RESET_B : -150.284592
[setup in-reg] rst_n -> _86879_/RESET_B : -150.284592
[setup in-reg] rst_n -> _86880_/RESET_B : -150.284592
[setup in-reg] rst_n -> _86881_/RESET_B : -150.284592
[setup in-reg] rst_n -> _86882_/RESET_B : -150.284592
[setup in-reg] rst_n -> _86883_/RESET_B : -150.284592
[setup in-reg] rst_n -> _86884_/RESET_B : -150.284592
[setup in-reg] rst_n -> _86885_/RESET_B : -150.284592
[setup in-reg] rst_n -> _86886_/RESET_B : -150.284592
[setup in-reg] rst_n -> _86887_/RESET_B : -150.284592
[setup in-reg] rst_n -> _86888_/RESET_B : -150.284592
[setup in-reg] rst_n -> _86889_/RESET_B : -150.284592
[setup in-reg] rst_n -> _86890_/RESET_B : -150.284592
[setup in-reg] rst_n -> _86891_/RESET_B : -150.284592
[setup in-reg] rst_n -> _86892_/RESET_B : -150.284592
[setup in-reg] rst_n -> _86893_/RESET_B : -150.284592
[setup in-reg] rst_n -> _86894_/RESET_B : -150.284592
[setup in-reg] rst_n -> _86895_/RESET_B : -150.284592
[setup in-reg] rst_n -> _86896_/RESET_B : -150.284592
[setup in-reg] rst_n -> _86897_/RESET_B : -150.284592
[setup in-reg] rst_n -> _86898_/RESET_B : -150.284592
[setup in-reg] rst_n -> _86899_/RESET_B : -150.284592
[setup in-reg] rst_n -> _86900_/RESET_B : -150.284592
[setup in-reg] rst_n -> _86901_/RESET_B : -150.284592
[setup in-reg] rst_n -> _86902_/RESET_B : -150.284592
[setup in-reg] rst_n -> _86903_/RESET_B : -150.284592
[setup in-reg] rst_n -> _86904_/RESET_B : -150.284592
[setup in-reg] rst_n -> _86905_/RESET_B : -150.284592
[setup in-reg] rst_n -> _86906_/RESET_B : -150.284592
[setup in-reg] rst_n -> _86907_/RESET_B : -150.284592
[setup in-reg] rst_n -> _86908_/RESET_B : -150.284592
[setup in-reg] rst_n -> _86909_/RESET_B : -150.284592
[setup in-reg] rst_n -> _86910_/RESET_B : -150.284592
[setup in-reg] rst_n -> _86911_/RESET_B : -150.284592
[setup in-reg] rst_n -> _86912_/RESET_B : -150.284592
[setup in-reg] rst_n -> _86913_/RESET_B : -150.284592
[setup in-reg] rst_n -> _86914_/RESET_B : -150.284592
[setup in-reg] rst_n -> _86915_/RESET_B : -150.284592
[setup in-reg] rst_n -> _86916_/RESET_B : -150.284592
[setup in-reg] rst_n -> _86917_/RESET_B : -150.284592
[setup in-reg] rst_n -> _86918_/RESET_B : -150.284592
[setup in-reg] rst_n -> _86919_/RESET_B : -150.284592
[setup in-reg] rst_n -> _86920_/RESET_B : -150.284592
[setup in-reg] rst_n -> _86921_/RESET_B : -150.284592
[setup in-reg] rst_n -> _86922_/RESET_B : -150.284592
[setup in-reg] rst_n -> _86923_/RESET_B : -150.284592
[setup in-reg] rst_n -> _86924_/RESET_B : -150.284592
[setup in-reg] rst_n -> _86925_/RESET_B : -150.284592
[setup in-reg] rst_n -> _86926_/RESET_B : -150.284592
[setup in-reg] rst_n -> _86927_/RESET_B : -150.284592
[setup in-reg] rst_n -> _86928_/RESET_B : -150.284592
[setup in-reg] rst_n -> _86929_/RESET_B : -150.284592
[setup in-reg] rst_n -> _86930_/RESET_B : -150.284592
[setup in-reg] rst_n -> _86931_/RESET_B : -150.284592
[setup in-reg] rst_n -> _86932_/RESET_B : -150.284592
[setup in-reg] rst_n -> _86933_/RESET_B : -150.284592
[setup in-reg] rst_n -> _86934_/RESET_B : -150.284592
[setup in-reg] rst_n -> _86935_/RESET_B : -150.284592
[setup in-reg] rst_n -> _86936_/RESET_B : -150.284592
[setup in-reg] rst_n -> _86937_/RESET_B : -150.284592
[setup in-reg] rst_n -> _86938_/RESET_B : -150.284592
[setup in-reg] rst_n -> _86939_/RESET_B : -150.284592
[setup in-reg] rst_n -> _86940_/RESET_B : -150.284592
[setup in-reg] rst_n -> _86941_/RESET_B : -150.284592
[setup in-reg] rst_n -> _86942_/RESET_B : -150.284592
[setup in-reg] rst_n -> _86943_/RESET_B : -150.284592
[setup in-reg] rst_n -> _86944_/RESET_B : -150.284592
[setup in-reg] rst_n -> _86945_/RESET_B : -150.284592
[setup in-reg] rst_n -> _86946_/RESET_B : -150.284592
[setup in-reg] rst_n -> _86947_/RESET_B : -150.284592
[setup in-reg] rst_n -> _86948_/RESET_B : -150.284592
[setup in-reg] rst_n -> _86949_/RESET_B : -150.284592
[setup in-reg] rst_n -> _86950_/RESET_B : -150.284592
[setup in-reg] rst_n -> _86951_/RESET_B : -150.284592
[setup in-reg] rst_n -> _86952_/RESET_B : -150.284592
[setup in-reg] rst_n -> _86953_/RESET_B : -150.284592
[setup in-reg] rst_n -> _86954_/RESET_B : -150.284592
[setup in-reg] rst_n -> _86955_/RESET_B : -150.284592
[setup in-reg] rst_n -> _86956_/RESET_B : -150.284592
[setup in-reg] rst_n -> _86957_/RESET_B : -150.284592
[setup in-reg] rst_n -> _86958_/RESET_B : -150.284592
[setup in-reg] rst_n -> _86959_/RESET_B : -150.284592
[setup in-reg] rst_n -> _86960_/RESET_B : -150.284592
[setup in-reg] rst_n -> _86961_/RESET_B : -150.284592
[setup in-reg] rst_n -> _86962_/RESET_B : -150.284592
[setup in-reg] rst_n -> _86963_/RESET_B : -150.284592
[setup in-reg] rst_n -> _86964_/RESET_B : -150.284592
[setup in-reg] rst_n -> _86965_/RESET_B : -150.284592
[setup in-reg] rst_n -> _86966_/RESET_B : -150.284592
[setup in-reg] rst_n -> _86967_/RESET_B : -150.284592
[setup in-reg] rst_n -> _86968_/RESET_B : -150.284592
[setup in-reg] rst_n -> _86969_/RESET_B : -150.284592
[setup in-reg] rst_n -> _86970_/RESET_B : -150.284592
[setup in-reg] rst_n -> _86971_/RESET_B : -150.284592
[setup in-reg] rst_n -> _86972_/RESET_B : -150.284592
[setup in-reg] rst_n -> _86973_/RESET_B : -150.284592
[setup in-reg] rst_n -> _86974_/RESET_B : -150.284592
[setup in-reg] rst_n -> _86975_/RESET_B : -150.284592
[setup in-reg] rst_n -> _86976_/RESET_B : -150.284592
[setup in-reg] rst_n -> _86977_/RESET_B : -150.284592
[setup in-reg] rst_n -> _86978_/RESET_B : -150.284592
[setup in-reg] rst_n -> _86979_/RESET_B : -150.284592
[setup in-reg] rst_n -> _86980_/RESET_B : -150.284592
[setup in-reg] rst_n -> _86981_/RESET_B : -150.284592
[setup in-reg] rst_n -> _86982_/RESET_B : -150.284592
[setup in-reg] rst_n -> _86983_/RESET_B : -150.284592
[setup in-reg] rst_n -> _86984_/RESET_B : -150.284592
[setup in-reg] rst_n -> _86985_/RESET_B : -150.284592
[setup in-reg] rst_n -> _86986_/RESET_B : -150.284592
[setup in-reg] rst_n -> _86987_/RESET_B : -150.284592
[setup in-reg] rst_n -> _86988_/RESET_B : -150.284592
[setup in-reg] rst_n -> _86989_/RESET_B : -150.284592
[setup in-reg] rst_n -> _86990_/RESET_B : -150.284592
[setup in-reg] rst_n -> _86991_/RESET_B : -150.284592
[setup in-reg] rst_n -> _86992_/RESET_B : -150.284592
[setup in-reg] rst_n -> _86993_/RESET_B : -150.284592
[setup in-reg] rst_n -> _86994_/RESET_B : -150.284592
[setup in-reg] rst_n -> _86995_/RESET_B : -150.284592
[setup in-reg] rst_n -> _86996_/RESET_B : -150.284592
[setup in-reg] rst_n -> _86997_/RESET_B : -150.284592
[setup in-reg] rst_n -> _86998_/RESET_B : -150.284592
[setup in-reg] rst_n -> _86999_/RESET_B : -150.284592
[setup in-reg] rst_n -> _87000_/RESET_B : -150.284592
[setup in-reg] rst_n -> _87001_/RESET_B : -150.284592
[setup in-reg] rst_n -> _87002_/RESET_B : -150.284592
[setup in-reg] rst_n -> _87003_/RESET_B : -150.284592
[setup in-reg] rst_n -> _87004_/RESET_B : -150.284592
[setup in-reg] rst_n -> _87005_/RESET_B : -150.284592
[setup in-reg] rst_n -> _87006_/RESET_B : -150.284592
[setup in-reg] rst_n -> _87007_/RESET_B : -150.284592
[setup in-reg] rst_n -> _87008_/RESET_B : -150.284592
[setup in-reg] rst_n -> _87009_/RESET_B : -150.284592
[setup in-reg] rst_n -> _87010_/RESET_B : -150.284592
[setup in-reg] rst_n -> _87011_/RESET_B : -150.284592
[setup in-reg] rst_n -> _87012_/RESET_B : -150.284592
[setup in-reg] rst_n -> _87013_/RESET_B : -150.284592
[setup in-reg] rst_n -> _87014_/RESET_B : -150.284592
[setup in-reg] rst_n -> _87015_/RESET_B : -150.284592
[setup in-reg] rst_n -> _87016_/RESET_B : -150.284592
[setup in-reg] rst_n -> _87017_/RESET_B : -150.284592
[setup in-reg] rst_n -> _87018_/RESET_B : -150.284592
[setup in-reg] rst_n -> _87019_/RESET_B : -150.284592
[setup in-reg] rst_n -> _87020_/RESET_B : -150.284592
[setup in-reg] rst_n -> _87021_/RESET_B : -150.284592
[setup in-reg] rst_n -> _87022_/RESET_B : -150.284592
[setup in-reg] rst_n -> _87023_/RESET_B : -150.284592
[setup in-reg] rst_n -> _87024_/RESET_B : -150.284592
[setup in-reg] rst_n -> _87025_/RESET_B : -150.284592
[setup in-reg] rst_n -> _87026_/RESET_B : -150.284592
[setup in-reg] rst_n -> _87027_/RESET_B : -150.284592
[setup in-reg] rst_n -> _87028_/RESET_B : -150.284592
[setup in-reg] rst_n -> _87029_/RESET_B : -150.284592
[setup in-reg] rst_n -> _87030_/RESET_B : -150.284592
[setup in-reg] rst_n -> _87031_/RESET_B : -150.284592
[setup in-reg] rst_n -> _87032_/RESET_B : -150.284592
[setup in-reg] rst_n -> _87033_/RESET_B : -150.284592
[setup in-reg] rst_n -> _87034_/RESET_B : -150.284592
[setup in-reg] rst_n -> _87035_/RESET_B : -150.284592
[setup in-reg] rst_n -> _87036_/RESET_B : -150.284592
[setup in-reg] rst_n -> _87037_/RESET_B : -150.284592
[setup in-reg] rst_n -> _87038_/RESET_B : -150.284592
[setup in-reg] rst_n -> _87039_/RESET_B : -150.284592
[setup in-reg] rst_n -> _87040_/RESET_B : -150.284592
[setup in-reg] rst_n -> _87041_/RESET_B : -150.284592
[setup in-reg] rst_n -> _87042_/RESET_B : -150.284592
[setup in-reg] rst_n -> _87043_/RESET_B : -150.284592
[setup in-reg] rst_n -> _87044_/RESET_B : -150.284592
[setup in-reg] rst_n -> _87045_/RESET_B : -150.284592
[setup in-reg] rst_n -> _87046_/RESET_B : -150.284592
[setup in-reg] rst_n -> _87047_/RESET_B : -150.284592
[setup in-reg] rst_n -> _87048_/RESET_B : -150.284592
[setup in-reg] rst_n -> _87049_/RESET_B : -150.284592
[setup in-reg] rst_n -> _87050_/RESET_B : -150.284592
[setup in-reg] rst_n -> _87051_/RESET_B : -150.284592
[setup in-reg] rst_n -> _87052_/RESET_B : -150.284592
[setup in-reg] rst_n -> _87053_/RESET_B : -150.284592
[setup in-reg] rst_n -> _87054_/RESET_B : -150.284592
[setup in-reg] rst_n -> _87055_/RESET_B : -150.284592
[setup in-reg] rst_n -> _87056_/RESET_B : -150.284592
[setup in-reg] rst_n -> _87057_/RESET_B : -150.284592
[setup in-reg] rst_n -> _87058_/RESET_B : -150.284592
[setup in-reg] rst_n -> _87059_/RESET_B : -150.284592
[setup in-reg] rst_n -> _87060_/RESET_B : -150.284592
[setup in-reg] rst_n -> _87061_/RESET_B : -150.284592
[setup in-reg] rst_n -> _87062_/RESET_B : -150.284592
[setup in-reg] rst_n -> _87063_/RESET_B : -150.284592
[setup in-reg] rst_n -> _87064_/RESET_B : -150.284592
[setup in-reg] rst_n -> _87065_/RESET_B : -150.284592
[setup in-reg] rst_n -> _87066_/RESET_B : -150.284592
[setup in-reg] rst_n -> _87067_/RESET_B : -150.284592
[setup in-reg] rst_n -> _87068_/RESET_B : -150.284592
[setup in-reg] rst_n -> _87069_/RESET_B : -150.284592
[setup in-reg] rst_n -> _87070_/RESET_B : -150.284592
[setup in-reg] rst_n -> _87071_/RESET_B : -150.284592
[setup in-reg] rst_n -> _87072_/RESET_B : -150.284592
[setup in-reg] rst_n -> _87073_/RESET_B : -150.284592
[setup in-reg] rst_n -> _87074_/RESET_B : -150.284592
[setup in-reg] rst_n -> _87075_/RESET_B : -150.284592
[setup in-reg] rst_n -> _87076_/RESET_B : -150.284592
[setup in-reg] rst_n -> _87077_/RESET_B : -150.284592
[setup in-reg] rst_n -> _87078_/RESET_B : -150.284592
[setup in-reg] rst_n -> _87079_/RESET_B : -150.284592
[setup in-reg] rst_n -> _87080_/RESET_B : -150.284592
[setup in-reg] rst_n -> _87081_/RESET_B : -150.284592
[setup in-reg] rst_n -> _87082_/RESET_B : -150.284592
[setup in-reg] rst_n -> _87083_/RESET_B : -150.284592
[setup in-reg] rst_n -> _87084_/RESET_B : -150.284592
[setup in-reg] rst_n -> _87085_/RESET_B : -150.284592
[setup in-reg] rst_n -> _87086_/RESET_B : -150.284592
[setup in-reg] rst_n -> _87087_/RESET_B : -150.284592
[setup in-reg] rst_n -> _87088_/RESET_B : -150.284592
[setup in-reg] rst_n -> _87089_/RESET_B : -150.284592
[setup in-reg] rst_n -> _87090_/RESET_B : -150.284592
[setup in-reg] rst_n -> _87091_/RESET_B : -150.284592
[setup in-reg] rst_n -> _87092_/RESET_B : -150.284592
[setup in-reg] rst_n -> _87093_/RESET_B : -150.284592
[setup in-reg] rst_n -> _87094_/RESET_B : -150.284592
[setup in-reg] rst_n -> _87095_/RESET_B : -150.284592
[setup in-reg] rst_n -> _87096_/RESET_B : -150.284592
[setup in-reg] rst_n -> _87097_/RESET_B : -150.284592
[setup in-reg] rst_n -> _87098_/RESET_B : -150.284592
[setup in-reg] rst_n -> _87099_/RESET_B : -150.284592
[setup in-reg] rst_n -> _87100_/RESET_B : -150.284592
[setup in-reg] rst_n -> _87101_/RESET_B : -150.284592
[setup in-reg] rst_n -> _87102_/RESET_B : -150.284592
[setup in-reg] rst_n -> _87103_/RESET_B : -150.284592
[setup in-reg] rst_n -> _87104_/RESET_B : -150.284592
[setup in-reg] rst_n -> _87105_/RESET_B : -150.284592
[setup in-reg] rst_n -> _87106_/RESET_B : -150.284592
[setup in-reg] rst_n -> _87107_/RESET_B : -150.284592
[setup in-reg] rst_n -> _87108_/RESET_B : -150.284592
[setup in-reg] rst_n -> _87109_/RESET_B : -150.284592
[setup in-reg] rst_n -> _87110_/RESET_B : -150.284592
[setup in-reg] rst_n -> _87111_/RESET_B : -150.284592
[setup in-reg] rst_n -> _87112_/RESET_B : -150.284592
[setup in-reg] rst_n -> _87113_/RESET_B : -150.284592
[setup in-reg] rst_n -> _87114_/RESET_B : -150.284592
[setup in-reg] rst_n -> _87115_/RESET_B : -150.284592
[setup in-reg] rst_n -> _87116_/RESET_B : -150.284592
[setup in-reg] rst_n -> _87117_/RESET_B : -150.284592
[setup in-reg] rst_n -> _87118_/RESET_B : -150.284592
[setup in-reg] rst_n -> _87119_/RESET_B : -150.284592
[setup in-reg] rst_n -> _87120_/RESET_B : -150.284592
[setup in-reg] rst_n -> _87121_/RESET_B : -150.284592
[setup in-reg] rst_n -> _87122_/RESET_B : -150.284592
[setup in-reg] rst_n -> _87123_/RESET_B : -150.284592
[setup in-reg] rst_n -> _87124_/RESET_B : -150.284592
[setup in-reg] rst_n -> _87125_/RESET_B : -150.284592
[setup in-reg] rst_n -> _87126_/RESET_B : -150.284592
[setup in-reg] rst_n -> _87127_/RESET_B : -150.284592
[setup in-reg] rst_n -> _87128_/RESET_B : -150.284592
[setup in-reg] rst_n -> _87129_/RESET_B : -150.284592
[setup in-reg] rst_n -> _87130_/RESET_B : -150.284592
[setup in-reg] rst_n -> _87131_/RESET_B : -150.284592
[setup in-reg] rst_n -> _87132_/RESET_B : -150.284592
[setup in-reg] rst_n -> _87133_/RESET_B : -150.284592
[setup in-reg] rst_n -> _87134_/RESET_B : -150.284592
[setup in-reg] rst_n -> _87135_/RESET_B : -150.284592
[setup in-reg] rst_n -> _87136_/RESET_B : -150.284592
[setup in-reg] rst_n -> _87137_/RESET_B : -150.284592
[setup in-reg] rst_n -> _87138_/RESET_B : -150.284592
[setup in-reg] rst_n -> _87139_/RESET_B : -150.284592
[setup in-reg] rst_n -> _87140_/RESET_B : -150.284592
[setup in-reg] rst_n -> _87141_/RESET_B : -150.284592
[setup in-reg] rst_n -> _87142_/RESET_B : -150.284592
[setup in-reg] rst_n -> _87143_/RESET_B : -150.284592
[setup in-reg] rst_n -> _87144_/RESET_B : -150.284592
[setup in-reg] rst_n -> _87145_/RESET_B : -150.284592
[setup in-reg] rst_n -> _87146_/RESET_B : -150.284592
[setup in-reg] rst_n -> _87147_/RESET_B : -150.284592
[setup in-reg] rst_n -> _87148_/RESET_B : -150.284592
[setup in-reg] rst_n -> _87149_/RESET_B : -150.284592
[setup in-reg] rst_n -> _87150_/RESET_B : -150.284592
[setup in-reg] rst_n -> _87151_/RESET_B : -150.284592
[setup in-reg] rst_n -> _87152_/RESET_B : -150.284592
[setup in-reg] rst_n -> _87153_/RESET_B : -150.284592
[setup in-reg] rst_n -> _87154_/RESET_B : -150.284592
[setup in-reg] rst_n -> _87155_/RESET_B : -150.284592
[setup in-reg] rst_n -> _87156_/RESET_B : -150.284592
[setup in-reg] rst_n -> _87157_/RESET_B : -150.284592
[setup in-reg] rst_n -> _87158_/RESET_B : -150.284592
[setup in-reg] rst_n -> _87159_/RESET_B : -150.284592
[setup in-reg] rst_n -> _87160_/RESET_B : -150.284592
[setup in-reg] rst_n -> _87161_/RESET_B : -150.284592
[setup in-reg] rst_n -> _87162_/RESET_B : -150.284592
[setup in-reg] rst_n -> _87163_/RESET_B : -150.284592
[setup in-reg] rst_n -> _87164_/RESET_B : -150.284592
[setup in-reg] rst_n -> _87165_/RESET_B : -150.284592
[setup in-reg] rst_n -> _87166_/RESET_B : -150.284592
[setup in-reg] rst_n -> _87167_/RESET_B : -150.284592
[setup in-reg] rst_n -> _87168_/RESET_B : -150.284592
[setup in-reg] rst_n -> _87169_/RESET_B : -150.284592
[setup in-reg] rst_n -> _87170_/RESET_B : -150.284592
[setup in-reg] rst_n -> _87171_/RESET_B : -150.284592
[setup in-reg] rst_n -> _87172_/RESET_B : -150.284592
[setup in-reg] rst_n -> _87173_/RESET_B : -150.284592
[setup in-reg] rst_n -> _87174_/RESET_B : -150.284592
[setup in-reg] rst_n -> _87175_/RESET_B : -150.284592
[setup in-reg] rst_n -> _87176_/RESET_B : -150.284592
[setup in-reg] rst_n -> _87177_/RESET_B : -150.284592
[setup in-reg] rst_n -> _87178_/RESET_B : -150.284592
[setup in-reg] rst_n -> _87179_/RESET_B : -150.284592
[setup in-reg] rst_n -> _87180_/RESET_B : -150.284592
[setup in-reg] rst_n -> _87181_/RESET_B : -150.284592
[setup in-reg] rst_n -> _87182_/RESET_B : -150.284592
[setup in-reg] rst_n -> _87183_/RESET_B : -150.284592
[setup in-reg] rst_n -> _87184_/RESET_B : -150.284592
[setup in-reg] rst_n -> _87185_/RESET_B : -150.284592
[setup in-reg] rst_n -> _87186_/RESET_B : -150.284592
[setup in-reg] rst_n -> _87187_/RESET_B : -150.284592
[setup in-reg] rst_n -> _87188_/RESET_B : -150.284592
[setup in-reg] rst_n -> _87189_/RESET_B : -150.284592
[setup in-reg] rst_n -> _87190_/RESET_B : -150.284592
[setup in-reg] rst_n -> _87191_/RESET_B : -150.284592
[setup in-reg] rst_n -> _87192_/RESET_B : -150.284592
[setup in-reg] rst_n -> _87193_/RESET_B : -150.284592
[setup in-reg] rst_n -> _87194_/RESET_B : -150.284592
[setup in-reg] rst_n -> _87195_/RESET_B : -150.284592
[setup in-reg] rst_n -> _87196_/RESET_B : -150.284592
[setup in-reg] rst_n -> _87197_/RESET_B : -150.284592
[setup in-reg] rst_n -> _87198_/RESET_B : -150.284592
[setup in-reg] rst_n -> _87199_/RESET_B : -150.284592
[setup in-reg] rst_n -> _87200_/RESET_B : -150.284592
[setup in-reg] rst_n -> _87201_/RESET_B : -150.284592
[setup in-reg] rst_n -> _87202_/RESET_B : -150.284592
[setup in-reg] rst_n -> _87203_/RESET_B : -150.284592
[setup in-reg] rst_n -> _87204_/RESET_B : -150.284592
[setup in-reg] rst_n -> _87205_/RESET_B : -150.284592
[setup in-reg] rst_n -> _87206_/RESET_B : -150.284592
[setup in-reg] rst_n -> _87207_/RESET_B : -150.284592
[setup in-reg] rst_n -> _87208_/RESET_B : -150.284592
[setup in-reg] rst_n -> _87209_/RESET_B : -150.284592
[setup in-reg] rst_n -> _87210_/RESET_B : -150.284592
[setup in-reg] rst_n -> _87211_/RESET_B : -150.284592
[setup in-reg] rst_n -> _87212_/RESET_B : -150.284592
[setup in-reg] rst_n -> _87213_/RESET_B : -150.284592
[setup in-reg] rst_n -> _87214_/RESET_B : -150.284592
[setup in-reg] rst_n -> _87215_/RESET_B : -150.284592
[setup in-reg] rst_n -> _87216_/RESET_B : -150.284592
[setup in-reg] rst_n -> _87217_/RESET_B : -150.284592
[setup in-reg] rst_n -> _87218_/RESET_B : -150.284592
[setup in-reg] rst_n -> _87219_/RESET_B : -150.284592
[setup in-reg] rst_n -> _87220_/RESET_B : -150.284592
[setup in-reg] rst_n -> _87221_/RESET_B : -150.284592
[setup in-reg] rst_n -> _87222_/RESET_B : -150.284592
[setup in-reg] rst_n -> _87223_/RESET_B : -150.284592
[setup in-reg] rst_n -> _87224_/RESET_B : -150.284592
[setup in-reg] rst_n -> _87225_/RESET_B : -150.284592
[setup in-reg] rst_n -> _87226_/RESET_B : -150.284592
[setup in-reg] rst_n -> _87227_/RESET_B : -150.284592
[setup in-reg] rst_n -> _87228_/RESET_B : -150.284592
[setup in-reg] rst_n -> _87229_/RESET_B : -150.284592
[setup in-reg] rst_n -> _87230_/RESET_B : -150.284592
[setup in-reg] rst_n -> _87231_/RESET_B : -150.284592
[setup in-reg] rst_n -> _87232_/RESET_B : -150.284592
[setup in-reg] rst_n -> _87233_/RESET_B : -150.284592
[setup in-reg] rst_n -> _87234_/RESET_B : -150.284592
[setup in-reg] rst_n -> _87235_/RESET_B : -150.284592
[setup in-reg] rst_n -> _87236_/RESET_B : -150.284592
[setup in-reg] rst_n -> _87237_/RESET_B : -150.284592
[setup in-reg] rst_n -> _87238_/RESET_B : -150.284592
[setup in-reg] rst_n -> _87239_/RESET_B : -150.284592
[setup in-reg] rst_n -> _87240_/RESET_B : -150.284592
[setup in-reg] rst_n -> _87241_/RESET_B : -150.284592
[setup in-reg] rst_n -> _87242_/RESET_B : -150.284592
[setup in-reg] rst_n -> _87243_/RESET_B : -150.284592
[setup in-reg] rst_n -> _87244_/RESET_B : -150.284592
[setup in-reg] rst_n -> _87245_/RESET_B : -150.284592
[setup in-reg] rst_n -> _87246_/RESET_B : -150.284592
[setup in-reg] rst_n -> _87247_/RESET_B : -150.284592
[setup in-reg] rst_n -> _87248_/RESET_B : -150.284592
[setup in-reg] rst_n -> _87249_/RESET_B : -150.284592
[setup in-reg] rst_n -> _87250_/RESET_B : -150.284592
[setup in-reg] rst_n -> _87251_/RESET_B : -150.284592
[setup in-reg] rst_n -> _87252_/RESET_B : -150.284592
[setup in-reg] rst_n -> _87253_/RESET_B : -150.284592
[setup in-reg] rst_n -> _87254_/RESET_B : -150.284592
[setup in-reg] rst_n -> _87255_/RESET_B : -150.284592
[setup in-reg] rst_n -> _87256_/RESET_B : -150.284592
[setup in-reg] rst_n -> _87257_/RESET_B : -150.284592
[setup in-reg] rst_n -> _87258_/RESET_B : -150.284592
[setup in-reg] rst_n -> _87259_/RESET_B : -150.284592
[setup in-reg] rst_n -> _87260_/RESET_B : -150.284592
[setup in-reg] rst_n -> _87261_/RESET_B : -150.284592
[setup in-reg] rst_n -> _87262_/RESET_B : -150.284592
[setup in-reg] rst_n -> _87263_/RESET_B : -150.284592
[setup in-reg] rst_n -> _87264_/RESET_B : -150.284592
[setup in-reg] rst_n -> _87265_/RESET_B : -150.284592
[setup in-reg] rst_n -> _87266_/RESET_B : -150.284592
[setup in-reg] rst_n -> _87267_/RESET_B : -150.284592
[setup in-reg] rst_n -> _87268_/RESET_B : -150.284592
[setup in-reg] rst_n -> _87269_/RESET_B : -150.284592
[setup in-reg] rst_n -> _87270_/RESET_B : -150.284592
[setup in-reg] rst_n -> _87271_/RESET_B : -150.284592
[setup in-reg] rst_n -> _87272_/RESET_B : -150.284592
[setup in-reg] rst_n -> _87273_/RESET_B : -150.284592
[setup in-reg] rst_n -> _87290_/RESET_B : -150.284592
[setup in-reg] rst_n -> _87291_/RESET_B : -150.284592
[setup in-reg] rst_n -> _87292_/RESET_B : -150.284592
[setup in-reg] rst_n -> _87293_/RESET_B : -150.284592
[setup in-reg] rst_n -> _87294_/RESET_B : -150.284592
[setup in-reg] rst_n -> _87295_/RESET_B : -150.284592
[setup in-reg] rst_n -> _87296_/RESET_B : -150.284592
[setup in-reg] rst_n -> _87297_/RESET_B : -150.284592
[setup in-reg] rst_n -> _87298_/RESET_B : -150.284592
[setup in-reg] rst_n -> _87299_/RESET_B : -150.284592
[setup in-reg] rst_n -> _87300_/RESET_B : -150.284592
[setup in-reg] rst_n -> _87301_/RESET_B : -150.284592
[setup in-reg] rst_n -> _87302_/RESET_B : -150.284592
[setup in-reg] rst_n -> _87303_/RESET_B : -150.284592
[setup in-reg] rst_n -> _87304_/RESET_B : -150.284592
[setup in-reg] rst_n -> _87305_/RESET_B : -150.284592
[setup in-reg] rst_n -> _87306_/RESET_B : -150.284592
[setup in-reg] rst_n -> _87307_/RESET_B : -150.284592
[setup in-reg] rst_n -> _87308_/RESET_B : -150.284592
[setup in-reg] rst_n -> _87309_/RESET_B : -150.284592
[setup in-reg] rst_n -> _87310_/RESET_B : -150.284592
[setup in-reg] rst_n -> _87311_/RESET_B : -150.284592
[setup in-reg] rst_n -> _87312_/RESET_B : -150.284592
[setup in-reg] rst_n -> _87313_/RESET_B : -150.284592
[setup in-reg] rst_n -> _87314_/RESET_B : -150.284592
[setup in-reg] rst_n -> _87315_/RESET_B : -150.284592
[setup in-reg] rst_n -> _87316_/RESET_B : -150.284592
[setup in-reg] rst_n -> _87317_/RESET_B : -150.284592
[setup in-reg] rst_n -> _87318_/RESET_B : -150.284592
[setup in-reg] rst_n -> _87319_/RESET_B : -150.284592
[setup in-reg] rst_n -> _87320_/RESET_B : -150.284592
[setup in-reg] rst_n -> _87321_/RESET_B : -150.284592
[setup in-reg] rst_n -> _87322_/RESET_B : -150.284592
[setup in-reg] rst_n -> _87323_/RESET_B : -150.284592
[setup in-reg] rst_n -> _87324_/RESET_B : -150.284592
[setup in-reg] rst_n -> _87325_/RESET_B : -150.284592
[setup in-reg] rst_n -> _87326_/RESET_B : -150.284592
[setup in-reg] rst_n -> _87327_/RESET_B : -150.284592
[setup in-reg] rst_n -> _87328_/RESET_B : -150.284592
[setup in-reg] rst_n -> _87329_/RESET_B : -150.284592
[setup in-reg] rst_n -> _87330_/RESET_B : -150.284592
[setup in-reg] rst_n -> _87331_/RESET_B : -150.284592
[setup in-reg] rst_n -> _87332_/RESET_B : -150.284592
[setup in-reg] rst_n -> _87333_/RESET_B : -150.284592
[setup in-reg] rst_n -> _87334_/RESET_B : -150.284592
[setup in-reg] rst_n -> _87335_/RESET_B : -150.284592
[setup in-reg] rst_n -> _87336_/RESET_B : -150.284592
[setup in-reg] rst_n -> _87337_/RESET_B : -150.284592
[setup in-reg] rst_n -> _87338_/RESET_B : -150.284592
[setup in-reg] rst_n -> _87339_/RESET_B : -150.284592
[setup in-reg] rst_n -> _87340_/RESET_B : -150.284592
[setup in-reg] rst_n -> _87341_/RESET_B : -150.284592
[setup in-reg] rst_n -> _87342_/RESET_B : -150.284592
[setup in-reg] rst_n -> _87343_/RESET_B : -150.284592
[setup in-reg] rst_n -> _87344_/RESET_B : -150.284592
[setup in-reg] rst_n -> _87345_/RESET_B : -150.284592
[setup in-reg] rst_n -> _87346_/RESET_B : -150.284592
[setup in-reg] rst_n -> _87347_/RESET_B : -150.284592
[setup in-reg] rst_n -> _87348_/RESET_B : -150.284592
[setup in-reg] rst_n -> _87349_/RESET_B : -150.284592
[setup in-reg] rst_n -> _87350_/RESET_B : -150.284592
[setup in-reg] rst_n -> _87351_/RESET_B : -150.284592
[setup in-reg] rst_n -> _87352_/RESET_B : -150.284592
[setup in-reg] rst_n -> _87353_/RESET_B : -150.284592
[setup in-reg] rst_n -> _87354_/RESET_B : -150.284592
[setup in-reg] rst_n -> _87355_/RESET_B : -150.284592
[setup in-reg] rst_n -> _87356_/RESET_B : -150.284592
[setup in-reg] rst_n -> _87357_/RESET_B : -150.284592
[setup in-reg] rst_n -> _87358_/RESET_B : -150.284592
[setup in-reg] rst_n -> _87359_/RESET_B : -150.284592
[setup in-reg] rst_n -> _87360_/RESET_B : -150.284592
[setup in-reg] rst_n -> _87361_/RESET_B : -150.284592
[setup in-reg] rst_n -> _87362_/RESET_B : -150.284592
[setup in-reg] rst_n -> _87363_/RESET_B : -150.284592
[setup in-reg] rst_n -> _87364_/RESET_B : -150.284592
[setup in-reg] rst_n -> _87365_/RESET_B : -150.284592
[setup in-reg] rst_n -> _87366_/RESET_B : -150.284592
[setup in-reg] rst_n -> _87367_/RESET_B : -150.284592
[setup in-reg] rst_n -> _87368_/RESET_B : -150.284592
[setup in-reg] rst_n -> _87369_/RESET_B : -150.284592
[setup in-reg] rst_n -> _87370_/RESET_B : -150.284592
[setup in-reg] rst_n -> _87371_/RESET_B : -150.284592
[setup in-reg] rst_n -> _87372_/RESET_B : -150.284592
[setup in-reg] rst_n -> _87373_/RESET_B : -150.284592
[setup in-reg] rst_n -> _87374_/RESET_B : -150.284592
[setup in-reg] rst_n -> _87375_/RESET_B : -150.284592
[setup in-reg] rst_n -> _87376_/RESET_B : -150.284592
[setup in-reg] rst_n -> _87377_/RESET_B : -150.284592
[setup in-reg] rst_n -> _87378_/RESET_B : -150.284592
[setup in-reg] rst_n -> _87379_/RESET_B : -150.284592
[setup in-reg] rst_n -> _87380_/RESET_B : -150.284592
[setup in-reg] rst_n -> _87381_/RESET_B : -150.284592
[setup in-reg] rst_n -> _87382_/RESET_B : -150.284592
[setup in-reg] rst_n -> _87383_/RESET_B : -150.284592
[setup in-reg] rst_n -> _87384_/RESET_B : -150.284592
[setup in-reg] rst_n -> _87385_/RESET_B : -150.284592
[setup in-reg] rst_n -> _87386_/RESET_B : -150.284592
[setup in-reg] rst_n -> _87387_/RESET_B : -150.284592
[setup in-reg] rst_n -> _87388_/RESET_B : -150.284592
[setup in-reg] rst_n -> _87389_/RESET_B : -150.284592
[setup in-reg] rst_n -> _87390_/RESET_B : -150.284592
[setup in-reg] rst_n -> _87391_/RESET_B : -150.284592
[setup in-reg] rst_n -> _87392_/RESET_B : -150.284592
[setup in-reg] rst_n -> _87393_/RESET_B : -150.284592
[setup in-reg] rst_n -> _87394_/RESET_B : -150.284592
[setup in-reg] rst_n -> _87395_/RESET_B : -150.284592
[setup in-reg] rst_n -> _87396_/RESET_B : -150.284592
[setup in-reg] rst_n -> _87397_/RESET_B : -150.284592
[setup in-reg] rst_n -> _87398_/RESET_B : -150.284592
[setup in-reg] rst_n -> _87399_/RESET_B : -150.284592
[setup in-reg] rst_n -> _87400_/RESET_B : -150.284592
[setup in-reg] rst_n -> _87401_/RESET_B : -150.284592
[setup in-reg] rst_n -> _87402_/RESET_B : -150.284592
[setup in-reg] rst_n -> _87403_/RESET_B : -150.284592
[setup in-reg] rst_n -> _87404_/RESET_B : -150.284592
[setup in-reg] rst_n -> _87405_/RESET_B : -150.284592
[setup in-reg] rst_n -> _87406_/RESET_B : -150.284592
[setup in-reg] rst_n -> _87407_/RESET_B : -150.284592
[setup in-reg] rst_n -> _87408_/RESET_B : -150.284592
[setup in-reg] rst_n -> _87409_/RESET_B : -150.284592
[setup in-reg] rst_n -> _87410_/RESET_B : -150.284592
[setup in-reg] rst_n -> _87411_/RESET_B : -150.284592
[setup in-reg] rst_n -> _87412_/RESET_B : -150.284592
[setup in-reg] rst_n -> _87413_/RESET_B : -150.284592
[setup in-reg] rst_n -> _87414_/RESET_B : -150.284592
[setup in-reg] rst_n -> _87415_/RESET_B : -150.284592
[setup in-reg] rst_n -> _87416_/RESET_B : -150.284592
[setup in-reg] rst_n -> _87417_/RESET_B : -150.284592
[setup in-reg] rst_n -> _87418_/RESET_B : -150.284592
[setup in-reg] rst_n -> _87419_/RESET_B : -150.284592
[setup in-reg] rst_n -> _87420_/RESET_B : -150.284592
[setup in-reg] rst_n -> _87421_/RESET_B : -150.284592
[setup in-reg] rst_n -> _87422_/RESET_B : -150.284592
[setup in-reg] rst_n -> _87423_/RESET_B : -150.284592
[setup in-reg] rst_n -> _87424_/RESET_B : -150.284592
[setup in-reg] rst_n -> _87425_/RESET_B : -150.284592
[setup in-reg] rst_n -> _87426_/RESET_B : -150.284592
[setup in-reg] rst_n -> _87427_/RESET_B : -150.284592
[setup in-reg] rst_n -> _87428_/RESET_B : -150.284592
[setup in-reg] rst_n -> _87429_/RESET_B : -150.284592
[setup in-reg] rst_n -> _87430_/RESET_B : -150.284592
[setup in-reg] rst_n -> _87431_/RESET_B : -150.284592
[setup in-reg] rst_n -> _87432_/RESET_B : -150.284592
[setup in-reg] rst_n -> _87433_/RESET_B : -150.284592
[setup in-reg] rst_n -> _87434_/RESET_B : -150.284592
[setup in-reg] rst_n -> _87435_/RESET_B : -150.284592
[setup in-reg] rst_n -> _87436_/RESET_B : -150.284592
[setup in-reg] rst_n -> _87437_/RESET_B : -150.284592
[setup in-reg] rst_n -> _87438_/RESET_B : -150.284592
[setup in-reg] rst_n -> _87439_/RESET_B : -150.284592
[setup in-reg] rst_n -> _87440_/RESET_B : -150.284592
[setup in-reg] rst_n -> _87441_/RESET_B : -150.284592
[setup in-reg] rst_n -> _87442_/RESET_B : -150.284592
[setup in-reg] rst_n -> _87443_/RESET_B : -150.284592
[setup in-reg] rst_n -> _87444_/RESET_B : -150.284592
[setup in-reg] rst_n -> _87445_/RESET_B : -150.284592
[setup in-reg] rst_n -> _87446_/RESET_B : -150.284592
[setup in-reg] rst_n -> _87447_/RESET_B : -150.284592
[setup in-reg] rst_n -> _87448_/RESET_B : -150.284592
[setup in-reg] rst_n -> _87449_/RESET_B : -150.284592
[setup in-reg] rst_n -> _87450_/RESET_B : -150.284592
[setup in-reg] rst_n -> _87451_/RESET_B : -150.284592
[setup in-reg] rst_n -> _87452_/RESET_B : -150.284592
[setup in-reg] rst_n -> _87453_/RESET_B : -150.284592
[setup in-reg] rst_n -> _87454_/RESET_B : -150.284592
[setup in-reg] rst_n -> _87455_/RESET_B : -150.284592
[setup in-reg] rst_n -> _87456_/RESET_B : -150.284592
[setup in-reg] rst_n -> _87457_/RESET_B : -150.284592
[setup in-reg] rst_n -> _87458_/RESET_B : -150.284592
[setup in-reg] rst_n -> _87459_/RESET_B : -150.284592
[setup in-reg] rst_n -> _87460_/RESET_B : -150.284592
[setup in-reg] rst_n -> _87461_/RESET_B : -150.284592
[setup in-reg] rst_n -> _87462_/RESET_B : -150.284592
[setup in-reg] rst_n -> _87463_/RESET_B : -150.284592
[setup in-reg] rst_n -> _87464_/RESET_B : -150.284592
[setup in-reg] rst_n -> _87465_/RESET_B : -150.284592
[setup in-reg] rst_n -> _87466_/RESET_B : -150.284592
[setup in-reg] rst_n -> _87467_/RESET_B : -150.284592
[setup in-reg] rst_n -> _87468_/RESET_B : -150.284592
[setup in-reg] rst_n -> _87469_/RESET_B : -150.284592
[setup in-reg] rst_n -> _87470_/RESET_B : -150.284592
[setup in-reg] rst_n -> _87471_/RESET_B : -150.284592
[setup in-reg] rst_n -> _87472_/RESET_B : -150.284592
[setup in-reg] rst_n -> _87473_/RESET_B : -150.284592
[setup in-reg] rst_n -> _87474_/RESET_B : -150.284592
[setup in-reg] rst_n -> _87475_/RESET_B : -150.284592
[setup in-reg] rst_n -> _87476_/RESET_B : -150.284592
[setup in-reg] rst_n -> _87477_/RESET_B : -150.284592
[setup in-reg] rst_n -> _87478_/RESET_B : -150.284592
[setup in-reg] rst_n -> _87479_/RESET_B : -150.284592
[setup in-reg] rst_n -> _87480_/RESET_B : -150.284592
[setup in-reg] rst_n -> _87481_/RESET_B : -150.284592
[setup in-reg] rst_n -> _87482_/RESET_B : -150.284592
[setup in-reg] rst_n -> _87483_/RESET_B : -150.284592
[setup in-reg] rst_n -> _87484_/RESET_B : -150.284592
[setup in-reg] rst_n -> _87485_/RESET_B : -150.284592
[setup in-reg] rst_n -> _87486_/RESET_B : -150.284592
[setup in-reg] rst_n -> _87487_/RESET_B : -150.284592
[setup in-reg] rst_n -> _87488_/RESET_B : -150.284592
[setup in-reg] rst_n -> _87489_/RESET_B : -150.284592
[setup in-reg] rst_n -> _87490_/RESET_B : -150.284592
[setup in-reg] rst_n -> _87491_/RESET_B : -150.284592
[setup in-reg] rst_n -> _87492_/RESET_B : -150.284592
[setup in-reg] rst_n -> _87493_/RESET_B : -150.284592
[setup in-reg] rst_n -> _87494_/RESET_B : -150.284592
[setup in-reg] rst_n -> _87495_/RESET_B : -150.284592
[setup in-reg] rst_n -> _87496_/RESET_B : -150.284592
[setup in-reg] rst_n -> _87497_/RESET_B : -150.284592
[setup in-reg] rst_n -> _87498_/RESET_B : -150.284592
[setup in-reg] rst_n -> _87499_/RESET_B : -150.284592
[setup in-reg] rst_n -> _87500_/RESET_B : -150.284592
[setup in-reg] rst_n -> _87501_/RESET_B : -150.284592
[setup in-reg] rst_n -> _87502_/RESET_B : -150.284592
[setup in-reg] rst_n -> _87503_/RESET_B : -150.284592
[setup in-reg] rst_n -> _87504_/RESET_B : -150.284592
[setup in-reg] rst_n -> _87505_/RESET_B : -150.284592
[setup in-reg] rst_n -> _87506_/RESET_B : -150.284592
[setup in-reg] rst_n -> _87507_/RESET_B : -150.284592
[setup in-reg] rst_n -> _87508_/RESET_B : -150.284592
[setup in-reg] rst_n -> _87509_/RESET_B : -150.284592
[setup in-reg] rst_n -> _87510_/RESET_B : -150.284592
[setup in-reg] rst_n -> _87511_/RESET_B : -150.284592
[setup in-reg] rst_n -> _87512_/RESET_B : -150.284592
[setup in-reg] rst_n -> _87513_/RESET_B : -150.284592
[setup in-reg] rst_n -> _87514_/RESET_B : -150.284592
[setup in-reg] rst_n -> _87515_/RESET_B : -150.284592
[setup in-reg] rst_n -> _87516_/RESET_B : -150.284592
[setup in-reg] rst_n -> _87517_/RESET_B : -150.284592
[setup in-reg] rst_n -> _87518_/RESET_B : -150.284592
[setup in-reg] rst_n -> _87519_/RESET_B : -150.284592
[setup in-reg] rst_n -> _87520_/RESET_B : -150.284592
[setup in-reg] rst_n -> _87521_/RESET_B : -150.284592
[setup in-reg] rst_n -> _87522_/RESET_B : -150.284592
[setup in-reg] rst_n -> _87523_/RESET_B : -150.284592
[setup in-reg] rst_n -> _87524_/RESET_B : -150.284592
[setup in-reg] rst_n -> _87525_/RESET_B : -150.284592
[setup in-reg] rst_n -> _87526_/RESET_B : -150.284592
[setup in-reg] rst_n -> _87527_/RESET_B : -150.284592
[setup in-reg] rst_n -> _87528_/RESET_B : -150.284592
[setup in-reg] rst_n -> _87529_/RESET_B : -150.284592
[setup in-reg] rst_n -> _87530_/RESET_B : -150.284592
[setup in-reg] rst_n -> _87531_/RESET_B : -150.284592
[setup in-reg] rst_n -> _87532_/RESET_B : -150.284592
[setup in-reg] rst_n -> _87533_/RESET_B : -150.284592
[setup in-reg] rst_n -> _87534_/RESET_B : -150.284592
[setup in-reg] rst_n -> _87535_/RESET_B : -150.284592
[setup in-reg] rst_n -> _87536_/RESET_B : -150.284592
[setup in-reg] rst_n -> _87537_/RESET_B : -150.284592
[setup in-reg] rst_n -> _87538_/RESET_B : -150.284592
[setup in-reg] rst_n -> _87539_/RESET_B : -150.284592
[setup in-reg] rst_n -> _87540_/RESET_B : -150.284592
[setup in-reg] rst_n -> _87541_/RESET_B : -150.284592
[setup in-reg] rst_n -> _87542_/RESET_B : -150.284592
[setup in-reg] rst_n -> _87543_/RESET_B : -150.284592
[setup in-reg] rst_n -> _87544_/RESET_B : -150.284592
[setup in-reg] rst_n -> _87545_/RESET_B : -150.284592
[setup in-reg] rst_n -> _87546_/RESET_B : -150.284592
[setup in-reg] rst_n -> _87547_/RESET_B : -150.284592
[setup in-reg] rst_n -> _87548_/RESET_B : -150.284592
[setup in-reg] rst_n -> _87549_/RESET_B : -150.284592
[setup in-reg] rst_n -> _87550_/RESET_B : -150.284592
[setup in-reg] rst_n -> _87551_/RESET_B : -150.284592
[setup in-reg] rst_n -> _87552_/RESET_B : -150.284592
[setup in-reg] rst_n -> _87553_/RESET_B : -150.284592
[setup in-reg] rst_n -> _87554_/RESET_B : -150.284592
[setup in-reg] rst_n -> _87555_/RESET_B : -150.284592
[setup in-reg] rst_n -> _87556_/RESET_B : -150.284592
[setup in-reg] rst_n -> _87557_/RESET_B : -150.284592
[setup in-reg] rst_n -> _87558_/RESET_B : -150.284592
[setup in-reg] rst_n -> _87559_/RESET_B : -150.284592
[setup in-reg] rst_n -> _87560_/RESET_B : -150.284592
[setup in-reg] rst_n -> _87561_/RESET_B : -150.284592
[setup in-reg] rst_n -> _87562_/RESET_B : -150.284592
[setup in-reg] rst_n -> _87563_/RESET_B : -150.284592
[setup in-reg] rst_n -> _87564_/RESET_B : -150.284592
[setup in-reg] rst_n -> _87565_/RESET_B : -150.284592
[setup in-reg] rst_n -> _87566_/RESET_B : -150.284592
[setup in-reg] rst_n -> _87567_/RESET_B : -150.284592
[setup in-reg] rst_n -> _87568_/RESET_B : -150.284592
[setup in-reg] rst_n -> _87569_/RESET_B : -150.284592
[setup in-reg] rst_n -> _87570_/RESET_B : -150.284592
[setup in-reg] rst_n -> _87571_/RESET_B : -150.284592
[setup in-reg] rst_n -> _87572_/RESET_B : -150.284592
[setup in-reg] rst_n -> _87573_/RESET_B : -150.284592
[setup in-reg] rst_n -> _87574_/RESET_B : -150.284592
[setup in-reg] rst_n -> _87575_/RESET_B : -150.284592
[setup in-reg] rst_n -> _87576_/RESET_B : -150.284592
[setup in-reg] rst_n -> _87577_/RESET_B : -150.284592
[setup in-reg] rst_n -> _87578_/RESET_B : -150.284592
[setup in-reg] rst_n -> _87579_/RESET_B : -150.284592
[setup in-reg] rst_n -> _87580_/RESET_B : -150.284592
[setup in-reg] rst_n -> _87581_/RESET_B : -150.284592
[setup in-reg] rst_n -> _87582_/RESET_B : -150.284592
[setup in-reg] rst_n -> _87583_/RESET_B : -150.284592
[setup in-reg] rst_n -> _87584_/RESET_B : -150.284592
[setup in-reg] rst_n -> _87585_/RESET_B : -150.284592
[setup in-reg] rst_n -> _87586_/RESET_B : -150.284592
[setup in-reg] rst_n -> _87587_/RESET_B : -150.284592
[setup in-reg] rst_n -> _87588_/RESET_B : -150.284592
[setup in-reg] rst_n -> _87589_/RESET_B : -150.284592
[setup in-reg] rst_n -> _87590_/RESET_B : -150.284592
[setup in-reg] rst_n -> _87591_/RESET_B : -150.284592
[setup in-reg] rst_n -> _87592_/RESET_B : -150.284592
[setup in-reg] rst_n -> _87593_/RESET_B : -150.284592
[setup in-reg] rst_n -> _87594_/RESET_B : -150.284592
[setup in-reg] rst_n -> _87595_/RESET_B : -150.284592
[setup in-reg] rst_n -> _87596_/RESET_B : -150.284592
[setup in-reg] rst_n -> _87597_/RESET_B : -150.284592
[setup in-reg] rst_n -> _87598_/RESET_B : -150.284592
[setup in-reg] rst_n -> _87599_/RESET_B : -150.284592
[setup in-reg] rst_n -> _87600_/RESET_B : -150.284592
[setup in-reg] rst_n -> _87601_/RESET_B : -150.284592
[setup in-reg] rst_n -> _87602_/RESET_B : -150.284592
[setup in-reg] rst_n -> _87603_/RESET_B : -150.284592
[setup in-reg] rst_n -> _87604_/RESET_B : -150.284592
[setup in-reg] rst_n -> _87605_/RESET_B : -150.284592
[setup in-reg] rst_n -> _87606_/RESET_B : -150.284592
[setup in-reg] rst_n -> _87607_/RESET_B : -150.284592
[setup in-reg] rst_n -> _87608_/RESET_B : -150.284592
[setup in-reg] rst_n -> _87609_/RESET_B : -150.284592
[setup in-reg] rst_n -> _87610_/RESET_B : -150.284592
[setup in-reg] rst_n -> _87611_/RESET_B : -150.284592
[setup in-reg] rst_n -> _87612_/RESET_B : -150.284592
[setup in-reg] rst_n -> _87613_/RESET_B : -150.284592
[setup in-reg] rst_n -> _87614_/RESET_B : -150.284592
[setup in-reg] rst_n -> _87615_/RESET_B : -150.284592
[setup in-reg] rst_n -> _87616_/RESET_B : -150.284592
[setup in-reg] rst_n -> _87617_/RESET_B : -150.284592
[setup in-reg] rst_n -> _87618_/RESET_B : -150.284592
[setup in-reg] rst_n -> _87619_/RESET_B : -150.284592
[setup in-reg] rst_n -> _87620_/RESET_B : -150.284592
[setup in-reg] rst_n -> _87621_/RESET_B : -150.284592
[setup in-reg] rst_n -> _87622_/RESET_B : -150.284592
[setup in-reg] rst_n -> _87623_/RESET_B : -150.284592
[setup in-reg] rst_n -> _87624_/RESET_B : -150.284592
[setup in-reg] rst_n -> _87625_/RESET_B : -150.284592
[setup in-reg] rst_n -> _87626_/RESET_B : -150.284592
[setup in-reg] rst_n -> _87627_/RESET_B : -150.284592
[setup in-reg] rst_n -> _87628_/RESET_B : -150.284592
[setup in-reg] rst_n -> _87629_/RESET_B : -150.284592
[setup in-reg] rst_n -> _87630_/RESET_B : -150.284592
[setup in-reg] rst_n -> _87631_/RESET_B : -150.284592
[setup in-reg] rst_n -> _87632_/RESET_B : -150.284592
[setup in-reg] rst_n -> _87633_/RESET_B : -150.284592
[setup in-reg] rst_n -> _87634_/RESET_B : -150.284592
[setup in-reg] rst_n -> _87635_/RESET_B : -150.284592
[setup in-reg] rst_n -> _87636_/RESET_B : -150.284592
[setup in-reg] rst_n -> _87637_/RESET_B : -150.284592
[setup in-reg] rst_n -> _87638_/RESET_B : -150.284592
[setup in-reg] rst_n -> _87639_/RESET_B : -150.284592
[setup in-reg] rst_n -> _87640_/RESET_B : -150.284592
[setup in-reg] rst_n -> _87641_/RESET_B : -150.284592
[setup in-reg] rst_n -> _87642_/RESET_B : -150.284592
[setup in-reg] rst_n -> _87643_/RESET_B : -150.284592
[setup in-reg] rst_n -> _87644_/RESET_B : -150.284592
[setup in-reg] rst_n -> _87645_/RESET_B : -150.284592
[setup in-reg] rst_n -> _87646_/RESET_B : -150.284592
[setup in-reg] rst_n -> _87647_/RESET_B : -150.284592
[setup in-reg] rst_n -> _87648_/RESET_B : -150.284592
[setup in-reg] rst_n -> _87649_/RESET_B : -150.284592
[setup in-reg] rst_n -> _87650_/RESET_B : -150.284592
[setup in-reg] rst_n -> _87651_/RESET_B : -150.284592
[setup in-reg] rst_n -> _87652_/RESET_B : -150.284592
[setup in-reg] rst_n -> _87653_/RESET_B : -150.284592
[setup in-reg] rst_n -> _87654_/RESET_B : -150.284592
[setup in-reg] rst_n -> _87655_/RESET_B : -150.284592
[setup in-reg] rst_n -> _87656_/RESET_B : -150.284592
[setup in-reg] rst_n -> _87657_/RESET_B : -150.284592
[setup in-reg] rst_n -> _87658_/RESET_B : -150.284592
[setup in-reg] rst_n -> _87659_/RESET_B : -150.284592
[setup in-reg] rst_n -> _87660_/RESET_B : -150.284592
[setup in-reg] rst_n -> _87661_/RESET_B : -150.284592
[setup in-reg] rst_n -> _87662_/RESET_B : -150.284592
[setup in-reg] rst_n -> _87663_/RESET_B : -150.284592
[setup in-reg] rst_n -> _87664_/RESET_B : -150.284592
[setup in-reg] rst_n -> _87665_/RESET_B : -150.284592
[setup in-reg] rst_n -> _87666_/RESET_B : -150.284592
[setup in-reg] rst_n -> _87667_/RESET_B : -150.284592
[setup in-reg] rst_n -> _87668_/RESET_B : -150.284592
[setup in-reg] rst_n -> _87669_/RESET_B : -150.284592
[setup in-reg] rst_n -> _87670_/RESET_B : -150.284592
[setup in-reg] rst_n -> _87671_/RESET_B : -150.284592
[setup in-reg] rst_n -> _87672_/RESET_B : -150.284592
[setup in-reg] rst_n -> _87673_/RESET_B : -150.284592
[setup in-reg] rst_n -> _87674_/RESET_B : -150.284592
[setup in-reg] rst_n -> _87675_/RESET_B : -150.284592
[setup in-reg] rst_n -> _87676_/RESET_B : -150.284592
[setup in-reg] rst_n -> _87677_/RESET_B : -150.284592
[setup in-reg] rst_n -> _87678_/RESET_B : -150.284592
[setup in-reg] rst_n -> _87679_/RESET_B : -150.284592
[setup in-reg] rst_n -> _87680_/RESET_B : -150.284592
[setup in-reg] rst_n -> _87681_/RESET_B : -150.284592
[setup in-reg] rst_n -> _87682_/RESET_B : -150.284592
[setup in-reg] rst_n -> _87683_/RESET_B : -150.284592
[setup in-reg] rst_n -> _87684_/RESET_B : -150.284592
[setup in-reg] rst_n -> _87685_/RESET_B : -150.284592
[setup in-reg] rst_n -> _87686_/RESET_B : -150.284592
[setup in-reg] rst_n -> _87687_/RESET_B : -150.284592
[setup in-reg] rst_n -> _87688_/RESET_B : -150.284592
[setup in-reg] rst_n -> _87689_/RESET_B : -150.284592
[setup in-reg] rst_n -> _87690_/RESET_B : -150.284592
[setup in-reg] rst_n -> _87691_/RESET_B : -150.284592
[setup in-reg] rst_n -> _87692_/RESET_B : -150.284592
[setup in-reg] rst_n -> _87693_/RESET_B : -150.284592
[setup in-reg] rst_n -> _87694_/RESET_B : -150.284592
[setup in-reg] rst_n -> _87695_/RESET_B : -150.284592
[setup in-reg] rst_n -> _87696_/RESET_B : -150.284592
[setup in-reg] rst_n -> _87697_/RESET_B : -150.284592
[setup in-reg] rst_n -> _87698_/RESET_B : -150.284592
[setup in-reg] rst_n -> _87699_/RESET_B : -150.284592
[setup in-reg] rst_n -> _87700_/RESET_B : -150.284592
[setup in-reg] rst_n -> _87701_/RESET_B : -150.284592
[setup in-reg] rst_n -> _87702_/RESET_B : -150.284592
[setup in-reg] rst_n -> _87703_/RESET_B : -150.284592
[setup in-reg] rst_n -> _87704_/RESET_B : -150.284592
[setup in-reg] rst_n -> _87705_/RESET_B : -150.284592
[setup in-reg] rst_n -> _87706_/RESET_B : -150.284592
[setup in-reg] rst_n -> _87707_/RESET_B : -150.284592
[setup in-reg] rst_n -> _87708_/RESET_B : -150.284592
[setup in-reg] rst_n -> _87709_/RESET_B : -150.284592
[setup in-reg] rst_n -> _87710_/RESET_B : -150.284592
[setup in-reg] rst_n -> _87711_/RESET_B : -150.284592
[setup in-reg] rst_n -> _87712_/RESET_B : -150.284592
[setup in-reg] rst_n -> _87713_/RESET_B : -150.284592
[setup in-reg] rst_n -> _87714_/RESET_B : -150.284592
[setup in-reg] rst_n -> _87715_/RESET_B : -150.284592
[setup in-reg] rst_n -> _87716_/RESET_B : -150.284592
[setup in-reg] rst_n -> _87717_/RESET_B : -150.284592
[setup in-reg] rst_n -> _87718_/RESET_B : -150.284592
[setup in-reg] rst_n -> _87719_/RESET_B : -150.284592
[setup in-reg] rst_n -> _87720_/RESET_B : -150.284592
[setup in-reg] rst_n -> _87721_/RESET_B : -150.284592
[setup in-reg] rst_n -> _87722_/RESET_B : -150.284592
[setup in-reg] rst_n -> _87723_/RESET_B : -150.284592
[setup in-reg] rst_n -> _87724_/RESET_B : -150.284592
[setup in-reg] rst_n -> _87725_/RESET_B : -150.284592
[setup in-reg] rst_n -> _87726_/RESET_B : -150.284592
[setup in-reg] rst_n -> _87727_/RESET_B : -150.284592
[setup in-reg] rst_n -> _87728_/RESET_B : -150.284592
[setup in-reg] rst_n -> _87729_/RESET_B : -150.284592
[setup in-reg] rst_n -> _87730_/RESET_B : -150.284592
[setup in-reg] rst_n -> _87731_/RESET_B : -150.284592
[setup in-reg] rst_n -> _87732_/RESET_B : -150.284592
[setup in-reg] rst_n -> _87733_/RESET_B : -150.284592
[setup in-reg] rst_n -> _87734_/RESET_B : -150.284592
[setup in-reg] rst_n -> _87735_/RESET_B : -150.284592
[setup in-reg] rst_n -> _87736_/RESET_B : -150.284592
[setup in-reg] rst_n -> _87737_/RESET_B : -150.284592
[setup in-reg] rst_n -> _87738_/RESET_B : -150.284592
[setup in-reg] rst_n -> _87739_/RESET_B : -150.284592
[setup in-reg] rst_n -> _87740_/RESET_B : -150.284592
[setup in-reg] rst_n -> _87741_/RESET_B : -150.284592
[setup in-reg] rst_n -> _87742_/RESET_B : -150.284592
[setup in-reg] rst_n -> _87743_/RESET_B : -150.284592
[setup in-reg] rst_n -> _87744_/RESET_B : -150.284592
[setup in-reg] rst_n -> _87745_/RESET_B : -150.284592
[setup in-reg] rst_n -> _87746_/RESET_B : -150.284592
[setup in-reg] rst_n -> _87747_/RESET_B : -150.284592
[setup in-reg] rst_n -> _87748_/RESET_B : -150.284592
[setup in-reg] rst_n -> _87749_/RESET_B : -150.284592
[setup in-reg] rst_n -> _87750_/RESET_B : -150.284592
[setup in-reg] rst_n -> _87751_/RESET_B : -150.284592
[setup in-reg] rst_n -> _87752_/RESET_B : -150.284592
[setup in-reg] rst_n -> _87753_/RESET_B : -150.284592
[setup in-reg] rst_n -> _87754_/RESET_B : -150.284592
[setup in-reg] rst_n -> _87755_/RESET_B : -150.284592
[setup in-reg] rst_n -> _87756_/RESET_B : -150.284592
[setup in-reg] rst_n -> _87757_/RESET_B : -150.284592
[setup in-reg] rst_n -> _87758_/RESET_B : -150.284592
[setup in-reg] rst_n -> _87759_/RESET_B : -150.284592
[setup in-reg] rst_n -> _87760_/RESET_B : -150.284592
[setup in-reg] rst_n -> _87761_/RESET_B : -150.284592
[setup in-reg] rst_n -> _87762_/RESET_B : -150.284592
[setup in-reg] rst_n -> _87763_/RESET_B : -150.284592
[setup in-reg] rst_n -> _87764_/RESET_B : -150.284592
[setup in-reg] rst_n -> _87765_/RESET_B : -150.284592
[setup in-reg] rst_n -> _87766_/RESET_B : -150.284592
[setup in-reg] rst_n -> _87767_/RESET_B : -150.284592
[setup in-reg] rst_n -> _87768_/RESET_B : -150.284592
[setup in-reg] rst_n -> _87769_/RESET_B : -150.284592
[setup in-reg] rst_n -> _87770_/RESET_B : -150.284592
[setup in-reg] rst_n -> _87771_/RESET_B : -150.284592
[setup in-reg] rst_n -> _87772_/RESET_B : -150.284592
[setup in-reg] rst_n -> _87773_/RESET_B : -150.284592
[setup in-reg] rst_n -> _87774_/RESET_B : -150.284592
[setup in-reg] rst_n -> _87775_/RESET_B : -150.284592
[setup in-reg] rst_n -> _87776_/RESET_B : -150.284592
[setup in-reg] rst_n -> _87777_/RESET_B : -150.284592
[setup in-reg] rst_n -> _87778_/RESET_B : -150.284592
[setup in-reg] rst_n -> _87779_/RESET_B : -150.284592
[setup in-reg] rst_n -> _87780_/RESET_B : -150.284592
[setup in-reg] rst_n -> _87781_/RESET_B : -150.284592
[setup in-reg] rst_n -> _87782_/RESET_B : -150.284592
[setup in-reg] rst_n -> _87783_/RESET_B : -150.284592
[setup in-reg] rst_n -> _87784_/RESET_B : -150.284592
[setup in-reg] rst_n -> _87785_/RESET_B : -150.284592
[setup in-reg] rst_n -> _87786_/RESET_B : -150.284592
[setup in-reg] rst_n -> _87787_/RESET_B : -150.284592
[setup in-reg] rst_n -> _87788_/RESET_B : -150.284592
[setup in-reg] rst_n -> _87789_/RESET_B : -150.284592
[setup in-reg] rst_n -> _87790_/RESET_B : -150.284592
[setup in-reg] rst_n -> _87791_/RESET_B : -150.284592
[setup in-reg] rst_n -> _87792_/RESET_B : -150.284592
[setup in-reg] rst_n -> _87793_/RESET_B : -150.284592
[setup in-reg] rst_n -> _87794_/RESET_B : -150.284592
[setup in-reg] rst_n -> _87795_/RESET_B : -150.284592
[setup in-reg] rst_n -> _87796_/RESET_B : -150.284592
[setup in-reg] rst_n -> _87797_/RESET_B : -150.284592
[setup in-reg] rst_n -> _87798_/RESET_B : -150.284592
[setup in-reg] rst_n -> _87799_/RESET_B : -150.284592
[setup in-reg] rst_n -> _87800_/RESET_B : -150.284592
[setup in-reg] rst_n -> _87801_/RESET_B : -150.284592
[setup in-reg] rst_n -> _87802_/RESET_B : -150.284592
[setup in-reg] rst_n -> _87803_/RESET_B : -150.284592
[setup in-reg] rst_n -> _87804_/RESET_B : -150.284592
[setup in-reg] rst_n -> _87805_/RESET_B : -150.284592
[setup in-reg] rst_n -> _87806_/RESET_B : -150.284592
[setup in-reg] rst_n -> _87807_/RESET_B : -150.284592
[setup in-reg] rst_n -> _87808_/RESET_B : -150.284592
[setup in-reg] rst_n -> _87809_/RESET_B : -150.284592
[setup in-reg] rst_n -> _87810_/RESET_B : -150.284592
[setup in-reg] rst_n -> _87811_/RESET_B : -150.284592
[setup in-reg] rst_n -> _87812_/RESET_B : -150.284592
[setup in-reg] rst_n -> _87813_/RESET_B : -150.284592
[setup in-reg] rst_n -> _87814_/RESET_B : -150.284592
[setup in-reg] rst_n -> _87815_/RESET_B : -150.284592
[setup in-reg] rst_n -> _87816_/RESET_B : -150.284592
[setup in-reg] rst_n -> _87817_/RESET_B : -150.284592
[setup in-reg] rst_n -> _87818_/RESET_B : -150.284592
[setup in-reg] rst_n -> _87819_/RESET_B : -150.284592
[setup in-reg] rst_n -> _87820_/RESET_B : -150.284592
[setup in-reg] rst_n -> _87821_/RESET_B : -150.284592
[setup in-reg] rst_n -> _87822_/RESET_B : -150.284592
[setup in-reg] rst_n -> _87823_/RESET_B : -150.284592
[setup in-reg] rst_n -> _87824_/RESET_B : -150.284592
[setup in-reg] rst_n -> _87825_/RESET_B : -150.284592
[setup in-reg] rst_n -> _87826_/RESET_B : -150.284592
[setup in-reg] rst_n -> _87827_/RESET_B : -150.284592
[setup in-reg] rst_n -> _87828_/RESET_B : -150.284592
[setup in-reg] rst_n -> _87829_/RESET_B : -150.284592
[setup in-reg] rst_n -> _87830_/RESET_B : -150.284592
[setup in-reg] rst_n -> _87831_/RESET_B : -150.284592
[setup in-reg] rst_n -> _87832_/RESET_B : -150.284592
[setup in-reg] rst_n -> _87833_/RESET_B : -150.284592
[setup in-reg] rst_n -> _87834_/RESET_B : -150.284592
[setup in-reg] rst_n -> _87835_/RESET_B : -150.284592
[setup in-reg] rst_n -> _87836_/RESET_B : -150.284592
[setup in-reg] rst_n -> _87837_/RESET_B : -150.284592
[setup in-reg] rst_n -> _87838_/RESET_B : -150.284592
[setup in-reg] rst_n -> _87839_/RESET_B : -150.284592
[setup in-reg] rst_n -> _87840_/RESET_B : -150.284592
[setup in-reg] rst_n -> _87841_/RESET_B : -150.284592
[setup in-reg] rst_n -> _87842_/RESET_B : -150.284592
[setup in-reg] rst_n -> _87843_/RESET_B : -150.284592
[setup in-reg] rst_n -> _87844_/RESET_B : -150.284592
[setup in-reg] rst_n -> _87845_/RESET_B : -150.284592
[setup in-reg] rst_n -> _87846_/RESET_B : -150.284592
[setup in-reg] rst_n -> _87847_/RESET_B : -150.284592
[setup in-reg] rst_n -> _87848_/RESET_B : -150.284592
[setup in-reg] rst_n -> _87849_/RESET_B : -150.284592
[setup in-reg] rst_n -> _87850_/RESET_B : -150.284592
[setup in-reg] rst_n -> _87851_/RESET_B : -150.284592
[setup in-reg] rst_n -> _87852_/RESET_B : -150.284592
[setup in-reg] rst_n -> _87853_/RESET_B : -150.284592
[setup in-reg] rst_n -> _87854_/RESET_B : -150.284592
[setup in-reg] rst_n -> _87855_/RESET_B : -150.284592
[setup in-reg] rst_n -> _87856_/RESET_B : -150.284592
[setup in-reg] rst_n -> _87857_/RESET_B : -150.284592
[setup in-reg] rst_n -> _87858_/RESET_B : -150.284592
[setup in-reg] rst_n -> _87859_/RESET_B : -150.284592
[setup in-reg] rst_n -> _87860_/RESET_B : -150.284592
[setup in-reg] rst_n -> _87861_/RESET_B : -150.284592
[setup in-reg] rst_n -> _87862_/RESET_B : -150.284592
[setup in-reg] rst_n -> _87863_/RESET_B : -150.284592
[setup in-reg] rst_n -> _87864_/RESET_B : -150.284592
[setup in-reg] rst_n -> _87865_/RESET_B : -150.284592
[setup in-reg] rst_n -> _87866_/RESET_B : -150.284592
[setup in-reg] rst_n -> _87867_/RESET_B : -150.284592
[setup in-reg] rst_n -> _87868_/RESET_B : -150.284592
[setup in-reg] rst_n -> _87869_/RESET_B : -150.284592
[setup in-reg] rst_n -> _87870_/RESET_B : -150.284592
[setup in-reg] rst_n -> _87871_/RESET_B : -150.284592
[setup in-reg] rst_n -> _87872_/RESET_B : -150.284592
[setup in-reg] rst_n -> _87873_/RESET_B : -150.284592
[setup in-reg] rst_n -> _87874_/RESET_B : -150.284592
[setup in-reg] rst_n -> _87875_/RESET_B : -150.284592
[setup in-reg] rst_n -> _87876_/RESET_B : -150.284592
[setup in-reg] rst_n -> _87877_/RESET_B : -150.284592
[setup in-reg] rst_n -> _87878_/RESET_B : -150.284592
[setup in-reg] rst_n -> _87879_/RESET_B : -150.284592
[setup in-reg] rst_n -> _87880_/RESET_B : -150.284592
[setup in-reg] rst_n -> _87881_/RESET_B : -150.284592
[setup in-reg] rst_n -> _87882_/RESET_B : -150.284592
[setup in-reg] rst_n -> _87883_/RESET_B : -150.284592
[setup in-reg] rst_n -> _87884_/RESET_B : -150.284592
[setup in-reg] rst_n -> _87885_/RESET_B : -150.284592
[setup in-reg] rst_n -> _87886_/RESET_B : -150.284592
[setup in-reg] rst_n -> _87887_/RESET_B : -150.284592
[setup in-reg] rst_n -> _87888_/RESET_B : -150.284592
[setup in-reg] rst_n -> _87889_/RESET_B : -150.284592
[setup in-reg] rst_n -> _87890_/RESET_B : -150.284592
[setup in-reg] rst_n -> _87891_/RESET_B : -150.284592
[setup in-reg] rst_n -> _87892_/RESET_B : -150.284592
[setup in-reg] rst_n -> _87893_/RESET_B : -150.284592
[setup in-reg] rst_n -> _87894_/RESET_B : -150.284592
[setup in-reg] rst_n -> _87895_/RESET_B : -150.284592
[setup in-reg] rst_n -> _87896_/RESET_B : -150.284592
[setup in-reg] rst_n -> _87897_/RESET_B : -150.284592
[setup in-reg] rst_n -> _87898_/RESET_B : -150.284592
[setup in-reg] rst_n -> _87899_/RESET_B : -150.284592
[setup in-reg] rst_n -> _87900_/RESET_B : -150.284592
[setup in-reg] rst_n -> _87901_/RESET_B : -150.284592
[setup in-reg] rst_n -> _87902_/RESET_B : -150.284592
[setup in-reg] rst_n -> _87903_/RESET_B : -150.284592
[setup in-reg] rst_n -> _87904_/RESET_B : -150.284592
[setup in-reg] rst_n -> _87905_/RESET_B : -150.284592
[setup in-reg] rst_n -> _87906_/RESET_B : -150.284592
[setup in-reg] rst_n -> _87907_/RESET_B : -150.284592
[setup in-reg] rst_n -> _87908_/RESET_B : -150.284592
[setup in-reg] rst_n -> _87909_/RESET_B : -150.284592
[setup in-reg] rst_n -> _87910_/RESET_B : -150.284592
[setup in-reg] rst_n -> _87911_/RESET_B : -150.284592
[setup in-reg] rst_n -> _87912_/RESET_B : -150.284592
[setup in-reg] rst_n -> _87913_/RESET_B : -150.284592
[setup in-reg] rst_n -> _87914_/RESET_B : -150.284592
[setup in-reg] rst_n -> _87915_/RESET_B : -150.284592
[setup in-reg] rst_n -> _87916_/RESET_B : -150.284592
[setup in-reg] rst_n -> _87917_/RESET_B : -150.284592
[setup in-reg] rst_n -> _87918_/RESET_B : -150.284592
[setup in-reg] rst_n -> _87919_/RESET_B : -150.284592
[setup in-reg] rst_n -> _87920_/RESET_B : -150.284592
[setup in-reg] rst_n -> _87921_/RESET_B : -150.284592
[setup in-reg] rst_n -> _87922_/RESET_B : -150.284592
[setup in-reg] rst_n -> _87923_/RESET_B : -150.284592
[setup in-reg] rst_n -> _87924_/RESET_B : -150.284592
[setup in-reg] rst_n -> _87925_/RESET_B : -150.284592
[setup in-reg] rst_n -> _87926_/RESET_B : -150.284592
[setup in-reg] rst_n -> _87927_/RESET_B : -150.284592
[setup in-reg] rst_n -> _87928_/RESET_B : -150.284592
[setup in-reg] rst_n -> _87929_/RESET_B : -150.284592
[setup in-reg] rst_n -> _87930_/RESET_B : -150.284592
[setup in-reg] rst_n -> _87931_/RESET_B : -150.284592
[setup in-reg] rst_n -> _87932_/RESET_B : -150.284592
[setup in-reg] rst_n -> _87933_/RESET_B : -150.284592
[setup in-reg] rst_n -> _87934_/RESET_B : -150.284592
[setup in-reg] rst_n -> _87935_/RESET_B : -150.284592
[setup in-reg] rst_n -> _87936_/RESET_B : -150.284592
[setup in-reg] rst_n -> _87937_/RESET_B : -150.284592
[setup in-reg] rst_n -> _87938_/RESET_B : -150.284592
[setup in-reg] rst_n -> _87939_/RESET_B : -150.284592
[setup in-reg] rst_n -> _87940_/RESET_B : -150.284592
[setup in-reg] rst_n -> _87941_/RESET_B : -150.284592
[setup in-reg] rst_n -> _87942_/RESET_B : -150.284592
[setup in-reg] rst_n -> _87943_/RESET_B : -150.284592
[setup in-reg] rst_n -> _87944_/RESET_B : -150.284592
[setup in-reg] rst_n -> _87945_/RESET_B : -150.284592
[setup in-reg] rst_n -> _87946_/RESET_B : -150.284592
[setup in-reg] rst_n -> _87947_/RESET_B : -150.284592
[setup in-reg] rst_n -> _87948_/RESET_B : -150.284592
[setup in-reg] rst_n -> _87949_/RESET_B : -150.284592
[setup in-reg] rst_n -> _87950_/RESET_B : -150.284592
[setup in-reg] rst_n -> _87951_/RESET_B : -150.284592
[setup in-reg] rst_n -> _87952_/RESET_B : -150.284592
[setup in-reg] rst_n -> _87953_/RESET_B : -150.284592
[setup in-reg] rst_n -> _87954_/RESET_B : -150.284592
[setup in-reg] rst_n -> _87955_/RESET_B : -150.284592
[setup in-reg] rst_n -> _87956_/RESET_B : -150.284592
[setup in-reg] rst_n -> _87957_/RESET_B : -150.284592
[setup in-reg] rst_n -> _87958_/RESET_B : -150.284592
[setup in-reg] rst_n -> _87959_/RESET_B : -150.284592
[setup in-reg] rst_n -> _87960_/RESET_B : -150.284592
[setup in-reg] rst_n -> _87961_/RESET_B : -150.284592
[setup in-reg] rst_n -> _87962_/RESET_B : -150.284592
[setup in-reg] rst_n -> _87963_/RESET_B : -150.284592
[setup in-reg] rst_n -> _87964_/RESET_B : -150.284592
[setup in-reg] rst_n -> _87965_/RESET_B : -150.284592
[setup in-reg] rst_n -> _87966_/RESET_B : -150.284592
[setup in-reg] rst_n -> _87967_/RESET_B : -150.284592
[setup in-reg] rst_n -> _87968_/RESET_B : -150.284592
[setup in-reg] rst_n -> _87969_/RESET_B : -150.284592
[setup in-reg] rst_n -> _87970_/RESET_B : -150.284592
[setup in-reg] rst_n -> _87971_/RESET_B : -150.284592
[setup in-reg] rst_n -> _87972_/RESET_B : -150.284592
[setup in-reg] rst_n -> _87973_/RESET_B : -150.284592
[setup in-reg] rst_n -> _87974_/RESET_B : -150.284592
[setup in-reg] rst_n -> _87975_/RESET_B : -150.284592
[setup in-reg] rst_n -> _87976_/RESET_B : -150.284592
[setup in-reg] rst_n -> _87977_/RESET_B : -150.284592
[setup in-reg] rst_n -> _87978_/RESET_B : -150.284592
[setup in-reg] rst_n -> _87979_/RESET_B : -150.284592
[setup in-reg] rst_n -> _87980_/RESET_B : -150.284592
[setup in-reg] rst_n -> _87981_/RESET_B : -150.284592
[setup in-reg] rst_n -> _87982_/RESET_B : -150.284592
[setup in-reg] rst_n -> _87983_/RESET_B : -150.284592
[setup in-reg] rst_n -> _87984_/RESET_B : -150.284592
[setup in-reg] rst_n -> _87985_/RESET_B : -150.284592
[setup in-reg] rst_n -> _87986_/RESET_B : -150.284592
[setup in-reg] rst_n -> _87987_/RESET_B : -150.284592
[setup in-reg] rst_n -> _87988_/RESET_B : -150.284592
[setup in-reg] rst_n -> _87989_/RESET_B : -150.284592
[setup in-reg] rst_n -> _87990_/RESET_B : -150.284592
[setup in-reg] rst_n -> _87991_/RESET_B : -150.284592
[setup in-reg] rst_n -> _87992_/RESET_B : -150.284592
[setup in-reg] rst_n -> _87993_/RESET_B : -150.284592
[setup in-reg] rst_n -> _87994_/RESET_B : -150.284592
[setup in-reg] rst_n -> _87995_/RESET_B : -150.284592
[setup in-reg] rst_n -> _87996_/RESET_B : -150.284592
[setup in-reg] rst_n -> _87997_/RESET_B : -150.284592
[setup in-reg] rst_n -> _87998_/RESET_B : -150.284592
[setup in-reg] rst_n -> _87999_/RESET_B : -150.284592
[setup in-reg] rst_n -> _88000_/RESET_B : -150.284592
[setup in-reg] rst_n -> _88001_/RESET_B : -150.284592
[setup in-reg] rst_n -> _88002_/RESET_B : -150.284592
[setup in-reg] rst_n -> _88003_/RESET_B : -150.284592
[setup in-reg] rst_n -> _88004_/RESET_B : -150.284592
[setup in-reg] rst_n -> _88005_/RESET_B : -150.284592
[setup in-reg] rst_n -> _88006_/RESET_B : -150.284592
[setup in-reg] rst_n -> _88007_/RESET_B : -150.284592
[setup in-reg] rst_n -> _88008_/RESET_B : -150.284592
[setup in-reg] rst_n -> _88009_/RESET_B : -150.284592
[setup in-reg] rst_n -> _88010_/RESET_B : -150.284592
[setup in-reg] rst_n -> _88011_/RESET_B : -150.284592
[setup in-reg] rst_n -> _88012_/RESET_B : -150.284592
[setup in-reg] rst_n -> _88013_/RESET_B : -150.284592
[setup in-reg] rst_n -> _88014_/RESET_B : -150.284592
[setup in-reg] rst_n -> _88015_/RESET_B : -150.284592
[setup in-reg] rst_n -> _88016_/RESET_B : -150.284592
[setup in-reg] rst_n -> _88017_/RESET_B : -150.284592
[setup in-reg] rst_n -> _88018_/RESET_B : -150.284592
[setup in-reg] rst_n -> _88019_/RESET_B : -150.284592
[setup in-reg] rst_n -> _88020_/RESET_B : -150.284592
[setup in-reg] rst_n -> _88021_/RESET_B : -150.284592
[setup in-reg] rst_n -> _88022_/RESET_B : -150.284592
[setup in-reg] rst_n -> _88023_/RESET_B : -150.284592
[setup in-reg] rst_n -> _88024_/RESET_B : -150.284592
[setup in-reg] rst_n -> _88025_/RESET_B : -150.284592
[setup in-reg] rst_n -> _88026_/RESET_B : -150.284592
[setup in-reg] rst_n -> _88027_/RESET_B : -150.284592
[setup in-reg] rst_n -> _88028_/RESET_B : -150.284592
[setup in-reg] rst_n -> _88029_/RESET_B : -150.284592
[setup in-reg] rst_n -> _88030_/RESET_B : -150.284592
[setup in-reg] rst_n -> _88031_/RESET_B : -150.284592
[setup in-reg] rst_n -> _88032_/RESET_B : -150.284592
[setup in-reg] rst_n -> _88033_/RESET_B : -150.284592
[setup in-reg] rst_n -> _88034_/RESET_B : -150.284592
[setup in-reg] rst_n -> _88035_/RESET_B : -150.284592
[setup in-reg] rst_n -> _88036_/RESET_B : -150.284592
[setup in-reg] rst_n -> _88037_/RESET_B : -150.284592
[setup in-reg] rst_n -> _88038_/RESET_B : -150.284592
[setup in-reg] rst_n -> _88039_/RESET_B : -150.284592
[setup in-reg] rst_n -> _88040_/RESET_B : -150.284592
[setup in-reg] rst_n -> _88041_/RESET_B : -150.284592
[setup in-reg] rst_n -> _88042_/RESET_B : -150.284592
[setup in-reg] rst_n -> _88043_/RESET_B : -150.284592
[setup in-reg] rst_n -> _88044_/RESET_B : -150.284592
[setup in-reg] rst_n -> _88045_/RESET_B : -150.284592
[setup in-reg] rst_n -> _88046_/RESET_B : -150.284592
[setup in-reg] rst_n -> _88047_/RESET_B : -150.284592
[setup in-reg] rst_n -> _88048_/RESET_B : -150.284592
[setup in-reg] rst_n -> _88049_/RESET_B : -150.284592
[setup in-reg] rst_n -> _88050_/RESET_B : -150.284592
[setup in-reg] rst_n -> _88051_/RESET_B : -150.284592
[setup in-reg] rst_n -> _88052_/RESET_B : -150.284592
[setup in-reg] rst_n -> _88053_/RESET_B : -150.284592
[setup in-reg] rst_n -> _88054_/RESET_B : -150.284592
[setup in-reg] rst_n -> _88055_/RESET_B : -150.284592
[setup in-reg] rst_n -> _88056_/RESET_B : -150.284592
[setup in-reg] rst_n -> _88057_/RESET_B : -150.284592
[setup in-reg] rst_n -> _88058_/RESET_B : -150.284592
[setup in-reg] rst_n -> _88059_/RESET_B : -150.284592
[setup in-reg] rst_n -> _88060_/RESET_B : -150.284592
[setup in-reg] rst_n -> _88061_/RESET_B : -150.284592
[setup in-reg] rst_n -> _88062_/RESET_B : -150.284592
[setup in-reg] rst_n -> _88063_/RESET_B : -150.284592
[setup in-reg] rst_n -> _88064_/RESET_B : -150.284592
[setup in-reg] rst_n -> _88065_/RESET_B : -150.284592
[setup in-reg] rst_n -> _88066_/RESET_B : -150.284592
[setup in-reg] rst_n -> _88067_/RESET_B : -150.284592
[setup in-reg] rst_n -> _88068_/RESET_B : -150.284592
[setup in-reg] rst_n -> _88069_/RESET_B : -150.284592
[setup in-reg] rst_n -> _88070_/RESET_B : -150.284592
[setup in-reg] rst_n -> _88071_/RESET_B : -150.284592
[setup in-reg] rst_n -> _88072_/RESET_B : -150.284592
[setup in-reg] rst_n -> _88073_/RESET_B : -150.284592
[setup in-reg] rst_n -> _88074_/RESET_B : -150.284592
[setup in-reg] rst_n -> _88075_/RESET_B : -150.284592
[setup in-reg] rst_n -> _88076_/RESET_B : -150.284592
[setup in-reg] rst_n -> _88077_/RESET_B : -150.284592
[setup in-reg] rst_n -> _88078_/RESET_B : -150.284592
[setup in-reg] rst_n -> _88079_/RESET_B : -150.284592
[setup in-reg] rst_n -> _88080_/RESET_B : -150.284592
[setup in-reg] rst_n -> _88081_/RESET_B : -150.284592
[setup in-reg] rst_n -> _88082_/RESET_B : -150.284592
[setup in-reg] rst_n -> _88083_/RESET_B : -150.284592
[setup in-reg] rst_n -> _88084_/RESET_B : -150.284592
[setup in-reg] rst_n -> _88085_/RESET_B : -150.284592
[setup in-reg] rst_n -> _88086_/RESET_B : -150.284592
[setup in-reg] rst_n -> _88087_/RESET_B : -150.284592
[setup in-reg] rst_n -> _88088_/RESET_B : -150.284592
[setup in-reg] rst_n -> _88089_/RESET_B : -150.284592
[setup in-reg] rst_n -> _88090_/RESET_B : -150.284592
[setup in-reg] rst_n -> _88091_/RESET_B : -150.284592
[setup in-reg] rst_n -> _88092_/RESET_B : -150.284592
[setup in-reg] rst_n -> _88093_/RESET_B : -150.284592
[setup in-reg] rst_n -> _88094_/RESET_B : -150.284592
[setup in-reg] rst_n -> _88095_/RESET_B : -150.284592
[setup in-reg] rst_n -> _88096_/RESET_B : -150.284592
[setup in-reg] rst_n -> _88097_/RESET_B : -150.284592
[setup in-reg] rst_n -> _88098_/RESET_B : -150.284592
[setup in-reg] rst_n -> _88099_/RESET_B : -150.284592
[setup in-reg] rst_n -> _88100_/RESET_B : -150.284592
[setup in-reg] rst_n -> _88101_/RESET_B : -150.284592
[setup in-reg] rst_n -> _88102_/RESET_B : -150.284592
[setup in-reg] rst_n -> _88103_/RESET_B : -150.284592
[setup in-reg] rst_n -> _88104_/RESET_B : -150.284592
[setup in-reg] rst_n -> _88105_/RESET_B : -150.284592
[setup in-reg] rst_n -> _88106_/RESET_B : -150.284592
[setup in-reg] rst_n -> _88107_/RESET_B : -150.284592
[setup in-reg] rst_n -> _88108_/RESET_B : -150.284592
[setup in-reg] rst_n -> _88109_/RESET_B : -150.284592
[setup in-reg] rst_n -> _88110_/RESET_B : -150.284592
[setup in-reg] rst_n -> _88111_/RESET_B : -150.284592
[setup in-reg] rst_n -> _88112_/RESET_B : -150.284592
[setup in-reg] rst_n -> _88113_/RESET_B : -150.284592
[setup in-reg] rst_n -> _88114_/RESET_B : -150.284592
[setup in-reg] rst_n -> _88115_/RESET_B : -150.284592
[setup in-reg] rst_n -> _88116_/RESET_B : -150.284592
[setup in-reg] rst_n -> _88117_/RESET_B : -150.284592
[setup in-reg] rst_n -> _88118_/RESET_B : -150.284592
[setup in-reg] rst_n -> _88119_/RESET_B : -150.284592
[setup in-reg] rst_n -> _88120_/RESET_B : -150.284592
[setup in-reg] rst_n -> _88121_/RESET_B : -150.284592
[setup in-reg] rst_n -> _88122_/RESET_B : -150.284592
[setup in-reg] rst_n -> _88123_/RESET_B : -150.284592
[setup in-reg] rst_n -> _88124_/RESET_B : -150.284592
[setup in-reg] rst_n -> _88125_/RESET_B : -150.284592
[setup in-reg] rst_n -> _88126_/RESET_B : -150.284592
[setup in-reg] rst_n -> _88127_/RESET_B : -150.284592
[setup in-reg] rst_n -> _88128_/RESET_B : -150.284592
[setup in-reg] rst_n -> _88129_/RESET_B : -150.284592
[setup in-reg] rst_n -> _88130_/RESET_B : -150.284592
[setup in-reg] rst_n -> _88131_/RESET_B : -150.284592
[setup in-reg] rst_n -> _88132_/RESET_B : -150.284592
[setup in-reg] rst_n -> _88133_/RESET_B : -150.284592
[setup in-reg] rst_n -> _88134_/RESET_B : -150.284592
[setup in-reg] rst_n -> _88135_/RESET_B : -150.284592
[setup in-reg] rst_n -> _88136_/RESET_B : -150.284592
[setup in-reg] rst_n -> _88137_/RESET_B : -150.284592
[setup in-reg] rst_n -> _88138_/RESET_B : -150.284592
[setup in-reg] rst_n -> _88139_/RESET_B : -150.284592
[setup in-reg] rst_n -> _88140_/RESET_B : -150.284592
[setup in-reg] rst_n -> _88141_/RESET_B : -150.284592
[setup in-reg] rst_n -> _88142_/RESET_B : -150.284592
[setup in-reg] rst_n -> _88143_/RESET_B : -150.284592
[setup in-reg] rst_n -> _88144_/RESET_B : -150.284592
[setup in-reg] rst_n -> _88145_/RESET_B : -150.284592
[setup in-reg] rst_n -> _88146_/RESET_B : -150.284592
[setup in-reg] rst_n -> _88147_/RESET_B : -150.284592
[setup in-reg] rst_n -> _88148_/RESET_B : -150.284592
[setup in-reg] rst_n -> _88149_/RESET_B : -150.284592
[setup in-reg] rst_n -> _88150_/RESET_B : -150.284592
[setup in-reg] rst_n -> _88151_/RESET_B : -150.284592
[setup in-reg] rst_n -> _88152_/RESET_B : -150.284592
[setup in-reg] rst_n -> _88153_/RESET_B : -150.284592
[setup in-reg] rst_n -> _88154_/RESET_B : -150.284592
[setup in-reg] rst_n -> _88155_/RESET_B : -150.284592
[setup in-reg] rst_n -> _88156_/RESET_B : -150.284592
[setup in-reg] rst_n -> _88157_/RESET_B : -150.284592
[setup in-reg] rst_n -> _88158_/RESET_B : -150.284592
[setup in-reg] rst_n -> _88159_/RESET_B : -150.284592
[setup in-reg] rst_n -> _88160_/RESET_B : -150.284592
[setup in-reg] rst_n -> _88161_/RESET_B : -150.284592
[setup in-reg] rst_n -> _88162_/RESET_B : -150.284592
[setup in-reg] rst_n -> _88163_/RESET_B : -150.284592
[setup in-reg] rst_n -> _88164_/RESET_B : -150.284592
[setup in-reg] rst_n -> _88165_/RESET_B : -150.284592
[setup in-reg] rst_n -> _88166_/RESET_B : -150.284592
[setup in-reg] rst_n -> _88167_/RESET_B : -150.284592
[setup in-reg] rst_n -> _88168_/RESET_B : -150.284592
[setup in-reg] rst_n -> _88169_/RESET_B : -150.284592
[setup in-reg] rst_n -> _88170_/RESET_B : -150.284592
[setup in-reg] rst_n -> _88171_/RESET_B : -150.284592
[setup in-reg] rst_n -> _88172_/RESET_B : -150.284592
[setup in-reg] rst_n -> _88173_/RESET_B : -150.284592
[setup in-reg] rst_n -> _88174_/RESET_B : -150.284592
[setup in-reg] rst_n -> _88175_/RESET_B : -150.284592
[setup in-reg] rst_n -> _88176_/RESET_B : -150.284592
[setup in-reg] rst_n -> _88177_/RESET_B : -150.284592
[setup in-reg] rst_n -> _88178_/RESET_B : -150.284592
[setup in-reg] rst_n -> _88179_/RESET_B : -150.284592
[setup in-reg] rst_n -> _88180_/RESET_B : -150.284592
[setup in-reg] rst_n -> _88181_/RESET_B : -150.284592
[setup in-reg] rst_n -> _88182_/RESET_B : -150.284592
[setup in-reg] rst_n -> _88183_/RESET_B : -150.284592
[setup in-reg] rst_n -> _88184_/RESET_B : -150.284592
[setup in-reg] rst_n -> _88185_/RESET_B : -150.284592
[setup in-reg] rst_n -> _88186_/RESET_B : -150.284592
[setup in-reg] rst_n -> _88187_/RESET_B : -150.284592
[setup in-reg] rst_n -> _88188_/RESET_B : -150.284592
[setup in-reg] rst_n -> _88189_/RESET_B : -150.284592
[setup in-reg] rst_n -> _88190_/RESET_B : -150.284592
[setup in-reg] rst_n -> _88191_/RESET_B : -150.284592
[setup in-reg] rst_n -> _88192_/RESET_B : -150.284592
[setup in-reg] rst_n -> _88193_/RESET_B : -150.284592
[setup in-reg] rst_n -> _88194_/RESET_B : -150.284592
[setup in-reg] rst_n -> _88195_/RESET_B : -150.284592
[setup in-reg] rst_n -> _88196_/RESET_B : -150.284592
[setup in-reg] rst_n -> _88197_/RESET_B : -150.284592
[setup in-reg] rst_n -> _88198_/RESET_B : -150.284592
[setup in-reg] rst_n -> _88199_/RESET_B : -150.284592
[setup in-reg] rst_n -> _88200_/RESET_B : -150.284592
[setup in-reg] rst_n -> _88201_/RESET_B : -150.284592
[setup in-reg] rst_n -> _88202_/RESET_B : -150.284592
[setup in-reg] rst_n -> _88203_/RESET_B : -150.284592
[setup in-reg] rst_n -> _88204_/RESET_B : -150.284592
[setup in-reg] rst_n -> _88205_/RESET_B : -150.284592
[setup in-reg] rst_n -> _88206_/RESET_B : -150.284592
[setup in-reg] rst_n -> _88207_/RESET_B : -150.284592
[setup in-reg] rst_n -> _88208_/RESET_B : -150.284592
[setup in-reg] rst_n -> _88209_/RESET_B : -150.284592
[setup in-reg] rst_n -> _88210_/RESET_B : -150.284592
[setup in-reg] rst_n -> _88211_/RESET_B : -150.284592
[setup in-reg] rst_n -> _88212_/RESET_B : -150.284592
[setup in-reg] rst_n -> _88213_/RESET_B : -150.284592
[setup in-reg] rst_n -> _88214_/RESET_B : -150.284592
[setup in-reg] rst_n -> _88215_/RESET_B : -150.284592
[setup in-reg] rst_n -> _88216_/RESET_B : -150.284592
[setup in-reg] rst_n -> _88217_/RESET_B : -150.284592
[setup in-reg] rst_n -> _88218_/RESET_B : -150.284592
[setup in-reg] rst_n -> _88219_/RESET_B : -150.284592
[setup in-reg] rst_n -> _88220_/RESET_B : -150.284592
[setup in-reg] rst_n -> _88221_/RESET_B : -150.284592
[setup in-reg] rst_n -> _88222_/RESET_B : -150.284592
[setup in-reg] rst_n -> _88223_/RESET_B : -150.284592
[setup in-reg] rst_n -> _88224_/RESET_B : -150.284592
[setup in-reg] rst_n -> _88225_/RESET_B : -150.284592
[setup in-reg] rst_n -> _88226_/RESET_B : -150.284592
[setup in-reg] rst_n -> _88227_/RESET_B : -150.284592
[setup in-reg] rst_n -> _88228_/RESET_B : -150.284592
[setup in-reg] rst_n -> _88229_/RESET_B : -150.284592
[setup in-reg] rst_n -> _88230_/RESET_B : -150.284592
[setup in-reg] rst_n -> _88231_/RESET_B : -150.284592
[setup in-reg] rst_n -> _88232_/RESET_B : -150.284592
[setup in-reg] rst_n -> _88233_/RESET_B : -150.284592
[setup in-reg] rst_n -> _88234_/RESET_B : -150.284592
[setup in-reg] rst_n -> _88235_/RESET_B : -150.284592
[setup in-reg] rst_n -> _88236_/RESET_B : -150.284592
[setup in-reg] rst_n -> _88237_/RESET_B : -150.284592
[setup in-reg] rst_n -> _88238_/RESET_B : -150.284592
[setup in-reg] rst_n -> _88239_/RESET_B : -150.284592
[setup in-reg] rst_n -> _88240_/RESET_B : -150.284592
[setup in-reg] rst_n -> _88241_/RESET_B : -150.284592
[setup in-reg] rst_n -> _88242_/RESET_B : -150.284592
[setup in-reg] rst_n -> _88243_/RESET_B : -150.284592
[setup in-reg] rst_n -> _88244_/RESET_B : -150.284592
[setup in-reg] rst_n -> _88245_/RESET_B : -150.284592
[setup in-reg] rst_n -> _88246_/RESET_B : -150.284592
[setup in-reg] rst_n -> _88247_/RESET_B : -150.284592
[setup in-reg] rst_n -> _88248_/RESET_B : -150.284592
[setup in-reg] rst_n -> _88249_/RESET_B : -150.284592
[setup in-reg] rst_n -> _88250_/RESET_B : -150.284592
[setup in-reg] rst_n -> _88251_/RESET_B : -150.284592
[setup in-reg] rst_n -> _88252_/RESET_B : -150.284592
[setup in-reg] rst_n -> _88253_/RESET_B : -150.284592
[setup in-reg] rst_n -> _88254_/RESET_B : -150.284592
[setup in-reg] rst_n -> _88255_/RESET_B : -150.284592
[setup in-reg] rst_n -> _88256_/RESET_B : -150.284592
[setup in-reg] rst_n -> _88257_/RESET_B : -150.284592
[setup in-reg] rst_n -> _88258_/RESET_B : -150.284592
[setup in-reg] rst_n -> _88259_/RESET_B : -150.284592
[setup in-reg] rst_n -> _88260_/RESET_B : -150.284592
[setup in-reg] rst_n -> _88261_/RESET_B : -150.284592
[setup in-reg] rst_n -> _88262_/RESET_B : -150.284592
[setup in-reg] rst_n -> _88263_/RESET_B : -150.284592
[setup in-reg] rst_n -> _88264_/RESET_B : -150.284592
[setup in-reg] rst_n -> _88265_/RESET_B : -150.284592
[setup in-reg] rst_n -> _88266_/RESET_B : -150.284592
[setup in-reg] rst_n -> _88267_/RESET_B : -150.284592
[setup in-reg] rst_n -> _88268_/RESET_B : -150.284592
[setup in-reg] rst_n -> _88269_/RESET_B : -150.284592
[setup in-reg] rst_n -> _88270_/RESET_B : -150.284592
[setup in-reg] rst_n -> _88271_/RESET_B : -150.284592
[setup in-reg] rst_n -> _88272_/RESET_B : -150.284592
[setup in-reg] rst_n -> _88273_/RESET_B : -150.284592
[setup in-reg] rst_n -> _88274_/RESET_B : -150.284592
[setup in-reg] rst_n -> _88275_/RESET_B : -150.284592
[setup in-reg] rst_n -> _88276_/RESET_B : -150.284592
[setup in-reg] rst_n -> _88277_/RESET_B : -150.284592
[setup in-reg] rst_n -> _88278_/RESET_B : -150.284592
[setup in-reg] rst_n -> _88279_/RESET_B : -150.284592
[setup in-reg] rst_n -> _88280_/RESET_B : -150.284592
[setup in-reg] rst_n -> _88281_/RESET_B : -150.284592
[setup in-reg] rst_n -> _88282_/RESET_B : -150.284592
[setup in-reg] rst_n -> _88283_/RESET_B : -150.284592
[setup in-reg] rst_n -> _88284_/RESET_B : -150.284592
[setup in-reg] rst_n -> _88285_/RESET_B : -150.284592
[setup in-reg] rst_n -> _88286_/RESET_B : -150.284592
[setup in-reg] rst_n -> _88287_/RESET_B : -150.284592
[setup in-reg] rst_n -> _88288_/RESET_B : -150.284592
[setup in-reg] rst_n -> _88289_/RESET_B : -150.284592
[setup in-reg] rst_n -> _88290_/RESET_B : -150.284592
[setup in-reg] rst_n -> _88291_/RESET_B : -150.284592
[setup in-reg] rst_n -> _88292_/RESET_B : -150.284592
[setup in-reg] rst_n -> _88293_/RESET_B : -150.284592
[setup in-reg] rst_n -> _88294_/RESET_B : -150.284592
[setup in-reg] rst_n -> _88295_/RESET_B : -150.284592
[setup in-reg] rst_n -> _88296_/RESET_B : -150.284592
[setup in-reg] rst_n -> _88297_/RESET_B : -150.284592
[setup in-reg] rst_n -> _88298_/RESET_B : -150.284592
[setup in-reg] rst_n -> _88299_/RESET_B : -150.284592
[setup in-reg] rst_n -> _88300_/RESET_B : -150.284592
[setup in-reg] rst_n -> _88301_/RESET_B : -150.284592
[setup in-reg] rst_n -> _88302_/RESET_B : -150.284592
[setup in-reg] rst_n -> _88303_/RESET_B : -150.284592
[setup in-reg] rst_n -> _88304_/RESET_B : -150.284592
[setup in-reg] rst_n -> _88305_/RESET_B : -150.284592
[setup in-reg] rst_n -> _88306_/RESET_B : -150.284592
[setup in-reg] rst_n -> _88307_/RESET_B : -150.284592
[setup in-reg] rst_n -> _88308_/RESET_B : -150.284592
[setup in-reg] rst_n -> _88309_/RESET_B : -150.284592
[setup in-reg] rst_n -> _88310_/RESET_B : -150.284592
[setup in-reg] rst_n -> _88311_/RESET_B : -150.284592
[setup in-reg] rst_n -> _88312_/RESET_B : -150.284592
[setup in-reg] rst_n -> _88313_/RESET_B : -150.284592
[setup in-reg] rst_n -> _88314_/RESET_B : -150.284592
[setup in-reg] rst_n -> _88315_/RESET_B : -150.284592
[setup in-reg] rst_n -> _88316_/RESET_B : -150.284592
[setup in-reg] rst_n -> _88317_/RESET_B : -150.284592
[setup in-reg] rst_n -> _88318_/RESET_B : -150.284592
[setup in-reg] rst_n -> _88319_/RESET_B : -150.284592
[setup in-reg] rst_n -> _88320_/RESET_B : -150.284592
[setup in-reg] rst_n -> _88321_/RESET_B : -150.284592
[setup in-reg] rst_n -> _88322_/RESET_B : -150.284592
[setup in-reg] rst_n -> _88323_/RESET_B : -150.284592
[setup in-reg] rst_n -> _88324_/RESET_B : -150.284592
[setup in-reg] rst_n -> _88325_/RESET_B : -150.284592
[setup in-reg] rst_n -> _88326_/RESET_B : -150.284592
[setup in-reg] rst_n -> _88327_/RESET_B : -150.284592
[setup in-reg] rst_n -> _88328_/RESET_B : -150.284592
[setup in-reg] rst_n -> _88329_/RESET_B : -150.284592
[setup in-reg] rst_n -> _88330_/RESET_B : -150.284592
[setup in-reg] rst_n -> _88331_/RESET_B : -150.284592
[setup in-reg] rst_n -> _88332_/RESET_B : -150.284592
[setup in-reg] rst_n -> _88333_/RESET_B : -150.284592
[setup in-reg] rst_n -> _88334_/RESET_B : -150.284592
[setup in-reg] rst_n -> _88335_/RESET_B : -150.284592
[setup in-reg] rst_n -> _88336_/RESET_B : -150.284592
[setup in-reg] rst_n -> _88337_/RESET_B : -150.284592
[setup in-reg] rst_n -> _88338_/RESET_B : -150.284592
[setup in-reg] rst_n -> _88339_/RESET_B : -150.284592
[setup in-reg] rst_n -> _88340_/RESET_B : -150.284592
[setup in-reg] rst_n -> _88341_/RESET_B : -150.284592
[setup in-reg] rst_n -> _88342_/RESET_B : -150.284592
[setup in-reg] rst_n -> _88343_/RESET_B : -150.284592
[setup in-reg] rst_n -> _88344_/RESET_B : -150.284592
[setup in-reg] rst_n -> _88345_/RESET_B : -150.284592
[setup in-reg] rst_n -> _88346_/RESET_B : -150.284592
[setup in-reg] rst_n -> _88347_/RESET_B : -150.284592
[setup in-reg] rst_n -> _88348_/RESET_B : -150.284592
[setup in-reg] rst_n -> _88349_/RESET_B : -150.284592
[setup in-reg] rst_n -> _88350_/RESET_B : -150.284592
[setup in-reg] rst_n -> _88351_/RESET_B : -150.284592
[setup in-reg] rst_n -> _88352_/RESET_B : -150.284592
[setup in-reg] rst_n -> _88353_/RESET_B : -150.284592
[setup in-reg] rst_n -> _88354_/RESET_B : -150.284592
[setup in-reg] rst_n -> _88355_/RESET_B : -150.284592
[setup in-reg] rst_n -> _88356_/RESET_B : -150.284592
[setup in-reg] rst_n -> _88357_/RESET_B : -150.284592
[setup in-reg] rst_n -> _88358_/RESET_B : -150.284592
[setup in-reg] rst_n -> _88359_/RESET_B : -150.284592
[setup in-reg] rst_n -> _88360_/RESET_B : -150.284592
[setup in-reg] rst_n -> _88361_/RESET_B : -150.284592
[setup in-reg] rst_n -> _88362_/RESET_B : -150.284592
[setup in-reg] rst_n -> _88363_/RESET_B : -150.284592
[setup in-reg] rst_n -> _88364_/RESET_B : -150.284592
[setup in-reg] rst_n -> _88365_/RESET_B : -150.284592
[setup in-reg] rst_n -> _88366_/RESET_B : -150.284592
[setup in-reg] rst_n -> _88367_/RESET_B : -150.284592
[setup in-reg] rst_n -> _88368_/RESET_B : -150.284592
[setup in-reg] rst_n -> _88369_/RESET_B : -150.284592
[setup in-reg] rst_n -> _88370_/RESET_B : -150.284592
[setup in-reg] rst_n -> _88371_/RESET_B : -150.284592
[setup in-reg] rst_n -> _88372_/RESET_B : -150.284592
[setup in-reg] rst_n -> _88373_/RESET_B : -150.284592
[setup in-reg] rst_n -> _88374_/RESET_B : -150.284592
[setup in-reg] rst_n -> _88375_/RESET_B : -150.284592
[setup in-reg] rst_n -> _88376_/RESET_B : -150.284592
[setup in-reg] rst_n -> _88377_/RESET_B : -150.284592
[setup in-reg] rst_n -> _88378_/RESET_B : -150.284592
[setup in-reg] rst_n -> _88379_/RESET_B : -150.284592
[setup in-reg] rst_n -> _88380_/RESET_B : -150.284592
[setup in-reg] rst_n -> _88381_/RESET_B : -150.284592
[setup in-reg] rst_n -> _88382_/RESET_B : -150.284592
[setup in-reg] rst_n -> _88383_/RESET_B : -150.284592
[setup in-reg] rst_n -> _88384_/RESET_B : -150.284592
[setup in-reg] rst_n -> _88385_/RESET_B : -150.284592
[setup in-reg] rst_n -> _88386_/RESET_B : -150.284592
[setup in-reg] rst_n -> _88387_/RESET_B : -150.284592
[setup in-reg] rst_n -> _88388_/RESET_B : -150.284592
[setup in-reg] rst_n -> _88389_/RESET_B : -150.284592
[setup in-reg] rst_n -> _88390_/RESET_B : -150.284592
[setup in-reg] rst_n -> _88391_/RESET_B : -150.284592
[setup in-reg] rst_n -> _88392_/RESET_B : -150.284592
[setup in-reg] rst_n -> _88393_/RESET_B : -150.284592
[setup in-reg] rst_n -> _88394_/RESET_B : -150.284592
[setup in-reg] rst_n -> _88395_/RESET_B : -150.284592
[setup in-reg] rst_n -> _88396_/RESET_B : -150.284592
[setup in-reg] rst_n -> _88397_/RESET_B : -150.284592
[setup in-reg] rst_n -> _88398_/RESET_B : -150.284592
[setup in-reg] rst_n -> _88399_/RESET_B : -150.284592
[setup in-reg] rst_n -> _88400_/RESET_B : -150.284592
[setup in-reg] rst_n -> _88401_/RESET_B : -150.284592
[setup in-reg] rst_n -> _88402_/RESET_B : -150.284592
[setup in-reg] rst_n -> _88403_/RESET_B : -150.284592
[setup in-reg] rst_n -> _88404_/RESET_B : -150.284592
[setup in-reg] rst_n -> _88405_/RESET_B : -150.284592
[setup in-reg] rst_n -> _88406_/RESET_B : -150.284592
[setup in-reg] rst_n -> _88407_/RESET_B : -150.284592
[setup in-reg] rst_n -> _88408_/RESET_B : -150.284592
[setup in-reg] rst_n -> _88409_/RESET_B : -150.284592
[setup in-reg] rst_n -> _88410_/RESET_B : -150.284592
[setup in-reg] rst_n -> _88411_/RESET_B : -150.284592
[setup in-reg] rst_n -> _88412_/RESET_B : -150.284592
[setup in-reg] rst_n -> _88413_/RESET_B : -150.284592
[setup in-reg] rst_n -> _88414_/RESET_B : -150.284592
[setup in-reg] rst_n -> _88415_/RESET_B : -150.284592
[setup in-reg] rst_n -> _88416_/RESET_B : -150.284592
[setup in-reg] rst_n -> _88417_/RESET_B : -150.284592
[setup in-reg] rst_n -> _88418_/RESET_B : -150.284592
[setup in-reg] rst_n -> _88419_/RESET_B : -150.284592
[setup in-reg] rst_n -> _88420_/RESET_B : -150.284592
[setup in-reg] rst_n -> _88421_/RESET_B : -150.284592
[setup in-reg] rst_n -> _88422_/RESET_B : -150.284592
[setup in-reg] rst_n -> _88423_/RESET_B : -150.284592
[setup in-reg] rst_n -> _88424_/RESET_B : -150.284592
[setup in-reg] rst_n -> _88425_/RESET_B : -150.284592
[setup in-reg] rst_n -> _88426_/RESET_B : -150.284592
[setup in-reg] rst_n -> _88427_/RESET_B : -150.284592
[setup in-reg] rst_n -> _88428_/RESET_B : -150.284592
[setup in-reg] rst_n -> _88429_/RESET_B : -150.284592
[setup in-reg] rst_n -> _88430_/RESET_B : -150.284592
[setup in-reg] rst_n -> _88431_/RESET_B : -150.284592
[setup in-reg] rst_n -> _88432_/RESET_B : -150.284592
[setup in-reg] rst_n -> _88433_/RESET_B : -150.284592
[setup in-reg] rst_n -> _88434_/RESET_B : -150.284592
[setup in-reg] rst_n -> _88435_/RESET_B : -150.284592
[setup in-reg] rst_n -> _88436_/RESET_B : -150.284592
[setup in-reg] rst_n -> _88437_/RESET_B : -150.284592
[setup in-reg] rst_n -> _88438_/RESET_B : -150.284592
[setup in-reg] rst_n -> _88439_/RESET_B : -150.284592
[setup in-reg] rst_n -> _88440_/RESET_B : -150.284592
[setup in-reg] rst_n -> _88441_/RESET_B : -150.284592
[setup in-reg] rst_n -> _88442_/RESET_B : -150.284592
[setup in-reg] rst_n -> _88443_/RESET_B : -150.284592
[setup in-reg] rst_n -> _88444_/RESET_B : -150.284592
[setup in-reg] rst_n -> _88445_/RESET_B : -150.284592
[setup in-reg] rst_n -> _88446_/RESET_B : -150.284592
[setup in-reg] rst_n -> _88447_/RESET_B : -150.284592
[setup in-reg] rst_n -> _88448_/RESET_B : -150.284592
[setup in-reg] rst_n -> _88449_/RESET_B : -150.284592
[setup in-reg] rst_n -> _88450_/RESET_B : -150.284592
[setup in-reg] rst_n -> _88451_/RESET_B : -150.284592
[setup in-reg] rst_n -> _88452_/RESET_B : -150.284592
[setup in-reg] rst_n -> _88453_/RESET_B : -150.284592
[setup in-reg] rst_n -> _88454_/RESET_B : -150.284592
[setup in-reg] rst_n -> _88455_/RESET_B : -150.284592
[setup in-reg] rst_n -> _88456_/RESET_B : -150.284592
[setup in-reg] rst_n -> _88457_/RESET_B : -150.284592
[setup in-reg] rst_n -> _88458_/RESET_B : -150.284592
[setup in-reg] rst_n -> _88459_/RESET_B : -150.284592
[setup in-reg] rst_n -> _88460_/RESET_B : -150.284592
[setup in-reg] rst_n -> _88461_/RESET_B : -150.284592
[setup in-reg] rst_n -> _88462_/RESET_B : -150.284592
[setup in-reg] rst_n -> _88463_/RESET_B : -150.284592
[setup in-reg] rst_n -> _88464_/RESET_B : -150.284592
[setup in-reg] rst_n -> _88465_/RESET_B : -150.284592
[setup in-reg] rst_n -> _88466_/RESET_B : -150.284592
[setup in-reg] rst_n -> _88467_/RESET_B : -150.284592
[setup in-reg] rst_n -> _88468_/RESET_B : -150.284592
[setup in-reg] rst_n -> _88469_/RESET_B : -150.284592
[setup in-reg] rst_n -> _88470_/RESET_B : -150.284592
[setup in-reg] rst_n -> _88471_/RESET_B : -150.284592
[setup in-reg] rst_n -> _88472_/RESET_B : -150.284592
[setup in-reg] rst_n -> _88473_/RESET_B : -150.284592
[setup in-reg] rst_n -> _88474_/RESET_B : -150.284592
[setup in-reg] rst_n -> _88475_/RESET_B : -150.284592
[setup in-reg] rst_n -> _88476_/RESET_B : -150.284592
[setup in-reg] rst_n -> _88477_/RESET_B : -150.284592
[setup in-reg] rst_n -> _88478_/RESET_B : -150.284592
[setup in-reg] rst_n -> _88479_/RESET_B : -150.284592
[setup in-reg] rst_n -> _88480_/RESET_B : -150.284592
[setup in-reg] rst_n -> _88481_/RESET_B : -150.284592
[setup in-reg] rst_n -> _88482_/RESET_B : -150.284592
[setup in-reg] rst_n -> _88483_/RESET_B : -150.284592
[setup in-reg] rst_n -> _88484_/RESET_B : -150.284592
[setup in-reg] rst_n -> _88485_/RESET_B : -150.284592
[setup in-reg] rst_n -> _88486_/RESET_B : -150.284592
[setup in-reg] rst_n -> _88487_/RESET_B : -150.284592
[setup in-reg] rst_n -> _88488_/RESET_B : -150.284592
[setup in-reg] rst_n -> _88489_/RESET_B : -150.284592
[setup in-reg] rst_n -> _88490_/RESET_B : -150.284592
[setup in-reg] rst_n -> _88491_/RESET_B : -150.284592
[setup in-reg] rst_n -> _88492_/RESET_B : -150.284592
[setup in-reg] rst_n -> _88493_/RESET_B : -150.284592
[setup in-reg] rst_n -> _88494_/RESET_B : -150.284592
[setup in-reg] rst_n -> _88495_/RESET_B : -150.284592
[setup in-reg] rst_n -> _88496_/RESET_B : -150.284592
[setup in-reg] rst_n -> _88497_/RESET_B : -150.284592
[setup in-reg] rst_n -> _88498_/RESET_B : -150.284592
[setup in-reg] rst_n -> _88499_/RESET_B : -150.284592
[setup in-reg] rst_n -> _88500_/RESET_B : -150.284592
[setup in-reg] rst_n -> _88501_/RESET_B : -150.284592
[setup in-reg] rst_n -> _88502_/RESET_B : -150.284592
[setup in-reg] rst_n -> _88503_/RESET_B : -150.284592
[setup in-reg] rst_n -> _88504_/RESET_B : -150.284592
[setup in-reg] rst_n -> _88505_/RESET_B : -150.284592
[setup in-reg] rst_n -> _88506_/RESET_B : -150.284592
[setup in-reg] rst_n -> _88507_/RESET_B : -150.284592
[setup in-reg] rst_n -> _88508_/RESET_B : -150.284592
[setup in-reg] rst_n -> _88509_/RESET_B : -150.284592
[setup in-reg] rst_n -> _88510_/RESET_B : -150.284592
[setup in-reg] rst_n -> _88511_/RESET_B : -150.284592
[setup in-reg] rst_n -> _88512_/RESET_B : -150.284592
[setup in-reg] rst_n -> _88513_/RESET_B : -150.284592
[setup in-reg] rst_n -> _88514_/RESET_B : -150.284592
[setup in-reg] rst_n -> _88515_/RESET_B : -150.284592
[setup in-reg] rst_n -> _88516_/RESET_B : -150.284592
[setup in-reg] rst_n -> _88517_/RESET_B : -150.284592
[setup in-reg] rst_n -> _88518_/RESET_B : -150.284592
[setup in-reg] rst_n -> _88519_/RESET_B : -150.284592
[setup in-reg] rst_n -> _88520_/RESET_B : -150.284592
[setup in-reg] rst_n -> _88521_/RESET_B : -150.284592
[setup in-reg] rst_n -> _88522_/RESET_B : -150.284592
[setup in-reg] rst_n -> _88523_/RESET_B : -150.284592
[setup in-reg] rst_n -> _88524_/RESET_B : -150.284592
[setup in-reg] rst_n -> _88525_/RESET_B : -150.284592
[setup in-reg] rst_n -> _88526_/RESET_B : -150.284592
[setup in-reg] rst_n -> _88527_/RESET_B : -150.284592
[setup in-reg] rst_n -> _88528_/RESET_B : -150.284592
[setup in-reg] rst_n -> _88529_/RESET_B : -150.284592
[setup in-reg] rst_n -> _88530_/RESET_B : -150.284592
[setup in-reg] rst_n -> _88531_/RESET_B : -150.284592
[setup in-reg] rst_n -> _88532_/RESET_B : -150.284592
[setup in-reg] rst_n -> _88533_/RESET_B : -150.284592
[setup in-reg] rst_n -> _88534_/RESET_B : -150.284592
[setup in-reg] rst_n -> _88535_/RESET_B : -150.284592
[setup in-reg] rst_n -> _88536_/RESET_B : -150.284592
[setup in-reg] rst_n -> _88537_/RESET_B : -150.284592
[setup in-reg] rst_n -> _88538_/RESET_B : -150.284592
[setup in-reg] rst_n -> _88539_/RESET_B : -150.284592
[setup in-reg] rst_n -> _88540_/RESET_B : -150.284592
[setup in-reg] rst_n -> _88541_/RESET_B : -150.284592
[setup in-reg] rst_n -> _88542_/RESET_B : -150.284592
[setup in-reg] rst_n -> _88543_/RESET_B : -150.284592
[setup in-reg] rst_n -> _88544_/RESET_B : -150.284592
[setup in-reg] rst_n -> _88545_/RESET_B : -150.284592
[setup in-reg] rst_n -> _88546_/RESET_B : -150.284592
[setup in-reg] rst_n -> _88547_/RESET_B : -150.284592
[setup in-reg] rst_n -> _88548_/RESET_B : -150.284592
[setup in-reg] rst_n -> _88549_/RESET_B : -150.284592
[setup in-reg] rst_n -> _88550_/RESET_B : -150.284592
[setup in-reg] rst_n -> _88551_/RESET_B : -150.284592
[setup in-reg] rst_n -> _88552_/RESET_B : -150.284592
[setup in-reg] rst_n -> _88553_/RESET_B : -150.284592
[setup in-reg] rst_n -> _88554_/RESET_B : -150.284592
[setup in-reg] rst_n -> _88555_/RESET_B : -150.284592
[setup in-reg] rst_n -> _88556_/RESET_B : -150.284592
[setup in-reg] rst_n -> _88557_/RESET_B : -150.284592
[setup in-reg] rst_n -> _88558_/RESET_B : -150.284592
[setup in-reg] rst_n -> _88559_/RESET_B : -150.284592
[setup in-reg] rst_n -> _88560_/RESET_B : -150.284592
[setup in-reg] rst_n -> _88561_/RESET_B : -150.284592
[setup in-reg] rst_n -> _88562_/RESET_B : -150.284592
[setup in-reg] rst_n -> _88563_/RESET_B : -150.284592
[setup in-reg] rst_n -> _88564_/RESET_B : -150.284592
[setup in-reg] rst_n -> _88565_/RESET_B : -150.284592
[setup in-reg] rst_n -> _88566_/RESET_B : -150.284592
[setup in-reg] rst_n -> _88567_/RESET_B : -150.284592
[setup in-reg] rst_n -> _88568_/RESET_B : -150.284592
[setup in-reg] rst_n -> _88569_/RESET_B : -150.284592
[setup in-reg] rst_n -> _88570_/RESET_B : -150.284592
[setup in-reg] rst_n -> _88571_/RESET_B : -150.284592
[setup in-reg] rst_n -> _88572_/RESET_B : -150.284592
[setup in-reg] rst_n -> _88573_/RESET_B : -150.284592
[setup in-reg] rst_n -> _88574_/RESET_B : -150.284592
[setup in-reg] rst_n -> _88575_/RESET_B : -150.284592
[setup in-reg] rst_n -> _88576_/RESET_B : -150.284592
[setup in-reg] rst_n -> _88577_/RESET_B : -150.284592
[setup in-reg] rst_n -> _88578_/RESET_B : -150.284592
[setup in-reg] rst_n -> _88579_/RESET_B : -150.284592
[setup in-reg] rst_n -> _88580_/RESET_B : -150.284592
[setup in-reg] rst_n -> _88581_/RESET_B : -150.284592
[setup in-reg] rst_n -> _88582_/RESET_B : -150.284592
[setup in-reg] rst_n -> _88583_/RESET_B : -150.284592
[setup in-reg] rst_n -> _88584_/RESET_B : -150.284592
[setup in-reg] rst_n -> _88585_/RESET_B : -150.284592
[setup in-reg] rst_n -> _88586_/RESET_B : -150.284592
[setup in-reg] rst_n -> _88587_/RESET_B : -150.284592
[setup in-reg] rst_n -> _88588_/RESET_B : -150.284592
[setup in-reg] rst_n -> _88589_/RESET_B : -150.284592
[setup in-reg] rst_n -> _88590_/RESET_B : -150.284592
[setup in-reg] rst_n -> _88591_/RESET_B : -150.284592
[setup in-reg] rst_n -> _88592_/RESET_B : -150.284592
[setup in-reg] rst_n -> _88593_/RESET_B : -150.284592
[setup in-reg] rst_n -> _88594_/RESET_B : -150.284592
[setup in-reg] rst_n -> _88595_/RESET_B : -150.284592
[setup in-reg] rst_n -> _88596_/RESET_B : -150.284592
[setup in-reg] rst_n -> _88597_/RESET_B : -150.284592
[setup in-reg] rst_n -> _88598_/RESET_B : -150.284592
[setup in-reg] rst_n -> _88599_/RESET_B : -150.284592
[setup in-reg] rst_n -> _88600_/RESET_B : -150.284592
[setup in-reg] rst_n -> _88601_/RESET_B : -150.284592
[setup in-reg] rst_n -> _88602_/RESET_B : -150.284592
[setup in-reg] rst_n -> _88603_/RESET_B : -150.284592
[setup in-reg] rst_n -> _88604_/RESET_B : -150.284592
[setup in-reg] rst_n -> _88605_/RESET_B : -150.284592
[setup in-reg] rst_n -> _88606_/RESET_B : -150.284592
[setup in-reg] rst_n -> _88607_/RESET_B : -150.284592
[setup in-reg] rst_n -> _88608_/RESET_B : -150.284592
[setup in-reg] rst_n -> _88609_/RESET_B : -150.284592
[setup in-reg] rst_n -> _88610_/RESET_B : -150.284592
[setup in-reg] rst_n -> _88611_/RESET_B : -150.284592
[setup in-reg] rst_n -> _88612_/RESET_B : -150.284592
[setup in-reg] rst_n -> _88613_/RESET_B : -150.284592
[setup in-reg] rst_n -> _88614_/RESET_B : -150.284592
[setup in-reg] rst_n -> _88615_/RESET_B : -150.284592
[setup in-reg] rst_n -> _88616_/RESET_B : -150.284592
[setup in-reg] rst_n -> _88617_/RESET_B : -150.284592
[setup in-reg] rst_n -> _88618_/RESET_B : -150.284592
[setup in-reg] rst_n -> _88619_/RESET_B : -150.284592
[setup in-reg] rst_n -> _88620_/RESET_B : -150.284592
[setup in-reg] rst_n -> _88621_/RESET_B : -150.284592
[setup in-reg] rst_n -> _88622_/RESET_B : -150.284592
[setup in-reg] rst_n -> _88623_/RESET_B : -150.284592
[setup in-reg] rst_n -> _88624_/RESET_B : -150.284592
[setup in-reg] rst_n -> _88625_/RESET_B : -150.284592
[setup in-reg] rst_n -> _88626_/RESET_B : -150.284592
[setup in-reg] rst_n -> _88627_/RESET_B : -150.284592
[setup in-reg] rst_n -> _88628_/RESET_B : -150.284592
[setup in-reg] rst_n -> _88629_/RESET_B : -150.284592
[setup in-reg] rst_n -> _88630_/RESET_B : -150.284592
[setup in-reg] rst_n -> _88631_/RESET_B : -150.284592
[setup in-reg] rst_n -> _88632_/RESET_B : -150.284592
[setup in-reg] rst_n -> _88633_/RESET_B : -150.284592
[setup in-reg] rst_n -> _88634_/RESET_B : -150.284592
[setup in-reg] rst_n -> _88635_/RESET_B : -150.284592
[setup in-reg] rst_n -> _88636_/RESET_B : -150.284592
[setup in-reg] rst_n -> _88637_/RESET_B : -150.284592
[setup in-reg] rst_n -> _88638_/RESET_B : -150.284592
[setup in-reg] rst_n -> _88639_/RESET_B : -150.284592
[setup in-reg] rst_n -> _88640_/RESET_B : -150.284592
[setup in-reg] rst_n -> _88641_/RESET_B : -150.284592
[setup in-reg] rst_n -> _88642_/RESET_B : -150.284592
[setup in-reg] rst_n -> _88643_/RESET_B : -150.284592
[setup in-reg] rst_n -> _88644_/RESET_B : -150.284592
[setup in-reg] rst_n -> _88645_/RESET_B : -150.284592
[setup in-reg] rst_n -> _88646_/RESET_B : -150.284592
[setup in-reg] rst_n -> _88647_/RESET_B : -150.284592
[setup in-reg] rst_n -> _88648_/RESET_B : -150.284592
[setup in-reg] rst_n -> _88649_/RESET_B : -150.284592
[setup in-reg] rst_n -> _88650_/RESET_B : -150.284592
[setup in-reg] rst_n -> _88651_/RESET_B : -150.284592
[setup in-reg] rst_n -> _88652_/RESET_B : -150.284592
[setup in-reg] rst_n -> _88653_/RESET_B : -150.284592
[setup in-reg] rst_n -> _88654_/RESET_B : -150.284592
[setup in-reg] rst_n -> _88655_/RESET_B : -150.284592
[setup in-reg] rst_n -> _88656_/RESET_B : -150.284592
[setup in-reg] rst_n -> _88657_/RESET_B : -150.284592
[setup in-reg] rst_n -> _88658_/RESET_B : -150.284592
[setup in-reg] rst_n -> _88659_/RESET_B : -150.284592
[setup in-reg] rst_n -> _88660_/RESET_B : -150.284592
[setup in-reg] rst_n -> _88661_/RESET_B : -150.284592
[setup in-reg] rst_n -> _88662_/RESET_B : -150.284592
[setup in-reg] rst_n -> _88663_/RESET_B : -150.284592
[setup in-reg] rst_n -> _88664_/RESET_B : -150.284592
[setup in-reg] rst_n -> _88665_/RESET_B : -150.284592
[setup in-reg] rst_n -> _88666_/RESET_B : -150.284592
[setup in-reg] rst_n -> _88667_/RESET_B : -150.284592
[setup in-reg] rst_n -> _88668_/RESET_B : -150.284592
[setup in-reg] rst_n -> _88669_/RESET_B : -150.284592
[setup in-reg] rst_n -> _88670_/RESET_B : -150.284592
[setup in-reg] rst_n -> _88671_/RESET_B : -150.284592
[setup in-reg] rst_n -> _88672_/RESET_B : -150.284592
[setup in-reg] rst_n -> _88673_/RESET_B : -150.284592
[setup in-reg] rst_n -> _88674_/RESET_B : -150.284592
[setup in-reg] rst_n -> _88675_/RESET_B : -150.284592
[setup in-reg] rst_n -> _88676_/RESET_B : -150.284592
[setup in-reg] rst_n -> _88677_/RESET_B : -150.284592
[setup in-reg] rst_n -> _88678_/RESET_B : -150.284592
[setup in-reg] rst_n -> _88679_/RESET_B : -150.284592
[setup in-reg] rst_n -> _88680_/RESET_B : -150.284592
[setup in-reg] rst_n -> _88681_/RESET_B : -150.284592
[setup in-reg] rst_n -> _88682_/RESET_B : -150.284592
[setup in-reg] rst_n -> _88683_/RESET_B : -150.284592
[setup in-reg] rst_n -> _88684_/RESET_B : -150.284592
[setup in-reg] rst_n -> _88685_/RESET_B : -150.284592
[setup in-reg] rst_n -> _88686_/RESET_B : -150.284592
[setup in-reg] rst_n -> _88687_/RESET_B : -150.284592
[setup in-reg] rst_n -> _88688_/RESET_B : -150.284592
[setup in-reg] rst_n -> _88689_/RESET_B : -150.284592
[setup in-reg] rst_n -> _88690_/RESET_B : -150.284592
[setup in-reg] rst_n -> _88691_/RESET_B : -150.284592
[setup in-reg] rst_n -> _88692_/RESET_B : -150.284592
[setup in-reg] rst_n -> _88693_/RESET_B : -150.284592
[setup in-reg] rst_n -> _88694_/RESET_B : -150.284592
[setup in-reg] rst_n -> _88695_/RESET_B : -150.284592
[setup in-reg] rst_n -> _88696_/RESET_B : -150.284592
[setup in-reg] rst_n -> _88697_/RESET_B : -150.284592
[setup in-reg] rst_n -> _88698_/RESET_B : -150.284592
[setup in-reg] rst_n -> _88699_/RESET_B : -150.284592
[setup in-reg] rst_n -> _88700_/RESET_B : -150.284592
[setup in-reg] rst_n -> _88701_/RESET_B : -150.284592
[setup in-reg] rst_n -> _88702_/RESET_B : -150.284592
[setup in-reg] rst_n -> _88703_/RESET_B : -150.284592
[setup in-reg] rst_n -> _88704_/RESET_B : -150.284592
[setup in-reg] rst_n -> _88705_/RESET_B : -150.284592
[setup in-reg] rst_n -> _88706_/RESET_B : -150.284592
[setup in-reg] rst_n -> _88707_/RESET_B : -150.284592
[setup in-reg] rst_n -> _88708_/RESET_B : -150.284592
[setup in-reg] rst_n -> _88709_/RESET_B : -150.284592
[setup in-reg] rst_n -> _88710_/RESET_B : -150.284592
[setup in-reg] rst_n -> _88711_/RESET_B : -150.284592
[setup in-reg] rst_n -> _88712_/RESET_B : -150.284592
[setup in-reg] rst_n -> _88713_/RESET_B : -150.284592
[setup in-reg] rst_n -> _88714_/RESET_B : -150.284592
[setup in-reg] rst_n -> _88715_/RESET_B : -150.284592
[setup in-reg] rst_n -> _88716_/RESET_B : -150.284592
[setup in-reg] rst_n -> _88717_/RESET_B : -150.284592
[setup in-reg] rst_n -> _88718_/RESET_B : -150.284592
[setup in-reg] rst_n -> _88719_/RESET_B : -150.284592
[setup in-reg] rst_n -> _88720_/RESET_B : -150.284592
[setup in-reg] rst_n -> _88721_/RESET_B : -150.284592
[setup in-reg] rst_n -> _88722_/RESET_B : -150.284592
[setup in-reg] rst_n -> _88723_/RESET_B : -150.284592
[setup in-reg] rst_n -> _88724_/RESET_B : -150.284592
[setup in-reg] rst_n -> _88725_/RESET_B : -150.284592
[setup in-reg] rst_n -> _88726_/RESET_B : -150.284592
[setup in-reg] rst_n -> _88727_/RESET_B : -150.284592
[setup in-reg] rst_n -> _88728_/RESET_B : -150.284592
[setup in-reg] rst_n -> _88729_/RESET_B : -150.284592
[setup in-reg] rst_n -> _88730_/RESET_B : -150.284592
[setup in-reg] rst_n -> _88731_/RESET_B : -150.284592
[setup in-reg] rst_n -> _88732_/RESET_B : -150.284592
[setup in-reg] rst_n -> _88733_/RESET_B : -150.284592
[setup in-reg] rst_n -> _88734_/RESET_B : -150.284592
[setup in-reg] rst_n -> _88735_/RESET_B : -150.284592
[setup in-reg] rst_n -> _88736_/RESET_B : -150.284592
[setup in-reg] rst_n -> _88737_/RESET_B : -150.284592
[setup in-reg] rst_n -> _88738_/RESET_B : -150.284592
[setup in-reg] rst_n -> _88739_/RESET_B : -150.284592
[setup in-reg] rst_n -> _88740_/RESET_B : -150.284592
[setup in-reg] rst_n -> _88741_/RESET_B : -150.284592
[setup in-reg] rst_n -> _88742_/RESET_B : -150.284592
[setup in-reg] rst_n -> _88743_/RESET_B : -150.284592
[setup in-reg] rst_n -> _88744_/RESET_B : -150.284592
[setup in-reg] rst_n -> _88745_/RESET_B : -150.284592
[setup in-reg] rst_n -> _88746_/RESET_B : -150.284592
[setup in-reg] rst_n -> _88747_/RESET_B : -150.284592
[setup in-reg] rst_n -> _88748_/RESET_B : -150.284592
[setup in-reg] rst_n -> _88749_/RESET_B : -150.284592
[setup in-reg] rst_n -> _88750_/RESET_B : -150.284592
[setup in-reg] rst_n -> _88751_/RESET_B : -150.284592
[setup in-reg] rst_n -> _88752_/RESET_B : -150.284592
[setup in-reg] rst_n -> _88753_/RESET_B : -150.284592
[setup in-reg] rst_n -> _88754_/RESET_B : -150.284592
[setup in-reg] rst_n -> _88755_/RESET_B : -150.284592
[setup in-reg] rst_n -> _88756_/RESET_B : -150.284592
[setup in-reg] rst_n -> _88757_/RESET_B : -150.284592
[setup in-reg] rst_n -> _88758_/RESET_B : -150.284592
[setup in-reg] rst_n -> _88759_/RESET_B : -150.284592
[setup in-reg] rst_n -> _88760_/RESET_B : -150.284592
[setup in-reg] rst_n -> _88761_/RESET_B : -150.284592
[setup in-reg] rst_n -> _88762_/RESET_B : -150.284592
[setup in-reg] rst_n -> _88763_/RESET_B : -150.284592
[setup in-reg] rst_n -> _88764_/RESET_B : -150.284592
[setup in-reg] rst_n -> _88765_/RESET_B : -150.284592
[setup in-reg] rst_n -> _88766_/RESET_B : -150.284592
[setup in-reg] rst_n -> _88767_/RESET_B : -150.284592
[setup in-reg] rst_n -> _88768_/RESET_B : -150.284592
[setup in-reg] rst_n -> _88769_/RESET_B : -150.284592
[setup in-reg] rst_n -> _88770_/RESET_B : -150.284592
[setup in-reg] rst_n -> _88771_/RESET_B : -150.284592
[setup in-reg] rst_n -> _88772_/RESET_B : -150.284592
[setup in-reg] rst_n -> _88773_/RESET_B : -150.284592
[setup in-reg] rst_n -> _88774_/RESET_B : -150.284592
[setup in-reg] rst_n -> _88775_/RESET_B : -150.284592
[setup in-reg] rst_n -> _88776_/RESET_B : -150.284592
[setup in-reg] rst_n -> _88777_/RESET_B : -150.284592
[setup in-reg] rst_n -> _88778_/RESET_B : -150.284592
[setup in-reg] rst_n -> _88779_/RESET_B : -150.284592
[setup in-reg] rst_n -> _88780_/RESET_B : -150.284592
[setup in-reg] rst_n -> _88781_/RESET_B : -150.284592
[setup in-reg] rst_n -> _88782_/RESET_B : -150.284592
[setup in-reg] rst_n -> _88783_/RESET_B : -150.284592
[setup in-reg] rst_n -> _88784_/RESET_B : -150.284592
[setup in-reg] rst_n -> _88785_/RESET_B : -150.284592
[setup in-reg] rst_n -> _88786_/RESET_B : -150.284592
[setup in-reg] rst_n -> _88787_/RESET_B : -150.284592
[setup in-reg] rst_n -> _88788_/RESET_B : -150.284592
[setup in-reg] rst_n -> _88789_/RESET_B : -150.284592
[setup in-reg] rst_n -> _88790_/RESET_B : -150.284592
[setup in-reg] rst_n -> _88791_/RESET_B : -150.284592
[setup in-reg] rst_n -> _88792_/RESET_B : -150.284592
[setup in-reg] rst_n -> _88793_/RESET_B : -150.284592
[setup in-reg] rst_n -> _88794_/RESET_B : -150.284592
[setup in-reg] rst_n -> _88795_/RESET_B : -150.284592
[setup in-reg] rst_n -> _88796_/RESET_B : -150.284592
[setup in-reg] rst_n -> _88797_/RESET_B : -150.284592
[setup in-reg] rst_n -> _88798_/RESET_B : -150.284592
[setup in-reg] rst_n -> _88799_/RESET_B : -150.284592
[setup in-reg] rst_n -> _88800_/RESET_B : -150.284592
[setup in-reg] rst_n -> _88801_/RESET_B : -150.284592
[setup in-reg] rst_n -> _88802_/RESET_B : -150.284592
[setup in-reg] rst_n -> _88803_/RESET_B : -150.284592
[setup in-reg] rst_n -> _88804_/RESET_B : -150.284592
[setup in-reg] rst_n -> _88805_/RESET_B : -150.284592
[setup in-reg] rst_n -> _88806_/RESET_B : -150.284592
[setup in-reg] rst_n -> _88807_/RESET_B : -150.284592
[setup in-reg] rst_n -> _88808_/RESET_B : -150.284592
[setup in-reg] rst_n -> _88809_/RESET_B : -150.284592
[setup in-reg] rst_n -> _88810_/RESET_B : -150.284592
[setup in-reg] rst_n -> _88811_/RESET_B : -150.284592
[setup in-reg] rst_n -> _88812_/RESET_B : -150.284592
[setup in-reg] rst_n -> _88813_/RESET_B : -150.284592
[setup in-reg] rst_n -> _88814_/RESET_B : -150.284592
[setup in-reg] rst_n -> _88815_/RESET_B : -150.284592
[setup in-reg] rst_n -> _88816_/RESET_B : -150.284592
[setup in-reg] rst_n -> _88817_/RESET_B : -150.284592
[setup in-reg] rst_n -> _88818_/RESET_B : -150.284592
[setup in-reg] rst_n -> _88819_/RESET_B : -150.284592
[setup in-reg] rst_n -> _88820_/RESET_B : -150.284592
[setup in-reg] rst_n -> _88821_/RESET_B : -150.284592
[setup in-reg] rst_n -> _88822_/RESET_B : -150.284592
[setup in-reg] rst_n -> _88823_/RESET_B : -150.284592
[setup in-reg] rst_n -> _88824_/RESET_B : -150.284592
[setup in-reg] rst_n -> _88825_/RESET_B : -150.284592
[setup in-reg] rst_n -> _88826_/RESET_B : -150.284592
[setup in-reg] rst_n -> _88827_/RESET_B : -150.284592
[setup in-reg] rst_n -> _88828_/RESET_B : -150.284592
[setup in-reg] rst_n -> _88829_/RESET_B : -150.284592
[setup in-reg] rst_n -> _88830_/RESET_B : -150.284592
[setup in-reg] rst_n -> _88831_/RESET_B : -150.284592
[setup in-reg] rst_n -> _88832_/RESET_B : -150.284592
[setup in-reg] rst_n -> _88833_/RESET_B : -150.284592
[setup in-reg] rst_n -> _88834_/RESET_B : -150.284592
[setup in-reg] rst_n -> _88835_/RESET_B : -150.284592
[setup in-reg] rst_n -> _88836_/RESET_B : -150.284592
[setup in-reg] rst_n -> _88837_/RESET_B : -150.284592
[setup in-reg] rst_n -> _88838_/RESET_B : -150.284592
[setup in-reg] rst_n -> _88839_/RESET_B : -150.284592
[setup in-reg] rst_n -> _88840_/RESET_B : -150.284592
[setup in-reg] rst_n -> _88841_/RESET_B : -150.284592
[setup in-reg] rst_n -> _88842_/RESET_B : -150.284592
[setup in-reg] rst_n -> _88843_/RESET_B : -150.284592
[setup in-reg] rst_n -> _88844_/RESET_B : -150.284592
[setup in-reg] rst_n -> _88845_/RESET_B : -150.284592
[setup in-reg] rst_n -> _88846_/RESET_B : -150.284592
[setup in-reg] rst_n -> _88847_/RESET_B : -150.284592
[setup in-reg] rst_n -> _88848_/RESET_B : -150.284592
[setup in-reg] rst_n -> _88849_/RESET_B : -150.284592
[setup in-reg] rst_n -> _88850_/RESET_B : -150.284592
[setup in-reg] rst_n -> _88851_/RESET_B : -150.284592
[setup in-reg] rst_n -> _88852_/RESET_B : -150.284592
[setup in-reg] rst_n -> _88853_/RESET_B : -150.284592
[setup in-reg] rst_n -> _88854_/RESET_B : -150.284592
[setup in-reg] rst_n -> _88855_/RESET_B : -150.284592
[setup in-reg] rst_n -> _88856_/RESET_B : -150.284592
[setup in-reg] rst_n -> _88857_/RESET_B : -150.284592
[setup in-reg] rst_n -> _88858_/RESET_B : -150.284592
[setup in-reg] rst_n -> _88859_/RESET_B : -150.284592
[setup in-reg] rst_n -> _88860_/RESET_B : -150.284592
[setup in-reg] rst_n -> _88861_/RESET_B : -150.284592
[setup in-reg] rst_n -> _88862_/RESET_B : -150.284592
[setup in-reg] rst_n -> _88863_/RESET_B : -150.284592
[setup in-reg] rst_n -> _88864_/RESET_B : -150.284592
[setup in-reg] rst_n -> _88865_/RESET_B : -150.284592
[setup in-reg] rst_n -> _88866_/RESET_B : -150.284592
[setup in-reg] rst_n -> _88867_/RESET_B : -150.284592
[setup in-reg] rst_n -> _88868_/RESET_B : -150.284592
[setup in-reg] rst_n -> _88869_/RESET_B : -150.284592
[setup in-reg] rst_n -> _88870_/RESET_B : -150.284592
[setup in-reg] rst_n -> _88871_/RESET_B : -150.284592
[setup in-reg] rst_n -> _88872_/RESET_B : -150.284592
[setup in-reg] rst_n -> _88873_/RESET_B : -150.284592
[setup in-reg] rst_n -> _88874_/RESET_B : -150.284592
[setup in-reg] rst_n -> _88875_/RESET_B : -150.284592
[setup in-reg] rst_n -> _88876_/RESET_B : -150.284592
[setup in-reg] rst_n -> _88877_/RESET_B : -150.284592
[setup in-reg] rst_n -> _88878_/RESET_B : -150.284592
[setup in-reg] rst_n -> _88879_/RESET_B : -150.284592
[setup in-reg] rst_n -> _88880_/RESET_B : -150.284592
[setup in-reg] rst_n -> _88881_/RESET_B : -150.284592
[setup in-reg] rst_n -> _88882_/RESET_B : -150.284592
[setup in-reg] rst_n -> _88883_/RESET_B : -150.284592
[setup in-reg] rst_n -> _88884_/RESET_B : -150.284592
[setup in-reg] rst_n -> _88885_/RESET_B : -150.284592
[setup in-reg] rst_n -> _88886_/RESET_B : -150.284592
[setup in-reg] rst_n -> _88887_/RESET_B : -150.284592
[setup in-reg] rst_n -> _88888_/RESET_B : -150.284592
[setup in-reg] rst_n -> _88889_/RESET_B : -150.284592
[setup in-reg] rst_n -> _88890_/RESET_B : -150.284592
[setup in-reg] rst_n -> _88891_/RESET_B : -150.284592
[setup in-reg] rst_n -> _88892_/RESET_B : -150.284592
[setup in-reg] rst_n -> _88893_/RESET_B : -150.284592
[setup in-reg] rst_n -> _88894_/RESET_B : -150.284592
[setup in-reg] rst_n -> _88895_/RESET_B : -150.284592
[setup in-reg] rst_n -> _88896_/RESET_B : -150.284592
[setup in-reg] rst_n -> _88897_/RESET_B : -150.284592
[setup in-reg] rst_n -> _88898_/RESET_B : -150.284592
[setup in-reg] rst_n -> _88899_/RESET_B : -150.284592
[setup in-reg] rst_n -> _88900_/RESET_B : -150.284592
[setup in-reg] rst_n -> _88901_/RESET_B : -150.284592
[setup in-reg] rst_n -> _88902_/RESET_B : -150.284592
[setup in-reg] rst_n -> _88903_/RESET_B : -150.284592
[setup in-reg] rst_n -> _88904_/RESET_B : -150.284592
[setup in-reg] rst_n -> _88905_/RESET_B : -150.284592
[setup in-reg] rst_n -> _88906_/RESET_B : -150.284592
[setup in-reg] rst_n -> _88907_/RESET_B : -150.284592
[setup in-reg] rst_n -> _88908_/RESET_B : -150.284592
[setup in-reg] rst_n -> _88909_/RESET_B : -150.284592
[setup in-reg] rst_n -> _88910_/RESET_B : -150.284592
[setup in-reg] rst_n -> _88911_/RESET_B : -150.284592
[setup in-reg] rst_n -> _88912_/RESET_B : -150.284592
[setup in-reg] rst_n -> _88913_/RESET_B : -150.284592
[setup in-reg] rst_n -> _88914_/RESET_B : -150.284592
[setup in-reg] rst_n -> _88915_/RESET_B : -150.284592
[setup in-reg] rst_n -> _88916_/RESET_B : -150.284592
[setup in-reg] rst_n -> _88917_/RESET_B : -150.284592
[setup in-reg] rst_n -> _88918_/RESET_B : -150.284592
[setup in-reg] rst_n -> _88919_/RESET_B : -150.284592
[setup in-reg] rst_n -> _88920_/RESET_B : -150.284592
[setup in-reg] rst_n -> _88921_/RESET_B : -150.284592
[setup in-reg] rst_n -> _88922_/RESET_B : -150.284592
[setup in-reg] rst_n -> _88923_/RESET_B : -150.284592
[setup in-reg] rst_n -> _88924_/RESET_B : -150.284592
[setup in-reg] rst_n -> _88925_/RESET_B : -150.284592
[setup in-reg] rst_n -> _88926_/RESET_B : -150.284592
[setup in-reg] rst_n -> _88927_/RESET_B : -150.284592
[setup in-reg] rst_n -> _88928_/RESET_B : -150.284592
[setup in-reg] rst_n -> _88929_/RESET_B : -150.284592
[setup in-reg] rst_n -> _88930_/RESET_B : -150.284592
[setup in-reg] rst_n -> _88931_/RESET_B : -150.284592
[setup in-reg] rst_n -> _88932_/RESET_B : -150.284592
[setup in-reg] rst_n -> _88933_/RESET_B : -150.284592
[setup in-reg] rst_n -> _88934_/RESET_B : -150.284592
[setup in-reg] rst_n -> _88935_/RESET_B : -150.284592
[setup in-reg] rst_n -> _88936_/RESET_B : -150.284592
[setup in-reg] rst_n -> _88937_/RESET_B : -150.284592
[setup in-reg] rst_n -> _88938_/RESET_B : -150.284592
[setup in-reg] rst_n -> _88939_/RESET_B : -150.284592
[setup in-reg] rst_n -> _88940_/RESET_B : -150.284592
[setup in-reg] rst_n -> _88941_/RESET_B : -150.284592
[setup in-reg] rst_n -> _88942_/RESET_B : -150.284592
[setup in-reg] rst_n -> _88943_/RESET_B : -150.284592
[setup in-reg] rst_n -> _88944_/RESET_B : -150.284592
[setup in-reg] rst_n -> _88945_/RESET_B : -150.284592
[setup in-reg] rst_n -> _88946_/RESET_B : -150.284592
[setup in-reg] rst_n -> _88947_/RESET_B : -150.284592
[setup in-reg] rst_n -> _88948_/RESET_B : -150.284592
[setup in-reg] rst_n -> _88949_/RESET_B : -150.284592
[setup in-reg] rst_n -> _88950_/RESET_B : -150.284592
[setup in-reg] rst_n -> _88951_/RESET_B : -150.284592
[setup in-reg] rst_n -> _88952_/RESET_B : -150.284592
[setup in-reg] rst_n -> _88953_/RESET_B : -150.284592
[setup in-reg] rst_n -> _88954_/RESET_B : -150.284592
[setup in-reg] rst_n -> _88955_/RESET_B : -150.284592
[setup in-reg] rst_n -> _88956_/RESET_B : -150.284592
[setup in-reg] rst_n -> _88957_/RESET_B : -150.284592
[setup in-reg] rst_n -> _88958_/RESET_B : -150.284592
[setup in-reg] rst_n -> _88959_/RESET_B : -150.284592
[setup in-reg] rst_n -> _88960_/RESET_B : -150.284592
[setup in-reg] rst_n -> _88961_/RESET_B : -150.284592
[setup in-reg] rst_n -> _88962_/RESET_B : -150.284592
[setup in-reg] rst_n -> _88963_/RESET_B : -150.284592
[setup in-reg] rst_n -> _88964_/RESET_B : -150.284592
[setup in-reg] rst_n -> _88965_/RESET_B : -150.284592
[setup in-reg] rst_n -> _88966_/RESET_B : -150.284592
[setup in-reg] rst_n -> _88967_/RESET_B : -150.284592
[setup in-reg] rst_n -> _88968_/RESET_B : -150.284592
[setup in-reg] rst_n -> _88969_/RESET_B : -150.284592
[setup in-reg] rst_n -> _88970_/RESET_B : -150.284592
[setup in-reg] rst_n -> _88971_/RESET_B : -150.284592
[setup in-reg] rst_n -> _88972_/RESET_B : -150.284592
[setup in-reg] rst_n -> _88973_/RESET_B : -150.284592
[setup in-reg] rst_n -> _88974_/RESET_B : -150.284592
[setup in-reg] rst_n -> _88975_/RESET_B : -150.284592
[setup in-reg] rst_n -> _88976_/RESET_B : -150.284592
[setup in-reg] rst_n -> _88977_/RESET_B : -150.284592
[setup in-reg] rst_n -> _88978_/RESET_B : -150.284592
[setup in-reg] rst_n -> _88979_/RESET_B : -150.284592
[setup in-reg] rst_n -> _88980_/RESET_B : -150.284592
[setup in-reg] rst_n -> _88981_/RESET_B : -150.284592
[setup in-reg] rst_n -> _88982_/RESET_B : -150.284592
[setup in-reg] rst_n -> _88983_/RESET_B : -150.284592
[setup in-reg] rst_n -> _88984_/RESET_B : -150.284592
[setup in-reg] rst_n -> _88985_/RESET_B : -150.284592
[setup in-reg] rst_n -> _88986_/RESET_B : -150.284592
[setup in-reg] rst_n -> _88987_/RESET_B : -150.284592
[setup in-reg] rst_n -> _88988_/RESET_B : -150.284592
[setup in-reg] rst_n -> _88989_/RESET_B : -150.284592
[setup in-reg] rst_n -> _88990_/RESET_B : -150.284592
[setup in-reg] rst_n -> _88991_/RESET_B : -150.284592
[setup in-reg] rst_n -> _88992_/RESET_B : -150.284592
[setup in-reg] rst_n -> _88993_/RESET_B : -150.284592
[setup in-reg] rst_n -> _88994_/RESET_B : -150.284592
[setup in-reg] rst_n -> _88995_/RESET_B : -150.284592
[setup in-reg] rst_n -> _88996_/RESET_B : -150.284592
[setup in-reg] rst_n -> _88997_/RESET_B : -150.284592
[setup in-reg] rst_n -> _88998_/RESET_B : -150.284592
[setup in-reg] rst_n -> _88999_/RESET_B : -150.284592
[setup in-reg] rst_n -> _89000_/RESET_B : -150.284592
[setup in-reg] rst_n -> _89001_/RESET_B : -150.284592
[setup in-reg] rst_n -> _89002_/RESET_B : -150.284592
[setup in-reg] rst_n -> _89003_/RESET_B : -150.284592
[setup in-reg] rst_n -> _89004_/RESET_B : -150.284592
[setup in-reg] rst_n -> _89005_/RESET_B : -150.284592
[setup in-reg] rst_n -> _89006_/RESET_B : -150.284592
[setup in-reg] rst_n -> _89007_/RESET_B : -150.284592
[setup in-reg] rst_n -> _89008_/RESET_B : -150.284592
[setup in-reg] rst_n -> _89009_/RESET_B : -150.284592
[setup in-reg] rst_n -> _89010_/RESET_B : -150.284592
[setup in-reg] rst_n -> _89011_/RESET_B : -150.284592
[setup in-reg] rst_n -> _89012_/RESET_B : -150.284592
[setup in-reg] rst_n -> _89013_/RESET_B : -150.284592
[setup in-reg] rst_n -> _89014_/RESET_B : -150.284592
[setup in-reg] rst_n -> _89015_/RESET_B : -150.284592
[setup in-reg] rst_n -> _89016_/RESET_B : -150.284592
[setup in-reg] rst_n -> _89017_/RESET_B : -150.284592
[setup in-reg] rst_n -> _89018_/RESET_B : -150.284592
[setup in-reg] rst_n -> _89019_/RESET_B : -150.284592
[setup in-reg] rst_n -> _89020_/RESET_B : -150.284592
[setup in-reg] rst_n -> _89021_/RESET_B : -150.284592
[setup in-reg] rst_n -> _89022_/RESET_B : -150.284592
[setup in-reg] rst_n -> _89023_/RESET_B : -150.284592
[setup in-reg] rst_n -> _89024_/RESET_B : -150.284592
[setup in-reg] rst_n -> _89025_/RESET_B : -150.284592
[setup in-reg] rst_n -> _89026_/RESET_B : -150.284592
[setup in-reg] rst_n -> _89027_/RESET_B : -150.284592
[setup in-reg] rst_n -> _89028_/RESET_B : -150.284592
[setup in-reg] rst_n -> _89029_/RESET_B : -150.284592
[setup in-reg] rst_n -> _89030_/RESET_B : -150.284592
[setup in-reg] rst_n -> _89031_/RESET_B : -150.284592
[setup in-reg] rst_n -> _89032_/RESET_B : -150.284592
[setup in-reg] rst_n -> _89033_/RESET_B : -150.284592
[setup in-reg] rst_n -> _89034_/RESET_B : -150.284592
[setup in-reg] rst_n -> _89035_/RESET_B : -150.284592
[setup in-reg] rst_n -> _89036_/RESET_B : -150.284592
[setup in-reg] rst_n -> _89037_/RESET_B : -150.284592
[setup in-reg] rst_n -> _89038_/RESET_B : -150.284592
[setup in-reg] rst_n -> _89039_/RESET_B : -150.284592
[setup in-reg] rst_n -> _89040_/RESET_B : -150.284592
[setup in-reg] rst_n -> _89041_/RESET_B : -150.284592
[setup in-reg] rst_n -> _89042_/RESET_B : -150.284592
[setup in-reg] rst_n -> _89043_/RESET_B : -150.284592
[setup in-reg] rst_n -> _89044_/RESET_B : -150.284592
[setup in-reg] rst_n -> _89045_/RESET_B : -150.284592
[setup in-reg] rst_n -> _89046_/RESET_B : -150.284592
[setup in-reg] rst_n -> _89047_/RESET_B : -150.284592
[setup in-reg] rst_n -> _89048_/RESET_B : -150.284592
[setup in-reg] rst_n -> _89049_/RESET_B : -150.284592
[setup in-reg] rst_n -> _89050_/RESET_B : -150.284592
[setup in-reg] rst_n -> _89051_/RESET_B : -150.284592
[setup in-reg] rst_n -> _89052_/RESET_B : -150.284592
[setup in-reg] rst_n -> _89053_/RESET_B : -150.284592
[setup in-reg] rst_n -> _89054_/RESET_B : -150.284592
[setup in-reg] rst_n -> _89055_/RESET_B : -150.284592
[setup in-reg] rst_n -> _89056_/RESET_B : -150.284592
[setup in-reg] rst_n -> _89057_/RESET_B : -150.284592
[setup in-reg] rst_n -> _89058_/RESET_B : -150.284592
[setup in-reg] rst_n -> _89059_/RESET_B : -150.284592
[setup in-reg] rst_n -> _89060_/RESET_B : -150.284592
[setup in-reg] rst_n -> _89061_/RESET_B : -150.284592
[setup in-reg] rst_n -> _89062_/RESET_B : -150.284592
[setup in-reg] rst_n -> _89063_/RESET_B : -150.284592
[setup in-reg] rst_n -> _89064_/RESET_B : -150.284592
[setup in-reg] rst_n -> _89065_/RESET_B : -150.284592
[setup in-reg] rst_n -> _89066_/RESET_B : -150.284592
[setup in-reg] rst_n -> _89067_/RESET_B : -150.284592
[setup in-reg] rst_n -> _89068_/RESET_B : -150.284592
[setup in-reg] rst_n -> _89069_/RESET_B : -150.284592
[setup in-reg] rst_n -> _89070_/RESET_B : -150.284592
[setup in-reg] rst_n -> _89071_/RESET_B : -150.284592
[setup in-reg] rst_n -> _89072_/RESET_B : -150.284592
[setup in-reg] rst_n -> _89073_/RESET_B : -150.284592
[setup in-reg] rst_n -> _89074_/RESET_B : -150.284592
[setup in-reg] rst_n -> _89075_/RESET_B : -150.284592
[setup in-reg] rst_n -> _89076_/RESET_B : -150.284592
[setup in-reg] rst_n -> _89077_/RESET_B : -150.284592
[setup in-reg] rst_n -> _89078_/RESET_B : -150.284592
[setup in-reg] rst_n -> _89079_/RESET_B : -150.284592
[setup in-reg] rst_n -> _89080_/RESET_B : -150.284592
[setup in-reg] rst_n -> _89081_/RESET_B : -150.284592
[setup in-reg] rst_n -> _89082_/RESET_B : -150.284592
[setup in-reg] rst_n -> _89083_/RESET_B : -150.284592
[setup in-reg] rst_n -> _89084_/RESET_B : -150.284592
[setup in-reg] rst_n -> _89085_/RESET_B : -150.284592
[setup in-reg] rst_n -> _89086_/RESET_B : -150.284592
[setup in-reg] rst_n -> _89087_/RESET_B : -150.284592
[setup in-reg] rst_n -> _89088_/RESET_B : -150.284592
[setup in-reg] rst_n -> _89089_/RESET_B : -150.284592
[setup in-reg] rst_n -> _89090_/RESET_B : -150.284592
[setup in-reg] rst_n -> _89091_/RESET_B : -150.284592
[setup in-reg] rst_n -> _89092_/RESET_B : -150.284592
[setup in-reg] rst_n -> _89093_/RESET_B : -150.284592
[setup in-reg] rst_n -> _89094_/RESET_B : -150.284592
[setup in-reg] rst_n -> _89095_/RESET_B : -150.284592
[setup in-reg] rst_n -> _89096_/RESET_B : -150.284592
[setup in-reg] rst_n -> _89097_/RESET_B : -150.284592
[setup in-reg] rst_n -> _89098_/RESET_B : -150.284592
[setup in-reg] rst_n -> _89099_/RESET_B : -150.284592
[setup in-reg] rst_n -> _89100_/RESET_B : -150.284592
[setup in-reg] rst_n -> _89101_/RESET_B : -150.284592
[setup in-reg] rst_n -> _89102_/RESET_B : -150.284592
[setup in-reg] rst_n -> _89103_/RESET_B : -150.284592
[setup in-reg] rst_n -> _89104_/RESET_B : -150.284592
[setup in-reg] rst_n -> _89105_/RESET_B : -150.284592
[setup in-reg] rst_n -> _89106_/RESET_B : -150.284592
[setup in-reg] rst_n -> _89107_/RESET_B : -150.284592
[setup in-reg] rst_n -> _89108_/RESET_B : -150.284592
[setup in-reg] rst_n -> _89109_/RESET_B : -150.284592
[setup in-reg] rst_n -> _89110_/RESET_B : -150.284592
[setup in-reg] rst_n -> _89111_/RESET_B : -150.284592
[setup in-reg] rst_n -> _89112_/RESET_B : -150.284592
[setup in-reg] rst_n -> _89113_/RESET_B : -150.284592
[setup in-reg] rst_n -> _89114_/RESET_B : -150.284592
[setup in-reg] rst_n -> _89115_/RESET_B : -150.284592
[setup in-reg] rst_n -> _89116_/RESET_B : -150.284592
[setup in-reg] rst_n -> _89117_/RESET_B : -150.284592
[setup in-reg] rst_n -> _89118_/RESET_B : -150.284592
[setup in-reg] rst_n -> _89119_/RESET_B : -150.284592
[setup in-reg] rst_n -> _89120_/RESET_B : -150.284592
[setup in-reg] rst_n -> _89121_/RESET_B : -150.284592
[setup in-reg] rst_n -> _89122_/RESET_B : -150.284592
[setup in-reg] rst_n -> _89123_/RESET_B : -150.284592
[setup in-reg] rst_n -> _89124_/RESET_B : -150.284592
[setup in-reg] rst_n -> _89125_/RESET_B : -150.284592
[setup in-reg] rst_n -> _89126_/RESET_B : -150.284592
[setup in-reg] rst_n -> _89127_/RESET_B : -150.284592
[setup in-reg] rst_n -> _89128_/RESET_B : -150.284592
[setup in-reg] rst_n -> _89129_/RESET_B : -150.284592
[setup in-reg] rst_n -> _89130_/RESET_B : -150.284592
[setup in-reg] rst_n -> _89131_/RESET_B : -150.284592
[setup in-reg] rst_n -> _89132_/RESET_B : -150.284592
[setup in-reg] rst_n -> _89133_/RESET_B : -150.284592
[setup in-reg] rst_n -> _89134_/RESET_B : -150.284592
[setup in-reg] rst_n -> _89135_/RESET_B : -150.284592
[setup in-reg] rst_n -> _89136_/RESET_B : -150.284592
[setup in-reg] rst_n -> _89137_/RESET_B : -150.284592
[setup in-reg] rst_n -> _89138_/RESET_B : -150.284592
[setup in-reg] rst_n -> _89139_/RESET_B : -150.284592
[setup in-reg] rst_n -> _89140_/RESET_B : -150.284592
[setup in-reg] rst_n -> _89141_/RESET_B : -150.284592
[setup in-reg] rst_n -> _89142_/RESET_B : -150.284592
[setup in-reg] rst_n -> _89143_/RESET_B : -150.284592
[setup in-reg] rst_n -> _89144_/RESET_B : -150.284592
[setup in-reg] rst_n -> _89145_/RESET_B : -150.284592
[setup in-reg] rst_n -> _89146_/RESET_B : -150.284592
[setup in-reg] rst_n -> _89147_/RESET_B : -150.284592
[setup in-reg] rst_n -> _89148_/RESET_B : -150.284592
[setup in-reg] rst_n -> _89149_/RESET_B : -150.284592
[setup in-reg] rst_n -> _89150_/RESET_B : -150.284592
[setup in-reg] rst_n -> _89151_/RESET_B : -150.284592
[setup in-reg] rst_n -> _89152_/RESET_B : -150.284592
[setup in-reg] rst_n -> _89153_/RESET_B : -150.284592
[setup in-reg] rst_n -> _89154_/RESET_B : -150.284592
[setup in-reg] rst_n -> _89155_/RESET_B : -150.284592
[setup in-reg] rst_n -> _89156_/RESET_B : -150.284592
[setup in-reg] rst_n -> _89157_/RESET_B : -150.284592
[setup in-reg] rst_n -> _89158_/RESET_B : -150.284592
[setup in-reg] rst_n -> _89159_/RESET_B : -150.284592
[setup in-reg] rst_n -> _89160_/RESET_B : -150.284592
[setup in-reg] rst_n -> _89161_/RESET_B : -150.284592
[setup in-reg] rst_n -> _89162_/RESET_B : -150.284592
[setup in-reg] rst_n -> _89163_/RESET_B : -150.284592
[setup in-reg] rst_n -> _89164_/RESET_B : -150.284592
[setup in-reg] rst_n -> _89165_/RESET_B : -150.284592
[setup in-reg] rst_n -> _89166_/RESET_B : -150.284592
[setup in-reg] rst_n -> _89167_/RESET_B : -150.284592
[setup in-reg] rst_n -> _89168_/RESET_B : -150.284592
[setup in-reg] rst_n -> _89169_/RESET_B : -150.284592
[setup in-reg] rst_n -> _89170_/RESET_B : -150.284592
[setup in-reg] rst_n -> _89171_/RESET_B : -150.284592
[setup in-reg] rst_n -> _89172_/RESET_B : -150.284592
[setup in-reg] rst_n -> _89173_/RESET_B : -150.284592
[setup in-reg] rst_n -> _89174_/RESET_B : -150.284592
[setup in-reg] rst_n -> _89175_/RESET_B : -150.284592
[setup in-reg] rst_n -> _89176_/RESET_B : -150.284592
[setup in-reg] rst_n -> _89177_/RESET_B : -150.284592
[setup in-reg] rst_n -> _89178_/RESET_B : -150.284592
[setup in-reg] rst_n -> _89179_/RESET_B : -150.284592
[setup in-reg] rst_n -> _89180_/RESET_B : -150.284592
[setup in-reg] rst_n -> _89181_/RESET_B : -150.284592
[setup in-reg] rst_n -> _89182_/RESET_B : -150.284592
[setup in-reg] rst_n -> _89183_/RESET_B : -150.284592
[setup in-reg] rst_n -> _89184_/RESET_B : -150.284592
[setup in-reg] rst_n -> _89185_/RESET_B : -150.284592
[setup in-reg] rst_n -> _89186_/RESET_B : -150.284592
[setup in-reg] rst_n -> _89187_/RESET_B : -150.284592
[setup in-reg] rst_n -> _89188_/RESET_B : -150.284592
[setup in-reg] rst_n -> _89189_/RESET_B : -150.284592
[setup in-reg] rst_n -> _89190_/RESET_B : -150.284592
[setup in-reg] rst_n -> _89191_/RESET_B : -150.284592
[setup in-reg] rst_n -> _89192_/RESET_B : -150.284592
[setup in-reg] rst_n -> _89193_/RESET_B : -150.284592
[setup in-reg] rst_n -> _89194_/RESET_B : -150.284592
[setup in-reg] rst_n -> _89195_/RESET_B : -150.284592
[setup in-reg] rst_n -> _89196_/RESET_B : -150.284592
[setup in-reg] rst_n -> _89197_/RESET_B : -150.284592
[setup in-reg] rst_n -> _89198_/RESET_B : -150.284592
[setup in-reg] rst_n -> _89199_/RESET_B : -150.284592
[setup in-reg] rst_n -> _89200_/RESET_B : -150.284592
[setup in-reg] rst_n -> _89201_/RESET_B : -150.284592
[setup in-reg] rst_n -> _89202_/RESET_B : -150.284592
[setup in-reg] rst_n -> _89203_/RESET_B : -150.284592
[setup in-reg] rst_n -> _89204_/RESET_B : -150.284592
[setup in-reg] rst_n -> _89205_/RESET_B : -150.284592
[setup in-reg] rst_n -> _89206_/RESET_B : -150.284592
[setup in-reg] rst_n -> _89207_/RESET_B : -150.284592
[setup in-reg] rst_n -> _89208_/RESET_B : -150.284592
[setup in-reg] rst_n -> _89209_/RESET_B : -150.284592
[setup in-reg] rst_n -> _89210_/RESET_B : -150.284592
[setup in-reg] rst_n -> _89211_/RESET_B : -150.284592
[setup in-reg] rst_n -> _89212_/RESET_B : -150.284592
[setup in-reg] rst_n -> _89213_/RESET_B : -150.284592
[setup in-reg] rst_n -> _89214_/RESET_B : -150.284592
[setup in-reg] rst_n -> _89215_/RESET_B : -150.284592
[setup in-reg] rst_n -> _89216_/RESET_B : -150.284592
[setup in-reg] rst_n -> _89217_/RESET_B : -150.284592
[setup in-reg] rst_n -> _89218_/RESET_B : -150.284592
[setup in-reg] rst_n -> _89219_/RESET_B : -150.284592
[setup in-reg] rst_n -> _89220_/RESET_B : -150.284592
[setup in-reg] rst_n -> _89221_/RESET_B : -150.284592
[setup in-reg] rst_n -> _89222_/RESET_B : -150.284592
[setup in-reg] rst_n -> _89223_/RESET_B : -150.284592
[setup in-reg] rst_n -> _89224_/RESET_B : -150.284592
[setup in-reg] rst_n -> _89225_/RESET_B : -150.284592
[setup in-reg] rst_n -> _89226_/RESET_B : -150.284592
[setup in-reg] rst_n -> _89227_/RESET_B : -150.284592
[setup in-reg] rst_n -> _89228_/RESET_B : -150.284592
[setup in-reg] rst_n -> _89229_/RESET_B : -150.284592
[setup in-reg] rst_n -> _89230_/RESET_B : -150.284592
[setup in-reg] rst_n -> _89231_/RESET_B : -150.284592
[setup in-reg] rst_n -> _89232_/RESET_B : -150.284592
[setup in-reg] rst_n -> _89233_/RESET_B : -150.284592
[setup in-reg] rst_n -> _89234_/RESET_B : -150.284592
[setup in-reg] rst_n -> _89235_/RESET_B : -150.284592
[setup in-reg] rst_n -> _89236_/RESET_B : -150.284592
[setup in-reg] rst_n -> _89237_/RESET_B : -150.284592
[setup in-reg] rst_n -> _89238_/RESET_B : -150.284592
[setup in-reg] rst_n -> _89239_/RESET_B : -150.284592
[setup in-reg] rst_n -> _89240_/RESET_B : -150.284592
[setup in-reg] rst_n -> _89241_/RESET_B : -150.284592
[setup in-reg] rst_n -> _89242_/RESET_B : -150.284592
[setup in-reg] rst_n -> _89243_/RESET_B : -150.284592
[setup in-reg] rst_n -> _89244_/RESET_B : -150.284592
[setup in-reg] rst_n -> _89245_/RESET_B : -150.284592
[setup in-reg] rst_n -> _89246_/RESET_B : -150.284592
[setup in-reg] rst_n -> _89247_/RESET_B : -150.284592
[setup in-reg] rst_n -> _89248_/RESET_B : -150.284592
[setup in-reg] rst_n -> _89249_/RESET_B : -150.284592
[setup in-reg] rst_n -> _89250_/RESET_B : -150.284592
[setup in-reg] rst_n -> _89251_/RESET_B : -150.284592
[setup in-reg] rst_n -> _89252_/RESET_B : -150.284592
[setup in-reg] rst_n -> _89253_/RESET_B : -150.284592
[setup in-reg] rst_n -> _89254_/RESET_B : -150.284592
[setup in-reg] rst_n -> _89255_/RESET_B : -150.284592
[setup in-reg] rst_n -> _89256_/RESET_B : -150.284592
[setup in-reg] rst_n -> _89257_/RESET_B : -150.284592
[setup in-reg] rst_n -> _89258_/RESET_B : -150.284592
[setup in-reg] rst_n -> _89259_/RESET_B : -150.284592
[setup in-reg] rst_n -> _89260_/RESET_B : -150.284592
[setup in-reg] rst_n -> _89261_/RESET_B : -150.284592
[setup in-reg] rst_n -> _89262_/RESET_B : -150.284592
[setup in-reg] rst_n -> _89263_/RESET_B : -150.284592
[setup in-reg] rst_n -> _89264_/RESET_B : -150.284592
[setup in-reg] rst_n -> _89265_/RESET_B : -150.284592
[setup in-reg] rst_n -> _89266_/RESET_B : -150.284592
[setup in-reg] rst_n -> _89267_/RESET_B : -150.284592
[setup in-reg] rst_n -> _89268_/RESET_B : -150.284592
[setup in-reg] rst_n -> _89269_/RESET_B : -150.284592
[setup in-reg] rst_n -> _89270_/RESET_B : -150.284592
[setup in-reg] rst_n -> _89271_/RESET_B : -150.284592
[setup in-reg] rst_n -> _89272_/RESET_B : -150.284592
[setup in-reg] rst_n -> _89273_/RESET_B : -150.284592
[setup in-reg] rst_n -> _89274_/RESET_B : -150.284592
[setup in-reg] rst_n -> _89275_/RESET_B : -150.284592
[setup in-reg] rst_n -> _89276_/RESET_B : -150.284592
[setup in-reg] rst_n -> _89277_/RESET_B : -150.284592
[setup in-reg] rst_n -> _89278_/RESET_B : -150.284592
[setup in-reg] rst_n -> _89279_/RESET_B : -150.284592
[setup in-reg] rst_n -> _89280_/RESET_B : -150.284592
[setup in-reg] rst_n -> _89281_/RESET_B : -150.284592
[setup in-reg] rst_n -> _89282_/RESET_B : -150.284592
[setup in-reg] rst_n -> _89283_/RESET_B : -150.284592
[setup in-reg] rst_n -> _89284_/RESET_B : -150.284592
[setup in-reg] rst_n -> _89285_/RESET_B : -150.284592
[setup in-reg] rst_n -> _89286_/RESET_B : -150.284592
[setup in-reg] rst_n -> _89287_/RESET_B : -150.284592
[setup in-reg] rst_n -> _89288_/RESET_B : -150.284592
[setup in-reg] rst_n -> _89289_/RESET_B : -150.284592
[setup in-reg] rst_n -> _89290_/RESET_B : -150.284592
[setup in-reg] rst_n -> _89291_/RESET_B : -150.284592
[setup in-reg] rst_n -> _89292_/RESET_B : -150.284592
[setup in-reg] rst_n -> _89293_/RESET_B : -150.284592
[setup in-reg] rst_n -> _89294_/RESET_B : -150.284592
[setup in-reg] rst_n -> _89295_/RESET_B : -150.284592
[setup in-reg] rst_n -> _89296_/RESET_B : -150.284592
[setup in-reg] rst_n -> _89297_/RESET_B : -150.284592
[setup in-reg] rst_n -> _89298_/RESET_B : -150.284592
[setup in-reg] rst_n -> _89299_/RESET_B : -150.284592
[setup in-reg] rst_n -> _89300_/RESET_B : -150.284592
[setup in-reg] rst_n -> _89301_/RESET_B : -150.284592
[setup in-reg] rst_n -> _89302_/RESET_B : -150.284592
[setup in-reg] rst_n -> _89303_/RESET_B : -150.284592
[setup in-reg] rst_n -> _89304_/RESET_B : -150.284592
[setup in-reg] rst_n -> _89305_/RESET_B : -150.284592
[setup in-reg] rst_n -> _89306_/RESET_B : -150.284592
[setup in-reg] rst_n -> _89307_/RESET_B : -150.284592
[setup in-reg] rst_n -> _89308_/RESET_B : -150.284592
[setup in-reg] rst_n -> _89309_/RESET_B : -150.284592
[setup in-reg] rst_n -> _89310_/RESET_B : -150.284592
[setup in-reg] rst_n -> _89311_/RESET_B : -150.284592
[setup in-reg] rst_n -> _89312_/RESET_B : -150.284592
[setup in-reg] rst_n -> _89313_/RESET_B : -150.284592
[setup in-reg] rst_n -> _89314_/RESET_B : -150.284592
[setup in-reg] rst_n -> _89315_/RESET_B : -150.284592
[setup in-reg] rst_n -> _89316_/RESET_B : -150.284592
[setup in-reg] rst_n -> _89317_/RESET_B : -150.284592
[setup in-reg] rst_n -> _89318_/RESET_B : -150.284592
[setup in-reg] rst_n -> _89319_/RESET_B : -150.284592
[setup in-reg] rst_n -> _89320_/RESET_B : -150.284592
[setup in-reg] rst_n -> _89321_/RESET_B : -150.284592
[setup in-reg] rst_n -> _89322_/RESET_B : -150.284592
[setup in-reg] rst_n -> _89323_/RESET_B : -150.284592
[setup in-reg] rst_n -> _89324_/RESET_B : -150.284592
[setup in-reg] rst_n -> _89325_/RESET_B : -150.284592
[setup in-reg] rst_n -> _89326_/RESET_B : -150.284592
[setup in-reg] rst_n -> _89327_/RESET_B : -150.284592
[setup in-reg] rst_n -> _89328_/RESET_B : -150.284592
[setup in-reg] rst_n -> _89329_/RESET_B : -150.284592
[setup in-reg] rst_n -> _89330_/RESET_B : -150.284592
[setup in-reg] rst_n -> _89331_/RESET_B : -150.284592
[setup in-reg] rst_n -> _89332_/RESET_B : -150.284592
[setup in-reg] rst_n -> _89333_/RESET_B : -150.284592
[setup in-reg] rst_n -> _89334_/RESET_B : -150.284592
[setup in-reg] rst_n -> _89335_/RESET_B : -150.284592
[setup in-reg] rst_n -> _89336_/RESET_B : -150.284592
[setup in-reg] rst_n -> _89337_/RESET_B : -150.284592
[setup in-reg] rst_n -> _89338_/RESET_B : -150.284592
[setup in-reg] rst_n -> _89339_/RESET_B : -150.284592
[setup in-reg] rst_n -> _89340_/RESET_B : -150.284592
[setup in-reg] rst_n -> _89341_/RESET_B : -150.284592
[setup in-reg] rst_n -> _89342_/RESET_B : -150.284592
[setup in-reg] rst_n -> _89343_/RESET_B : -150.284592
[setup in-reg] rst_n -> _89344_/RESET_B : -150.284592
[setup in-reg] rst_n -> _89345_/RESET_B : -150.284592
[setup in-reg] rst_n -> _89346_/RESET_B : -150.284592
[setup in-reg] rst_n -> _89347_/RESET_B : -150.284592
[setup in-reg] rst_n -> _89348_/RESET_B : -150.284592
[setup in-reg] rst_n -> _89349_/RESET_B : -150.284592
[setup in-reg] rst_n -> _89350_/RESET_B : -150.284592
[setup in-reg] rst_n -> _89351_/RESET_B : -150.284592
[setup in-reg] rst_n -> _89352_/RESET_B : -150.284592
[setup in-reg] rst_n -> _89353_/RESET_B : -150.284592
[setup in-reg] rst_n -> _89354_/RESET_B : -150.284592
[setup in-reg] rst_n -> _89355_/RESET_B : -150.284592
[setup in-reg] rst_n -> _89356_/RESET_B : -150.284592
[setup in-reg] rst_n -> _89357_/RESET_B : -150.284592
[setup in-reg] rst_n -> _89358_/RESET_B : -150.284592
[setup in-reg] rst_n -> _89359_/RESET_B : -150.284592
[setup in-reg] rst_n -> _89360_/RESET_B : -150.284592
[setup in-reg] rst_n -> _89361_/RESET_B : -150.284592
[setup in-reg] rst_n -> _89362_/RESET_B : -150.284592
[setup in-reg] rst_n -> _89363_/RESET_B : -150.284592
[setup in-reg] rst_n -> _89364_/RESET_B : -150.284592
[setup in-reg] rst_n -> _89365_/RESET_B : -150.284592
[setup in-reg] rst_n -> _89366_/RESET_B : -150.284592
[setup in-reg] rst_n -> _89367_/RESET_B : -150.284592
[setup in-reg] rst_n -> _89368_/RESET_B : -150.284592
[setup in-reg] rst_n -> _89369_/RESET_B : -150.284592
[setup in-reg] rst_n -> _89370_/RESET_B : -150.284592
[setup in-reg] rst_n -> _89371_/RESET_B : -150.284592
[setup in-reg] rst_n -> _89372_/RESET_B : -150.284592
[setup in-reg] rst_n -> _89373_/RESET_B : -150.284592
[setup in-reg] rst_n -> _89374_/RESET_B : -150.284592
[setup in-reg] rst_n -> _89375_/RESET_B : -150.284592
[setup in-reg] rst_n -> _89376_/RESET_B : -150.284592
[setup in-reg] rst_n -> _89377_/RESET_B : -150.284592
[setup in-reg] rst_n -> _89378_/RESET_B : -150.284592
[setup in-reg] rst_n -> _89379_/RESET_B : -150.284592
[setup in-reg] rst_n -> _89380_/RESET_B : -150.284592
[setup in-reg] rst_n -> _89381_/RESET_B : -150.284592
[setup in-reg] rst_n -> _89382_/RESET_B : -150.284592
[setup in-reg] rst_n -> _89383_/RESET_B : -150.284592
[setup in-reg] rst_n -> _89384_/RESET_B : -150.284592
[setup in-reg] rst_n -> _89385_/RESET_B : -150.284592
[setup in-reg] rst_n -> _89386_/RESET_B : -150.284592
[setup in-reg] rst_n -> _89387_/RESET_B : -150.284592
[setup in-reg] rst_n -> _89388_/RESET_B : -150.284592
[setup in-reg] rst_n -> _89389_/RESET_B : -150.284592
[setup in-reg] rst_n -> _89390_/RESET_B : -150.284592
[setup in-reg] rst_n -> _89391_/RESET_B : -150.284592
[setup in-reg] rst_n -> _89392_/RESET_B : -150.284592
[setup in-reg] rst_n -> _89393_/RESET_B : -150.284592
[setup in-reg] rst_n -> _89394_/RESET_B : -150.284592
[setup in-reg] rst_n -> _89395_/RESET_B : -150.284592
[setup in-reg] rst_n -> _89396_/RESET_B : -150.284592
[setup in-reg] rst_n -> _89397_/RESET_B : -150.284592
[setup in-reg] rst_n -> _89398_/RESET_B : -150.284592
[setup in-reg] rst_n -> _89399_/RESET_B : -150.284592
[setup in-reg] rst_n -> _89400_/RESET_B : -150.284592
[setup in-reg] rst_n -> _89401_/RESET_B : -150.284592
[setup in-reg] rst_n -> _89402_/RESET_B : -150.284592
[setup in-reg] rst_n -> _89403_/RESET_B : -150.284592
[setup in-reg] rst_n -> _89404_/RESET_B : -150.284592
[setup in-reg] rst_n -> _89405_/RESET_B : -150.284592
[setup in-reg] rst_n -> _89406_/RESET_B : -150.284592
[setup in-reg] rst_n -> _89407_/RESET_B : -150.284592
[setup in-reg] rst_n -> _89408_/RESET_B : -150.284592
[setup in-reg] rst_n -> _89409_/RESET_B : -150.284592
[setup in-reg] rst_n -> _89410_/RESET_B : -150.284592
[setup in-reg] rst_n -> _89411_/RESET_B : -150.284592
[setup in-reg] rst_n -> _89412_/RESET_B : -150.284592
[setup in-reg] rst_n -> _89413_/RESET_B : -150.284592
[setup in-reg] rst_n -> _89414_/RESET_B : -150.284592
[setup in-reg] rst_n -> _89415_/RESET_B : -150.284592
[setup in-reg] rst_n -> _89416_/RESET_B : -150.284592
[setup in-reg] rst_n -> _89417_/RESET_B : -150.284592
[setup in-reg] rst_n -> _89418_/RESET_B : -150.284592
[setup in-reg] rst_n -> _89419_/RESET_B : -150.284592
[setup in-reg] rst_n -> _89420_/RESET_B : -150.284592
[setup in-reg] rst_n -> _89421_/RESET_B : -150.284592
[setup in-reg] rst_n -> _89422_/RESET_B : -150.284592
[setup in-reg] rst_n -> _89423_/RESET_B : -150.284592
[setup in-reg] rst_n -> _89424_/RESET_B : -150.284592
[setup in-reg] rst_n -> _89425_/RESET_B : -150.284592
[setup in-reg] rst_n -> _89426_/RESET_B : -150.284592
[setup in-reg] rst_n -> _89427_/RESET_B : -150.284592
[setup in-reg] rst_n -> _89428_/RESET_B : -150.284592
[setup in-reg] rst_n -> _89429_/RESET_B : -150.284592
[setup in-reg] rst_n -> _89430_/RESET_B : -150.284592
[setup in-reg] rst_n -> _89431_/RESET_B : -150.284592
[setup in-reg] rst_n -> _89432_/RESET_B : -150.284592
[setup in-reg] rst_n -> _89433_/RESET_B : -150.284592
[setup in-reg] rst_n -> _89434_/RESET_B : -150.284592
[setup in-reg] rst_n -> _89435_/RESET_B : -150.284592
[setup in-reg] rst_n -> _89436_/RESET_B : -150.284592
[setup in-reg] rst_n -> _89437_/RESET_B : -150.284592
[setup in-reg] rst_n -> _89438_/RESET_B : -150.284592
[setup in-reg] rst_n -> _89439_/RESET_B : -150.284592
[setup in-reg] rst_n -> _89440_/RESET_B : -150.284592
[setup in-reg] rst_n -> _89441_/RESET_B : -150.284592
[setup in-reg] rst_n -> _89442_/RESET_B : -150.284592
[setup in-reg] rst_n -> _89443_/RESET_B : -150.284592
[setup in-reg] rst_n -> _89444_/RESET_B : -150.284592
[setup in-reg] rst_n -> _89445_/RESET_B : -150.284592
[setup in-reg] rst_n -> _89446_/RESET_B : -150.284592
[setup in-reg] rst_n -> _89447_/RESET_B : -150.284592
[setup in-reg] rst_n -> _89448_/RESET_B : -150.284592
[setup in-reg] rst_n -> _89449_/RESET_B : -150.284592
[setup in-reg] rst_n -> _89450_/RESET_B : -150.284592
[setup in-reg] rst_n -> _89451_/RESET_B : -150.284592
[setup in-reg] rst_n -> _89452_/RESET_B : -150.284592
[setup in-reg] rst_n -> _89453_/RESET_B : -150.284592
[setup in-reg] rst_n -> _89454_/RESET_B : -150.284592
[setup in-reg] rst_n -> _89455_/RESET_B : -150.284592
[setup in-reg] rst_n -> _89456_/RESET_B : -150.284592
[setup in-reg] rst_n -> _89457_/RESET_B : -150.284592
[setup in-reg] rst_n -> _89458_/RESET_B : -150.284592
[setup in-reg] rst_n -> _89459_/RESET_B : -150.284592
[setup in-reg] rst_n -> _89460_/RESET_B : -150.284592
[setup in-reg] rst_n -> _89461_/RESET_B : -150.284592
[setup in-reg] rst_n -> _89462_/RESET_B : -150.284592
[setup in-reg] rst_n -> _89463_/RESET_B : -150.284592
[setup in-reg] rst_n -> _89464_/RESET_B : -150.284592
[setup in-reg] rst_n -> _89465_/RESET_B : -150.284592
[setup in-reg] rst_n -> _89466_/RESET_B : -150.284592
[setup in-reg] rst_n -> _89467_/RESET_B : -150.284592
[setup in-reg] rst_n -> _89468_/RESET_B : -150.284592
[setup in-reg] rst_n -> _89469_/RESET_B : -150.284592
[setup in-reg] rst_n -> _89470_/RESET_B : -150.284592
[setup in-reg] rst_n -> _89471_/RESET_B : -150.284592
[setup in-reg] rst_n -> _89472_/RESET_B : -150.284592
[setup in-reg] rst_n -> _89473_/RESET_B : -150.284592
[setup in-reg] rst_n -> _89474_/RESET_B : -150.284592
[setup in-reg] rst_n -> _89475_/RESET_B : -150.284592
[setup in-reg] rst_n -> _89476_/RESET_B : -150.284592
[setup in-reg] rst_n -> _89477_/RESET_B : -150.284592
[setup in-reg] rst_n -> _89478_/RESET_B : -150.284592
[setup in-reg] rst_n -> _89479_/RESET_B : -150.284592
[setup in-reg] rst_n -> _89480_/RESET_B : -150.284592
[setup in-reg] rst_n -> _89481_/RESET_B : -150.284592
[setup in-reg] rst_n -> _89482_/RESET_B : -150.284592
[setup in-reg] rst_n -> _89483_/RESET_B : -150.284592
[setup in-reg] rst_n -> _89484_/RESET_B : -150.284592
[setup in-reg] rst_n -> _89485_/RESET_B : -150.284592
[setup in-reg] rst_n -> _89486_/RESET_B : -150.284592
[setup in-reg] rst_n -> _89487_/RESET_B : -150.284592
[setup in-reg] rst_n -> _89488_/RESET_B : -150.284592
[setup in-reg] rst_n -> _89489_/RESET_B : -150.284592
[setup in-reg] rst_n -> _89490_/RESET_B : -150.284592
[setup in-reg] rst_n -> _89491_/RESET_B : -150.284592
[setup in-reg] rst_n -> _89492_/RESET_B : -150.284592
[setup in-reg] rst_n -> _89493_/RESET_B : -150.284592
[setup in-reg] rst_n -> _89494_/RESET_B : -150.284592
[setup in-reg] rst_n -> _89495_/RESET_B : -150.284592
[setup in-reg] rst_n -> _89496_/RESET_B : -150.284592
[setup in-reg] rst_n -> _89497_/RESET_B : -150.284592
[setup in-reg] rst_n -> _89498_/RESET_B : -150.284592
[setup in-reg] rst_n -> _89499_/RESET_B : -150.284592
[setup in-reg] rst_n -> _89500_/RESET_B : -150.284592
[setup in-reg] rst_n -> _89501_/RESET_B : -150.284592
[setup in-reg] rst_n -> _89502_/RESET_B : -150.284592
[setup in-reg] rst_n -> _89503_/RESET_B : -150.284592
[setup in-reg] rst_n -> _89504_/RESET_B : -150.284592
[setup in-reg] rst_n -> _89505_/RESET_B : -150.284592
[setup in-reg] rst_n -> _89506_/RESET_B : -150.284592
[setup in-reg] rst_n -> _89507_/RESET_B : -150.284592
[setup in-reg] rst_n -> _89508_/RESET_B : -150.284592
[setup in-reg] rst_n -> _89509_/RESET_B : -150.284592
[setup in-reg] rst_n -> _89510_/RESET_B : -150.284592
[setup in-reg] rst_n -> _89511_/RESET_B : -150.284592
[setup in-reg] rst_n -> _89512_/RESET_B : -150.284592
[setup in-reg] rst_n -> _89513_/RESET_B : -150.284592
[setup in-reg] rst_n -> _89514_/RESET_B : -150.284592
[setup in-reg] rst_n -> _89515_/RESET_B : -150.284592
[setup in-reg] rst_n -> _89516_/RESET_B : -150.284592
[setup in-reg] rst_n -> _89517_/RESET_B : -150.284592
[setup in-reg] rst_n -> _89518_/RESET_B : -150.284592
[setup in-reg] rst_n -> _89519_/RESET_B : -150.284592
[setup in-reg] rst_n -> _89520_/RESET_B : -150.284592
[setup in-reg] rst_n -> _89521_/RESET_B : -150.284592
[setup in-reg] rst_n -> _89522_/RESET_B : -150.284592
[setup in-reg] rst_n -> _89523_/RESET_B : -150.284592
[setup in-reg] rst_n -> _89524_/RESET_B : -150.284592
[setup in-reg] rst_n -> _89525_/RESET_B : -150.284592
[setup in-reg] rst_n -> _89526_/RESET_B : -150.284592
[setup in-reg] rst_n -> _89527_/RESET_B : -150.284592
[setup in-reg] rst_n -> _89528_/RESET_B : -150.284592
[setup in-reg] rst_n -> _89529_/RESET_B : -150.284592
[setup in-reg] rst_n -> _89530_/RESET_B : -150.284592
[setup in-reg] rst_n -> _89531_/RESET_B : -150.284592
[setup in-reg] rst_n -> _89532_/RESET_B : -150.284592
[setup in-reg] rst_n -> _89533_/RESET_B : -150.284592
[setup in-reg] rst_n -> _89534_/RESET_B : -150.284592
[setup in-reg] rst_n -> _89535_/RESET_B : -150.284592
[setup in-reg] rst_n -> _89536_/RESET_B : -150.284592
[setup in-reg] rst_n -> _89537_/RESET_B : -150.284592
[setup in-reg] rst_n -> _89538_/RESET_B : -150.284592
[setup in-reg] rst_n -> _89539_/RESET_B : -150.284592
[setup in-reg] rst_n -> _89540_/RESET_B : -150.284592
[setup in-reg] rst_n -> _89541_/RESET_B : -150.284592
[setup in-reg] rst_n -> _89542_/RESET_B : -150.284592
[setup in-reg] rst_n -> _89543_/RESET_B : -150.284592
[setup in-reg] rst_n -> _89544_/RESET_B : -150.284592
[setup in-reg] rst_n -> _89545_/RESET_B : -150.284592
[setup in-reg] rst_n -> _89546_/RESET_B : -150.284592
[setup in-reg] rst_n -> _89547_/RESET_B : -150.284592
[setup in-reg] rst_n -> _89548_/RESET_B : -150.284592
[setup in-reg] rst_n -> _89549_/RESET_B : -150.284592
[setup in-reg] rst_n -> _89550_/RESET_B : -150.284592
[setup in-reg] rst_n -> _89551_/RESET_B : -150.284592
[setup in-reg] rst_n -> _89552_/RESET_B : -150.284592
[setup in-reg] rst_n -> _89553_/RESET_B : -150.284592
[setup in-reg] rst_n -> _89554_/RESET_B : -150.284592
[setup in-reg] rst_n -> _89555_/RESET_B : -150.284592
[setup in-reg] rst_n -> _89556_/RESET_B : -150.284592
[setup in-reg] rst_n -> _89557_/RESET_B : -150.284592
[setup in-reg] rst_n -> _89558_/RESET_B : -150.284592
[setup in-reg] rst_n -> _89559_/RESET_B : -150.284592
[setup in-reg] rst_n -> _89560_/RESET_B : -150.284592
[setup in-reg] rst_n -> _89561_/RESET_B : -150.284592
[setup in-reg] rst_n -> _89562_/RESET_B : -150.284592
[setup in-reg] rst_n -> _89563_/RESET_B : -150.284592
[setup in-reg] rst_n -> _89564_/RESET_B : -150.284592
[setup in-reg] rst_n -> _89565_/RESET_B : -150.284592
[setup in-reg] rst_n -> _89566_/RESET_B : -150.284592
[setup in-reg] rst_n -> _89567_/RESET_B : -150.284592
[setup in-reg] rst_n -> _89568_/RESET_B : -150.284592
[setup in-reg] rst_n -> _89569_/RESET_B : -150.284592
[setup in-reg] rst_n -> _89570_/RESET_B : -150.284592
[setup in-reg] rst_n -> _89571_/RESET_B : -150.284592
[setup in-reg] rst_n -> _89572_/RESET_B : -150.284592
[setup in-reg] rst_n -> _89573_/RESET_B : -150.284592
[setup in-reg] rst_n -> _89574_/RESET_B : -150.284592
[setup in-reg] rst_n -> _89575_/RESET_B : -150.284592
[setup in-reg] rst_n -> _89576_/RESET_B : -150.284592
[setup in-reg] rst_n -> _89577_/RESET_B : -150.284592
[setup in-reg] rst_n -> _89578_/RESET_B : -150.284592
[setup in-reg] rst_n -> _89579_/RESET_B : -150.284592
[setup in-reg] rst_n -> _89580_/RESET_B : -150.284592
[setup in-reg] rst_n -> _89581_/RESET_B : -150.284592
[setup in-reg] rst_n -> _89582_/RESET_B : -150.284592
[setup in-reg] rst_n -> _89583_/RESET_B : -150.284592
[setup in-reg] rst_n -> _89584_/RESET_B : -150.284592
[setup in-reg] rst_n -> _89585_/RESET_B : -150.284592
[setup in-reg] rst_n -> _89586_/RESET_B : -150.284592
[setup in-reg] rst_n -> _89587_/RESET_B : -150.284592
[setup in-reg] rst_n -> _89588_/RESET_B : -150.284592
[setup in-reg] rst_n -> _89589_/RESET_B : -150.284592
[setup in-reg] rst_n -> _89590_/RESET_B : -150.284592
[setup in-reg] rst_n -> _89591_/RESET_B : -150.284592
[setup in-reg] rst_n -> _89592_/RESET_B : -150.284592
[setup in-reg] rst_n -> _89593_/RESET_B : -150.284592
[setup in-reg] rst_n -> _89594_/RESET_B : -150.284592
[setup in-reg] rst_n -> _89595_/RESET_B : -150.284592
[setup in-reg] rst_n -> _89596_/RESET_B : -150.284592
[setup in-reg] rst_n -> _89597_/RESET_B : -150.284592
[setup in-reg] rst_n -> _89598_/RESET_B : -150.284592
[setup in-reg] rst_n -> _89599_/RESET_B : -150.284592
[setup in-reg] rst_n -> _89600_/RESET_B : -150.284592
[setup in-reg] rst_n -> _89601_/RESET_B : -150.284592
[setup in-reg] rst_n -> _89602_/RESET_B : -150.284592
[setup in-reg] rst_n -> _89603_/RESET_B : -150.284592
[setup in-reg] rst_n -> _89604_/RESET_B : -150.284592
[setup in-reg] rst_n -> _89605_/RESET_B : -150.284592
[setup in-reg] rst_n -> _89606_/RESET_B : -150.284592
[setup in-reg] rst_n -> _89607_/RESET_B : -150.284592
[setup in-reg] rst_n -> _89608_/RESET_B : -150.284592
[setup in-reg] rst_n -> _89609_/RESET_B : -150.284592
[setup in-reg] rst_n -> _89610_/RESET_B : -150.284592
[setup in-reg] rst_n -> _89611_/RESET_B : -150.284592
[setup in-reg] rst_n -> _89612_/RESET_B : -150.284592
[setup in-reg] rst_n -> _89613_/RESET_B : -150.284592
[setup in-reg] rst_n -> _89614_/RESET_B : -150.284592
[setup in-reg] rst_n -> _89615_/RESET_B : -150.284592
[setup in-reg] rst_n -> _89616_/RESET_B : -150.284592
[setup in-reg] rst_n -> _89617_/RESET_B : -150.284592
[setup in-reg] rst_n -> _89618_/RESET_B : -150.284592
[setup in-reg] rst_n -> _89619_/RESET_B : -150.284592
[setup in-reg] rst_n -> _89620_/RESET_B : -150.284592
[setup in-reg] rst_n -> _89621_/RESET_B : -150.284592
[setup in-reg] rst_n -> _89622_/RESET_B : -150.284592
[setup in-reg] rst_n -> _89623_/RESET_B : -150.284592
[setup in-reg] rst_n -> _89624_/RESET_B : -150.284592
[setup in-reg] rst_n -> _89625_/RESET_B : -150.284592
[setup in-reg] rst_n -> _89626_/RESET_B : -150.284592
[setup in-reg] rst_n -> _89627_/RESET_B : -150.284592
[setup in-reg] rst_n -> _89628_/RESET_B : -150.284592
[setup in-reg] rst_n -> _89629_/RESET_B : -150.284592
[setup in-reg] rst_n -> _89630_/RESET_B : -150.284592
[setup in-reg] rst_n -> _89631_/RESET_B : -150.284592
[setup in-reg] rst_n -> _89632_/RESET_B : -150.284592
[setup in-reg] rst_n -> _89633_/RESET_B : -150.284592
[setup in-reg] rst_n -> _89634_/RESET_B : -150.284592
[setup in-reg] rst_n -> _89635_/RESET_B : -150.284592
[setup in-reg] rst_n -> _89636_/RESET_B : -150.284592
[setup in-reg] rst_n -> _89637_/RESET_B : -150.284592
[setup in-reg] rst_n -> _89638_/RESET_B : -150.284592
[setup in-reg] rst_n -> _89639_/RESET_B : -150.284592
[setup in-reg] rst_n -> _89640_/RESET_B : -150.284592
[setup in-reg] rst_n -> _89641_/RESET_B : -150.284592
[setup in-reg] rst_n -> _89642_/RESET_B : -150.284592
[setup in-reg] rst_n -> _89643_/RESET_B : -150.284592
[setup in-reg] rst_n -> _89644_/RESET_B : -150.284592
[setup in-reg] rst_n -> _89645_/RESET_B : -150.284592
[setup in-reg] rst_n -> _89646_/RESET_B : -150.284592
[setup in-reg] rst_n -> _89647_/RESET_B : -150.284592
[setup in-reg] rst_n -> _89648_/RESET_B : -150.284592
[setup in-reg] rst_n -> _89649_/RESET_B : -150.284592
[setup in-reg] rst_n -> _89650_/RESET_B : -150.284592
[setup in-reg] rst_n -> _89651_/RESET_B : -150.284592
[setup in-reg] rst_n -> _89652_/RESET_B : -150.284592
[setup in-reg] rst_n -> _89653_/RESET_B : -150.284592
[setup in-reg] rst_n -> _89654_/RESET_B : -150.284592
[setup in-reg] rst_n -> _89655_/RESET_B : -150.284592
[setup in-reg] rst_n -> _89656_/RESET_B : -150.284592
[setup in-reg] rst_n -> _89657_/RESET_B : -150.284592
[setup in-reg] rst_n -> _89658_/RESET_B : -150.284592
[setup in-reg] rst_n -> _89659_/RESET_B : -150.284592
[setup in-reg] rst_n -> _89660_/RESET_B : -150.284592
[setup in-reg] rst_n -> _89661_/RESET_B : -150.284592
[setup in-reg] rst_n -> _89662_/RESET_B : -150.284592
[setup in-reg] rst_n -> _89663_/RESET_B : -150.284592
[setup in-reg] rst_n -> _89664_/RESET_B : -150.284592
[setup in-reg] rst_n -> _89665_/RESET_B : -150.284592
[setup in-reg] rst_n -> _89666_/RESET_B : -150.284592
[setup in-reg] rst_n -> _89667_/RESET_B : -150.284592
[setup in-reg] rst_n -> _89668_/RESET_B : -150.284592
[setup in-reg] rst_n -> _89669_/RESET_B : -150.284592
[setup in-reg] rst_n -> _89670_/RESET_B : -150.284592
[setup in-reg] rst_n -> _89671_/RESET_B : -150.284592
[setup in-reg] rst_n -> _89672_/RESET_B : -150.284592
[setup in-reg] rst_n -> _89673_/RESET_B : -150.284592
[setup in-reg] rst_n -> _89674_/RESET_B : -150.284592
[setup in-reg] rst_n -> _89675_/RESET_B : -150.284592
[setup in-reg] rst_n -> _89676_/RESET_B : -150.284592
[setup in-reg] rst_n -> _89677_/RESET_B : -150.284592
[setup in-reg] rst_n -> _89678_/RESET_B : -150.284592
[setup in-reg] rst_n -> _89679_/RESET_B : -150.284592
[setup in-reg] rst_n -> _89680_/RESET_B : -150.284592
[setup in-reg] rst_n -> _89681_/RESET_B : -150.284592
[setup in-reg] rst_n -> _89682_/RESET_B : -150.284592
[setup in-reg] rst_n -> _89683_/RESET_B : -150.284592
[setup in-reg] rst_n -> _89684_/RESET_B : -150.284592
[setup in-reg] rst_n -> _89685_/RESET_B : -150.284592
[setup in-reg] rst_n -> _89686_/RESET_B : -150.284592
[setup in-reg] rst_n -> _89687_/RESET_B : -150.284592
[setup in-reg] rst_n -> _89688_/RESET_B : -150.284592
[setup in-reg] rst_n -> _89689_/RESET_B : -150.284592
[setup in-reg] rst_n -> _89690_/RESET_B : -150.284592
[setup in-reg] rst_n -> _89691_/RESET_B : -150.284592
[setup in-reg] rst_n -> _89692_/RESET_B : -150.284592
[setup in-reg] rst_n -> _89693_/RESET_B : -150.284592
[setup in-reg] rst_n -> _89694_/RESET_B : -150.284592
[setup in-reg] rst_n -> _89695_/RESET_B : -150.284592
[setup in-reg] rst_n -> _89696_/RESET_B : -150.284592
[setup in-reg] rst_n -> _89697_/RESET_B : -150.284592
[setup in-reg] rst_n -> _89698_/RESET_B : -150.284592
[setup in-reg] rst_n -> _89699_/RESET_B : -150.284592
[setup in-reg] rst_n -> _89700_/RESET_B : -150.284592
[setup in-reg] rst_n -> _89701_/RESET_B : -150.284592
[setup in-reg] rst_n -> _89702_/RESET_B : -150.284592
[setup in-reg] rst_n -> _89703_/RESET_B : -150.284592
[setup in-reg] rst_n -> _89704_/RESET_B : -150.284592
[setup in-reg] rst_n -> _89705_/RESET_B : -150.284592
[setup in-reg] rst_n -> _89706_/RESET_B : -150.284592
[setup in-reg] rst_n -> _89707_/RESET_B : -150.284592
[setup in-reg] rst_n -> _89708_/RESET_B : -150.284592
[setup in-reg] rst_n -> _89709_/RESET_B : -150.284592
[setup in-reg] rst_n -> _89710_/RESET_B : -150.284592
[setup in-reg] rst_n -> _89711_/RESET_B : -150.284592
[setup in-reg] rst_n -> _89712_/RESET_B : -150.284592
[setup in-reg] rst_n -> _89713_/RESET_B : -150.284592
[setup in-reg] rst_n -> _89714_/RESET_B : -150.284592
[setup in-reg] rst_n -> _89715_/RESET_B : -150.284592
[setup in-reg] rst_n -> _89716_/RESET_B : -150.284592
[setup in-reg] rst_n -> _89717_/RESET_B : -150.284592
[setup in-reg] rst_n -> _89718_/RESET_B : -150.284592
[setup in-reg] rst_n -> _89719_/RESET_B : -150.284592
[setup in-reg] rst_n -> _89720_/RESET_B : -150.284592
[setup in-reg] rst_n -> _89721_/RESET_B : -150.284592
[setup in-reg] rst_n -> _89722_/RESET_B : -150.284592
[setup in-reg] rst_n -> _89723_/RESET_B : -150.284592
[setup in-reg] rst_n -> _89724_/RESET_B : -150.284592
[setup in-reg] rst_n -> _89725_/RESET_B : -150.284592
[setup in-reg] rst_n -> _89726_/RESET_B : -150.284592
[setup in-reg] rst_n -> _89727_/RESET_B : -150.284592
[setup in-reg] rst_n -> _89728_/RESET_B : -150.284592
[setup in-reg] rst_n -> _89729_/RESET_B : -150.284592
[setup in-reg] rst_n -> _89730_/RESET_B : -150.284592
[setup in-reg] rst_n -> _89731_/RESET_B : -150.284592
[setup in-reg] rst_n -> _89732_/RESET_B : -150.284592
[setup in-reg] rst_n -> _89733_/RESET_B : -150.284592
[setup in-reg] rst_n -> _89734_/RESET_B : -150.284592
[setup in-reg] rst_n -> _89735_/RESET_B : -150.284592
[setup in-reg] rst_n -> _89736_/RESET_B : -150.284592
[setup in-reg] rst_n -> _89737_/RESET_B : -150.284592
[setup in-reg] rst_n -> _89738_/RESET_B : -150.284592
[setup in-reg] rst_n -> _89739_/RESET_B : -150.284592
[setup in-reg] rst_n -> _89740_/RESET_B : -150.284592
[setup in-reg] rst_n -> _89741_/RESET_B : -150.284592
[setup in-reg] rst_n -> _89742_/RESET_B : -150.284592
[setup in-reg] rst_n -> _89743_/RESET_B : -150.284592
[setup in-reg] rst_n -> _89744_/RESET_B : -150.284592
[setup in-reg] rst_n -> _89745_/RESET_B : -150.284592
[setup in-reg] rst_n -> _89746_/RESET_B : -150.284592
[setup in-reg] rst_n -> _89747_/RESET_B : -150.284592
[setup in-reg] rst_n -> _89748_/RESET_B : -150.284592
[setup in-reg] rst_n -> _89749_/RESET_B : -150.284592
[setup in-reg] rst_n -> _89750_/RESET_B : -150.284592
[setup in-reg] rst_n -> _89751_/RESET_B : -150.284592
[setup in-reg] rst_n -> _89752_/RESET_B : -150.284592
[setup in-reg] rst_n -> _89753_/RESET_B : -150.284592
[setup in-reg] rst_n -> _89754_/RESET_B : -150.284592
[setup in-reg] rst_n -> _89755_/RESET_B : -150.284592
[setup in-reg] rst_n -> _89756_/RESET_B : -150.284592
[setup in-reg] rst_n -> _89757_/RESET_B : -150.284592
[setup in-reg] rst_n -> _89758_/RESET_B : -150.284592
[setup in-reg] rst_n -> _89759_/RESET_B : -150.284592
[setup in-reg] rst_n -> _89760_/RESET_B : -150.284592
[setup in-reg] rst_n -> _89761_/RESET_B : -150.284592
[setup in-reg] rst_n -> _89762_/RESET_B : -150.284592
[setup in-reg] rst_n -> _89763_/RESET_B : -150.284592
[setup in-reg] rst_n -> _89764_/RESET_B : -150.284592
[setup in-reg] rst_n -> _89765_/RESET_B : -150.284592
[setup in-reg] rst_n -> _89766_/RESET_B : -150.284592
[setup in-reg] rst_n -> _89767_/RESET_B : -150.284592
[setup in-reg] rst_n -> _89768_/RESET_B : -150.284592
[setup in-reg] rst_n -> _89769_/RESET_B : -150.284592
[setup in-reg] rst_n -> _89770_/RESET_B : -150.284592
[setup in-reg] rst_n -> _89771_/RESET_B : -150.284592
[setup in-reg] rst_n -> _89772_/RESET_B : -150.284592
[setup in-reg] rst_n -> _89773_/RESET_B : -150.284592
[setup in-reg] rst_n -> _89774_/RESET_B : -150.284592
[setup in-reg] rst_n -> _89775_/RESET_B : -150.284592
[setup in-reg] rst_n -> _89776_/RESET_B : -150.284592
[setup in-reg] rst_n -> _89777_/RESET_B : -150.284592
[setup in-reg] rst_n -> _89778_/RESET_B : -150.284592
[setup in-reg] rst_n -> _89779_/RESET_B : -150.284592
[setup in-reg] rst_n -> _89780_/RESET_B : -150.284592
[setup in-reg] rst_n -> _89781_/RESET_B : -150.284592
[setup in-reg] rst_n -> _89782_/RESET_B : -150.284592
[setup in-reg] rst_n -> _89783_/RESET_B : -150.284592
[setup in-reg] rst_n -> _89784_/RESET_B : -150.284592
[setup in-reg] rst_n -> _89785_/RESET_B : -150.284592
[setup in-reg] rst_n -> _89786_/RESET_B : -150.284592
[setup in-reg] rst_n -> _89787_/RESET_B : -150.284592
[setup in-reg] rst_n -> _89788_/RESET_B : -150.284592
[setup in-reg] rst_n -> _89789_/RESET_B : -150.284592
[setup in-reg] rst_n -> _89790_/RESET_B : -150.284592
[setup in-reg] rst_n -> _89791_/RESET_B : -150.284592
[setup in-reg] rst_n -> _89792_/RESET_B : -150.284592
[setup in-reg] rst_n -> _89793_/RESET_B : -150.284592
[setup in-reg] rst_n -> _89794_/RESET_B : -150.284592
[setup in-reg] rst_n -> _89795_/RESET_B : -150.284592
[setup in-reg] rst_n -> _89796_/RESET_B : -150.284592
[setup in-reg] rst_n -> _89797_/RESET_B : -150.284592
[setup in-reg] rst_n -> _89798_/RESET_B : -150.284592
[setup in-reg] rst_n -> _89799_/RESET_B : -150.284592
[setup in-reg] rst_n -> _89800_/RESET_B : -150.284592
[setup in-reg] rst_n -> _89801_/RESET_B : -150.284592
[setup in-reg] rst_n -> _89802_/RESET_B : -150.284592
[setup in-reg] rst_n -> _89803_/RESET_B : -150.284592
[setup in-reg] rst_n -> _89804_/RESET_B : -150.284592
[setup in-reg] rst_n -> _89805_/RESET_B : -150.284592
[setup in-reg] rst_n -> _89806_/RESET_B : -150.284592
[setup in-reg] rst_n -> _89807_/RESET_B : -150.284592
[setup in-reg] rst_n -> _89808_/RESET_B : -150.284592
[setup in-reg] rst_n -> _89809_/RESET_B : -150.284592
[setup in-reg] rst_n -> _89810_/RESET_B : -150.284592
[setup in-reg] rst_n -> _89811_/RESET_B : -150.284592
[setup in-reg] rst_n -> _89812_/RESET_B : -150.284592
[setup in-reg] rst_n -> _89813_/RESET_B : -150.284592
[setup in-reg] rst_n -> _89814_/RESET_B : -150.284592
[setup in-reg] rst_n -> _89815_/RESET_B : -150.284592
[setup in-reg] rst_n -> _89816_/RESET_B : -150.284592
[setup in-reg] rst_n -> _89817_/RESET_B : -150.284592
[setup in-reg] rst_n -> _89818_/RESET_B : -150.284592
[setup in-reg] rst_n -> _89819_/RESET_B : -150.284592
[setup in-reg] rst_n -> _89820_/RESET_B : -150.284592
[setup in-reg] rst_n -> _89821_/RESET_B : -150.284592
[setup in-reg] rst_n -> _89822_/RESET_B : -150.284592
[setup in-reg] rst_n -> _89823_/RESET_B : -150.284592
[setup in-reg] rst_n -> _89824_/RESET_B : -150.284592
[setup in-reg] rst_n -> _89825_/RESET_B : -150.284592
[setup in-reg] rst_n -> _89826_/RESET_B : -150.284592
[setup in-reg] rst_n -> _89827_/RESET_B : -150.284592
[setup in-reg] rst_n -> _89828_/RESET_B : -150.284592
[setup in-reg] rst_n -> _89829_/RESET_B : -150.284592
[setup in-reg] rst_n -> _89830_/RESET_B : -150.284592
[setup in-reg] rst_n -> _89831_/RESET_B : -150.284592
[setup in-reg] rst_n -> _89832_/RESET_B : -150.284592
[setup in-reg] rst_n -> _89833_/RESET_B : -150.284592
[setup in-reg] rst_n -> _89834_/RESET_B : -150.284592
[setup in-reg] rst_n -> _89835_/RESET_B : -150.284592
[setup in-reg] rst_n -> _89836_/RESET_B : -150.284592
[setup in-reg] rst_n -> _89837_/RESET_B : -150.284592
[setup in-reg] rst_n -> _89838_/RESET_B : -150.284592
[setup in-reg] rst_n -> _89839_/RESET_B : -150.284592
[setup in-reg] rst_n -> _89840_/RESET_B : -150.284592
[setup in-reg] rst_n -> _89841_/RESET_B : -150.284592
[setup in-reg] rst_n -> _89842_/RESET_B : -150.284592
[setup in-reg] rst_n -> _89843_/RESET_B : -150.284592
[setup in-reg] rst_n -> _89844_/RESET_B : -150.284592
[setup in-reg] rst_n -> _89845_/RESET_B : -150.284592
[setup in-reg] rst_n -> _89846_/RESET_B : -150.284592
[setup in-reg] rst_n -> _89847_/RESET_B : -150.284592
[setup in-reg] rst_n -> _89848_/RESET_B : -150.284592
[setup in-reg] rst_n -> _89849_/RESET_B : -150.284592
[setup in-reg] rst_n -> _89850_/RESET_B : -150.284592
[setup in-reg] rst_n -> _89851_/RESET_B : -150.284592
[setup in-reg] rst_n -> _89852_/RESET_B : -150.284592
[setup in-reg] rst_n -> _89853_/RESET_B : -150.284592
[setup in-reg] rst_n -> _89854_/RESET_B : -150.284592
[setup in-reg] rst_n -> _89855_/RESET_B : -150.284592
[setup in-reg] rst_n -> _89856_/RESET_B : -150.284592
[setup in-reg] rst_n -> _89857_/RESET_B : -150.284592
[setup in-reg] rst_n -> _89858_/RESET_B : -150.284592
[setup in-reg] rst_n -> _89859_/RESET_B : -150.284592
[setup in-reg] rst_n -> _89860_/RESET_B : -150.284592
[setup in-reg] rst_n -> _89861_/RESET_B : -150.284592
[setup in-reg] rst_n -> _89862_/RESET_B : -150.284592
[setup in-reg] rst_n -> _89863_/RESET_B : -150.284592
[setup in-reg] rst_n -> _89864_/RESET_B : -150.284592
[setup in-reg] rst_n -> _89865_/RESET_B : -150.284592
[setup in-reg] rst_n -> _89866_/RESET_B : -150.284592
[setup in-reg] rst_n -> _89867_/RESET_B : -150.284592
[setup in-reg] rst_n -> _89868_/RESET_B : -150.284592
[setup in-reg] rst_n -> _89869_/RESET_B : -150.284592
[setup in-reg] rst_n -> _89870_/RESET_B : -150.284592
[setup in-reg] rst_n -> _89871_/RESET_B : -150.284592
[setup in-reg] rst_n -> _89872_/RESET_B : -150.284592
[setup in-reg] rst_n -> _89873_/RESET_B : -150.284592
[setup in-reg] rst_n -> _89874_/RESET_B : -150.284592
[setup in-reg] rst_n -> _89875_/RESET_B : -150.284592
[setup in-reg] rst_n -> _89876_/RESET_B : -150.284592
[setup in-reg] rst_n -> _89877_/RESET_B : -150.284592
[setup in-reg] rst_n -> _89878_/RESET_B : -150.284592
[setup in-reg] rst_n -> _89879_/RESET_B : -150.284592
[setup in-reg] rst_n -> _89880_/RESET_B : -150.284592
[setup in-reg] rst_n -> _89881_/RESET_B : -150.284592
[setup in-reg] rst_n -> _89882_/RESET_B : -150.284592
[setup in-reg] rst_n -> _89883_/RESET_B : -150.284592
[setup in-reg] rst_n -> _89884_/RESET_B : -150.284592
[setup in-reg] rst_n -> _89885_/RESET_B : -150.284592
[setup in-reg] rst_n -> _89886_/RESET_B : -150.284592
[setup in-reg] rst_n -> _89887_/RESET_B : -150.284592
[setup in-reg] rst_n -> _89888_/RESET_B : -150.284592
[setup in-reg] rst_n -> _89889_/RESET_B : -150.284592
[setup in-reg] rst_n -> _89890_/RESET_B : -150.284592
[setup in-reg] rst_n -> _89891_/RESET_B : -150.284592
[setup in-reg] rst_n -> _89892_/RESET_B : -150.284592
[setup in-reg] rst_n -> _89893_/RESET_B : -150.284592
[setup in-reg] rst_n -> _89894_/RESET_B : -150.284592
[setup in-reg] rst_n -> _89895_/RESET_B : -150.284592
[setup in-reg] rst_n -> _89896_/RESET_B : -150.284592
[setup in-reg] rst_n -> _89897_/RESET_B : -150.284592
[setup in-reg] rst_n -> _89898_/RESET_B : -150.284592
[setup in-reg] rst_n -> _89899_/RESET_B : -150.284592
[setup in-reg] rst_n -> _89900_/RESET_B : -150.284592
[setup in-reg] rst_n -> _89901_/RESET_B : -150.284592
[setup in-reg] rst_n -> _89902_/RESET_B : -150.284592
[setup in-reg] rst_n -> _89903_/RESET_B : -150.284592
[setup in-reg] rst_n -> _89904_/RESET_B : -150.284592
[setup in-reg] rst_n -> _89905_/RESET_B : -150.284592
[setup in-reg] rst_n -> _89906_/RESET_B : -150.284592
[setup in-reg] rst_n -> _89907_/RESET_B : -150.284592
[setup in-reg] rst_n -> _89908_/RESET_B : -150.284592
[setup in-reg] rst_n -> _89909_/RESET_B : -150.284592
[setup in-reg] rst_n -> _89910_/RESET_B : -150.284592
[setup in-reg] rst_n -> _89911_/RESET_B : -150.284592
[setup in-reg] rst_n -> _89912_/RESET_B : -150.284592
[setup in-reg] rst_n -> _89913_/RESET_B : -150.284592
[setup in-reg] rst_n -> _89914_/RESET_B : -150.284592
[setup in-reg] rst_n -> _89915_/RESET_B : -150.284592
[setup in-reg] rst_n -> _89916_/RESET_B : -150.284592
[setup in-reg] rst_n -> _89917_/RESET_B : -150.284592
[setup in-reg] rst_n -> _89918_/RESET_B : -150.284592
[setup in-reg] rst_n -> _89919_/RESET_B : -150.284592
[setup in-reg] rst_n -> _89920_/RESET_B : -150.284592
[setup in-reg] rst_n -> _89921_/RESET_B : -150.284592
[setup in-reg] rst_n -> _89922_/RESET_B : -150.284592
[setup in-reg] rst_n -> _89923_/RESET_B : -150.284592
[setup in-reg] rst_n -> _89924_/RESET_B : -150.284592
[setup in-reg] rst_n -> _89925_/RESET_B : -150.284592
[setup in-reg] rst_n -> _89926_/RESET_B : -150.284592
[setup in-reg] rst_n -> _89927_/RESET_B : -150.284592
[setup in-reg] rst_n -> _89928_/RESET_B : -150.284592
[setup in-reg] rst_n -> _89929_/RESET_B : -150.284592
[setup in-reg] rst_n -> _89930_/RESET_B : -150.284592
[setup in-reg] rst_n -> _89931_/RESET_B : -150.284592
[setup in-reg] rst_n -> _89932_/RESET_B : -150.284592
[setup in-reg] rst_n -> _89933_/RESET_B : -150.284592
[setup in-reg] rst_n -> _89934_/RESET_B : -150.284592
[setup in-reg] rst_n -> _89935_/RESET_B : -150.284592
[setup in-reg] rst_n -> _89936_/RESET_B : -150.284592
[setup in-reg] rst_n -> _89937_/RESET_B : -150.284592
[setup in-reg] rst_n -> _89938_/RESET_B : -150.284592
[setup in-reg] rst_n -> _89939_/RESET_B : -150.284592
[setup in-reg] rst_n -> _89940_/RESET_B : -150.284592
[setup in-reg] rst_n -> _89941_/RESET_B : -150.284592
[setup in-reg] rst_n -> _89942_/RESET_B : -150.284592
[setup in-reg] rst_n -> _89943_/RESET_B : -150.284592
[setup in-reg] rst_n -> _89944_/RESET_B : -150.284592
[setup in-reg] rst_n -> _89945_/RESET_B : -150.284592
[setup in-reg] rst_n -> _89946_/RESET_B : -150.284592
[setup in-reg] rst_n -> _89947_/RESET_B : -150.284592
[setup in-reg] rst_n -> _89948_/RESET_B : -150.284592
[setup in-reg] rst_n -> _89949_/RESET_B : -150.284592
[setup in-reg] rst_n -> _89950_/RESET_B : -150.284592
[setup in-reg] rst_n -> _89951_/RESET_B : -150.284592
[setup in-reg] rst_n -> _89952_/RESET_B : -150.284592
[setup in-reg] rst_n -> _89953_/RESET_B : -150.284592
[setup in-reg] rst_n -> _89954_/RESET_B : -150.284592
[setup in-reg] rst_n -> _89955_/RESET_B : -150.284592
[setup in-reg] rst_n -> _89956_/RESET_B : -150.284592
[setup in-reg] rst_n -> _89957_/RESET_B : -150.284592
[setup in-reg] rst_n -> _89958_/RESET_B : -150.284592
[setup in-reg] rst_n -> _89959_/RESET_B : -150.284592
[setup in-reg] rst_n -> _89960_/RESET_B : -150.284592
[setup in-reg] rst_n -> _89961_/RESET_B : -150.284592
[setup in-reg] rst_n -> _89962_/RESET_B : -150.284592
[setup in-reg] rst_n -> _89963_/RESET_B : -150.284592
[setup in-reg] rst_n -> _89964_/RESET_B : -150.284592
[setup in-reg] rst_n -> _89965_/RESET_B : -150.284592
[setup in-reg] rst_n -> _89966_/RESET_B : -150.284592
[setup in-reg] rst_n -> _89967_/RESET_B : -150.284592
[setup in-reg] rst_n -> _89968_/RESET_B : -150.284592
[setup in-reg] rst_n -> _89969_/RESET_B : -150.284592
[setup in-reg] rst_n -> _89970_/RESET_B : -150.284592
[setup in-reg] rst_n -> _89971_/RESET_B : -150.284592
[setup in-reg] rst_n -> _89972_/RESET_B : -150.284592
[setup in-reg] rst_n -> _89973_/RESET_B : -150.284592
[setup in-reg] rst_n -> _89974_/RESET_B : -150.284592
[setup in-reg] rst_n -> _89975_/RESET_B : -150.284592
[setup in-reg] rst_n -> _89976_/RESET_B : -150.284592
[setup in-reg] rst_n -> _89977_/RESET_B : -150.284592
[setup in-reg] rst_n -> _89978_/RESET_B : -150.284592
[setup in-reg] rst_n -> _89979_/RESET_B : -150.284592
[setup in-reg] rst_n -> _89980_/RESET_B : -150.284592
[setup in-reg] rst_n -> _89981_/RESET_B : -150.284592
[setup in-reg] rst_n -> _89982_/RESET_B : -150.284592
[setup in-reg] rst_n -> _89983_/RESET_B : -150.284592
[setup in-reg] rst_n -> _89984_/RESET_B : -150.284592
[setup in-reg] rst_n -> _89985_/RESET_B : -150.284592
[setup in-reg] rst_n -> _89986_/RESET_B : -150.284592
[setup in-reg] rst_n -> _89987_/RESET_B : -150.284592
[setup in-reg] rst_n -> _89988_/RESET_B : -150.284592
[setup in-reg] rst_n -> _89989_/RESET_B : -150.284592
[setup in-reg] rst_n -> _89990_/RESET_B : -150.284592
[setup in-reg] rst_n -> _89991_/RESET_B : -150.284592
[setup in-reg] rst_n -> _89992_/RESET_B : -150.284592
[setup in-reg] rst_n -> _89993_/RESET_B : -150.284592
[setup in-reg] rst_n -> _89994_/RESET_B : -150.284592
[setup in-reg] rst_n -> _89995_/RESET_B : -150.284592
[setup in-reg] rst_n -> _89996_/RESET_B : -150.284592
[setup in-reg] rst_n -> _89997_/RESET_B : -150.284592
[setup in-reg] rst_n -> _89998_/RESET_B : -150.284592
[setup in-reg] rst_n -> _89999_/RESET_B : -150.284592
[setup in-reg] rst_n -> _90000_/RESET_B : -150.284592
[setup in-reg] rst_n -> _90001_/RESET_B : -150.284592
[setup in-reg] rst_n -> _90002_/RESET_B : -150.284592
[setup in-reg] rst_n -> _90003_/RESET_B : -150.284592
[setup in-reg] rst_n -> _90004_/RESET_B : -150.284592
[setup in-reg] rst_n -> _90005_/RESET_B : -150.284592
[setup in-reg] rst_n -> _90006_/RESET_B : -150.284592
[setup in-reg] rst_n -> _90007_/RESET_B : -150.284592
[setup in-reg] rst_n -> _90008_/RESET_B : -150.284592
[setup in-reg] rst_n -> _90009_/RESET_B : -150.284592
[setup in-reg] rst_n -> _90010_/RESET_B : -150.284592
[setup in-reg] rst_n -> _90011_/RESET_B : -150.284592
[setup in-reg] rst_n -> _90012_/RESET_B : -150.284592
[setup in-reg] rst_n -> _90013_/RESET_B : -150.284592
[setup in-reg] rst_n -> _90014_/RESET_B : -150.284592
[setup in-reg] rst_n -> _90015_/RESET_B : -150.284592
[setup in-reg] rst_n -> _90016_/RESET_B : -150.284592
[setup in-reg] rst_n -> _90017_/RESET_B : -150.284592
[setup in-reg] rst_n -> _90018_/RESET_B : -150.284592
[setup in-reg] rst_n -> _90019_/RESET_B : -150.284592
[setup in-reg] rst_n -> _90020_/RESET_B : -150.284592
[setup in-reg] rst_n -> _90021_/RESET_B : -150.284592
[setup in-reg] rst_n -> _90022_/RESET_B : -150.284592
[setup in-reg] rst_n -> _90023_/RESET_B : -150.284592
[setup in-reg] rst_n -> _90024_/RESET_B : -150.284592
[setup in-reg] rst_n -> _90025_/RESET_B : -150.284592
[setup in-reg] rst_n -> _90026_/RESET_B : -150.284592
[setup in-reg] rst_n -> _90027_/RESET_B : -150.284592
[setup in-reg] rst_n -> _90028_/RESET_B : -150.284592
[setup in-reg] rst_n -> _90029_/RESET_B : -150.284592
[setup in-reg] rst_n -> _90030_/RESET_B : -150.284592
[setup in-reg] rst_n -> _90031_/RESET_B : -150.284592
[setup in-reg] rst_n -> _90032_/RESET_B : -150.284592
[setup in-reg] rst_n -> _90033_/RESET_B : -150.284592
[setup in-reg] rst_n -> _90034_/RESET_B : -150.284592
[setup in-reg] rst_n -> _90035_/RESET_B : -150.284592
[setup in-reg] rst_n -> _90036_/RESET_B : -150.284592
[setup in-reg] rst_n -> _90037_/RESET_B : -150.284592
[setup in-reg] rst_n -> _90038_/RESET_B : -150.284592
[setup in-reg] rst_n -> _90039_/RESET_B : -150.284592
[setup in-reg] rst_n -> _90040_/RESET_B : -150.284592
[setup in-reg] rst_n -> _90041_/RESET_B : -150.284592
[setup in-reg] rst_n -> _90042_/RESET_B : -150.284592
[setup in-reg] rst_n -> _90043_/RESET_B : -150.284592
[setup in-reg] rst_n -> _90044_/RESET_B : -150.284592
[setup in-reg] rst_n -> _90045_/RESET_B : -150.284592
[setup in-reg] rst_n -> _90046_/RESET_B : -150.284592
[setup in-reg] rst_n -> _90047_/RESET_B : -150.284592
[setup in-reg] rst_n -> _90048_/RESET_B : -150.284592
[setup in-reg] rst_n -> _90049_/RESET_B : -150.284592
[setup in-reg] rst_n -> _90050_/RESET_B : -150.284592
[setup in-reg] rst_n -> _90051_/RESET_B : -150.284592
[setup in-reg] rst_n -> _90052_/RESET_B : -150.284592
[setup in-reg] rst_n -> _90053_/RESET_B : -150.284592
[setup in-reg] rst_n -> _90054_/RESET_B : -150.284592
[setup in-reg] rst_n -> _90055_/RESET_B : -150.284592
[setup in-reg] rst_n -> _90056_/RESET_B : -150.284592
[setup in-reg] rst_n -> _90057_/RESET_B : -150.284592
[setup in-reg] rst_n -> _90058_/RESET_B : -150.284592
[setup in-reg] rst_n -> _90059_/RESET_B : -150.284592
[setup in-reg] rst_n -> _90060_/RESET_B : -150.284592
[setup in-reg] rst_n -> _90061_/RESET_B : -150.284592
[setup in-reg] rst_n -> _90062_/RESET_B : -150.284592
[setup in-reg] rst_n -> _90063_/RESET_B : -150.284592
[setup in-reg] rst_n -> _90064_/RESET_B : -150.284592
[setup in-reg] rst_n -> _90065_/RESET_B : -150.284592
[setup in-reg] rst_n -> _90066_/RESET_B : -150.284592
[setup in-reg] rst_n -> _90067_/RESET_B : -150.284592
[setup in-reg] rst_n -> _90068_/RESET_B : -150.284592
[setup in-reg] rst_n -> _90069_/RESET_B : -150.284592
[setup in-reg] rst_n -> _90070_/RESET_B : -150.284592
[setup in-reg] rst_n -> _90071_/RESET_B : -150.284592
[setup in-reg] rst_n -> _90072_/RESET_B : -150.284592
[setup in-reg] rst_n -> _90073_/RESET_B : -150.284592
[setup in-reg] rst_n -> _90074_/RESET_B : -150.284592
[setup in-reg] rst_n -> _90075_/RESET_B : -150.284592
[setup in-reg] rst_n -> _90076_/RESET_B : -150.284592
[setup in-reg] rst_n -> _90077_/RESET_B : -150.284592
[setup in-reg] rst_n -> _90078_/RESET_B : -150.284592
[setup in-reg] rst_n -> _90079_/RESET_B : -150.284592
[setup in-reg] rst_n -> _90080_/RESET_B : -150.284592
[setup in-reg] rst_n -> _90081_/RESET_B : -150.284592
[setup in-reg] rst_n -> _90082_/RESET_B : -150.284592
[setup in-reg] rst_n -> _90083_/RESET_B : -150.284592
[setup in-reg] rst_n -> _90084_/RESET_B : -150.284592
[setup in-reg] rst_n -> _90085_/RESET_B : -150.284592
[setup in-reg] rst_n -> _90086_/RESET_B : -150.284592
[setup in-reg] rst_n -> _90087_/RESET_B : -150.284592
[setup in-reg] rst_n -> _90088_/RESET_B : -150.284592
[setup in-reg] rst_n -> _90089_/RESET_B : -150.284592
[setup in-reg] rst_n -> _90090_/RESET_B : -150.284592
[setup in-reg] rst_n -> _90091_/RESET_B : -150.284592
[setup in-reg] rst_n -> _90092_/RESET_B : -150.284592
[setup in-reg] rst_n -> _90093_/RESET_B : -150.284592
[setup in-reg] rst_n -> _90094_/RESET_B : -150.284592
[setup in-reg] rst_n -> _90095_/RESET_B : -150.284592
[setup in-reg] rst_n -> _90096_/RESET_B : -150.284592
[setup in-reg] rst_n -> _90097_/RESET_B : -150.284592
[setup in-reg] rst_n -> _90098_/RESET_B : -150.284592
[setup in-reg] rst_n -> _90099_/RESET_B : -150.284592
[setup in-reg] rst_n -> _90100_/RESET_B : -150.284592
[setup in-reg] rst_n -> _90101_/RESET_B : -150.284592
[setup in-reg] rst_n -> _90102_/RESET_B : -150.284592
[setup in-reg] rst_n -> _90103_/RESET_B : -150.284592
[setup in-reg] rst_n -> _90104_/RESET_B : -150.284592
[setup in-reg] rst_n -> _90105_/RESET_B : -150.284592
[setup in-reg] rst_n -> _90106_/RESET_B : -150.284592
[setup in-reg] rst_n -> _90107_/RESET_B : -150.284592
[setup in-reg] rst_n -> _90108_/RESET_B : -150.284592
[setup in-reg] rst_n -> _90109_/RESET_B : -150.284592
[setup in-reg] rst_n -> _90110_/RESET_B : -150.284592
[setup in-reg] rst_n -> _90111_/RESET_B : -150.284592
[setup in-reg] rst_n -> _90112_/RESET_B : -150.284592
[setup in-reg] rst_n -> _90113_/RESET_B : -150.284592
[setup in-reg] rst_n -> _90114_/RESET_B : -150.284592
[setup in-reg] rst_n -> _90115_/RESET_B : -150.284592
[setup in-reg] rst_n -> _90116_/RESET_B : -150.284592
[setup in-reg] rst_n -> _90117_/RESET_B : -150.284592
[setup in-reg] rst_n -> _90118_/RESET_B : -150.284592
[setup in-reg] rst_n -> _90119_/RESET_B : -150.284592
[setup in-reg] rst_n -> _90120_/RESET_B : -150.284592
[setup in-reg] rst_n -> _90121_/RESET_B : -150.284592
[setup in-reg] rst_n -> _90122_/RESET_B : -150.284592
[setup in-reg] rst_n -> _90123_/RESET_B : -150.284592
[setup in-reg] rst_n -> _90124_/RESET_B : -150.284592
[setup in-reg] rst_n -> _90125_/RESET_B : -150.284592
[setup in-reg] rst_n -> _90126_/RESET_B : -150.284592
[setup in-reg] rst_n -> _90127_/RESET_B : -150.284592
[setup in-reg] rst_n -> _90128_/RESET_B : -150.284592
[setup in-reg] rst_n -> _90129_/RESET_B : -150.284592
[setup in-reg] rst_n -> _90130_/RESET_B : -150.284592
[setup in-reg] rst_n -> _90131_/RESET_B : -150.284592
[setup in-reg] rst_n -> _90132_/RESET_B : -150.284592
[setup in-reg] rst_n -> _90133_/RESET_B : -150.284592
[setup in-reg] rst_n -> _90134_/RESET_B : -150.284592
[setup in-reg] rst_n -> _90135_/RESET_B : -150.284592
[setup in-reg] rst_n -> _90136_/RESET_B : -150.284592
[setup in-reg] rst_n -> _90137_/RESET_B : -150.284592
[setup in-reg] rst_n -> _90138_/RESET_B : -150.284592
[setup in-reg] rst_n -> _90139_/RESET_B : -150.284592
[setup in-reg] rst_n -> _90140_/RESET_B : -150.284592
[setup in-reg] rst_n -> _90141_/RESET_B : -150.284592
[setup in-reg] rst_n -> _90142_/RESET_B : -150.284592
[setup in-reg] rst_n -> _90143_/RESET_B : -150.284592
[setup in-reg] rst_n -> _90144_/RESET_B : -150.284592
[setup in-reg] rst_n -> _90145_/RESET_B : -150.284592
[setup in-reg] rst_n -> _90146_/RESET_B : -150.284592
[setup in-reg] rst_n -> _90147_/RESET_B : -150.284592
[setup in-reg] rst_n -> _90148_/RESET_B : -150.284592
[setup in-reg] rst_n -> _90149_/RESET_B : -150.284592
[setup in-reg] rst_n -> _90150_/RESET_B : -150.284592
[setup in-reg] rst_n -> _90151_/RESET_B : -150.284592
[setup in-reg] rst_n -> _90152_/RESET_B : -150.284592
[setup in-reg] rst_n -> _90153_/RESET_B : -150.284592
[setup in-reg] rst_n -> _90154_/RESET_B : -150.284592
[setup in-reg] rst_n -> _90155_/RESET_B : -150.284592
[setup in-reg] rst_n -> _90156_/RESET_B : -150.284592
[setup in-reg] rst_n -> _90157_/RESET_B : -150.284592
[setup in-reg] rst_n -> _90158_/RESET_B : -150.284592
[setup in-reg] rst_n -> _90159_/RESET_B : -150.284592
[setup in-reg] rst_n -> _90160_/RESET_B : -150.284592
[setup in-reg] rst_n -> _90161_/RESET_B : -150.284592
[setup in-reg] rst_n -> _90162_/RESET_B : -150.284592
[setup in-reg] rst_n -> _90163_/RESET_B : -150.284592
[setup in-reg] rst_n -> _90164_/RESET_B : -150.284592
[setup in-reg] rst_n -> _90165_/RESET_B : -150.284592
[setup in-reg] rst_n -> _90166_/RESET_B : -150.284592
[setup in-reg] rst_n -> _90167_/RESET_B : -150.284592
[setup in-reg] rst_n -> _90168_/RESET_B : -150.284592
[setup in-reg] rst_n -> _90169_/RESET_B : -150.284592
[setup in-reg] rst_n -> _90170_/RESET_B : -150.284592
[setup in-reg] rst_n -> _90171_/RESET_B : -150.284592
[setup in-reg] rst_n -> _90172_/RESET_B : -150.284592
[setup in-reg] rst_n -> _90173_/RESET_B : -150.284592
[setup in-reg] rst_n -> _90174_/RESET_B : -150.284592
[setup in-reg] rst_n -> _90175_/RESET_B : -150.284592
[setup in-reg] rst_n -> _90176_/RESET_B : -150.284592
[setup in-reg] rst_n -> _90177_/RESET_B : -150.284592
[setup in-reg] rst_n -> _90178_/RESET_B : -150.284592
[setup in-reg] rst_n -> _90179_/RESET_B : -150.284592
[setup in-reg] rst_n -> _90180_/RESET_B : -150.284592
[setup in-reg] rst_n -> _90181_/RESET_B : -150.284592
[setup in-reg] rst_n -> _90182_/RESET_B : -150.284592
[setup in-reg] rst_n -> _90183_/RESET_B : -150.284592
[setup in-reg] rst_n -> _90184_/RESET_B : -150.284592
[setup in-reg] rst_n -> _90185_/RESET_B : -150.284592
[setup in-reg] rst_n -> _90186_/RESET_B : -150.284592
[setup in-reg] rst_n -> _90187_/RESET_B : -150.284592
[setup in-reg] rst_n -> _90188_/RESET_B : -150.284592
[setup in-reg] rst_n -> _90189_/RESET_B : -150.284592
[setup in-reg] rst_n -> _90190_/RESET_B : -150.284592
[setup in-reg] rst_n -> _90191_/RESET_B : -150.284592
[setup in-reg] rst_n -> _90192_/RESET_B : -150.284592
[setup in-reg] rst_n -> _90193_/RESET_B : -150.284592
[setup in-reg] rst_n -> _90194_/RESET_B : -150.284592
[setup in-reg] rst_n -> _90195_/RESET_B : -150.284592
[setup in-reg] rst_n -> _90196_/RESET_B : -150.284592
[setup in-reg] rst_n -> _90197_/RESET_B : -150.284592
[setup in-reg] rst_n -> _90198_/RESET_B : -150.284592
[setup in-reg] rst_n -> _90199_/RESET_B : -150.284592
[setup in-reg] rst_n -> _90200_/RESET_B : -150.284592
[setup in-reg] rst_n -> _90201_/RESET_B : -150.284592
[setup in-reg] rst_n -> _90202_/RESET_B : -150.284592
[setup in-reg] rst_n -> _90203_/RESET_B : -150.284592
[setup in-reg] rst_n -> _90204_/RESET_B : -150.284592
[setup in-reg] rst_n -> _90205_/RESET_B : -150.284592
[setup in-reg] rst_n -> _90206_/RESET_B : -150.284592
[setup in-reg] rst_n -> _90207_/RESET_B : -150.284592
[setup in-reg] rst_n -> _90208_/RESET_B : -150.284592
[setup in-reg] rst_n -> _90209_/RESET_B : -150.284592
[setup in-reg] rst_n -> _90210_/RESET_B : -150.284592
[setup in-reg] rst_n -> _90211_/RESET_B : -150.284592
[setup in-reg] rst_n -> _90212_/RESET_B : -150.284592
[setup in-reg] rst_n -> _90213_/RESET_B : -150.284592
[setup in-reg] rst_n -> _90214_/RESET_B : -150.284592
[setup in-reg] rst_n -> _90215_/RESET_B : -150.284592
[setup in-reg] rst_n -> _90216_/RESET_B : -150.284592
[setup in-reg] rst_n -> _90217_/RESET_B : -150.284592
[setup in-reg] rst_n -> _90218_/RESET_B : -150.284592
[setup in-reg] rst_n -> _90219_/RESET_B : -150.284592
[setup in-reg] rst_n -> _90220_/RESET_B : -150.284592
[setup in-reg] rst_n -> _90221_/RESET_B : -150.284592
[setup in-reg] rst_n -> _90222_/RESET_B : -150.284592
[setup in-reg] rst_n -> _90223_/RESET_B : -150.284592
[setup in-reg] rst_n -> _90224_/RESET_B : -150.284592
[setup in-reg] rst_n -> _90225_/RESET_B : -150.284592
[setup in-reg] rst_n -> _90226_/RESET_B : -150.284592
[setup in-reg] rst_n -> _90227_/RESET_B : -150.284592
[setup in-reg] rst_n -> _90228_/RESET_B : -150.284592
[setup in-reg] rst_n -> _90229_/RESET_B : -150.284592
[setup in-reg] rst_n -> _90230_/RESET_B : -150.284592
[setup in-reg] rst_n -> _90231_/RESET_B : -150.284592
[setup in-reg] rst_n -> _90232_/RESET_B : -150.284592
[setup in-reg] rst_n -> _90233_/RESET_B : -150.284592
[setup in-reg] rst_n -> _90234_/RESET_B : -150.284592
[setup in-reg] rst_n -> _90235_/RESET_B : -150.284592
[setup in-reg] rst_n -> _90236_/RESET_B : -150.284592
[setup in-reg] rst_n -> _90237_/RESET_B : -150.284592
[setup in-reg] rst_n -> _90238_/RESET_B : -150.284592
[setup in-reg] rst_n -> _90239_/RESET_B : -150.284592
[setup in-reg] rst_n -> _90240_/RESET_B : -150.284592
[setup in-reg] rst_n -> _90241_/RESET_B : -150.284592
[setup in-reg] rst_n -> _90242_/RESET_B : -150.284592
[setup in-reg] rst_n -> _90243_/RESET_B : -150.284592
[setup in-reg] rst_n -> _90244_/RESET_B : -150.284592
[setup in-reg] rst_n -> _90245_/RESET_B : -150.284592
[setup in-reg] rst_n -> _90246_/RESET_B : -150.284592
[setup in-reg] rst_n -> _90247_/RESET_B : -150.284592
[setup in-reg] rst_n -> _90248_/RESET_B : -150.284592
[setup in-reg] rst_n -> _90249_/RESET_B : -150.284592
[setup in-reg] rst_n -> _90250_/RESET_B : -150.284592
[setup in-reg] rst_n -> _90251_/RESET_B : -150.284592
[setup in-reg] rst_n -> _90252_/RESET_B : -150.284592
[setup in-reg] rst_n -> _90253_/RESET_B : -150.284592
[setup in-reg] rst_n -> _90254_/RESET_B : -150.284592
[setup in-reg] rst_n -> _90255_/RESET_B : -150.284592
[setup in-reg] rst_n -> _90256_/RESET_B : -150.284592
[setup in-reg] rst_n -> _90257_/RESET_B : -150.284592
[setup in-reg] rst_n -> _90258_/RESET_B : -150.284592
[setup in-reg] rst_n -> _90259_/RESET_B : -150.284592
[setup in-reg] rst_n -> _90260_/RESET_B : -150.284592
[setup in-reg] rst_n -> _90261_/RESET_B : -150.284592
[setup in-reg] rst_n -> _90262_/RESET_B : -150.284592
[setup in-reg] rst_n -> _90263_/RESET_B : -150.284592
[setup in-reg] rst_n -> _90264_/RESET_B : -150.284592
[setup in-reg] rst_n -> _90265_/RESET_B : -150.284592
[setup in-reg] rst_n -> _90266_/RESET_B : -150.284592
[setup in-reg] rst_n -> _90267_/RESET_B : -150.284592
[setup in-reg] rst_n -> _90268_/RESET_B : -150.284592
[setup in-reg] rst_n -> _90269_/RESET_B : -150.284592
[setup in-reg] rst_n -> _90270_/RESET_B : -150.284592
[setup in-reg] rst_n -> _90271_/RESET_B : -150.284592
[setup in-reg] rst_n -> _90272_/RESET_B : -150.284592
[setup in-reg] rst_n -> _90273_/RESET_B : -150.284592
[setup in-reg] rst_n -> _90274_/RESET_B : -150.284592
[setup in-reg] rst_n -> _90275_/RESET_B : -150.284592
[setup in-reg] rst_n -> _90276_/RESET_B : -150.284592
[setup in-reg] rst_n -> _90277_/RESET_B : -150.284592
[setup in-reg] rst_n -> _90278_/RESET_B : -150.284592
[setup in-reg] rst_n -> _90279_/RESET_B : -150.284592
[setup in-reg] rst_n -> _90280_/RESET_B : -150.284592
[setup in-reg] rst_n -> _90281_/RESET_B : -150.284592
[setup in-reg] rst_n -> _90282_/RESET_B : -150.284592
[setup in-reg] rst_n -> _90283_/RESET_B : -150.284592
[setup in-reg] rst_n -> _90284_/RESET_B : -150.284592
[setup in-reg] rst_n -> _90285_/RESET_B : -150.284592
[setup in-reg] rst_n -> _90286_/RESET_B : -150.284592
[setup in-reg] rst_n -> _90287_/RESET_B : -150.284592
[setup in-reg] rst_n -> _90288_/RESET_B : -150.284592
[setup in-reg] rst_n -> _90289_/RESET_B : -150.284592
[setup in-reg] rst_n -> _90290_/RESET_B : -150.284592
[setup in-reg] rst_n -> _90291_/RESET_B : -150.284592
[setup in-reg] rst_n -> _90292_/RESET_B : -150.284592
[setup in-reg] rst_n -> _90293_/RESET_B : -150.284592
[setup in-reg] rst_n -> _90294_/RESET_B : -150.284592
[setup in-reg] rst_n -> _90295_/RESET_B : -150.284592
[setup in-reg] rst_n -> _90296_/RESET_B : -150.284592
[setup in-reg] rst_n -> _90297_/RESET_B : -150.284592
[setup in-reg] rst_n -> _90298_/RESET_B : -150.284592
[setup in-reg] rst_n -> _90299_/RESET_B : -150.284592
[setup in-reg] rst_n -> _90300_/RESET_B : -150.284592
[setup in-reg] rst_n -> _90301_/RESET_B : -150.284592
[setup in-reg] rst_n -> _90302_/RESET_B : -150.284592
[setup in-reg] rst_n -> _90303_/RESET_B : -150.284592
[setup in-reg] rst_n -> _90304_/RESET_B : -150.284592
[setup in-reg] rst_n -> _90305_/RESET_B : -150.284592
[setup in-reg] rst_n -> _90306_/RESET_B : -150.284592
[setup in-reg] rst_n -> _90307_/RESET_B : -150.284592
[setup in-reg] rst_n -> _90308_/RESET_B : -150.284592
[setup in-reg] rst_n -> _90309_/RESET_B : -150.284592
[setup in-reg] rst_n -> _90310_/RESET_B : -150.284592
[setup in-reg] rst_n -> _90311_/RESET_B : -150.284592
[setup in-reg] rst_n -> _90312_/RESET_B : -150.284592
[setup in-reg] rst_n -> _90313_/RESET_B : -150.284592
[setup in-reg] rst_n -> _90314_/RESET_B : -150.284592
[setup in-reg] rst_n -> _90315_/RESET_B : -150.284592
[setup in-reg] rst_n -> _90316_/RESET_B : -150.284592
[setup in-reg] rst_n -> _90317_/RESET_B : -150.284592
[setup in-reg] rst_n -> _90318_/RESET_B : -150.284592
[setup in-reg] rst_n -> _90319_/RESET_B : -150.284592
[setup in-reg] rst_n -> _90320_/RESET_B : -150.284592
[setup in-reg] rst_n -> _90321_/RESET_B : -150.284592
[setup in-reg] rst_n -> _90322_/RESET_B : -150.284592
[setup in-reg] rst_n -> _90323_/RESET_B : -150.284592
[setup in-reg] rst_n -> _90324_/RESET_B : -150.284592
[setup in-reg] rst_n -> _90325_/RESET_B : -150.284592
[setup in-reg] rst_n -> _90326_/RESET_B : -150.284592
[setup in-reg] rst_n -> _90327_/RESET_B : -150.284592
[setup in-reg] rst_n -> _90328_/RESET_B : -150.284592
[setup in-reg] rst_n -> _90329_/RESET_B : -150.284592
[setup in-reg] rst_n -> _90330_/RESET_B : -150.284592
[setup in-reg] rst_n -> _90331_/RESET_B : -150.284592
[setup in-reg] rst_n -> _90332_/RESET_B : -150.284592
[setup in-reg] rst_n -> _90333_/RESET_B : -150.284592
[setup in-reg] rst_n -> _90334_/RESET_B : -150.284592
[setup in-reg] rst_n -> _90335_/RESET_B : -150.284592
[setup in-reg] rst_n -> _90336_/RESET_B : -150.284592
[setup in-reg] rst_n -> _90337_/RESET_B : -150.284592
[setup in-reg] rst_n -> _90338_/RESET_B : -150.284592
[setup in-reg] rst_n -> _90339_/RESET_B : -150.284592
[setup in-reg] rst_n -> _90340_/RESET_B : -150.284592
[setup in-reg] rst_n -> _90341_/RESET_B : -150.284592
[setup in-reg] rst_n -> _90342_/RESET_B : -150.284592
[setup in-reg] rst_n -> _90343_/RESET_B : -150.284592
[setup in-reg] rst_n -> _90344_/RESET_B : -150.284592
[setup in-reg] rst_n -> _90345_/RESET_B : -150.284592
[setup in-reg] rst_n -> _90346_/RESET_B : -150.284592
[setup in-reg] rst_n -> _90347_/RESET_B : -150.284592
[setup in-reg] rst_n -> _90348_/RESET_B : -150.284592
[setup in-reg] rst_n -> _90349_/RESET_B : -150.284592
[setup in-reg] rst_n -> _90350_/RESET_B : -150.284592
[setup in-reg] rst_n -> _90351_/RESET_B : -150.284592
[setup in-reg] rst_n -> _90352_/RESET_B : -150.284592
[setup in-reg] rst_n -> _90353_/RESET_B : -150.284592
[setup in-reg] rst_n -> _90354_/RESET_B : -150.284592
[setup in-reg] rst_n -> _90355_/RESET_B : -150.284592
[setup in-reg] rst_n -> _90356_/RESET_B : -150.284592
[setup in-reg] rst_n -> _90357_/RESET_B : -150.284592
[setup in-reg] rst_n -> _90358_/RESET_B : -150.284592
[setup in-reg] rst_n -> _90359_/RESET_B : -150.284592
[setup in-reg] rst_n -> _90360_/RESET_B : -150.284592
[setup in-reg] rst_n -> _90361_/RESET_B : -150.284592
[setup in-reg] rst_n -> _90362_/RESET_B : -150.284592
[setup in-reg] rst_n -> _90363_/RESET_B : -150.284592
[setup in-reg] rst_n -> _90364_/RESET_B : -150.284592
[setup in-reg] rst_n -> _90365_/RESET_B : -150.284592
[setup in-reg] rst_n -> _90366_/RESET_B : -150.284592
[setup in-reg] rst_n -> _90367_/RESET_B : -150.284592
[setup in-reg] rst_n -> _90368_/RESET_B : -150.284592
[setup in-reg] rst_n -> _90369_/RESET_B : -150.284592
[setup in-reg] rst_n -> _90370_/RESET_B : -150.284592
[setup in-reg] rst_n -> _90371_/RESET_B : -150.284592
[setup in-reg] rst_n -> _90372_/RESET_B : -150.284592
[setup in-reg] rst_n -> _90373_/RESET_B : -150.284592
[setup in-reg] rst_n -> _90374_/RESET_B : -150.284592
[setup in-reg] rst_n -> _90375_/RESET_B : -150.284592
[setup in-reg] rst_n -> _90376_/RESET_B : -150.284592
[setup in-reg] rst_n -> _90377_/RESET_B : -150.284592
[setup in-reg] rst_n -> _90378_/RESET_B : -150.284592
[setup in-reg] rst_n -> _90379_/RESET_B : -150.284592
[setup in-reg] rst_n -> _90380_/RESET_B : -150.284592
[setup in-reg] rst_n -> _90381_/RESET_B : -150.284592
[setup in-reg] rst_n -> _90382_/RESET_B : -150.284592
[setup in-reg] rst_n -> _90383_/RESET_B : -150.284592
[setup in-reg] rst_n -> _90384_/RESET_B : -150.284592
[setup in-reg] rst_n -> _90385_/RESET_B : -150.284592
[setup in-reg] rst_n -> _90386_/RESET_B : -150.284592
[setup in-reg] rst_n -> _90387_/RESET_B : -150.284592
[setup in-reg] rst_n -> _90388_/RESET_B : -150.284592
[setup in-reg] rst_n -> _90389_/RESET_B : -150.284592
[setup in-reg] rst_n -> _90390_/RESET_B : -150.284592
[setup in-reg] rst_n -> _90391_/RESET_B : -150.284592
[setup in-reg] rst_n -> _90392_/RESET_B : -150.284592
[setup in-reg] rst_n -> _90393_/RESET_B : -150.284592
[setup in-reg] rst_n -> _90394_/RESET_B : -150.284592
[setup in-reg] rst_n -> _90395_/RESET_B : -150.284592
[setup in-reg] rst_n -> _90396_/RESET_B : -150.284592
[setup in-reg] rst_n -> _90397_/RESET_B : -150.284592
[setup in-reg] rst_n -> _90398_/RESET_B : -150.284592
[setup in-reg] rst_n -> _90399_/RESET_B : -150.284592
[setup in-reg] rst_n -> _90400_/RESET_B : -150.284592
[setup in-reg] rst_n -> _90401_/RESET_B : -150.284592
[setup in-reg] rst_n -> _90402_/RESET_B : -150.284592
[setup in-reg] rst_n -> _90403_/RESET_B : -150.284592
[setup in-reg] rst_n -> _90404_/RESET_B : -150.284592
[setup in-reg] rst_n -> _90405_/RESET_B : -150.284592
[setup in-reg] rst_n -> _90406_/RESET_B : -150.284592
[setup in-reg] rst_n -> _90407_/RESET_B : -150.284592
[setup in-reg] rst_n -> _90408_/RESET_B : -150.284592
[setup in-reg] rst_n -> _90409_/RESET_B : -150.284592
[setup in-reg] rst_n -> _90410_/RESET_B : -150.284592
[setup in-reg] rst_n -> _90411_/RESET_B : -150.284592
[setup in-reg] rst_n -> _90412_/RESET_B : -150.284592
[setup in-reg] rst_n -> _90413_/RESET_B : -150.284592
[setup in-reg] rst_n -> _90414_/RESET_B : -150.284592
[setup in-reg] rst_n -> _90415_/RESET_B : -150.284592
[setup in-reg] rst_n -> _90416_/RESET_B : -150.284592
[setup in-reg] rst_n -> _90417_/RESET_B : -150.284592
[setup in-reg] rst_n -> _90418_/RESET_B : -150.284592
[setup in-reg] rst_n -> _90419_/RESET_B : -150.284592
[setup in-reg] rst_n -> _90420_/RESET_B : -150.284592
[setup in-reg] rst_n -> _90421_/RESET_B : -150.284592
[setup in-reg] rst_n -> _90422_/RESET_B : -150.284592
[setup in-reg] rst_n -> _90423_/RESET_B : -150.284592
[setup in-reg] rst_n -> _90424_/RESET_B : -150.284592
[setup in-reg] rst_n -> _90425_/RESET_B : -150.284592
[setup in-reg] rst_n -> _90426_/RESET_B : -150.284592
[setup in-reg] rst_n -> _90427_/RESET_B : -150.284592
[setup in-reg] rst_n -> _90428_/RESET_B : -150.284592
[setup in-reg] rst_n -> _90429_/RESET_B : -150.284592
[setup in-reg] rst_n -> _90430_/RESET_B : -150.284592
[setup in-reg] rst_n -> _90431_/RESET_B : -150.284592
[setup in-reg] rst_n -> _90432_/RESET_B : -150.284592
[setup in-reg] rst_n -> _90433_/RESET_B : -150.284592
[setup in-reg] rst_n -> _90434_/RESET_B : -150.284592
[setup in-reg] rst_n -> _90435_/RESET_B : -150.284592
[setup in-reg] rst_n -> _90436_/RESET_B : -150.284592
[setup in-reg] rst_n -> _90437_/RESET_B : -150.284592
[setup in-reg] rst_n -> _90438_/RESET_B : -150.284592
[setup in-reg] rst_n -> _90439_/RESET_B : -150.284592
[setup in-reg] rst_n -> _90440_/RESET_B : -150.284592
[setup in-reg] rst_n -> _90441_/RESET_B : -150.284592
[setup in-reg] rst_n -> _90442_/RESET_B : -150.284592
[setup in-reg] rst_n -> _90443_/RESET_B : -150.284592
[setup in-reg] rst_n -> _90444_/RESET_B : -150.284592
[setup in-reg] rst_n -> _90445_/RESET_B : -150.284592
[setup in-reg] rst_n -> _90446_/RESET_B : -150.284592
[setup in-reg] rst_n -> _90447_/RESET_B : -150.284592
[setup in-reg] rst_n -> _90448_/RESET_B : -150.284592
[setup in-reg] rst_n -> _90449_/RESET_B : -150.284592
[setup in-reg] rst_n -> _90450_/RESET_B : -150.284592
[setup in-reg] rst_n -> _90451_/RESET_B : -150.284592
[setup in-reg] rst_n -> _90452_/RESET_B : -150.284592
[setup in-reg] rst_n -> _90453_/RESET_B : -150.284592
[setup in-reg] rst_n -> _90454_/RESET_B : -150.284592
[setup in-reg] rst_n -> _90455_/RESET_B : -150.284592
[setup in-reg] rst_n -> _90456_/RESET_B : -150.284592
[setup in-reg] rst_n -> _90457_/RESET_B : -150.284592
[setup in-reg] rst_n -> _90458_/RESET_B : -150.284592
[setup in-reg] rst_n -> _90459_/RESET_B : -150.284592
[setup in-reg] rst_n -> _90460_/RESET_B : -150.284592
[setup in-reg] rst_n -> _90461_/RESET_B : -150.284592
[setup in-reg] rst_n -> _90462_/RESET_B : -150.284592
[setup in-reg] rst_n -> _90463_/RESET_B : -150.284592
[setup in-reg] rst_n -> _90464_/RESET_B : -150.284592
[setup in-reg] rst_n -> _90465_/RESET_B : -150.284592
[setup in-reg] rst_n -> _90466_/RESET_B : -150.284592
[setup in-reg] rst_n -> _90467_/RESET_B : -150.284592
[setup in-reg] rst_n -> _90468_/RESET_B : -150.284592
[setup in-reg] rst_n -> _90469_/RESET_B : -150.284592
[setup in-reg] rst_n -> _90470_/RESET_B : -150.284592
[setup in-reg] rst_n -> _90471_/RESET_B : -150.284592
[setup in-reg] rst_n -> _90472_/RESET_B : -150.284592
[setup in-reg] rst_n -> _90473_/RESET_B : -150.284592
[setup in-reg] rst_n -> _90474_/RESET_B : -150.284592
[setup in-reg] rst_n -> _90475_/RESET_B : -150.284592
[setup in-reg] rst_n -> _90476_/RESET_B : -150.284592
[setup in-reg] rst_n -> _90477_/RESET_B : -150.284592
[setup in-reg] rst_n -> _90478_/RESET_B : -150.284592
[setup in-reg] rst_n -> _90479_/RESET_B : -150.284592
[setup in-reg] rst_n -> _90480_/RESET_B : -150.284592
[setup in-reg] rst_n -> _90481_/RESET_B : -150.284592
[setup in-reg] rst_n -> _90482_/RESET_B : -150.284592
[setup in-reg] rst_n -> _90483_/RESET_B : -150.284592
[setup in-reg] rst_n -> _90484_/RESET_B : -150.284592
[setup in-reg] rst_n -> _90485_/RESET_B : -150.284592
[setup in-reg] rst_n -> _90486_/RESET_B : -150.284592
[setup in-reg] rst_n -> _90487_/RESET_B : -150.284592
[setup in-reg] rst_n -> _90488_/RESET_B : -150.284592
[setup in-reg] rst_n -> _90489_/RESET_B : -150.284592
[setup in-reg] rst_n -> _90490_/RESET_B : -150.284592
[setup in-reg] rst_n -> _90491_/RESET_B : -150.284592
[setup in-reg] rst_n -> _90492_/RESET_B : -150.284592
[setup in-reg] rst_n -> _90493_/RESET_B : -150.284592
[setup in-reg] rst_n -> _90494_/RESET_B : -150.284592
[setup in-reg] rst_n -> _90495_/RESET_B : -150.284592
[setup in-reg] rst_n -> _90496_/RESET_B : -150.284592
[setup in-reg] rst_n -> _90497_/RESET_B : -150.284592
[setup in-reg] rst_n -> _90498_/RESET_B : -150.284592
[setup in-reg] rst_n -> _90499_/RESET_B : -150.284592
[setup in-reg] rst_n -> _90500_/RESET_B : -150.284592
[setup in-reg] rst_n -> _90501_/RESET_B : -150.284592
[setup in-reg] rst_n -> _90502_/RESET_B : -150.284592
[setup in-reg] rst_n -> _90503_/RESET_B : -150.284592
[setup in-reg] rst_n -> _90504_/RESET_B : -150.284592
[setup in-reg] rst_n -> _90505_/RESET_B : -150.284592
[setup in-reg] rst_n -> _90506_/RESET_B : -150.284592
[setup in-reg] rst_n -> _90507_/RESET_B : -150.284592
[setup in-reg] rst_n -> _90508_/RESET_B : -150.284592
[setup in-reg] rst_n -> _90509_/RESET_B : -150.284592
[setup in-reg] rst_n -> _90510_/RESET_B : -150.284592
[setup in-reg] rst_n -> _90511_/RESET_B : -150.284592
[setup in-reg] rst_n -> _90512_/RESET_B : -150.284592
[setup in-reg] rst_n -> _90513_/RESET_B : -150.284592
[setup in-reg] rst_n -> _90514_/RESET_B : -150.284592
[setup in-reg] rst_n -> _90515_/RESET_B : -150.284592
[setup in-reg] rst_n -> _90516_/RESET_B : -150.284592
[setup in-reg] rst_n -> _90517_/RESET_B : -150.284592
[setup in-reg] rst_n -> _90518_/RESET_B : -150.284592
[setup in-reg] rst_n -> _90519_/RESET_B : -150.284592
[setup in-reg] rst_n -> _90520_/RESET_B : -150.284592
[setup in-reg] rst_n -> _90521_/RESET_B : -150.284592
[setup in-reg] rst_n -> _90522_/RESET_B : -150.284592
[setup in-reg] rst_n -> _90523_/RESET_B : -150.284592
[setup in-reg] rst_n -> _90524_/RESET_B : -150.284592
[setup in-reg] rst_n -> _90525_/RESET_B : -150.284592
[setup in-reg] rst_n -> _90526_/RESET_B : -150.284592
[setup in-reg] rst_n -> _90527_/RESET_B : -150.284592
[setup in-reg] rst_n -> _90528_/RESET_B : -150.284592
[setup in-reg] rst_n -> _90529_/RESET_B : -150.284592
[setup in-reg] rst_n -> _90530_/RESET_B : -150.284592
[setup in-reg] rst_n -> _90531_/RESET_B : -150.284592
[setup in-reg] rst_n -> _90532_/RESET_B : -150.284592
[setup in-reg] rst_n -> _90533_/RESET_B : -150.284592
[setup in-reg] rst_n -> _90534_/RESET_B : -150.284592
[setup in-reg] rst_n -> _90535_/RESET_B : -150.284592
[setup in-reg] rst_n -> _90536_/RESET_B : -150.284592
[setup in-reg] rst_n -> _90537_/RESET_B : -150.284592
[setup in-reg] rst_n -> _90538_/RESET_B : -150.284592
[setup in-reg] rst_n -> _90539_/RESET_B : -150.284592
[setup in-reg] rst_n -> _90540_/RESET_B : -150.284592
[setup in-reg] rst_n -> _90541_/RESET_B : -150.284592
[setup in-reg] rst_n -> _90542_/RESET_B : -150.284592
[setup in-reg] rst_n -> _90543_/RESET_B : -150.284592
[setup in-reg] rst_n -> _90544_/RESET_B : -150.284592
[setup in-reg] rst_n -> _90545_/RESET_B : -150.284592
[setup in-reg] rst_n -> _90546_/RESET_B : -150.284592
[setup in-reg] rst_n -> _90547_/RESET_B : -150.284592
[setup in-reg] rst_n -> _90548_/RESET_B : -150.284592
[setup in-reg] rst_n -> _90549_/RESET_B : -150.284592
[setup in-reg] rst_n -> _90550_/RESET_B : -150.284592
[setup in-reg] rst_n -> _90551_/RESET_B : -150.284592
[setup in-reg] rst_n -> _90552_/RESET_B : -150.284592
[setup in-reg] rst_n -> _90553_/RESET_B : -150.284592
[setup in-reg] rst_n -> _90554_/RESET_B : -150.284592
[setup in-reg] rst_n -> _90555_/RESET_B : -150.284592
[setup in-reg] rst_n -> _90556_/RESET_B : -150.284592
[setup in-reg] rst_n -> _90557_/RESET_B : -150.284592
[setup in-reg] rst_n -> _90558_/RESET_B : -150.284592
[setup in-reg] rst_n -> _90559_/RESET_B : -150.284592
[setup in-reg] rst_n -> _90560_/RESET_B : -150.284592
[setup in-reg] rst_n -> _90561_/RESET_B : -150.284592
[setup in-reg] rst_n -> _90562_/RESET_B : -150.284592
[setup in-reg] rst_n -> _90563_/RESET_B : -150.284592
[setup in-reg] rst_n -> _90564_/RESET_B : -150.284592
[setup in-reg] rst_n -> _90565_/RESET_B : -150.284592
[setup in-reg] rst_n -> _90566_/RESET_B : -150.284592
[setup in-reg] rst_n -> _90567_/RESET_B : -150.284592
[setup in-reg] rst_n -> _90568_/RESET_B : -150.284592
[setup in-reg] rst_n -> _90569_/RESET_B : -150.284592
[setup in-reg] rst_n -> _90570_/RESET_B : -150.284592
[setup in-reg] rst_n -> _90571_/RESET_B : -150.284592
[setup in-reg] rst_n -> _90572_/RESET_B : -150.284592
[setup in-reg] rst_n -> _90573_/RESET_B : -150.284592
[setup in-reg] rst_n -> _90574_/RESET_B : -150.284592
[setup in-reg] rst_n -> _90575_/RESET_B : -150.284592
[setup in-reg] rst_n -> _90576_/RESET_B : -150.284592
[setup in-reg] rst_n -> _90577_/RESET_B : -150.284592
[setup in-reg] rst_n -> _90578_/RESET_B : -150.284592
[setup in-reg] rst_n -> _90579_/RESET_B : -150.284592
[setup in-reg] rst_n -> _90580_/RESET_B : -150.284592
[setup in-reg] rst_n -> _90581_/RESET_B : -150.284592
[setup in-reg] rst_n -> _90582_/RESET_B : -150.284592
[setup in-reg] rst_n -> _90583_/RESET_B : -150.284592
[setup in-reg] rst_n -> _90584_/RESET_B : -150.284592
[setup in-reg] rst_n -> _90585_/RESET_B : -150.284592
[setup in-reg] rst_n -> _90586_/RESET_B : -150.284592
[setup in-reg] rst_n -> _90587_/RESET_B : -150.284592
[setup in-reg] rst_n -> _90588_/RESET_B : -150.284592
[setup in-reg] rst_n -> _90589_/RESET_B : -150.284592
[setup in-reg] rst_n -> _90590_/RESET_B : -150.284592
[setup in-reg] rst_n -> _90591_/RESET_B : -150.284592
[setup in-reg] rst_n -> _90592_/RESET_B : -150.284592
[setup in-reg] rst_n -> _90593_/RESET_B : -150.284592
[setup in-reg] rst_n -> _90594_/RESET_B : -150.284592
[setup in-reg] rst_n -> _90595_/RESET_B : -150.284592
[setup in-reg] rst_n -> _90596_/RESET_B : -150.284592
[setup in-reg] rst_n -> _90597_/RESET_B : -150.284592
[setup in-reg] rst_n -> _90598_/RESET_B : -150.284592
[setup in-reg] rst_n -> _90599_/RESET_B : -150.284592
[setup in-reg] rst_n -> _90600_/RESET_B : -150.284592
[setup in-reg] rst_n -> _90601_/RESET_B : -150.284592
[setup in-reg] rst_n -> _90602_/RESET_B : -150.284592
[setup in-reg] rst_n -> _90603_/RESET_B : -150.284592
[setup in-reg] rst_n -> _90604_/RESET_B : -150.284592
[setup in-reg] rst_n -> _90605_/RESET_B : -150.284592
[setup in-reg] rst_n -> _90606_/RESET_B : -150.284592
[setup in-reg] rst_n -> _90607_/RESET_B : -150.284592
[setup in-reg] rst_n -> _90608_/RESET_B : -150.284592
[setup in-reg] rst_n -> _90609_/RESET_B : -150.284592
[setup in-reg] rst_n -> _90610_/RESET_B : -150.284592
[setup in-reg] rst_n -> _90611_/RESET_B : -150.284592
[setup in-reg] rst_n -> _90612_/RESET_B : -150.284592
[setup in-reg] rst_n -> _90613_/RESET_B : -150.284592
[setup in-reg] rst_n -> _90614_/RESET_B : -150.284592
[setup in-reg] rst_n -> _90615_/RESET_B : -150.284592
[setup in-reg] rst_n -> _90616_/RESET_B : -150.284592
[setup in-reg] rst_n -> _90617_/RESET_B : -150.284592
[setup in-reg] rst_n -> _90618_/RESET_B : -150.284592
[setup in-reg] rst_n -> _90619_/RESET_B : -150.284592
[setup in-reg] rst_n -> _90620_/RESET_B : -150.284592
[setup in-reg] rst_n -> _90621_/RESET_B : -150.284592
[setup in-reg] rst_n -> _90622_/RESET_B : -150.284592
[setup in-reg] rst_n -> _90623_/RESET_B : -150.284592
[setup in-reg] rst_n -> _90624_/RESET_B : -150.284592
[setup in-reg] rst_n -> _90625_/RESET_B : -150.284592
[setup in-reg] rst_n -> _90626_/RESET_B : -150.284592
[setup in-reg] rst_n -> _90627_/RESET_B : -150.284592
[setup in-reg] rst_n -> _90628_/RESET_B : -150.284592
[setup in-reg] rst_n -> _90629_/RESET_B : -150.284592
[setup in-reg] rst_n -> _90630_/RESET_B : -150.284592
[setup in-reg] rst_n -> _90631_/RESET_B : -150.284592
[setup in-reg] rst_n -> _90632_/RESET_B : -150.284592
[setup in-reg] rst_n -> _90633_/RESET_B : -150.284592
[setup in-reg] rst_n -> _90634_/RESET_B : -150.284592
[setup in-reg] rst_n -> _90635_/RESET_B : -150.284592
[setup in-reg] rst_n -> _90636_/RESET_B : -150.284592
[setup in-reg] rst_n -> _90637_/RESET_B : -150.284592
[setup in-reg] rst_n -> _90638_/RESET_B : -150.284592
[setup in-reg] rst_n -> _90639_/RESET_B : -150.284592
[setup in-reg] rst_n -> _90640_/RESET_B : -150.284592
[setup in-reg] rst_n -> _90641_/RESET_B : -150.284592
[setup in-reg] rst_n -> _90642_/RESET_B : -150.284592
[setup in-reg] rst_n -> _90643_/RESET_B : -150.284592
[setup in-reg] rst_n -> _90644_/RESET_B : -150.284592
[setup in-reg] rst_n -> _90645_/RESET_B : -150.284592
[setup in-reg] rst_n -> _90646_/RESET_B : -150.284592
[setup in-reg] rst_n -> _90647_/RESET_B : -150.284592
[setup in-reg] rst_n -> _90648_/RESET_B : -150.284592
[setup in-reg] rst_n -> _90649_/RESET_B : -150.284592
[setup in-reg] rst_n -> _90650_/RESET_B : -150.284592
[setup in-reg] rst_n -> _90651_/RESET_B : -150.284592
[setup in-reg] rst_n -> _90652_/RESET_B : -150.284592
[setup in-reg] rst_n -> _90653_/RESET_B : -150.284592
[setup in-reg] rst_n -> _90654_/RESET_B : -150.284592
[setup in-reg] rst_n -> _90655_/RESET_B : -150.284592
[setup in-reg] rst_n -> _90656_/RESET_B : -150.284592
[setup in-reg] rst_n -> _90657_/RESET_B : -150.284592
[setup in-reg] rst_n -> _90658_/RESET_B : -150.284592
[setup in-reg] rst_n -> _90659_/RESET_B : -150.284592
[setup in-reg] rst_n -> _90660_/RESET_B : -150.284592
[setup in-reg] rst_n -> _90661_/RESET_B : -150.284592
[setup in-reg] rst_n -> _90662_/RESET_B : -150.284592
[setup in-reg] rst_n -> _90663_/RESET_B : -150.284592
[setup in-reg] rst_n -> _90664_/RESET_B : -150.284592
[setup in-reg] rst_n -> _90665_/RESET_B : -150.284592
[setup in-reg] rst_n -> _90666_/RESET_B : -150.284592
[setup in-reg] rst_n -> _90667_/RESET_B : -150.284592
[setup in-reg] rst_n -> _90668_/RESET_B : -150.284592
[setup in-reg] rst_n -> _90669_/RESET_B : -150.284592
[setup in-reg] rst_n -> _90670_/RESET_B : -150.284592
[setup in-reg] rst_n -> _90671_/RESET_B : -150.284592
[setup in-reg] rst_n -> _90672_/RESET_B : -150.284592
[setup in-reg] rst_n -> _90673_/RESET_B : -150.284592
[setup in-reg] rst_n -> _90674_/RESET_B : -150.284592
[setup in-reg] rst_n -> _90675_/RESET_B : -150.284592
[setup in-reg] rst_n -> _90676_/RESET_B : -150.284592
[setup in-reg] rst_n -> _90677_/RESET_B : -150.284592
[setup in-reg] rst_n -> _90678_/RESET_B : -150.284592
[setup in-reg] rst_n -> _90679_/RESET_B : -150.284592
[setup in-reg] rst_n -> _90680_/RESET_B : -150.284592
[setup in-reg] rst_n -> _90681_/RESET_B : -150.284592
[setup in-reg] rst_n -> _90682_/RESET_B : -150.284592
[setup in-reg] rst_n -> _90683_/RESET_B : -150.284592
[setup in-reg] rst_n -> _90684_/RESET_B : -150.284592
[setup in-reg] rst_n -> _90685_/RESET_B : -150.284592
[setup in-reg] rst_n -> _90686_/RESET_B : -150.284592
[setup in-reg] rst_n -> _90687_/RESET_B : -150.284592
[setup in-reg] rst_n -> _90688_/RESET_B : -150.284592
[setup in-reg] rst_n -> _90689_/RESET_B : -150.284592
[setup in-reg] rst_n -> _90690_/RESET_B : -150.284592
[setup in-reg] rst_n -> _90691_/RESET_B : -150.284592
[setup in-reg] rst_n -> _90692_/RESET_B : -150.284592
[setup in-reg] rst_n -> _90693_/RESET_B : -150.284592
[setup in-reg] rst_n -> _90694_/RESET_B : -150.284592
[setup in-reg] rst_n -> _90695_/RESET_B : -150.284592
[setup in-reg] rst_n -> _90696_/RESET_B : -150.284592
[setup in-reg] rst_n -> _90697_/RESET_B : -150.284592
[setup in-reg] rst_n -> _90698_/RESET_B : -150.284592
[setup in-reg] rst_n -> _90699_/RESET_B : -150.284592
[setup in-reg] rst_n -> _90700_/RESET_B : -150.284592
[setup in-reg] rst_n -> _90701_/RESET_B : -150.284592
[setup in-reg] rst_n -> _90702_/RESET_B : -150.284592
[setup in-reg] rst_n -> _90703_/RESET_B : -150.284592
[setup in-reg] rst_n -> _90704_/RESET_B : -150.284592
[setup in-reg] rst_n -> _90705_/RESET_B : -150.284592
[setup in-reg] rst_n -> _90706_/RESET_B : -150.284592
[setup in-reg] rst_n -> _90707_/RESET_B : -150.284592
[setup in-reg] rst_n -> _90708_/RESET_B : -150.284592
[setup in-reg] rst_n -> _90709_/RESET_B : -150.284592
[setup in-reg] rst_n -> _90710_/RESET_B : -150.284592
[setup in-reg] rst_n -> _90711_/RESET_B : -150.284592
[setup in-reg] rst_n -> _90712_/RESET_B : -150.284592
[setup in-reg] rst_n -> _90713_/RESET_B : -150.284592
[setup in-reg] rst_n -> _90714_/RESET_B : -150.284592
[setup in-reg] rst_n -> _90715_/RESET_B : -150.284592
[setup in-reg] rst_n -> _90716_/RESET_B : -150.284592
[setup in-reg] rst_n -> _90717_/RESET_B : -150.284592
[setup in-reg] rst_n -> _90718_/RESET_B : -150.284592
[setup in-reg] rst_n -> _90719_/RESET_B : -150.284592
[setup in-reg] rst_n -> _90720_/RESET_B : -150.284592
[setup in-reg] rst_n -> _90721_/RESET_B : -150.284592
[setup in-reg] rst_n -> _90722_/RESET_B : -150.284592
[setup in-reg] rst_n -> _90723_/RESET_B : -150.284592
[setup in-reg] rst_n -> _90724_/RESET_B : -150.284592
[setup in-reg] rst_n -> _90725_/RESET_B : -150.284592
[setup in-reg] rst_n -> _90726_/RESET_B : -150.284592
[setup in-reg] rst_n -> _90727_/RESET_B : -150.284592
[setup in-reg] rst_n -> _90728_/RESET_B : -150.284592
[setup in-reg] rst_n -> _90729_/RESET_B : -150.284592
[setup in-reg] rst_n -> _90730_/RESET_B : -150.284592
[setup in-reg] rst_n -> _90731_/RESET_B : -150.284592
[setup in-reg] rst_n -> _90732_/RESET_B : -150.284592
[setup in-reg] rst_n -> _90733_/RESET_B : -150.284592
[setup in-reg] rst_n -> _90734_/RESET_B : -150.284592
[setup in-reg] rst_n -> _90735_/RESET_B : -150.284592
[setup in-reg] rst_n -> _90736_/RESET_B : -150.284592
[setup in-reg] rst_n -> _90737_/RESET_B : -150.284592
[setup in-reg] rst_n -> _90738_/RESET_B : -150.284592
[setup in-reg] rst_n -> _90739_/RESET_B : -150.284592
[setup in-reg] rst_n -> _90740_/RESET_B : -150.284592
[setup in-reg] rst_n -> _90741_/RESET_B : -150.284592
[setup in-reg] rst_n -> _90742_/RESET_B : -150.284592
[setup in-reg] rst_n -> _90743_/RESET_B : -150.284592
[setup in-reg] rst_n -> _90744_/RESET_B : -150.284592
[setup in-reg] rst_n -> _90745_/RESET_B : -150.284592
[setup in-reg] rst_n -> _90746_/RESET_B : -150.284592
[setup in-reg] rst_n -> _90747_/RESET_B : -150.284592
[setup in-reg] rst_n -> _90748_/RESET_B : -150.284592
[setup in-reg] rst_n -> _90749_/RESET_B : -150.284592
[setup in-reg] rst_n -> _90750_/RESET_B : -150.284592
[setup in-reg] rst_n -> _90751_/RESET_B : -150.284592
[setup in-reg] rst_n -> _90752_/RESET_B : -150.284592
[setup in-reg] rst_n -> _90753_/RESET_B : -150.284592
[setup in-reg] rst_n -> _90754_/RESET_B : -150.284592
[setup in-reg] rst_n -> _90755_/RESET_B : -150.284592
[setup in-reg] rst_n -> _90756_/RESET_B : -150.284592
[setup in-reg] rst_n -> _90757_/RESET_B : -150.284592
[setup in-reg] rst_n -> _90758_/RESET_B : -150.284592
[setup in-reg] rst_n -> _90759_/RESET_B : -150.284592
[setup in-reg] rst_n -> _90760_/RESET_B : -150.284592
[setup in-reg] rst_n -> _90761_/RESET_B : -150.284592
[setup in-reg] rst_n -> _90762_/RESET_B : -150.284592
[setup in-reg] rst_n -> _90763_/RESET_B : -150.284592
[setup in-reg] rst_n -> _90764_/RESET_B : -150.284592
[setup in-reg] rst_n -> _90765_/RESET_B : -150.284592
[setup in-reg] rst_n -> _90766_/RESET_B : -150.284592
[setup in-reg] rst_n -> _90767_/RESET_B : -150.284592
[setup in-reg] rst_n -> _90768_/RESET_B : -150.284592
[setup in-reg] rst_n -> _90769_/RESET_B : -150.284592
[setup in-reg] rst_n -> _90770_/RESET_B : -150.284592
[setup in-reg] rst_n -> _90771_/RESET_B : -150.284592
[setup in-reg] rst_n -> _90772_/RESET_B : -150.284592
[setup in-reg] rst_n -> _90773_/RESET_B : -150.284592
[setup in-reg] rst_n -> _90774_/RESET_B : -150.284592
[setup in-reg] rst_n -> _90775_/RESET_B : -150.284592
[setup in-reg] rst_n -> _90776_/RESET_B : -150.284592
[setup in-reg] rst_n -> _90777_/RESET_B : -150.284592
[setup in-reg] rst_n -> _90778_/RESET_B : -150.284592
[setup in-reg] rst_n -> _90779_/RESET_B : -150.284592
[setup in-reg] rst_n -> _90780_/RESET_B : -150.284592
[setup in-reg] rst_n -> _90781_/RESET_B : -150.284592
[setup in-reg] rst_n -> _90782_/RESET_B : -150.284592
[setup in-reg] rst_n -> _90783_/RESET_B : -150.284592
[setup in-reg] rst_n -> _90784_/RESET_B : -150.284592
[setup in-reg] rst_n -> _90785_/RESET_B : -150.284592
[setup in-reg] rst_n -> _90786_/RESET_B : -150.284592
[setup in-reg] rst_n -> _90787_/RESET_B : -150.284592
[setup in-reg] rst_n -> _90788_/RESET_B : -150.284592
[setup in-reg] rst_n -> _90789_/RESET_B : -150.284592
[setup in-reg] rst_n -> _90790_/RESET_B : -150.284592
[setup in-reg] rst_n -> _90791_/RESET_B : -150.284592
[setup in-reg] rst_n -> _90792_/RESET_B : -150.284592
[setup in-reg] rst_n -> _90793_/RESET_B : -150.284592
[setup in-reg] rst_n -> _90794_/RESET_B : -150.284592
[setup in-reg] rst_n -> _90795_/RESET_B : -150.284592
[setup in-reg] rst_n -> _90796_/RESET_B : -150.284592
[setup in-reg] rst_n -> _90797_/RESET_B : -150.284592
[setup in-reg] rst_n -> _90798_/RESET_B : -150.284592
[setup in-reg] rst_n -> _90799_/RESET_B : -150.284592
[setup in-reg] rst_n -> _90800_/RESET_B : -150.284592
[setup in-reg] rst_n -> _90801_/RESET_B : -150.284592
[setup in-reg] rst_n -> _90802_/RESET_B : -150.284592
[setup in-reg] rst_n -> _90803_/RESET_B : -150.284592
[setup in-reg] rst_n -> _90804_/RESET_B : -150.284592
[setup in-reg] rst_n -> _90805_/RESET_B : -150.284592
[setup in-reg] rst_n -> _90806_/RESET_B : -150.284592
[setup in-reg] rst_n -> _90807_/RESET_B : -150.284592
[setup in-reg] rst_n -> _90808_/RESET_B : -150.284592
[setup in-reg] rst_n -> _90809_/RESET_B : -150.284592
[setup in-reg] rst_n -> _90810_/RESET_B : -150.284592
[setup in-reg] rst_n -> _90811_/RESET_B : -150.284592
[setup in-reg] rst_n -> _90812_/RESET_B : -150.284592
[setup in-reg] rst_n -> _90813_/RESET_B : -150.284592
[setup in-reg] rst_n -> _90814_/RESET_B : -150.284592
[setup in-reg] rst_n -> _90815_/RESET_B : -150.284592
[setup in-reg] rst_n -> _90816_/RESET_B : -150.284592
[setup in-reg] rst_n -> _90817_/RESET_B : -150.284592
[setup in-reg] rst_n -> _90818_/RESET_B : -150.284592
[setup in-reg] rst_n -> _90819_/RESET_B : -150.284592
[setup in-reg] rst_n -> _90820_/RESET_B : -150.284592
[setup in-reg] rst_n -> _90821_/RESET_B : -150.284592
[setup in-reg] rst_n -> _90822_/RESET_B : -150.284592
[setup in-reg] rst_n -> _90823_/RESET_B : -150.284592
[setup in-reg] rst_n -> _90824_/RESET_B : -150.284592
[setup in-reg] rst_n -> _90825_/RESET_B : -150.284592
[setup in-reg] rst_n -> _90826_/RESET_B : -150.284592
[setup in-reg] rst_n -> _90827_/RESET_B : -150.284592
[setup in-reg] rst_n -> _90828_/RESET_B : -150.284592
[setup in-reg] rst_n -> _90829_/RESET_B : -150.284592
[setup in-reg] rst_n -> _90830_/RESET_B : -150.284592
[setup in-reg] rst_n -> _90831_/RESET_B : -150.284592
[setup in-reg] rst_n -> _90832_/RESET_B : -150.284592
[setup in-reg] rst_n -> _90833_/RESET_B : -150.284592
[setup in-reg] rst_n -> _90834_/RESET_B : -150.284592
[setup in-reg] rst_n -> _90835_/RESET_B : -150.284592
[setup in-reg] rst_n -> _90836_/RESET_B : -150.284592
[setup in-reg] rst_n -> _90837_/RESET_B : -150.284592
[setup in-reg] rst_n -> _90838_/RESET_B : -150.284592
[setup in-reg] rst_n -> _90839_/RESET_B : -150.284592
[setup in-reg] rst_n -> _90840_/RESET_B : -150.284592
[setup in-reg] rst_n -> _90841_/RESET_B : -150.284592
[setup in-reg] rst_n -> _90842_/RESET_B : -150.284592
[setup in-reg] rst_n -> _90843_/RESET_B : -150.284592
[setup in-reg] rst_n -> _90844_/RESET_B : -150.284592
[setup in-reg] rst_n -> _90845_/RESET_B : -150.284592
[setup in-reg] rst_n -> _90846_/RESET_B : -150.284592
[setup in-reg] rst_n -> _90847_/RESET_B : -150.284592
[setup in-reg] rst_n -> _90848_/RESET_B : -150.284592
[setup in-reg] rst_n -> _90849_/RESET_B : -150.284592
[setup in-reg] rst_n -> _90850_/RESET_B : -150.284592
[setup in-reg] rst_n -> _90851_/RESET_B : -150.284592
[setup in-reg] rst_n -> _90852_/RESET_B : -150.284592
[setup in-reg] rst_n -> _90853_/RESET_B : -150.284592
[setup in-reg] rst_n -> _90854_/RESET_B : -150.284592
[setup in-reg] rst_n -> _90855_/RESET_B : -150.284592
[setup in-reg] rst_n -> _90856_/RESET_B : -150.284592
[setup in-reg] rst_n -> _90857_/RESET_B : -150.284592
[setup in-reg] rst_n -> _90858_/RESET_B : -150.284592
[setup in-reg] rst_n -> _90859_/RESET_B : -150.284592
[setup in-reg] rst_n -> _90860_/RESET_B : -150.284592
[setup in-reg] rst_n -> _90861_/RESET_B : -150.284592
[setup in-reg] rst_n -> _90862_/RESET_B : -150.284592
[setup in-reg] rst_n -> _90863_/RESET_B : -150.284592
[setup in-reg] rst_n -> _90864_/RESET_B : -150.284592
[setup in-reg] rst_n -> _90865_/RESET_B : -150.284592
[setup in-reg] rst_n -> _90866_/RESET_B : -150.284592
[setup in-reg] rst_n -> _90867_/RESET_B : -150.284592
[setup in-reg] rst_n -> _90868_/RESET_B : -150.284592
[setup in-reg] rst_n -> _90869_/RESET_B : -150.284592
[setup in-reg] rst_n -> _90870_/RESET_B : -150.284592
[setup in-reg] rst_n -> _90871_/RESET_B : -150.284592
[setup in-reg] rst_n -> _90872_/RESET_B : -150.284592
[setup in-reg] rst_n -> _90873_/RESET_B : -150.284592
[setup in-reg] rst_n -> _90874_/RESET_B : -150.284592
[setup in-reg] rst_n -> _90875_/RESET_B : -150.284592
[setup in-reg] rst_n -> _90876_/RESET_B : -150.284592
[setup in-reg] rst_n -> _90877_/RESET_B : -150.284592
[setup in-reg] rst_n -> _90878_/RESET_B : -150.284592
[setup in-reg] rst_n -> _90879_/RESET_B : -150.284592
[setup in-reg] rst_n -> _90880_/RESET_B : -150.284592
[setup in-reg] rst_n -> _90881_/RESET_B : -150.284592
[setup in-reg] rst_n -> _90882_/RESET_B : -150.284592
[setup in-reg] rst_n -> _90883_/RESET_B : -150.284592
[setup in-reg] rst_n -> _90884_/RESET_B : -150.284592
[setup in-reg] rst_n -> _90885_/RESET_B : -150.284592
[setup in-reg] rst_n -> _90886_/RESET_B : -150.284592
[setup in-reg] rst_n -> _90887_/RESET_B : -150.284592
[setup in-reg] rst_n -> _90888_/RESET_B : -150.284592
[setup in-reg] rst_n -> _90889_/RESET_B : -150.284592
[setup in-reg] rst_n -> _90890_/RESET_B : -150.284592
[setup in-reg] rst_n -> _90891_/RESET_B : -150.284592
[setup in-reg] rst_n -> _90892_/RESET_B : -150.284592
[setup in-reg] rst_n -> _90893_/RESET_B : -150.284592
[setup in-reg] rst_n -> _90894_/RESET_B : -150.284592
[setup in-reg] rst_n -> _90895_/RESET_B : -150.284592
[setup in-reg] rst_n -> _90896_/RESET_B : -150.284592
[setup in-reg] rst_n -> _90897_/RESET_B : -150.284592
[setup in-reg] rst_n -> _90898_/RESET_B : -150.284592
[setup in-reg] rst_n -> _90899_/RESET_B : -150.284592
[setup in-reg] rst_n -> _90900_/RESET_B : -150.284592
[setup in-reg] rst_n -> _90901_/RESET_B : -150.284592
[setup in-reg] rst_n -> _90902_/RESET_B : -150.284592
[setup in-reg] rst_n -> _90903_/RESET_B : -150.284592
[setup in-reg] rst_n -> _90904_/RESET_B : -150.284592
[setup in-reg] rst_n -> _90905_/RESET_B : -150.284592
[setup in-reg] rst_n -> _90906_/RESET_B : -150.284592
[setup in-reg] rst_n -> _90907_/RESET_B : -150.284592
[setup in-reg] rst_n -> _90908_/RESET_B : -150.284592
[setup in-reg] rst_n -> _90909_/RESET_B : -150.284592
[setup in-reg] rst_n -> _90910_/RESET_B : -150.284592
[setup in-reg] rst_n -> _90911_/RESET_B : -150.284592
[setup in-reg] rst_n -> _90912_/RESET_B : -150.284592
[setup in-reg] rst_n -> _90913_/RESET_B : -150.284592
[setup in-reg] rst_n -> _90914_/RESET_B : -150.284592
[setup in-reg] rst_n -> _90915_/RESET_B : -150.284592
[setup in-reg] rst_n -> _90916_/RESET_B : -150.284592
[setup in-reg] rst_n -> _90917_/RESET_B : -150.284592
[setup in-reg] rst_n -> _90918_/RESET_B : -150.284592
[setup in-reg] rst_n -> _90919_/RESET_B : -150.284592
[setup in-reg] rst_n -> _90920_/RESET_B : -150.284592
[setup in-reg] rst_n -> _90921_/RESET_B : -150.284592
[setup in-reg] rst_n -> _90922_/RESET_B : -150.284592
[setup in-reg] rst_n -> _90923_/RESET_B : -150.284592
[setup in-reg] rst_n -> _90924_/RESET_B : -150.284592
[setup in-reg] rst_n -> _90925_/RESET_B : -150.284592
[setup in-reg] rst_n -> _90926_/RESET_B : -150.284592
[setup in-reg] rst_n -> _90927_/RESET_B : -150.284592
[setup in-reg] rst_n -> _90928_/RESET_B : -150.284592
[setup in-reg] rst_n -> _90929_/RESET_B : -150.284592
[setup in-reg] rst_n -> _90930_/RESET_B : -150.284592
[setup in-reg] rst_n -> _90931_/RESET_B : -150.284592
[setup in-reg] rst_n -> _90932_/RESET_B : -150.284592
[setup in-reg] rst_n -> _90933_/RESET_B : -150.284592
[setup in-reg] rst_n -> _90934_/RESET_B : -150.284592
[setup in-reg] rst_n -> _90935_/RESET_B : -150.284592
[setup in-reg] rst_n -> _90936_/RESET_B : -150.284592
[setup in-reg] rst_n -> _90937_/RESET_B : -150.284592
[setup in-reg] rst_n -> _90938_/RESET_B : -150.284592
[setup in-reg] rst_n -> _90939_/RESET_B : -150.284592
[setup in-reg] rst_n -> _90940_/RESET_B : -150.284592
[setup in-reg] rst_n -> _90941_/RESET_B : -150.284592
[setup in-reg] rst_n -> _90942_/RESET_B : -150.284592
[setup in-reg] rst_n -> _90943_/RESET_B : -150.284592
[setup in-reg] rst_n -> _90944_/RESET_B : -150.284592
[setup in-reg] rst_n -> _90945_/RESET_B : -150.284592
[setup in-reg] rst_n -> _90946_/RESET_B : -150.284592
[setup in-reg] rst_n -> _90947_/RESET_B : -150.284592
[setup in-reg] rst_n -> _90948_/RESET_B : -150.284592
[setup in-reg] rst_n -> _90949_/RESET_B : -150.284592
[setup in-reg] rst_n -> _90950_/RESET_B : -150.284592
[setup in-reg] rst_n -> _90951_/RESET_B : -150.284592
[setup in-reg] rst_n -> _90952_/RESET_B : -150.284592
[setup in-reg] rst_n -> _90953_/RESET_B : -150.284592
[setup in-reg] rst_n -> _90954_/RESET_B : -150.284592
[setup in-reg] rst_n -> _90955_/RESET_B : -150.284592
[setup in-reg] rst_n -> _90956_/RESET_B : -150.284592
[setup in-reg] rst_n -> _90957_/RESET_B : -150.284592
[setup in-reg] rst_n -> _90958_/RESET_B : -150.284592
[setup in-reg] rst_n -> _90959_/RESET_B : -150.284592
[setup in-reg] rst_n -> _90960_/RESET_B : -150.284592
[setup in-reg] rst_n -> _90961_/RESET_B : -150.284592
[setup in-reg] rst_n -> _90962_/RESET_B : -150.284592
[setup in-reg] rst_n -> _90963_/RESET_B : -150.284592
[setup in-reg] rst_n -> _90964_/RESET_B : -150.284592
[setup in-reg] rst_n -> _90965_/RESET_B : -150.284592
[setup in-reg] rst_n -> _90966_/RESET_B : -150.284592
[setup in-reg] rst_n -> _90967_/RESET_B : -150.284592
[setup in-reg] rst_n -> _90968_/RESET_B : -150.284592
[setup in-reg] rst_n -> _90969_/RESET_B : -150.284592
[setup in-reg] rst_n -> _90970_/RESET_B : -150.284592
[setup in-reg] rst_n -> _90971_/RESET_B : -150.284592
[setup in-reg] rst_n -> _90972_/RESET_B : -150.284592
[setup in-reg] rst_n -> _90973_/RESET_B : -150.284592
[setup in-reg] rst_n -> _90974_/RESET_B : -150.284592
[setup in-reg] rst_n -> _90975_/RESET_B : -150.284592
[setup in-reg] rst_n -> _90976_/RESET_B : -150.284592
[setup in-reg] rst_n -> _90977_/RESET_B : -150.284592
[setup in-reg] rst_n -> _90978_/RESET_B : -150.284592
[setup in-reg] rst_n -> _90979_/RESET_B : -150.284592
[setup in-reg] rst_n -> _90980_/RESET_B : -150.284592
[setup in-reg] rst_n -> _90981_/RESET_B : -150.284592
[setup in-reg] rst_n -> _90982_/RESET_B : -150.284592
[setup in-reg] rst_n -> _90983_/RESET_B : -150.284592
[setup in-reg] rst_n -> _90984_/RESET_B : -150.284592
[setup in-reg] rst_n -> _90985_/RESET_B : -150.284592
[setup in-reg] rst_n -> _90986_/RESET_B : -150.284592
[setup in-reg] rst_n -> _90987_/RESET_B : -150.284592
[setup in-reg] rst_n -> _90988_/RESET_B : -150.284592
[setup in-reg] rst_n -> _90989_/RESET_B : -150.284592
[setup in-reg] rst_n -> _90990_/RESET_B : -150.284592
[setup in-reg] rst_n -> _90991_/RESET_B : -150.284592
[setup in-reg] rst_n -> _90992_/RESET_B : -150.284592
[setup in-reg] rst_n -> _90993_/RESET_B : -150.284592
[setup in-reg] rst_n -> _90994_/RESET_B : -150.284592
[setup in-reg] rst_n -> _90995_/RESET_B : -150.284592
[setup in-reg] rst_n -> _90996_/RESET_B : -150.284592
[setup in-reg] rst_n -> _90997_/RESET_B : -150.284592
[setup in-reg] rst_n -> _90998_/RESET_B : -150.284592
[setup in-reg] rst_n -> _90999_/RESET_B : -150.284592
[setup in-reg] rst_n -> _91000_/RESET_B : -150.284592
[setup in-reg] rst_n -> _91001_/RESET_B : -150.284592
[setup in-reg] rst_n -> _91002_/RESET_B : -150.284592
[setup in-reg] rst_n -> _91003_/RESET_B : -150.284592
[setup in-reg] rst_n -> _91004_/RESET_B : -150.284592
[setup in-reg] rst_n -> _91005_/RESET_B : -150.284592
[setup in-reg] rst_n -> _91006_/RESET_B : -150.284592
[setup in-reg] rst_n -> _91007_/RESET_B : -150.284592
[setup in-reg] rst_n -> _91008_/RESET_B : -150.284592
[setup in-reg] rst_n -> _91009_/RESET_B : -150.284592
[setup in-reg] rst_n -> _91010_/RESET_B : -150.284592
[setup in-reg] rst_n -> _91011_/RESET_B : -150.284592
[setup in-reg] rst_n -> _91012_/RESET_B : -150.284592
[setup in-reg] rst_n -> _91013_/RESET_B : -150.284592
[setup in-reg] rst_n -> _91014_/RESET_B : -150.284592
[setup in-reg] rst_n -> _91015_/RESET_B : -150.284592
[setup in-reg] rst_n -> _91016_/RESET_B : -150.284592
[setup in-reg] rst_n -> _91017_/RESET_B : -150.284592
[setup in-reg] rst_n -> _91018_/RESET_B : -150.284592
[setup in-reg] rst_n -> _91019_/RESET_B : -150.284592
[setup in-reg] rst_n -> _91020_/RESET_B : -150.284592
[setup in-reg] rst_n -> _91021_/RESET_B : -150.284592
[setup in-reg] rst_n -> _91022_/RESET_B : -150.284592
[setup in-reg] rst_n -> _91023_/RESET_B : -150.284592
[setup in-reg] rst_n -> _91024_/RESET_B : -150.284592
[setup in-reg] rst_n -> _91025_/RESET_B : -150.284592
[setup in-reg] rst_n -> _91026_/RESET_B : -150.284592
[setup in-reg] rst_n -> _91027_/RESET_B : -150.284592
[setup in-reg] rst_n -> _91028_/RESET_B : -150.284592
[setup in-reg] rst_n -> _91029_/RESET_B : -150.284592
[setup in-reg] rst_n -> _91030_/RESET_B : -150.284592
[setup in-reg] rst_n -> _91031_/RESET_B : -150.284592
[setup in-reg] rst_n -> _91032_/RESET_B : -150.284592
[setup in-reg] rst_n -> _91033_/RESET_B : -150.284592
[setup in-reg] rst_n -> _91034_/RESET_B : -150.284592
[setup in-reg] rst_n -> _91035_/RESET_B : -150.284592
[setup in-reg] rst_n -> _91036_/RESET_B : -150.284592
[setup in-reg] rst_n -> _91037_/RESET_B : -150.284592
[setup in-reg] rst_n -> _91038_/RESET_B : -150.284592
[setup in-reg] rst_n -> _91039_/RESET_B : -150.284592
[setup in-reg] rst_n -> _91040_/RESET_B : -150.284592
[setup in-reg] rst_n -> _91041_/RESET_B : -150.284592
[setup in-reg] rst_n -> _91042_/RESET_B : -150.284592
[setup in-reg] rst_n -> _91043_/RESET_B : -150.284592
[setup in-reg] rst_n -> _91044_/RESET_B : -150.284592
[setup in-reg] rst_n -> _91045_/RESET_B : -150.284592
[setup in-reg] rst_n -> _91046_/RESET_B : -150.284592
[setup in-reg] rst_n -> _91047_/RESET_B : -150.284592
[setup in-reg] rst_n -> _91048_/RESET_B : -150.284592
[setup in-reg] rst_n -> _91049_/RESET_B : -150.284592
[setup in-reg] rst_n -> _91050_/RESET_B : -150.284592
[setup in-reg] rst_n -> _91051_/RESET_B : -150.284592
[setup in-reg] rst_n -> _91052_/RESET_B : -150.284592
[setup in-reg] rst_n -> _91053_/RESET_B : -150.284592
[setup in-reg] rst_n -> _91054_/RESET_B : -150.284592
[setup in-reg] rst_n -> _91055_/RESET_B : -150.284592
[setup in-reg] rst_n -> _91056_/RESET_B : -150.284592
[setup in-reg] rst_n -> _91057_/RESET_B : -150.284592
[setup in-reg] rst_n -> _91058_/RESET_B : -150.284592
[setup in-reg] rst_n -> _91059_/RESET_B : -150.284592
[setup in-reg] rst_n -> _91060_/RESET_B : -150.284592
[setup in-reg] rst_n -> _91061_/RESET_B : -150.284592
[setup in-reg] rst_n -> _91062_/RESET_B : -150.284592
[setup in-reg] rst_n -> _91063_/RESET_B : -150.284592
[setup in-reg] rst_n -> _91064_/RESET_B : -150.284592
[setup in-reg] rst_n -> _91065_/RESET_B : -150.284592
[setup in-reg] rst_n -> _91066_/RESET_B : -150.284592
[setup in-reg] rst_n -> _91067_/RESET_B : -150.284592
[setup in-reg] rst_n -> _91068_/RESET_B : -150.284592
[setup in-reg] rst_n -> _91069_/RESET_B : -150.284592
[setup in-reg] rst_n -> _91070_/RESET_B : -150.284592
[setup in-reg] rst_n -> _91071_/RESET_B : -150.284592
[setup in-reg] rst_n -> _91072_/RESET_B : -150.284592
[setup in-reg] rst_n -> _91073_/RESET_B : -150.284592
[setup in-reg] rst_n -> _91074_/RESET_B : -150.284592
[setup in-reg] rst_n -> _91075_/RESET_B : -150.284592
[setup in-reg] rst_n -> _91076_/RESET_B : -150.284592
[setup in-reg] rst_n -> _91077_/RESET_B : -150.284592
[setup in-reg] rst_n -> _91078_/RESET_B : -150.284592
[setup in-reg] rst_n -> _91079_/RESET_B : -150.284592
[setup in-reg] rst_n -> _91080_/RESET_B : -150.284592
[setup in-reg] rst_n -> _91081_/RESET_B : -150.284592
[setup in-reg] rst_n -> _91082_/RESET_B : -150.284592
[setup in-reg] rst_n -> _91083_/RESET_B : -150.284592
[setup in-reg] rst_n -> _91084_/RESET_B : -150.284592
[setup in-reg] rst_n -> _91085_/RESET_B : -150.284592
[setup in-reg] rst_n -> _91086_/RESET_B : -150.284592
[setup in-reg] rst_n -> _91087_/RESET_B : -150.284592
[setup in-reg] rst_n -> _91088_/RESET_B : -150.284592
[setup in-reg] rst_n -> _91089_/RESET_B : -150.284592
[setup in-reg] rst_n -> _91090_/RESET_B : -150.284592
[setup in-reg] rst_n -> _91091_/RESET_B : -150.284592
[setup in-reg] rst_n -> _91092_/RESET_B : -150.284592
[setup in-reg] rst_n -> _91093_/RESET_B : -150.284592
[setup in-reg] rst_n -> _91094_/RESET_B : -150.284592
[setup in-reg] rst_n -> _91095_/RESET_B : -150.284592
[setup in-reg] rst_n -> _91096_/RESET_B : -150.284592
[setup in-reg] rst_n -> _91097_/RESET_B : -150.284592
[setup in-reg] rst_n -> _91098_/RESET_B : -150.284592
[setup in-reg] rst_n -> _91099_/RESET_B : -150.284592
[setup in-reg] rst_n -> _91100_/RESET_B : -150.284592
[setup in-reg] rst_n -> _91101_/RESET_B : -150.284592
[setup in-reg] rst_n -> _91102_/RESET_B : -150.284592
[setup in-reg] rst_n -> _91103_/RESET_B : -150.284592
[setup in-reg] rst_n -> _91104_/RESET_B : -150.284592
[setup in-reg] rst_n -> _91105_/RESET_B : -150.284592
[setup in-reg] rst_n -> _91106_/RESET_B : -150.284592
[setup in-reg] rst_n -> _91107_/RESET_B : -150.284592
[setup in-reg] rst_n -> _91108_/RESET_B : -150.284592
[setup in-reg] rst_n -> _91109_/RESET_B : -150.284592
[setup in-reg] rst_n -> _91110_/RESET_B : -150.284592
[setup in-reg] rst_n -> _91111_/RESET_B : -150.284592
[setup in-reg] rst_n -> _91112_/RESET_B : -150.284592
[setup in-reg] rst_n -> _91113_/RESET_B : -150.284592
[setup in-reg] rst_n -> _91114_/RESET_B : -150.284592
[setup in-reg] rst_n -> _91115_/RESET_B : -150.284592
[setup in-reg] rst_n -> _91116_/RESET_B : -150.284592
[setup in-reg] rst_n -> _91117_/RESET_B : -150.284592
[setup in-reg] rst_n -> _91118_/RESET_B : -150.284592
[setup in-reg] rst_n -> _91119_/RESET_B : -150.284592
[setup in-reg] rst_n -> _91120_/RESET_B : -150.284592
[setup in-reg] rst_n -> _91121_/RESET_B : -150.284592
[setup in-reg] rst_n -> _91122_/RESET_B : -150.284592
[setup in-reg] rst_n -> _91123_/RESET_B : -150.284592
[setup in-reg] rst_n -> _91124_/RESET_B : -150.284592
[setup in-reg] rst_n -> _91125_/RESET_B : -150.284592
[setup in-reg] rst_n -> _91126_/RESET_B : -150.284592
[setup in-reg] rst_n -> _91127_/RESET_B : -150.284592
[setup in-reg] rst_n -> _91128_/RESET_B : -150.284592
[setup in-reg] rst_n -> _91129_/RESET_B : -150.284592
[setup in-reg] rst_n -> _91130_/RESET_B : -150.284592
[setup in-reg] rst_n -> _91131_/RESET_B : -150.284592
[setup in-reg] rst_n -> _91132_/RESET_B : -150.284592
[setup in-reg] rst_n -> _91133_/RESET_B : -150.284592
[setup in-reg] rst_n -> _91134_/RESET_B : -150.284592
[setup in-reg] rst_n -> _91135_/RESET_B : -150.284592
[setup in-reg] rst_n -> _91136_/RESET_B : -150.284592
[setup in-reg] rst_n -> _91137_/RESET_B : -150.284592
[setup in-reg] rst_n -> _91138_/RESET_B : -150.284592
[setup in-reg] rst_n -> _91139_/RESET_B : -150.284592
[setup in-reg] rst_n -> _91140_/RESET_B : -150.284592
[setup in-reg] rst_n -> _91141_/RESET_B : -150.284592
[setup in-reg] rst_n -> _91142_/RESET_B : -150.284592
[setup in-reg] rst_n -> _91143_/RESET_B : -150.284592
[setup in-reg] rst_n -> _91144_/RESET_B : -150.284592
[setup in-reg] rst_n -> _91145_/RESET_B : -150.284592
[setup in-reg] rst_n -> _91146_/RESET_B : -150.284592
[setup in-reg] rst_n -> _91147_/RESET_B : -150.284592
[setup in-reg] rst_n -> _91148_/RESET_B : -150.284592
[setup in-reg] rst_n -> _91149_/RESET_B : -150.284592
[setup in-reg] rst_n -> _91150_/RESET_B : -150.284592
[setup in-reg] rst_n -> _91151_/RESET_B : -150.284592
[setup in-reg] rst_n -> _91152_/RESET_B : -150.284592
[setup in-reg] rst_n -> _91153_/RESET_B : -150.284592
[setup in-reg] rst_n -> _91154_/RESET_B : -150.284592
[setup in-reg] rst_n -> _91155_/RESET_B : -150.284592
[setup in-reg] rst_n -> _91156_/RESET_B : -150.284592
[setup in-reg] rst_n -> _91157_/RESET_B : -150.284592
[setup in-reg] rst_n -> _91158_/RESET_B : -150.284592
[setup in-reg] rst_n -> _91159_/RESET_B : -150.284592
[setup in-reg] rst_n -> _91160_/RESET_B : -150.284592
[setup in-reg] rst_n -> _91161_/RESET_B : -150.284592
[setup in-reg] rst_n -> _91162_/RESET_B : -150.284592
[setup in-reg] rst_n -> _91163_/RESET_B : -150.284592
[setup in-reg] rst_n -> _91164_/RESET_B : -150.284592
[setup in-reg] rst_n -> _91165_/RESET_B : -150.284592
[setup in-reg] rst_n -> _91166_/RESET_B : -150.284592
[setup in-reg] rst_n -> _91167_/RESET_B : -150.284592
[setup in-reg] rst_n -> _91168_/RESET_B : -150.284592
[setup in-reg] rst_n -> _91169_/RESET_B : -150.284592
[setup in-reg] rst_n -> _91170_/RESET_B : -150.284592
[setup in-reg] rst_n -> _91171_/RESET_B : -150.284592
[setup in-reg] rst_n -> _91172_/RESET_B : -150.284592
[setup in-reg] rst_n -> _91173_/RESET_B : -150.284592
[setup in-reg] rst_n -> _91174_/RESET_B : -150.284592
[setup in-reg] rst_n -> _91175_/RESET_B : -150.284592
[setup in-reg] rst_n -> _91176_/RESET_B : -150.284592
[setup in-reg] rst_n -> _91177_/RESET_B : -150.284592
[setup in-reg] rst_n -> _91178_/RESET_B : -150.284592
[setup in-reg] rst_n -> _91179_/RESET_B : -150.284592
[setup in-reg] rst_n -> _91180_/RESET_B : -150.284592
[setup in-reg] rst_n -> _91181_/RESET_B : -150.284592
[setup in-reg] rst_n -> _91182_/RESET_B : -150.284592
[setup in-reg] rst_n -> _91183_/RESET_B : -150.284592
[setup in-reg] rst_n -> _91184_/RESET_B : -150.284592
[setup in-reg] rst_n -> _91185_/RESET_B : -150.284592
[setup in-reg] rst_n -> _91186_/RESET_B : -150.284592
[setup in-reg] rst_n -> _91187_/RESET_B : -150.284592
[setup in-reg] rst_n -> _91188_/RESET_B : -150.284592
[setup in-reg] rst_n -> _91189_/RESET_B : -150.284592
[setup in-reg] rst_n -> _91190_/RESET_B : -150.284592
[setup in-reg] rst_n -> _91191_/RESET_B : -150.284592
[setup in-reg] rst_n -> _91192_/RESET_B : -150.284592
[setup in-reg] rst_n -> _91193_/RESET_B : -150.284592
[setup in-reg] rst_n -> _91194_/RESET_B : -150.284592
[setup in-reg] rst_n -> _91195_/RESET_B : -150.284592
[setup in-reg] rst_n -> _91196_/RESET_B : -150.284592
[setup in-reg] rst_n -> _91197_/RESET_B : -150.284592
[setup in-reg] rst_n -> _91198_/RESET_B : -150.284592
[setup in-reg] rst_n -> _91199_/RESET_B : -150.284592
[setup in-reg] rst_n -> _91200_/RESET_B : -150.284592
[setup in-reg] rst_n -> _91201_/RESET_B : -150.284592
[setup in-reg] rst_n -> _91202_/RESET_B : -150.284592
[setup in-reg] rst_n -> _91203_/RESET_B : -150.284592
[setup in-reg] rst_n -> _91204_/RESET_B : -150.284592
[setup in-reg] rst_n -> _91205_/RESET_B : -150.284592
[setup in-reg] rst_n -> _91206_/RESET_B : -150.284592
[setup in-reg] rst_n -> _91207_/RESET_B : -150.284592
[setup in-reg] rst_n -> _91208_/RESET_B : -150.284592
[setup in-reg] rst_n -> _91209_/RESET_B : -150.284592
[setup in-reg] rst_n -> _91210_/RESET_B : -150.284592
[setup in-reg] rst_n -> _91211_/RESET_B : -150.284592
[setup in-reg] rst_n -> _91212_/RESET_B : -150.284592
[setup in-reg] rst_n -> _91213_/RESET_B : -150.284592
[setup in-reg] rst_n -> _91214_/RESET_B : -150.284592
[setup in-reg] rst_n -> _91215_/RESET_B : -150.284592
[setup in-reg] rst_n -> _91216_/RESET_B : -150.284592
[setup in-reg] rst_n -> _91217_/RESET_B : -150.284592
[setup in-reg] rst_n -> _91218_/RESET_B : -150.284592
[setup in-reg] rst_n -> _91219_/RESET_B : -150.284592
[setup in-reg] rst_n -> _91220_/RESET_B : -150.284592
[setup in-reg] rst_n -> _91221_/RESET_B : -150.284592
[setup in-reg] rst_n -> _91222_/RESET_B : -150.284592
[setup in-reg] rst_n -> _91223_/RESET_B : -150.284592
[setup in-reg] rst_n -> _91224_/RESET_B : -150.284592
[setup in-reg] rst_n -> _91225_/RESET_B : -150.284592
[setup in-reg] rst_n -> _91226_/RESET_B : -150.284592
[setup in-reg] rst_n -> _91227_/RESET_B : -150.284592
[setup in-reg] rst_n -> _91228_/RESET_B : -150.284592
[setup in-reg] rst_n -> _91229_/RESET_B : -150.284592
[setup in-reg] rst_n -> _91230_/RESET_B : -150.284592
[setup in-reg] rst_n -> _91231_/RESET_B : -150.284592
[setup in-reg] rst_n -> _91232_/RESET_B : -150.284592
[setup in-reg] rst_n -> _91233_/RESET_B : -150.284592
[setup in-reg] rst_n -> _91234_/RESET_B : -150.284592
[setup in-reg] rst_n -> _91235_/RESET_B : -150.284592
[setup in-reg] rst_n -> _91236_/RESET_B : -150.284592
[setup in-reg] rst_n -> _91237_/RESET_B : -150.284592
[setup in-reg] rst_n -> _91238_/RESET_B : -150.284592
[setup in-reg] rst_n -> _91239_/RESET_B : -150.284592
[setup in-reg] rst_n -> _91240_/RESET_B : -150.284592
[setup in-reg] rst_n -> _91241_/RESET_B : -150.284592
[setup in-reg] rst_n -> _91242_/RESET_B : -150.284592
[setup in-reg] rst_n -> _91243_/RESET_B : -150.284592
[setup in-reg] rst_n -> _91244_/RESET_B : -150.284592
[setup in-reg] rst_n -> _91245_/RESET_B : -150.284592
[setup in-reg] rst_n -> _91246_/RESET_B : -150.284592
[setup in-reg] rst_n -> _91247_/RESET_B : -150.284592
[setup in-reg] rst_n -> _91248_/RESET_B : -150.284592
[setup in-reg] rst_n -> _91249_/RESET_B : -150.284592
[setup in-reg] rst_n -> _91250_/RESET_B : -150.284592
[setup in-reg] rst_n -> _91251_/RESET_B : -150.284592
[setup in-reg] rst_n -> _91252_/RESET_B : -150.284592
[setup in-reg] rst_n -> _91253_/RESET_B : -150.284592
[setup in-reg] rst_n -> _91254_/RESET_B : -150.284592
[setup in-reg] rst_n -> _91255_/RESET_B : -150.284592
[setup in-reg] rst_n -> _91256_/RESET_B : -150.284592
[setup in-reg] rst_n -> _91257_/RESET_B : -150.284592
[setup in-reg] rst_n -> _91258_/RESET_B : -150.284592
[setup in-reg] rst_n -> _91259_/RESET_B : -150.284592
[setup in-reg] rst_n -> _91260_/RESET_B : -150.284592
[setup in-reg] rst_n -> _91261_/RESET_B : -150.284592
[setup in-reg] rst_n -> _91262_/RESET_B : -150.284592
[setup in-reg] rst_n -> _91263_/RESET_B : -150.284592
[setup in-reg] rst_n -> _91264_/RESET_B : -150.284592
[setup in-reg] rst_n -> _91265_/RESET_B : -150.284592
[setup in-reg] rst_n -> _91266_/RESET_B : -150.284592
[setup in-reg] rst_n -> _91267_/RESET_B : -150.284592
[setup in-reg] rst_n -> _91268_/RESET_B : -150.284592
[setup in-reg] rst_n -> _91269_/RESET_B : -150.284592
[setup in-reg] rst_n -> _91270_/RESET_B : -150.284592
[setup in-reg] rst_n -> _91271_/RESET_B : -150.284592
[setup in-reg] rst_n -> _91272_/RESET_B : -150.284592
[setup in-reg] rst_n -> _91273_/RESET_B : -150.284592
[setup in-reg] rst_n -> _91274_/RESET_B : -150.284592
[setup in-reg] rst_n -> _91275_/RESET_B : -150.284592
[setup in-reg] rst_n -> _91276_/RESET_B : -150.284592
[setup in-reg] rst_n -> _91277_/RESET_B : -150.284592
[setup in-reg] rst_n -> _91278_/RESET_B : -150.284592
[setup in-reg] rst_n -> _91279_/RESET_B : -150.284592
[setup in-reg] rst_n -> _91280_/RESET_B : -150.284592
[setup in-reg] rst_n -> _91281_/RESET_B : -150.284592
[setup in-reg] rst_n -> _91282_/RESET_B : -150.284592
[setup in-reg] rst_n -> _91283_/RESET_B : -150.284592
[setup in-reg] rst_n -> _91284_/RESET_B : -150.284592
[setup in-reg] rst_n -> _91285_/RESET_B : -150.284592
[setup in-reg] rst_n -> _91286_/RESET_B : -150.284592
[setup in-reg] rst_n -> _91287_/RESET_B : -150.284592
[setup in-reg] rst_n -> _91288_/RESET_B : -150.284592
[setup in-reg] rst_n -> _91289_/RESET_B : -150.284592
[setup in-reg] rst_n -> _91290_/RESET_B : -150.284592
[setup in-reg] rst_n -> _91291_/RESET_B : -150.284592
[setup in-reg] rst_n -> _91292_/RESET_B : -150.284592
[setup in-reg] rst_n -> _91293_/RESET_B : -150.284592
[setup in-reg] rst_n -> _91294_/RESET_B : -150.284592
[setup in-reg] rst_n -> _91295_/RESET_B : -150.284592
[setup in-reg] rst_n -> _91296_/RESET_B : -150.284592
[setup in-reg] rst_n -> _91297_/RESET_B : -150.284592
[setup in-reg] rst_n -> _91298_/RESET_B : -150.284592
[setup in-reg] rst_n -> _91299_/RESET_B : -150.284592
[setup in-reg] rst_n -> _91300_/RESET_B : -150.284592
[setup in-reg] rst_n -> _91301_/RESET_B : -150.284592
[setup in-reg] rst_n -> _91302_/RESET_B : -150.284592
[setup in-reg] rst_n -> _91303_/RESET_B : -150.284592
[setup in-reg] rst_n -> _91304_/RESET_B : -150.284592
[setup in-reg] rst_n -> _91305_/RESET_B : -150.284592
[setup in-reg] rst_n -> _91306_/RESET_B : -150.284592
[setup in-reg] rst_n -> _91307_/RESET_B : -150.284592
[setup in-reg] rst_n -> _91308_/RESET_B : -150.284592
[setup in-reg] rst_n -> _91309_/RESET_B : -150.284592
[setup in-reg] rst_n -> _91310_/RESET_B : -150.284592
[setup in-reg] rst_n -> _91311_/RESET_B : -150.284592
[setup in-reg] rst_n -> _91312_/RESET_B : -150.284592
[setup in-reg] rst_n -> _91313_/RESET_B : -150.284592
[setup in-reg] rst_n -> _91314_/RESET_B : -150.284592
[setup in-reg] rst_n -> _91315_/RESET_B : -150.284592
[setup in-reg] rst_n -> _91316_/RESET_B : -150.284592
[setup in-reg] rst_n -> _91317_/RESET_B : -150.284592
[setup in-reg] rst_n -> _91318_/RESET_B : -150.284592
[setup in-reg] rst_n -> _91319_/RESET_B : -150.284592
[setup in-reg] rst_n -> _91320_/RESET_B : -150.284592
[setup in-reg] rst_n -> _91321_/RESET_B : -150.284592
[setup in-reg] rst_n -> _91322_/RESET_B : -150.284592
[setup in-reg] rst_n -> _91323_/RESET_B : -150.284592
[setup in-reg] rst_n -> _91324_/RESET_B : -150.284592
[setup in-reg] rst_n -> _91325_/RESET_B : -150.284592
[setup in-reg] rst_n -> _91326_/RESET_B : -150.284592
[setup in-reg] rst_n -> _91327_/RESET_B : -150.284592
[setup in-reg] rst_n -> _91328_/RESET_B : -150.284592
[setup in-reg] rst_n -> _91329_/RESET_B : -150.284592
[setup in-reg] rst_n -> _91330_/RESET_B : -150.284592
[setup in-reg] rst_n -> _91331_/RESET_B : -150.284592
[setup in-reg] rst_n -> _91332_/RESET_B : -150.284592
[setup in-reg] rst_n -> _91333_/RESET_B : -150.284592
[setup in-reg] rst_n -> _91334_/RESET_B : -150.284592
[setup in-reg] rst_n -> _91335_/RESET_B : -150.284592
[setup in-reg] rst_n -> _91336_/RESET_B : -150.284592
[setup in-reg] rst_n -> _91337_/RESET_B : -150.284592
[setup in-reg] rst_n -> _91338_/RESET_B : -150.284592
[setup in-reg] rst_n -> _91339_/RESET_B : -150.284592
[setup in-reg] rst_n -> _91340_/RESET_B : -150.284592
[setup in-reg] rst_n -> _91341_/RESET_B : -150.284592
[setup in-reg] rst_n -> _91342_/RESET_B : -150.284592
[setup in-reg] rst_n -> _91343_/RESET_B : -150.284592
[setup in-reg] rst_n -> _91344_/RESET_B : -150.284592
[setup in-reg] rst_n -> _91345_/RESET_B : -150.284592
[setup in-reg] rst_n -> _91346_/RESET_B : -150.284592
[setup in-reg] rst_n -> _91347_/RESET_B : -150.284592
[setup in-reg] rst_n -> _91348_/RESET_B : -150.284592
[setup in-reg] rst_n -> _91349_/RESET_B : -150.284592
[setup in-reg] rst_n -> _91350_/RESET_B : -150.284592
[setup in-reg] rst_n -> _91351_/RESET_B : -150.284592
[setup in-reg] rst_n -> _91352_/RESET_B : -150.284592
[setup in-reg] rst_n -> _91353_/RESET_B : -150.284592
[setup in-reg] rst_n -> _91354_/RESET_B : -150.284592
[setup in-reg] rst_n -> _91355_/RESET_B : -150.284592
[setup in-reg] rst_n -> _91356_/RESET_B : -150.284592
[setup in-reg] rst_n -> _91357_/RESET_B : -150.284592
[setup in-reg] rst_n -> _91358_/RESET_B : -150.284592
[setup in-reg] rst_n -> _91359_/RESET_B : -150.284592
[setup in-reg] rst_n -> _91360_/RESET_B : -150.284592
[setup in-reg] rst_n -> _91361_/RESET_B : -150.284592
[setup in-reg] rst_n -> _91362_/RESET_B : -150.284592
[setup in-reg] rst_n -> _91363_/RESET_B : -150.284592
[setup in-reg] rst_n -> _91364_/RESET_B : -150.284592
[setup in-reg] rst_n -> _91365_/RESET_B : -150.284592
[setup in-reg] rst_n -> _91366_/RESET_B : -150.284592
[setup in-reg] rst_n -> _91367_/RESET_B : -150.284592
[setup in-reg] rst_n -> _91368_/RESET_B : -150.284592
[setup in-reg] rst_n -> _91369_/RESET_B : -150.284592
[setup in-reg] rst_n -> _91370_/RESET_B : -150.284592
[setup in-reg] rst_n -> _91371_/RESET_B : -150.284592
[setup in-reg] rst_n -> _91372_/RESET_B : -150.284592
[setup in-reg] rst_n -> _91373_/RESET_B : -150.284592
[setup in-reg] rst_n -> _91374_/RESET_B : -150.284592
[setup in-reg] rst_n -> _91375_/RESET_B : -150.284592
[setup in-reg] rst_n -> _91376_/RESET_B : -150.284592
[setup in-reg] rst_n -> _91377_/RESET_B : -150.284592
[setup in-reg] rst_n -> _91378_/RESET_B : -150.284592
[setup in-reg] rst_n -> _91379_/RESET_B : -150.284592
[setup in-reg] rst_n -> _91380_/RESET_B : -150.284592
[setup in-reg] rst_n -> _91381_/RESET_B : -150.284592
[setup in-reg] rst_n -> _91382_/RESET_B : -150.284592
[setup in-reg] rst_n -> _91383_/RESET_B : -150.284592
[setup in-reg] rst_n -> _91384_/RESET_B : -150.284592
[setup in-reg] rst_n -> _91385_/RESET_B : -150.284592
[setup in-reg] rst_n -> _91386_/RESET_B : -150.284592
[setup in-reg] rst_n -> _91387_/RESET_B : -150.284592
[setup in-reg] rst_n -> _91388_/RESET_B : -150.284592
[setup in-reg] rst_n -> _91389_/RESET_B : -150.284592
[setup in-reg] rst_n -> _91390_/RESET_B : -150.284592
[setup in-reg] rst_n -> _91391_/RESET_B : -150.284592
[setup in-reg] rst_n -> _91392_/RESET_B : -150.284592
[setup in-reg] rst_n -> _91393_/RESET_B : -150.284592
[setup in-reg] rst_n -> _91394_/RESET_B : -150.284592
[setup in-reg] rst_n -> _91395_/RESET_B : -150.284592
[setup in-reg] rst_n -> _91396_/RESET_B : -150.284592
[setup in-reg] rst_n -> _91397_/RESET_B : -150.284592
[setup in-reg] rst_n -> _91398_/RESET_B : -150.284592
[setup in-reg] rst_n -> _91399_/RESET_B : -150.284592
[setup in-reg] rst_n -> _91400_/RESET_B : -150.284592
[setup in-reg] rst_n -> _91401_/RESET_B : -150.284592
[setup in-reg] rst_n -> _91402_/RESET_B : -150.284592
[setup in-reg] rst_n -> _91403_/RESET_B : -150.284592
[setup in-reg] rst_n -> _91404_/RESET_B : -150.284592
[setup in-reg] rst_n -> _91405_/RESET_B : -150.284592
[setup in-reg] rst_n -> _91406_/RESET_B : -150.284592
[setup in-reg] rst_n -> _91407_/RESET_B : -150.284592
[setup in-reg] rst_n -> _91408_/RESET_B : -150.284592
[setup in-reg] rst_n -> _91409_/RESET_B : -150.284592
[setup in-reg] rst_n -> _91410_/RESET_B : -150.284592
[setup in-reg] rst_n -> _91411_/RESET_B : -150.284592
[setup in-reg] rst_n -> _91412_/RESET_B : -150.284592
[setup in-reg] rst_n -> _91413_/RESET_B : -150.284592
[setup in-reg] rst_n -> _91414_/RESET_B : -150.284592
[setup in-reg] rst_n -> _91415_/RESET_B : -150.284592
[setup in-reg] rst_n -> _91416_/RESET_B : -150.284592
[setup in-reg] rst_n -> _91417_/RESET_B : -150.284592
[setup in-reg] rst_n -> _91418_/RESET_B : -150.284592
[setup in-reg] rst_n -> _91419_/RESET_B : -150.284592
[setup in-reg] rst_n -> _91420_/RESET_B : -150.284592
[setup in-reg] rst_n -> _91421_/RESET_B : -150.284592
[setup in-reg] rst_n -> _91422_/RESET_B : -150.284592
[setup in-reg] rst_n -> _91423_/RESET_B : -150.284592
[setup in-reg] rst_n -> _91424_/RESET_B : -150.284592
[setup in-reg] rst_n -> _91425_/RESET_B : -150.284592
[setup in-reg] rst_n -> _91426_/RESET_B : -150.284592
[setup in-reg] rst_n -> _91427_/RESET_B : -150.284592
[setup in-reg] rst_n -> _91428_/RESET_B : -150.284592
[setup in-reg] rst_n -> _91429_/RESET_B : -150.284592
[setup in-reg] rst_n -> _91430_/RESET_B : -150.284592
[setup in-reg] rst_n -> _91431_/RESET_B : -150.284592
[setup in-reg] rst_n -> _91432_/RESET_B : -150.284592
[setup in-reg] rst_n -> _91433_/RESET_B : -150.284592
[setup in-reg] rst_n -> _91434_/RESET_B : -150.284592
[setup in-reg] rst_n -> _91435_/RESET_B : -150.284592
[setup in-reg] rst_n -> _91436_/RESET_B : -150.284592
[setup in-reg] rst_n -> _91437_/RESET_B : -150.284592
[setup in-reg] rst_n -> _91438_/RESET_B : -150.284592
[setup in-reg] rst_n -> _91439_/RESET_B : -150.284592
[setup in-reg] rst_n -> _91440_/RESET_B : -150.284592
[setup in-reg] rst_n -> _91441_/RESET_B : -150.284592
[setup in-reg] rst_n -> _91442_/RESET_B : -150.284592
[setup in-reg] rst_n -> _91443_/RESET_B : -150.284592
[setup in-reg] rst_n -> _91444_/RESET_B : -150.284592
[setup in-reg] rst_n -> _91445_/RESET_B : -150.284592
[setup in-reg] rst_n -> _91446_/RESET_B : -150.284592
[setup in-reg] rst_n -> _91447_/RESET_B : -150.284592
[setup in-reg] rst_n -> _91448_/RESET_B : -150.284592
[setup in-reg] rst_n -> _91449_/RESET_B : -150.284592
[setup in-reg] rst_n -> _91450_/RESET_B : -150.284592
[setup in-reg] rst_n -> _91451_/RESET_B : -150.284592
[setup in-reg] rst_n -> _91452_/RESET_B : -150.284592
[setup in-reg] rst_n -> _91453_/RESET_B : -150.284592
[setup in-reg] rst_n -> _91454_/RESET_B : -150.284592
[setup in-reg] rst_n -> _91455_/RESET_B : -150.284592
[setup in-reg] rst_n -> _91456_/RESET_B : -150.284592
[setup in-reg] rst_n -> _91457_/RESET_B : -150.284592
[setup in-reg] rst_n -> _91458_/RESET_B : -150.284592
[setup in-reg] rst_n -> _91459_/RESET_B : -150.284592
[setup in-reg] rst_n -> _91460_/RESET_B : -150.284592
[setup in-reg] rst_n -> _91461_/RESET_B : -150.284592
[setup in-reg] rst_n -> _91462_/RESET_B : -150.284592
[setup in-reg] rst_n -> _91463_/RESET_B : -150.284592
[setup in-reg] rst_n -> _91464_/RESET_B : -150.284592
[setup in-reg] rst_n -> _91465_/RESET_B : -150.284592
[setup in-reg] rst_n -> _91466_/RESET_B : -150.284592
[setup in-reg] rst_n -> _91467_/RESET_B : -150.284592
[setup in-reg] rst_n -> _91468_/RESET_B : -150.284592
[setup in-reg] rst_n -> _91469_/RESET_B : -150.284592
[setup in-reg] rst_n -> _91470_/RESET_B : -150.284592
[setup in-reg] rst_n -> _91471_/RESET_B : -150.284592
[setup in-reg] rst_n -> _91472_/RESET_B : -150.284592
[setup in-reg] rst_n -> _91473_/RESET_B : -150.284592
[setup in-reg] rst_n -> _91474_/RESET_B : -150.284592
[setup in-reg] rst_n -> _91475_/RESET_B : -150.284592
[setup in-reg] rst_n -> _91476_/RESET_B : -150.284592
[setup in-reg] rst_n -> _91477_/RESET_B : -150.284592
[setup in-reg] rst_n -> _91478_/RESET_B : -150.284592
[setup in-reg] rst_n -> _91479_/RESET_B : -150.284592
[setup in-reg] rst_n -> _91480_/RESET_B : -150.284592
[setup in-reg] rst_n -> _91481_/RESET_B : -150.284592
[setup in-reg] rst_n -> _91482_/RESET_B : -150.284592
[setup in-reg] rst_n -> _91483_/RESET_B : -150.284592
[setup in-reg] rst_n -> _91484_/RESET_B : -150.284592
[setup in-reg] rst_n -> _91485_/RESET_B : -150.284592
[setup in-reg] rst_n -> _91486_/RESET_B : -150.284592
[setup in-reg] rst_n -> _91487_/RESET_B : -150.284592
[setup in-reg] rst_n -> _91488_/RESET_B : -150.284592
[setup in-reg] rst_n -> _91489_/RESET_B : -150.284592
[setup in-reg] rst_n -> _91490_/RESET_B : -150.284592
[setup in-reg] rst_n -> _91491_/RESET_B : -150.284592
[setup in-reg] rst_n -> _91492_/RESET_B : -150.284592
[setup in-reg] rst_n -> _91493_/RESET_B : -150.284592
[setup in-reg] rst_n -> _91494_/RESET_B : -150.284592
[setup in-reg] rst_n -> _91495_/RESET_B : -150.284592
[setup in-reg] rst_n -> _91496_/RESET_B : -150.284592
[setup in-reg] rst_n -> _91497_/RESET_B : -150.284592
[setup in-reg] rst_n -> _91498_/RESET_B : -150.284592
[setup in-reg] rst_n -> _91499_/RESET_B : -150.284592
[setup in-reg] rst_n -> _91500_/RESET_B : -150.284592
[setup in-reg] rst_n -> _91501_/RESET_B : -150.284592
[setup in-reg] rst_n -> _91502_/RESET_B : -150.284592
[setup in-reg] rst_n -> _91503_/RESET_B : -150.284592
[setup in-reg] rst_n -> _91504_/RESET_B : -150.284592
[setup in-reg] rst_n -> _91505_/RESET_B : -150.284592
[setup in-reg] rst_n -> _91506_/RESET_B : -150.284592
[setup in-reg] rst_n -> _91507_/RESET_B : -150.284592
[setup in-reg] rst_n -> _91508_/RESET_B : -150.284592
[setup in-reg] rst_n -> _91509_/RESET_B : -150.284592
[setup in-reg] rst_n -> _91510_/RESET_B : -150.284592
[setup in-reg] rst_n -> _91511_/RESET_B : -150.284592
[setup in-reg] rst_n -> _91512_/RESET_B : -150.284592
[setup in-reg] rst_n -> _91513_/RESET_B : -150.284592
[setup in-reg] rst_n -> _91514_/RESET_B : -150.284592
[setup in-reg] rst_n -> _91515_/RESET_B : -150.284592
[setup in-reg] rst_n -> _91516_/RESET_B : -150.284592
[setup in-reg] rst_n -> _91517_/RESET_B : -150.284592
[setup in-reg] rst_n -> _91518_/RESET_B : -150.284592
[setup in-reg] rst_n -> _91519_/RESET_B : -150.284592
[setup in-reg] rst_n -> _91520_/RESET_B : -150.284592
[setup in-reg] rst_n -> _91521_/RESET_B : -150.284592
[setup in-reg] rst_n -> _91522_/RESET_B : -150.284592
[setup in-reg] rst_n -> _91523_/RESET_B : -150.284592
[setup in-reg] rst_n -> _91524_/RESET_B : -150.284592
[setup in-reg] rst_n -> _91525_/RESET_B : -150.284592
[setup in-reg] rst_n -> _91526_/RESET_B : -150.284592
[setup in-reg] rst_n -> _91527_/RESET_B : -150.284592
[setup in-reg] rst_n -> _91528_/RESET_B : -150.284592
[setup in-reg] rst_n -> _91529_/RESET_B : -150.284592
[setup in-reg] rst_n -> _91530_/RESET_B : -150.284592
[setup in-reg] rst_n -> _91531_/RESET_B : -150.284592
[setup in-reg] rst_n -> _91532_/RESET_B : -150.284592
[setup in-reg] rst_n -> _91533_/RESET_B : -150.284592
[setup in-reg] rst_n -> _91534_/RESET_B : -150.284592
[setup in-reg] rst_n -> _91535_/RESET_B : -150.284592
[setup in-reg] rst_n -> _91536_/RESET_B : -150.284592
[setup in-reg] rst_n -> _91537_/RESET_B : -150.284592
[setup in-reg] rst_n -> _91538_/RESET_B : -150.284592
[setup in-reg] rst_n -> _91539_/RESET_B : -150.284592
[setup in-reg] rst_n -> _91540_/RESET_B : -150.284592
[setup in-reg] rst_n -> _91541_/RESET_B : -150.284592
[setup in-reg] rst_n -> _91542_/RESET_B : -150.284592
[setup in-reg] rst_n -> _91543_/RESET_B : -150.284592
[setup in-reg] rst_n -> _91544_/RESET_B : -150.284592
[setup in-reg] rst_n -> _91545_/RESET_B : -150.284592
[setup in-reg] rst_n -> _91546_/RESET_B : -150.284592
[setup in-reg] rst_n -> _91547_/RESET_B : -150.284592
[setup in-reg] rst_n -> _91548_/RESET_B : -150.284592
[setup in-reg] rst_n -> _91549_/RESET_B : -150.284592
[setup in-reg] rst_n -> _91550_/RESET_B : -150.284592
[setup in-reg] rst_n -> _91551_/RESET_B : -150.284592
[setup in-reg] rst_n -> _91552_/RESET_B : -150.284592
[setup in-reg] rst_n -> _91553_/RESET_B : -150.284592
[setup in-reg] rst_n -> _91554_/RESET_B : -150.284592
[setup in-reg] rst_n -> _91555_/RESET_B : -150.284592
[setup in-reg] rst_n -> _91556_/RESET_B : -150.284592
[setup in-reg] rst_n -> _91557_/RESET_B : -150.284592
[setup in-reg] rst_n -> _91558_/RESET_B : -150.284592
[setup in-reg] rst_n -> _91559_/RESET_B : -150.284592
[setup in-reg] rst_n -> _91560_/RESET_B : -150.284592
[setup in-reg] rst_n -> _91561_/RESET_B : -150.284592
[setup in-reg] rst_n -> _91562_/RESET_B : -150.284592
[setup in-reg] rst_n -> _91563_/RESET_B : -150.284592
[setup in-reg] enable_cycle -> _85644_/D : -131.860428
[setup in-reg] enable_cycle -> _86107_/D : -131.860428
[setup in-reg] enable_cycle -> _86198_/D : -131.860428
[setup in-reg] enable_cycle -> _86206_/D : -131.860428
[setup in-reg] enable_cycle -> _86869_/D : -131.860428
[setup in-reg] enable_cycle -> _86970_/D : -131.860428
[setup in-reg] enable_cycle -> _87067_/D : -131.860428
[setup in-reg] enable_cycle -> _87244_/D : -131.860428
[setup in-reg] enable_cycle -> _88177_/D : -131.860428
[setup in-reg] enable_cycle -> _88423_/D : -131.860428
[setup in-reg] enable_cycle -> _88728_/D : -131.860428
[setup in-reg] enable_cycle -> _88896_/D : -131.860428
[setup in-reg] enable_cycle -> _88976_/D : -131.860428
[setup in-reg] enable_cycle -> _88978_/D : -131.860428
[setup in-reg] enable_cycle -> _89151_/D : -131.860428
[setup in-reg] enable_cycle -> _89153_/D : -131.860428
[setup in-reg] enable_cycle -> _89734_/D : -131.860428
[setup in-reg] enable_cycle -> _89830_/D : -131.860428
[setup in-reg] enable_cycle -> _90344_/D : -131.860428
[setup in-reg] enable_cycle -> _90524_/D : -131.860428
[setup in-reg] enable_cycle -> _90652_/D : -131.860428
[setup in-reg] enable_cycle -> _90859_/D : -131.860428
[setup in-reg] enable_cycle -> _91324_/D : -131.860428
[setup in-reg] enable_cycle -> _91425_/D : -131.860428
[setup in-reg] enable_cycle -> _91428_/D : -131.860428
[setup in-reg] enable_cycle -> _90167_/D : -131.339783
[setup in-reg] enable_cycle -> _88809_/D : -131.302368
[setup in-reg] enable_cycle -> _89738_/D : -131.302368
[setup in-reg] enable_cycle -> _89822_/D : -131.302368
[setup in-reg] enable_cycle -> _86976_/D : -131.218155
[setup in-reg] enable_cycle -> _89482_/D : -131.218155
[setup in-reg] enable_cycle -> _89658_/D : -131.218155
[setup in-reg] enable_cycle -> _89746_/D : -131.218155
[setup in-reg] enable_cycle -> _89834_/D : -131.218155
[setup in-reg] enable_cycle -> _89965_/D : -131.218155
[setup in-reg] enable_cycle -> _88624_/D : -131.201050
[setup in-reg] enable_cycle -> _89952_/D : -131.122574
[setup in-reg] enable_cycle -> _90067_/D : -131.122574
[setup in-reg] enable_cycle -> _89394_/D : -131.086594
[setup in-reg] enable_cycle -> _90947_/D : -131.086594
[setup in-reg] enable_cycle -> _86116_/D : -131.046402
[setup in-reg] enable_cycle -> _86213_/D : -131.046402
[setup in-reg] enable_cycle -> _90076_/D : -131.046402
[setup in-reg] enable_cycle -> _90166_/D : -131.026642
[setup in-reg] enable_cycle -> _85651_/D : -131.018402
[setup in-reg] enable_cycle -> _88428_/D : -131.014633
[setup in-reg] enable_cycle -> _88820_/D : -130.977509
[setup in-reg] enable_cycle -> _89075_/D : -130.977509
[setup in-reg] enable_cycle -> _86440_/D : -130.976105
[setup in-reg] enable_cycle -> _86656_/D : -130.976105
[setup in-reg] enable_cycle -> _85645_/D : -130.919388
[setup in-reg] enable_cycle -> _85784_/D : -130.919388
[setup in-reg] enable_cycle -> _85795_/D : -130.919388
[setup in-reg] enable_cycle -> _85796_/D : -130.919388
[setup in-reg] enable_cycle -> _85799_/D : -130.919388
[setup in-reg] enable_cycle -> _85800_/D : -130.919388
[setup in-reg] enable_cycle -> _85905_/D : -130.919388
[setup in-reg] enable_cycle -> _85910_/D : -130.919388
[setup in-reg] enable_cycle -> _85918_/D : -130.919388
[setup in-reg] enable_cycle -> _86008_/D : -130.919388
[setup in-reg] enable_cycle -> _86012_/D : -130.919388
[setup in-reg] enable_cycle -> _86013_/D : -130.919388
[setup in-reg] enable_cycle -> _86103_/D : -130.919388
[setup in-reg] enable_cycle -> _86105_/D : -130.919388
[setup in-reg] enable_cycle -> _86111_/D : -130.919388
[setup in-reg] enable_cycle -> _86113_/D : -130.919388
[setup in-reg] enable_cycle -> _86115_/D : -130.919388
[setup in-reg] enable_cycle -> _86197_/D : -130.919388
[setup in-reg] enable_cycle -> _86202_/D : -130.919388
[setup in-reg] enable_cycle -> _86208_/D : -130.919388
[setup in-reg] enable_cycle -> _86304_/D : -130.919388
[setup in-reg] enable_cycle -> _86310_/D : -130.919388
[setup in-reg] enable_cycle -> _86448_/D : -130.919388
[setup in-reg] enable_cycle -> _86452_/D : -130.919388
[setup in-reg] enable_cycle -> _86453_/D : -130.919388
[setup in-reg] enable_cycle -> _86559_/D : -130.919388
[setup in-reg] enable_cycle -> _86565_/D : -130.919388
[setup in-reg] enable_cycle -> _86573_/D : -130.919388
[setup in-reg] enable_cycle -> _86667_/D : -130.919388
[setup in-reg] enable_cycle -> _86677_/D : -130.919388
[setup in-reg] enable_cycle -> _86768_/D : -130.919388
[setup in-reg] enable_cycle -> _86772_/D : -130.919388
[setup in-reg] enable_cycle -> _86865_/D : -130.919388
[setup in-reg] enable_cycle -> _86874_/D : -130.919388
[setup in-reg] enable_cycle -> _86958_/D : -130.919388
[setup in-reg] enable_cycle -> _86966_/D : -130.919388
[setup in-reg] enable_cycle -> _86977_/D : -130.919388
[setup in-reg] enable_cycle -> _87074_/D : -130.919388
[setup in-reg] enable_cycle -> _87075_/D : -130.919388
[setup in-reg] enable_cycle -> _87228_/D : -130.919388
[setup in-reg] enable_cycle -> _87229_/D : -130.919388
[setup in-reg] enable_cycle -> _87236_/D : -130.919388
[setup in-reg] enable_cycle -> _87238_/D : -130.919388
[setup in-reg] enable_cycle -> _87254_/D : -130.919388
[setup in-reg] enable_cycle -> _88094_/D : -130.919388
[setup in-reg] enable_cycle -> _88255_/D : -130.919388
[setup in-reg] enable_cycle -> _88260_/D : -130.919388
[setup in-reg] enable_cycle -> _88263_/D : -130.919388
[setup in-reg] enable_cycle -> _88419_/D : -130.919388
[setup in-reg] enable_cycle -> _88425_/D : -130.919388
[setup in-reg] enable_cycle -> _88426_/D : -130.919388
[setup in-reg] enable_cycle -> _88427_/D : -130.919388
[setup in-reg] enable_cycle -> _88501_/D : -130.919388
[setup in-reg] enable_cycle -> _88621_/D : -130.919388
[setup in-reg] enable_cycle -> _88632_/D : -130.919388
[setup in-reg] enable_cycle -> _88725_/D : -130.919388
[setup in-reg] enable_cycle -> _88729_/D : -130.919388
[setup in-reg] enable_cycle -> _88734_/D : -130.919388
[setup in-reg] enable_cycle -> _88895_/D : -130.919388
[setup in-reg] enable_cycle -> _88902_/D : -130.919388
[setup in-reg] enable_cycle -> _88904_/D : -130.919388
[setup in-reg] enable_cycle -> _88990_/D : -130.919388
[setup in-reg] enable_cycle -> _89066_/D : -130.919388
[setup in-reg] enable_cycle -> _89074_/D : -130.919388
[setup in-reg] enable_cycle -> _89154_/D : -130.919388
[setup in-reg] enable_cycle -> _89276_/D : -130.919388
[setup in-reg] enable_cycle -> _89278_/D : -130.919388
[setup in-reg] enable_cycle -> _89282_/D : -130.919388
[setup in-reg] enable_cycle -> _89284_/D : -130.919388
[setup in-reg] enable_cycle -> _89287_/D : -130.919388
[setup in-reg] enable_cycle -> _89384_/D : -130.919388
[setup in-reg] enable_cycle -> _89387_/D : -130.919388
[setup in-reg] enable_cycle -> _89392_/D : -130.919388
[setup in-reg] enable_cycle -> _89393_/D : -130.919388
[setup in-reg] enable_cycle -> _89474_/D : -130.919388
[setup in-reg] enable_cycle -> _89480_/D : -130.919388
[setup in-reg] enable_cycle -> _89652_/D : -130.919388
[setup in-reg] enable_cycle -> _89741_/D : -130.919388
[setup in-reg] enable_cycle -> _89743_/D : -130.919388
[setup in-reg] enable_cycle -> _89744_/D : -130.919388
[setup in-reg] enable_cycle -> _89823_/D : -130.919388
[setup in-reg] enable_cycle -> _89829_/D : -130.919388
[setup in-reg] enable_cycle -> _89831_/D : -130.919388
[setup in-reg] enable_cycle -> _89832_/D : -130.919388
[setup in-reg] enable_cycle -> _89963_/D : -130.919388
[setup in-reg] enable_cycle -> _90069_/D : -130.919388
[setup in-reg] enable_cycle -> _90162_/D : -130.919388
[setup in-reg] enable_cycle -> _90243_/D : -130.919388
[setup in-reg] enable_cycle -> _90246_/D : -130.919388
[setup in-reg] enable_cycle -> _90251_/D : -130.919388
[setup in-reg] enable_cycle -> _90253_/D : -130.919388
[setup in-reg] enable_cycle -> _90349_/D : -130.919388
[setup in-reg] enable_cycle -> _90437_/D : -130.919388
[setup in-reg] enable_cycle -> _90439_/D : -130.919388
[setup in-reg] enable_cycle -> _90440_/D : -130.919388
[setup in-reg] enable_cycle -> _90516_/D : -130.919388
[setup in-reg] enable_cycle -> _90517_/D : -130.919388
[setup in-reg] enable_cycle -> _90525_/D : -130.919388
[setup in-reg] enable_cycle -> _90528_/D : -130.919388
[setup in-reg] enable_cycle -> _90531_/D : -130.919388
[setup in-reg] enable_cycle -> _90656_/D : -130.919388
[setup in-reg] enable_cycle -> _90665_/D : -130.919388
[setup in-reg] enable_cycle -> _90774_/D : -130.919388
[setup in-reg] enable_cycle -> _90775_/D : -130.919388
[setup in-reg] enable_cycle -> _90776_/D : -130.919388
[setup in-reg] enable_cycle -> _90780_/D : -130.919388
[setup in-reg] enable_cycle -> _90873_/D : -130.919388
[setup in-reg] enable_cycle -> _90938_/D : -130.919388
[setup in-reg] enable_cycle -> _90952_/D : -130.919388
[setup in-reg] enable_cycle -> _90954_/D : -130.919388
[setup in-reg] enable_cycle -> _90956_/D : -130.919388
[setup in-reg] enable_cycle -> _90959_/D : -130.919388
[setup in-reg] enable_cycle -> _90962_/D : -130.919388
[setup in-reg] enable_cycle -> _90964_/D : -130.919388
[setup in-reg] enable_cycle -> _90967_/D : -130.919388
[setup in-reg] enable_cycle -> _91006_/D : -130.919388
[setup in-reg] enable_cycle -> _91081_/D : -130.919388
[setup in-reg] enable_cycle -> _91096_/D : -130.919388
[setup in-reg] enable_cycle -> _91104_/D : -130.919388
[setup in-reg] enable_cycle -> _91144_/D : -130.919388
[setup in-reg] enable_cycle -> _91211_/D : -130.919388
[setup in-reg] enable_cycle -> _91215_/D : -130.919388
[setup in-reg] enable_cycle -> _91219_/D : -130.919388
[setup in-reg] enable_cycle -> _91338_/D : -130.919388
[setup in-reg] enable_cycle -> _91429_/D : -130.919388
[setup in-reg] enable_cycle -> _91439_/D : -130.919388
[setup in-reg] enable_cycle -> _91507_/D : -130.919388
[setup in-reg] enable_cycle -> _91508_/D : -130.919388
[setup in-reg] enable_cycle -> _85648_/D : -130.905655
[setup in-reg] enable_cycle -> _85650_/D : -130.905655
[setup in-reg] enable_cycle -> _85785_/D : -130.905655
[setup in-reg] enable_cycle -> _85789_/D : -130.905655
[setup in-reg] enable_cycle -> _85906_/D : -130.905655
[setup in-reg] enable_cycle -> _85911_/D : -130.905655
[setup in-reg] enable_cycle -> _86003_/D : -130.905655
[setup in-reg] enable_cycle -> _86007_/D : -130.905655
[setup in-reg] enable_cycle -> _86104_/D : -130.905655
[setup in-reg] enable_cycle -> _86114_/D : -130.905655
[setup in-reg] enable_cycle -> _86200_/D : -130.905655
[setup in-reg] enable_cycle -> _86212_/D : -130.905655
[setup in-reg] enable_cycle -> _86294_/D : -130.905655
[setup in-reg] enable_cycle -> _86296_/D : -130.905655
[setup in-reg] enable_cycle -> _86297_/D : -130.905655
[setup in-reg] enable_cycle -> _86302_/D : -130.905655
[setup in-reg] enable_cycle -> _86308_/D : -130.905655
[setup in-reg] enable_cycle -> _86441_/D : -130.905655
[setup in-reg] enable_cycle -> _86444_/D : -130.905655
[setup in-reg] enable_cycle -> _86564_/D : -130.905655
[setup in-reg] enable_cycle -> _86567_/D : -130.905655
[setup in-reg] enable_cycle -> _86572_/D : -130.905655
[setup in-reg] enable_cycle -> _86659_/D : -130.905655
[setup in-reg] enable_cycle -> _86663_/D : -130.905655
[setup in-reg] enable_cycle -> _86858_/D : -130.905655
[setup in-reg] enable_cycle -> _86859_/D : -130.905655
[setup in-reg] enable_cycle -> _86862_/D : -130.905655
[setup in-reg] enable_cycle -> _86864_/D : -130.905655
[setup in-reg] enable_cycle -> _86872_/D : -130.905655
[setup in-reg] enable_cycle -> _86961_/D : -130.905655
[setup in-reg] enable_cycle -> _86964_/D : -130.905655
[setup in-reg] enable_cycle -> _87059_/D : -130.905655
[setup in-reg] enable_cycle -> _87062_/D : -130.905655
[setup in-reg] enable_cycle -> _87072_/D : -130.905655
[setup in-reg] enable_cycle -> _87222_/D : -130.905655
[setup in-reg] enable_cycle -> _87235_/D : -130.905655
[setup in-reg] enable_cycle -> _87248_/D : -130.905655
[setup in-reg] enable_cycle -> _87252_/D : -130.905655
[setup in-reg] enable_cycle -> _87253_/D : -130.905655
[setup in-reg] enable_cycle -> _88095_/D : -130.905655
[setup in-reg] enable_cycle -> _88170_/D : -130.905655
[setup in-reg] enable_cycle -> _88174_/D : -130.905655
[setup in-reg] enable_cycle -> _88178_/D : -130.905655
[setup in-reg] enable_cycle -> _88179_/D : -130.905655
[setup in-reg] enable_cycle -> _88259_/D : -130.905655
[setup in-reg] enable_cycle -> _88339_/D : -130.905655
[setup in-reg] enable_cycle -> _88507_/D : -130.905655
[setup in-reg] enable_cycle -> _88629_/D : -130.905655
[setup in-reg] enable_cycle -> _88732_/D : -130.905655
[setup in-reg] enable_cycle -> _88811_/D : -130.905655
[setup in-reg] enable_cycle -> _88894_/D : -130.905655
[setup in-reg] enable_cycle -> _88989_/D : -130.905655
[setup in-reg] enable_cycle -> _89070_/D : -130.905655
[setup in-reg] enable_cycle -> _89157_/D : -130.905655
[setup in-reg] enable_cycle -> _89159_/D : -130.905655
[setup in-reg] enable_cycle -> _89277_/D : -130.905655
[setup in-reg] enable_cycle -> _89279_/D : -130.905655
[setup in-reg] enable_cycle -> _89281_/D : -130.905655
[setup in-reg] enable_cycle -> _89283_/D : -130.905655
[setup in-reg] enable_cycle -> _89286_/D : -130.905655
[setup in-reg] enable_cycle -> _89469_/D : -130.905655
[setup in-reg] enable_cycle -> _89562_/D : -130.905655
[setup in-reg] enable_cycle -> _89563_/D : -130.905655
[setup in-reg] enable_cycle -> _89566_/D : -130.905655
[setup in-reg] enable_cycle -> _89654_/D : -130.905655
[setup in-reg] enable_cycle -> _89656_/D : -130.905655
[setup in-reg] enable_cycle -> _89736_/D : -130.905655
[setup in-reg] enable_cycle -> _89825_/D : -130.905655
[setup in-reg] enable_cycle -> _90065_/D : -130.905655
[setup in-reg] enable_cycle -> _90075_/D : -130.905655
[setup in-reg] enable_cycle -> _90153_/D : -130.905655
[setup in-reg] enable_cycle -> _90155_/D : -130.905655
[setup in-reg] enable_cycle -> _90164_/D : -130.905655
[setup in-reg] enable_cycle -> _90247_/D : -130.905655
[setup in-reg] enable_cycle -> _90255_/D : -130.905655
[setup in-reg] enable_cycle -> _90337_/D : -130.905655
[setup in-reg] enable_cycle -> _90431_/D : -130.905655
[setup in-reg] enable_cycle -> _90433_/D : -130.905655
[setup in-reg] enable_cycle -> _90519_/D : -130.905655
[setup in-reg] enable_cycle -> _90530_/D : -130.905655
[setup in-reg] enable_cycle -> _90653_/D : -130.905655
[setup in-reg] enable_cycle -> _90654_/D : -130.905655
[setup in-reg] enable_cycle -> _90659_/D : -130.905655
[setup in-reg] enable_cycle -> _90767_/D : -130.905655
[setup in-reg] enable_cycle -> _90777_/D : -130.905655
[setup in-reg] enable_cycle -> _90779_/D : -130.905655
[setup in-reg] enable_cycle -> _90861_/D : -130.905655
[setup in-reg] enable_cycle -> _90867_/D : -130.905655
[setup in-reg] enable_cycle -> _90936_/D : -130.905655
[setup in-reg] enable_cycle -> _90943_/D : -130.905655
[setup in-reg] enable_cycle -> _90945_/D : -130.905655
[setup in-reg] enable_cycle -> _90946_/D : -130.905655
[setup in-reg] enable_cycle -> _90965_/D : -130.905655
[setup in-reg] enable_cycle -> _91068_/D : -130.905655
[setup in-reg] enable_cycle -> _91080_/D : -130.905655
[setup in-reg] enable_cycle -> _91131_/D : -130.905655
[setup in-reg] enable_cycle -> _91132_/D : -130.905655
[setup in-reg] enable_cycle -> _91143_/D : -130.905655
[setup in-reg] enable_cycle -> _91204_/D : -130.905655
[setup in-reg] enable_cycle -> _91208_/D : -130.905655
[setup in-reg] enable_cycle -> _91328_/D : -130.905655
[setup in-reg] enable_cycle -> _91332_/D : -130.905655
[setup in-reg] enable_cycle -> _91434_/D : -130.905655
[setup in-reg] enable_cycle -> _91438_/D : -130.905655
[setup in-reg] enable_cycle -> _85801_/D : -130.883377
[setup in-reg] enable_cycle -> _88180_/D : -130.862915
[setup in-reg] enable_cycle -> _90782_/D : -130.850800
[setup in-reg] enable_cycle -> _90876_/D : -130.850800
[setup in-reg] enable_cycle -> _91009_/D : -130.850800
[setup in-reg] enable_cycle -> _91083_/D : -130.850800
[setup in-reg] enable_cycle -> _91146_/D : -130.850800
[setup in-reg] enable_cycle -> _90666_/D : -130.812531
[setup in-reg] enable_cycle -> _89569_/D : -130.811386
[setup in-reg] enable_cycle -> _90874_/D : -130.811386
[setup in-reg] enable_cycle -> _91007_/D : -130.811386
[setup in-reg] enable_cycle -> _91339_/D : -130.811386
[setup in-reg] enable_cycle -> _85634_/D : -130.810867
[setup in-reg] enable_cycle -> _85653_/D : -130.810867
[setup in-reg] enable_cycle -> _85787_/D : -130.810867
[setup in-reg] enable_cycle -> _85798_/D : -130.810867
[setup in-reg] enable_cycle -> _85904_/D : -130.810867
[setup in-reg] enable_cycle -> _86005_/D : -130.810867
[setup in-reg] enable_cycle -> _86010_/D : -130.810867
[setup in-reg] enable_cycle -> _86015_/D : -130.810867
[setup in-reg] enable_cycle -> _86108_/D : -130.810867
[setup in-reg] enable_cycle -> _86112_/D : -130.810867
[setup in-reg] enable_cycle -> _86306_/D : -130.810867
[setup in-reg] enable_cycle -> _86443_/D : -130.810867
[setup in-reg] enable_cycle -> _86449_/D : -130.810867
[setup in-reg] enable_cycle -> _86561_/D : -130.810867
[setup in-reg] enable_cycle -> _86562_/D : -130.810867
[setup in-reg] enable_cycle -> _86566_/D : -130.810867
[setup in-reg] enable_cycle -> _86577_/D : -130.810867
[setup in-reg] enable_cycle -> _86765_/D : -130.810867
[setup in-reg] enable_cycle -> _86767_/D : -130.810867
[setup in-reg] enable_cycle -> _86771_/D : -130.810867
[setup in-reg] enable_cycle -> _86777_/D : -130.810867
[setup in-reg] enable_cycle -> _86867_/D : -130.810867
[setup in-reg] enable_cycle -> _86959_/D : -130.810867
[setup in-reg] enable_cycle -> _86971_/D : -130.810867
[setup in-reg] enable_cycle -> _87065_/D : -130.810867
[setup in-reg] enable_cycle -> _87069_/D : -130.810867
[setup in-reg] enable_cycle -> _87077_/D : -130.810867
[setup in-reg] enable_cycle -> _87224_/D : -130.810867
[setup in-reg] enable_cycle -> _87225_/D : -130.810867
[setup in-reg] enable_cycle -> _87240_/D : -130.810867
[setup in-reg] enable_cycle -> _88091_/D : -130.810867
[setup in-reg] enable_cycle -> _88099_/D : -130.810867
[setup in-reg] enable_cycle -> _88420_/D : -130.810867
[setup in-reg] enable_cycle -> _88633_/D : -130.810867
[setup in-reg] enable_cycle -> _88810_/D : -130.810867
[setup in-reg] enable_cycle -> _88891_/D : -130.810867
[setup in-reg] enable_cycle -> _88981_/D : -130.810867
[setup in-reg] enable_cycle -> _89467_/D : -130.810867
[setup in-reg] enable_cycle -> _89470_/D : -130.810867
[setup in-reg] enable_cycle -> _89471_/D : -130.810867
[setup in-reg] enable_cycle -> _89477_/D : -130.810867
[setup in-reg] enable_cycle -> _89555_/D : -130.810867
[setup in-reg] enable_cycle -> _89571_/D : -130.810867
[setup in-reg] enable_cycle -> _89649_/D : -130.810867
[setup in-reg] enable_cycle -> _89651_/D : -130.810867
[setup in-reg] enable_cycle -> _89960_/D : -130.810867
[setup in-reg] enable_cycle -> _90072_/D : -130.810867
[setup in-reg] enable_cycle -> _90250_/D : -130.810867
[setup in-reg] enable_cycle -> _90345_/D : -130.810867
[setup in-reg] enable_cycle -> _90657_/D : -130.810867
[setup in-reg] enable_cycle -> _90663_/D : -130.810867
[setup in-reg] enable_cycle -> _90773_/D : -130.810867
[setup in-reg] enable_cycle -> _90870_/D : -130.810867
[setup in-reg] enable_cycle -> _90953_/D : -130.810867
[setup in-reg] enable_cycle -> _91003_/D : -130.810867
[setup in-reg] enable_cycle -> _91098_/D : -130.810867
[setup in-reg] enable_cycle -> _91101_/D : -130.810867
[setup in-reg] enable_cycle -> _91130_/D : -130.810867
[setup in-reg] enable_cycle -> _91210_/D : -130.810867
[setup in-reg] enable_cycle -> _91216_/D : -130.810867
[setup in-reg] enable_cycle -> _91222_/D : -130.810867
[setup in-reg] enable_cycle -> _91335_/D : -130.810867
[setup in-reg] enable_cycle -> _91341_/D : -130.810867
[setup in-reg] enable_cycle -> _91430_/D : -130.810867
[setup in-reg] enable_cycle -> _91510_/D : -130.810867
[setup in-reg] enable_cycle -> _85920_/D : -130.759354
[setup in-reg] enable_cycle -> _86674_/D : -130.759354
[setup in-reg] enable_cycle -> _88345_/D : -130.759354
[setup in-reg] enable_cycle -> _88509_/D : -130.759354
[setup in-reg] enable_cycle -> _89483_/D : -130.668930
[setup in-reg] enable_cycle -> _89659_/D : -130.668930
[setup in-reg] enable_cycle -> _89747_/D : -130.668930
[setup in-reg] enable_cycle -> _89835_/D : -130.668930
[setup in-reg] enable_cycle -> _89966_/D : -130.668930
[setup in-reg] enable_cycle -> _89740_/D : -130.551590
[setup in-reg] enable_cycle -> _89828_/D : -130.551590
[setup in-reg] enable_cycle -> _88100_/D : -130.419952
[setup in-reg] enable_cycle -> _86576_/D : -130.381577
[setup in-reg] enable_cycle -> _86776_/D : -130.381577
[setup in-reg] enable_cycle -> _87076_/D : -130.381577
[setup in-reg] enable_cycle -> _87239_/D : -130.381577
[setup in-reg] enable_cycle -> _91221_/D : -130.381577
[setup in-reg] enable_cycle -> _86017_/D : -130.353012
[setup in-reg] enable_cycle -> _88181_/D : -130.353012
[setup in-reg] enable_cycle -> _90160_/D : -130.258942
[setup in-reg] enable_cycle -> _91002_/D : -130.258942
[setup in-reg] enable_cycle -> _85783_/D : -130.077225
[setup in-reg] enable_cycle -> _86209_/D : -130.077225
[setup in-reg] enable_cycle -> _87070_/D : -130.077225
[setup in-reg] enable_cycle -> _87230_/D : -130.077225
[setup in-reg] enable_cycle -> _87257_/D : -130.077225
[setup in-reg] enable_cycle -> _88343_/D : -130.077225
[setup in-reg] enable_cycle -> _88510_/D : -130.077225
[setup in-reg] enable_cycle -> _90425_/D : -130.077225
[setup in-reg] enable_cycle -> _90935_/D : -130.077225
[setup in-reg] enable_cycle -> _91437_/D : -130.077225
[setup in-reg] enable_cycle -> _86957_/D : -130.058685
[setup in-reg] enable_cycle -> _89820_/D : -130.058685
[setup in-reg] enable_cycle -> _88337_/D : -129.959290
[setup in-reg] enable_cycle -> _88983_/D : -129.959290
[setup in-reg] enable_cycle -> _88987_/D : -129.959290
[setup in-reg] enable_cycle -> _89560_/D : -129.959290
[setup in-reg] enable_cycle -> _89824_/D : -129.959290
[setup in-reg] enable_cycle -> _90335_/D : -129.959290
[setup in-reg] enable_cycle -> _91091_/D : -129.959290
[setup in-reg] enable_cycle -> _89950_/D : -129.890457
[setup in-reg] enable_cycle -> _90939_/D : -129.890457
[setup in-reg] enable_cycle -> _88272_/D : -120.156990
[setup in-reg] enable_cycle -> _90275_/D : -119.500420
[setup in-reg] enable_cycle -> _90093_/D : -119.176666
[setup in-reg] enable_cycle -> _85603_/D : -119.024078
[setup in-reg] enable_cycle -> _87657_/D : -119.024101
[setup in-reg] enable_cycle -> _87785_/D : -119.024094
[setup in-reg] enable_cycle -> _89092_/D : -119.024078
[setup in-reg] enable_cycle -> _89411_/D : -119.024078
[setup in-reg] enable_cycle -> _89587_/D : -119.024101
[setup in-reg] enable_cycle -> _90892_/D : -119.024101
[setup in-reg] enable_cycle -> _88271_/D : -118.896446
[setup in-reg] enable_cycle -> _87904_/D : -118.832947
[setup in-reg] enable_cycle -> _88999_/D : -118.833015
[setup in-reg] enable_cycle -> _91526_/D : -118.675117
[setup in-reg] enable_cycle -> _86784_/D : -118.673523
[setup in-reg] enable_cycle -> _91278_/D : -118.673492
[setup in-reg] enable_cycle -> _86582_/D : -118.623840
[setup in-reg] enable_cycle -> _87646_/D : -118.623856
[setup in-reg] enable_cycle -> _88580_/D : -118.623840
[setup in-reg] enable_cycle -> _89664_/D : -118.623901
[setup in-reg] enable_cycle -> _87173_/D : -118.598663
[setup in-reg] enable_cycle -> _90798_/D : -118.588829
[setup in-reg] enable_cycle -> _89233_/D : -118.550255
[setup in-reg] enable_cycle -> _85938_/D : -118.505966
[setup in-reg] enable_cycle -> _87185_/D : -118.481285
[setup in-reg] enable_cycle -> _88667_/D : -118.477783
[setup in-reg] enable_cycle -> _90184_/D : -118.469139
[setup in-reg] enable_cycle -> _89322_/D : -118.429398
[setup in-reg] enable_cycle -> _90092_/D : -118.429375
[setup in-reg] enable_cycle -> _86036_/D : -118.410835
[setup in-reg] enable_cycle -> _86693_/D : -118.410767
[setup in-reg] enable_cycle -> _86402_/D : -118.394081
[setup in-reg] enable_cycle -> _88280_/D : -118.394066
[setup in-reg] enable_cycle -> _88752_/D : -118.394051
[setup in-reg] enable_cycle -> _86132_/D : -118.362564
[setup in-reg] enable_cycle -> _85818_/D : -118.340591
[setup in-reg] enable_cycle -> _87329_/D : -118.340591
[setup in-reg] enable_cycle -> _88591_/D : -118.340591
[setup in-reg] enable_cycle -> _88922_/D : -118.340591
[setup in-reg] enable_cycle -> _90002_/D : -118.322388
[setup in-reg] enable_cycle -> _87841_/D : -118.305290
[setup in-reg] enable_cycle -> _90360_/D : -118.305290
[setup in-reg] enable_cycle -> _89317_/D : -118.303368
[setup in-reg] enable_cycle -> _91257_/D : -118.303368
[setup in-reg] enable_cycle -> _91520_/D : -118.297066
[setup in-reg] enable_cycle -> _90890_/D : -118.295639
[setup in-reg] enable_cycle -> _85806_/D : -118.281647
[setup in-reg] enable_cycle -> _87325_/D : -118.281647
[setup in-reg] enable_cycle -> _88665_/D : -118.281647
[setup in-reg] enable_cycle -> _89082_/D : -118.281647
[setup in-reg] enable_cycle -> _89088_/D : -118.281647
[setup in-reg] enable_cycle -> _89583_/D : -118.281647
[setup in-reg] enable_cycle -> _89847_/D : -118.281647
[setup in-reg] enable_cycle -> _91292_/D : -118.281647
[setup in-reg] enable_cycle -> _91345_/D : -118.281647
[setup in-reg] enable_cycle -> _91414_/D : -118.281647
[setup in-reg] enable_cycle -> _91450_/D : -118.281647
[setup in-reg] enable_cycle -> _91462_/D : -118.281647
[setup in-reg] enable_cycle -> _87779_/D : -118.271965
[setup in-reg] enable_cycle -> _88110_/D : -118.271965
[setup in-reg] enable_cycle -> _89003_/D : -118.271965
[setup in-reg] enable_cycle -> _89175_/D : -118.271965
[setup in-reg] enable_cycle -> _89240_/D : -118.271965
[setup in-reg] enable_cycle -> _89497_/D : -118.271965
[setup in-reg] enable_cycle -> _89916_/D : -118.271965
[setup in-reg] enable_cycle -> _90357_/D : -118.271965
[setup in-reg] enable_cycle -> _91153_/D : -118.271965
[setup in-reg] enable_cycle -> _86401_/D : -118.251068
[setup in-reg] enable_cycle -> _86792_/D : -118.251068
[setup in-reg] enable_cycle -> _86882_/D : -118.251068
[setup in-reg] enable_cycle -> _86992_/D : -118.251114
[setup in-reg] enable_cycle -> _88113_/D : -118.251068
[setup in-reg] enable_cycle -> _88115_/D : -118.251068
[setup in-reg] enable_cycle -> _88751_/D : -118.251083
[setup in-reg] enable_cycle -> _88833_/D : -118.251129
[setup in-reg] enable_cycle -> _89578_/D : -118.251083
[setup in-reg] enable_cycle -> _89584_/D : -118.251068
[setup in-reg] enable_cycle -> _89671_/D : -118.251083
[setup in-reg] enable_cycle -> _89674_/D : -118.251099
[setup in-reg] enable_cycle -> _89758_/D : -118.251099
[setup in-reg] enable_cycle -> _89762_/D : -118.251099
[setup in-reg] enable_cycle -> _89998_/D : -118.251129
[setup in-reg] enable_cycle -> _90178_/D : -118.251053
[setup in-reg] enable_cycle -> _90179_/D : -118.251114
[setup in-reg] enable_cycle -> _91024_/D : -118.251068
[setup in-reg] enable_cycle -> _91467_/D : -118.251083
[setup in-reg] enable_cycle -> _85601_/D : -118.248550
[setup in-reg] enable_cycle -> _85711_/D : -118.248550
[setup in-reg] enable_cycle -> _86032_/D : -118.248550
[setup in-reg] enable_cycle -> _86400_/D : -118.248550
[setup in-reg] enable_cycle -> _86491_/D : -118.248550
[setup in-reg] enable_cycle -> _86687_/D : -118.248550
[setup in-reg] enable_cycle -> _87323_/D : -118.248550
[setup in-reg] enable_cycle -> _87655_/D : -118.248550
[setup in-reg] enable_cycle -> _88192_/D : -118.248550
[setup in-reg] enable_cycle -> _88835_/D : -118.248550
[setup in-reg] enable_cycle -> _89313_/D : -118.248550
[setup in-reg] enable_cycle -> _89577_/D : -118.248550
[setup in-reg] enable_cycle -> _89585_/D : -118.248550
[setup in-reg] enable_cycle -> _90613_/D : -118.248550
[setup in-reg] enable_cycle -> _91023_/D : -118.248550
[setup in-reg] enable_cycle -> _91250_/D : -118.248550
[setup in-reg] enable_cycle -> _91261_/D : -118.248550
[setup in-reg] enable_cycle -> _91284_/D : -118.248550
[setup in-reg] enable_cycle -> _91353_/D : -118.248550
[setup in-reg] enable_cycle -> _85597_/D : -118.236641
[setup in-reg] enable_cycle -> _85667_/D : -118.236694
[setup in-reg] enable_cycle -> _85682_/D : -118.236694
[setup in-reg] enable_cycle -> _85807_/D : -118.236595
[setup in-reg] enable_cycle -> _85817_/D : -118.236595
[setup in-reg] enable_cycle -> _86395_/D : -118.236580
[setup in-reg] enable_cycle -> _86588_/D : -118.236626
[setup in-reg] enable_cycle -> _86887_/D : -118.236610
[setup in-reg] enable_cycle -> _86889_/D : -118.236610
[setup in-reg] enable_cycle -> _86892_/D : -118.236580
[setup in-reg] enable_cycle -> _86991_/D : -118.236610
[setup in-reg] enable_cycle -> _87092_/D : -118.236610
[setup in-reg] enable_cycle -> _87592_/D : -118.236549
[setup in-reg] enable_cycle -> _87847_/D : -118.236549
[setup in-reg] enable_cycle -> _87907_/D : -118.236549
[setup in-reg] enable_cycle -> _87960_/D : -118.236549
[setup in-reg] enable_cycle -> _88276_/D : -118.236649
[setup in-reg] enable_cycle -> _88590_/D : -118.236610
[setup in-reg] enable_cycle -> _88741_/D : -118.236610
[setup in-reg] enable_cycle -> _89002_/D : -118.236580
[setup in-reg] enable_cycle -> _89234_/D : -118.236626
[setup in-reg] enable_cycle -> _89488_/D : -118.236595
[setup in-reg] enable_cycle -> _90271_/D : -118.236610
[setup in-reg] enable_cycle -> _90362_/D : -118.236595
[setup in-reg] enable_cycle -> _90618_/D : -118.236580
[setup in-reg] enable_cycle -> _91161_/D : -118.236580
[setup in-reg] enable_cycle -> _91230_/D : -118.236580
[setup in-reg] enable_cycle -> _91297_/D : -118.236580
[setup in-reg] enable_cycle -> _91525_/D : -118.236595
[setup in-reg] enable_cycle -> _85880_/D : -118.229492
[setup in-reg] enable_cycle -> _88196_/D : -118.229492
[setup in-reg] enable_cycle -> _87186_/D : -118.217087
[setup in-reg] enable_cycle -> _86982_/D : -118.216347
[setup in-reg] enable_cycle -> _89843_/D : -118.216347
[setup in-reg] enable_cycle -> _91225_/D : -118.212776
[setup in-reg] enable_cycle -> _86789_/D : -118.208946
[setup in-reg] enable_cycle -> _86030_/D : -118.208519
[setup in-reg] enable_cycle -> _85717_/D : -118.197029
[setup in-reg] enable_cycle -> _85874_/D : -118.197060
[setup in-reg] enable_cycle -> _86591_/D : -118.197006
[setup in-reg] enable_cycle -> _86787_/D : -118.197006
[setup in-reg] enable_cycle -> _87775_/D : -118.197029
[setup in-reg] enable_cycle -> _89090_/D : -118.196960
[setup in-reg] enable_cycle -> _89761_/D : -118.196991
[setup in-reg] enable_cycle -> _91406_/D : -118.196945
[setup in-reg] enable_cycle -> _91351_/D : -118.196655
[setup in-reg] enable_cycle -> _86398_/D : -118.190872
[setup in-reg] enable_cycle -> _86691_/D : -118.190857
[setup in-reg] enable_cycle -> _91524_/D : -118.190857
[setup in-reg] enable_cycle -> _85721_/D : -118.174232
[setup in-reg] enable_cycle -> _87913_/D : -118.174103
[setup in-reg] enable_cycle -> _89851_/D : -118.174103
[setup in-reg] enable_cycle -> _88434_/D : -118.123947
[setup in-reg] enable_cycle -> _90611_/D : -118.107269
[setup in-reg] enable_cycle -> _87087_/D : -118.106232
[setup in-reg] enable_cycle -> _91422_/D : -118.105339
[setup in-reg] enable_cycle -> _91468_/D : -118.099525
[setup in-reg] enable_cycle -> _88362_/D : -118.080391
[setup in-reg] enable_cycle -> _91025_/D : -118.080391
[setup in-reg] enable_cycle -> _87175_/D : -118.064873
[setup in-reg] enable_cycle -> _87648_/D : -118.064873
[setup in-reg] enable_cycle -> _89081_/D : -118.064873
[setup in-reg] enable_cycle -> _89165_/D : -118.064873
[setup in-reg] enable_cycle -> _90701_/D : -118.062988
[setup in-reg] enable_cycle -> _87324_/D : -118.062836
[setup in-reg] enable_cycle -> _88439_/D : -118.062836
[setup in-reg] enable_cycle -> _88749_/D : -118.062943
[setup in-reg] enable_cycle -> _88832_/D : -118.062935
[setup in-reg] enable_cycle -> _88116_/D : -118.055748
[setup in-reg] enable_cycle -> _85655_/D : -118.055008
[setup in-reg] enable_cycle -> _85858_/D : -118.054878
[setup in-reg] enable_cycle -> _87645_/D : -118.054878
[setup in-reg] enable_cycle -> _87778_/D : -118.054878
[setup in-reg] enable_cycle -> _88432_/D : -118.054878
[setup in-reg] enable_cycle -> _89080_/D : -118.054878
[setup in-reg] enable_cycle -> _89751_/D : -118.054886
[setup in-reg] enable_cycle -> _89752_/D : -118.054878
[setup in-reg] enable_cycle -> _91519_/D : -118.054878
[setup in-reg] enable_cycle -> _85591_/D : -118.045151
[setup in-reg] enable_cycle -> _85662_/D : -118.045151
[setup in-reg] enable_cycle -> _85663_/D : -118.045151
[setup in-reg] enable_cycle -> _85668_/D : -118.045151
[setup in-reg] enable_cycle -> _85669_/D : -118.045151
[setup in-reg] enable_cycle -> _85671_/D : -118.045151
[setup in-reg] enable_cycle -> _85674_/D : -118.045151
[setup in-reg] enable_cycle -> _85714_/D : -118.045151
[setup in-reg] enable_cycle -> _85810_/D : -118.045151
[setup in-reg] enable_cycle -> _85811_/D : -118.045151
[setup in-reg] enable_cycle -> _85863_/D : -118.045151
[setup in-reg] enable_cycle -> _85866_/D : -118.045151
[setup in-reg] enable_cycle -> _85928_/D : -118.045151
[setup in-reg] enable_cycle -> _85933_/D : -118.045151
[setup in-reg] enable_cycle -> _86025_/D : -118.045151
[setup in-reg] enable_cycle -> _86317_/D : -118.045151
[setup in-reg] enable_cycle -> _86319_/D : -118.045151
[setup in-reg] enable_cycle -> _86393_/D : -118.045151
[setup in-reg] enable_cycle -> _86482_/D : -118.045151
[setup in-reg] enable_cycle -> _86681_/D : -118.045151
[setup in-reg] enable_cycle -> _86783_/D : -118.045151
[setup in-reg] enable_cycle -> _86881_/D : -118.045151
[setup in-reg] enable_cycle -> _86987_/D : -118.045151
[setup in-reg] enable_cycle -> _87083_/D : -118.045151
[setup in-reg] enable_cycle -> _87179_/D : -118.045151
[setup in-reg] enable_cycle -> _87587_/D : -118.045151
[setup in-reg] enable_cycle -> _87776_/D : -118.045151
[setup in-reg] enable_cycle -> _87837_/D : -118.045151
[setup in-reg] enable_cycle -> _87951_/D : -118.045151
[setup in-reg] enable_cycle -> _87954_/D : -118.045151
[setup in-reg] enable_cycle -> _88022_/D : -118.045151
[setup in-reg] enable_cycle -> _88025_/D : -118.045151
[setup in-reg] enable_cycle -> _88028_/D : -118.045151
[setup in-reg] enable_cycle -> _88350_/D : -118.045151
[setup in-reg] enable_cycle -> _88438_/D : -118.045151
[setup in-reg] enable_cycle -> _88519_/D : -118.045151
[setup in-reg] enable_cycle -> _88661_/D : -118.045151
[setup in-reg] enable_cycle -> _88740_/D : -118.045151
[setup in-reg] enable_cycle -> _88743_/D : -118.045151
[setup in-reg] enable_cycle -> _88826_/D : -118.045151
[setup in-reg] enable_cycle -> _88831_/D : -118.045151
[setup in-reg] enable_cycle -> _88910_/D : -118.045151
[setup in-reg] enable_cycle -> _88916_/D : -118.045151
[setup in-reg] enable_cycle -> _89085_/D : -118.045151
[setup in-reg] enable_cycle -> _89086_/D : -118.045151
[setup in-reg] enable_cycle -> _89167_/D : -118.045151
[setup in-reg] enable_cycle -> _89171_/D : -118.045151
[setup in-reg] enable_cycle -> _89237_/D : -118.045151
[setup in-reg] enable_cycle -> _89311_/D : -118.045151
[setup in-reg] enable_cycle -> _89400_/D : -118.045151
[setup in-reg] enable_cycle -> _89402_/D : -118.045151
[setup in-reg] enable_cycle -> _89669_/D : -118.045151
[setup in-reg] enable_cycle -> _89841_/D : -118.045151
[setup in-reg] enable_cycle -> _89842_/D : -118.045151
[setup in-reg] enable_cycle -> _89996_/D : -118.045151
[setup in-reg] enable_cycle -> _90083_/D : -118.045151
[setup in-reg] enable_cycle -> _90176_/D : -118.045151
[setup in-reg] enable_cycle -> _90445_/D : -118.045151
[setup in-reg] enable_cycle -> _90446_/D : -118.045151
[setup in-reg] enable_cycle -> _90447_/D : -118.045151
[setup in-reg] enable_cycle -> _90449_/D : -118.045151
[setup in-reg] enable_cycle -> _90450_/D : -118.045151
[setup in-reg] enable_cycle -> _90542_/D : -118.045151
[setup in-reg] enable_cycle -> _90692_/D : -118.045151
[setup in-reg] enable_cycle -> _90698_/D : -118.045151
[setup in-reg] enable_cycle -> _90791_/D : -118.045151
[setup in-reg] enable_cycle -> _90792_/D : -118.045151
[setup in-reg] enable_cycle -> _91016_/D : -118.045151
[setup in-reg] enable_cycle -> _91017_/D : -118.045151
[setup in-reg] enable_cycle -> _91154_/D : -118.045151
[setup in-reg] enable_cycle -> _91228_/D : -118.045151
[setup in-reg] enable_cycle -> _91232_/D : -118.045151
[setup in-reg] enable_cycle -> _91234_/D : -118.045151
[setup in-reg] enable_cycle -> _91236_/D : -118.045151
[setup in-reg] enable_cycle -> _91240_/D : -118.045151
[setup in-reg] enable_cycle -> _91245_/D : -118.045151
[setup in-reg] enable_cycle -> _91251_/D : -118.045151
[setup in-reg] enable_cycle -> _91253_/D : -118.045151
[setup in-reg] enable_cycle -> _91255_/D : -118.045151
[setup in-reg] enable_cycle -> _91265_/D : -118.045151
[setup in-reg] enable_cycle -> _91276_/D : -118.045151
[setup in-reg] enable_cycle -> _91277_/D : -118.045151
[setup in-reg] enable_cycle -> _91285_/D : -118.045151
[setup in-reg] enable_cycle -> _91286_/D : -118.045151
[setup in-reg] enable_cycle -> _91287_/D : -118.045151
[setup in-reg] enable_cycle -> _91288_/D : -118.045151
[setup in-reg] enable_cycle -> _91293_/D : -118.045151
[setup in-reg] enable_cycle -> _91348_/D : -118.045151
[setup in-reg] enable_cycle -> _91349_/D : -118.045151
[setup in-reg] enable_cycle -> _91352_/D : -118.045151
[setup in-reg] enable_cycle -> _91402_/D : -118.045151
[setup in-reg] enable_cycle -> _91407_/D : -118.045151
[setup in-reg] enable_cycle -> _91409_/D : -118.045151
[setup in-reg] enable_cycle -> _91410_/D : -118.045151
[setup in-reg] enable_cycle -> _91411_/D : -118.045151
[setup in-reg] enable_cycle -> _91412_/D : -118.045151
[setup in-reg] enable_cycle -> _91416_/D : -118.045151
[setup in-reg] enable_cycle -> _91446_/D : -118.045151
[setup in-reg] enable_cycle -> _91458_/D : -118.045151
[setup in-reg] enable_cycle -> _91515_/D : -118.045151
[setup in-reg] enable_cycle -> _89407_/D : -118.040024
[setup in-reg] enable_cycle -> _89993_/D : -118.040024
[setup in-reg] enable_cycle -> _85660_/D : -118.032104
[setup in-reg] enable_cycle -> _85676_/D : -118.032104
[setup in-reg] enable_cycle -> _85712_/D : -118.031975
[setup in-reg] enable_cycle -> _85813_/D : -118.031975
[setup in-reg] enable_cycle -> _85873_/D : -118.031975
[setup in-reg] enable_cycle -> _85930_/D : -118.031975
[setup in-reg] enable_cycle -> _85934_/D : -118.031975
[setup in-reg] enable_cycle -> _85936_/D : -118.031975
[setup in-reg] enable_cycle -> _86123_/D : -118.031975
[setup in-reg] enable_cycle -> _86124_/D : -118.031975
[setup in-reg] enable_cycle -> _86127_/D : -118.031975
[setup in-reg] enable_cycle -> _86224_/D : -118.031975
[setup in-reg] enable_cycle -> _86320_/D : -118.031975
[setup in-reg] enable_cycle -> _86321_/D : -118.031975
[setup in-reg] enable_cycle -> _86392_/D : -118.031975
[setup in-reg] enable_cycle -> _86684_/D : -118.031975
[setup in-reg] enable_cycle -> _86686_/D : -118.031975
[setup in-reg] enable_cycle -> _86690_/D : -118.031975
[setup in-reg] enable_cycle -> _86788_/D : -118.031975
[setup in-reg] enable_cycle -> _86879_/D : -118.031975
[setup in-reg] enable_cycle -> _86886_/D : -118.031975
[setup in-reg] enable_cycle -> _86984_/D : -118.031975
[setup in-reg] enable_cycle -> _87181_/D : -118.031975
[setup in-reg] enable_cycle -> _87322_/D : -118.031975
[setup in-reg] enable_cycle -> _87579_/D : -118.031975
[setup in-reg] enable_cycle -> _87584_/D : -118.031975
[setup in-reg] enable_cycle -> _87586_/D : -118.031975
[setup in-reg] enable_cycle -> _87588_/D : -118.031975
[setup in-reg] enable_cycle -> _87647_/D : -118.031975
[setup in-reg] enable_cycle -> _87712_/D : -118.031975
[setup in-reg] enable_cycle -> _87718_/D : -118.031975
[setup in-reg] enable_cycle -> _87782_/D : -118.031975
[setup in-reg] enable_cycle -> _87846_/D : -118.031975
[setup in-reg] enable_cycle -> _87948_/D : -118.031975
[setup in-reg] enable_cycle -> _88273_/D : -118.031975
[setup in-reg] enable_cycle -> _88436_/D : -118.031975
[setup in-reg] enable_cycle -> _88441_/D : -118.031975
[setup in-reg] enable_cycle -> _88584_/D : -118.031975
[setup in-reg] enable_cycle -> _88657_/D : -118.031975
[setup in-reg] enable_cycle -> _88664_/D : -118.031975
[setup in-reg] enable_cycle -> _88747_/D : -118.031975
[setup in-reg] enable_cycle -> _88915_/D : -118.031975
[setup in-reg] enable_cycle -> _88917_/D : -118.031975
[setup in-reg] enable_cycle -> _88996_/D : -118.031975
[setup in-reg] enable_cycle -> _89001_/D : -118.031975
[setup in-reg] enable_cycle -> _89089_/D : -118.031975
[setup in-reg] enable_cycle -> _89170_/D : -118.031975
[setup in-reg] enable_cycle -> _89318_/D : -118.031975
[setup in-reg] enable_cycle -> _89492_/D : -118.031975
[setup in-reg] enable_cycle -> _89576_/D : -118.031975
[setup in-reg] enable_cycle -> _89670_/D : -118.031975
[setup in-reg] enable_cycle -> _89844_/D : -118.031975
[setup in-reg] enable_cycle -> _89915_/D : -118.031975
[setup in-reg] enable_cycle -> _89917_/D : -118.031975
[setup in-reg] enable_cycle -> _89988_/D : -118.031975
[setup in-reg] enable_cycle -> _90088_/D : -118.031975
[setup in-reg] enable_cycle -> _90090_/D : -118.031975
[setup in-reg] enable_cycle -> _90177_/D : -118.031975
[setup in-reg] enable_cycle -> _90262_/D : -118.031975
[setup in-reg] enable_cycle -> _90270_/D : -118.031975
[setup in-reg] enable_cycle -> _90359_/D : -118.031975
[setup in-reg] enable_cycle -> _90616_/D : -118.031975
[setup in-reg] enable_cycle -> _90790_/D : -118.031975
[setup in-reg] enable_cycle -> _90793_/D : -118.031975
[setup in-reg] enable_cycle -> _91159_/D : -118.031975
[setup in-reg] enable_cycle -> _91241_/D : -118.031975
[setup in-reg] enable_cycle -> _91270_/D : -118.031975
[setup in-reg] enable_cycle -> _91346_/D : -118.031975
[setup in-reg] enable_cycle -> _91347_/D : -118.031975
[setup in-reg] enable_cycle -> _91443_/D : -118.031975
[setup in-reg] enable_cycle -> _88522_/D : -118.021263
[setup in-reg] enable_cycle -> _88440_/D : -118.016159
[setup in-reg] enable_cycle -> _88034_/D : -118.013275
[setup in-reg] enable_cycle -> _90366_/D : -118.013275
[setup in-reg] enable_cycle -> _89498_/D : -118.012939
[setup in-reg] enable_cycle -> _89912_/D : -118.006035
[setup in-reg] enable_cycle -> _88270_/D : -118.003952
[setup in-reg] enable_cycle -> _87783_/D : -118.002174
[setup in-reg] enable_cycle -> _85673_/D : -117.996246
[setup in-reg] enable_cycle -> _85659_/D : -117.996078
[setup in-reg] enable_cycle -> _86125_/D : -117.996155
[setup in-reg] enable_cycle -> _91244_/D : -117.996185
[setup in-reg] enable_cycle -> _91254_/D : -117.996040
[setup in-reg] enable_cycle -> _88524_/D : -117.983742
[setup in-reg] enable_cycle -> _90546_/D : -117.983742
[setup in-reg] enable_cycle -> _85657_/D : -117.980202
[setup in-reg] enable_cycle -> _85670_/D : -117.980148
[setup in-reg] enable_cycle -> _86683_/D : -117.980133
[setup in-reg] enable_cycle -> _89582_/D : -117.980202
[setup in-reg] enable_cycle -> _85715_/D : -117.980064
[setup in-reg] enable_cycle -> _86483_/D : -117.980133
[setup in-reg] enable_cycle -> _86685_/D : -117.980019
[setup in-reg] enable_cycle -> _87710_/D : -117.980072
[setup in-reg] enable_cycle -> _87711_/D : -117.980164
[setup in-reg] enable_cycle -> _87714_/D : -117.980171
[setup in-reg] enable_cycle -> _87838_/D : -117.980103
[setup in-reg] enable_cycle -> _88108_/D : -117.980148
[setup in-reg] enable_cycle -> _88190_/D : -117.980034
[setup in-reg] enable_cycle -> _88520_/D : -117.980049
[setup in-reg] enable_cycle -> _88582_/D : -117.980019
[setup in-reg] enable_cycle -> _88583_/D : -117.980087
[setup in-reg] enable_cycle -> _88660_/D : -117.980034
[setup in-reg] enable_cycle -> _88914_/D : -117.980133
[setup in-reg] enable_cycle -> _89753_/D : -117.980103
[setup in-reg] enable_cycle -> _89845_/D : -117.980019
[setup in-reg] enable_cycle -> _89997_/D : -117.980049
[setup in-reg] enable_cycle -> _90608_/D : -117.980019
[setup in-reg] enable_cycle -> _90610_/D : -117.980034
[setup in-reg] enable_cycle -> _90789_/D : -117.980118
[setup in-reg] enable_cycle -> _91148_/D : -117.980064
[setup in-reg] enable_cycle -> _91252_/D : -117.980072
[setup in-reg] enable_cycle -> _91268_/D : -117.980049
[setup in-reg] enable_cycle -> _85931_/D : -117.967888
[setup in-reg] enable_cycle -> _86028_/D : -117.967888
[setup in-reg] enable_cycle -> _87777_/D : -117.967888
[setup in-reg] enable_cycle -> _88030_/D : -117.967896
[setup in-reg] enable_cycle -> _88194_/D : -117.967934
[setup in-reg] enable_cycle -> _89409_/D : -117.967964
[setup in-reg] enable_cycle -> _91263_/D : -117.967964
[setup in-reg] enable_cycle -> _91397_/D : -117.967888
[setup in-reg] enable_cycle -> _91404_/D : -117.967995
[setup in-reg] enable_cycle -> _91456_/D : -117.967964
[setup in-reg] enable_cycle -> _91518_/D : -117.967888
[setup in-reg] enable_cycle -> _90448_/D : -117.964851
[setup in-reg] enable_cycle -> _87906_/D : -117.963478
[setup in-reg] enable_cycle -> _88433_/D : -117.963264
[setup in-reg] enable_cycle -> _89403_/D : -117.955002
[setup in-reg] enable_cycle -> _89499_/D : -117.955048
[setup in-reg] enable_cycle -> _86129_/D : -117.928246
[setup in-reg] enable_cycle -> _89321_/D : -117.928246
[setup in-reg] enable_cycle -> _90180_/D : -117.928291
[setup in-reg] enable_cycle -> _85719_/D : -117.909294
[setup in-reg] enable_cycle -> _87959_/D : -117.909294
[setup in-reg] enable_cycle -> _90089_/D : -117.909294
[setup in-reg] enable_cycle -> _86324_/D : -117.886581
[setup in-reg] enable_cycle -> _89494_/D : -117.870285
[setup in-reg] enable_cycle -> _85929_/D : -117.843178
[setup in-reg] enable_cycle -> _91469_/D : -117.843178
[setup in-reg] enable_cycle -> _91271_/D : -117.842949
[setup in-reg] enable_cycle -> _85680_/D : -117.825691
[setup in-reg] enable_cycle -> _90001_/D : -117.822289
[setup in-reg] enable_cycle -> _91274_/D : -117.809128
[setup in-reg] enable_cycle -> _85664_/D : -117.809006
[setup in-reg] enable_cycle -> _85804_/D : -117.808899
[setup in-reg] enable_cycle -> _85859_/D : -117.809006
[setup in-reg] enable_cycle -> _85871_/D : -117.809013
[setup in-reg] enable_cycle -> _86780_/D : -117.809013
[setup in-reg] enable_cycle -> _87901_/D : -117.809006
[setup in-reg] enable_cycle -> _88437_/D : -117.809006
[setup in-reg] enable_cycle -> _88744_/D : -117.809006
[setup in-reg] enable_cycle -> _89665_/D : -117.809006
[setup in-reg] enable_cycle -> _89666_/D : -117.809006
[setup in-reg] enable_cycle -> _89755_/D : -117.809006
[setup in-reg] enable_cycle -> _89848_/D : -117.809006
[setup in-reg] enable_cycle -> _89911_/D : -117.809006
[setup in-reg] enable_cycle -> _89989_/D : -117.809013
[setup in-reg] enable_cycle -> _89990_/D : -117.809013
[setup in-reg] enable_cycle -> _89992_/D : -117.809013
[setup in-reg] enable_cycle -> _91231_/D : -117.809006
[setup in-reg] enable_cycle -> _85596_/D : -117.808868
[setup in-reg] enable_cycle -> _85868_/D : -117.808868
[setup in-reg] enable_cycle -> _86022_/D : -117.808899
[setup in-reg] enable_cycle -> _86121_/D : -117.808899
[setup in-reg] enable_cycle -> _86218_/D : -117.808899
[setup in-reg] enable_cycle -> _86315_/D : -117.808884
[setup in-reg] enable_cycle -> _86397_/D : -117.808868
[setup in-reg] enable_cycle -> _86490_/D : -117.808899
[setup in-reg] enable_cycle -> _86579_/D : -117.808899
[setup in-reg] enable_cycle -> _87315_/D : -117.808899
[setup in-reg] enable_cycle -> _87835_/D : -117.808899
[setup in-reg] enable_cycle -> _89238_/D : -117.808868
[setup in-reg] enable_cycle -> _90261_/D : -117.808899
[setup in-reg] enable_cycle -> _90265_/D : -117.809006
[setup in-reg] enable_cycle -> _90605_/D : -117.808899
[setup in-reg] enable_cycle -> _91354_/D : -117.809006
[setup in-reg] enable_cycle -> _90614_/D : -117.808868
[setup in-reg] enable_cycle -> _90878_/D : -117.808899
[setup in-reg] enable_cycle -> _90889_/D : -117.808899
[setup in-reg] enable_cycle -> _91011_/D : -117.808899
[setup in-reg] enable_cycle -> _91235_/D : -117.809013
[setup in-reg] enable_cycle -> _91237_/D : -117.809013
[setup in-reg] enable_cycle -> _91013_/D : -117.808868
[setup in-reg] enable_cycle -> _91247_/D : -117.808899
[setup in-reg] enable_cycle -> _91396_/D : -117.808899
[setup in-reg] enable_cycle -> _86692_/D : -117.801476
[setup in-reg] enable_cycle -> _87717_/D : -117.801476
[setup in-reg] enable_cycle -> _87784_/D : -117.801514
[setup in-reg] enable_cycle -> _88279_/D : -117.801491
[setup in-reg] enable_cycle -> _88358_/D : -117.801529
[setup in-reg] enable_cycle -> _88750_/D : -117.801491
[setup in-reg] enable_cycle -> _89005_/D : -117.801529
[setup in-reg] enable_cycle -> _89006_/D : -117.801514
[setup in-reg] enable_cycle -> _90182_/D : -117.801491
[setup in-reg] enable_cycle -> _90361_/D : -117.801491
[setup in-reg] enable_cycle -> _91021_/D : -117.801476
[setup in-reg] enable_cycle -> _86785_/D : -117.800888
[setup in-reg] enable_cycle -> _89241_/D : -117.788750
[setup in-reg] enable_cycle -> _88659_/D : -117.767311
[setup in-reg] enable_cycle -> _89404_/D : -117.767426
[setup in-reg] enable_cycle -> _85815_/D : -117.766685
[setup in-reg] enable_cycle -> _89405_/D : -117.766701
[setup in-reg] enable_cycle -> _89493_/D : -117.766670
[setup in-reg] enable_cycle -> _91283_/D : -117.766731
[setup in-reg] enable_cycle -> _86884_/D : -117.763222
[setup in-reg] enable_cycle -> _91421_/D : -117.762810
[setup in-reg] enable_cycle -> _91299_/D : -117.762108
[setup in-reg] enable_cycle -> _86390_/D : -117.761383
[setup in-reg] enable_cycle -> _85594_/D : -117.760841
[setup in-reg] enable_cycle -> _85598_/D : -117.760841
[setup in-reg] enable_cycle -> _85654_/D : -117.760841
[setup in-reg] enable_cycle -> _85666_/D : -117.760841
[setup in-reg] enable_cycle -> _85672_/D : -117.760841
[setup in-reg] enable_cycle -> _85678_/D : -117.760841
[setup in-reg] enable_cycle -> _85808_/D : -117.760910
[setup in-reg] enable_cycle -> _85857_/D : -117.760841
[setup in-reg] enable_cycle -> _85872_/D : -117.760910
[setup in-reg] enable_cycle -> _86227_/D : -117.760910
[setup in-reg] enable_cycle -> _90082_/D : -117.760910
[setup in-reg] enable_cycle -> _86122_/D : -117.760773
[setup in-reg] enable_cycle -> _86220_/D : -117.760841
[setup in-reg] enable_cycle -> _86316_/D : -117.760841
[setup in-reg] enable_cycle -> _86688_/D : -117.760841
[setup in-reg] enable_cycle -> _86888_/D : -117.760841
[setup in-reg] enable_cycle -> _86986_/D : -117.760841
[setup in-reg] enable_cycle -> _86990_/D : -117.760841
[setup in-reg] enable_cycle -> _87086_/D : -117.760841
[setup in-reg] enable_cycle -> _87177_/D : -117.760910
[setup in-reg] enable_cycle -> _87180_/D : -117.760841
[setup in-reg] enable_cycle -> _87326_/D : -117.760841
[setup in-reg] enable_cycle -> _87644_/D : -117.760841
[setup in-reg] enable_cycle -> _87652_/D : -117.760841
[setup in-reg] enable_cycle -> _87839_/D : -117.760910
[setup in-reg] enable_cycle -> _87903_/D : -117.760841
[setup in-reg] enable_cycle -> _87953_/D : -117.760910
[setup in-reg] enable_cycle -> _88024_/D : -117.760773
[setup in-reg] enable_cycle -> _88029_/D : -117.760841
[setup in-reg] enable_cycle -> _88031_/D : -117.760841
[setup in-reg] enable_cycle -> _88191_/D : -117.760841
[setup in-reg] enable_cycle -> _88278_/D : -117.760841
[setup in-reg] enable_cycle -> _88355_/D : -117.760841
[setup in-reg] enable_cycle -> _88521_/D : -117.760841
[setup in-reg] enable_cycle -> _88581_/D : -117.760841
[setup in-reg] enable_cycle -> _88586_/D : -117.760841
[setup in-reg] enable_cycle -> _88658_/D : -117.760910
[setup in-reg] enable_cycle -> _88745_/D : -117.760841
[setup in-reg] enable_cycle -> _88746_/D : -117.760841
[setup in-reg] enable_cycle -> _88827_/D : -117.760841
[setup in-reg] enable_cycle -> _88830_/D : -117.760841
[setup in-reg] enable_cycle -> _89087_/D : -117.760841
[setup in-reg] enable_cycle -> _89239_/D : -117.760841
[setup in-reg] enable_cycle -> _89316_/D : -117.760841
[setup in-reg] enable_cycle -> _89401_/D : -117.760910
[setup in-reg] enable_cycle -> _89487_/D : -117.760910
[setup in-reg] enable_cycle -> _89579_/D : -117.760841
[setup in-reg] enable_cycle -> _89663_/D : -117.760910
[setup in-reg] enable_cycle -> _89756_/D : -117.760841
[setup in-reg] enable_cycle -> _89760_/D : -117.760841
[setup in-reg] enable_cycle -> _89909_/D : -117.760910
[setup in-reg] enable_cycle -> _86981_/D : -117.760704
[setup in-reg] enable_cycle -> _89839_/D : -117.760773
[setup in-reg] enable_cycle -> _89913_/D : -117.760841
[setup in-reg] enable_cycle -> _89919_/D : -117.760841
[setup in-reg] enable_cycle -> _90266_/D : -117.760841
[setup in-reg] enable_cycle -> _90268_/D : -117.760841
[setup in-reg] enable_cycle -> _90269_/D : -117.760910
[setup in-reg] enable_cycle -> _90451_/D : -117.760841
[setup in-reg] enable_cycle -> _90538_/D : -117.760910
[setup in-reg] enable_cycle -> _90539_/D : -117.760910
[setup in-reg] enable_cycle -> _90699_/D : -117.760841
[setup in-reg] enable_cycle -> _90882_/D : -117.760841
[setup in-reg] enable_cycle -> _90887_/D : -117.760841
[setup in-reg] enable_cycle -> _91018_/D : -117.760841
[setup in-reg] enable_cycle -> _91157_/D : -117.760841
[setup in-reg] enable_cycle -> _91223_/D : -117.760841
[setup in-reg] enable_cycle -> _91243_/D : -117.760841
[setup in-reg] enable_cycle -> _91248_/D : -117.760841
[setup in-reg] enable_cycle -> _91275_/D : -117.760841
[setup in-reg] enable_cycle -> _91290_/D : -117.760841
[setup in-reg] enable_cycle -> _91291_/D : -117.760841
[setup in-reg] enable_cycle -> _91298_/D : -117.760841
[setup in-reg] enable_cycle -> _91395_/D : -117.760841
[setup in-reg] enable_cycle -> _91398_/D : -117.760841
[setup in-reg] enable_cycle -> _91403_/D : -117.760841
[setup in-reg] enable_cycle -> _91415_/D : -117.760841
[setup in-reg] enable_cycle -> _91441_/D : -117.760841
[setup in-reg] enable_cycle -> _91459_/D : -117.760910
[setup in-reg] enable_cycle -> _91465_/D : -117.760841
[setup in-reg] enable_cycle -> _87773_/D : -117.760704
[setup in-reg] enable_cycle -> _90172_/D : -117.760704
[setup in-reg] enable_cycle -> _91418_/D : -117.760712
[setup in-reg] enable_cycle -> _85590_/D : -117.760513
[setup in-reg] enable_cycle -> _85600_/D : -117.760513
[setup in-reg] enable_cycle -> _85658_/D : -117.760513
[setup in-reg] enable_cycle -> _85865_/D : -117.760513
[setup in-reg] enable_cycle -> _86024_/D : -117.760513
[setup in-reg] enable_cycle -> _86120_/D : -117.760513
[setup in-reg] enable_cycle -> _86488_/D : -117.760513
[setup in-reg] enable_cycle -> _86883_/D : -117.760513
[setup in-reg] enable_cycle -> _87084_/D : -117.760612
[setup in-reg] enable_cycle -> _87582_/D : -117.760612
[setup in-reg] enable_cycle -> _87774_/D : -117.760513
[setup in-reg] enable_cycle -> _88107_/D : -117.760612
[setup in-reg] enable_cycle -> _88269_/D : -117.760513
[setup in-reg] enable_cycle -> _88517_/D : -117.760612
[setup in-reg] enable_cycle -> _88913_/D : -117.760513
[setup in-reg] enable_cycle -> _89408_/D : -117.760513
[setup in-reg] enable_cycle -> _89574_/D : -117.760513
[setup in-reg] enable_cycle -> _89846_/D : -117.760513
[setup in-reg] enable_cycle -> _90080_/D : -117.760513
[setup in-reg] enable_cycle -> _90536_/D : -117.760513
[setup in-reg] enable_cycle -> _90537_/D : -117.760513
[setup in-reg] enable_cycle -> _90607_/D : -117.760513
[setup in-reg] enable_cycle -> _90881_/D : -117.760513
[setup in-reg] enable_cycle -> _91015_/D : -117.760612
[setup in-reg] enable_cycle -> _91155_/D : -117.760513
[setup in-reg] enable_cycle -> _91224_/D : -117.760612
[setup in-reg] enable_cycle -> _91238_/D : -117.760513
[setup in-reg] enable_cycle -> _91242_/D : -117.760513
[setup in-reg] enable_cycle -> _91282_/D : -117.760513
[setup in-reg] enable_cycle -> _91289_/D : -117.760513
[setup in-reg] enable_cycle -> _91401_/D : -117.760513
[setup in-reg] enable_cycle -> _91405_/D : -117.760513
[setup in-reg] enable_cycle -> _91449_/D : -117.760513
[setup in-reg] enable_cycle -> _91453_/D : -117.760513
[setup in-reg] enable_cycle -> _91454_/D : -117.760513
[setup in-reg] enable_cycle -> _87840_/D : -117.760208
[setup in-reg] enable_cycle -> _85599_/D : -117.760010
[setup in-reg] enable_cycle -> _85720_/D : -117.759964
[setup in-reg] enable_cycle -> _85869_/D : -117.759979
[setup in-reg] enable_cycle -> _85927_/D : -117.759979
[setup in-reg] enable_cycle -> _85937_/D : -117.759964
[setup in-reg] enable_cycle -> _86029_/D : -117.760010
[setup in-reg] enable_cycle -> _86031_/D : -117.759964
[setup in-reg] enable_cycle -> _86033_/D : -117.759933
[setup in-reg] enable_cycle -> _86128_/D : -117.759979
[setup in-reg] enable_cycle -> _86130_/D : -117.759949
[setup in-reg] enable_cycle -> _86221_/D : -117.760010
[setup in-reg] enable_cycle -> _86391_/D : -117.759972
[setup in-reg] enable_cycle -> _86399_/D : -117.759979
[setup in-reg] enable_cycle -> _86485_/D : -117.760010
[setup in-reg] enable_cycle -> _86486_/D : -117.759964
[setup in-reg] enable_cycle -> _86492_/D : -117.759979
[setup in-reg] enable_cycle -> _86583_/D : -117.759972
[setup in-reg] enable_cycle -> _86584_/D : -117.759949
[setup in-reg] enable_cycle -> _86586_/D : -117.759933
[setup in-reg] enable_cycle -> _86590_/D : -117.759964
[setup in-reg] enable_cycle -> _86682_/D : -117.759972
[setup in-reg] enable_cycle -> _86786_/D : -117.759933
[setup in-reg] enable_cycle -> _86790_/D : -117.759979
[setup in-reg] enable_cycle -> _86985_/D : -117.759995
[setup in-reg] enable_cycle -> _86988_/D : -117.759941
[setup in-reg] enable_cycle -> _86989_/D : -117.760010
[setup in-reg] enable_cycle -> _87085_/D : -117.759956
[setup in-reg] enable_cycle -> _87088_/D : -117.760010
[setup in-reg] enable_cycle -> _87172_/D : -117.759949
[setup in-reg] enable_cycle -> _87176_/D : -117.759972
[setup in-reg] enable_cycle -> _87178_/D : -117.759941
[setup in-reg] enable_cycle -> _87183_/D : -117.759979
[setup in-reg] enable_cycle -> _87328_/D : -117.760017
[setup in-reg] enable_cycle -> _87583_/D : -117.760017
[setup in-reg] enable_cycle -> _87585_/D : -117.760017
[setup in-reg] enable_cycle -> _87651_/D : -117.760017
[setup in-reg] enable_cycle -> _87654_/D : -117.760017
[setup in-reg] enable_cycle -> _87715_/D : -117.760017
[setup in-reg] enable_cycle -> _87716_/D : -117.760017
[setup in-reg] enable_cycle -> _87842_/D : -117.760017
[setup in-reg] enable_cycle -> _87844_/D : -117.760017
[setup in-reg] enable_cycle -> _87848_/D : -117.760017
[setup in-reg] enable_cycle -> _87910_/D : -117.760017
[setup in-reg] enable_cycle -> _87912_/D : -117.760017
[setup in-reg] enable_cycle -> _87950_/D : -117.760048
[setup in-reg] enable_cycle -> _87952_/D : -117.760017
[setup in-reg] enable_cycle -> _87956_/D : -117.760017
[setup in-reg] enable_cycle -> _88026_/D : -117.759995
[setup in-reg] enable_cycle -> _88027_/D : -117.759972
[setup in-reg] enable_cycle -> _88109_/D : -117.759949
[setup in-reg] enable_cycle -> _88111_/D : -117.759972
[setup in-reg] enable_cycle -> _88188_/D : -117.759972
[setup in-reg] enable_cycle -> _88275_/D : -117.759956
[setup in-reg] enable_cycle -> _88277_/D : -117.759933
[setup in-reg] enable_cycle -> _88352_/D : -117.759941
[setup in-reg] enable_cycle -> _88585_/D : -117.760010
[setup in-reg] enable_cycle -> _88587_/D : -117.760010
[setup in-reg] enable_cycle -> _88588_/D : -117.759979
[setup in-reg] enable_cycle -> _88655_/D : -117.759995
[setup in-reg] enable_cycle -> _85656_/D : -117.759842
[setup in-reg] enable_cycle -> _85661_/D : -117.759842
[setup in-reg] enable_cycle -> _85679_/D : -117.759834
[setup in-reg] enable_cycle -> _85681_/D : -117.759834
[setup in-reg] enable_cycle -> _85713_/D : -117.759941
[setup in-reg] enable_cycle -> _85718_/D : -117.759949
[setup in-reg] enable_cycle -> _88742_/D : -117.759903
[setup in-reg] enable_cycle -> _88828_/D : -117.759964
[setup in-reg] enable_cycle -> _88836_/D : -117.760010
[setup in-reg] enable_cycle -> _88919_/D : -117.759972
[setup in-reg] enable_cycle -> _88997_/D : -117.759933
[setup in-reg] enable_cycle -> _89084_/D : -117.759956
[setup in-reg] enable_cycle -> _89169_/D : -117.759964
[setup in-reg] enable_cycle -> _89174_/D : -117.759979
[setup in-reg] enable_cycle -> _89232_/D : -117.759926
[setup in-reg] enable_cycle -> _89235_/D : -117.759995
[setup in-reg] enable_cycle -> _89236_/D : -117.759995
[setup in-reg] enable_cycle -> _89315_/D : -117.759911
[setup in-reg] enable_cycle -> _89320_/D : -117.759979
[setup in-reg] enable_cycle -> _89410_/D : -117.759926
[setup in-reg] enable_cycle -> _89489_/D : -117.760010
[setup in-reg] enable_cycle -> _89575_/D : -117.759995
[setup in-reg] enable_cycle -> _89586_/D : -117.760010
[setup in-reg] enable_cycle -> _89850_/D : -117.759964
[setup in-reg] enable_cycle -> _89994_/D : -117.759995
[setup in-reg] enable_cycle -> _90181_/D : -117.759949
[setup in-reg] enable_cycle -> _90264_/D : -117.759995
[setup in-reg] enable_cycle -> _90267_/D : -117.759926
[setup in-reg] enable_cycle -> _90272_/D : -117.759956
[setup in-reg] enable_cycle -> _90363_/D : -117.759949
[setup in-reg] enable_cycle -> _90540_/D : -117.759926
[setup in-reg] enable_cycle -> _90541_/D : -117.759979
[setup in-reg] enable_cycle -> _90545_/D : -117.759956
[setup in-reg] enable_cycle -> _90547_/D : -117.759979
[setup in-reg] enable_cycle -> _90612_/D : -117.759979
[setup in-reg] enable_cycle -> _90615_/D : -117.760010
[setup in-reg] enable_cycle -> _90617_/D : -117.760010
[setup in-reg] enable_cycle -> _90694_/D : -117.759933
[setup in-reg] enable_cycle -> _90695_/D : -117.759941
[setup in-reg] enable_cycle -> _90697_/D : -117.759949
[setup in-reg] enable_cycle -> _90702_/D : -117.760010
[setup in-reg] enable_cycle -> _90703_/D : -117.759956
[setup in-reg] enable_cycle -> _90795_/D : -117.759949
[setup in-reg] enable_cycle -> _90885_/D : -117.759964
[setup in-reg] enable_cycle -> _90891_/D : -117.760010
[setup in-reg] enable_cycle -> _91019_/D : -117.760010
[setup in-reg] enable_cycle -> _91022_/D : -117.759964
[setup in-reg] enable_cycle -> _91158_/D : -117.760010
[setup in-reg] enable_cycle -> _91233_/D : -117.759956
[setup in-reg] enable_cycle -> _91239_/D : -117.759972
[setup in-reg] enable_cycle -> _91258_/D : -117.759979
[setup in-reg] enable_cycle -> _91295_/D : -117.759979
[setup in-reg] enable_cycle -> _91350_/D : -117.760010
[setup in-reg] enable_cycle -> _91417_/D : -117.759911
[setup in-reg] enable_cycle -> _91419_/D : -117.759926
[setup in-reg] enable_cycle -> _91420_/D : -117.759964
[setup in-reg] enable_cycle -> _91457_/D : -117.759979
[setup in-reg] enable_cycle -> _91466_/D : -117.759926
[setup in-reg] enable_cycle -> _91517_/D : -117.760010
[setup in-reg] enable_cycle -> _85677_/D : -117.755310
[setup in-reg] enable_cycle -> _87958_/D : -117.749138
[setup in-reg] enable_cycle -> _85812_/D : -117.748940
[setup in-reg] enable_cycle -> _85879_/D : -117.748940
[setup in-reg] enable_cycle -> _86225_/D : -117.748970
[setup in-reg] enable_cycle -> _86592_/D : -117.748947
[setup in-reg] enable_cycle -> _87182_/D : -117.749016
[setup in-reg] enable_cycle -> _86891_/D : -117.748894
[setup in-reg] enable_cycle -> _87908_/D : -117.748993
[setup in-reg] enable_cycle -> _90797_/D : -117.748947
[setup in-reg] enable_cycle -> _89581_/D : -117.747353
[setup in-reg] enable_cycle -> _88435_/D : -117.743034
[setup in-reg] enable_cycle -> _89754_/D : -117.743034
[setup in-reg] enable_cycle -> _90884_/D : -117.743034
[setup in-reg] enable_cycle -> _87321_/D : -117.740326
[setup in-reg] enable_cycle -> _88518_/D : -117.740341
[setup in-reg] enable_cycle -> _88033_/D : -117.723503
[setup in-reg] enable_cycle -> _90365_/D : -117.723511
[setup in-reg] enable_cycle -> _87955_/D : -117.719467
[setup in-reg] enable_cycle -> _89672_/D : -117.719467
[setup in-reg] enable_cycle -> _88443_/D : -117.695877
[setup in-reg] enable_cycle -> _89849_/D : -117.692444
[setup in-reg] enable_cycle -> _91355_/D : -117.692444
[setup in-reg] enable_cycle -> _85809_/D : -117.690773
[setup in-reg] enable_cycle -> _88829_/D : -117.690544
[setup in-reg] enable_cycle -> _86890_/D : -117.690361
[setup in-reg] enable_cycle -> _87656_/D : -117.690361
[setup in-reg] enable_cycle -> _88361_/D : -117.690361
[setup in-reg] enable_cycle -> _90183_/D : -117.690361
[setup in-reg] enable_cycle -> _90544_/D : -117.690361
[setup in-reg] enable_cycle -> _89004_/D : -117.688652
[setup in-reg] enable_cycle -> _87719_/D : -117.687721
[setup in-reg] enable_cycle -> _85706_/D : -117.682404
[setup in-reg] enable_cycle -> _85803_/D : -117.682404
[setup in-reg] enable_cycle -> _86118_/D : -117.682404
[setup in-reg] enable_cycle -> _86215_/D : -117.682404
[setup in-reg] enable_cycle -> _86312_/D : -117.682404
[setup in-reg] enable_cycle -> _86678_/D : -117.682404
[setup in-reg] enable_cycle -> _86778_/D : -117.682404
[setup in-reg] enable_cycle -> _86978_/D : -117.682404
[setup in-reg] enable_cycle -> _87078_/D : -117.682404
[setup in-reg] enable_cycle -> _87314_/D : -117.682404
[setup in-reg] enable_cycle -> _87578_/D : -117.682404
[setup in-reg] enable_cycle -> _87642_/D : -117.682404
[setup in-reg] enable_cycle -> _87706_/D : -117.682404
[setup in-reg] enable_cycle -> _87770_/D : -117.682404
[setup in-reg] enable_cycle -> _87834_/D : -117.682404
[setup in-reg] enable_cycle -> _87898_/D : -117.682404
[setup in-reg] enable_cycle -> _87946_/D : -117.682404
[setup in-reg] enable_cycle -> _88101_/D : -117.682404
[setup in-reg] enable_cycle -> _88265_/D : -117.682404
[setup in-reg] enable_cycle -> _88429_/D : -117.682404
[setup in-reg] enable_cycle -> _88576_/D : -117.682404
[setup in-reg] enable_cycle -> _88737_/D : -117.682404
[setup in-reg] enable_cycle -> _88907_/D : -117.682404
[setup in-reg] enable_cycle -> _89077_/D : -117.682404
[setup in-reg] enable_cycle -> _89229_/D : -117.682404
[setup in-reg] enable_cycle -> _89396_/D : -117.682404
[setup in-reg] enable_cycle -> _89572_/D : -117.682404
[setup in-reg] enable_cycle -> _89748_/D : -117.682404
[setup in-reg] enable_cycle -> _89905_/D : -117.682404
[setup in-reg] enable_cycle -> _90169_/D : -117.682404
[setup in-reg] enable_cycle -> _90260_/D : -117.682404
[setup in-reg] enable_cycle -> _90351_/D : -117.682404
[setup in-reg] enable_cycle -> _90442_/D : -117.682404
[setup in-reg] enable_cycle -> _90604_/D : -117.682404
[setup in-reg] enable_cycle -> _91010_/D : -117.682404
[setup in-reg] enable_cycle -> _91147_/D : -117.682404
[setup in-reg] enable_cycle -> _91342_/D : -117.682404
[setup in-reg] enable_cycle -> _91511_/D : -117.682404
[setup in-reg] enable_cycle -> _85707_/D : -117.682228
[setup in-reg] enable_cycle -> _85867_/D : -117.682228
[setup in-reg] enable_cycle -> _85925_/D : -117.682228
[setup in-reg] enable_cycle -> _86388_/D : -117.682228
[setup in-reg] enable_cycle -> _86479_/D : -117.682228
[setup in-reg] enable_cycle -> _87079_/D : -117.682228
[setup in-reg] enable_cycle -> _87707_/D : -117.682228
[setup in-reg] enable_cycle -> _87947_/D : -117.682228
[setup in-reg] enable_cycle -> _88430_/D : -117.682228
[setup in-reg] enable_cycle -> _88512_/D : -117.682228
[setup in-reg] enable_cycle -> _88908_/D : -117.682228
[setup in-reg] enable_cycle -> _89000_/D : -117.682228
[setup in-reg] enable_cycle -> _89078_/D : -117.682228
[setup in-reg] enable_cycle -> _89163_/D : -117.682228
[setup in-reg] enable_cycle -> _89749_/D : -117.682228
[setup in-reg] enable_cycle -> _89840_/D : -117.682228
[setup in-reg] enable_cycle -> _89906_/D : -117.682228
[setup in-reg] enable_cycle -> _90534_/D : -117.682228
[setup in-reg] enable_cycle -> _90690_/D : -117.682228
[setup in-reg] enable_cycle -> _90786_/D : -117.682228
[setup in-reg] enable_cycle -> _85805_/D : -117.682106
[setup in-reg] enable_cycle -> _86314_/D : -117.682106
[setup in-reg] enable_cycle -> _86481_/D : -117.682106
[setup in-reg] enable_cycle -> _86885_/D : -117.682106
[setup in-reg] enable_cycle -> _86980_/D : -117.682106
[setup in-reg] enable_cycle -> _87708_/D : -117.682106
[setup in-reg] enable_cycle -> _87772_/D : -117.682106
[setup in-reg] enable_cycle -> _88105_/D : -117.682106
[setup in-reg] enable_cycle -> _88195_/D : -117.682106
[setup in-reg] enable_cycle -> _88267_/D : -117.682106
[setup in-reg] enable_cycle -> _88349_/D : -117.682106
[setup in-reg] enable_cycle -> _88998_/D : -117.682106
[setup in-reg] enable_cycle -> _89231_/D : -117.682106
[setup in-reg] enable_cycle -> _89398_/D : -117.682106
[setup in-reg] enable_cycle -> _89491_/D : -117.682106
[setup in-reg] enable_cycle -> _89668_/D : -117.682106
[setup in-reg] enable_cycle -> _89837_/D : -117.682106
[setup in-reg] enable_cycle -> _89838_/D : -117.682106
[setup in-reg] enable_cycle -> _89991_/D : -117.682106
[setup in-reg] enable_cycle -> _90353_/D : -117.682106
[setup in-reg] enable_cycle -> _90358_/D : -117.682106
[setup in-reg] enable_cycle -> _90535_/D : -117.682106
[setup in-reg] enable_cycle -> _90788_/D : -117.682106
[setup in-reg] enable_cycle -> _91012_/D : -117.682106
[setup in-reg] enable_cycle -> _91229_/D : -117.682106
[setup in-reg] enable_cycle -> _91264_/D : -117.682106
[setup in-reg] enable_cycle -> _91344_/D : -117.682106
[setup in-reg] enable_cycle -> _91444_/D : -117.682106
[setup in-reg] enable_cycle -> _91461_/D : -117.682106
[setup in-reg] enable_cycle -> _85588_/D : -117.681763
[setup in-reg] enable_cycle -> _85589_/D : -117.681763
[setup in-reg] enable_cycle -> _85710_/D : -117.681763
[setup in-reg] enable_cycle -> _85926_/D : -117.681763
[setup in-reg] enable_cycle -> _85932_/D : -117.681763
[setup in-reg] enable_cycle -> _86023_/D : -117.681763
[setup in-reg] enable_cycle -> _86027_/D : -117.681763
[setup in-reg] enable_cycle -> _86126_/D : -117.681763
[setup in-reg] enable_cycle -> _86219_/D : -117.681763
[setup in-reg] enable_cycle -> _86223_/D : -117.681763
[setup in-reg] enable_cycle -> _86313_/D : -117.681763
[setup in-reg] enable_cycle -> _86581_/D : -117.681763
[setup in-reg] enable_cycle -> _86679_/D : -117.681763
[setup in-reg] enable_cycle -> _86781_/D : -117.681763
[setup in-reg] enable_cycle -> _86979_/D : -117.681763
[setup in-reg] enable_cycle -> _87174_/D : -117.681763
[setup in-reg] enable_cycle -> _87317_/D : -117.681763
[setup in-reg] enable_cycle -> _87581_/D : -117.681763
[setup in-reg] enable_cycle -> _87643_/D : -117.681763
[setup in-reg] enable_cycle -> _87771_/D : -117.681763
[setup in-reg] enable_cycle -> _87836_/D : -117.681763
[setup in-reg] enable_cycle -> _87899_/D : -117.681763
[setup in-reg] enable_cycle -> _88019_/D : -117.681763
[setup in-reg] enable_cycle -> _88020_/D : -117.681763
[setup in-reg] enable_cycle -> _88021_/D : -117.681763
[setup in-reg] enable_cycle -> _88102_/D : -117.681763
[setup in-reg] enable_cycle -> _88183_/D : -117.681763
[setup in-reg] enable_cycle -> _88184_/D : -117.681763
[setup in-reg] enable_cycle -> _88185_/D : -117.681763
[setup in-reg] enable_cycle -> _88186_/D : -117.681763
[setup in-reg] enable_cycle -> _88266_/D : -117.681763
[setup in-reg] enable_cycle -> _88268_/D : -117.681763
[setup in-reg] enable_cycle -> _88347_/D : -117.681763
[setup in-reg] enable_cycle -> _88348_/D : -117.681763
[setup in-reg] enable_cycle -> _88354_/D : -117.681763
[setup in-reg] enable_cycle -> _88511_/D : -117.681763
[setup in-reg] enable_cycle -> _88578_/D : -117.681763
[setup in-reg] enable_cycle -> _88579_/D : -117.681763
[setup in-reg] enable_cycle -> _88652_/D : -117.681763
[setup in-reg] enable_cycle -> _88739_/D : -117.681763
[setup in-reg] enable_cycle -> _88822_/D : -117.681763
[setup in-reg] enable_cycle -> _88823_/D : -117.681763
[setup in-reg] enable_cycle -> _88834_/D : -117.681763
[setup in-reg] enable_cycle -> _88911_/D : -117.681763
[setup in-reg] enable_cycle -> _88992_/D : -117.681763
[setup in-reg] enable_cycle -> _88994_/D : -117.681763
[setup in-reg] enable_cycle -> _88995_/D : -117.681763
[setup in-reg] enable_cycle -> _89162_/D : -117.681763
[setup in-reg] enable_cycle -> _89164_/D : -117.681763
[setup in-reg] enable_cycle -> _89230_/D : -117.681763
[setup in-reg] enable_cycle -> _89308_/D : -117.681763
[setup in-reg] enable_cycle -> _89312_/D : -117.681763
[setup in-reg] enable_cycle -> _89397_/D : -117.681763
[setup in-reg] enable_cycle -> _89484_/D : -117.681763
[setup in-reg] enable_cycle -> _89490_/D : -117.681763
[setup in-reg] enable_cycle -> _89496_/D : -117.681763
[setup in-reg] enable_cycle -> _89573_/D : -117.681763
[setup in-reg] enable_cycle -> _89660_/D : -117.681763
[setup in-reg] enable_cycle -> _89662_/D : -117.681763
[setup in-reg] enable_cycle -> _89836_/D : -117.681763
[setup in-reg] enable_cycle -> _89908_/D : -117.681763
[setup in-reg] enable_cycle -> _89910_/D : -117.681740
[setup in-reg] enable_cycle -> _89987_/D : -117.681763
[setup in-reg] enable_cycle -> _89999_/D : -117.681763
[setup in-reg] enable_cycle -> _90078_/D : -117.681763
[setup in-reg] enable_cycle -> _90079_/D : -117.681763
[setup in-reg] enable_cycle -> _90081_/D : -117.681763
[setup in-reg] enable_cycle -> _90084_/D : -117.681763
[setup in-reg] enable_cycle -> _90085_/D : -117.681763
[setup in-reg] enable_cycle -> _90170_/D : -117.681763
[setup in-reg] enable_cycle -> _90171_/D : -117.681763
[setup in-reg] enable_cycle -> _90174_/D : -117.681763
[setup in-reg] enable_cycle -> _90263_/D : -117.681763
[setup in-reg] enable_cycle -> _90356_/D : -117.681763
[setup in-reg] enable_cycle -> _90443_/D : -117.681763
[setup in-reg] enable_cycle -> _90606_/D : -117.681763
[setup in-reg] enable_cycle -> _90691_/D : -117.681763
[setup in-reg] enable_cycle -> _90693_/D : -117.681763
[setup in-reg] enable_cycle -> _90787_/D : -117.681763
[setup in-reg] enable_cycle -> _90877_/D : -117.681763
[setup in-reg] enable_cycle -> _90880_/D : -117.681763
[setup in-reg] enable_cycle -> _91014_/D : -117.681763
[setup in-reg] enable_cycle -> _91152_/D : -117.681763
[setup in-reg] enable_cycle -> _91256_/D : -117.681763
[setup in-reg] enable_cycle -> _91260_/D : -117.681763
[setup in-reg] enable_cycle -> _91413_/D : -117.681763
[setup in-reg] enable_cycle -> _91447_/D : -117.681763
[setup in-reg] enable_cycle -> _91516_/D : -117.681763
[setup in-reg] enable_cycle -> _91521_/D : -117.681740
[setup in-reg] enable_cycle -> _88189_/D : -117.681595
[setup in-reg] enable_cycle -> _89168_/D : -117.681595
[setup in-reg] enable_cycle -> _89314_/D : -117.681595
[setup in-reg] enable_cycle -> _85592_/D : -117.681328
[setup in-reg] enable_cycle -> _85595_/D : -117.681282
[setup in-reg] enable_cycle -> _85709_/D : -117.681328
[setup in-reg] enable_cycle -> _86484_/D : -117.681282
[setup in-reg] enable_cycle -> _87081_/D : -117.681328
[setup in-reg] enable_cycle -> _87949_/D : -117.681328
[setup in-reg] enable_cycle -> _88104_/D : -117.681328
[setup in-reg] enable_cycle -> _88514_/D : -117.681328
[setup in-reg] enable_cycle -> _88515_/D : -117.681282
[setup in-reg] enable_cycle -> _89166_/D : -117.681282
[setup in-reg] enable_cycle -> _90609_/D : -117.681282
[setup in-reg] enable_cycle -> _86480_/D : -117.681068
[setup in-reg] enable_cycle -> _86880_/D : -117.681068
[setup in-reg] enable_cycle -> _88023_/D : -117.681068
[setup in-reg] enable_cycle -> _88351_/D : -117.681068
[setup in-reg] enable_cycle -> _88912_/D : -117.681068
[setup in-reg] enable_cycle -> _89083_/D : -117.681068
[setup in-reg] enable_cycle -> _85593_/D : -117.680458
[setup in-reg] enable_cycle -> _85716_/D : -117.680458
[setup in-reg] enable_cycle -> _90543_/D : -117.680458
[setup in-reg] enable_cycle -> _91408_/D : -117.680458
[setup in-reg] enable_cycle -> _86394_/D : -117.680252
[setup in-reg] enable_cycle -> _87082_/D : -117.680237
[setup in-reg] enable_cycle -> _88187_/D : -117.680237
[setup in-reg] enable_cycle -> _89399_/D : -117.680237
[setup in-reg] enable_cycle -> _90879_/D : -117.680237
[setup in-reg] enable_cycle -> _91151_/D : -117.680260
[setup in-reg] enable_cycle -> _91269_/D : -117.680237
[setup in-reg] enable_cycle -> _86229_/D : -117.666748
[setup in-reg] enable_cycle -> _91356_/D : -117.660721
[setup in-reg] enable_cycle -> _85602_/D : -117.659889
[setup in-reg] enable_cycle -> _88359_/D : -117.659889
[setup in-reg] enable_cycle -> _88666_/D : -117.659889
[setup in-reg] enable_cycle -> _90274_/D : -117.659889
[setup in-reg] enable_cycle -> _91463_/D : -117.659889
[setup in-reg] enable_cycle -> _91464_/D : -117.622032
[setup in-reg] enable_cycle -> _86318_/D : -117.621124
[setup in-reg] enable_cycle -> _87089_/D : -117.621124
[setup in-reg] enable_cycle -> _87319_/D : -117.621124
[setup in-reg] enable_cycle -> _87902_/D : -117.621124
[setup in-reg] enable_cycle -> _89995_/D : -117.621124
[setup in-reg] enable_cycle -> _88523_/D : -117.618790
[setup in-reg] enable_cycle -> _85862_/D : -117.592743
[setup in-reg] enable_cycle -> _86322_/D : -117.592766
[setup in-reg] enable_cycle -> _87090_/D : -117.592758
[setup in-reg] enable_cycle -> _87905_/D : -117.592751
[setup in-reg] enable_cycle -> _88656_/D : -117.592758
[setup in-reg] enable_cycle -> _90355_/D : -117.592758
[setup in-reg] enable_cycle -> _90454_/D : -117.525063
[setup in-reg] enable_cycle -> _91296_/D : -117.524849
[setup in-reg] enable_cycle -> _86396_/D : -117.524567
[setup in-reg] enable_cycle -> _90000_/D : -117.524239
[setup in-reg] enable_cycle -> _88114_/D : -117.485649
[setup in-reg] enable_cycle -> _91300_/D : -117.429031
[setup in-reg] enable_cycle -> _88106_/D : -117.425346
[setup in-reg] enable_cycle -> _85625_/D : -81.341454
[setup in-reg] enable_cycle -> _85626_/D : -81.341454
[setup in-reg] enable_cycle -> _85627_/D : -81.341454
[setup in-reg] enable_cycle -> _85628_/D : -81.341454
[setup in-reg] enable_cycle -> _85629_/D : -81.341454
[setup in-reg] enable_cycle -> _85630_/D : -81.341454
[setup in-reg] enable_cycle -> _85631_/D : -81.341454
[setup in-reg] enable_cycle -> _85632_/D : -81.341454
[setup in-reg] enable_cycle -> _85744_/D : -81.341454
[setup in-reg] enable_cycle -> _85745_/D : -81.341454
[setup in-reg] enable_cycle -> _85746_/D : -81.341454
[setup in-reg] enable_cycle -> _85747_/D : -81.341454
[setup in-reg] enable_cycle -> _85748_/D : -81.341454
[setup in-reg] enable_cycle -> _85749_/D : -81.341454
[setup in-reg] enable_cycle -> _85750_/D : -81.341454
[setup in-reg] enable_cycle -> _85751_/D : -81.341454
[setup in-reg] enable_cycle -> _85841_/D : -81.341454
[setup in-reg] enable_cycle -> _85842_/D : -81.341454
[setup in-reg] enable_cycle -> _85843_/D : -81.341454
[setup in-reg] enable_cycle -> _85844_/D : -81.341454
[setup in-reg] enable_cycle -> _85845_/D : -81.341454
[setup in-reg] enable_cycle -> _85846_/D : -81.341454
[setup in-reg] enable_cycle -> _85847_/D : -81.341454
[setup in-reg] enable_cycle -> _85848_/D : -81.341454
[setup in-reg] enable_cycle -> _85962_/D : -81.341454
[setup in-reg] enable_cycle -> _85963_/D : -81.341454
[setup in-reg] enable_cycle -> _85964_/D : -81.341454
[setup in-reg] enable_cycle -> _85965_/D : -81.341454
[setup in-reg] enable_cycle -> _85966_/D : -81.341454
[setup in-reg] enable_cycle -> _85967_/D : -81.341454
[setup in-reg] enable_cycle -> _85968_/D : -81.341454
[setup in-reg] enable_cycle -> _85969_/D : -81.341454
[setup in-reg] enable_cycle -> _86059_/D : -81.341454
[setup in-reg] enable_cycle -> _86060_/D : -81.341454
[setup in-reg] enable_cycle -> _86061_/D : -81.341454
[setup in-reg] enable_cycle -> _86062_/D : -81.341454
[setup in-reg] enable_cycle -> _86063_/D : -81.341454
[setup in-reg] enable_cycle -> _86064_/D : -81.341454
[setup in-reg] enable_cycle -> _86065_/D : -81.341454
[setup in-reg] enable_cycle -> _86066_/D : -81.341454
[setup in-reg] enable_cycle -> _86156_/D : -81.341454
[setup in-reg] enable_cycle -> _86157_/D : -81.341454
[setup in-reg] enable_cycle -> _86158_/D : -81.341454
[setup in-reg] enable_cycle -> _86159_/D : -81.341454
[setup in-reg] enable_cycle -> _86160_/D : -81.341454
[setup in-reg] enable_cycle -> _86161_/D : -81.341454
[setup in-reg] enable_cycle -> _86162_/D : -81.341454
[setup in-reg] enable_cycle -> _86163_/D : -81.341454
[setup in-reg] enable_cycle -> _86253_/D : -81.341454
[setup in-reg] enable_cycle -> _86254_/D : -81.341454
[setup in-reg] enable_cycle -> _86255_/D : -81.341454
[setup in-reg] enable_cycle -> _86256_/D : -81.341454
[setup in-reg] enable_cycle -> _86257_/D : -81.341454
[setup in-reg] enable_cycle -> _86258_/D : -81.341454
[setup in-reg] enable_cycle -> _86259_/D : -81.341454
[setup in-reg] enable_cycle -> _86260_/D : -81.341454
[setup in-reg] enable_cycle -> _86350_/D : -81.341454
[setup in-reg] enable_cycle -> _86351_/D : -81.341454
[setup in-reg] enable_cycle -> _86352_/D : -81.341454
[setup in-reg] enable_cycle -> _86353_/D : -81.341454
[setup in-reg] enable_cycle -> _86354_/D : -81.341454
[setup in-reg] enable_cycle -> _86355_/D : -81.341454
[setup in-reg] enable_cycle -> _86356_/D : -81.341454
[setup in-reg] enable_cycle -> _86357_/D : -81.341454
[setup in-reg] enable_cycle -> _86425_/D : -81.341454
[setup in-reg] enable_cycle -> _86426_/D : -81.341454
[setup in-reg] enable_cycle -> _86427_/D : -81.341454
[setup in-reg] enable_cycle -> _86428_/D : -81.341454
[setup in-reg] enable_cycle -> _86429_/D : -81.341454
[setup in-reg] enable_cycle -> _86430_/D : -81.341454
[setup in-reg] enable_cycle -> _86431_/D : -81.341454
[setup in-reg] enable_cycle -> _86432_/D : -81.341454
[setup in-reg] enable_cycle -> _86517_/D : -81.341454
[setup in-reg] enable_cycle -> _86518_/D : -81.341454
[setup in-reg] enable_cycle -> _86519_/D : -81.341454
[setup in-reg] enable_cycle -> _86520_/D : -81.341454
[setup in-reg] enable_cycle -> _86521_/D : -81.341454
[setup in-reg] enable_cycle -> _86522_/D : -81.341454
[setup in-reg] enable_cycle -> _86523_/D : -81.341454
[setup in-reg] enable_cycle -> _86524_/D : -81.341454
[setup in-reg] enable_cycle -> _86617_/D : -81.341454
[setup in-reg] enable_cycle -> _86618_/D : -81.341454
[setup in-reg] enable_cycle -> _86619_/D : -81.341454
[setup in-reg] enable_cycle -> _86620_/D : -81.341454
[setup in-reg] enable_cycle -> _86621_/D : -81.341454
[setup in-reg] enable_cycle -> _86622_/D : -81.341454
[setup in-reg] enable_cycle -> _86623_/D : -81.341454
[setup in-reg] enable_cycle -> _86624_/D : -81.341454
[setup in-reg] enable_cycle -> _86717_/D : -81.341454
[setup in-reg] enable_cycle -> _86718_/D : -81.341454
[setup in-reg] enable_cycle -> _86719_/D : -81.341454
[setup in-reg] enable_cycle -> _86720_/D : -81.341454
[setup in-reg] enable_cycle -> _86721_/D : -81.341454
[setup in-reg] enable_cycle -> _86722_/D : -81.341454
[setup in-reg] enable_cycle -> _86723_/D : -81.341454
[setup in-reg] enable_cycle -> _86724_/D : -81.341454
[setup in-reg] enable_cycle -> _86817_/D : -81.341454
[setup in-reg] enable_cycle -> _86818_/D : -81.341454
[setup in-reg] enable_cycle -> _86819_/D : -81.341454
[setup in-reg] enable_cycle -> _86820_/D : -81.341454
[setup in-reg] enable_cycle -> _86821_/D : -81.341454
[setup in-reg] enable_cycle -> _86822_/D : -81.341454
[setup in-reg] enable_cycle -> _86823_/D : -81.341454
[setup in-reg] enable_cycle -> _86824_/D : -81.341454
[setup in-reg] enable_cycle -> _86917_/D : -81.341454
[setup in-reg] enable_cycle -> _86918_/D : -81.341454
[setup in-reg] enable_cycle -> _86919_/D : -81.341454
[setup in-reg] enable_cycle -> _86920_/D : -81.341454
[setup in-reg] enable_cycle -> _86921_/D : -81.341454
[setup in-reg] enable_cycle -> _86922_/D : -81.341454
[setup in-reg] enable_cycle -> _86923_/D : -81.341454
[setup in-reg] enable_cycle -> _86924_/D : -81.341454
[setup in-reg] enable_cycle -> _87017_/D : -81.341454
[setup in-reg] enable_cycle -> _87018_/D : -81.341454
[setup in-reg] enable_cycle -> _87019_/D : -81.341454
[setup in-reg] enable_cycle -> _87020_/D : -81.341454
[setup in-reg] enable_cycle -> _87021_/D : -81.341454
[setup in-reg] enable_cycle -> _87022_/D : -81.341454
[setup in-reg] enable_cycle -> _87023_/D : -81.341454
[setup in-reg] enable_cycle -> _87024_/D : -81.341454
[setup in-reg] enable_cycle -> _87117_/D : -81.341454
[setup in-reg] enable_cycle -> _87118_/D : -81.341454
[setup in-reg] enable_cycle -> _87119_/D : -81.341454
[setup in-reg] enable_cycle -> _87120_/D : -81.341454
[setup in-reg] enable_cycle -> _87121_/D : -81.341454
[setup in-reg] enable_cycle -> _87122_/D : -81.341454
[setup in-reg] enable_cycle -> _87123_/D : -81.341454
[setup in-reg] enable_cycle -> _87124_/D : -81.341454
[setup in-reg] enable_cycle -> _87210_/D : -81.341454
[setup in-reg] enable_cycle -> _87211_/D : -81.341454
[setup in-reg] enable_cycle -> _87212_/D : -81.341454
[setup in-reg] enable_cycle -> _87213_/D : -81.341454
[setup in-reg] enable_cycle -> _87214_/D : -81.341454
[setup in-reg] enable_cycle -> _87215_/D : -81.341454
[setup in-reg] enable_cycle -> _87216_/D : -81.341454
[setup in-reg] enable_cycle -> _87217_/D : -81.341454
[setup in-reg] enable_cycle -> _87266_/D : -81.341454
[setup in-reg] enable_cycle -> _87267_/D : -81.341454
[setup in-reg] enable_cycle -> _87268_/D : -81.341454
[setup in-reg] enable_cycle -> _87269_/D : -81.341454
[setup in-reg] enable_cycle -> _87270_/D : -81.341454
[setup in-reg] enable_cycle -> _87271_/D : -81.341454
[setup in-reg] enable_cycle -> _87272_/D : -81.341454
[setup in-reg] enable_cycle -> _87273_/D : -81.341454
[setup in-reg] enable_cycle -> _87610_/D : -81.341454
[setup in-reg] enable_cycle -> _87611_/D : -81.341454
[setup in-reg] enable_cycle -> _87612_/D : -81.341454
[setup in-reg] enable_cycle -> _87613_/D : -81.341454
[setup in-reg] enable_cycle -> _87614_/D : -81.341454
[setup in-reg] enable_cycle -> _87615_/D : -81.341454
[setup in-reg] enable_cycle -> _87616_/D : -81.341454
[setup in-reg] enable_cycle -> _87617_/D : -81.341454
[setup in-reg] enable_cycle -> _87674_/D : -81.341454
[setup in-reg] enable_cycle -> _87675_/D : -81.341454
[setup in-reg] enable_cycle -> _87676_/D : -81.341454
[setup in-reg] enable_cycle -> _87677_/D : -81.341454
[setup in-reg] enable_cycle -> _87678_/D : -81.341454
[setup in-reg] enable_cycle -> _87679_/D : -81.341454
[setup in-reg] enable_cycle -> _87680_/D : -81.341454
[setup in-reg] enable_cycle -> _87681_/D : -81.341454
[setup in-reg] enable_cycle -> _87738_/D : -81.341454
[setup in-reg] enable_cycle -> _87739_/D : -81.341454
[setup in-reg] enable_cycle -> _87740_/D : -81.341454
[setup in-reg] enable_cycle -> _87741_/D : -81.341454
[setup in-reg] enable_cycle -> _87742_/D : -81.341454
[setup in-reg] enable_cycle -> _87743_/D : -81.341454
[setup in-reg] enable_cycle -> _87744_/D : -81.341454
[setup in-reg] enable_cycle -> _87745_/D : -81.341454
[setup in-reg] enable_cycle -> _87802_/D : -81.341454
[setup in-reg] enable_cycle -> _87803_/D : -81.341454
[setup in-reg] enable_cycle -> _87804_/D : -81.341454
[setup in-reg] enable_cycle -> _87805_/D : -81.341454
[setup in-reg] enable_cycle -> _87806_/D : -81.341454
[setup in-reg] enable_cycle -> _87807_/D : -81.341454
[setup in-reg] enable_cycle -> _87808_/D : -81.341454
[setup in-reg] enable_cycle -> _87809_/D : -81.341454
[setup in-reg] enable_cycle -> _87866_/D : -81.341454
[setup in-reg] enable_cycle -> _87867_/D : -81.341454
[setup in-reg] enable_cycle -> _87868_/D : -81.341454
[setup in-reg] enable_cycle -> _87869_/D : -81.341454
[setup in-reg] enable_cycle -> _87870_/D : -81.341454
[setup in-reg] enable_cycle -> _87871_/D : -81.341454
[setup in-reg] enable_cycle -> _87872_/D : -81.341454
[setup in-reg] enable_cycle -> _87873_/D : -81.341454
[setup in-reg] enable_cycle -> _87930_/D : -81.341454
[setup in-reg] enable_cycle -> _87931_/D : -81.341454
[setup in-reg] enable_cycle -> _87932_/D : -81.341454
[setup in-reg] enable_cycle -> _87933_/D : -81.341454
[setup in-reg] enable_cycle -> _87934_/D : -81.341454
[setup in-reg] enable_cycle -> _87935_/D : -81.341454
[setup in-reg] enable_cycle -> _87936_/D : -81.341454
[setup in-reg] enable_cycle -> _87937_/D : -81.341454
[setup in-reg] enable_cycle -> _87978_/D : -81.341454
[setup in-reg] enable_cycle -> _87979_/D : -81.341454
[setup in-reg] enable_cycle -> _87980_/D : -81.341454
[setup in-reg] enable_cycle -> _87981_/D : -81.341454
[setup in-reg] enable_cycle -> _87982_/D : -81.341454
[setup in-reg] enable_cycle -> _87983_/D : -81.341454
[setup in-reg] enable_cycle -> _87984_/D : -81.341454
[setup in-reg] enable_cycle -> _87985_/D : -81.341454
[setup in-reg] enable_cycle -> _88052_/D : -81.341454
[setup in-reg] enable_cycle -> _88053_/D : -81.341454
[setup in-reg] enable_cycle -> _88054_/D : -81.341454
[setup in-reg] enable_cycle -> _88055_/D : -81.341454
[setup in-reg] enable_cycle -> _88056_/D : -81.341454
[setup in-reg] enable_cycle -> _88057_/D : -81.341454
[setup in-reg] enable_cycle -> _88058_/D : -81.341454
[setup in-reg] enable_cycle -> _88059_/D : -81.341454
[setup in-reg] enable_cycle -> _88134_/D : -81.341454
[setup in-reg] enable_cycle -> _88135_/D : -81.341454
[setup in-reg] enable_cycle -> _88136_/D : -81.341454
[setup in-reg] enable_cycle -> _88137_/D : -81.341454
[setup in-reg] enable_cycle -> _88138_/D : -81.341454
[setup in-reg] enable_cycle -> _88139_/D : -81.341454
[setup in-reg] enable_cycle -> _88140_/D : -81.341454
[setup in-reg] enable_cycle -> _88141_/D : -81.341454
[setup in-reg] enable_cycle -> _88216_/D : -81.341454
[setup in-reg] enable_cycle -> _88217_/D : -81.341454
[setup in-reg] enable_cycle -> _88218_/D : -81.341454
[setup in-reg] enable_cycle -> _88219_/D : -81.341454
[setup in-reg] enable_cycle -> _88220_/D : -81.341454
[setup in-reg] enable_cycle -> _88221_/D : -81.341454
[setup in-reg] enable_cycle -> _88222_/D : -81.341454
[setup in-reg] enable_cycle -> _88223_/D : -81.341454
[setup in-reg] enable_cycle -> _88298_/D : -81.341454
[setup in-reg] enable_cycle -> _88299_/D : -81.341454
[setup in-reg] enable_cycle -> _88300_/D : -81.341454
[setup in-reg] enable_cycle -> _88301_/D : -81.341454
[setup in-reg] enable_cycle -> _88302_/D : -81.341454
[setup in-reg] enable_cycle -> _88303_/D : -81.341454
[setup in-reg] enable_cycle -> _88304_/D : -81.341454
[setup in-reg] enable_cycle -> _88305_/D : -81.341454
[setup in-reg] enable_cycle -> _88380_/D : -81.341454
[setup in-reg] enable_cycle -> _88381_/D : -81.341454
[setup in-reg] enable_cycle -> _88382_/D : -81.341454
[setup in-reg] enable_cycle -> _88383_/D : -81.341454
[setup in-reg] enable_cycle -> _88384_/D : -81.341454
[setup in-reg] enable_cycle -> _88385_/D : -81.341454
[setup in-reg] enable_cycle -> _88386_/D : -81.341454
[setup in-reg] enable_cycle -> _88387_/D : -81.341454
[setup in-reg] enable_cycle -> _88462_/D : -81.341454
[setup in-reg] enable_cycle -> _88463_/D : -81.341454
[setup in-reg] enable_cycle -> _88464_/D : -81.341454
[setup in-reg] enable_cycle -> _88465_/D : -81.341454
[setup in-reg] enable_cycle -> _88466_/D : -81.341454
[setup in-reg] enable_cycle -> _88467_/D : -81.341454
[setup in-reg] enable_cycle -> _88468_/D : -81.341454
[setup in-reg] enable_cycle -> _88469_/D : -81.341454
[setup in-reg] enable_cycle -> _88544_/D : -81.341454
[setup in-reg] enable_cycle -> _88545_/D : -81.341454
[setup in-reg] enable_cycle -> _88546_/D : -81.341454
[setup in-reg] enable_cycle -> _88547_/D : -81.341454
[setup in-reg] enable_cycle -> _88548_/D : -81.341454
[setup in-reg] enable_cycle -> _88549_/D : -81.341454
[setup in-reg] enable_cycle -> _88550_/D : -81.341454
[setup in-reg] enable_cycle -> _88551_/D : -81.341454
[setup in-reg] enable_cycle -> _88609_/D : -81.341454
[setup in-reg] enable_cycle -> _88610_/D : -81.341454
[setup in-reg] enable_cycle -> _88611_/D : -81.341454
[setup in-reg] enable_cycle -> _88612_/D : -81.341454
[setup in-reg] enable_cycle -> _88613_/D : -81.341454
[setup in-reg] enable_cycle -> _88614_/D : -81.341454
[setup in-reg] enable_cycle -> _88615_/D : -81.341454
[setup in-reg] enable_cycle -> _88616_/D : -81.341454
[setup in-reg] enable_cycle -> _88686_/D : -81.341454
[setup in-reg] enable_cycle -> _88687_/D : -81.341454
[setup in-reg] enable_cycle -> _88688_/D : -81.341454
[setup in-reg] enable_cycle -> _88689_/D : -81.341454
[setup in-reg] enable_cycle -> _88690_/D : -81.341454
[setup in-reg] enable_cycle -> _88691_/D : -81.341454
[setup in-reg] enable_cycle -> _88692_/D : -81.341454
[setup in-reg] enable_cycle -> _88693_/D : -81.341454
[setup in-reg] enable_cycle -> _88771_/D : -81.341454
[setup in-reg] enable_cycle -> _88772_/D : -81.341454
[setup in-reg] enable_cycle -> _88773_/D : -81.341454
[setup in-reg] enable_cycle -> _88774_/D : -81.341454
[setup in-reg] enable_cycle -> _88775_/D : -81.341454
[setup in-reg] enable_cycle -> _88776_/D : -81.341454
[setup in-reg] enable_cycle -> _88777_/D : -81.341454
[setup in-reg] enable_cycle -> _88778_/D : -81.341454
[setup in-reg] enable_cycle -> _88856_/D : -81.341454
[setup in-reg] enable_cycle -> _88857_/D : -81.341454
[setup in-reg] enable_cycle -> _88858_/D : -81.341454
[setup in-reg] enable_cycle -> _88859_/D : -81.341454
[setup in-reg] enable_cycle -> _88860_/D : -81.341454
[setup in-reg] enable_cycle -> _88861_/D : -81.341454
[setup in-reg] enable_cycle -> _88862_/D : -81.341454
[setup in-reg] enable_cycle -> _88863_/D : -81.341454
[setup in-reg] enable_cycle -> _88941_/D : -81.341454
[setup in-reg] enable_cycle -> _88942_/D : -81.341454
[setup in-reg] enable_cycle -> _88943_/D : -81.341454
[setup in-reg] enable_cycle -> _88944_/D : -81.341454
[setup in-reg] enable_cycle -> _88945_/D : -81.341454
[setup in-reg] enable_cycle -> _88946_/D : -81.341454
[setup in-reg] enable_cycle -> _88947_/D : -81.341454
[setup in-reg] enable_cycle -> _88948_/D : -81.341454
[setup in-reg] enable_cycle -> _89026_/D : -81.341454
[setup in-reg] enable_cycle -> _89027_/D : -81.341454
[setup in-reg] enable_cycle -> _89028_/D : -81.341454
[setup in-reg] enable_cycle -> _89029_/D : -81.341454
[setup in-reg] enable_cycle -> _89030_/D : -81.341454
[setup in-reg] enable_cycle -> _89031_/D : -81.341454
[setup in-reg] enable_cycle -> _89032_/D : -81.341454
[setup in-reg] enable_cycle -> _89033_/D : -81.341454
[setup in-reg] enable_cycle -> _89111_/D : -81.341454
[setup in-reg] enable_cycle -> _89112_/D : -81.341454
[setup in-reg] enable_cycle -> _89113_/D : -81.341454
[setup in-reg] enable_cycle -> _89114_/D : -81.341454
[setup in-reg] enable_cycle -> _89115_/D : -81.341454
[setup in-reg] enable_cycle -> _89116_/D : -81.341454
[setup in-reg] enable_cycle -> _89117_/D : -81.341454
[setup in-reg] enable_cycle -> _89118_/D : -81.341454
[setup in-reg] enable_cycle -> _89196_/D : -81.341454
[setup in-reg] enable_cycle -> _89197_/D : -81.341454
[setup in-reg] enable_cycle -> _89198_/D : -81.341454
[setup in-reg] enable_cycle -> _89199_/D : -81.341454
[setup in-reg] enable_cycle -> _89200_/D : -81.341454
[setup in-reg] enable_cycle -> _89201_/D : -81.341454
[setup in-reg] enable_cycle -> _89202_/D : -81.341454
[setup in-reg] enable_cycle -> _89203_/D : -81.341454
[setup in-reg] enable_cycle -> _89263_/D : -81.341454
[setup in-reg] enable_cycle -> _89264_/D : -81.341454
[setup in-reg] enable_cycle -> _89265_/D : -81.341454
[setup in-reg] enable_cycle -> _89266_/D : -81.341454
[setup in-reg] enable_cycle -> _89267_/D : -81.341454
[setup in-reg] enable_cycle -> _89268_/D : -81.341454
[setup in-reg] enable_cycle -> _89269_/D : -81.341454
[setup in-reg] enable_cycle -> _89270_/D : -81.341454
[setup in-reg] enable_cycle -> _89343_/D : -81.341454
[setup in-reg] enable_cycle -> _89344_/D : -81.341454
[setup in-reg] enable_cycle -> _89345_/D : -81.341454
[setup in-reg] enable_cycle -> _89346_/D : -81.341454
[setup in-reg] enable_cycle -> _89347_/D : -81.341454
[setup in-reg] enable_cycle -> _89348_/D : -81.341454
[setup in-reg] enable_cycle -> _89349_/D : -81.341454
[setup in-reg] enable_cycle -> _89350_/D : -81.341454
[setup in-reg] enable_cycle -> _89431_/D : -81.341454
[setup in-reg] enable_cycle -> _89432_/D : -81.341454
[setup in-reg] enable_cycle -> _89433_/D : -81.341454
[setup in-reg] enable_cycle -> _89434_/D : -81.341454
[setup in-reg] enable_cycle -> _89435_/D : -81.341454
[setup in-reg] enable_cycle -> _89436_/D : -81.341454
[setup in-reg] enable_cycle -> _89437_/D : -81.341454
[setup in-reg] enable_cycle -> _89438_/D : -81.341454
[setup in-reg] enable_cycle -> _89519_/D : -81.341454
[setup in-reg] enable_cycle -> _89520_/D : -81.341454
[setup in-reg] enable_cycle -> _89521_/D : -81.341454
[setup in-reg] enable_cycle -> _89522_/D : -81.341454
[setup in-reg] enable_cycle -> _89523_/D : -81.341454
[setup in-reg] enable_cycle -> _89524_/D : -81.341454
[setup in-reg] enable_cycle -> _89525_/D : -81.341454
[setup in-reg] enable_cycle -> _89526_/D : -81.341454
[setup in-reg] enable_cycle -> _89607_/D : -81.341454
[setup in-reg] enable_cycle -> _89608_/D : -81.341454
[setup in-reg] enable_cycle -> _89609_/D : -81.341454
[setup in-reg] enable_cycle -> _89610_/D : -81.341454
[setup in-reg] enable_cycle -> _89611_/D : -81.341454
[setup in-reg] enable_cycle -> _89612_/D : -81.341454
[setup in-reg] enable_cycle -> _89613_/D : -81.341454
[setup in-reg] enable_cycle -> _89614_/D : -81.341454
[setup in-reg] enable_cycle -> _89695_/D : -81.341454
[setup in-reg] enable_cycle -> _89696_/D : -81.341454
[setup in-reg] enable_cycle -> _89697_/D : -81.341454
[setup in-reg] enable_cycle -> _89698_/D : -81.341454
[setup in-reg] enable_cycle -> _89699_/D : -81.341454
[setup in-reg] enable_cycle -> _89700_/D : -81.341454
[setup in-reg] enable_cycle -> _89701_/D : -81.341454
[setup in-reg] enable_cycle -> _89702_/D : -81.341454
[setup in-reg] enable_cycle -> _89783_/D : -81.341454
[setup in-reg] enable_cycle -> _89784_/D : -81.341454
[setup in-reg] enable_cycle -> _89785_/D : -81.341454
[setup in-reg] enable_cycle -> _89786_/D : -81.341454
[setup in-reg] enable_cycle -> _89787_/D : -81.341454
[setup in-reg] enable_cycle -> _89788_/D : -81.341454
[setup in-reg] enable_cycle -> _89789_/D : -81.341454
[setup in-reg] enable_cycle -> _89790_/D : -81.341454
[setup in-reg] enable_cycle -> _89871_/D : -81.341454
[setup in-reg] enable_cycle -> _89872_/D : -81.341454
[setup in-reg] enable_cycle -> _89873_/D : -81.341454
[setup in-reg] enable_cycle -> _89874_/D : -81.341454
[setup in-reg] enable_cycle -> _89875_/D : -81.341454
[setup in-reg] enable_cycle -> _89876_/D : -81.341454
[setup in-reg] enable_cycle -> _89877_/D : -81.341454
[setup in-reg] enable_cycle -> _89878_/D : -81.341454
[setup in-reg] enable_cycle -> _89940_/D : -81.341454
[setup in-reg] enable_cycle -> _89941_/D : -81.341454
[setup in-reg] enable_cycle -> _89942_/D : -81.341454
[setup in-reg] enable_cycle -> _89943_/D : -81.341454
[setup in-reg] enable_cycle -> _89944_/D : -81.341454
[setup in-reg] enable_cycle -> _89945_/D : -81.341454
[setup in-reg] enable_cycle -> _89946_/D : -81.341454
[setup in-reg] enable_cycle -> _89947_/D : -81.341454
[setup in-reg] enable_cycle -> _90023_/D : -81.341454
[setup in-reg] enable_cycle -> _90024_/D : -81.341454
[setup in-reg] enable_cycle -> _90025_/D : -81.341454
[setup in-reg] enable_cycle -> _90026_/D : -81.341454
[setup in-reg] enable_cycle -> _90027_/D : -81.341454
[setup in-reg] enable_cycle -> _90028_/D : -81.341454
[setup in-reg] enable_cycle -> _90029_/D : -81.341454
[setup in-reg] enable_cycle -> _90030_/D : -81.341454
[setup in-reg] enable_cycle -> _90114_/D : -81.341454
[setup in-reg] enable_cycle -> _90115_/D : -81.341454
[setup in-reg] enable_cycle -> _90116_/D : -81.341454
[setup in-reg] enable_cycle -> _90117_/D : -81.341454
[setup in-reg] enable_cycle -> _90118_/D : -81.341454
[setup in-reg] enable_cycle -> _90119_/D : -81.341454
[setup in-reg] enable_cycle -> _90120_/D : -81.341454
[setup in-reg] enable_cycle -> _90121_/D : -81.341454
[setup in-reg] enable_cycle -> _90205_/D : -81.341454
[setup in-reg] enable_cycle -> _90206_/D : -81.341454
[setup in-reg] enable_cycle -> _90207_/D : -81.341454
[setup in-reg] enable_cycle -> _90208_/D : -81.341454
[setup in-reg] enable_cycle -> _90209_/D : -81.341454
[setup in-reg] enable_cycle -> _90210_/D : -81.341454
[setup in-reg] enable_cycle -> _90211_/D : -81.341454
[setup in-reg] enable_cycle -> _90212_/D : -81.341454
[setup in-reg] enable_cycle -> _90296_/D : -81.341454
[setup in-reg] enable_cycle -> _90297_/D : -81.341454
[setup in-reg] enable_cycle -> _90298_/D : -81.341454
[setup in-reg] enable_cycle -> _90299_/D : -81.341454
[setup in-reg] enable_cycle -> _90300_/D : -81.341454
[setup in-reg] enable_cycle -> _90301_/D : -81.341454
[setup in-reg] enable_cycle -> _90302_/D : -81.341454
[setup in-reg] enable_cycle -> _90303_/D : -81.341454
[setup in-reg] enable_cycle -> _90387_/D : -81.341454
[setup in-reg] enable_cycle -> _90388_/D : -81.341454
[setup in-reg] enable_cycle -> _90389_/D : -81.341454
[setup in-reg] enable_cycle -> _90390_/D : -81.341454
[setup in-reg] enable_cycle -> _90391_/D : -81.341454
[setup in-reg] enable_cycle -> _90392_/D : -81.341454
[setup in-reg] enable_cycle -> _90393_/D : -81.341454
[setup in-reg] enable_cycle -> _90394_/D : -81.341454
[setup in-reg] enable_cycle -> _90478_/D : -81.341454
[setup in-reg] enable_cycle -> _90479_/D : -81.341454
[setup in-reg] enable_cycle -> _90480_/D : -81.341454
[setup in-reg] enable_cycle -> _90481_/D : -81.341454
[setup in-reg] enable_cycle -> _90482_/D : -81.341454
[setup in-reg] enable_cycle -> _90483_/D : -81.341454
[setup in-reg] enable_cycle -> _90484_/D : -81.341454
[setup in-reg] enable_cycle -> _90485_/D : -81.341454
[setup in-reg] enable_cycle -> _90569_/D : -81.341454
[setup in-reg] enable_cycle -> _90570_/D : -81.341454
[setup in-reg] enable_cycle -> _90571_/D : -81.341454
[setup in-reg] enable_cycle -> _90572_/D : -81.341454
[setup in-reg] enable_cycle -> _90573_/D : -81.341454
[setup in-reg] enable_cycle -> _90574_/D : -81.341454
[setup in-reg] enable_cycle -> _90575_/D : -81.341454
[setup in-reg] enable_cycle -> _90576_/D : -81.341454
[setup in-reg] enable_cycle -> _90640_/D : -81.341454
[setup in-reg] enable_cycle -> _90641_/D : -81.341454
[setup in-reg] enable_cycle -> _90642_/D : -81.341454
[setup in-reg] enable_cycle -> _90643_/D : -81.341454
[setup in-reg] enable_cycle -> _90644_/D : -81.341454
[setup in-reg] enable_cycle -> _90645_/D : -81.341454
[setup in-reg] enable_cycle -> _90646_/D : -81.341454
[setup in-reg] enable_cycle -> _90647_/D : -81.341454
[setup in-reg] enable_cycle -> _90726_/D : -81.341454
[setup in-reg] enable_cycle -> _90727_/D : -81.341454
[setup in-reg] enable_cycle -> _90728_/D : -81.341454
[setup in-reg] enable_cycle -> _90729_/D : -81.341454
[setup in-reg] enable_cycle -> _90730_/D : -81.341454
[setup in-reg] enable_cycle -> _90731_/D : -81.341454
[setup in-reg] enable_cycle -> _90732_/D : -81.341454
[setup in-reg] enable_cycle -> _90733_/D : -81.341454
[setup in-reg] enable_cycle -> _90820_/D : -81.341454
[setup in-reg] enable_cycle -> _90821_/D : -81.341454
[setup in-reg] enable_cycle -> _90822_/D : -81.341454
[setup in-reg] enable_cycle -> _90823_/D : -81.341454
[setup in-reg] enable_cycle -> _90824_/D : -81.341454
[setup in-reg] enable_cycle -> _90825_/D : -81.341454
[setup in-reg] enable_cycle -> _90826_/D : -81.341454
[setup in-reg] enable_cycle -> _90827_/D : -81.341454
[setup in-reg] enable_cycle -> _90914_/D : -81.341454
[setup in-reg] enable_cycle -> _90915_/D : -81.341454
[setup in-reg] enable_cycle -> _90916_/D : -81.341454
[setup in-reg] enable_cycle -> _90917_/D : -81.341454
[setup in-reg] enable_cycle -> _90918_/D : -81.341454
[setup in-reg] enable_cycle -> _90919_/D : -81.341454
[setup in-reg] enable_cycle -> _90920_/D : -81.341454
[setup in-reg] enable_cycle -> _90921_/D : -81.341454
[setup in-reg] enable_cycle -> _91047_/D : -81.341454
[setup in-reg] enable_cycle -> _91048_/D : -81.341454
[setup in-reg] enable_cycle -> _91049_/D : -81.341454
[setup in-reg] enable_cycle -> _91050_/D : -81.341454
[setup in-reg] enable_cycle -> _91051_/D : -81.341454
[setup in-reg] enable_cycle -> _91052_/D : -81.341454
[setup in-reg] enable_cycle -> _91053_/D : -81.341454
[setup in-reg] enable_cycle -> _91054_/D : -81.341454
[setup in-reg] enable_cycle -> _91184_/D : -81.341454
[setup in-reg] enable_cycle -> _91185_/D : -81.341454
[setup in-reg] enable_cycle -> _91186_/D : -81.341454
[setup in-reg] enable_cycle -> _91187_/D : -81.341454
[setup in-reg] enable_cycle -> _91188_/D : -81.341454
[setup in-reg] enable_cycle -> _91189_/D : -81.341454
[setup in-reg] enable_cycle -> _91190_/D : -81.341454
[setup in-reg] enable_cycle -> _91191_/D : -81.341454
[setup in-reg] enable_cycle -> _91379_/D : -81.341454
[setup in-reg] enable_cycle -> _91380_/D : -81.341454
[setup in-reg] enable_cycle -> _91381_/D : -81.341454
[setup in-reg] enable_cycle -> _91382_/D : -81.341454
[setup in-reg] enable_cycle -> _91383_/D : -81.341454
[setup in-reg] enable_cycle -> _91384_/D : -81.341454
[setup in-reg] enable_cycle -> _91385_/D : -81.341454
[setup in-reg] enable_cycle -> _91386_/D : -81.341454
[setup in-reg] enable_cycle -> _91548_/D : -81.341454
[setup in-reg] enable_cycle -> _91549_/D : -81.341454
[setup in-reg] enable_cycle -> _91550_/D : -81.341454
[setup in-reg] enable_cycle -> _91551_/D : -81.341454
[setup in-reg] enable_cycle -> _91552_/D : -81.341454
[setup in-reg] enable_cycle -> _91553_/D : -81.341454
[setup in-reg] enable_cycle -> _91554_/D : -81.341454
[setup in-reg] enable_cycle -> _91555_/D : -81.341454
[setup in-reg] enable_cycle -> _87274_/D : -79.655739
[setup in-reg] enable_cycle -> _86133_/D : -49.708969
[setup in-reg] enable_cycle -> _87593_/D : -49.708969
[setup in-reg] enable_cycle -> _87721_/D : -49.300755
[setup in-reg] enable_cycle -> _89007_/D : -49.257084
[setup in-reg] enable_cycle -> _90548_/D : -49.257084
[setup in-reg] enable_cycle -> _88837_/D : -49.240444
[setup in-reg] enable_cycle -> _89177_/D : -49.240444
[setup in-reg] enable_cycle -> _85876_/D : -49.134201
[setup in-reg] enable_cycle -> _85870_/D : -49.127274
[setup in-reg] enable_cycle -> _86983_/D : -49.127274
[setup in-reg] enable_cycle -> _87649_/D : -49.127274
[setup in-reg] enable_cycle -> _87713_/D : -49.127274
[setup in-reg] enable_cycle -> _88589_/D : -49.127274
[setup in-reg] enable_cycle -> _88748_/D : -49.127274
[setup in-reg] enable_cycle -> _89667_/D : -49.127274
[setup in-reg] enable_cycle -> _89914_/D : -49.127274
[setup in-reg] enable_cycle -> _90886_/D : -49.127274
[setup in-reg] enable_cycle -> _91259_/D : -49.127274
[setup in-reg] enable_cycle -> _86026_/D : -49.026386
[setup in-reg] enable_cycle -> _87093_/D : -48.805496
[setup in-reg] enable_cycle -> _88198_/D : -48.805496
[setup in-reg] enable_cycle -> _86893_/D : -48.744411
[setup in-reg] enable_cycle -> _87961_/D : -48.270992
[setup in-reg] enable_cycle -> _90619_/D : -48.242874
[setup in-reg] enable_cycle -> _85878_/D : -48.212177
[setup in-reg] enable_cycle -> _85939_/D : -48.212177
[setup in-reg] enable_cycle -> _86226_/D : -48.212177
[setup in-reg] enable_cycle -> _86323_/D : -48.212177
[setup in-reg] enable_cycle -> _86585_/D : -48.212177
[setup in-reg] enable_cycle -> _86593_/D : -48.212177
[setup in-reg] enable_cycle -> _87781_/D : -48.212177
[setup in-reg] enable_cycle -> _87843_/D : -48.212177
[setup in-reg] enable_cycle -> _87957_/D : -48.212177
[setup in-reg] enable_cycle -> _88442_/D : -48.212177
[setup in-reg] enable_cycle -> _88444_/D : -48.212177
[setup in-reg] enable_cycle -> _88516_/D : -48.212177
[setup in-reg] enable_cycle -> _88663_/D : -48.212177
[setup in-reg] enable_cycle -> _88918_/D : -48.212177
[setup in-reg] enable_cycle -> _89173_/D : -48.212177
[setup in-reg] enable_cycle -> _89673_/D : -48.212177
[setup in-reg] enable_cycle -> _89759_/D : -48.212177
[setup in-reg] enable_cycle -> _90696_/D : -48.212177
[setup in-reg] enable_cycle -> _90794_/D : -48.212177
[setup in-reg] enable_cycle -> _91267_/D : -48.212177
[setup in-reg] enable_cycle -> _91357_/D : -48.212177
[setup in-reg] enable_cycle -> _91452_/D : -48.212177
[setup in-reg] enable_cycle -> _91162_/D : -48.063599
[setup in-reg] enable_cycle -> _91272_/D : -48.000671
[setup in-reg] enable_cycle -> _86389_/D : -47.974304
[setup in-reg] enable_cycle -> _87589_/D : -47.974304
[setup in-reg] enable_cycle -> _85814_/D : -47.872143
[setup in-reg] enable_cycle -> _87849_/D : -47.580467
[setup in-reg] enable_cycle -> _88526_/D : -47.559326
[setup in-reg] enable_cycle -> _86793_/D : -47.513901
[setup in-reg] enable_cycle -> _89244_/D : -47.513901
[setup in-reg] enable_cycle -> _85665_/D : -47.298088
[setup in-reg] enable_cycle -> _90883_/D : -47.182919
[setup in-reg] enable_cycle -> _86493_/D : -47.111828
[setup in-reg] enable_cycle -> _85708_/D : -47.056183
[setup in-reg] enable_cycle -> _85864_/D : -47.056183
[setup in-reg] enable_cycle -> _85875_/D : -47.056183
[setup in-reg] enable_cycle -> _85877_/D : -47.056183
[setup in-reg] enable_cycle -> _86119_/D : -47.056183
[setup in-reg] enable_cycle -> _86216_/D : -47.056183
[setup in-reg] enable_cycle -> _86217_/D : -47.056183
[setup in-reg] enable_cycle -> _86325_/D : -47.056183
[setup in-reg] enable_cycle -> _86580_/D : -47.056183
[setup in-reg] enable_cycle -> _86680_/D : -47.056183
[setup in-reg] enable_cycle -> _86779_/D : -47.056183
[setup in-reg] enable_cycle -> _87080_/D : -47.056183
[setup in-reg] enable_cycle -> _87316_/D : -47.056183
[setup in-reg] enable_cycle -> _87318_/D : -47.056183
[setup in-reg] enable_cycle -> _87320_/D : -47.056183
[setup in-reg] enable_cycle -> _87327_/D : -47.056183
[setup in-reg] enable_cycle -> _87580_/D : -47.056183
[setup in-reg] enable_cycle -> _87590_/D : -47.056183
[setup in-reg] enable_cycle -> _87709_/D : -47.056183
[setup in-reg] enable_cycle -> _87780_/D : -47.056183
[setup in-reg] enable_cycle -> _87900_/D : -47.056183
[setup in-reg] enable_cycle -> _87911_/D : -47.056183
[setup in-reg] enable_cycle -> _88103_/D : -47.056183
[setup in-reg] enable_cycle -> _88193_/D : -47.056183
[setup in-reg] enable_cycle -> _88431_/D : -47.056183
[setup in-reg] enable_cycle -> _88513_/D : -47.056183
[setup in-reg] enable_cycle -> _88577_/D : -47.056183
[setup in-reg] enable_cycle -> _88653_/D : -47.056183
[setup in-reg] enable_cycle -> _88654_/D : -47.056183
[setup in-reg] enable_cycle -> _88662_/D : -47.056183
[setup in-reg] enable_cycle -> _88738_/D : -47.056183
[setup in-reg] enable_cycle -> _88824_/D : -47.056183
[setup in-reg] enable_cycle -> _88909_/D : -47.056183
[setup in-reg] enable_cycle -> _88993_/D : -47.056183
[setup in-reg] enable_cycle -> _89079_/D : -47.056183
[setup in-reg] enable_cycle -> _89172_/D : -47.056183
[setup in-reg] enable_cycle -> _89309_/D : -47.056183
[setup in-reg] enable_cycle -> _89310_/D : -47.056183
[setup in-reg] enable_cycle -> _89406_/D : -47.056183
[setup in-reg] enable_cycle -> _89485_/D : -47.056183
[setup in-reg] enable_cycle -> _89486_/D : -47.056183
[setup in-reg] enable_cycle -> _89661_/D : -47.056183
[setup in-reg] enable_cycle -> _89750_/D : -47.056183
[setup in-reg] enable_cycle -> _89907_/D : -47.056183
[setup in-reg] enable_cycle -> _90086_/D : -47.056183
[setup in-reg] enable_cycle -> _90173_/D : -47.056183
[setup in-reg] enable_cycle -> _90175_/D : -47.056183
[setup in-reg] enable_cycle -> _90352_/D : -47.056183
[setup in-reg] enable_cycle -> _90354_/D : -47.056183
[setup in-reg] enable_cycle -> _90444_/D : -47.056183
[setup in-reg] enable_cycle -> _90784_/D : -47.056183
[setup in-reg] enable_cycle -> _90785_/D : -47.056183
[setup in-reg] enable_cycle -> _91149_/D : -47.056183
[setup in-reg] enable_cycle -> _91150_/D : -47.056183
[setup in-reg] enable_cycle -> _91226_/D : -47.056183
[setup in-reg] enable_cycle -> _91249_/D : -47.056183
[setup in-reg] enable_cycle -> _91262_/D : -47.056183
[setup in-reg] enable_cycle -> _91266_/D : -47.056183
[setup in-reg] enable_cycle -> _91281_/D : -47.056183
[setup in-reg] enable_cycle -> _91343_/D : -47.056183
[setup in-reg] enable_cycle -> _91399_/D : -47.056183
[setup in-reg] enable_cycle -> _91448_/D : -47.056183
[setup in-reg] enable_cycle -> _91451_/D : -47.056183
[setup in-reg] enable_cycle -> _91455_/D : -47.056183
[setup in-reg] enable_cycle -> _91512_/D : -47.056183
[setup in-reg] enable_cycle -> _91513_/D : -47.056183
[setup in-reg] enable_cycle -> _91514_/D : -47.056183
[setup in-reg] enable_cycle -> _88360_/D : -47.033604
[setup in-reg] enable_cycle -> _90704_/D : -46.598961
[setup in-reg] enable_cycle -> _86222_/D : -46.474247
[setup in-reg] enable_cycle -> _91400_/D : -46.474247
[setup in-reg] enable_cycle -> _86035_/D : -46.459805
[setup in-reg] enable_cycle -> _86326_/D : -46.459805
[setup in-reg] enable_cycle -> _88197_/D : -46.459805
[setup in-reg] enable_cycle -> _88525_/D : -46.459805
[setup in-reg] enable_cycle -> _88921_/D : -46.459805
[setup in-reg] enable_cycle -> _89091_/D : -46.459805
[setup in-reg] enable_cycle -> _89176_/D : -46.459805
[setup in-reg] enable_cycle -> _89243_/D : -46.459805
[setup in-reg] enable_cycle -> _91160_/D : -46.459805
[setup in-reg] enable_cycle -> _87909_/D : -46.188725
[setup in-reg] enable_cycle -> _88032_/D : -46.188725
[setup in-reg] enable_cycle -> _91246_/D : -45.804760
[setup in-reg] enable_cycle -> _91273_/D : -45.804760
[setup in-reg] enable_cycle -> _86131_/D : -45.710503
[setup in-reg] enable_cycle -> _86228_/D : -45.710503
[setup in-reg] enable_cycle -> _86230_/D : -45.710503
[setup in-reg] enable_cycle -> _86327_/D : -45.710503
[setup in-reg] enable_cycle -> _86689_/D : -45.710503
[setup in-reg] enable_cycle -> _86993_/D : -45.710503
[setup in-reg] enable_cycle -> _87091_/D : -45.710503
[setup in-reg] enable_cycle -> _87591_/D : -45.710503
[setup in-reg] enable_cycle -> _87653_/D : -45.710503
[setup in-reg] enable_cycle -> _87845_/D : -45.710503
[setup in-reg] enable_cycle -> _89242_/D : -45.710503
[setup in-reg] enable_cycle -> _89323_/D : -45.710503
[setup in-reg] enable_cycle -> _89675_/D : -45.710503
[setup in-reg] enable_cycle -> _89763_/D : -45.710503
[setup in-reg] enable_cycle -> _89918_/D : -45.710503
[setup in-reg] enable_cycle -> _89920_/D : -45.710503
[setup in-reg] enable_cycle -> _90457_/D : -45.710503
[setup in-reg] enable_cycle -> _90796_/D : -45.710503
[setup in-reg] enable_cycle -> _91280_/D : -45.710503
[setup in-reg] enable_cycle -> _85935_/D : -45.662327
[setup in-reg] enable_cycle -> _86034_/D : -45.662327
[setup in-reg] enable_cycle -> _86589_/D : -45.662327
[setup in-reg] enable_cycle -> _87184_/D : -45.662327
[setup in-reg] enable_cycle -> _88353_/D : -45.662327
[setup in-reg] enable_cycle -> _89319_/D : -45.662327
[setup in-reg] enable_cycle -> _90091_/D : -45.662327
[setup in-reg] enable_cycle -> _90273_/D : -45.662327
[setup in-reg] enable_cycle -> _90364_/D : -45.662327
[setup in-reg] enable_cycle -> _90453_/D : -45.662327
[setup in-reg] enable_cycle -> _90455_/D : -45.662327
[setup in-reg] enable_cycle -> _91156_/D : -45.662327
[setup in-reg] enable_cycle -> _91279_/D : -45.662327
[setup in-reg] enable_cycle -> _91522_/D : -45.662327
[setup in-reg] enable_cycle -> _85568_/D : -45.527905
[setup in-reg] enable_cycle -> _85569_/D : -45.527905
[setup in-reg] enable_cycle -> _85570_/D : -45.527905
[setup in-reg] enable_cycle -> _85571_/D : -45.527905
[setup in-reg] enable_cycle -> _85572_/D : -45.527905
[setup in-reg] enable_cycle -> _85573_/D : -45.527905
[setup in-reg] enable_cycle -> _85574_/D : -45.527905
[setup in-reg] enable_cycle -> _85575_/D : -45.527905
[setup in-reg] enable_cycle -> _85576_/D : -45.527905
[setup in-reg] enable_cycle -> _85577_/D : -45.527905
[setup in-reg] enable_cycle -> _85578_/D : -45.527905
[setup in-reg] enable_cycle -> _85579_/D : -45.527905
[setup in-reg] enable_cycle -> _85580_/D : -45.527905
[setup in-reg] enable_cycle -> _85581_/D : -45.527905
[setup in-reg] enable_cycle -> _85582_/D : -45.527905
[setup in-reg] enable_cycle -> _85583_/D : -45.527905
[setup in-reg] enable_cycle -> _85584_/D : -45.527905
[setup in-reg] enable_cycle -> _85585_/D : -45.527905
[setup in-reg] enable_cycle -> _85586_/D : -45.527905
[setup in-reg] enable_cycle -> _85587_/D : -45.527905
[setup in-reg] enable_cycle -> _85722_/D : -45.527905
[setup in-reg] enable_cycle -> _85723_/D : -45.527905
[setup in-reg] enable_cycle -> _85724_/D : -45.527905
[setup in-reg] enable_cycle -> _85725_/D : -45.527905
[setup in-reg] enable_cycle -> _85726_/D : -45.527905
[setup in-reg] enable_cycle -> _85727_/D : -45.527905
[setup in-reg] enable_cycle -> _85728_/D : -45.527905
[setup in-reg] enable_cycle -> _85729_/D : -45.527905
[setup in-reg] enable_cycle -> _85730_/D : -45.527905
[setup in-reg] enable_cycle -> _85731_/D : -45.527905
[setup in-reg] enable_cycle -> _85732_/D : -45.527905
[setup in-reg] enable_cycle -> _85733_/D : -45.527905
[setup in-reg] enable_cycle -> _85734_/D : -45.527905
[setup in-reg] enable_cycle -> _85735_/D : -45.527905
[setup in-reg] enable_cycle -> _85736_/D : -45.527905
[setup in-reg] enable_cycle -> _85737_/D : -45.527905
[setup in-reg] enable_cycle -> _85738_/D : -45.527905
[setup in-reg] enable_cycle -> _85739_/D : -45.527905
[setup in-reg] enable_cycle -> _85740_/D : -45.527905
[setup in-reg] enable_cycle -> _85741_/D : -45.527905
[setup in-reg] enable_cycle -> _85742_/D : -45.527905
[setup in-reg] enable_cycle -> _85743_/D : -45.527905
[setup in-reg] enable_cycle -> _85752_/D : -45.527905
[setup in-reg] enable_cycle -> _85753_/D : -45.527905
[setup in-reg] enable_cycle -> _85754_/D : -45.527905
[setup in-reg] enable_cycle -> _85755_/D : -45.527905
[setup in-reg] enable_cycle -> _85756_/D : -45.527905
[setup in-reg] enable_cycle -> _85757_/D : -45.527905
[setup in-reg] enable_cycle -> _85758_/D : -45.527905
[setup in-reg] enable_cycle -> _85759_/D : -45.527905
[setup in-reg] enable_cycle -> _85760_/D : -45.527905
[setup in-reg] enable_cycle -> _85761_/D : -45.527905
[setup in-reg] enable_cycle -> _85762_/D : -45.527905
[setup in-reg] enable_cycle -> _85763_/D : -45.527905
[setup in-reg] enable_cycle -> _85764_/D : -45.527905
[setup in-reg] enable_cycle -> _85765_/D : -45.527905
[setup in-reg] enable_cycle -> _85766_/D : -45.527905
[setup in-reg] enable_cycle -> _85767_/D : -45.527905
[setup in-reg] enable_cycle -> _85768_/D : -45.527905
[setup in-reg] enable_cycle -> _85769_/D : -45.527905
[setup in-reg] enable_cycle -> _85770_/D : -45.527905
[setup in-reg] enable_cycle -> _85771_/D : -45.527905
[setup in-reg] enable_cycle -> _85772_/D : -45.527905
[setup in-reg] enable_cycle -> _85773_/D : -45.527905
[setup in-reg] enable_cycle -> _85774_/D : -45.527905
[setup in-reg] enable_cycle -> _85775_/D : -45.527905
[setup in-reg] enable_cycle -> _85776_/D : -45.527905
[setup in-reg] enable_cycle -> _85777_/D : -45.527905
[setup in-reg] enable_cycle -> _85778_/D : -45.527905
[setup in-reg] enable_cycle -> _85779_/D : -45.527905
[setup in-reg] enable_cycle -> _85780_/D : -45.527905
[setup in-reg] enable_cycle -> _85849_/D : -45.527905
[setup in-reg] enable_cycle -> _85850_/D : -45.527905
[setup in-reg] enable_cycle -> _85851_/D : -45.527905
[setup in-reg] enable_cycle -> _85852_/D : -45.527905
[setup in-reg] enable_cycle -> _85853_/D : -45.527905
[setup in-reg] enable_cycle -> _85854_/D : -45.527905
[setup in-reg] enable_cycle -> _85855_/D : -45.527905
[setup in-reg] enable_cycle -> _85856_/D : -45.527905
[setup in-reg] enable_cycle -> _85881_/D : -45.527905
[setup in-reg] enable_cycle -> _85882_/D : -45.527905
[setup in-reg] enable_cycle -> _85883_/D : -45.527905
[setup in-reg] enable_cycle -> _85884_/D : -45.527905
[setup in-reg] enable_cycle -> _85885_/D : -45.527905
[setup in-reg] enable_cycle -> _85886_/D : -45.527905
[setup in-reg] enable_cycle -> _85887_/D : -45.527905
[setup in-reg] enable_cycle -> _85888_/D : -45.527905
[setup in-reg] enable_cycle -> _85889_/D : -45.527905
[setup in-reg] enable_cycle -> _85890_/D : -45.527905
[setup in-reg] enable_cycle -> _85891_/D : -45.527905
[setup in-reg] enable_cycle -> _85892_/D : -45.527905
[setup in-reg] enable_cycle -> _85893_/D : -45.527905
[setup in-reg] enable_cycle -> _85894_/D : -45.527905
[setup in-reg] enable_cycle -> _85895_/D : -45.527905
[setup in-reg] enable_cycle -> _85896_/D : -45.527905
[setup in-reg] enable_cycle -> _85897_/D : -45.527905
[setup in-reg] enable_cycle -> _85898_/D : -45.527905
[setup in-reg] enable_cycle -> _85899_/D : -45.527905
[setup in-reg] enable_cycle -> _85900_/D : -45.527905
[setup in-reg] enable_cycle -> _85901_/D : -45.527905
[setup in-reg] enable_cycle -> _85924_/D : -45.527905
[setup in-reg] enable_cycle -> _85970_/D : -45.527905
[setup in-reg] enable_cycle -> _85971_/D : -45.527905
[setup in-reg] enable_cycle -> _85972_/D : -45.527905
[setup in-reg] enable_cycle -> _85973_/D : -45.527905
[setup in-reg] enable_cycle -> _85974_/D : -45.527905
[setup in-reg] enable_cycle -> _85975_/D : -45.527905
[setup in-reg] enable_cycle -> _85976_/D : -45.527905
[setup in-reg] enable_cycle -> _85977_/D : -45.527905
[setup in-reg] enable_cycle -> _85978_/D : -45.527905
[setup in-reg] enable_cycle -> _85979_/D : -45.527905
[setup in-reg] enable_cycle -> _85980_/D : -45.527905
[setup in-reg] enable_cycle -> _85981_/D : -45.527905
[setup in-reg] enable_cycle -> _85982_/D : -45.527905
[setup in-reg] enable_cycle -> _85983_/D : -45.527905
[setup in-reg] enable_cycle -> _85984_/D : -45.527905
[setup in-reg] enable_cycle -> _85985_/D : -45.527905
[setup in-reg] enable_cycle -> _85986_/D : -45.527905
[setup in-reg] enable_cycle -> _85987_/D : -45.527905
[setup in-reg] enable_cycle -> _85988_/D : -45.527905
[setup in-reg] enable_cycle -> _85989_/D : -45.527905
[setup in-reg] enable_cycle -> _85990_/D : -45.527905
[setup in-reg] enable_cycle -> _85991_/D : -45.527905
[setup in-reg] enable_cycle -> _85992_/D : -45.527905
[setup in-reg] enable_cycle -> _85993_/D : -45.527905
[setup in-reg] enable_cycle -> _85994_/D : -45.527905
[setup in-reg] enable_cycle -> _85995_/D : -45.527905
[setup in-reg] enable_cycle -> _85996_/D : -45.527905
[setup in-reg] enable_cycle -> _85997_/D : -45.527905
[setup in-reg] enable_cycle -> _85998_/D : -45.527905
[setup in-reg] enable_cycle -> _86021_/D : -45.527905
[setup in-reg] enable_cycle -> _86067_/D : -45.527905
[setup in-reg] enable_cycle -> _86068_/D : -45.527905
[setup in-reg] enable_cycle -> _86069_/D : -45.527905
[setup in-reg] enable_cycle -> _86070_/D : -45.527905
[setup in-reg] enable_cycle -> _86071_/D : -45.527905
[setup in-reg] enable_cycle -> _86072_/D : -45.527905
[setup in-reg] enable_cycle -> _86073_/D : -45.527905
[setup in-reg] enable_cycle -> _86074_/D : -45.527905
[setup in-reg] enable_cycle -> _86075_/D : -45.527905
[setup in-reg] enable_cycle -> _86076_/D : -45.527905
[setup in-reg] enable_cycle -> _86077_/D : -45.527905
[setup in-reg] enable_cycle -> _86078_/D : -45.527905
[setup in-reg] enable_cycle -> _86079_/D : -45.527905
[setup in-reg] enable_cycle -> _86080_/D : -45.527905
[setup in-reg] enable_cycle -> _86081_/D : -45.527905
[setup in-reg] enable_cycle -> _86082_/D : -45.527905
[setup in-reg] enable_cycle -> _86083_/D : -45.527905
[setup in-reg] enable_cycle -> _86084_/D : -45.527905
[setup in-reg] enable_cycle -> _86085_/D : -45.527905
[setup in-reg] enable_cycle -> _86086_/D : -45.527905
[setup in-reg] enable_cycle -> _86087_/D : -45.527905
[setup in-reg] enable_cycle -> _86088_/D : -45.527905
[setup in-reg] enable_cycle -> _86089_/D : -45.527905
[setup in-reg] enable_cycle -> _86090_/D : -45.527905
[setup in-reg] enable_cycle -> _86091_/D : -45.527905
[setup in-reg] enable_cycle -> _86092_/D : -45.527905
[setup in-reg] enable_cycle -> _86093_/D : -45.527905
[setup in-reg] enable_cycle -> _86094_/D : -45.527905
[setup in-reg] enable_cycle -> _86095_/D : -45.527905
[setup in-reg] enable_cycle -> _86164_/D : -45.527905
[setup in-reg] enable_cycle -> _86165_/D : -45.527905
[setup in-reg] enable_cycle -> _86166_/D : -45.527905
[setup in-reg] enable_cycle -> _86167_/D : -45.527905
[setup in-reg] enable_cycle -> _86168_/D : -45.527905
[setup in-reg] enable_cycle -> _86169_/D : -45.527905
[setup in-reg] enable_cycle -> _86170_/D : -45.527905
[setup in-reg] enable_cycle -> _86171_/D : -45.527905
[setup in-reg] enable_cycle -> _86172_/D : -45.527905
[setup in-reg] enable_cycle -> _86173_/D : -45.527905
[setup in-reg] enable_cycle -> _86174_/D : -45.527905
[setup in-reg] enable_cycle -> _86175_/D : -45.527905
[setup in-reg] enable_cycle -> _86176_/D : -45.527905
[setup in-reg] enable_cycle -> _86177_/D : -45.527905
[setup in-reg] enable_cycle -> _86178_/D : -45.527905
[setup in-reg] enable_cycle -> _86179_/D : -45.527905
[setup in-reg] enable_cycle -> _86180_/D : -45.527905
[setup in-reg] enable_cycle -> _86181_/D : -45.527905
[setup in-reg] enable_cycle -> _86182_/D : -45.527905
[setup in-reg] enable_cycle -> _86183_/D : -45.527905
[setup in-reg] enable_cycle -> _86184_/D : -45.527905
[setup in-reg] enable_cycle -> _86185_/D : -45.527905
[setup in-reg] enable_cycle -> _86186_/D : -45.527905
[setup in-reg] enable_cycle -> _86187_/D : -45.527905
[setup in-reg] enable_cycle -> _86188_/D : -45.527905
[setup in-reg] enable_cycle -> _86189_/D : -45.527905
[setup in-reg] enable_cycle -> _86190_/D : -45.527905
[setup in-reg] enable_cycle -> _86191_/D : -45.527905
[setup in-reg] enable_cycle -> _86192_/D : -45.527905
[setup in-reg] enable_cycle -> _86261_/D : -45.527905
[setup in-reg] enable_cycle -> _86262_/D : -45.527905
[setup in-reg] enable_cycle -> _86263_/D : -45.527905
[setup in-reg] enable_cycle -> _86264_/D : -45.527905
[setup in-reg] enable_cycle -> _86265_/D : -45.527905
[setup in-reg] enable_cycle -> _86266_/D : -45.527905
[setup in-reg] enable_cycle -> _86267_/D : -45.527905
[setup in-reg] enable_cycle -> _86268_/D : -45.527905
[setup in-reg] enable_cycle -> _86269_/D : -45.527905
[setup in-reg] enable_cycle -> _86270_/D : -45.527905
[setup in-reg] enable_cycle -> _86271_/D : -45.527905
[setup in-reg] enable_cycle -> _86272_/D : -45.527905
[setup in-reg] enable_cycle -> _86273_/D : -45.527905
[setup in-reg] enable_cycle -> _86274_/D : -45.527905
[setup in-reg] enable_cycle -> _86275_/D : -45.527905
[setup in-reg] enable_cycle -> _86276_/D : -45.527905
[setup in-reg] enable_cycle -> _86277_/D : -45.527905
[setup in-reg] enable_cycle -> _86278_/D : -45.527905
[setup in-reg] enable_cycle -> _86279_/D : -45.527905
[setup in-reg] enable_cycle -> _86280_/D : -45.527905
[setup in-reg] enable_cycle -> _86281_/D : -45.527905
[setup in-reg] enable_cycle -> _86282_/D : -45.527905
[setup in-reg] enable_cycle -> _86283_/D : -45.527905
[setup in-reg] enable_cycle -> _86284_/D : -45.527905
[setup in-reg] enable_cycle -> _86285_/D : -45.527905
[setup in-reg] enable_cycle -> _86286_/D : -45.527905
[setup in-reg] enable_cycle -> _86287_/D : -45.527905
[setup in-reg] enable_cycle -> _86288_/D : -45.527905
[setup in-reg] enable_cycle -> _86289_/D : -45.527905
[setup in-reg] enable_cycle -> _86358_/D : -45.527905
[setup in-reg] enable_cycle -> _86359_/D : -45.527905
[setup in-reg] enable_cycle -> _86360_/D : -45.527905
[setup in-reg] enable_cycle -> _86361_/D : -45.527905
[setup in-reg] enable_cycle -> _86362_/D : -45.527905
[setup in-reg] enable_cycle -> _86363_/D : -45.527905
[setup in-reg] enable_cycle -> _86364_/D : -45.527905
[setup in-reg] enable_cycle -> _86365_/D : -45.527905
[setup in-reg] enable_cycle -> _86366_/D : -45.527905
[setup in-reg] enable_cycle -> _86367_/D : -45.527905
[setup in-reg] enable_cycle -> _86368_/D : -45.527905
[setup in-reg] enable_cycle -> _86369_/D : -45.527905
[setup in-reg] enable_cycle -> _86370_/D : -45.527905
[setup in-reg] enable_cycle -> _86371_/D : -45.527905
[setup in-reg] enable_cycle -> _86372_/D : -45.527905
[setup in-reg] enable_cycle -> _86373_/D : -45.527905
[setup in-reg] enable_cycle -> _86374_/D : -45.527905
[setup in-reg] enable_cycle -> _86375_/D : -45.527905
[setup in-reg] enable_cycle -> _86376_/D : -45.527905
[setup in-reg] enable_cycle -> _86377_/D : -45.527905
[setup in-reg] enable_cycle -> _86378_/D : -45.527905
[setup in-reg] enable_cycle -> _86379_/D : -45.527905
[setup in-reg] enable_cycle -> _86380_/D : -45.527905
[setup in-reg] enable_cycle -> _86381_/D : -45.527905
[setup in-reg] enable_cycle -> _86382_/D : -45.527905
[setup in-reg] enable_cycle -> _86383_/D : -45.527905
[setup in-reg] enable_cycle -> _86384_/D : -45.527905
[setup in-reg] enable_cycle -> _86385_/D : -45.527905
[setup in-reg] enable_cycle -> _86386_/D : -45.527905
[setup in-reg] enable_cycle -> _86387_/D : -45.527905
[setup in-reg] enable_cycle -> _86478_/D : -45.527905
[setup in-reg] enable_cycle -> _86494_/D : -45.527905
[setup in-reg] enable_cycle -> _86495_/D : -45.527905
[setup in-reg] enable_cycle -> _86496_/D : -45.527905
[setup in-reg] enable_cycle -> _86497_/D : -45.527905
[setup in-reg] enable_cycle -> _86498_/D : -45.527905
[setup in-reg] enable_cycle -> _86499_/D : -45.527905
[setup in-reg] enable_cycle -> _86500_/D : -45.527905
[setup in-reg] enable_cycle -> _86501_/D : -45.527905
[setup in-reg] enable_cycle -> _86502_/D : -45.527905
[setup in-reg] enable_cycle -> _86503_/D : -45.527905
[setup in-reg] enable_cycle -> _86504_/D : -45.527905
[setup in-reg] enable_cycle -> _86505_/D : -45.527905
[setup in-reg] enable_cycle -> _86506_/D : -45.527905
[setup in-reg] enable_cycle -> _86507_/D : -45.527905
[setup in-reg] enable_cycle -> _86508_/D : -45.527905
[setup in-reg] enable_cycle -> _86509_/D : -45.527905
[setup in-reg] enable_cycle -> _86510_/D : -45.527905
[setup in-reg] enable_cycle -> _86511_/D : -45.527905
[setup in-reg] enable_cycle -> _86512_/D : -45.527905
[setup in-reg] enable_cycle -> _86513_/D : -45.527905
[setup in-reg] enable_cycle -> _86514_/D : -45.527905
[setup in-reg] enable_cycle -> _86515_/D : -45.527905
[setup in-reg] enable_cycle -> _86516_/D : -45.527905
[setup in-reg] enable_cycle -> _86525_/D : -45.527905
[setup in-reg] enable_cycle -> _86526_/D : -45.527905
[setup in-reg] enable_cycle -> _86527_/D : -45.527905
[setup in-reg] enable_cycle -> _86528_/D : -45.527905
[setup in-reg] enable_cycle -> _86529_/D : -45.527905
[setup in-reg] enable_cycle -> _86530_/D : -45.527905
[setup in-reg] enable_cycle -> _86531_/D : -45.527905
[setup in-reg] enable_cycle -> _86532_/D : -45.527905
[setup in-reg] enable_cycle -> _86533_/D : -45.527905
[setup in-reg] enable_cycle -> _86534_/D : -45.527905
[setup in-reg] enable_cycle -> _86535_/D : -45.527905
[setup in-reg] enable_cycle -> _86536_/D : -45.527905
[setup in-reg] enable_cycle -> _86537_/D : -45.527905
[setup in-reg] enable_cycle -> _86538_/D : -45.527905
[setup in-reg] enable_cycle -> _86539_/D : -45.527905
[setup in-reg] enable_cycle -> _86540_/D : -45.527905
[setup in-reg] enable_cycle -> _86541_/D : -45.527905
[setup in-reg] enable_cycle -> _86542_/D : -45.527905
[setup in-reg] enable_cycle -> _86543_/D : -45.527905
[setup in-reg] enable_cycle -> _86544_/D : -45.527905
[setup in-reg] enable_cycle -> _86545_/D : -45.527905
[setup in-reg] enable_cycle -> _86546_/D : -45.527905
[setup in-reg] enable_cycle -> _86547_/D : -45.527905
[setup in-reg] enable_cycle -> _86548_/D : -45.527905
[setup in-reg] enable_cycle -> _86549_/D : -45.527905
[setup in-reg] enable_cycle -> _86550_/D : -45.527905
[setup in-reg] enable_cycle -> _86551_/D : -45.527905
[setup in-reg] enable_cycle -> _86552_/D : -45.527905
[setup in-reg] enable_cycle -> _86553_/D : -45.527905
[setup in-reg] enable_cycle -> _86554_/D : -45.527905
[setup in-reg] enable_cycle -> _86578_/D : -45.527905
[setup in-reg] enable_cycle -> _86625_/D : -45.527905
[setup in-reg] enable_cycle -> _86626_/D : -45.527905
[setup in-reg] enable_cycle -> _86627_/D : -45.527905
[setup in-reg] enable_cycle -> _86628_/D : -45.527905
[setup in-reg] enable_cycle -> _86629_/D : -45.527905
[setup in-reg] enable_cycle -> _86630_/D : -45.527905
[setup in-reg] enable_cycle -> _86631_/D : -45.527905
[setup in-reg] enable_cycle -> _86632_/D : -45.527905
[setup in-reg] enable_cycle -> _86633_/D : -45.527905
[setup in-reg] enable_cycle -> _86634_/D : -45.527905
[setup in-reg] enable_cycle -> _86635_/D : -45.527905
[setup in-reg] enable_cycle -> _86636_/D : -45.527905
[setup in-reg] enable_cycle -> _86637_/D : -45.527905
[setup in-reg] enable_cycle -> _86638_/D : -45.527905
[setup in-reg] enable_cycle -> _86639_/D : -45.527905
[setup in-reg] enable_cycle -> _86640_/D : -45.527905
[setup in-reg] enable_cycle -> _86641_/D : -45.527905
[setup in-reg] enable_cycle -> _86642_/D : -45.527905
[setup in-reg] enable_cycle -> _86643_/D : -45.527905
[setup in-reg] enable_cycle -> _86644_/D : -45.527905
[setup in-reg] enable_cycle -> _86645_/D : -45.527905
[setup in-reg] enable_cycle -> _86646_/D : -45.527905
[setup in-reg] enable_cycle -> _86647_/D : -45.527905
[setup in-reg] enable_cycle -> _86648_/D : -45.527905
[setup in-reg] enable_cycle -> _86649_/D : -45.527905
[setup in-reg] enable_cycle -> _86650_/D : -45.527905
[setup in-reg] enable_cycle -> _86651_/D : -45.527905
[setup in-reg] enable_cycle -> _86652_/D : -45.527905
[setup in-reg] enable_cycle -> _86653_/D : -45.527905
[setup in-reg] enable_cycle -> _86654_/D : -45.527905
[setup in-reg] enable_cycle -> _86725_/D : -45.527905
[setup in-reg] enable_cycle -> _86726_/D : -45.527905
[setup in-reg] enable_cycle -> _86727_/D : -45.527905
[setup in-reg] enable_cycle -> _86728_/D : -45.527905
[setup in-reg] enable_cycle -> _86729_/D : -45.527905
[setup in-reg] enable_cycle -> _86730_/D : -45.527905
[setup in-reg] enable_cycle -> _86731_/D : -45.527905
[setup in-reg] enable_cycle -> _86732_/D : -45.527905
[setup in-reg] enable_cycle -> _86733_/D : -45.527905
[setup in-reg] enable_cycle -> _86734_/D : -45.527905
[setup in-reg] enable_cycle -> _86735_/D : -45.527905
[setup in-reg] enable_cycle -> _86736_/D : -45.527905
[setup in-reg] enable_cycle -> _86737_/D : -45.527905
[setup in-reg] enable_cycle -> _86738_/D : -45.527905
[setup in-reg] enable_cycle -> _86739_/D : -45.527905
[setup in-reg] enable_cycle -> _86740_/D : -45.527905
[setup in-reg] enable_cycle -> _86741_/D : -45.527905
[setup in-reg] enable_cycle -> _86742_/D : -45.527905
[setup in-reg] enable_cycle -> _86743_/D : -45.527905
[setup in-reg] enable_cycle -> _86744_/D : -45.527905
[setup in-reg] enable_cycle -> _86745_/D : -45.527905
[setup in-reg] enable_cycle -> _86746_/D : -45.527905
[setup in-reg] enable_cycle -> _86747_/D : -45.527905
[setup in-reg] enable_cycle -> _86748_/D : -45.527905
[setup in-reg] enable_cycle -> _86749_/D : -45.527905
[setup in-reg] enable_cycle -> _86750_/D : -45.527905
[setup in-reg] enable_cycle -> _86751_/D : -45.527905
[setup in-reg] enable_cycle -> _86752_/D : -45.527905
[setup in-reg] enable_cycle -> _86753_/D : -45.527905
[setup in-reg] enable_cycle -> _86754_/D : -45.527905
[setup in-reg] enable_cycle -> _86825_/D : -45.527905
[setup in-reg] enable_cycle -> _86826_/D : -45.527905
[setup in-reg] enable_cycle -> _86827_/D : -45.527905
[setup in-reg] enable_cycle -> _86828_/D : -45.527905
[setup in-reg] enable_cycle -> _86829_/D : -45.527905
[setup in-reg] enable_cycle -> _86830_/D : -45.527905
[setup in-reg] enable_cycle -> _86831_/D : -45.527905
[setup in-reg] enable_cycle -> _86832_/D : -45.527905
[setup in-reg] enable_cycle -> _86833_/D : -45.527905
[setup in-reg] enable_cycle -> _86834_/D : -45.527905
[setup in-reg] enable_cycle -> _86835_/D : -45.527905
[setup in-reg] enable_cycle -> _86836_/D : -45.527905
[setup in-reg] enable_cycle -> _86837_/D : -45.527905
[setup in-reg] enable_cycle -> _86838_/D : -45.527905
[setup in-reg] enable_cycle -> _86839_/D : -45.527905
[setup in-reg] enable_cycle -> _86840_/D : -45.527905
[setup in-reg] enable_cycle -> _86841_/D : -45.527905
[setup in-reg] enable_cycle -> _86842_/D : -45.527905
[setup in-reg] enable_cycle -> _86843_/D : -45.527905
[setup in-reg] enable_cycle -> _86844_/D : -45.527905
[setup in-reg] enable_cycle -> _86845_/D : -45.527905
[setup in-reg] enable_cycle -> _86846_/D : -45.527905
[setup in-reg] enable_cycle -> _86847_/D : -45.527905
[setup in-reg] enable_cycle -> _86848_/D : -45.527905
[setup in-reg] enable_cycle -> _86849_/D : -45.527905
[setup in-reg] enable_cycle -> _86850_/D : -45.527905
[setup in-reg] enable_cycle -> _86851_/D : -45.527905
[setup in-reg] enable_cycle -> _86852_/D : -45.527905
[setup in-reg] enable_cycle -> _86853_/D : -45.527905
[setup in-reg] enable_cycle -> _86854_/D : -45.527905
[setup in-reg] enable_cycle -> _86878_/D : -45.527905
[setup in-reg] enable_cycle -> _86925_/D : -45.527905
[setup in-reg] enable_cycle -> _86926_/D : -45.527905
[setup in-reg] enable_cycle -> _86927_/D : -45.527905
[setup in-reg] enable_cycle -> _86928_/D : -45.527905
[setup in-reg] enable_cycle -> _86929_/D : -45.527905
[setup in-reg] enable_cycle -> _86930_/D : -45.527905
[setup in-reg] enable_cycle -> _86931_/D : -45.527905
[setup in-reg] enable_cycle -> _86932_/D : -45.527905
[setup in-reg] enable_cycle -> _86933_/D : -45.527905
[setup in-reg] enable_cycle -> _86934_/D : -45.527905
[setup in-reg] enable_cycle -> _86935_/D : -45.527905
[setup in-reg] enable_cycle -> _86936_/D : -45.527905
[setup in-reg] enable_cycle -> _86937_/D : -45.527905
[setup in-reg] enable_cycle -> _86938_/D : -45.527905
[setup in-reg] enable_cycle -> _86939_/D : -45.527905
[setup in-reg] enable_cycle -> _86940_/D : -45.527905
[setup in-reg] enable_cycle -> _86941_/D : -45.527905
[setup in-reg] enable_cycle -> _86942_/D : -45.527905
[setup in-reg] enable_cycle -> _86943_/D : -45.527905
[setup in-reg] enable_cycle -> _86944_/D : -45.527905
[setup in-reg] enable_cycle -> _86945_/D : -45.527905
[setup in-reg] enable_cycle -> _86946_/D : -45.527905
[setup in-reg] enable_cycle -> _86947_/D : -45.527905
[setup in-reg] enable_cycle -> _86948_/D : -45.527905
[setup in-reg] enable_cycle -> _86949_/D : -45.527905
[setup in-reg] enable_cycle -> _86950_/D : -45.527905
[setup in-reg] enable_cycle -> _86951_/D : -45.527905
[setup in-reg] enable_cycle -> _86952_/D : -45.527905
[setup in-reg] enable_cycle -> _86953_/D : -45.527905
[setup in-reg] enable_cycle -> _86954_/D : -45.527905
[setup in-reg] enable_cycle -> _87025_/D : -45.527905
[setup in-reg] enable_cycle -> _87026_/D : -45.527905
[setup in-reg] enable_cycle -> _87027_/D : -45.527905
[setup in-reg] enable_cycle -> _87028_/D : -45.527905
[setup in-reg] enable_cycle -> _87029_/D : -45.527905
[setup in-reg] enable_cycle -> _87030_/D : -45.527905
[setup in-reg] enable_cycle -> _87031_/D : -45.527905
[setup in-reg] enable_cycle -> _87032_/D : -45.527905
[setup in-reg] enable_cycle -> _87033_/D : -45.527905
[setup in-reg] enable_cycle -> _87034_/D : -45.527905
[setup in-reg] enable_cycle -> _87035_/D : -45.527905
[setup in-reg] enable_cycle -> _87036_/D : -45.527905
[setup in-reg] enable_cycle -> _87037_/D : -45.527905
[setup in-reg] enable_cycle -> _87038_/D : -45.527905
[setup in-reg] enable_cycle -> _87039_/D : -45.527905
[setup in-reg] enable_cycle -> _87040_/D : -45.527905
[setup in-reg] enable_cycle -> _87041_/D : -45.527905
[setup in-reg] enable_cycle -> _87042_/D : -45.527905
[setup in-reg] enable_cycle -> _87043_/D : -45.527905
[setup in-reg] enable_cycle -> _87044_/D : -45.527905
[setup in-reg] enable_cycle -> _87045_/D : -45.527905
[setup in-reg] enable_cycle -> _87046_/D : -45.527905
[setup in-reg] enable_cycle -> _87047_/D : -45.527905
[setup in-reg] enable_cycle -> _87048_/D : -45.527905
[setup in-reg] enable_cycle -> _87049_/D : -45.527905
[setup in-reg] enable_cycle -> _87050_/D : -45.527905
[setup in-reg] enable_cycle -> _87051_/D : -45.527905
[setup in-reg] enable_cycle -> _87052_/D : -45.527905
[setup in-reg] enable_cycle -> _87053_/D : -45.527905
[setup in-reg] enable_cycle -> _87054_/D : -45.527905
[setup in-reg] enable_cycle -> _87125_/D : -45.527905
[setup in-reg] enable_cycle -> _87126_/D : -45.527905
[setup in-reg] enable_cycle -> _87127_/D : -45.527905
[setup in-reg] enable_cycle -> _87128_/D : -45.527905
[setup in-reg] enable_cycle -> _87129_/D : -45.527905
[setup in-reg] enable_cycle -> _87130_/D : -45.527905
[setup in-reg] enable_cycle -> _87131_/D : -45.527905
[setup in-reg] enable_cycle -> _87132_/D : -45.527905
[setup in-reg] enable_cycle -> _87149_/D : -45.527905
[setup in-reg] enable_cycle -> _87150_/D : -45.527905
[setup in-reg] enable_cycle -> _87151_/D : -45.527905
[setup in-reg] enable_cycle -> _87152_/D : -45.527905
[setup in-reg] enable_cycle -> _87153_/D : -45.527905
[setup in-reg] enable_cycle -> _87154_/D : -45.527905
[setup in-reg] enable_cycle -> _87155_/D : -45.527905
[setup in-reg] enable_cycle -> _87156_/D : -45.527905
[setup in-reg] enable_cycle -> _87157_/D : -45.527905
[setup in-reg] enable_cycle -> _87158_/D : -45.527905
[setup in-reg] enable_cycle -> _87159_/D : -45.527905
[setup in-reg] enable_cycle -> _87160_/D : -45.527905
[setup in-reg] enable_cycle -> _87161_/D : -45.527905
[setup in-reg] enable_cycle -> _87162_/D : -45.527905
[setup in-reg] enable_cycle -> _87163_/D : -45.527905
[setup in-reg] enable_cycle -> _87164_/D : -45.527905
[setup in-reg] enable_cycle -> _87165_/D : -45.527905
[setup in-reg] enable_cycle -> _87166_/D : -45.527905
[setup in-reg] enable_cycle -> _87167_/D : -45.527905
[setup in-reg] enable_cycle -> _87168_/D : -45.527905
[setup in-reg] enable_cycle -> _87169_/D : -45.527905
[setup in-reg] enable_cycle -> _87170_/D : -45.527905
[setup in-reg] enable_cycle -> _87171_/D : -45.527905
[setup in-reg] enable_cycle -> _87258_/D : -45.527905
[setup in-reg] enable_cycle -> _87259_/D : -45.527905
[setup in-reg] enable_cycle -> _87260_/D : -45.527905
[setup in-reg] enable_cycle -> _87261_/D : -45.527905
[setup in-reg] enable_cycle -> _87262_/D : -45.527905
[setup in-reg] enable_cycle -> _87263_/D : -45.527905
[setup in-reg] enable_cycle -> _87264_/D : -45.527905
[setup in-reg] enable_cycle -> _87265_/D : -45.527905
[setup in-reg] enable_cycle -> _87290_/D : -45.527905
[setup in-reg] enable_cycle -> _87291_/D : -45.527905
[setup in-reg] enable_cycle -> _87292_/D : -45.527905
[setup in-reg] enable_cycle -> _87293_/D : -45.527905
[setup in-reg] enable_cycle -> _87294_/D : -45.527905
[setup in-reg] enable_cycle -> _87295_/D : -45.527905
[setup in-reg] enable_cycle -> _87296_/D : -45.527905
[setup in-reg] enable_cycle -> _87297_/D : -45.527905
[setup in-reg] enable_cycle -> _87298_/D : -45.527905
[setup in-reg] enable_cycle -> _87299_/D : -45.527905
[setup in-reg] enable_cycle -> _87300_/D : -45.527905
[setup in-reg] enable_cycle -> _87301_/D : -45.527905
[setup in-reg] enable_cycle -> _87302_/D : -45.527905
[setup in-reg] enable_cycle -> _87303_/D : -45.527905
[setup in-reg] enable_cycle -> _87304_/D : -45.527905
[setup in-reg] enable_cycle -> _87305_/D : -45.527905
[setup in-reg] enable_cycle -> _87306_/D : -45.527905
[setup in-reg] enable_cycle -> _87307_/D : -45.527905
[setup in-reg] enable_cycle -> _87308_/D : -45.527905
[setup in-reg] enable_cycle -> _87309_/D : -45.527905
[setup in-reg] enable_cycle -> _87310_/D : -45.527905
[setup in-reg] enable_cycle -> _87311_/D : -45.527905
[setup in-reg] enable_cycle -> _87312_/D : -45.527905
[setup in-reg] enable_cycle -> _87313_/D : -45.527905
[setup in-reg] enable_cycle -> _87346_/D : -45.527905
[setup in-reg] enable_cycle -> _87347_/D : -45.527905
[setup in-reg] enable_cycle -> _87348_/D : -45.527905
[setup in-reg] enable_cycle -> _87349_/D : -45.527905
[setup in-reg] enable_cycle -> _87350_/D : -45.527905
[setup in-reg] enable_cycle -> _87351_/D : -45.527905
[setup in-reg] enable_cycle -> _87352_/D : -45.527905
[setup in-reg] enable_cycle -> _87353_/D : -45.527905
[setup in-reg] enable_cycle -> _87354_/D : -45.527905
[setup in-reg] enable_cycle -> _87355_/D : -45.527905
[setup in-reg] enable_cycle -> _87356_/D : -45.527905
[setup in-reg] enable_cycle -> _87357_/D : -45.527905
[setup in-reg] enable_cycle -> _87358_/D : -45.527905
[setup in-reg] enable_cycle -> _87359_/D : -45.527905
[setup in-reg] enable_cycle -> _87360_/D : -45.527905
[setup in-reg] enable_cycle -> _87361_/D : -45.527905
[setup in-reg] enable_cycle -> _87362_/D : -45.527905
[setup in-reg] enable_cycle -> _87363_/D : -45.527905
[setup in-reg] enable_cycle -> _87364_/D : -45.527905
[setup in-reg] enable_cycle -> _87365_/D : -45.527905
[setup in-reg] enable_cycle -> _87366_/D : -45.527905
[setup in-reg] enable_cycle -> _87367_/D : -45.527905
[setup in-reg] enable_cycle -> _87368_/D : -45.527905
[setup in-reg] enable_cycle -> _87369_/D : -45.527905
[setup in-reg] enable_cycle -> _87370_/D : -45.527905
[setup in-reg] enable_cycle -> _87371_/D : -45.527905
[setup in-reg] enable_cycle -> _87372_/D : -45.527905
[setup in-reg] enable_cycle -> _87373_/D : -45.527905
[setup in-reg] enable_cycle -> _87374_/D : -45.527905
[setup in-reg] enable_cycle -> _87375_/D : -45.527905
[setup in-reg] enable_cycle -> _87376_/D : -45.527905
[setup in-reg] enable_cycle -> _87377_/D : -45.527905
[setup in-reg] enable_cycle -> _87378_/D : -45.527905
[setup in-reg] enable_cycle -> _87379_/D : -45.527905
[setup in-reg] enable_cycle -> _87380_/D : -45.527905
[setup in-reg] enable_cycle -> _87381_/D : -45.527905
[setup in-reg] enable_cycle -> _87382_/D : -45.527905
[setup in-reg] enable_cycle -> _87383_/D : -45.527905
[setup in-reg] enable_cycle -> _87384_/D : -45.527905
[setup in-reg] enable_cycle -> _87385_/D : -45.527905
[setup in-reg] enable_cycle -> _87386_/D : -45.527905
[setup in-reg] enable_cycle -> _87387_/D : -45.527905
[setup in-reg] enable_cycle -> _87388_/D : -45.527905
[setup in-reg] enable_cycle -> _87389_/D : -45.527905
[setup in-reg] enable_cycle -> _87390_/D : -45.527905
[setup in-reg] enable_cycle -> _87391_/D : -45.527905
[setup in-reg] enable_cycle -> _87392_/D : -45.527905
[setup in-reg] enable_cycle -> _87393_/D : -45.527905
[setup in-reg] enable_cycle -> _87394_/D : -45.527905
[setup in-reg] enable_cycle -> _87395_/D : -45.527905
[setup in-reg] enable_cycle -> _87396_/D : -45.527905
[setup in-reg] enable_cycle -> _87397_/D : -45.527905
[setup in-reg] enable_cycle -> _87398_/D : -45.527905
[setup in-reg] enable_cycle -> _87399_/D : -45.527905
[setup in-reg] enable_cycle -> _87400_/D : -45.527905
[setup in-reg] enable_cycle -> _87401_/D : -45.527905
[setup in-reg] enable_cycle -> _87402_/D : -45.527905
[setup in-reg] enable_cycle -> _87403_/D : -45.527905
[setup in-reg] enable_cycle -> _87404_/D : -45.527905
[setup in-reg] enable_cycle -> _87405_/D : -45.527905
[setup in-reg] enable_cycle -> _87406_/D : -45.527905
[setup in-reg] enable_cycle -> _87407_/D : -45.527905
[setup in-reg] enable_cycle -> _87408_/D : -45.527905
[setup in-reg] enable_cycle -> _87409_/D : -45.527905
[setup in-reg] enable_cycle -> _87410_/D : -45.527905
[setup in-reg] enable_cycle -> _87411_/D : -45.527905
[setup in-reg] enable_cycle -> _87412_/D : -45.527905
[setup in-reg] enable_cycle -> _87413_/D : -45.527905
[setup in-reg] enable_cycle -> _87414_/D : -45.527905
[setup in-reg] enable_cycle -> _87415_/D : -45.527905
[setup in-reg] enable_cycle -> _87416_/D : -45.527905
[setup in-reg] enable_cycle -> _87417_/D : -45.527905
[setup in-reg] enable_cycle -> _87418_/D : -45.527905
[setup in-reg] enable_cycle -> _87419_/D : -45.527905
[setup in-reg] enable_cycle -> _87420_/D : -45.527905
[setup in-reg] enable_cycle -> _87421_/D : -45.527905
[setup in-reg] enable_cycle -> _87422_/D : -45.527905
[setup in-reg] enable_cycle -> _87423_/D : -45.527905
[setup in-reg] enable_cycle -> _87424_/D : -45.527905
[setup in-reg] enable_cycle -> _87425_/D : -45.527905
[setup in-reg] enable_cycle -> _87426_/D : -45.527905
[setup in-reg] enable_cycle -> _87427_/D : -45.527905
[setup in-reg] enable_cycle -> _87428_/D : -45.527905
[setup in-reg] enable_cycle -> _87429_/D : -45.527905
[setup in-reg] enable_cycle -> _87430_/D : -45.527905
[setup in-reg] enable_cycle -> _87431_/D : -45.527905
[setup in-reg] enable_cycle -> _87432_/D : -45.527905
[setup in-reg] enable_cycle -> _87433_/D : -45.527905
[setup in-reg] enable_cycle -> _87434_/D : -45.527905
[setup in-reg] enable_cycle -> _87435_/D : -45.527905
[setup in-reg] enable_cycle -> _87436_/D : -45.527905
[setup in-reg] enable_cycle -> _87437_/D : -45.527905
[setup in-reg] enable_cycle -> _87438_/D : -45.527905
[setup in-reg] enable_cycle -> _87439_/D : -45.527905
[setup in-reg] enable_cycle -> _87440_/D : -45.527905
[setup in-reg] enable_cycle -> _87441_/D : -45.527905
[setup in-reg] enable_cycle -> _87442_/D : -45.527905
[setup in-reg] enable_cycle -> _87443_/D : -45.527905
[setup in-reg] enable_cycle -> _87444_/D : -45.527905
[setup in-reg] enable_cycle -> _87445_/D : -45.527905
[setup in-reg] enable_cycle -> _87446_/D : -45.527905
[setup in-reg] enable_cycle -> _87447_/D : -45.527905
[setup in-reg] enable_cycle -> _87448_/D : -45.527905
[setup in-reg] enable_cycle -> _87449_/D : -45.527905
[setup in-reg] enable_cycle -> _87450_/D : -45.527905
[setup in-reg] enable_cycle -> _87451_/D : -45.527905
[setup in-reg] enable_cycle -> _87452_/D : -45.527905
[setup in-reg] enable_cycle -> _87453_/D : -45.527905
[setup in-reg] enable_cycle -> _87454_/D : -45.527905
[setup in-reg] enable_cycle -> _87455_/D : -45.527905
[setup in-reg] enable_cycle -> _87456_/D : -45.527905
[setup in-reg] enable_cycle -> _87457_/D : -45.527905
[setup in-reg] enable_cycle -> _87458_/D : -45.527905
[setup in-reg] enable_cycle -> _87459_/D : -45.527905
[setup in-reg] enable_cycle -> _87460_/D : -45.527905
[setup in-reg] enable_cycle -> _87461_/D : -45.527905
[setup in-reg] enable_cycle -> _87462_/D : -45.527905
[setup in-reg] enable_cycle -> _87463_/D : -45.527905
[setup in-reg] enable_cycle -> _87464_/D : -45.527905
[setup in-reg] enable_cycle -> _87465_/D : -45.527905
[setup in-reg] enable_cycle -> _87466_/D : -45.527905
[setup in-reg] enable_cycle -> _87467_/D : -45.527905
[setup in-reg] enable_cycle -> _87468_/D : -45.527905
[setup in-reg] enable_cycle -> _87469_/D : -45.527905
[setup in-reg] enable_cycle -> _87470_/D : -45.527905
[setup in-reg] enable_cycle -> _87471_/D : -45.527905
[setup in-reg] enable_cycle -> _87472_/D : -45.527905
[setup in-reg] enable_cycle -> _87473_/D : -45.527905
[setup in-reg] enable_cycle -> _87474_/D : -45.527905
[setup in-reg] enable_cycle -> _87475_/D : -45.527905
[setup in-reg] enable_cycle -> _87476_/D : -45.527905
[setup in-reg] enable_cycle -> _87477_/D : -45.527905
[setup in-reg] enable_cycle -> _87478_/D : -45.527905
[setup in-reg] enable_cycle -> _87479_/D : -45.527905
[setup in-reg] enable_cycle -> _87480_/D : -45.527905
[setup in-reg] enable_cycle -> _87481_/D : -45.527905
[setup in-reg] enable_cycle -> _87482_/D : -45.527905
[setup in-reg] enable_cycle -> _87483_/D : -45.527905
[setup in-reg] enable_cycle -> _87484_/D : -45.527905
[setup in-reg] enable_cycle -> _87485_/D : -45.527905
[setup in-reg] enable_cycle -> _87486_/D : -45.527905
[setup in-reg] enable_cycle -> _87487_/D : -45.527905
[setup in-reg] enable_cycle -> _87488_/D : -45.527905
[setup in-reg] enable_cycle -> _87489_/D : -45.527905
[setup in-reg] enable_cycle -> _87490_/D : -45.527905
[setup in-reg] enable_cycle -> _87491_/D : -45.527905
[setup in-reg] enable_cycle -> _87492_/D : -45.527905
[setup in-reg] enable_cycle -> _87493_/D : -45.527905
[setup in-reg] enable_cycle -> _87494_/D : -45.527905
[setup in-reg] enable_cycle -> _87495_/D : -45.527905
[setup in-reg] enable_cycle -> _87496_/D : -45.527905
[setup in-reg] enable_cycle -> _87497_/D : -45.527905
[setup in-reg] enable_cycle -> _87498_/D : -45.527905
[setup in-reg] enable_cycle -> _87499_/D : -45.527905
[setup in-reg] enable_cycle -> _87500_/D : -45.527905
[setup in-reg] enable_cycle -> _87501_/D : -45.527905
[setup in-reg] enable_cycle -> _87502_/D : -45.527905
[setup in-reg] enable_cycle -> _87503_/D : -45.527905
[setup in-reg] enable_cycle -> _87504_/D : -45.527905
[setup in-reg] enable_cycle -> _87505_/D : -45.527905
[setup in-reg] enable_cycle -> _87506_/D : -45.527905
[setup in-reg] enable_cycle -> _87507_/D : -45.527905
[setup in-reg] enable_cycle -> _87508_/D : -45.527905
[setup in-reg] enable_cycle -> _87509_/D : -45.527905
[setup in-reg] enable_cycle -> _87510_/D : -45.527905
[setup in-reg] enable_cycle -> _87511_/D : -45.527905
[setup in-reg] enable_cycle -> _87512_/D : -45.527905
[setup in-reg] enable_cycle -> _87513_/D : -45.527905
[setup in-reg] enable_cycle -> _87514_/D : -45.527905
[setup in-reg] enable_cycle -> _87515_/D : -45.527905
[setup in-reg] enable_cycle -> _87516_/D : -45.527905
[setup in-reg] enable_cycle -> _87517_/D : -45.527905
[setup in-reg] enable_cycle -> _87518_/D : -45.527905
[setup in-reg] enable_cycle -> _87519_/D : -45.527905
[setup in-reg] enable_cycle -> _87520_/D : -45.527905
[setup in-reg] enable_cycle -> _87521_/D : -45.527905
[setup in-reg] enable_cycle -> _87522_/D : -45.527905
[setup in-reg] enable_cycle -> _87523_/D : -45.527905
[setup in-reg] enable_cycle -> _87524_/D : -45.527905
[setup in-reg] enable_cycle -> _87525_/D : -45.527905
[setup in-reg] enable_cycle -> _87526_/D : -45.527905
[setup in-reg] enable_cycle -> _87527_/D : -45.527905
[setup in-reg] enable_cycle -> _87528_/D : -45.527905
[setup in-reg] enable_cycle -> _87529_/D : -45.527905
[setup in-reg] enable_cycle -> _87530_/D : -45.527905
[setup in-reg] enable_cycle -> _87531_/D : -45.527905
[setup in-reg] enable_cycle -> _87532_/D : -45.527905
[setup in-reg] enable_cycle -> _87533_/D : -45.527905
[setup in-reg] enable_cycle -> _87534_/D : -45.527905
[setup in-reg] enable_cycle -> _87535_/D : -45.527905
[setup in-reg] enable_cycle -> _87536_/D : -45.527905
[setup in-reg] enable_cycle -> _87537_/D : -45.527905
[setup in-reg] enable_cycle -> _87538_/D : -45.527905
[setup in-reg] enable_cycle -> _87539_/D : -45.527905
[setup in-reg] enable_cycle -> _87540_/D : -45.527905
[setup in-reg] enable_cycle -> _87541_/D : -45.527905
[setup in-reg] enable_cycle -> _87542_/D : -45.527905
[setup in-reg] enable_cycle -> _87543_/D : -45.527905
[setup in-reg] enable_cycle -> _87544_/D : -45.527905
[setup in-reg] enable_cycle -> _87545_/D : -45.527905
[setup in-reg] enable_cycle -> _87546_/D : -45.527905
[setup in-reg] enable_cycle -> _87547_/D : -45.527905
[setup in-reg] enable_cycle -> _87548_/D : -45.527905
[setup in-reg] enable_cycle -> _87549_/D : -45.527905
[setup in-reg] enable_cycle -> _87550_/D : -45.527905
[setup in-reg] enable_cycle -> _87551_/D : -45.527905
[setup in-reg] enable_cycle -> _87552_/D : -45.527905
[setup in-reg] enable_cycle -> _87553_/D : -45.527905
[setup in-reg] enable_cycle -> _87554_/D : -45.527905
[setup in-reg] enable_cycle -> _87555_/D : -45.527905
[setup in-reg] enable_cycle -> _87556_/D : -45.527905
[setup in-reg] enable_cycle -> _87557_/D : -45.527905
[setup in-reg] enable_cycle -> _87558_/D : -45.527905
[setup in-reg] enable_cycle -> _87559_/D : -45.527905
[setup in-reg] enable_cycle -> _87560_/D : -45.527905
[setup in-reg] enable_cycle -> _87561_/D : -45.527905
[setup in-reg] enable_cycle -> _87618_/D : -45.527905
[setup in-reg] enable_cycle -> _87619_/D : -45.527905
[setup in-reg] enable_cycle -> _87620_/D : -45.527905
[setup in-reg] enable_cycle -> _87621_/D : -45.527905
[setup in-reg] enable_cycle -> _87622_/D : -45.527905
[setup in-reg] enable_cycle -> _87623_/D : -45.527905
[setup in-reg] enable_cycle -> _87624_/D : -45.527905
[setup in-reg] enable_cycle -> _87625_/D : -45.527905
[setup in-reg] enable_cycle -> _87682_/D : -45.527905
[setup in-reg] enable_cycle -> _87683_/D : -45.527905
[setup in-reg] enable_cycle -> _87684_/D : -45.527905
[setup in-reg] enable_cycle -> _87685_/D : -45.527905
[setup in-reg] enable_cycle -> _87686_/D : -45.527905
[setup in-reg] enable_cycle -> _87687_/D : -45.527905
[setup in-reg] enable_cycle -> _87688_/D : -45.527905
[setup in-reg] enable_cycle -> _87689_/D : -45.527905
[setup in-reg] enable_cycle -> _87746_/D : -45.527905
[setup in-reg] enable_cycle -> _87747_/D : -45.527905
[setup in-reg] enable_cycle -> _87748_/D : -45.527905
[setup in-reg] enable_cycle -> _87749_/D : -45.527905
[setup in-reg] enable_cycle -> _87750_/D : -45.527905
[setup in-reg] enable_cycle -> _87751_/D : -45.527905
[setup in-reg] enable_cycle -> _87752_/D : -45.527905
[setup in-reg] enable_cycle -> _87753_/D : -45.527905
[setup in-reg] enable_cycle -> _87810_/D : -45.527905
[setup in-reg] enable_cycle -> _87811_/D : -45.527905
[setup in-reg] enable_cycle -> _87812_/D : -45.527905
[setup in-reg] enable_cycle -> _87813_/D : -45.527905
[setup in-reg] enable_cycle -> _87814_/D : -45.527905
[setup in-reg] enable_cycle -> _87815_/D : -45.527905
[setup in-reg] enable_cycle -> _87816_/D : -45.527905
[setup in-reg] enable_cycle -> _87817_/D : -45.527905
[setup in-reg] enable_cycle -> _87874_/D : -45.527905
[setup in-reg] enable_cycle -> _87875_/D : -45.527905
[setup in-reg] enable_cycle -> _87876_/D : -45.527905
[setup in-reg] enable_cycle -> _87877_/D : -45.527905
[setup in-reg] enable_cycle -> _87878_/D : -45.527905
[setup in-reg] enable_cycle -> _87879_/D : -45.527905
[setup in-reg] enable_cycle -> _87880_/D : -45.527905
[setup in-reg] enable_cycle -> _87881_/D : -45.527905
[setup in-reg] enable_cycle -> _87938_/D : -45.527905
[setup in-reg] enable_cycle -> _87939_/D : -45.527905
[setup in-reg] enable_cycle -> _87940_/D : -45.527905
[setup in-reg] enable_cycle -> _87941_/D : -45.527905
[setup in-reg] enable_cycle -> _87942_/D : -45.527905
[setup in-reg] enable_cycle -> _87943_/D : -45.527905
[setup in-reg] enable_cycle -> _87944_/D : -45.527905
[setup in-reg] enable_cycle -> _87945_/D : -45.527905
[setup in-reg] enable_cycle -> _88035_/D : -45.527905
[setup in-reg] enable_cycle -> _88036_/D : -45.527905
[setup in-reg] enable_cycle -> _88037_/D : -45.527905
[setup in-reg] enable_cycle -> _88038_/D : -45.527905
[setup in-reg] enable_cycle -> _88039_/D : -45.527905
[setup in-reg] enable_cycle -> _88040_/D : -45.527905
[setup in-reg] enable_cycle -> _88041_/D : -45.527905
[setup in-reg] enable_cycle -> _88042_/D : -45.527905
[setup in-reg] enable_cycle -> _88043_/D : -45.527905
[setup in-reg] enable_cycle -> _88044_/D : -45.527905
[setup in-reg] enable_cycle -> _88045_/D : -45.527905
[setup in-reg] enable_cycle -> _88046_/D : -45.527905
[setup in-reg] enable_cycle -> _88047_/D : -45.527905
[setup in-reg] enable_cycle -> _88048_/D : -45.527905
[setup in-reg] enable_cycle -> _88049_/D : -45.527905
[setup in-reg] enable_cycle -> _88050_/D : -45.527905
[setup in-reg] enable_cycle -> _88051_/D : -45.527905
[setup in-reg] enable_cycle -> _88060_/D : -45.527905
[setup in-reg] enable_cycle -> _88061_/D : -45.527905
[setup in-reg] enable_cycle -> _88062_/D : -45.527905
[setup in-reg] enable_cycle -> _88063_/D : -45.527905
[setup in-reg] enable_cycle -> _88064_/D : -45.527905
[setup in-reg] enable_cycle -> _88065_/D : -45.527905
[setup in-reg] enable_cycle -> _88066_/D : -45.527905
[setup in-reg] enable_cycle -> _88067_/D : -45.527905
[setup in-reg] enable_cycle -> _88068_/D : -45.527905
[setup in-reg] enable_cycle -> _88069_/D : -45.527905
[setup in-reg] enable_cycle -> _88070_/D : -45.527905
[setup in-reg] enable_cycle -> _88071_/D : -45.527905
[setup in-reg] enable_cycle -> _88072_/D : -45.527905
[setup in-reg] enable_cycle -> _88073_/D : -45.527905
[setup in-reg] enable_cycle -> _88074_/D : -45.527905
[setup in-reg] enable_cycle -> _88075_/D : -45.527905
[setup in-reg] enable_cycle -> _88076_/D : -45.527905
[setup in-reg] enable_cycle -> _88077_/D : -45.527905
[setup in-reg] enable_cycle -> _88078_/D : -45.527905
[setup in-reg] enable_cycle -> _88079_/D : -45.527905
[setup in-reg] enable_cycle -> _88080_/D : -45.527905
[setup in-reg] enable_cycle -> _88081_/D : -45.527905
[setup in-reg] enable_cycle -> _88082_/D : -45.527905
[setup in-reg] enable_cycle -> _88083_/D : -45.527905
[setup in-reg] enable_cycle -> _88142_/D : -45.527905
[setup in-reg] enable_cycle -> _88143_/D : -45.527905
[setup in-reg] enable_cycle -> _88144_/D : -45.527905
[setup in-reg] enable_cycle -> _88145_/D : -45.527905
[setup in-reg] enable_cycle -> _88146_/D : -45.527905
[setup in-reg] enable_cycle -> _88147_/D : -45.527905
[setup in-reg] enable_cycle -> _88148_/D : -45.527905
[setup in-reg] enable_cycle -> _88149_/D : -45.527905
[setup in-reg] enable_cycle -> _88150_/D : -45.527905
[setup in-reg] enable_cycle -> _88151_/D : -45.527905
[setup in-reg] enable_cycle -> _88152_/D : -45.527905
[setup in-reg] enable_cycle -> _88153_/D : -45.527905
[setup in-reg] enable_cycle -> _88154_/D : -45.527905
[setup in-reg] enable_cycle -> _88155_/D : -45.527905
[setup in-reg] enable_cycle -> _88156_/D : -45.527905
[setup in-reg] enable_cycle -> _88157_/D : -45.527905
[setup in-reg] enable_cycle -> _88158_/D : -45.527905
[setup in-reg] enable_cycle -> _88159_/D : -45.527905
[setup in-reg] enable_cycle -> _88160_/D : -45.527905
[setup in-reg] enable_cycle -> _88161_/D : -45.527905
[setup in-reg] enable_cycle -> _88162_/D : -45.527905
[setup in-reg] enable_cycle -> _88163_/D : -45.527905
[setup in-reg] enable_cycle -> _88164_/D : -45.527905
[setup in-reg] enable_cycle -> _88165_/D : -45.527905
[setup in-reg] enable_cycle -> _88224_/D : -45.527905
[setup in-reg] enable_cycle -> _88225_/D : -45.527905
[setup in-reg] enable_cycle -> _88226_/D : -45.527905
[setup in-reg] enable_cycle -> _88227_/D : -45.527905
[setup in-reg] enable_cycle -> _88228_/D : -45.527905
[setup in-reg] enable_cycle -> _88229_/D : -45.527905
[setup in-reg] enable_cycle -> _88230_/D : -45.527905
[setup in-reg] enable_cycle -> _88231_/D : -45.527905
[setup in-reg] enable_cycle -> _88232_/D : -45.527905
[setup in-reg] enable_cycle -> _88233_/D : -45.527905
[setup in-reg] enable_cycle -> _88234_/D : -45.527905
[setup in-reg] enable_cycle -> _88235_/D : -45.527905
[setup in-reg] enable_cycle -> _88236_/D : -45.527905
[setup in-reg] enable_cycle -> _88237_/D : -45.527905
[setup in-reg] enable_cycle -> _88238_/D : -45.527905
[setup in-reg] enable_cycle -> _88239_/D : -45.527905
[setup in-reg] enable_cycle -> _88240_/D : -45.527905
[setup in-reg] enable_cycle -> _88241_/D : -45.527905
[setup in-reg] enable_cycle -> _88242_/D : -45.527905
[setup in-reg] enable_cycle -> _88243_/D : -45.527905
[setup in-reg] enable_cycle -> _88244_/D : -45.527905
[setup in-reg] enable_cycle -> _88245_/D : -45.527905
[setup in-reg] enable_cycle -> _88246_/D : -45.527905
[setup in-reg] enable_cycle -> _88247_/D : -45.527905
[setup in-reg] enable_cycle -> _88306_/D : -45.527905
[setup in-reg] enable_cycle -> _88307_/D : -45.527905
[setup in-reg] enable_cycle -> _88308_/D : -45.527905
[setup in-reg] enable_cycle -> _88309_/D : -45.527905
[setup in-reg] enable_cycle -> _88310_/D : -45.527905
[setup in-reg] enable_cycle -> _88311_/D : -45.527905
[setup in-reg] enable_cycle -> _88312_/D : -45.527905
[setup in-reg] enable_cycle -> _88313_/D : -45.527905
[setup in-reg] enable_cycle -> _88314_/D : -45.527905
[setup in-reg] enable_cycle -> _88315_/D : -45.527905
[setup in-reg] enable_cycle -> _88316_/D : -45.527905
[setup in-reg] enable_cycle -> _88317_/D : -45.527905
[setup in-reg] enable_cycle -> _88318_/D : -45.527905
[setup in-reg] enable_cycle -> _88319_/D : -45.527905
[setup in-reg] enable_cycle -> _88320_/D : -45.527905
[setup in-reg] enable_cycle -> _88321_/D : -45.527905
[setup in-reg] enable_cycle -> _88322_/D : -45.527905
[setup in-reg] enable_cycle -> _88323_/D : -45.527905
[setup in-reg] enable_cycle -> _88324_/D : -45.527905
[setup in-reg] enable_cycle -> _88325_/D : -45.527905
[setup in-reg] enable_cycle -> _88326_/D : -45.527905
[setup in-reg] enable_cycle -> _88327_/D : -45.527905
[setup in-reg] enable_cycle -> _88328_/D : -45.527905
[setup in-reg] enable_cycle -> _88329_/D : -45.527905
[setup in-reg] enable_cycle -> _88388_/D : -45.527905
[setup in-reg] enable_cycle -> _88389_/D : -45.527905
[setup in-reg] enable_cycle -> _88390_/D : -45.527905
[setup in-reg] enable_cycle -> _88391_/D : -45.527905
[setup in-reg] enable_cycle -> _88392_/D : -45.527905
[setup in-reg] enable_cycle -> _88393_/D : -45.527905
[setup in-reg] enable_cycle -> _88394_/D : -45.527905
[setup in-reg] enable_cycle -> _88395_/D : -45.527905
[setup in-reg] enable_cycle -> _88396_/D : -45.527905
[setup in-reg] enable_cycle -> _88397_/D : -45.527905
[setup in-reg] enable_cycle -> _88398_/D : -45.527905
[setup in-reg] enable_cycle -> _88399_/D : -45.527905
[setup in-reg] enable_cycle -> _88400_/D : -45.527905
[setup in-reg] enable_cycle -> _88401_/D : -45.527905
[setup in-reg] enable_cycle -> _88402_/D : -45.527905
[setup in-reg] enable_cycle -> _88403_/D : -45.527905
[setup in-reg] enable_cycle -> _88404_/D : -45.527905
[setup in-reg] enable_cycle -> _88405_/D : -45.527905
[setup in-reg] enable_cycle -> _88406_/D : -45.527905
[setup in-reg] enable_cycle -> _88407_/D : -45.527905
[setup in-reg] enable_cycle -> _88408_/D : -45.527905
[setup in-reg] enable_cycle -> _88409_/D : -45.527905
[setup in-reg] enable_cycle -> _88410_/D : -45.527905
[setup in-reg] enable_cycle -> _88411_/D : -45.527905
[setup in-reg] enable_cycle -> _88470_/D : -45.527905
[setup in-reg] enable_cycle -> _88471_/D : -45.527905
[setup in-reg] enable_cycle -> _88472_/D : -45.527905
[setup in-reg] enable_cycle -> _88473_/D : -45.527905
[setup in-reg] enable_cycle -> _88474_/D : -45.527905
[setup in-reg] enable_cycle -> _88475_/D : -45.527905
[setup in-reg] enable_cycle -> _88476_/D : -45.527905
[setup in-reg] enable_cycle -> _88477_/D : -45.527905
[setup in-reg] enable_cycle -> _88478_/D : -45.527905
[setup in-reg] enable_cycle -> _88479_/D : -45.527905
[setup in-reg] enable_cycle -> _88480_/D : -45.527905
[setup in-reg] enable_cycle -> _88481_/D : -45.527905
[setup in-reg] enable_cycle -> _88482_/D : -45.527905
[setup in-reg] enable_cycle -> _88483_/D : -45.527905
[setup in-reg] enable_cycle -> _88484_/D : -45.527905
[setup in-reg] enable_cycle -> _88485_/D : -45.527905
[setup in-reg] enable_cycle -> _88486_/D : -45.527905
[setup in-reg] enable_cycle -> _88487_/D : -45.527905
[setup in-reg] enable_cycle -> _88488_/D : -45.527905
[setup in-reg] enable_cycle -> _88489_/D : -45.527905
[setup in-reg] enable_cycle -> _88490_/D : -45.527905
[setup in-reg] enable_cycle -> _88491_/D : -45.527905
[setup in-reg] enable_cycle -> _88492_/D : -45.527905
[setup in-reg] enable_cycle -> _88493_/D : -45.527905
[setup in-reg] enable_cycle -> _88552_/D : -45.527905
[setup in-reg] enable_cycle -> _88553_/D : -45.527905
[setup in-reg] enable_cycle -> _88554_/D : -45.527905
[setup in-reg] enable_cycle -> _88555_/D : -45.527905
[setup in-reg] enable_cycle -> _88556_/D : -45.527905
[setup in-reg] enable_cycle -> _88557_/D : -45.527905
[setup in-reg] enable_cycle -> _88558_/D : -45.527905
[setup in-reg] enable_cycle -> _88559_/D : -45.527905
[setup in-reg] enable_cycle -> _88560_/D : -45.527905
[setup in-reg] enable_cycle -> _88561_/D : -45.527905
[setup in-reg] enable_cycle -> _88562_/D : -45.527905
[setup in-reg] enable_cycle -> _88563_/D : -45.527905
[setup in-reg] enable_cycle -> _88564_/D : -45.527905
[setup in-reg] enable_cycle -> _88565_/D : -45.527905
[setup in-reg] enable_cycle -> _88566_/D : -45.527905
[setup in-reg] enable_cycle -> _88567_/D : -45.527905
[setup in-reg] enable_cycle -> _88568_/D : -45.527905
[setup in-reg] enable_cycle -> _88569_/D : -45.527905
[setup in-reg] enable_cycle -> _88570_/D : -45.527905
[setup in-reg] enable_cycle -> _88571_/D : -45.527905
[setup in-reg] enable_cycle -> _88572_/D : -45.527905
[setup in-reg] enable_cycle -> _88573_/D : -45.527905
[setup in-reg] enable_cycle -> _88574_/D : -45.527905
[setup in-reg] enable_cycle -> _88575_/D : -45.527905
[setup in-reg] enable_cycle -> _88668_/D : -45.527905
[setup in-reg] enable_cycle -> _88669_/D : -45.527905
[setup in-reg] enable_cycle -> _88670_/D : -45.527905
[setup in-reg] enable_cycle -> _88671_/D : -45.527905
[setup in-reg] enable_cycle -> _88672_/D : -45.527905
[setup in-reg] enable_cycle -> _88673_/D : -45.527905
[setup in-reg] enable_cycle -> _88674_/D : -45.527905
[setup in-reg] enable_cycle -> _88675_/D : -45.527905
[setup in-reg] enable_cycle -> _88676_/D : -45.527905
[setup in-reg] enable_cycle -> _88677_/D : -45.527905
[setup in-reg] enable_cycle -> _88678_/D : -45.527905
[setup in-reg] enable_cycle -> _88679_/D : -45.527905
[setup in-reg] enable_cycle -> _88680_/D : -45.527905
[setup in-reg] enable_cycle -> _88681_/D : -45.527905
[setup in-reg] enable_cycle -> _88682_/D : -45.527905
[setup in-reg] enable_cycle -> _88683_/D : -45.527905
[setup in-reg] enable_cycle -> _88684_/D : -45.527905
[setup in-reg] enable_cycle -> _88685_/D : -45.527905
[setup in-reg] enable_cycle -> _88694_/D : -45.527905
[setup in-reg] enable_cycle -> _88695_/D : -45.527905
[setup in-reg] enable_cycle -> _88696_/D : -45.527905
[setup in-reg] enable_cycle -> _88697_/D : -45.527905
[setup in-reg] enable_cycle -> _88698_/D : -45.527905
[setup in-reg] enable_cycle -> _88699_/D : -45.527905
[setup in-reg] enable_cycle -> _88700_/D : -45.527905
[setup in-reg] enable_cycle -> _88701_/D : -45.527905
[setup in-reg] enable_cycle -> _88702_/D : -45.527905
[setup in-reg] enable_cycle -> _88703_/D : -45.527905
[setup in-reg] enable_cycle -> _88704_/D : -45.527905
[setup in-reg] enable_cycle -> _88705_/D : -45.527905
[setup in-reg] enable_cycle -> _88706_/D : -45.527905
[setup in-reg] enable_cycle -> _88707_/D : -45.527905
[setup in-reg] enable_cycle -> _88708_/D : -45.527905
[setup in-reg] enable_cycle -> _88709_/D : -45.527905
[setup in-reg] enable_cycle -> _88710_/D : -45.527905
[setup in-reg] enable_cycle -> _88711_/D : -45.527905
[setup in-reg] enable_cycle -> _88712_/D : -45.527905
[setup in-reg] enable_cycle -> _88713_/D : -45.527905
[setup in-reg] enable_cycle -> _88714_/D : -45.527905
[setup in-reg] enable_cycle -> _88715_/D : -45.527905
[setup in-reg] enable_cycle -> _88716_/D : -45.527905
[setup in-reg] enable_cycle -> _88717_/D : -45.527905
[setup in-reg] enable_cycle -> _88718_/D : -45.527905
[setup in-reg] enable_cycle -> _88779_/D : -45.527905
[setup in-reg] enable_cycle -> _88780_/D : -45.527905
[setup in-reg] enable_cycle -> _88781_/D : -45.527905
[setup in-reg] enable_cycle -> _88782_/D : -45.527905
[setup in-reg] enable_cycle -> _88783_/D : -45.527905
[setup in-reg] enable_cycle -> _88784_/D : -45.527905
[setup in-reg] enable_cycle -> _88785_/D : -45.527905
[setup in-reg] enable_cycle -> _88786_/D : -45.527905
[setup in-reg] enable_cycle -> _88787_/D : -45.527905
[setup in-reg] enable_cycle -> _88788_/D : -45.527905
[setup in-reg] enable_cycle -> _88789_/D : -45.527905
[setup in-reg] enable_cycle -> _88790_/D : -45.527905
[setup in-reg] enable_cycle -> _88791_/D : -45.527905
[setup in-reg] enable_cycle -> _88792_/D : -45.527905
[setup in-reg] enable_cycle -> _88793_/D : -45.527905
[setup in-reg] enable_cycle -> _88794_/D : -45.527905
[setup in-reg] enable_cycle -> _88795_/D : -45.527905
[setup in-reg] enable_cycle -> _88796_/D : -45.527905
[setup in-reg] enable_cycle -> _88797_/D : -45.527905
[setup in-reg] enable_cycle -> _88798_/D : -45.527905
[setup in-reg] enable_cycle -> _88799_/D : -45.527905
[setup in-reg] enable_cycle -> _88800_/D : -45.527905
[setup in-reg] enable_cycle -> _88801_/D : -45.527905
[setup in-reg] enable_cycle -> _88802_/D : -45.527905
[setup in-reg] enable_cycle -> _88803_/D : -45.527905
[setup in-reg] enable_cycle -> _88864_/D : -45.527905
[setup in-reg] enable_cycle -> _88865_/D : -45.527905
[setup in-reg] enable_cycle -> _88866_/D : -45.527905
[setup in-reg] enable_cycle -> _88867_/D : -45.527905
[setup in-reg] enable_cycle -> _88868_/D : -45.527905
[setup in-reg] enable_cycle -> _88869_/D : -45.527905
[setup in-reg] enable_cycle -> _88870_/D : -45.527905
[setup in-reg] enable_cycle -> _88871_/D : -45.527905
[setup in-reg] enable_cycle -> _88872_/D : -45.527905
[setup in-reg] enable_cycle -> _88873_/D : -45.527905
[setup in-reg] enable_cycle -> _88874_/D : -45.527905
[setup in-reg] enable_cycle -> _88875_/D : -45.527905
[setup in-reg] enable_cycle -> _88876_/D : -45.527905
[setup in-reg] enable_cycle -> _88877_/D : -45.527905
[setup in-reg] enable_cycle -> _88878_/D : -45.527905
[setup in-reg] enable_cycle -> _88879_/D : -45.527905
[setup in-reg] enable_cycle -> _88880_/D : -45.527905
[setup in-reg] enable_cycle -> _88881_/D : -45.527905
[setup in-reg] enable_cycle -> _88882_/D : -45.527905
[setup in-reg] enable_cycle -> _88883_/D : -45.527905
[setup in-reg] enable_cycle -> _88884_/D : -45.527905
[setup in-reg] enable_cycle -> _88885_/D : -45.527905
[setup in-reg] enable_cycle -> _88886_/D : -45.527905
[setup in-reg] enable_cycle -> _88887_/D : -45.527905
[setup in-reg] enable_cycle -> _88888_/D : -45.527905
[setup in-reg] enable_cycle -> _88949_/D : -45.527905
[setup in-reg] enable_cycle -> _88950_/D : -45.527905
[setup in-reg] enable_cycle -> _88951_/D : -45.527905
[setup in-reg] enable_cycle -> _88952_/D : -45.527905
[setup in-reg] enable_cycle -> _88953_/D : -45.527905
[setup in-reg] enable_cycle -> _88954_/D : -45.527905
[setup in-reg] enable_cycle -> _88955_/D : -45.527905
[setup in-reg] enable_cycle -> _88956_/D : -45.527905
[setup in-reg] enable_cycle -> _88957_/D : -45.527905
[setup in-reg] enable_cycle -> _88958_/D : -45.527905
[setup in-reg] enable_cycle -> _88959_/D : -45.527905
[setup in-reg] enable_cycle -> _88960_/D : -45.527905
[setup in-reg] enable_cycle -> _88961_/D : -45.527905
[setup in-reg] enable_cycle -> _88962_/D : -45.527905
[setup in-reg] enable_cycle -> _88963_/D : -45.527905
[setup in-reg] enable_cycle -> _88964_/D : -45.527905
[setup in-reg] enable_cycle -> _88965_/D : -45.527905
[setup in-reg] enable_cycle -> _88966_/D : -45.527905
[setup in-reg] enable_cycle -> _88967_/D : -45.527905
[setup in-reg] enable_cycle -> _88968_/D : -45.527905
[setup in-reg] enable_cycle -> _88969_/D : -45.527905
[setup in-reg] enable_cycle -> _88970_/D : -45.527905
[setup in-reg] enable_cycle -> _88971_/D : -45.527905
[setup in-reg] enable_cycle -> _88972_/D : -45.527905
[setup in-reg] enable_cycle -> _88973_/D : -45.527905
[setup in-reg] enable_cycle -> _89034_/D : -45.527905
[setup in-reg] enable_cycle -> _89035_/D : -45.527905
[setup in-reg] enable_cycle -> _89036_/D : -45.527905
[setup in-reg] enable_cycle -> _89037_/D : -45.527905
[setup in-reg] enable_cycle -> _89038_/D : -45.527905
[setup in-reg] enable_cycle -> _89039_/D : -45.527905
[setup in-reg] enable_cycle -> _89040_/D : -45.527905
[setup in-reg] enable_cycle -> _89041_/D : -45.527905
[setup in-reg] enable_cycle -> _89042_/D : -45.527905
[setup in-reg] enable_cycle -> _89043_/D : -45.527905
[setup in-reg] enable_cycle -> _89044_/D : -45.527905
[setup in-reg] enable_cycle -> _89045_/D : -45.527905
[setup in-reg] enable_cycle -> _89046_/D : -45.527905
[setup in-reg] enable_cycle -> _89047_/D : -45.527905
[setup in-reg] enable_cycle -> _89048_/D : -45.527905
[setup in-reg] enable_cycle -> _89049_/D : -45.527905
[setup in-reg] enable_cycle -> _89050_/D : -45.527905
[setup in-reg] enable_cycle -> _89051_/D : -45.527905
[setup in-reg] enable_cycle -> _89052_/D : -45.527905
[setup in-reg] enable_cycle -> _89053_/D : -45.527905
[setup in-reg] enable_cycle -> _89054_/D : -45.527905
[setup in-reg] enable_cycle -> _89055_/D : -45.527905
[setup in-reg] enable_cycle -> _89056_/D : -45.527905
[setup in-reg] enable_cycle -> _89057_/D : -45.527905
[setup in-reg] enable_cycle -> _89058_/D : -45.527905
[setup in-reg] enable_cycle -> _89119_/D : -45.527905
[setup in-reg] enable_cycle -> _89120_/D : -45.527905
[setup in-reg] enable_cycle -> _89121_/D : -45.527905
[setup in-reg] enable_cycle -> _89122_/D : -45.527905
[setup in-reg] enable_cycle -> _89123_/D : -45.527905
[setup in-reg] enable_cycle -> _89124_/D : -45.527905
[setup in-reg] enable_cycle -> _89125_/D : -45.527905
[setup in-reg] enable_cycle -> _89126_/D : -45.527905
[setup in-reg] enable_cycle -> _89127_/D : -45.527905
[setup in-reg] enable_cycle -> _89128_/D : -45.527905
[setup in-reg] enable_cycle -> _89129_/D : -45.527905
[setup in-reg] enable_cycle -> _89130_/D : -45.527905
[setup in-reg] enable_cycle -> _89131_/D : -45.527905
[setup in-reg] enable_cycle -> _89132_/D : -45.527905
[setup in-reg] enable_cycle -> _89133_/D : -45.527905
[setup in-reg] enable_cycle -> _89134_/D : -45.527905
[setup in-reg] enable_cycle -> _89135_/D : -45.527905
[setup in-reg] enable_cycle -> _89136_/D : -45.527905
[setup in-reg] enable_cycle -> _89137_/D : -45.527905
[setup in-reg] enable_cycle -> _89138_/D : -45.527905
[setup in-reg] enable_cycle -> _89139_/D : -45.527905
[setup in-reg] enable_cycle -> _89140_/D : -45.527905
[setup in-reg] enable_cycle -> _89141_/D : -45.527905
[setup in-reg] enable_cycle -> _89142_/D : -45.527905
[setup in-reg] enable_cycle -> _89143_/D : -45.527905
[setup in-reg] enable_cycle -> _89204_/D : -45.527905
[setup in-reg] enable_cycle -> _89205_/D : -45.527905
[setup in-reg] enable_cycle -> _89206_/D : -45.527905
[setup in-reg] enable_cycle -> _89207_/D : -45.527905
[setup in-reg] enable_cycle -> _89208_/D : -45.527905
[setup in-reg] enable_cycle -> _89209_/D : -45.527905
[setup in-reg] enable_cycle -> _89210_/D : -45.527905
[setup in-reg] enable_cycle -> _89211_/D : -45.527905
[setup in-reg] enable_cycle -> _89212_/D : -45.527905
[setup in-reg] enable_cycle -> _89213_/D : -45.527905
[setup in-reg] enable_cycle -> _89214_/D : -45.527905
[setup in-reg] enable_cycle -> _89215_/D : -45.527905
[setup in-reg] enable_cycle -> _89216_/D : -45.527905
[setup in-reg] enable_cycle -> _89217_/D : -45.527905
[setup in-reg] enable_cycle -> _89218_/D : -45.527905
[setup in-reg] enable_cycle -> _89219_/D : -45.527905
[setup in-reg] enable_cycle -> _89220_/D : -45.527905
[setup in-reg] enable_cycle -> _89221_/D : -45.527905
[setup in-reg] enable_cycle -> _89222_/D : -45.527905
[setup in-reg] enable_cycle -> _89223_/D : -45.527905
[setup in-reg] enable_cycle -> _89224_/D : -45.527905
[setup in-reg] enable_cycle -> _89225_/D : -45.527905
[setup in-reg] enable_cycle -> _89226_/D : -45.527905
[setup in-reg] enable_cycle -> _89227_/D : -45.527905
[setup in-reg] enable_cycle -> _89228_/D : -45.527905
[setup in-reg] enable_cycle -> _89324_/D : -45.527905
[setup in-reg] enable_cycle -> _89325_/D : -45.527905
[setup in-reg] enable_cycle -> _89326_/D : -45.527905
[setup in-reg] enable_cycle -> _89327_/D : -45.527905
[setup in-reg] enable_cycle -> _89328_/D : -45.527905
[setup in-reg] enable_cycle -> _89329_/D : -45.527905
[setup in-reg] enable_cycle -> _89330_/D : -45.527905
[setup in-reg] enable_cycle -> _89331_/D : -45.527905
[setup in-reg] enable_cycle -> _89332_/D : -45.527905
[setup in-reg] enable_cycle -> _89333_/D : -45.527905
[setup in-reg] enable_cycle -> _89334_/D : -45.527905
[setup in-reg] enable_cycle -> _89335_/D : -45.527905
[setup in-reg] enable_cycle -> _89336_/D : -45.527905
[setup in-reg] enable_cycle -> _89337_/D : -45.527905
[setup in-reg] enable_cycle -> _89338_/D : -45.527905
[setup in-reg] enable_cycle -> _89339_/D : -45.527905
[setup in-reg] enable_cycle -> _89340_/D : -45.527905
[setup in-reg] enable_cycle -> _89341_/D : -45.527905
[setup in-reg] enable_cycle -> _89342_/D : -45.527905
[setup in-reg] enable_cycle -> _89351_/D : -45.527905
[setup in-reg] enable_cycle -> _89352_/D : -45.527905
[setup in-reg] enable_cycle -> _89353_/D : -45.527905
[setup in-reg] enable_cycle -> _89354_/D : -45.527905
[setup in-reg] enable_cycle -> _89355_/D : -45.527905
[setup in-reg] enable_cycle -> _89356_/D : -45.527905
[setup in-reg] enable_cycle -> _89357_/D : -45.527905
[setup in-reg] enable_cycle -> _89358_/D : -45.527905
[setup in-reg] enable_cycle -> _89359_/D : -45.527905
[setup in-reg] enable_cycle -> _89360_/D : -45.527905
[setup in-reg] enable_cycle -> _89361_/D : -45.527905
[setup in-reg] enable_cycle -> _89362_/D : -45.527905
[setup in-reg] enable_cycle -> _89363_/D : -45.527905
[setup in-reg] enable_cycle -> _89364_/D : -45.527905
[setup in-reg] enable_cycle -> _89365_/D : -45.527905
[setup in-reg] enable_cycle -> _89366_/D : -45.527905
[setup in-reg] enable_cycle -> _89367_/D : -45.527905
[setup in-reg] enable_cycle -> _89368_/D : -45.527905
[setup in-reg] enable_cycle -> _89369_/D : -45.527905
[setup in-reg] enable_cycle -> _89370_/D : -45.527905
[setup in-reg] enable_cycle -> _89371_/D : -45.527905
[setup in-reg] enable_cycle -> _89372_/D : -45.527905
[setup in-reg] enable_cycle -> _89373_/D : -45.527905
[setup in-reg] enable_cycle -> _89374_/D : -45.527905
[setup in-reg] enable_cycle -> _89375_/D : -45.527905
[setup in-reg] enable_cycle -> _89376_/D : -45.527905
[setup in-reg] enable_cycle -> _89439_/D : -45.527905
[setup in-reg] enable_cycle -> _89440_/D : -45.527905
[setup in-reg] enable_cycle -> _89441_/D : -45.527905
[setup in-reg] enable_cycle -> _89442_/D : -45.527905
[setup in-reg] enable_cycle -> _89443_/D : -45.527905
[setup in-reg] enable_cycle -> _89444_/D : -45.527905
[setup in-reg] enable_cycle -> _89445_/D : -45.527905
[setup in-reg] enable_cycle -> _89446_/D : -45.527905
[setup in-reg] enable_cycle -> _89447_/D : -45.527905
[setup in-reg] enable_cycle -> _89448_/D : -45.527905
[setup in-reg] enable_cycle -> _89449_/D : -45.527905
[setup in-reg] enable_cycle -> _89450_/D : -45.527905
[setup in-reg] enable_cycle -> _89451_/D : -45.527905
[setup in-reg] enable_cycle -> _89452_/D : -45.527905
[setup in-reg] enable_cycle -> _89453_/D : -45.527905
[setup in-reg] enable_cycle -> _89454_/D : -45.527905
[setup in-reg] enable_cycle -> _89455_/D : -45.527905
[setup in-reg] enable_cycle -> _89456_/D : -45.527905
[setup in-reg] enable_cycle -> _89457_/D : -45.527905
[setup in-reg] enable_cycle -> _89458_/D : -45.527905
[setup in-reg] enable_cycle -> _89459_/D : -45.527905
[setup in-reg] enable_cycle -> _89460_/D : -45.527905
[setup in-reg] enable_cycle -> _89461_/D : -45.527905
[setup in-reg] enable_cycle -> _89462_/D : -45.527905
[setup in-reg] enable_cycle -> _89463_/D : -45.527905
[setup in-reg] enable_cycle -> _89464_/D : -45.527905
[setup in-reg] enable_cycle -> _89527_/D : -45.527905
[setup in-reg] enable_cycle -> _89528_/D : -45.527905
[setup in-reg] enable_cycle -> _89529_/D : -45.527905
[setup in-reg] enable_cycle -> _89530_/D : -45.527905
[setup in-reg] enable_cycle -> _89531_/D : -45.527905
[setup in-reg] enable_cycle -> _89532_/D : -45.527905
[setup in-reg] enable_cycle -> _89533_/D : -45.527905
[setup in-reg] enable_cycle -> _89534_/D : -45.527905
[setup in-reg] enable_cycle -> _89535_/D : -45.527905
[setup in-reg] enable_cycle -> _89536_/D : -45.527905
[setup in-reg] enable_cycle -> _89537_/D : -45.527905
[setup in-reg] enable_cycle -> _89538_/D : -45.527905
[setup in-reg] enable_cycle -> _89539_/D : -45.527905
[setup in-reg] enable_cycle -> _89540_/D : -45.527905
[setup in-reg] enable_cycle -> _89541_/D : -45.527905
[setup in-reg] enable_cycle -> _89542_/D : -45.527905
[setup in-reg] enable_cycle -> _89543_/D : -45.527905
[setup in-reg] enable_cycle -> _89544_/D : -45.527905
[setup in-reg] enable_cycle -> _89545_/D : -45.527905
[setup in-reg] enable_cycle -> _89546_/D : -45.527905
[setup in-reg] enable_cycle -> _89547_/D : -45.527905
[setup in-reg] enable_cycle -> _89548_/D : -45.527905
[setup in-reg] enable_cycle -> _89549_/D : -45.527905
[setup in-reg] enable_cycle -> _89550_/D : -45.527905
[setup in-reg] enable_cycle -> _89551_/D : -45.527905
[setup in-reg] enable_cycle -> _89552_/D : -45.527905
[setup in-reg] enable_cycle -> _89615_/D : -45.527905
[setup in-reg] enable_cycle -> _89616_/D : -45.527905
[setup in-reg] enable_cycle -> _89617_/D : -45.527905
[setup in-reg] enable_cycle -> _89618_/D : -45.527905
[setup in-reg] enable_cycle -> _89619_/D : -45.527905
[setup in-reg] enable_cycle -> _89620_/D : -45.527905
[setup in-reg] enable_cycle -> _89621_/D : -45.527905
[setup in-reg] enable_cycle -> _89622_/D : -45.527905
[setup in-reg] enable_cycle -> _89623_/D : -45.527905
[setup in-reg] enable_cycle -> _89624_/D : -45.527905
[setup in-reg] enable_cycle -> _89625_/D : -45.527905
[setup in-reg] enable_cycle -> _89626_/D : -45.527905
[setup in-reg] enable_cycle -> _89627_/D : -45.527905
[setup in-reg] enable_cycle -> _89628_/D : -45.527905
[setup in-reg] enable_cycle -> _89629_/D : -45.527905
[setup in-reg] enable_cycle -> _89630_/D : -45.527905
[setup in-reg] enable_cycle -> _89631_/D : -45.527905
[setup in-reg] enable_cycle -> _89632_/D : -45.527905
[setup in-reg] enable_cycle -> _89633_/D : -45.527905
[setup in-reg] enable_cycle -> _89634_/D : -45.527905
[setup in-reg] enable_cycle -> _89635_/D : -45.527905
[setup in-reg] enable_cycle -> _89636_/D : -45.527905
[setup in-reg] enable_cycle -> _89637_/D : -45.527905
[setup in-reg] enable_cycle -> _89638_/D : -45.527905
[setup in-reg] enable_cycle -> _89639_/D : -45.527905
[setup in-reg] enable_cycle -> _89640_/D : -45.527905
[setup in-reg] enable_cycle -> _89703_/D : -45.527905
[setup in-reg] enable_cycle -> _89704_/D : -45.527905
[setup in-reg] enable_cycle -> _89705_/D : -45.527905
[setup in-reg] enable_cycle -> _89706_/D : -45.527905
[setup in-reg] enable_cycle -> _89707_/D : -45.527905
[setup in-reg] enable_cycle -> _89708_/D : -45.527905
[setup in-reg] enable_cycle -> _89709_/D : -45.527905
[setup in-reg] enable_cycle -> _89710_/D : -45.527905
[setup in-reg] enable_cycle -> _89711_/D : -45.527905
[setup in-reg] enable_cycle -> _89712_/D : -45.527905
[setup in-reg] enable_cycle -> _89713_/D : -45.527905
[setup in-reg] enable_cycle -> _89714_/D : -45.527905
[setup in-reg] enable_cycle -> _89715_/D : -45.527905
[setup in-reg] enable_cycle -> _89716_/D : -45.527905
[setup in-reg] enable_cycle -> _89717_/D : -45.527905
[setup in-reg] enable_cycle -> _89718_/D : -45.527905
[setup in-reg] enable_cycle -> _89719_/D : -45.527905
[setup in-reg] enable_cycle -> _89720_/D : -45.527905
[setup in-reg] enable_cycle -> _89721_/D : -45.527905
[setup in-reg] enable_cycle -> _89722_/D : -45.527905
[setup in-reg] enable_cycle -> _89723_/D : -45.527905
[setup in-reg] enable_cycle -> _89724_/D : -45.527905
[setup in-reg] enable_cycle -> _89725_/D : -45.527905
[setup in-reg] enable_cycle -> _89726_/D : -45.527905
[setup in-reg] enable_cycle -> _89727_/D : -45.527905
[setup in-reg] enable_cycle -> _89728_/D : -45.527905
[setup in-reg] enable_cycle -> _89791_/D : -45.527905
[setup in-reg] enable_cycle -> _89792_/D : -45.527905
[setup in-reg] enable_cycle -> _89793_/D : -45.527905
[setup in-reg] enable_cycle -> _89794_/D : -45.527905
[setup in-reg] enable_cycle -> _89795_/D : -45.527905
[setup in-reg] enable_cycle -> _89796_/D : -45.527905
[setup in-reg] enable_cycle -> _89797_/D : -45.527905
[setup in-reg] enable_cycle -> _89798_/D : -45.527905
[setup in-reg] enable_cycle -> _89799_/D : -45.527905
[setup in-reg] enable_cycle -> _89800_/D : -45.527905
[setup in-reg] enable_cycle -> _89801_/D : -45.527905
[setup in-reg] enable_cycle -> _89802_/D : -45.527905
[setup in-reg] enable_cycle -> _89803_/D : -45.527905
[setup in-reg] enable_cycle -> _89804_/D : -45.527905
[setup in-reg] enable_cycle -> _89805_/D : -45.527905
[setup in-reg] enable_cycle -> _89806_/D : -45.527905
[setup in-reg] enable_cycle -> _89807_/D : -45.527905
[setup in-reg] enable_cycle -> _89808_/D : -45.527905
[setup in-reg] enable_cycle -> _89809_/D : -45.527905
[setup in-reg] enable_cycle -> _89810_/D : -45.527905
[setup in-reg] enable_cycle -> _89811_/D : -45.527905
[setup in-reg] enable_cycle -> _89812_/D : -45.527905
[setup in-reg] enable_cycle -> _89813_/D : -45.527905
[setup in-reg] enable_cycle -> _89814_/D : -45.527905
[setup in-reg] enable_cycle -> _89815_/D : -45.527905
[setup in-reg] enable_cycle -> _89816_/D : -45.527905
[setup in-reg] enable_cycle -> _89879_/D : -45.527905
[setup in-reg] enable_cycle -> _89880_/D : -45.527905
[setup in-reg] enable_cycle -> _89881_/D : -45.527905
[setup in-reg] enable_cycle -> _89882_/D : -45.527905
[setup in-reg] enable_cycle -> _89883_/D : -45.527905
[setup in-reg] enable_cycle -> _89884_/D : -45.527905
[setup in-reg] enable_cycle -> _89885_/D : -45.527905
[setup in-reg] enable_cycle -> _89886_/D : -45.527905
[setup in-reg] enable_cycle -> _89887_/D : -45.527905
[setup in-reg] enable_cycle -> _89888_/D : -45.527905
[setup in-reg] enable_cycle -> _89889_/D : -45.527905
[setup in-reg] enable_cycle -> _89890_/D : -45.527905
[setup in-reg] enable_cycle -> _89891_/D : -45.527905
[setup in-reg] enable_cycle -> _89892_/D : -45.527905
[setup in-reg] enable_cycle -> _89893_/D : -45.527905
[setup in-reg] enable_cycle -> _89894_/D : -45.527905
[setup in-reg] enable_cycle -> _89895_/D : -45.527905
[setup in-reg] enable_cycle -> _89896_/D : -45.527905
[setup in-reg] enable_cycle -> _89897_/D : -45.527905
[setup in-reg] enable_cycle -> _89898_/D : -45.527905
[setup in-reg] enable_cycle -> _89899_/D : -45.527905
[setup in-reg] enable_cycle -> _89900_/D : -45.527905
[setup in-reg] enable_cycle -> _89901_/D : -45.527905
[setup in-reg] enable_cycle -> _89902_/D : -45.527905
[setup in-reg] enable_cycle -> _89903_/D : -45.527905
[setup in-reg] enable_cycle -> _89904_/D : -45.527905
[setup in-reg] enable_cycle -> _90003_/D : -45.527905
[setup in-reg] enable_cycle -> _90004_/D : -45.527905
[setup in-reg] enable_cycle -> _90005_/D : -45.527905
[setup in-reg] enable_cycle -> _90006_/D : -45.527905
[setup in-reg] enable_cycle -> _90007_/D : -45.527905
[setup in-reg] enable_cycle -> _90008_/D : -45.527905
[setup in-reg] enable_cycle -> _90009_/D : -45.527905
[setup in-reg] enable_cycle -> _90010_/D : -45.527905
[setup in-reg] enable_cycle -> _90011_/D : -45.527905
[setup in-reg] enable_cycle -> _90012_/D : -45.527905
[setup in-reg] enable_cycle -> _90013_/D : -45.527905
[setup in-reg] enable_cycle -> _90014_/D : -45.527905
[setup in-reg] enable_cycle -> _90015_/D : -45.527905
[setup in-reg] enable_cycle -> _90016_/D : -45.527905
[setup in-reg] enable_cycle -> _90017_/D : -45.527905
[setup in-reg] enable_cycle -> _90018_/D : -45.527905
[setup in-reg] enable_cycle -> _90019_/D : -45.527905
[setup in-reg] enable_cycle -> _90020_/D : -45.527905
[setup in-reg] enable_cycle -> _90021_/D : -45.527905
[setup in-reg] enable_cycle -> _90022_/D : -45.527905
[setup in-reg] enable_cycle -> _90031_/D : -45.527905
[setup in-reg] enable_cycle -> _90032_/D : -45.527905
[setup in-reg] enable_cycle -> _90033_/D : -45.527905
[setup in-reg] enable_cycle -> _90034_/D : -45.527905
[setup in-reg] enable_cycle -> _90035_/D : -45.527905
[setup in-reg] enable_cycle -> _90036_/D : -45.527905
[setup in-reg] enable_cycle -> _90037_/D : -45.527905
[setup in-reg] enable_cycle -> _90038_/D : -45.527905
[setup in-reg] enable_cycle -> _90039_/D : -45.527905
[setup in-reg] enable_cycle -> _90040_/D : -45.527905
[setup in-reg] enable_cycle -> _90041_/D : -45.527905
[setup in-reg] enable_cycle -> _90042_/D : -45.527905
[setup in-reg] enable_cycle -> _90043_/D : -45.527905
[setup in-reg] enable_cycle -> _90044_/D : -45.527905
[setup in-reg] enable_cycle -> _90045_/D : -45.527905
[setup in-reg] enable_cycle -> _90046_/D : -45.527905
[setup in-reg] enable_cycle -> _90047_/D : -45.527905
[setup in-reg] enable_cycle -> _90048_/D : -45.527905
[setup in-reg] enable_cycle -> _90049_/D : -45.527905
[setup in-reg] enable_cycle -> _90050_/D : -45.527905
[setup in-reg] enable_cycle -> _90051_/D : -45.527905
[setup in-reg] enable_cycle -> _90052_/D : -45.527905
[setup in-reg] enable_cycle -> _90053_/D : -45.527905
[setup in-reg] enable_cycle -> _90054_/D : -45.527905
[setup in-reg] enable_cycle -> _90055_/D : -45.527905
[setup in-reg] enable_cycle -> _90056_/D : -45.527905
[setup in-reg] enable_cycle -> _90057_/D : -45.527905
[setup in-reg] enable_cycle -> _90122_/D : -45.527905
[setup in-reg] enable_cycle -> _90123_/D : -45.527905
[setup in-reg] enable_cycle -> _90124_/D : -45.527905
[setup in-reg] enable_cycle -> _90125_/D : -45.527905
[setup in-reg] enable_cycle -> _90126_/D : -45.527905
[setup in-reg] enable_cycle -> _90127_/D : -45.527905
[setup in-reg] enable_cycle -> _90128_/D : -45.527905
[setup in-reg] enable_cycle -> _90129_/D : -45.527905
[setup in-reg] enable_cycle -> _90130_/D : -45.527905
[setup in-reg] enable_cycle -> _90131_/D : -45.527905
[setup in-reg] enable_cycle -> _90132_/D : -45.527905
[setup in-reg] enable_cycle -> _90133_/D : -45.527905
[setup in-reg] enable_cycle -> _90134_/D : -45.527905
[setup in-reg] enable_cycle -> _90135_/D : -45.527905
[setup in-reg] enable_cycle -> _90136_/D : -45.527905
[setup in-reg] enable_cycle -> _90137_/D : -45.527905
[setup in-reg] enable_cycle -> _90138_/D : -45.527905
[setup in-reg] enable_cycle -> _90139_/D : -45.527905
[setup in-reg] enable_cycle -> _90140_/D : -45.527905
[setup in-reg] enable_cycle -> _90141_/D : -45.527905
[setup in-reg] enable_cycle -> _90142_/D : -45.527905
[setup in-reg] enable_cycle -> _90143_/D : -45.527905
[setup in-reg] enable_cycle -> _90144_/D : -45.527905
[setup in-reg] enable_cycle -> _90145_/D : -45.527905
[setup in-reg] enable_cycle -> _90146_/D : -45.527905
[setup in-reg] enable_cycle -> _90147_/D : -45.527905
[setup in-reg] enable_cycle -> _90148_/D : -45.527905
[setup in-reg] enable_cycle -> _90213_/D : -45.527905
[setup in-reg] enable_cycle -> _90214_/D : -45.527905
[setup in-reg] enable_cycle -> _90215_/D : -45.527905
[setup in-reg] enable_cycle -> _90216_/D : -45.527905
[setup in-reg] enable_cycle -> _90217_/D : -45.527905
[setup in-reg] enable_cycle -> _90218_/D : -45.527905
[setup in-reg] enable_cycle -> _90219_/D : -45.527905
[setup in-reg] enable_cycle -> _90220_/D : -45.527905
[setup in-reg] enable_cycle -> _90221_/D : -45.527905
[setup in-reg] enable_cycle -> _90222_/D : -45.527905
[setup in-reg] enable_cycle -> _90223_/D : -45.527905
[setup in-reg] enable_cycle -> _90224_/D : -45.527905
[setup in-reg] enable_cycle -> _90225_/D : -45.527905
[setup in-reg] enable_cycle -> _90226_/D : -45.527905
[setup in-reg] enable_cycle -> _90227_/D : -45.527905
[setup in-reg] enable_cycle -> _90228_/D : -45.527905
[setup in-reg] enable_cycle -> _90229_/D : -45.527905
[setup in-reg] enable_cycle -> _90230_/D : -45.527905
[setup in-reg] enable_cycle -> _90231_/D : -45.527905
[setup in-reg] enable_cycle -> _90232_/D : -45.527905
[setup in-reg] enable_cycle -> _90233_/D : -45.527905
[setup in-reg] enable_cycle -> _90234_/D : -45.527905
[setup in-reg] enable_cycle -> _90235_/D : -45.527905
[setup in-reg] enable_cycle -> _90236_/D : -45.527905
[setup in-reg] enable_cycle -> _90237_/D : -45.527905
[setup in-reg] enable_cycle -> _90238_/D : -45.527905
[setup in-reg] enable_cycle -> _90239_/D : -45.527905
[setup in-reg] enable_cycle -> _90304_/D : -45.527905
[setup in-reg] enable_cycle -> _90305_/D : -45.527905
[setup in-reg] enable_cycle -> _90306_/D : -45.527905
[setup in-reg] enable_cycle -> _90307_/D : -45.527905
[setup in-reg] enable_cycle -> _90308_/D : -45.527905
[setup in-reg] enable_cycle -> _90309_/D : -45.527905
[setup in-reg] enable_cycle -> _90310_/D : -45.527905
[setup in-reg] enable_cycle -> _90311_/D : -45.527905
[setup in-reg] enable_cycle -> _90312_/D : -45.527905
[setup in-reg] enable_cycle -> _90313_/D : -45.527905
[setup in-reg] enable_cycle -> _90314_/D : -45.527905
[setup in-reg] enable_cycle -> _90315_/D : -45.527905
[setup in-reg] enable_cycle -> _90316_/D : -45.527905
[setup in-reg] enable_cycle -> _90317_/D : -45.527905
[setup in-reg] enable_cycle -> _90318_/D : -45.527905
[setup in-reg] enable_cycle -> _90319_/D : -45.527905
[setup in-reg] enable_cycle -> _90320_/D : -45.527905
[setup in-reg] enable_cycle -> _90321_/D : -45.527905
[setup in-reg] enable_cycle -> _90322_/D : -45.527905
[setup in-reg] enable_cycle -> _90323_/D : -45.527905
[setup in-reg] enable_cycle -> _90324_/D : -45.527905
[setup in-reg] enable_cycle -> _90325_/D : -45.527905
[setup in-reg] enable_cycle -> _90326_/D : -45.527905
[setup in-reg] enable_cycle -> _90327_/D : -45.527905
[setup in-reg] enable_cycle -> _90328_/D : -45.527905
[setup in-reg] enable_cycle -> _90329_/D : -45.527905
[setup in-reg] enable_cycle -> _90330_/D : -45.527905
[setup in-reg] enable_cycle -> _90395_/D : -45.527905
[setup in-reg] enable_cycle -> _90396_/D : -45.527905
[setup in-reg] enable_cycle -> _90397_/D : -45.527905
[setup in-reg] enable_cycle -> _90398_/D : -45.527905
[setup in-reg] enable_cycle -> _90399_/D : -45.527905
[setup in-reg] enable_cycle -> _90400_/D : -45.527905
[setup in-reg] enable_cycle -> _90401_/D : -45.527905
[setup in-reg] enable_cycle -> _90402_/D : -45.527905
[setup in-reg] enable_cycle -> _90403_/D : -45.527905
[setup in-reg] enable_cycle -> _90404_/D : -45.527905
[setup in-reg] enable_cycle -> _90405_/D : -45.527905
[setup in-reg] enable_cycle -> _90406_/D : -45.527905
[setup in-reg] enable_cycle -> _90407_/D : -45.527905
[setup in-reg] enable_cycle -> _90408_/D : -45.527905
[setup in-reg] enable_cycle -> _90409_/D : -45.527905
[setup in-reg] enable_cycle -> _90410_/D : -45.527905
[setup in-reg] enable_cycle -> _90411_/D : -45.527905
[setup in-reg] enable_cycle -> _90412_/D : -45.527905
[setup in-reg] enable_cycle -> _90413_/D : -45.527905
[setup in-reg] enable_cycle -> _90414_/D : -45.527905
[setup in-reg] enable_cycle -> _90415_/D : -45.527905
[setup in-reg] enable_cycle -> _90416_/D : -45.527905
[setup in-reg] enable_cycle -> _90417_/D : -45.527905
[setup in-reg] enable_cycle -> _90418_/D : -45.527905
[setup in-reg] enable_cycle -> _90419_/D : -45.527905
[setup in-reg] enable_cycle -> _90420_/D : -45.527905
[setup in-reg] enable_cycle -> _90421_/D : -45.527905
[setup in-reg] enable_cycle -> _90486_/D : -45.527905
[setup in-reg] enable_cycle -> _90487_/D : -45.527905
[setup in-reg] enable_cycle -> _90488_/D : -45.527905
[setup in-reg] enable_cycle -> _90489_/D : -45.527905
[setup in-reg] enable_cycle -> _90490_/D : -45.527905
[setup in-reg] enable_cycle -> _90491_/D : -45.527905
[setup in-reg] enable_cycle -> _90492_/D : -45.527905
[setup in-reg] enable_cycle -> _90493_/D : -45.527905
[setup in-reg] enable_cycle -> _90494_/D : -45.527905
[setup in-reg] enable_cycle -> _90495_/D : -45.527905
[setup in-reg] enable_cycle -> _90496_/D : -45.527905
[setup in-reg] enable_cycle -> _90497_/D : -45.527905
[setup in-reg] enable_cycle -> _90498_/D : -45.527905
[setup in-reg] enable_cycle -> _90499_/D : -45.527905
[setup in-reg] enable_cycle -> _90500_/D : -45.527905
[setup in-reg] enable_cycle -> _90501_/D : -45.527905
[setup in-reg] enable_cycle -> _90502_/D : -45.527905
[setup in-reg] enable_cycle -> _90503_/D : -45.527905
[setup in-reg] enable_cycle -> _90504_/D : -45.527905
[setup in-reg] enable_cycle -> _90505_/D : -45.527905
[setup in-reg] enable_cycle -> _90506_/D : -45.527905
[setup in-reg] enable_cycle -> _90507_/D : -45.527905
[setup in-reg] enable_cycle -> _90508_/D : -45.527905
[setup in-reg] enable_cycle -> _90509_/D : -45.527905
[setup in-reg] enable_cycle -> _90510_/D : -45.527905
[setup in-reg] enable_cycle -> _90511_/D : -45.527905
[setup in-reg] enable_cycle -> _90512_/D : -45.527905
[setup in-reg] enable_cycle -> _90533_/D : -45.527905
[setup in-reg] enable_cycle -> _90577_/D : -45.527905
[setup in-reg] enable_cycle -> _90578_/D : -45.527905
[setup in-reg] enable_cycle -> _90579_/D : -45.527905
[setup in-reg] enable_cycle -> _90580_/D : -45.527905
[setup in-reg] enable_cycle -> _90581_/D : -45.527905
[setup in-reg] enable_cycle -> _90582_/D : -45.527905
[setup in-reg] enable_cycle -> _90583_/D : -45.527905
[setup in-reg] enable_cycle -> _90584_/D : -45.527905
[setup in-reg] enable_cycle -> _90585_/D : -45.527905
[setup in-reg] enable_cycle -> _90586_/D : -45.527905
[setup in-reg] enable_cycle -> _90587_/D : -45.527905
[setup in-reg] enable_cycle -> _90588_/D : -45.527905
[setup in-reg] enable_cycle -> _90589_/D : -45.527905
[setup in-reg] enable_cycle -> _90590_/D : -45.527905
[setup in-reg] enable_cycle -> _90591_/D : -45.527905
[setup in-reg] enable_cycle -> _90592_/D : -45.527905
[setup in-reg] enable_cycle -> _90593_/D : -45.527905
[setup in-reg] enable_cycle -> _90594_/D : -45.527905
[setup in-reg] enable_cycle -> _90595_/D : -45.527905
[setup in-reg] enable_cycle -> _90596_/D : -45.527905
[setup in-reg] enable_cycle -> _90597_/D : -45.527905
[setup in-reg] enable_cycle -> _90598_/D : -45.527905
[setup in-reg] enable_cycle -> _90599_/D : -45.527905
[setup in-reg] enable_cycle -> _90600_/D : -45.527905
[setup in-reg] enable_cycle -> _90601_/D : -45.527905
[setup in-reg] enable_cycle -> _90602_/D : -45.527905
[setup in-reg] enable_cycle -> _90603_/D : -45.527905
[setup in-reg] enable_cycle -> _90689_/D : -45.527905
[setup in-reg] enable_cycle -> _90705_/D : -45.527905
[setup in-reg] enable_cycle -> _90706_/D : -45.527905
[setup in-reg] enable_cycle -> _90707_/D : -45.527905
[setup in-reg] enable_cycle -> _90708_/D : -45.527905
[setup in-reg] enable_cycle -> _90709_/D : -45.527905
[setup in-reg] enable_cycle -> _90710_/D : -45.527905
[setup in-reg] enable_cycle -> _90711_/D : -45.527905
[setup in-reg] enable_cycle -> _90712_/D : -45.527905
[setup in-reg] enable_cycle -> _90713_/D : -45.527905
[setup in-reg] enable_cycle -> _90714_/D : -45.527905
[setup in-reg] enable_cycle -> _90715_/D : -45.527905
[setup in-reg] enable_cycle -> _90716_/D : -45.527905
[setup in-reg] enable_cycle -> _90717_/D : -45.527905
[setup in-reg] enable_cycle -> _90718_/D : -45.527905
[setup in-reg] enable_cycle -> _90719_/D : -45.527905
[setup in-reg] enable_cycle -> _90720_/D : -45.527905
[setup in-reg] enable_cycle -> _90721_/D : -45.527905
[setup in-reg] enable_cycle -> _90722_/D : -45.527905
[setup in-reg] enable_cycle -> _90723_/D : -45.527905
[setup in-reg] enable_cycle -> _90724_/D : -45.527905
[setup in-reg] enable_cycle -> _90725_/D : -45.527905
[setup in-reg] enable_cycle -> _90734_/D : -45.527905
[setup in-reg] enable_cycle -> _90735_/D : -45.527905
[setup in-reg] enable_cycle -> _90736_/D : -45.527905
[setup in-reg] enable_cycle -> _90737_/D : -45.527905
[setup in-reg] enable_cycle -> _90738_/D : -45.527905
[setup in-reg] enable_cycle -> _90739_/D : -45.527905
[setup in-reg] enable_cycle -> _90740_/D : -45.527905
[setup in-reg] enable_cycle -> _90741_/D : -45.527905
[setup in-reg] enable_cycle -> _90742_/D : -45.527905
[setup in-reg] enable_cycle -> _90743_/D : -45.527905
[setup in-reg] enable_cycle -> _90744_/D : -45.527905
[setup in-reg] enable_cycle -> _90745_/D : -45.527905
[setup in-reg] enable_cycle -> _90746_/D : -45.527905
[setup in-reg] enable_cycle -> _90747_/D : -45.527905
[setup in-reg] enable_cycle -> _90748_/D : -45.527905
[setup in-reg] enable_cycle -> _90749_/D : -45.527905
[setup in-reg] enable_cycle -> _90750_/D : -45.527905
[setup in-reg] enable_cycle -> _90751_/D : -45.527905
[setup in-reg] enable_cycle -> _90752_/D : -45.527905
[setup in-reg] enable_cycle -> _90753_/D : -45.527905
[setup in-reg] enable_cycle -> _90754_/D : -45.527905
[setup in-reg] enable_cycle -> _90755_/D : -45.527905
[setup in-reg] enable_cycle -> _90756_/D : -45.527905
[setup in-reg] enable_cycle -> _90757_/D : -45.527905
[setup in-reg] enable_cycle -> _90758_/D : -45.527905
[setup in-reg] enable_cycle -> _90759_/D : -45.527905
[setup in-reg] enable_cycle -> _90760_/D : -45.527905
[setup in-reg] enable_cycle -> _90761_/D : -45.527905
[setup in-reg] enable_cycle -> _90783_/D : -45.527905
[setup in-reg] enable_cycle -> _90828_/D : -45.527905
[setup in-reg] enable_cycle -> _90829_/D : -45.527905
[setup in-reg] enable_cycle -> _90830_/D : -45.527905
[setup in-reg] enable_cycle -> _90831_/D : -45.527905
[setup in-reg] enable_cycle -> _90832_/D : -45.527905
[setup in-reg] enable_cycle -> _90833_/D : -45.527905
[setup in-reg] enable_cycle -> _90834_/D : -45.527905
[setup in-reg] enable_cycle -> _90835_/D : -45.527905
[setup in-reg] enable_cycle -> _90836_/D : -45.527905
[setup in-reg] enable_cycle -> _90837_/D : -45.527905
[setup in-reg] enable_cycle -> _90838_/D : -45.527905
[setup in-reg] enable_cycle -> _90839_/D : -45.527905
[setup in-reg] enable_cycle -> _90840_/D : -45.527905
[setup in-reg] enable_cycle -> _90841_/D : -45.527905
[setup in-reg] enable_cycle -> _90842_/D : -45.527905
[setup in-reg] enable_cycle -> _90843_/D : -45.527905
[setup in-reg] enable_cycle -> _90844_/D : -45.527905
[setup in-reg] enable_cycle -> _90845_/D : -45.527905
[setup in-reg] enable_cycle -> _90846_/D : -45.527905
[setup in-reg] enable_cycle -> _90847_/D : -45.527905
[setup in-reg] enable_cycle -> _90848_/D : -45.527905
[setup in-reg] enable_cycle -> _90849_/D : -45.527905
[setup in-reg] enable_cycle -> _90850_/D : -45.527905
[setup in-reg] enable_cycle -> _90851_/D : -45.527905
[setup in-reg] enable_cycle -> _90852_/D : -45.527905
[setup in-reg] enable_cycle -> _90853_/D : -45.527905
[setup in-reg] enable_cycle -> _90854_/D : -45.527905
[setup in-reg] enable_cycle -> _90855_/D : -45.527905
[setup in-reg] enable_cycle -> _90922_/D : -45.527905
[setup in-reg] enable_cycle -> _90923_/D : -45.527905
[setup in-reg] enable_cycle -> _90924_/D : -45.527905
[setup in-reg] enable_cycle -> _90925_/D : -45.527905
[setup in-reg] enable_cycle -> _90926_/D : -45.527905
[setup in-reg] enable_cycle -> _90927_/D : -45.527905
[setup in-reg] enable_cycle -> _90928_/D : -45.527905
[setup in-reg] enable_cycle -> _90929_/D : -45.527905
[setup in-reg] enable_cycle -> _90969_/D : -45.527905
[setup in-reg] enable_cycle -> _90970_/D : -45.527905
[setup in-reg] enable_cycle -> _90971_/D : -45.527905
[setup in-reg] enable_cycle -> _90972_/D : -45.527905
[setup in-reg] enable_cycle -> _90973_/D : -45.527905
[setup in-reg] enable_cycle -> _90974_/D : -45.527905
[setup in-reg] enable_cycle -> _90975_/D : -45.527905
[setup in-reg] enable_cycle -> _90976_/D : -45.527905
[setup in-reg] enable_cycle -> _90977_/D : -45.527905
[setup in-reg] enable_cycle -> _90978_/D : -45.527905
[setup in-reg] enable_cycle -> _90979_/D : -45.527905
[setup in-reg] enable_cycle -> _90980_/D : -45.527905
[setup in-reg] enable_cycle -> _90981_/D : -45.527905
[setup in-reg] enable_cycle -> _90982_/D : -45.527905
[setup in-reg] enable_cycle -> _90983_/D : -45.527905
[setup in-reg] enable_cycle -> _90984_/D : -45.527905
[setup in-reg] enable_cycle -> _90985_/D : -45.527905
[setup in-reg] enable_cycle -> _90986_/D : -45.527905
[setup in-reg] enable_cycle -> _90987_/D : -45.527905
[setup in-reg] enable_cycle -> _90988_/D : -45.527905
[setup in-reg] enable_cycle -> _91055_/D : -45.527905
[setup in-reg] enable_cycle -> _91056_/D : -45.527905
[setup in-reg] enable_cycle -> _91057_/D : -45.527905
[setup in-reg] enable_cycle -> _91058_/D : -45.527905
[setup in-reg] enable_cycle -> _91059_/D : -45.527905
[setup in-reg] enable_cycle -> _91060_/D : -45.527905
[setup in-reg] enable_cycle -> _91061_/D : -45.527905
[setup in-reg] enable_cycle -> _91062_/D : -45.527905
[setup in-reg] enable_cycle -> _91106_/D : -45.527905
[setup in-reg] enable_cycle -> _91107_/D : -45.527905
[setup in-reg] enable_cycle -> _91108_/D : -45.527905
[setup in-reg] enable_cycle -> _91109_/D : -45.527905
[setup in-reg] enable_cycle -> _91110_/D : -45.527905
[setup in-reg] enable_cycle -> _91111_/D : -45.527905
[setup in-reg] enable_cycle -> _91112_/D : -45.527905
[setup in-reg] enable_cycle -> _91113_/D : -45.527905
[setup in-reg] enable_cycle -> _91114_/D : -45.527905
[setup in-reg] enable_cycle -> _91115_/D : -45.527905
[setup in-reg] enable_cycle -> _91116_/D : -45.527905
[setup in-reg] enable_cycle -> _91117_/D : -45.527905
[setup in-reg] enable_cycle -> _91118_/D : -45.527905
[setup in-reg] enable_cycle -> _91119_/D : -45.527905
[setup in-reg] enable_cycle -> _91120_/D : -45.527905
[setup in-reg] enable_cycle -> _91121_/D : -45.527905
[setup in-reg] enable_cycle -> _91122_/D : -45.527905
[setup in-reg] enable_cycle -> _91123_/D : -45.527905
[setup in-reg] enable_cycle -> _91124_/D : -45.527905
[setup in-reg] enable_cycle -> _91125_/D : -45.527905
[setup in-reg] enable_cycle -> _91192_/D : -45.527905
[setup in-reg] enable_cycle -> _91193_/D : -45.527905
[setup in-reg] enable_cycle -> _91194_/D : -45.527905
[setup in-reg] enable_cycle -> _91195_/D : -45.527905
[setup in-reg] enable_cycle -> _91196_/D : -45.527905
[setup in-reg] enable_cycle -> _91197_/D : -45.527905
[setup in-reg] enable_cycle -> _91198_/D : -45.527905
[setup in-reg] enable_cycle -> _91199_/D : -45.527905
[setup in-reg] enable_cycle -> _91301_/D : -45.527905
[setup in-reg] enable_cycle -> _91302_/D : -45.527905
[setup in-reg] enable_cycle -> _91303_/D : -45.527905
[setup in-reg] enable_cycle -> _91304_/D : -45.527905
[setup in-reg] enable_cycle -> _91305_/D : -45.527905
[setup in-reg] enable_cycle -> _91306_/D : -45.527905
[setup in-reg] enable_cycle -> _91307_/D : -45.527905
[setup in-reg] enable_cycle -> _91308_/D : -45.527905
[setup in-reg] enable_cycle -> _91309_/D : -45.527905
[setup in-reg] enable_cycle -> _91310_/D : -45.527905
[setup in-reg] enable_cycle -> _91311_/D : -45.527905
[setup in-reg] enable_cycle -> _91312_/D : -45.527905
[setup in-reg] enable_cycle -> _91313_/D : -45.527905
[setup in-reg] enable_cycle -> _91314_/D : -45.527905
[setup in-reg] enable_cycle -> _91315_/D : -45.527905
[setup in-reg] enable_cycle -> _91316_/D : -45.527905
[setup in-reg] enable_cycle -> _91317_/D : -45.527905
[setup in-reg] enable_cycle -> _91318_/D : -45.527905
[setup in-reg] enable_cycle -> _91319_/D : -45.527905
[setup in-reg] enable_cycle -> _91320_/D : -45.527905
[setup in-reg] enable_cycle -> _91387_/D : -45.527905
[setup in-reg] enable_cycle -> _91388_/D : -45.527905
[setup in-reg] enable_cycle -> _91389_/D : -45.527905
[setup in-reg] enable_cycle -> _91390_/D : -45.527905
[setup in-reg] enable_cycle -> _91391_/D : -45.527905
[setup in-reg] enable_cycle -> _91392_/D : -45.527905
[setup in-reg] enable_cycle -> _91393_/D : -45.527905
[setup in-reg] enable_cycle -> _91394_/D : -45.527905
[setup in-reg] enable_cycle -> _91470_/D : -45.527905
[setup in-reg] enable_cycle -> _91471_/D : -45.527905
[setup in-reg] enable_cycle -> _91472_/D : -45.527905
[setup in-reg] enable_cycle -> _91473_/D : -45.527905
[setup in-reg] enable_cycle -> _91474_/D : -45.527905
[setup in-reg] enable_cycle -> _91475_/D : -45.527905
[setup in-reg] enable_cycle -> _91476_/D : -45.527905
[setup in-reg] enable_cycle -> _91477_/D : -45.527905
[setup in-reg] enable_cycle -> _91478_/D : -45.527905
[setup in-reg] enable_cycle -> _91479_/D : -45.527905
[setup in-reg] enable_cycle -> _91480_/D : -45.527905
[setup in-reg] enable_cycle -> _91481_/D : -45.527905
[setup in-reg] enable_cycle -> _91482_/D : -45.527905
[setup in-reg] enable_cycle -> _91483_/D : -45.527905
[setup in-reg] enable_cycle -> _91484_/D : -45.527905
[setup in-reg] enable_cycle -> _91485_/D : -45.527905
[setup in-reg] enable_cycle -> _91486_/D : -45.527905
[setup in-reg] enable_cycle -> _91487_/D : -45.527905
[setup in-reg] enable_cycle -> _91488_/D : -45.527905
[setup in-reg] enable_cycle -> _91489_/D : -45.527905
[setup in-reg] enable_cycle -> _91556_/D : -45.527905
[setup in-reg] enable_cycle -> _91557_/D : -45.527905
[setup in-reg] enable_cycle -> _91558_/D : -45.527905
[setup in-reg] enable_cycle -> _91559_/D : -45.527905
[setup in-reg] enable_cycle -> _91560_/D : -45.527905
[setup in-reg] enable_cycle -> _91561_/D : -45.527905
[setup in-reg] enable_cycle -> _91562_/D : -45.527905
[setup in-reg] enable_cycle -> _91563_/D : -45.527905
[setup in-reg] enable_cycle -> _87275_/D : -45.488377
[setup in-reg] enable_cycle -> _87276_/D : -45.488377
[setup in-reg] enable_cycle -> _87277_/D : -45.488377
[setup in-reg] enable_cycle -> _87278_/D : -45.488377
[setup in-reg] enable_cycle -> _87279_/D : -45.488377
[setup in-reg] enable_cycle -> _87280_/D : -45.488377
[setup in-reg] enable_cycle -> _87281_/D : -45.488377
[setup in-reg] enable_cycle -> _87282_/D : -45.488377
[setup in-reg] enable_cycle -> _87283_/D : -45.488377
[setup in-reg] enable_cycle -> _87284_/D : -45.488377
[setup in-reg] enable_cycle -> _87285_/D : -45.488377
[setup in-reg] enable_cycle -> _87286_/D : -45.488377
[setup in-reg] enable_cycle -> _87287_/D : -45.488377
[setup in-reg] enable_cycle -> _87288_/D : -45.488377
[setup in-reg] enable_cycle -> _87289_/D : -45.488377
[setup in-reg] enable_cycle -> _87720_/D : -45.012222
[setup in-reg] enable_cycle -> _88112_/D : -44.237923
[setup in-reg] enable_cycle -> _90456_/D : -44.237923
[setup in-reg] enable_cycle -> _88920_/D : -44.210411
[setup in-reg] enable_cycle -> _85683_/D : -44.121330
[setup in-reg] enable_cycle -> _85816_/D : -44.121330
[setup in-reg] enable_cycle -> _85860_/D : -44.121330
[setup in-reg] enable_cycle -> _85861_/D : -44.121330
[setup in-reg] enable_cycle -> _86487_/D : -44.121330
[setup in-reg] enable_cycle -> _86489_/D : -44.121330
[setup in-reg] enable_cycle -> _86587_/D : -44.121330
[setup in-reg] enable_cycle -> _86782_/D : -44.121330
[setup in-reg] enable_cycle -> _86791_/D : -44.121330
[setup in-reg] enable_cycle -> _87650_/D : -44.121330
[setup in-reg] enable_cycle -> _88274_/D : -44.121330
[setup in-reg] enable_cycle -> _88356_/D : -44.121330
[setup in-reg] enable_cycle -> _88357_/D : -44.121330
[setup in-reg] enable_cycle -> _88825_/D : -44.121330
[setup in-reg] enable_cycle -> _89580_/D : -44.121330
[setup in-reg] enable_cycle -> _89757_/D : -44.121330
[setup in-reg] enable_cycle -> _90087_/D : -44.121330
[setup in-reg] enable_cycle -> _90452_/D : -44.121330
[setup in-reg] enable_cycle -> _90700_/D : -44.121330
[setup in-reg] enable_cycle -> _90888_/D : -44.121330
[setup in-reg] enable_cycle -> _91020_/D : -44.121330
[setup in-reg] enable_cycle -> _91294_/D : -44.121330
[setup in-reg] enable_cycle -> _91442_/D : -44.121330
[setup in-reg] enable_cycle -> _91445_/D : -44.121330
[setup in-reg] enable_cycle -> _91523_/D : -44.121330
[setup in-reg] enable_cycle -> _85675_/D : -43.795643
[setup in-reg] enable_cycle -> _89495_/D : -43.795643
[setup in-reg] enable_cycle -> _91227_/D : -43.795643
[setup in-reg] enable_cycle -> _91460_/D : -43.795643
