
===========================================================================
Violator List
============================================================================
[setup in-reg] rst_n -> _111110_/RESET_B : -90.651688
[setup in-reg] rst_n -> _111111_/RESET_B : -90.651688
[setup in-reg] rst_n -> _111112_/RESET_B : -90.651688
[setup in-reg] rst_n -> _111113_/RESET_B : -90.651688
[setup in-reg] rst_n -> _111114_/RESET_B : -90.651688
[setup in-reg] rst_n -> _111115_/RESET_B : -90.651688
[setup in-reg] rst_n -> _111116_/RESET_B : -90.651688
[setup in-reg] rst_n -> _111117_/RESET_B : -90.651688
[setup in-reg] rst_n -> _111118_/RESET_B : -90.651688
[setup in-reg] rst_n -> _111119_/RESET_B : -90.651688
[setup in-reg] rst_n -> _111120_/RESET_B : -90.651688
[setup in-reg] rst_n -> _111121_/RESET_B : -90.651688
[setup in-reg] rst_n -> _111122_/RESET_B : -90.651688
[setup in-reg] rst_n -> _111123_/RESET_B : -90.651688
[setup in-reg] rst_n -> _111124_/RESET_B : -90.651688
[setup in-reg] rst_n -> _111125_/RESET_B : -90.651688
[setup in-reg] rst_n -> _111126_/RESET_B : -90.651688
[setup in-reg] rst_n -> _111127_/RESET_B : -90.651688
[setup in-reg] rst_n -> _111128_/RESET_B : -90.651688
[setup in-reg] rst_n -> _111129_/RESET_B : -90.651688
[setup in-reg] rst_n -> _111130_/RESET_B : -90.651688
[setup in-reg] rst_n -> _111131_/RESET_B : -90.651688
[setup in-reg] rst_n -> _111132_/RESET_B : -90.651688
[setup in-reg] rst_n -> _111133_/RESET_B : -90.651688
[setup in-reg] rst_n -> _111134_/RESET_B : -90.651688
[setup in-reg] rst_n -> _111135_/RESET_B : -90.651688
[setup in-reg] rst_n -> _111136_/RESET_B : -90.651688
[setup in-reg] rst_n -> _111137_/RESET_B : -90.651688
[setup in-reg] rst_n -> _111138_/RESET_B : -90.651688
[setup in-reg] rst_n -> _111139_/RESET_B : -90.651688
[setup in-reg] rst_n -> _111140_/RESET_B : -90.651688
[setup in-reg] rst_n -> _111141_/RESET_B : -90.651688
[setup in-reg] rst_n -> _111142_/RESET_B : -90.651688
[setup in-reg] rst_n -> _111143_/RESET_B : -90.651688
[setup in-reg] rst_n -> _111144_/RESET_B : -90.651688
[setup in-reg] rst_n -> _111145_/RESET_B : -90.651688
[setup in-reg] rst_n -> _111146_/RESET_B : -90.651688
[setup in-reg] rst_n -> _111147_/RESET_B : -90.651688
[setup in-reg] rst_n -> _111148_/RESET_B : -90.651688
[setup in-reg] rst_n -> _111149_/RESET_B : -90.651688
[setup in-reg] rst_n -> _111150_/RESET_B : -90.651688
[setup in-reg] rst_n -> _111151_/RESET_B : -90.651688
[setup in-reg] rst_n -> _111152_/RESET_B : -90.651688
[setup in-reg] rst_n -> _111153_/RESET_B : -90.651688
[setup in-reg] rst_n -> _111154_/RESET_B : -90.651688
[setup in-reg] rst_n -> _111155_/RESET_B : -90.651688
[setup in-reg] rst_n -> _111156_/RESET_B : -90.651688
[setup in-reg] rst_n -> _111157_/RESET_B : -90.651688
[setup in-reg] rst_n -> _111158_/RESET_B : -90.651688
[setup in-reg] rst_n -> _111159_/RESET_B : -90.651688
[setup in-reg] rst_n -> _111160_/RESET_B : -90.651688
[setup in-reg] rst_n -> _111161_/RESET_B : -90.651688
[setup in-reg] rst_n -> _111162_/RESET_B : -90.651688
[setup in-reg] rst_n -> _111163_/RESET_B : -90.651688
[setup in-reg] rst_n -> _111164_/RESET_B : -90.651688
[setup in-reg] rst_n -> _111165_/RESET_B : -90.651688
[setup in-reg] rst_n -> _111166_/RESET_B : -90.651688
[setup in-reg] rst_n -> _111167_/RESET_B : -90.651688
[setup in-reg] rst_n -> _111168_/RESET_B : -90.651688
[setup in-reg] rst_n -> _111169_/RESET_B : -90.651688
[setup in-reg] rst_n -> _111170_/RESET_B : -90.651688
[setup in-reg] rst_n -> _111171_/RESET_B : -90.651688
[setup in-reg] rst_n -> _111172_/RESET_B : -90.651688
[setup in-reg] rst_n -> _111173_/RESET_B : -90.651688
[setup in-reg] rst_n -> _111174_/RESET_B : -90.651688
[setup in-reg] rst_n -> _111175_/RESET_B : -90.651688
[setup in-reg] rst_n -> _111176_/RESET_B : -90.651688
[setup in-reg] rst_n -> _111177_/RESET_B : -90.651688
[setup in-reg] rst_n -> _111178_/RESET_B : -90.651688
[setup in-reg] rst_n -> _111179_/RESET_B : -90.651688
[setup in-reg] rst_n -> _111180_/RESET_B : -90.651688
[setup in-reg] rst_n -> _111181_/RESET_B : -90.651688
[setup in-reg] rst_n -> _111182_/RESET_B : -90.651688
[setup in-reg] rst_n -> _111183_/RESET_B : -90.651688
[setup in-reg] rst_n -> _111184_/RESET_B : -90.651688
[setup in-reg] rst_n -> _111185_/RESET_B : -90.651688
[setup in-reg] rst_n -> _111186_/RESET_B : -90.651688
[setup in-reg] rst_n -> _111187_/RESET_B : -90.651688
[setup in-reg] rst_n -> _111188_/RESET_B : -90.651688
[setup in-reg] rst_n -> _111189_/RESET_B : -90.651688
[setup in-reg] rst_n -> _111190_/RESET_B : -90.651688
[setup in-reg] rst_n -> _111191_/RESET_B : -90.651688
[setup in-reg] rst_n -> _111192_/RESET_B : -90.651688
[setup in-reg] rst_n -> _111193_/RESET_B : -90.651688
[setup in-reg] rst_n -> _111194_/RESET_B : -90.651688
[setup in-reg] rst_n -> _111195_/RESET_B : -90.651688
[setup in-reg] rst_n -> _111196_/RESET_B : -90.651688
[setup in-reg] rst_n -> _111197_/RESET_B : -90.651688
[setup in-reg] rst_n -> _111198_/RESET_B : -90.651688
[setup in-reg] rst_n -> _111199_/RESET_B : -90.651688
[setup in-reg] rst_n -> _111200_/RESET_B : -90.651688
[setup in-reg] rst_n -> _111201_/RESET_B : -90.651688
[setup in-reg] rst_n -> _111202_/RESET_B : -90.651688
[setup in-reg] rst_n -> _111203_/RESET_B : -90.651688
[setup in-reg] rst_n -> _111204_/RESET_B : -90.651688
[setup in-reg] rst_n -> _111205_/RESET_B : -90.651688
[setup in-reg] rst_n -> _111206_/RESET_B : -90.651688
[setup in-reg] rst_n -> _111207_/RESET_B : -90.651688
[setup in-reg] rst_n -> _111208_/RESET_B : -90.651688
[setup in-reg] rst_n -> _111209_/RESET_B : -90.651688
[setup in-reg] rst_n -> _111210_/RESET_B : -90.651688
[setup in-reg] rst_n -> _111211_/RESET_B : -90.651688
[setup in-reg] rst_n -> _111212_/RESET_B : -90.651688
[setup in-reg] rst_n -> _111213_/RESET_B : -90.651688
[setup in-reg] rst_n -> _111214_/RESET_B : -90.651688
[setup in-reg] rst_n -> _111215_/RESET_B : -90.651688
[setup in-reg] rst_n -> _111216_/RESET_B : -90.651688
[setup in-reg] rst_n -> _111217_/RESET_B : -90.651688
[setup in-reg] rst_n -> _111218_/RESET_B : -90.651688
[setup in-reg] rst_n -> _111219_/RESET_B : -90.651688
[setup in-reg] rst_n -> _111220_/RESET_B : -90.651688
[setup in-reg] rst_n -> _111221_/RESET_B : -90.651688
[setup in-reg] rst_n -> _111222_/RESET_B : -90.651688
[setup in-reg] rst_n -> _111223_/RESET_B : -90.651688
[setup in-reg] rst_n -> _111224_/RESET_B : -90.651688
[setup in-reg] rst_n -> _111225_/RESET_B : -90.651688
[setup in-reg] rst_n -> _111226_/RESET_B : -90.651688
[setup in-reg] rst_n -> _111227_/RESET_B : -90.651688
[setup in-reg] rst_n -> _111228_/RESET_B : -90.651688
[setup in-reg] rst_n -> _111229_/RESET_B : -90.651688
[setup in-reg] rst_n -> _111230_/RESET_B : -90.651688
[setup in-reg] rst_n -> _111231_/RESET_B : -90.651688
[setup in-reg] rst_n -> _111232_/RESET_B : -90.651688
[setup in-reg] rst_n -> _111233_/RESET_B : -90.651688
[setup in-reg] rst_n -> _111234_/RESET_B : -90.651688
[setup in-reg] rst_n -> _111235_/RESET_B : -90.651688
[setup in-reg] rst_n -> _111236_/RESET_B : -90.651688
[setup in-reg] rst_n -> _111237_/RESET_B : -90.651688
[setup in-reg] rst_n -> _111238_/RESET_B : -90.651688
[setup in-reg] rst_n -> _111239_/RESET_B : -90.651688
[setup in-reg] rst_n -> _111240_/RESET_B : -90.651688
[setup in-reg] rst_n -> _111241_/RESET_B : -90.651688
[setup in-reg] rst_n -> _111242_/RESET_B : -90.651688
[setup in-reg] rst_n -> _111243_/RESET_B : -90.651688
[setup in-reg] rst_n -> _111244_/RESET_B : -90.651688
[setup in-reg] rst_n -> _111245_/RESET_B : -90.651688
[setup in-reg] rst_n -> _111246_/RESET_B : -90.651688
[setup in-reg] rst_n -> _111247_/RESET_B : -90.651688
[setup in-reg] rst_n -> _111248_/RESET_B : -90.651688
[setup in-reg] rst_n -> _111249_/RESET_B : -90.651688
[setup in-reg] rst_n -> _111250_/RESET_B : -90.651688
[setup in-reg] rst_n -> _111251_/RESET_B : -90.651688
[setup in-reg] rst_n -> _111252_/RESET_B : -90.651688
[setup in-reg] rst_n -> _111253_/RESET_B : -90.651688
[setup in-reg] rst_n -> _111254_/RESET_B : -90.651688
[setup in-reg] rst_n -> _111255_/RESET_B : -90.651688
[setup in-reg] rst_n -> _111256_/RESET_B : -90.651688
[setup in-reg] rst_n -> _111257_/RESET_B : -90.651688
[setup in-reg] rst_n -> _111258_/RESET_B : -90.651688
[setup in-reg] rst_n -> _111259_/RESET_B : -90.651688
[setup in-reg] rst_n -> _111260_/RESET_B : -90.651688
[setup in-reg] rst_n -> _111261_/RESET_B : -90.651688
[setup in-reg] rst_n -> _111262_/RESET_B : -90.651688
[setup in-reg] rst_n -> _111263_/RESET_B : -90.651688
[setup in-reg] rst_n -> _111264_/RESET_B : -90.651688
[setup in-reg] rst_n -> _111265_/RESET_B : -90.651688
[setup in-reg] rst_n -> _111266_/RESET_B : -90.651688
[setup in-reg] rst_n -> _111267_/RESET_B : -90.651688
[setup in-reg] rst_n -> _111268_/RESET_B : -90.651688
[setup in-reg] rst_n -> _111269_/RESET_B : -90.651688
[setup in-reg] rst_n -> _111270_/RESET_B : -90.651688
[setup in-reg] rst_n -> _111271_/RESET_B : -90.651688
[setup in-reg] rst_n -> _111272_/RESET_B : -90.651688
[setup in-reg] rst_n -> _111273_/RESET_B : -90.651688
[setup in-reg] rst_n -> _111274_/RESET_B : -90.651688
[setup in-reg] rst_n -> _111275_/RESET_B : -90.651688
[setup in-reg] rst_n -> _111276_/RESET_B : -90.651688
[setup in-reg] rst_n -> _111277_/RESET_B : -90.651688
[setup in-reg] rst_n -> _111278_/RESET_B : -90.651688
[setup in-reg] rst_n -> _111279_/RESET_B : -90.651688
[setup in-reg] rst_n -> _111280_/RESET_B : -90.651688
[setup in-reg] rst_n -> _111281_/RESET_B : -90.651688
[setup in-reg] rst_n -> _111282_/RESET_B : -90.651688
[setup in-reg] rst_n -> _111283_/RESET_B : -90.651688
[setup in-reg] rst_n -> _111284_/RESET_B : -90.651688
[setup in-reg] rst_n -> _111285_/RESET_B : -90.651688
[setup in-reg] rst_n -> _111286_/RESET_B : -90.651688
[setup in-reg] rst_n -> _111287_/RESET_B : -90.651688
[setup in-reg] rst_n -> _111288_/RESET_B : -90.651688
[setup in-reg] rst_n -> _111289_/RESET_B : -90.651688
[setup in-reg] rst_n -> _111290_/RESET_B : -90.651688
[setup in-reg] rst_n -> _111291_/RESET_B : -90.651688
[setup in-reg] rst_n -> _111292_/RESET_B : -90.651688
[setup in-reg] rst_n -> _111293_/RESET_B : -90.651688
[setup in-reg] rst_n -> _111294_/RESET_B : -90.651688
[setup in-reg] rst_n -> _111295_/RESET_B : -90.651688
[setup in-reg] rst_n -> _111296_/RESET_B : -90.651688
[setup in-reg] rst_n -> _111297_/RESET_B : -90.651688
[setup in-reg] rst_n -> _111298_/RESET_B : -90.651688
[setup in-reg] rst_n -> _111299_/RESET_B : -90.651688
[setup in-reg] rst_n -> _111300_/RESET_B : -90.651688
[setup in-reg] rst_n -> _111301_/RESET_B : -90.651688
[setup in-reg] rst_n -> _111302_/RESET_B : -90.651688
[setup in-reg] rst_n -> _111303_/RESET_B : -90.651688
[setup in-reg] rst_n -> _111304_/RESET_B : -90.651688
[setup in-reg] rst_n -> _111305_/RESET_B : -90.651688
[setup in-reg] rst_n -> _111306_/RESET_B : -90.651688
[setup in-reg] rst_n -> _111307_/RESET_B : -90.651688
[setup in-reg] rst_n -> _111308_/RESET_B : -90.651688
[setup in-reg] rst_n -> _111309_/RESET_B : -90.651688
[setup in-reg] rst_n -> _111310_/RESET_B : -90.651688
[setup in-reg] rst_n -> _111311_/RESET_B : -90.651688
[setup in-reg] rst_n -> _111312_/RESET_B : -90.651688
[setup in-reg] rst_n -> _111313_/RESET_B : -90.651688
[setup in-reg] rst_n -> _111314_/RESET_B : -90.651688
[setup in-reg] rst_n -> _111315_/RESET_B : -90.651688
[setup in-reg] rst_n -> _111316_/RESET_B : -90.651688
[setup in-reg] rst_n -> _111317_/RESET_B : -90.651688
[setup in-reg] rst_n -> _111318_/RESET_B : -90.651688
[setup in-reg] rst_n -> _111319_/RESET_B : -90.651688
[setup in-reg] rst_n -> _111320_/RESET_B : -90.651688
[setup in-reg] rst_n -> _111321_/RESET_B : -90.651688
[setup in-reg] rst_n -> _111322_/RESET_B : -90.651688
[setup in-reg] rst_n -> _111323_/RESET_B : -90.651688
[setup in-reg] rst_n -> _111324_/RESET_B : -90.651688
[setup in-reg] rst_n -> _111325_/RESET_B : -90.651688
[setup in-reg] rst_n -> _111326_/RESET_B : -90.651688
[setup in-reg] rst_n -> _111327_/RESET_B : -90.651688
[setup in-reg] rst_n -> _111328_/RESET_B : -90.651688
[setup in-reg] rst_n -> _111329_/RESET_B : -90.651688
[setup in-reg] rst_n -> _111330_/RESET_B : -90.651688
[setup in-reg] rst_n -> _111331_/RESET_B : -90.651688
[setup in-reg] rst_n -> _111332_/RESET_B : -90.651688
[setup in-reg] rst_n -> _111333_/RESET_B : -90.651688
[setup in-reg] rst_n -> _111334_/RESET_B : -90.651688
[setup in-reg] rst_n -> _111335_/RESET_B : -90.651688
[setup in-reg] rst_n -> _111336_/RESET_B : -90.651688
[setup in-reg] rst_n -> _111337_/RESET_B : -90.651688
[setup in-reg] rst_n -> _111338_/RESET_B : -90.651688
[setup in-reg] rst_n -> _111339_/RESET_B : -90.651688
[setup in-reg] rst_n -> _111340_/RESET_B : -90.651688
[setup in-reg] rst_n -> _111341_/RESET_B : -90.651688
[setup in-reg] rst_n -> _111342_/RESET_B : -90.651688
[setup in-reg] rst_n -> _111343_/RESET_B : -90.651688
[setup in-reg] rst_n -> _111344_/RESET_B : -90.651688
[setup in-reg] rst_n -> _111345_/RESET_B : -90.651688
[setup in-reg] rst_n -> _111346_/RESET_B : -90.651688
[setup in-reg] rst_n -> _111347_/RESET_B : -90.651688
[setup in-reg] rst_n -> _111348_/RESET_B : -90.651688
[setup in-reg] rst_n -> _111349_/RESET_B : -90.651688
[setup in-reg] rst_n -> _111350_/RESET_B : -90.651688
[setup in-reg] rst_n -> _111351_/RESET_B : -90.651688
[setup in-reg] rst_n -> _111352_/RESET_B : -90.651688
[setup in-reg] rst_n -> _111353_/RESET_B : -90.651688
[setup in-reg] rst_n -> _111354_/RESET_B : -90.651688
[setup in-reg] rst_n -> _111355_/RESET_B : -90.651688
[setup in-reg] rst_n -> _111356_/RESET_B : -90.651688
[setup in-reg] rst_n -> _111357_/RESET_B : -90.651688
[setup in-reg] rst_n -> _111358_/RESET_B : -90.651688
[setup in-reg] rst_n -> _111359_/RESET_B : -90.651688
[setup in-reg] rst_n -> _111360_/RESET_B : -90.651688
[setup in-reg] rst_n -> _111361_/RESET_B : -90.651688
[setup in-reg] rst_n -> _111362_/RESET_B : -90.651688
[setup in-reg] rst_n -> _111363_/RESET_B : -90.651688
[setup in-reg] rst_n -> _111364_/RESET_B : -90.651688
[setup in-reg] rst_n -> _111365_/RESET_B : -90.651688
[setup in-reg] rst_n -> _111366_/RESET_B : -90.651688
[setup in-reg] rst_n -> _111367_/RESET_B : -90.651688
[setup in-reg] rst_n -> _111368_/RESET_B : -90.651688
[setup in-reg] rst_n -> _111369_/RESET_B : -90.651688
[setup in-reg] rst_n -> _111370_/RESET_B : -90.651688
[setup in-reg] rst_n -> _111371_/RESET_B : -90.651688
[setup in-reg] rst_n -> _111372_/RESET_B : -90.651688
[setup in-reg] rst_n -> _111373_/RESET_B : -90.651688
[setup in-reg] rst_n -> _111374_/RESET_B : -90.651688
[setup in-reg] rst_n -> _111375_/RESET_B : -90.651688
[setup in-reg] rst_n -> _111376_/RESET_B : -90.651688
[setup in-reg] rst_n -> _111377_/RESET_B : -90.651688
[setup in-reg] rst_n -> _111378_/RESET_B : -90.651688
[setup in-reg] rst_n -> _111379_/RESET_B : -90.651688
[setup in-reg] rst_n -> _111380_/RESET_B : -90.651688
[setup in-reg] rst_n -> _111381_/RESET_B : -90.651688
[setup in-reg] rst_n -> _111382_/RESET_B : -90.651688
[setup in-reg] rst_n -> _111383_/RESET_B : -90.651688
[setup in-reg] rst_n -> _111384_/RESET_B : -90.651688
[setup in-reg] rst_n -> _111385_/RESET_B : -90.651688
[setup in-reg] rst_n -> _111386_/RESET_B : -90.651688
[setup in-reg] rst_n -> _111387_/RESET_B : -90.651688
[setup in-reg] rst_n -> _111388_/RESET_B : -90.651688
[setup in-reg] rst_n -> _111389_/RESET_B : -90.651688
[setup in-reg] rst_n -> _111390_/RESET_B : -90.651688
[setup in-reg] rst_n -> _111391_/RESET_B : -90.651688
[setup in-reg] rst_n -> _111392_/RESET_B : -90.651688
[setup in-reg] rst_n -> _111393_/RESET_B : -90.651688
[setup in-reg] rst_n -> _111394_/RESET_B : -90.651688
[setup in-reg] rst_n -> _111395_/RESET_B : -90.651688
[setup in-reg] rst_n -> _111396_/RESET_B : -90.651688
[setup in-reg] rst_n -> _111397_/RESET_B : -90.651688
[setup in-reg] rst_n -> _111398_/RESET_B : -90.651688
[setup in-reg] rst_n -> _111399_/RESET_B : -90.651688
[setup in-reg] rst_n -> _111400_/RESET_B : -90.651688
[setup in-reg] rst_n -> _111401_/RESET_B : -90.651688
[setup in-reg] rst_n -> _111402_/RESET_B : -90.651688
[setup in-reg] rst_n -> _111403_/RESET_B : -90.651688
[setup in-reg] rst_n -> _111404_/RESET_B : -90.651688
[setup in-reg] rst_n -> _111405_/RESET_B : -90.651688
[setup in-reg] rst_n -> _111406_/RESET_B : -90.651688
[setup in-reg] rst_n -> _111407_/RESET_B : -90.651688
[setup in-reg] rst_n -> _111408_/RESET_B : -90.651688
[setup in-reg] rst_n -> _111409_/RESET_B : -90.651688
[setup in-reg] rst_n -> _111410_/RESET_B : -90.651688
[setup in-reg] rst_n -> _111411_/RESET_B : -90.651688
[setup in-reg] rst_n -> _111412_/RESET_B : -90.651688
[setup in-reg] rst_n -> _111413_/RESET_B : -90.651688
[setup in-reg] rst_n -> _111414_/RESET_B : -90.651688
[setup in-reg] rst_n -> _111415_/RESET_B : -90.651688
[setup in-reg] rst_n -> _111416_/RESET_B : -90.651688
[setup in-reg] rst_n -> _111417_/RESET_B : -90.651688
[setup in-reg] rst_n -> _111418_/RESET_B : -90.651688
[setup in-reg] rst_n -> _111419_/RESET_B : -90.651688
[setup in-reg] rst_n -> _111420_/RESET_B : -90.651688
[setup in-reg] rst_n -> _111421_/RESET_B : -90.651688
[setup in-reg] rst_n -> _111422_/RESET_B : -90.651688
[setup in-reg] rst_n -> _111423_/RESET_B : -90.651688
[setup in-reg] rst_n -> _111424_/RESET_B : -90.651688
[setup in-reg] rst_n -> _111425_/RESET_B : -90.651688
[setup in-reg] rst_n -> _111426_/RESET_B : -90.651688
[setup in-reg] rst_n -> _111427_/RESET_B : -90.651688
[setup in-reg] rst_n -> _111428_/RESET_B : -90.651688
[setup in-reg] rst_n -> _111429_/RESET_B : -90.651688
[setup in-reg] rst_n -> _111430_/RESET_B : -90.651688
[setup in-reg] rst_n -> _111431_/RESET_B : -90.651688
[setup in-reg] rst_n -> _111432_/RESET_B : -90.651688
[setup in-reg] rst_n -> _111433_/RESET_B : -90.651688
[setup in-reg] rst_n -> _111434_/RESET_B : -90.651688
[setup in-reg] rst_n -> _111435_/RESET_B : -90.651688
[setup in-reg] rst_n -> _111436_/RESET_B : -90.651688
[setup in-reg] rst_n -> _111437_/RESET_B : -90.651688
[setup in-reg] rst_n -> _111438_/RESET_B : -90.651688
[setup in-reg] rst_n -> _111439_/RESET_B : -90.651688
[setup in-reg] rst_n -> _111440_/RESET_B : -90.651688
[setup in-reg] rst_n -> _111441_/RESET_B : -90.651688
[setup in-reg] rst_n -> _111442_/RESET_B : -90.651688
[setup in-reg] rst_n -> _111443_/RESET_B : -90.651688
[setup in-reg] rst_n -> _111444_/RESET_B : -90.651688
[setup in-reg] rst_n -> _111445_/RESET_B : -90.651688
[setup in-reg] rst_n -> _111446_/RESET_B : -90.651688
[setup in-reg] rst_n -> _111447_/RESET_B : -90.651688
[setup in-reg] rst_n -> _111448_/RESET_B : -90.651688
[setup in-reg] rst_n -> _111449_/RESET_B : -90.651688
[setup in-reg] rst_n -> _111450_/RESET_B : -90.651688
[setup in-reg] rst_n -> _111451_/RESET_B : -90.651688
[setup in-reg] rst_n -> _111452_/RESET_B : -90.651688
[setup in-reg] rst_n -> _111453_/RESET_B : -90.651688
[setup in-reg] rst_n -> _111454_/RESET_B : -90.651688
[setup in-reg] rst_n -> _111455_/RESET_B : -90.651688
[setup in-reg] rst_n -> _111456_/RESET_B : -90.651688
[setup in-reg] rst_n -> _111457_/RESET_B : -90.651688
[setup in-reg] rst_n -> _111458_/RESET_B : -90.651688
[setup in-reg] rst_n -> _111459_/RESET_B : -90.651688
[setup in-reg] rst_n -> _111460_/RESET_B : -90.651688
[setup in-reg] rst_n -> _111461_/RESET_B : -90.651688
[setup in-reg] rst_n -> _111462_/RESET_B : -90.651688
[setup in-reg] rst_n -> _111463_/RESET_B : -90.651688
[setup in-reg] rst_n -> _111464_/RESET_B : -90.651688
[setup in-reg] rst_n -> _111465_/RESET_B : -90.651688
[setup in-reg] rst_n -> _111466_/RESET_B : -90.651688
[setup in-reg] rst_n -> _111467_/RESET_B : -90.651688
[setup in-reg] rst_n -> _111468_/RESET_B : -90.651688
[setup in-reg] rst_n -> _111469_/RESET_B : -90.651688
[setup in-reg] rst_n -> _111470_/RESET_B : -90.651688
[setup in-reg] rst_n -> _111471_/RESET_B : -90.651688
[setup in-reg] rst_n -> _111472_/RESET_B : -90.651688
[setup in-reg] rst_n -> _111473_/RESET_B : -90.651688
[setup in-reg] rst_n -> _111474_/RESET_B : -90.651688
[setup in-reg] rst_n -> _111475_/RESET_B : -90.651688
[setup in-reg] rst_n -> _111476_/RESET_B : -90.651688
[setup in-reg] rst_n -> _111477_/RESET_B : -90.651688
[setup in-reg] rst_n -> _111478_/RESET_B : -90.651688
[setup in-reg] rst_n -> _111479_/RESET_B : -90.651688
[setup in-reg] rst_n -> _111480_/RESET_B : -90.651688
[setup in-reg] rst_n -> _111481_/RESET_B : -90.651688
[setup in-reg] rst_n -> _111482_/RESET_B : -90.651688
[setup in-reg] rst_n -> _111483_/RESET_B : -90.651688
[setup in-reg] rst_n -> _111484_/RESET_B : -90.651688
[setup in-reg] rst_n -> _111485_/RESET_B : -90.651688
[setup in-reg] rst_n -> _111486_/RESET_B : -90.651688
[setup in-reg] rst_n -> _111487_/RESET_B : -90.651688
[setup in-reg] rst_n -> _111488_/RESET_B : -90.651688
[setup in-reg] rst_n -> _111489_/RESET_B : -90.651688
[setup in-reg] rst_n -> _111490_/RESET_B : -90.651688
[setup in-reg] rst_n -> _111491_/RESET_B : -90.651688
[setup in-reg] rst_n -> _111492_/RESET_B : -90.651688
[setup in-reg] rst_n -> _111493_/RESET_B : -90.651688
[setup in-reg] rst_n -> _111494_/RESET_B : -90.651688
[setup in-reg] rst_n -> _111495_/RESET_B : -90.651688
[setup in-reg] rst_n -> _111496_/RESET_B : -90.651688
[setup in-reg] rst_n -> _111497_/RESET_B : -90.651688
[setup in-reg] rst_n -> _111498_/RESET_B : -90.651688
[setup in-reg] rst_n -> _111499_/RESET_B : -90.651688
[setup in-reg] rst_n -> _111500_/RESET_B : -90.651688
[setup in-reg] rst_n -> _111501_/RESET_B : -90.651688
[setup in-reg] rst_n -> _111502_/RESET_B : -90.651688
[setup in-reg] rst_n -> _111503_/RESET_B : -90.651688
[setup in-reg] rst_n -> _111504_/RESET_B : -90.651688
[setup in-reg] rst_n -> _111505_/RESET_B : -90.651688
[setup in-reg] rst_n -> _111506_/RESET_B : -90.651688
[setup in-reg] rst_n -> _111507_/RESET_B : -90.651688
[setup in-reg] rst_n -> _111508_/RESET_B : -90.651688
[setup in-reg] rst_n -> _111509_/RESET_B : -90.651688
[setup in-reg] rst_n -> _111510_/RESET_B : -90.651688
[setup in-reg] rst_n -> _111511_/RESET_B : -90.651688
[setup in-reg] rst_n -> _111512_/RESET_B : -90.651688
[setup in-reg] rst_n -> _111513_/RESET_B : -90.651688
[setup in-reg] rst_n -> _111514_/RESET_B : -90.651688
[setup in-reg] rst_n -> _111515_/RESET_B : -90.651688
[setup in-reg] rst_n -> _111516_/RESET_B : -90.651688
[setup in-reg] rst_n -> _111517_/RESET_B : -90.651688
[setup in-reg] rst_n -> _111518_/RESET_B : -90.651688
[setup in-reg] rst_n -> _111519_/RESET_B : -90.651688
[setup in-reg] rst_n -> _111520_/RESET_B : -90.651688
[setup in-reg] rst_n -> _111521_/RESET_B : -90.651688
[setup in-reg] rst_n -> _111522_/RESET_B : -90.651688
[setup in-reg] rst_n -> _111523_/RESET_B : -90.651688
[setup in-reg] rst_n -> _111524_/RESET_B : -90.651688
[setup in-reg] rst_n -> _111525_/RESET_B : -90.651688
[setup in-reg] rst_n -> _111526_/RESET_B : -90.651688
[setup in-reg] rst_n -> _111527_/RESET_B : -90.651688
[setup in-reg] rst_n -> _111528_/RESET_B : -90.651688
[setup in-reg] rst_n -> _111529_/RESET_B : -90.651688
[setup in-reg] rst_n -> _111530_/RESET_B : -90.651688
[setup in-reg] rst_n -> _111531_/RESET_B : -90.651688
[setup in-reg] rst_n -> _111532_/RESET_B : -90.651688
[setup in-reg] rst_n -> _111533_/RESET_B : -90.651688
[setup in-reg] rst_n -> _111534_/RESET_B : -90.651688
[setup in-reg] rst_n -> _111535_/RESET_B : -90.651688
[setup in-reg] rst_n -> _111536_/RESET_B : -90.651688
[setup in-reg] rst_n -> _111537_/RESET_B : -90.651688
[setup in-reg] rst_n -> _111538_/RESET_B : -90.651688
[setup in-reg] rst_n -> _111539_/RESET_B : -90.651688
[setup in-reg] rst_n -> _111540_/RESET_B : -90.651688
[setup in-reg] rst_n -> _111541_/RESET_B : -90.651688
[setup in-reg] rst_n -> _111542_/RESET_B : -90.651688
[setup in-reg] rst_n -> _111543_/RESET_B : -90.651688
[setup in-reg] rst_n -> _111544_/RESET_B : -90.651688
[setup in-reg] rst_n -> _111545_/RESET_B : -90.651688
[setup in-reg] rst_n -> _111546_/RESET_B : -90.651688
[setup in-reg] rst_n -> _111547_/RESET_B : -90.651688
[setup in-reg] rst_n -> _111548_/RESET_B : -90.651688
[setup in-reg] rst_n -> _111549_/RESET_B : -90.651688
[setup in-reg] rst_n -> _111550_/RESET_B : -90.651688
[setup in-reg] rst_n -> _111551_/RESET_B : -90.651688
[setup in-reg] rst_n -> _111552_/RESET_B : -90.651688
[setup in-reg] rst_n -> _111553_/RESET_B : -90.651688
[setup in-reg] rst_n -> _111554_/RESET_B : -90.651688
[setup in-reg] rst_n -> _111555_/RESET_B : -90.651688
[setup in-reg] rst_n -> _111556_/RESET_B : -90.651688
[setup in-reg] rst_n -> _111557_/RESET_B : -90.651688
[setup in-reg] rst_n -> _111558_/RESET_B : -90.651688
[setup in-reg] rst_n -> _111559_/RESET_B : -90.651688
[setup in-reg] rst_n -> _111560_/RESET_B : -90.651688
[setup in-reg] rst_n -> _111561_/RESET_B : -90.651688
[setup in-reg] rst_n -> _111562_/RESET_B : -90.651688
[setup in-reg] rst_n -> _111563_/RESET_B : -90.651688
[setup in-reg] rst_n -> _111564_/RESET_B : -90.651688
[setup in-reg] rst_n -> _111565_/RESET_B : -90.651688
[setup in-reg] rst_n -> _111566_/RESET_B : -90.651688
[setup in-reg] rst_n -> _111567_/RESET_B : -90.651688
[setup in-reg] rst_n -> _111568_/RESET_B : -90.651688
[setup in-reg] rst_n -> _111569_/RESET_B : -90.651688
[setup in-reg] rst_n -> _111570_/RESET_B : -90.651688
[setup in-reg] rst_n -> _111571_/RESET_B : -90.651688
[setup in-reg] rst_n -> _111572_/RESET_B : -90.651688
[setup in-reg] rst_n -> _111573_/RESET_B : -90.651688
[setup in-reg] rst_n -> _111574_/RESET_B : -90.651688
[setup in-reg] rst_n -> _111575_/RESET_B : -90.651688
[setup in-reg] rst_n -> _111576_/RESET_B : -90.651688
[setup in-reg] rst_n -> _111577_/RESET_B : -90.651688
[setup in-reg] rst_n -> _111578_/RESET_B : -90.651688
[setup in-reg] rst_n -> _111579_/RESET_B : -90.651688
[setup in-reg] rst_n -> _111580_/RESET_B : -90.651688
[setup in-reg] rst_n -> _111581_/RESET_B : -90.651688
[setup in-reg] rst_n -> _111582_/RESET_B : -90.651688
[setup in-reg] rst_n -> _111583_/RESET_B : -90.651688
[setup in-reg] rst_n -> _111584_/RESET_B : -90.651688
[setup in-reg] rst_n -> _111585_/RESET_B : -90.651688
[setup in-reg] rst_n -> _111586_/RESET_B : -90.651688
[setup in-reg] rst_n -> _111587_/RESET_B : -90.651688
[setup in-reg] rst_n -> _111588_/RESET_B : -90.651688
[setup in-reg] rst_n -> _111589_/RESET_B : -90.651688
[setup in-reg] rst_n -> _111590_/RESET_B : -90.651688
[setup in-reg] rst_n -> _111591_/RESET_B : -90.651688
[setup in-reg] rst_n -> _111592_/RESET_B : -90.651688
[setup in-reg] rst_n -> _111593_/RESET_B : -90.651688
[setup in-reg] rst_n -> _111594_/RESET_B : -90.651688
[setup in-reg] rst_n -> _111595_/RESET_B : -90.651688
[setup in-reg] rst_n -> _111596_/RESET_B : -90.651688
[setup in-reg] rst_n -> _111597_/RESET_B : -90.651688
[setup in-reg] rst_n -> _111598_/RESET_B : -90.651688
[setup in-reg] rst_n -> _111599_/RESET_B : -90.651688
[setup in-reg] rst_n -> _111600_/RESET_B : -90.651688
[setup in-reg] rst_n -> _111601_/RESET_B : -90.651688
[setup in-reg] rst_n -> _111602_/RESET_B : -90.651688
[setup in-reg] rst_n -> _111603_/RESET_B : -90.651688
[setup in-reg] rst_n -> _111604_/RESET_B : -90.651688
[setup in-reg] rst_n -> _111605_/RESET_B : -90.651688
[setup in-reg] rst_n -> _111606_/RESET_B : -90.651688
[setup in-reg] rst_n -> _111607_/RESET_B : -90.651688
[setup in-reg] rst_n -> _111608_/RESET_B : -90.651688
[setup in-reg] rst_n -> _111609_/RESET_B : -90.651688
[setup in-reg] rst_n -> _111610_/RESET_B : -90.651688
[setup in-reg] rst_n -> _111611_/RESET_B : -90.651688
[setup in-reg] rst_n -> _111612_/RESET_B : -90.651688
[setup in-reg] rst_n -> _111613_/RESET_B : -90.651688
[setup in-reg] rst_n -> _111614_/RESET_B : -90.651688
[setup in-reg] rst_n -> _111615_/RESET_B : -90.651688
[setup in-reg] rst_n -> _111616_/RESET_B : -90.651688
[setup in-reg] rst_n -> _111617_/RESET_B : -90.651688
[setup in-reg] rst_n -> _111618_/RESET_B : -90.651688
[setup in-reg] rst_n -> _111619_/RESET_B : -90.651688
[setup in-reg] rst_n -> _111620_/RESET_B : -90.651688
[setup in-reg] rst_n -> _111621_/RESET_B : -90.651688
[setup in-reg] rst_n -> _111622_/RESET_B : -90.651688
[setup in-reg] rst_n -> _111623_/RESET_B : -90.651688
[setup in-reg] rst_n -> _111624_/RESET_B : -90.651688
[setup in-reg] rst_n -> _111625_/RESET_B : -90.651688
[setup in-reg] rst_n -> _111626_/RESET_B : -90.651688
[setup in-reg] rst_n -> _111627_/RESET_B : -90.651688
[setup in-reg] rst_n -> _111628_/RESET_B : -90.651688
[setup in-reg] rst_n -> _111629_/RESET_B : -90.651688
[setup in-reg] rst_n -> _111630_/RESET_B : -90.651688
[setup in-reg] rst_n -> _111631_/RESET_B : -90.651688
[setup in-reg] rst_n -> _111632_/RESET_B : -90.651688
[setup in-reg] rst_n -> _111633_/RESET_B : -90.651688
[setup in-reg] rst_n -> _111634_/RESET_B : -90.651688
[setup in-reg] rst_n -> _111635_/RESET_B : -90.651688
[setup in-reg] rst_n -> _111636_/RESET_B : -90.651688
[setup in-reg] rst_n -> _111637_/RESET_B : -90.651688
[setup in-reg] rst_n -> _111638_/RESET_B : -90.651688
[setup in-reg] rst_n -> _111639_/RESET_B : -90.651688
[setup in-reg] rst_n -> _111640_/RESET_B : -90.651688
[setup in-reg] rst_n -> _111641_/RESET_B : -90.651688
[setup in-reg] rst_n -> _111642_/RESET_B : -90.651688
[setup in-reg] rst_n -> _111643_/RESET_B : -90.651688
[setup in-reg] rst_n -> _111644_/RESET_B : -90.651688
[setup in-reg] rst_n -> _111645_/RESET_B : -90.651688
[setup in-reg] rst_n -> _111646_/RESET_B : -90.651688
[setup in-reg] rst_n -> _111647_/RESET_B : -90.651688
[setup in-reg] rst_n -> _111648_/RESET_B : -90.651688
[setup in-reg] rst_n -> _111649_/RESET_B : -90.651688
[setup in-reg] rst_n -> _111650_/RESET_B : -90.651688
[setup in-reg] rst_n -> _111651_/RESET_B : -90.651688
[setup in-reg] rst_n -> _111652_/RESET_B : -90.651688
[setup in-reg] rst_n -> _111653_/RESET_B : -90.651688
[setup in-reg] rst_n -> _111654_/RESET_B : -90.651688
[setup in-reg] rst_n -> _111655_/RESET_B : -90.651688
[setup in-reg] rst_n -> _111656_/RESET_B : -90.651688
[setup in-reg] rst_n -> _111657_/RESET_B : -90.651688
[setup in-reg] rst_n -> _111658_/RESET_B : -90.651688
[setup in-reg] rst_n -> _111659_/RESET_B : -90.651688
[setup in-reg] rst_n -> _111660_/RESET_B : -90.651688
[setup in-reg] rst_n -> _111661_/RESET_B : -90.651688
[setup in-reg] rst_n -> _111662_/RESET_B : -90.651688
[setup in-reg] rst_n -> _111663_/RESET_B : -90.651688
[setup in-reg] rst_n -> _111664_/RESET_B : -90.651688
[setup in-reg] rst_n -> _111665_/RESET_B : -90.651688
[setup in-reg] rst_n -> _111666_/RESET_B : -90.651688
[setup in-reg] rst_n -> _111667_/RESET_B : -90.651688
[setup in-reg] rst_n -> _111668_/RESET_B : -90.651688
[setup in-reg] rst_n -> _111669_/RESET_B : -90.651688
[setup in-reg] rst_n -> _111670_/RESET_B : -90.651688
[setup in-reg] rst_n -> _111671_/RESET_B : -90.651688
[setup in-reg] rst_n -> _111672_/RESET_B : -90.651688
[setup in-reg] rst_n -> _111673_/RESET_B : -90.651688
[setup in-reg] rst_n -> _111674_/RESET_B : -90.651688
[setup in-reg] rst_n -> _111675_/RESET_B : -90.651688
[setup in-reg] rst_n -> _111676_/RESET_B : -90.651688
[setup in-reg] rst_n -> _111677_/RESET_B : -90.651688
[setup in-reg] rst_n -> _111678_/RESET_B : -90.651688
[setup in-reg] rst_n -> _111679_/RESET_B : -90.651688
[setup in-reg] rst_n -> _111680_/RESET_B : -90.651688
[setup in-reg] rst_n -> _111681_/RESET_B : -90.651688
[setup in-reg] rst_n -> _111682_/RESET_B : -90.651688
[setup in-reg] rst_n -> _111683_/RESET_B : -90.651688
[setup in-reg] rst_n -> _111684_/RESET_B : -90.651688
[setup in-reg] rst_n -> _111685_/RESET_B : -90.651688
[setup in-reg] rst_n -> _111686_/RESET_B : -90.651688
[setup in-reg] rst_n -> _111687_/RESET_B : -90.651688
[setup in-reg] rst_n -> _111688_/RESET_B : -90.651688
[setup in-reg] rst_n -> _111689_/RESET_B : -90.651688
[setup in-reg] rst_n -> _111690_/RESET_B : -90.651688
[setup in-reg] rst_n -> _111691_/RESET_B : -90.651688
[setup in-reg] rst_n -> _111692_/RESET_B : -90.651688
[setup in-reg] rst_n -> _111693_/RESET_B : -90.651688
[setup in-reg] rst_n -> _111694_/RESET_B : -90.651688
[setup in-reg] rst_n -> _111695_/RESET_B : -90.651688
[setup in-reg] rst_n -> _111696_/RESET_B : -90.651688
[setup in-reg] rst_n -> _111697_/RESET_B : -90.651688
[setup in-reg] rst_n -> _111698_/RESET_B : -90.651688
[setup in-reg] rst_n -> _111699_/RESET_B : -90.651688
[setup in-reg] rst_n -> _111700_/RESET_B : -90.651688
[setup in-reg] rst_n -> _111701_/RESET_B : -90.651688
[setup in-reg] rst_n -> _111702_/RESET_B : -90.651688
[setup in-reg] rst_n -> _111703_/RESET_B : -90.651688
[setup in-reg] rst_n -> _111704_/RESET_B : -90.651688
[setup in-reg] rst_n -> _111705_/RESET_B : -90.651688
[setup in-reg] rst_n -> _111706_/RESET_B : -90.651688
[setup in-reg] rst_n -> _111707_/RESET_B : -90.651688
[setup in-reg] rst_n -> _111708_/RESET_B : -90.651688
[setup in-reg] rst_n -> _111709_/RESET_B : -90.651688
[setup in-reg] rst_n -> _111710_/RESET_B : -90.651688
[setup in-reg] rst_n -> _111711_/RESET_B : -90.651688
[setup in-reg] rst_n -> _111712_/RESET_B : -90.651688
[setup in-reg] rst_n -> _111713_/RESET_B : -90.651688
[setup in-reg] rst_n -> _111714_/RESET_B : -90.651688
[setup in-reg] rst_n -> _111715_/RESET_B : -90.651688
[setup in-reg] rst_n -> _111716_/RESET_B : -90.651688
[setup in-reg] rst_n -> _111717_/RESET_B : -90.651688
[setup in-reg] rst_n -> _111718_/RESET_B : -90.651688
[setup in-reg] rst_n -> _111719_/RESET_B : -90.651688
[setup in-reg] rst_n -> _111720_/RESET_B : -90.651688
[setup in-reg] rst_n -> _111721_/RESET_B : -90.651688
[setup in-reg] rst_n -> _111722_/RESET_B : -90.651688
[setup in-reg] rst_n -> _111723_/RESET_B : -90.651688
[setup in-reg] rst_n -> _111724_/RESET_B : -90.651688
[setup in-reg] rst_n -> _111725_/RESET_B : -90.651688
[setup in-reg] rst_n -> _111726_/RESET_B : -90.651688
[setup in-reg] rst_n -> _111727_/RESET_B : -90.651688
[setup in-reg] rst_n -> _111728_/RESET_B : -90.651688
[setup in-reg] rst_n -> _111729_/RESET_B : -90.651688
[setup in-reg] rst_n -> _111730_/RESET_B : -90.651688
[setup in-reg] rst_n -> _111731_/RESET_B : -90.651688
[setup in-reg] rst_n -> _111732_/RESET_B : -90.651688
[setup in-reg] rst_n -> _111733_/RESET_B : -90.651688
[setup in-reg] rst_n -> _111734_/RESET_B : -90.651688
[setup in-reg] rst_n -> _111735_/RESET_B : -90.651688
[setup in-reg] rst_n -> _111736_/RESET_B : -90.651688
[setup in-reg] rst_n -> _111737_/RESET_B : -90.651688
[setup in-reg] rst_n -> _111738_/RESET_B : -90.651688
[setup in-reg] rst_n -> _111739_/RESET_B : -90.651688
[setup in-reg] rst_n -> _111740_/RESET_B : -90.651688
[setup in-reg] rst_n -> _111741_/RESET_B : -90.651688
[setup in-reg] rst_n -> _111742_/RESET_B : -90.651688
[setup in-reg] rst_n -> _111743_/RESET_B : -90.651688
[setup in-reg] rst_n -> _111744_/RESET_B : -90.651688
[setup in-reg] rst_n -> _111745_/RESET_B : -90.651688
[setup in-reg] rst_n -> _111746_/RESET_B : -90.651688
[setup in-reg] rst_n -> _111747_/RESET_B : -90.651688
[setup in-reg] rst_n -> _111748_/RESET_B : -90.651688
[setup in-reg] rst_n -> _111749_/RESET_B : -90.651688
[setup in-reg] rst_n -> _111750_/RESET_B : -90.651688
[setup in-reg] rst_n -> _111751_/RESET_B : -90.651688
[setup in-reg] rst_n -> _111752_/RESET_B : -90.651688
[setup in-reg] rst_n -> _111753_/RESET_B : -90.651688
[setup in-reg] rst_n -> _111754_/RESET_B : -90.651688
[setup in-reg] rst_n -> _111755_/RESET_B : -90.651688
[setup in-reg] rst_n -> _111756_/RESET_B : -90.651688
[setup in-reg] rst_n -> _111757_/RESET_B : -90.651688
[setup in-reg] rst_n -> _111758_/RESET_B : -90.651688
[setup in-reg] rst_n -> _111759_/RESET_B : -90.651688
[setup in-reg] rst_n -> _111760_/RESET_B : -90.651688
[setup in-reg] rst_n -> _111761_/RESET_B : -90.651688
[setup in-reg] rst_n -> _111762_/RESET_B : -90.651688
[setup in-reg] rst_n -> _111763_/RESET_B : -90.651688
[setup in-reg] rst_n -> _111764_/RESET_B : -90.651688
[setup in-reg] rst_n -> _111765_/RESET_B : -90.651688
[setup in-reg] rst_n -> _111766_/RESET_B : -90.651688
[setup in-reg] rst_n -> _111767_/RESET_B : -90.651688
[setup in-reg] rst_n -> _111768_/RESET_B : -90.651688
[setup in-reg] rst_n -> _111769_/RESET_B : -90.651688
[setup in-reg] rst_n -> _111770_/RESET_B : -90.651688
[setup in-reg] rst_n -> _111771_/RESET_B : -90.651688
[setup in-reg] rst_n -> _111772_/RESET_B : -90.651688
[setup in-reg] rst_n -> _111773_/RESET_B : -90.651688
[setup in-reg] rst_n -> _111774_/RESET_B : -90.651688
[setup in-reg] rst_n -> _111775_/RESET_B : -90.651688
[setup in-reg] rst_n -> _111776_/RESET_B : -90.651688
[setup in-reg] rst_n -> _111777_/RESET_B : -90.651688
[setup in-reg] rst_n -> _111778_/RESET_B : -90.651688
[setup in-reg] rst_n -> _111779_/RESET_B : -90.651688
[setup in-reg] rst_n -> _111780_/RESET_B : -90.651688
[setup in-reg] rst_n -> _111781_/RESET_B : -90.651688
[setup in-reg] rst_n -> _111782_/RESET_B : -90.651688
[setup in-reg] rst_n -> _111783_/RESET_B : -90.651688
[setup in-reg] rst_n -> _111784_/RESET_B : -90.651688
[setup in-reg] rst_n -> _111785_/RESET_B : -90.651688
[setup in-reg] rst_n -> _111786_/RESET_B : -90.651688
[setup in-reg] rst_n -> _111787_/RESET_B : -90.651688
[setup in-reg] rst_n -> _111788_/RESET_B : -90.651688
[setup in-reg] rst_n -> _111789_/RESET_B : -90.651688
[setup in-reg] rst_n -> _111790_/RESET_B : -90.651688
[setup in-reg] rst_n -> _111791_/RESET_B : -90.651688
[setup in-reg] rst_n -> _111792_/RESET_B : -90.651688
[setup in-reg] rst_n -> _111793_/RESET_B : -90.651688
[setup in-reg] rst_n -> _111794_/RESET_B : -90.651688
[setup in-reg] rst_n -> _111795_/RESET_B : -90.651688
[setup in-reg] rst_n -> _111796_/RESET_B : -90.651688
[setup in-reg] rst_n -> _111797_/RESET_B : -90.651688
[setup in-reg] rst_n -> _111798_/RESET_B : -90.651688
[setup in-reg] rst_n -> _111799_/RESET_B : -90.651688
[setup in-reg] rst_n -> _111800_/RESET_B : -90.651688
[setup in-reg] rst_n -> _111801_/RESET_B : -90.651688
[setup in-reg] rst_n -> _111802_/RESET_B : -90.651688
[setup in-reg] rst_n -> _111803_/RESET_B : -90.651688
[setup in-reg] rst_n -> _111804_/RESET_B : -90.651688
[setup in-reg] rst_n -> _111805_/RESET_B : -90.651688
[setup in-reg] rst_n -> _111806_/RESET_B : -90.651688
[setup in-reg] rst_n -> _111807_/RESET_B : -90.651688
[setup in-reg] rst_n -> _111808_/RESET_B : -90.651688
[setup in-reg] rst_n -> _111809_/RESET_B : -90.651688
[setup in-reg] rst_n -> _111810_/RESET_B : -90.651688
[setup in-reg] rst_n -> _111811_/RESET_B : -90.651688
[setup in-reg] rst_n -> _111812_/RESET_B : -90.651688
[setup in-reg] rst_n -> _111813_/RESET_B : -90.651688
[setup in-reg] rst_n -> _111814_/RESET_B : -90.651688
[setup in-reg] rst_n -> _111815_/RESET_B : -90.651688
[setup in-reg] rst_n -> _111816_/RESET_B : -90.651688
[setup in-reg] rst_n -> _111817_/RESET_B : -90.651688
[setup in-reg] rst_n -> _111818_/RESET_B : -90.651688
[setup in-reg] rst_n -> _111819_/RESET_B : -90.651688
[setup in-reg] rst_n -> _111820_/RESET_B : -90.651688
[setup in-reg] rst_n -> _111821_/RESET_B : -90.651688
[setup in-reg] rst_n -> _111822_/RESET_B : -90.651688
[setup in-reg] rst_n -> _111823_/RESET_B : -90.651688
[setup in-reg] rst_n -> _111824_/RESET_B : -90.651688
[setup in-reg] rst_n -> _111825_/RESET_B : -90.651688
[setup in-reg] rst_n -> _111826_/RESET_B : -90.651688
[setup in-reg] rst_n -> _111827_/RESET_B : -90.651688
[setup in-reg] rst_n -> _111828_/RESET_B : -90.651688
[setup in-reg] rst_n -> _111829_/RESET_B : -90.651688
[setup in-reg] rst_n -> _111830_/RESET_B : -90.651688
[setup in-reg] rst_n -> _111831_/RESET_B : -90.651688
[setup in-reg] rst_n -> _111832_/RESET_B : -90.651688
[setup in-reg] rst_n -> _111833_/RESET_B : -90.651688
[setup in-reg] rst_n -> _111834_/RESET_B : -90.651688
[setup in-reg] rst_n -> _111835_/RESET_B : -90.651688
[setup in-reg] rst_n -> _111836_/RESET_B : -90.651688
[setup in-reg] rst_n -> _111837_/RESET_B : -90.651688
[setup in-reg] rst_n -> _111838_/RESET_B : -90.651688
[setup in-reg] rst_n -> _111839_/RESET_B : -90.651688
[setup in-reg] rst_n -> _111840_/RESET_B : -90.651688
[setup in-reg] rst_n -> _111841_/RESET_B : -90.651688
[setup in-reg] rst_n -> _111842_/RESET_B : -90.651688
[setup in-reg] rst_n -> _111843_/RESET_B : -90.651688
[setup in-reg] rst_n -> _111844_/RESET_B : -90.651688
[setup in-reg] rst_n -> _111845_/RESET_B : -90.651688
[setup in-reg] rst_n -> _111846_/RESET_B : -90.651688
[setup in-reg] rst_n -> _111847_/RESET_B : -90.651688
[setup in-reg] rst_n -> _111848_/RESET_B : -90.651688
[setup in-reg] rst_n -> _111849_/RESET_B : -90.651688
[setup in-reg] rst_n -> _111850_/RESET_B : -90.651688
[setup in-reg] rst_n -> _111851_/RESET_B : -90.651688
[setup in-reg] rst_n -> _111852_/RESET_B : -90.651688
[setup in-reg] rst_n -> _111853_/RESET_B : -90.651688
[setup in-reg] rst_n -> _111854_/RESET_B : -90.651688
[setup in-reg] rst_n -> _111855_/RESET_B : -90.651688
[setup in-reg] rst_n -> _111856_/RESET_B : -90.651688
[setup in-reg] rst_n -> _111857_/RESET_B : -90.651688
[setup in-reg] rst_n -> _111858_/RESET_B : -90.651688
[setup in-reg] rst_n -> _111859_/RESET_B : -90.651688
[setup in-reg] rst_n -> _111860_/RESET_B : -90.651688
[setup in-reg] rst_n -> _111861_/RESET_B : -90.651688
[setup in-reg] rst_n -> _111862_/RESET_B : -90.651688
[setup in-reg] rst_n -> _111863_/RESET_B : -90.651688
[setup in-reg] rst_n -> _111864_/RESET_B : -90.651688
[setup in-reg] rst_n -> _111865_/RESET_B : -90.651688
[setup in-reg] rst_n -> _111866_/RESET_B : -90.651688
[setup in-reg] rst_n -> _111867_/RESET_B : -90.651688
[setup in-reg] rst_n -> _111868_/RESET_B : -90.651688
[setup in-reg] rst_n -> _111869_/RESET_B : -90.651688
[setup in-reg] rst_n -> _111870_/RESET_B : -90.651688
[setup in-reg] rst_n -> _111871_/RESET_B : -90.651688
[setup in-reg] rst_n -> _111872_/RESET_B : -90.651688
[setup in-reg] rst_n -> _111873_/RESET_B : -90.651688
[setup in-reg] rst_n -> _111874_/RESET_B : -90.651688
[setup in-reg] rst_n -> _111875_/RESET_B : -90.651688
[setup in-reg] rst_n -> _111876_/RESET_B : -90.651688
[setup in-reg] rst_n -> _111877_/RESET_B : -90.651688
[setup in-reg] rst_n -> _111878_/RESET_B : -90.651688
[setup in-reg] rst_n -> _111879_/RESET_B : -90.651688
[setup in-reg] rst_n -> _111880_/RESET_B : -90.651688
[setup in-reg] rst_n -> _111881_/RESET_B : -90.651688
[setup in-reg] rst_n -> _111882_/RESET_B : -90.651688
[setup in-reg] rst_n -> _111883_/RESET_B : -90.651688
[setup in-reg] rst_n -> _111884_/RESET_B : -90.651688
[setup in-reg] rst_n -> _111885_/RESET_B : -90.651688
[setup in-reg] rst_n -> _111886_/RESET_B : -90.651688
[setup in-reg] rst_n -> _111887_/RESET_B : -90.651688
[setup in-reg] rst_n -> _111888_/RESET_B : -90.651688
[setup in-reg] rst_n -> _111889_/RESET_B : -90.651688
[setup in-reg] rst_n -> _111890_/RESET_B : -90.651688
[setup in-reg] rst_n -> _111891_/RESET_B : -90.651688
[setup in-reg] rst_n -> _111892_/RESET_B : -90.651688
[setup in-reg] rst_n -> _111893_/RESET_B : -90.651688
[setup in-reg] rst_n -> _111894_/RESET_B : -90.651688
[setup in-reg] rst_n -> _111895_/RESET_B : -90.651688
[setup in-reg] rst_n -> _111896_/RESET_B : -90.651688
[setup in-reg] rst_n -> _111897_/RESET_B : -90.651688
[setup in-reg] rst_n -> _111898_/RESET_B : -90.651688
[setup in-reg] rst_n -> _111899_/RESET_B : -90.651688
[setup in-reg] rst_n -> _111900_/RESET_B : -90.651688
[setup in-reg] rst_n -> _111901_/RESET_B : -90.651688
[setup in-reg] rst_n -> _111902_/RESET_B : -90.651688
[setup in-reg] rst_n -> _111903_/RESET_B : -90.651688
[setup in-reg] rst_n -> _111904_/RESET_B : -90.651688
[setup in-reg] rst_n -> _111905_/RESET_B : -90.651688
[setup in-reg] rst_n -> _111906_/RESET_B : -90.651688
[setup in-reg] rst_n -> _111907_/RESET_B : -90.651688
[setup in-reg] rst_n -> _111908_/RESET_B : -90.651688
[setup in-reg] rst_n -> _111909_/RESET_B : -90.651688
[setup in-reg] rst_n -> _111910_/RESET_B : -90.651688
[setup in-reg] rst_n -> _111911_/RESET_B : -90.651688
[setup in-reg] rst_n -> _111912_/RESET_B : -90.651688
[setup in-reg] rst_n -> _111913_/RESET_B : -90.651688
[setup in-reg] rst_n -> _111914_/RESET_B : -90.651688
[setup in-reg] rst_n -> _111915_/RESET_B : -90.651688
[setup in-reg] rst_n -> _111916_/RESET_B : -90.651688
[setup in-reg] rst_n -> _111917_/RESET_B : -90.651688
[setup in-reg] rst_n -> _111918_/RESET_B : -90.651688
[setup in-reg] rst_n -> _111919_/RESET_B : -90.651688
[setup in-reg] rst_n -> _111920_/RESET_B : -90.651688
[setup in-reg] rst_n -> _111921_/RESET_B : -90.651688
[setup in-reg] rst_n -> _111922_/RESET_B : -90.651688
[setup in-reg] rst_n -> _111923_/RESET_B : -90.651688
[setup in-reg] rst_n -> _111924_/RESET_B : -90.651688
[setup in-reg] rst_n -> _111925_/RESET_B : -90.651688
[setup in-reg] rst_n -> _111926_/RESET_B : -90.651688
[setup in-reg] rst_n -> _111927_/RESET_B : -90.651688
[setup in-reg] rst_n -> _111928_/RESET_B : -90.651688
[setup in-reg] rst_n -> _111929_/RESET_B : -90.651688
[setup in-reg] rst_n -> _111930_/RESET_B : -90.651688
[setup in-reg] rst_n -> _111931_/RESET_B : -90.651688
[setup in-reg] rst_n -> _111932_/RESET_B : -90.651688
[setup in-reg] rst_n -> _111933_/RESET_B : -90.651688
[setup in-reg] rst_n -> _111934_/RESET_B : -90.651688
[setup in-reg] rst_n -> _111935_/RESET_B : -90.651688
[setup in-reg] rst_n -> _111936_/RESET_B : -90.651688
[setup in-reg] rst_n -> _111937_/RESET_B : -90.651688
[setup in-reg] rst_n -> _111938_/RESET_B : -90.651688
[setup in-reg] rst_n -> _111939_/RESET_B : -90.651688
[setup in-reg] rst_n -> _111940_/RESET_B : -90.651688
[setup in-reg] rst_n -> _111941_/RESET_B : -90.651688
[setup in-reg] rst_n -> _111942_/RESET_B : -90.651688
[setup in-reg] rst_n -> _111943_/RESET_B : -90.651688
[setup in-reg] rst_n -> _111944_/RESET_B : -90.651688
[setup in-reg] rst_n -> _111945_/RESET_B : -90.651688
[setup in-reg] rst_n -> _111946_/RESET_B : -90.651688
[setup in-reg] rst_n -> _111947_/RESET_B : -90.651688
[setup in-reg] rst_n -> _111948_/RESET_B : -90.651688
[setup in-reg] rst_n -> _111949_/RESET_B : -90.651688
[setup in-reg] rst_n -> _111950_/RESET_B : -90.651688
[setup in-reg] rst_n -> _111951_/RESET_B : -90.651688
[setup in-reg] rst_n -> _111952_/RESET_B : -90.651688
[setup in-reg] rst_n -> _111953_/RESET_B : -90.651688
[setup in-reg] rst_n -> _111954_/RESET_B : -90.651688
[setup in-reg] rst_n -> _111955_/RESET_B : -90.651688
[setup in-reg] rst_n -> _111956_/RESET_B : -90.651688
[setup in-reg] rst_n -> _111957_/RESET_B : -90.651688
[setup in-reg] rst_n -> _111958_/RESET_B : -90.651688
[setup in-reg] rst_n -> _111959_/RESET_B : -90.651688
[setup in-reg] rst_n -> _111960_/RESET_B : -90.651688
[setup in-reg] rst_n -> _111961_/RESET_B : -90.651688
[setup in-reg] rst_n -> _111962_/RESET_B : -90.651688
[setup in-reg] rst_n -> _111963_/RESET_B : -90.651688
[setup in-reg] rst_n -> _111964_/RESET_B : -90.651688
[setup in-reg] rst_n -> _111965_/RESET_B : -90.651688
[setup in-reg] rst_n -> _111966_/RESET_B : -90.651688
[setup in-reg] rst_n -> _111967_/RESET_B : -90.651688
[setup in-reg] rst_n -> _111968_/RESET_B : -90.651688
[setup in-reg] rst_n -> _111969_/RESET_B : -90.651688
[setup in-reg] rst_n -> _111970_/RESET_B : -90.651688
[setup in-reg] rst_n -> _111971_/RESET_B : -90.651688
[setup in-reg] rst_n -> _111972_/RESET_B : -90.651688
[setup in-reg] rst_n -> _111973_/RESET_B : -90.651688
[setup in-reg] rst_n -> _111974_/RESET_B : -90.651688
[setup in-reg] rst_n -> _111975_/RESET_B : -90.651688
[setup in-reg] rst_n -> _111976_/RESET_B : -90.651688
[setup in-reg] rst_n -> _111977_/RESET_B : -90.651688
[setup in-reg] rst_n -> _111978_/RESET_B : -90.651688
[setup in-reg] rst_n -> _111979_/RESET_B : -90.651688
[setup in-reg] rst_n -> _111980_/RESET_B : -90.651688
[setup in-reg] rst_n -> _111981_/RESET_B : -90.651688
[setup in-reg] rst_n -> _111982_/RESET_B : -90.651688
[setup in-reg] rst_n -> _111983_/RESET_B : -90.651688
[setup in-reg] rst_n -> _111984_/RESET_B : -90.651688
[setup in-reg] rst_n -> _111985_/RESET_B : -90.651688
[setup in-reg] rst_n -> _111986_/RESET_B : -90.651688
[setup in-reg] rst_n -> _111987_/RESET_B : -90.651688
[setup in-reg] rst_n -> _111988_/RESET_B : -90.651688
[setup in-reg] rst_n -> _111989_/RESET_B : -90.651688
[setup in-reg] rst_n -> _111990_/RESET_B : -90.651688
[setup in-reg] rst_n -> _111991_/RESET_B : -90.651688
[setup in-reg] rst_n -> _111992_/RESET_B : -90.651688
[setup in-reg] rst_n -> _111993_/RESET_B : -90.651688
[setup in-reg] rst_n -> _111994_/RESET_B : -90.651688
[setup in-reg] rst_n -> _111995_/RESET_B : -90.651688
[setup in-reg] rst_n -> _111996_/RESET_B : -90.651688
[setup in-reg] rst_n -> _111997_/RESET_B : -90.651688
[setup in-reg] rst_n -> _111998_/RESET_B : -90.651688
[setup in-reg] rst_n -> _111999_/RESET_B : -90.651688
[setup in-reg] rst_n -> _112000_/RESET_B : -90.651688
[setup in-reg] rst_n -> _112001_/RESET_B : -90.651688
[setup in-reg] rst_n -> _112002_/RESET_B : -90.651688
[setup in-reg] rst_n -> _112003_/RESET_B : -90.651688
[setup in-reg] rst_n -> _112004_/RESET_B : -90.651688
[setup in-reg] rst_n -> _112005_/RESET_B : -90.651688
[setup in-reg] rst_n -> _112006_/RESET_B : -90.651688
[setup in-reg] rst_n -> _112007_/RESET_B : -90.651688
[setup in-reg] rst_n -> _112008_/RESET_B : -90.651688
[setup in-reg] rst_n -> _112009_/RESET_B : -90.651688
[setup in-reg] rst_n -> _112010_/RESET_B : -90.651688
[setup in-reg] rst_n -> _112011_/RESET_B : -90.651688
[setup in-reg] rst_n -> _112012_/RESET_B : -90.651688
[setup in-reg] rst_n -> _112013_/RESET_B : -90.651688
[setup in-reg] rst_n -> _112014_/RESET_B : -90.651688
[setup in-reg] rst_n -> _112015_/RESET_B : -90.651688
[setup in-reg] rst_n -> _112016_/RESET_B : -90.651688
[setup in-reg] rst_n -> _112017_/RESET_B : -90.651688
[setup in-reg] rst_n -> _112018_/RESET_B : -90.651688
[setup in-reg] rst_n -> _112019_/RESET_B : -90.651688
[setup in-reg] rst_n -> _112020_/RESET_B : -90.651688
[setup in-reg] rst_n -> _112021_/RESET_B : -90.651688
[setup in-reg] rst_n -> _112022_/RESET_B : -90.651688
[setup in-reg] rst_n -> _112023_/RESET_B : -90.651688
[setup in-reg] rst_n -> _112024_/RESET_B : -90.651688
[setup in-reg] rst_n -> _112025_/RESET_B : -90.651688
[setup in-reg] rst_n -> _112026_/RESET_B : -90.651688
[setup in-reg] rst_n -> _112027_/RESET_B : -90.651688
[setup in-reg] rst_n -> _112028_/RESET_B : -90.651688
[setup in-reg] rst_n -> _112029_/RESET_B : -90.651688
[setup in-reg] rst_n -> _112030_/RESET_B : -90.651688
[setup in-reg] rst_n -> _112031_/RESET_B : -90.651688
[setup in-reg] rst_n -> _112032_/RESET_B : -90.651688
[setup in-reg] rst_n -> _112033_/RESET_B : -90.651688
[setup in-reg] rst_n -> _112034_/RESET_B : -90.651688
[setup in-reg] rst_n -> _112035_/RESET_B : -90.651688
[setup in-reg] rst_n -> _112036_/RESET_B : -90.651688
[setup in-reg] rst_n -> _112037_/RESET_B : -90.651688
[setup in-reg] rst_n -> _112038_/RESET_B : -90.651688
[setup in-reg] rst_n -> _112039_/RESET_B : -90.651688
[setup in-reg] rst_n -> _112040_/RESET_B : -90.651688
[setup in-reg] rst_n -> _112041_/RESET_B : -90.651688
[setup in-reg] rst_n -> _112042_/RESET_B : -90.651688
[setup in-reg] rst_n -> _112043_/RESET_B : -90.651688
[setup in-reg] rst_n -> _112044_/RESET_B : -90.651688
[setup in-reg] rst_n -> _112045_/RESET_B : -90.651688
[setup in-reg] rst_n -> _112046_/RESET_B : -90.651688
[setup in-reg] rst_n -> _112047_/RESET_B : -90.651688
[setup in-reg] rst_n -> _112048_/RESET_B : -90.651688
[setup in-reg] rst_n -> _112049_/RESET_B : -90.651688
[setup in-reg] rst_n -> _112050_/RESET_B : -90.651688
[setup in-reg] rst_n -> _112051_/RESET_B : -90.651688
[setup in-reg] rst_n -> _112052_/RESET_B : -90.651688
[setup in-reg] rst_n -> _112053_/RESET_B : -90.651688
[setup in-reg] rst_n -> _112054_/RESET_B : -90.651688
[setup in-reg] rst_n -> _112055_/RESET_B : -90.651688
[setup in-reg] rst_n -> _112056_/RESET_B : -90.651688
[setup in-reg] rst_n -> _112057_/RESET_B : -90.651688
[setup in-reg] rst_n -> _112058_/RESET_B : -90.651688
[setup in-reg] rst_n -> _112059_/RESET_B : -90.651688
[setup in-reg] rst_n -> _112060_/RESET_B : -90.651688
[setup in-reg] rst_n -> _112061_/RESET_B : -90.651688
[setup in-reg] rst_n -> _112062_/RESET_B : -90.651688
[setup in-reg] rst_n -> _112063_/RESET_B : -90.651688
[setup in-reg] rst_n -> _112064_/RESET_B : -90.651688
[setup in-reg] rst_n -> _112065_/RESET_B : -90.651688
[setup in-reg] rst_n -> _112066_/RESET_B : -90.651688
[setup in-reg] rst_n -> _112067_/RESET_B : -90.651688
[setup in-reg] rst_n -> _112068_/RESET_B : -90.651688
[setup in-reg] rst_n -> _112069_/RESET_B : -90.651688
[setup in-reg] rst_n -> _112070_/RESET_B : -90.651688
[setup in-reg] rst_n -> _112071_/RESET_B : -90.651688
[setup in-reg] rst_n -> _112072_/RESET_B : -90.651688
[setup in-reg] rst_n -> _112073_/RESET_B : -90.651688
[setup in-reg] rst_n -> _112074_/RESET_B : -90.651688
[setup in-reg] rst_n -> _112075_/RESET_B : -90.651688
[setup in-reg] rst_n -> _112076_/RESET_B : -90.651688
[setup in-reg] rst_n -> _112077_/RESET_B : -90.651688
[setup in-reg] rst_n -> _112078_/RESET_B : -90.651688
[setup in-reg] rst_n -> _112079_/RESET_B : -90.651688
[setup in-reg] rst_n -> _112080_/RESET_B : -90.651688
[setup in-reg] rst_n -> _112081_/RESET_B : -90.651688
[setup in-reg] rst_n -> _112082_/RESET_B : -90.651688
[setup in-reg] rst_n -> _112083_/RESET_B : -90.651688
[setup in-reg] rst_n -> _112084_/RESET_B : -90.651688
[setup in-reg] rst_n -> _112085_/RESET_B : -90.651688
[setup in-reg] rst_n -> _112086_/RESET_B : -90.651688
[setup in-reg] rst_n -> _112087_/RESET_B : -90.651688
[setup in-reg] rst_n -> _112088_/RESET_B : -90.651688
[setup in-reg] rst_n -> _112089_/RESET_B : -90.651688
[setup in-reg] rst_n -> _112090_/RESET_B : -90.651688
[setup in-reg] rst_n -> _112091_/RESET_B : -90.651688
[setup in-reg] rst_n -> _112092_/RESET_B : -90.651688
[setup in-reg] rst_n -> _112093_/RESET_B : -90.651688
[setup in-reg] rst_n -> _112094_/RESET_B : -90.651688
[setup in-reg] rst_n -> _112095_/RESET_B : -90.651688
[setup in-reg] rst_n -> _112096_/RESET_B : -90.651688
[setup in-reg] rst_n -> _112097_/RESET_B : -90.651688
[setup in-reg] rst_n -> _112098_/RESET_B : -90.651688
[setup in-reg] rst_n -> _112099_/RESET_B : -90.651688
[setup in-reg] rst_n -> _112100_/RESET_B : -90.651688
[setup in-reg] rst_n -> _112101_/RESET_B : -90.651688
[setup in-reg] rst_n -> _112102_/RESET_B : -90.651688
[setup in-reg] rst_n -> _112103_/RESET_B : -90.651688
[setup in-reg] rst_n -> _112104_/RESET_B : -90.651688
[setup in-reg] rst_n -> _112105_/RESET_B : -90.651688
[setup in-reg] rst_n -> _112106_/RESET_B : -90.651688
[setup in-reg] rst_n -> _112107_/RESET_B : -90.651688
[setup in-reg] rst_n -> _112108_/RESET_B : -90.651688
[setup in-reg] rst_n -> _112109_/RESET_B : -90.651688
[setup in-reg] rst_n -> _112110_/RESET_B : -90.651688
[setup in-reg] rst_n -> _112111_/RESET_B : -90.651688
[setup in-reg] rst_n -> _112112_/RESET_B : -90.651688
[setup in-reg] rst_n -> _112113_/RESET_B : -90.651688
[setup in-reg] rst_n -> _112114_/RESET_B : -90.651688
[setup in-reg] rst_n -> _112115_/RESET_B : -90.651688
[setup in-reg] rst_n -> _112116_/RESET_B : -90.651688
[setup in-reg] rst_n -> _112117_/RESET_B : -90.651688
[setup in-reg] rst_n -> _112118_/RESET_B : -90.651688
[setup in-reg] rst_n -> _112119_/RESET_B : -90.651688
[setup in-reg] rst_n -> _112120_/RESET_B : -90.651688
[setup in-reg] rst_n -> _112121_/RESET_B : -90.651688
[setup in-reg] rst_n -> _112122_/RESET_B : -90.651688
[setup in-reg] rst_n -> _112123_/RESET_B : -90.651688
[setup in-reg] rst_n -> _112124_/RESET_B : -90.651688
[setup in-reg] rst_n -> _112125_/RESET_B : -90.651688
[setup in-reg] rst_n -> _112126_/RESET_B : -90.651688
[setup in-reg] rst_n -> _112127_/RESET_B : -90.651688
[setup in-reg] rst_n -> _112128_/RESET_B : -90.651688
[setup in-reg] rst_n -> _112129_/RESET_B : -90.651688
[setup in-reg] rst_n -> _112130_/RESET_B : -90.651688
[setup in-reg] rst_n -> _112131_/RESET_B : -90.651688
[setup in-reg] rst_n -> _112132_/RESET_B : -90.651688
[setup in-reg] rst_n -> _112133_/RESET_B : -90.651688
[setup in-reg] rst_n -> _112134_/RESET_B : -90.651688
[setup in-reg] rst_n -> _112135_/RESET_B : -90.651688
[setup in-reg] rst_n -> _112136_/RESET_B : -90.651688
[setup in-reg] rst_n -> _112137_/RESET_B : -90.651688
[setup in-reg] rst_n -> _112138_/RESET_B : -90.651688
[setup in-reg] rst_n -> _112139_/RESET_B : -90.651688
[setup in-reg] rst_n -> _112140_/RESET_B : -90.651688
[setup in-reg] rst_n -> _112141_/RESET_B : -90.651688
[setup in-reg] rst_n -> _112142_/RESET_B : -90.651688
[setup in-reg] rst_n -> _112143_/RESET_B : -90.651688
[setup in-reg] rst_n -> _112144_/RESET_B : -90.651688
[setup in-reg] rst_n -> _112145_/RESET_B : -90.651688
[setup in-reg] rst_n -> _112146_/RESET_B : -90.651688
[setup in-reg] rst_n -> _112147_/RESET_B : -90.651688
[setup in-reg] rst_n -> _112148_/RESET_B : -90.651688
[setup in-reg] rst_n -> _112149_/RESET_B : -90.651688
[setup in-reg] rst_n -> _112150_/RESET_B : -90.651688
[setup in-reg] rst_n -> _112151_/RESET_B : -90.651688
[setup in-reg] rst_n -> _112152_/RESET_B : -90.651688
[setup in-reg] rst_n -> _112153_/RESET_B : -90.651688
[setup in-reg] rst_n -> _112154_/RESET_B : -90.651688
[setup in-reg] rst_n -> _112155_/RESET_B : -90.651688
[setup in-reg] rst_n -> _112156_/RESET_B : -90.651688
[setup in-reg] rst_n -> _112157_/RESET_B : -90.651688
[setup in-reg] rst_n -> _112158_/RESET_B : -90.651688
[setup in-reg] rst_n -> _112159_/RESET_B : -90.651688
[setup in-reg] rst_n -> _112160_/RESET_B : -90.651688
[setup in-reg] rst_n -> _112161_/RESET_B : -90.651688
[setup in-reg] rst_n -> _112162_/RESET_B : -90.651688
[setup in-reg] rst_n -> _112163_/RESET_B : -90.651688
[setup in-reg] rst_n -> _112164_/RESET_B : -90.651688
[setup in-reg] rst_n -> _112165_/RESET_B : -90.651688
[setup in-reg] rst_n -> _112166_/RESET_B : -90.651688
[setup in-reg] rst_n -> _112167_/RESET_B : -90.651688
[setup in-reg] rst_n -> _112168_/RESET_B : -90.651688
[setup in-reg] rst_n -> _112169_/RESET_B : -90.651688
[setup in-reg] rst_n -> _112170_/RESET_B : -90.651688
[setup in-reg] rst_n -> _112171_/RESET_B : -90.651688
[setup in-reg] rst_n -> _112172_/RESET_B : -90.651688
[setup in-reg] rst_n -> _112173_/RESET_B : -90.651688
[setup in-reg] rst_n -> _112174_/RESET_B : -90.651688
[setup in-reg] rst_n -> _112175_/RESET_B : -90.651688
[setup in-reg] rst_n -> _112176_/RESET_B : -90.651688
[setup in-reg] rst_n -> _112177_/RESET_B : -90.651688
[setup in-reg] rst_n -> _112178_/RESET_B : -90.651688
[setup in-reg] rst_n -> _112179_/RESET_B : -90.651688
[setup in-reg] rst_n -> _112180_/RESET_B : -90.651688
[setup in-reg] rst_n -> _112181_/RESET_B : -90.651688
[setup in-reg] rst_n -> _112182_/RESET_B : -90.651688
[setup in-reg] rst_n -> _112183_/RESET_B : -90.651688
[setup in-reg] rst_n -> _112184_/RESET_B : -90.651688
[setup in-reg] rst_n -> _112185_/RESET_B : -90.651688
[setup in-reg] rst_n -> _112186_/RESET_B : -90.651688
[setup in-reg] rst_n -> _112187_/RESET_B : -90.651688
[setup in-reg] rst_n -> _112188_/RESET_B : -90.651688
[setup in-reg] rst_n -> _112189_/RESET_B : -90.651688
[setup in-reg] rst_n -> _112190_/RESET_B : -90.651688
[setup in-reg] rst_n -> _112191_/RESET_B : -90.651688
[setup in-reg] rst_n -> _112192_/RESET_B : -90.651688
[setup in-reg] rst_n -> _112193_/RESET_B : -90.651688
[setup in-reg] rst_n -> _112194_/RESET_B : -90.651688
[setup in-reg] rst_n -> _112195_/RESET_B : -90.651688
[setup in-reg] rst_n -> _112196_/RESET_B : -90.651688
[setup in-reg] rst_n -> _112197_/RESET_B : -90.651688
[setup in-reg] rst_n -> _112198_/RESET_B : -90.651688
[setup in-reg] rst_n -> _112199_/RESET_B : -90.651688
[setup in-reg] rst_n -> _112200_/RESET_B : -90.651688
[setup in-reg] rst_n -> _112201_/RESET_B : -90.651688
[setup in-reg] rst_n -> _112202_/RESET_B : -90.651688
[setup in-reg] rst_n -> _112203_/RESET_B : -90.651688
[setup in-reg] rst_n -> _112204_/RESET_B : -90.651688
[setup in-reg] rst_n -> _112205_/RESET_B : -90.651688
[setup in-reg] rst_n -> _112206_/RESET_B : -90.651688
[setup in-reg] rst_n -> _112207_/RESET_B : -90.651688
[setup in-reg] rst_n -> _112208_/RESET_B : -90.651688
[setup in-reg] rst_n -> _112209_/RESET_B : -90.651688
[setup in-reg] rst_n -> _112210_/RESET_B : -90.651688
[setup in-reg] rst_n -> _112211_/RESET_B : -90.651688
[setup in-reg] rst_n -> _112212_/RESET_B : -90.651688
[setup in-reg] rst_n -> _112213_/RESET_B : -90.651688
[setup in-reg] rst_n -> _112214_/RESET_B : -90.651688
[setup in-reg] rst_n -> _112215_/RESET_B : -90.651688
[setup in-reg] rst_n -> _112216_/RESET_B : -90.651688
[setup in-reg] rst_n -> _112217_/RESET_B : -90.651688
[setup in-reg] rst_n -> _112218_/RESET_B : -90.651688
[setup in-reg] rst_n -> _112219_/RESET_B : -90.651688
[setup in-reg] rst_n -> _112220_/RESET_B : -90.651688
[setup in-reg] rst_n -> _112221_/RESET_B : -90.651688
[setup in-reg] rst_n -> _112222_/RESET_B : -90.651688
[setup in-reg] rst_n -> _112223_/RESET_B : -90.651688
[setup in-reg] rst_n -> _112224_/RESET_B : -90.651688
[setup in-reg] rst_n -> _112225_/RESET_B : -90.651688
[setup in-reg] rst_n -> _112226_/RESET_B : -90.651688
[setup in-reg] rst_n -> _112227_/RESET_B : -90.651688
[setup in-reg] rst_n -> _112228_/RESET_B : -90.651688
[setup in-reg] rst_n -> _112229_/RESET_B : -90.651688
[setup in-reg] rst_n -> _112230_/RESET_B : -90.651688
[setup in-reg] rst_n -> _112231_/RESET_B : -90.651688
[setup in-reg] rst_n -> _112232_/RESET_B : -90.651688
[setup in-reg] rst_n -> _112233_/RESET_B : -90.651688
[setup in-reg] rst_n -> _112234_/RESET_B : -90.651688
[setup in-reg] rst_n -> _112235_/RESET_B : -90.651688
[setup in-reg] rst_n -> _112236_/RESET_B : -90.651688
[setup in-reg] rst_n -> _112237_/RESET_B : -90.651688
[setup in-reg] rst_n -> _112238_/RESET_B : -90.651688
[setup in-reg] rst_n -> _112239_/RESET_B : -90.651688
[setup in-reg] rst_n -> _112240_/RESET_B : -90.651688
[setup in-reg] rst_n -> _112241_/RESET_B : -90.651688
[setup in-reg] rst_n -> _112242_/RESET_B : -90.651688
[setup in-reg] rst_n -> _112243_/RESET_B : -90.651688
[setup in-reg] rst_n -> _112244_/RESET_B : -90.651688
[setup in-reg] rst_n -> _112245_/RESET_B : -90.651688
[setup in-reg] rst_n -> _112246_/RESET_B : -90.651688
[setup in-reg] rst_n -> _112247_/RESET_B : -90.651688
[setup in-reg] rst_n -> _112248_/RESET_B : -90.651688
[setup in-reg] rst_n -> _112249_/RESET_B : -90.651688
[setup in-reg] rst_n -> _112250_/RESET_B : -90.651688
[setup in-reg] rst_n -> _112251_/RESET_B : -90.651688
[setup in-reg] rst_n -> _112252_/RESET_B : -90.651688
[setup in-reg] rst_n -> _112253_/RESET_B : -90.651688
[setup in-reg] rst_n -> _112254_/RESET_B : -90.651688
[setup in-reg] rst_n -> _112255_/RESET_B : -90.651688
[setup in-reg] rst_n -> _112256_/RESET_B : -90.651688
[setup in-reg] rst_n -> _112257_/RESET_B : -90.651688
[setup in-reg] rst_n -> _112258_/RESET_B : -90.651688
[setup in-reg] rst_n -> _112259_/RESET_B : -90.651688
[setup in-reg] rst_n -> _112260_/RESET_B : -90.651688
[setup in-reg] rst_n -> _112261_/RESET_B : -90.651688
[setup in-reg] rst_n -> _112262_/RESET_B : -90.651688
[setup in-reg] rst_n -> _112263_/RESET_B : -90.651688
[setup in-reg] rst_n -> _112264_/RESET_B : -90.651688
[setup in-reg] rst_n -> _112265_/RESET_B : -90.651688
[setup in-reg] rst_n -> _112266_/RESET_B : -90.651688
[setup in-reg] rst_n -> _112267_/RESET_B : -90.651688
[setup in-reg] rst_n -> _112268_/RESET_B : -90.651688
[setup in-reg] rst_n -> _112269_/RESET_B : -90.651688
[setup in-reg] rst_n -> _112270_/RESET_B : -90.651688
[setup in-reg] rst_n -> _112271_/RESET_B : -90.651688
[setup in-reg] rst_n -> _112272_/RESET_B : -90.651688
[setup in-reg] rst_n -> _112273_/RESET_B : -90.651688
[setup in-reg] rst_n -> _112274_/RESET_B : -90.651688
[setup in-reg] rst_n -> _112275_/RESET_B : -90.651688
[setup in-reg] rst_n -> _112276_/RESET_B : -90.651688
[setup in-reg] rst_n -> _112277_/RESET_B : -90.651688
[setup in-reg] rst_n -> _112278_/RESET_B : -90.651688
[setup in-reg] rst_n -> _112279_/RESET_B : -90.651688
[setup in-reg] rst_n -> _112280_/RESET_B : -90.651688
[setup in-reg] rst_n -> _112281_/RESET_B : -90.651688
[setup in-reg] rst_n -> _112282_/RESET_B : -90.651688
[setup in-reg] rst_n -> _112283_/RESET_B : -90.651688
[setup in-reg] rst_n -> _112284_/RESET_B : -90.651688
[setup in-reg] rst_n -> _112285_/RESET_B : -90.651688
[setup in-reg] rst_n -> _112286_/RESET_B : -90.651688
[setup in-reg] rst_n -> _112287_/RESET_B : -90.651688
[setup in-reg] rst_n -> _112288_/RESET_B : -90.651688
[setup in-reg] rst_n -> _112289_/RESET_B : -90.651688
[setup in-reg] rst_n -> _112290_/RESET_B : -90.651688
[setup in-reg] rst_n -> _112291_/RESET_B : -90.651688
[setup in-reg] rst_n -> _112292_/RESET_B : -90.651688
[setup in-reg] rst_n -> _112293_/RESET_B : -90.651688
[setup in-reg] rst_n -> _112294_/RESET_B : -90.651688
[setup in-reg] rst_n -> _112295_/RESET_B : -90.651688
[setup in-reg] rst_n -> _112296_/RESET_B : -90.651688
[setup in-reg] rst_n -> _112297_/RESET_B : -90.651688
[setup in-reg] rst_n -> _112298_/RESET_B : -90.651688
[setup in-reg] rst_n -> _112299_/RESET_B : -90.651688
[setup in-reg] rst_n -> _112300_/RESET_B : -90.651688
[setup in-reg] rst_n -> _112301_/RESET_B : -90.651688
[setup in-reg] rst_n -> _112302_/RESET_B : -90.651688
[setup in-reg] rst_n -> _112303_/RESET_B : -90.651688
[setup in-reg] rst_n -> _112304_/RESET_B : -90.651688
[setup in-reg] rst_n -> _112305_/RESET_B : -90.651688
[setup in-reg] rst_n -> _112306_/RESET_B : -90.651688
[setup in-reg] rst_n -> _112307_/RESET_B : -90.651688
[setup in-reg] rst_n -> _112308_/RESET_B : -90.651688
[setup in-reg] rst_n -> _112309_/RESET_B : -90.651688
[setup in-reg] rst_n -> _112310_/RESET_B : -90.651688
[setup in-reg] rst_n -> _112311_/RESET_B : -90.651688
[setup in-reg] rst_n -> _112312_/RESET_B : -90.651688
[setup in-reg] rst_n -> _112313_/RESET_B : -90.651688
[setup in-reg] rst_n -> _112314_/RESET_B : -90.651688
[setup in-reg] rst_n -> _112315_/RESET_B : -90.651688
[setup in-reg] rst_n -> _112316_/RESET_B : -90.651688
[setup in-reg] rst_n -> _112317_/RESET_B : -90.651688
[setup in-reg] rst_n -> _112318_/RESET_B : -90.651688
[setup in-reg] rst_n -> _112319_/RESET_B : -90.651688
[setup in-reg] rst_n -> _112320_/RESET_B : -90.651688
[setup in-reg] rst_n -> _112321_/RESET_B : -90.651688
[setup in-reg] rst_n -> _112322_/RESET_B : -90.651688
[setup in-reg] rst_n -> _112323_/RESET_B : -90.651688
[setup in-reg] rst_n -> _112324_/RESET_B : -90.651688
[setup in-reg] rst_n -> _112325_/RESET_B : -90.651688
[setup in-reg] rst_n -> _112326_/RESET_B : -90.651688
[setup in-reg] rst_n -> _112327_/RESET_B : -90.651688
[setup in-reg] rst_n -> _112328_/RESET_B : -90.651688
[setup in-reg] rst_n -> _112329_/RESET_B : -90.651688
[setup in-reg] rst_n -> _112330_/RESET_B : -90.651688
[setup in-reg] rst_n -> _112331_/RESET_B : -90.651688
[setup in-reg] rst_n -> _112332_/RESET_B : -90.651688
[setup in-reg] rst_n -> _112333_/RESET_B : -90.651688
[setup in-reg] rst_n -> _112334_/RESET_B : -90.651688
[setup in-reg] rst_n -> _112335_/RESET_B : -90.651688
[setup in-reg] rst_n -> _112336_/RESET_B : -90.651688
[setup in-reg] rst_n -> _112337_/RESET_B : -90.651688
[setup in-reg] rst_n -> _112338_/RESET_B : -90.651688
[setup in-reg] rst_n -> _112339_/RESET_B : -90.651688
[setup in-reg] rst_n -> _112340_/RESET_B : -90.651688
[setup in-reg] rst_n -> _112341_/RESET_B : -90.651688
[setup in-reg] rst_n -> _112342_/RESET_B : -90.651688
[setup in-reg] rst_n -> _112343_/RESET_B : -90.651688
[setup in-reg] rst_n -> _112344_/RESET_B : -90.651688
[setup in-reg] rst_n -> _112345_/RESET_B : -90.651688
[setup in-reg] rst_n -> _112346_/RESET_B : -90.651688
[setup in-reg] rst_n -> _112347_/RESET_B : -90.651688
[setup in-reg] rst_n -> _112348_/RESET_B : -90.651688
[setup in-reg] rst_n -> _112349_/RESET_B : -90.651688
[setup in-reg] rst_n -> _112350_/RESET_B : -90.651688
[setup in-reg] rst_n -> _112351_/RESET_B : -90.651688
[setup in-reg] rst_n -> _112352_/RESET_B : -90.651688
[setup in-reg] rst_n -> _112353_/RESET_B : -90.651688
[setup in-reg] rst_n -> _112354_/RESET_B : -90.651688
[setup in-reg] rst_n -> _112355_/RESET_B : -90.651688
[setup in-reg] rst_n -> _112356_/RESET_B : -90.651688
[setup in-reg] rst_n -> _112357_/RESET_B : -90.651688
[setup in-reg] rst_n -> _112358_/RESET_B : -90.651688
[setup in-reg] rst_n -> _112359_/RESET_B : -90.651688
[setup in-reg] rst_n -> _112360_/RESET_B : -90.651688
[setup in-reg] rst_n -> _112361_/RESET_B : -90.651688
[setup in-reg] rst_n -> _112362_/RESET_B : -90.651688
[setup in-reg] rst_n -> _112363_/RESET_B : -90.651688
[setup in-reg] rst_n -> _112364_/RESET_B : -90.651688
[setup in-reg] rst_n -> _112365_/RESET_B : -90.651688
[setup in-reg] rst_n -> _112366_/RESET_B : -90.651688
[setup in-reg] rst_n -> _112367_/RESET_B : -90.651688
[setup in-reg] rst_n -> _112368_/RESET_B : -90.651688
[setup in-reg] rst_n -> _112369_/RESET_B : -90.651688
[setup in-reg] rst_n -> _112370_/RESET_B : -90.651688
[setup in-reg] rst_n -> _112371_/RESET_B : -90.651688
[setup in-reg] rst_n -> _112372_/RESET_B : -90.651688
[setup in-reg] rst_n -> _112373_/RESET_B : -90.651688
[setup in-reg] rst_n -> _112374_/RESET_B : -90.651688
[setup in-reg] rst_n -> _112375_/RESET_B : -90.651688
[setup in-reg] rst_n -> _112376_/RESET_B : -90.651688
[setup in-reg] rst_n -> _112377_/RESET_B : -90.651688
[setup in-reg] rst_n -> _112378_/RESET_B : -90.651688
[setup in-reg] rst_n -> _112379_/RESET_B : -90.651688
[setup in-reg] rst_n -> _112380_/RESET_B : -90.651688
[setup in-reg] rst_n -> _112381_/RESET_B : -90.651688
[setup in-reg] rst_n -> _112382_/RESET_B : -90.651688
[setup in-reg] rst_n -> _112383_/RESET_B : -90.651688
[setup in-reg] rst_n -> _112384_/RESET_B : -90.651688
[setup in-reg] rst_n -> _112385_/RESET_B : -90.651688
[setup in-reg] rst_n -> _112386_/RESET_B : -90.651688
[setup in-reg] rst_n -> _112387_/RESET_B : -90.651688
[setup in-reg] rst_n -> _112388_/RESET_B : -90.651688
[setup in-reg] rst_n -> _112389_/RESET_B : -90.651688
[setup in-reg] rst_n -> _112390_/RESET_B : -90.651688
[setup in-reg] rst_n -> _112391_/RESET_B : -90.651688
[setup in-reg] rst_n -> _112392_/RESET_B : -90.651688
[setup in-reg] rst_n -> _112393_/RESET_B : -90.651688
[setup in-reg] rst_n -> _112394_/RESET_B : -90.651688
[setup in-reg] rst_n -> _112395_/RESET_B : -90.651688
[setup in-reg] rst_n -> _112396_/RESET_B : -90.651688
[setup in-reg] rst_n -> _112397_/RESET_B : -90.651688
[setup in-reg] rst_n -> _112398_/RESET_B : -90.651688
[setup in-reg] rst_n -> _112399_/RESET_B : -90.651688
[setup in-reg] rst_n -> _112400_/RESET_B : -90.651688
[setup in-reg] rst_n -> _112401_/RESET_B : -90.651688
[setup in-reg] rst_n -> _112402_/RESET_B : -90.651688
[setup in-reg] rst_n -> _112403_/RESET_B : -90.651688
[setup in-reg] rst_n -> _112404_/RESET_B : -90.651688
[setup in-reg] rst_n -> _112405_/RESET_B : -90.651688
[setup in-reg] rst_n -> _112406_/RESET_B : -90.651688
[setup in-reg] rst_n -> _112407_/RESET_B : -90.651688
[setup in-reg] rst_n -> _112408_/RESET_B : -90.651688
[setup in-reg] rst_n -> _112409_/RESET_B : -90.651688
[setup in-reg] rst_n -> _112410_/RESET_B : -90.651688
[setup in-reg] rst_n -> _112411_/RESET_B : -90.651688
[setup in-reg] rst_n -> _112412_/RESET_B : -90.651688
[setup in-reg] rst_n -> _112413_/RESET_B : -90.651688
[setup in-reg] rst_n -> _112414_/RESET_B : -90.651688
[setup in-reg] rst_n -> _112415_/RESET_B : -90.651688
[setup in-reg] rst_n -> _112416_/RESET_B : -90.651688
[setup in-reg] rst_n -> _112417_/RESET_B : -90.651688
[setup in-reg] rst_n -> _112418_/RESET_B : -90.651688
[setup in-reg] rst_n -> _112419_/RESET_B : -90.651688
[setup in-reg] rst_n -> _112420_/RESET_B : -90.651688
[setup in-reg] rst_n -> _112421_/RESET_B : -90.651688
[setup in-reg] rst_n -> _112422_/RESET_B : -90.651688
[setup in-reg] rst_n -> _112423_/RESET_B : -90.651688
[setup in-reg] rst_n -> _112424_/RESET_B : -90.651688
[setup in-reg] rst_n -> _112425_/RESET_B : -90.651688
[setup in-reg] rst_n -> _112426_/RESET_B : -90.651688
[setup in-reg] rst_n -> _112427_/RESET_B : -90.651688
[setup in-reg] rst_n -> _112428_/RESET_B : -90.651688
[setup in-reg] rst_n -> _112429_/RESET_B : -90.651688
[setup in-reg] rst_n -> _112430_/RESET_B : -90.651688
[setup in-reg] rst_n -> _112431_/RESET_B : -90.651688
[setup in-reg] rst_n -> _112432_/RESET_B : -90.651688
[setup in-reg] rst_n -> _112433_/RESET_B : -90.651688
[setup in-reg] rst_n -> _112434_/RESET_B : -90.651688
[setup in-reg] rst_n -> _112435_/RESET_B : -90.651688
[setup in-reg] rst_n -> _112436_/RESET_B : -90.651688
[setup in-reg] rst_n -> _112437_/RESET_B : -90.651688
[setup in-reg] rst_n -> _112438_/RESET_B : -90.651688
[setup in-reg] rst_n -> _112439_/RESET_B : -90.651688
[setup in-reg] rst_n -> _112440_/RESET_B : -90.651688
[setup in-reg] rst_n -> _112441_/RESET_B : -90.651688
[setup in-reg] rst_n -> _112442_/RESET_B : -90.651688
[setup in-reg] rst_n -> _112443_/RESET_B : -90.651688
[setup in-reg] rst_n -> _112444_/RESET_B : -90.651688
[setup in-reg] rst_n -> _112445_/RESET_B : -90.651688
[setup in-reg] rst_n -> _112446_/RESET_B : -90.651688
[setup in-reg] rst_n -> _112447_/RESET_B : -90.651688
[setup in-reg] rst_n -> _112448_/RESET_B : -90.651688
[setup in-reg] rst_n -> _112449_/RESET_B : -90.651688
[setup in-reg] rst_n -> _112450_/RESET_B : -90.651688
[setup in-reg] rst_n -> _112451_/RESET_B : -90.651688
[setup in-reg] rst_n -> _112452_/RESET_B : -90.651688
[setup in-reg] rst_n -> _112453_/RESET_B : -90.651688
[setup in-reg] rst_n -> _112454_/RESET_B : -90.651688
[setup in-reg] rst_n -> _112455_/RESET_B : -90.651688
[setup in-reg] rst_n -> _112456_/RESET_B : -90.651688
[setup in-reg] rst_n -> _112457_/RESET_B : -90.651688
[setup in-reg] rst_n -> _112458_/RESET_B : -90.651688
[setup in-reg] rst_n -> _112459_/RESET_B : -90.651688
[setup in-reg] rst_n -> _112460_/RESET_B : -90.651688
[setup in-reg] rst_n -> _112461_/RESET_B : -90.651688
[setup in-reg] rst_n -> _112462_/RESET_B : -90.651688
[setup in-reg] rst_n -> _112463_/RESET_B : -90.651688
[setup in-reg] rst_n -> _112464_/RESET_B : -90.651688
[setup in-reg] rst_n -> _112465_/RESET_B : -90.651688
[setup in-reg] rst_n -> _112466_/RESET_B : -90.651688
[setup in-reg] rst_n -> _112467_/RESET_B : -90.651688
[setup in-reg] rst_n -> _112468_/RESET_B : -90.651688
[setup in-reg] rst_n -> _112469_/RESET_B : -90.651688
[setup in-reg] rst_n -> _112470_/RESET_B : -90.651688
[setup in-reg] rst_n -> _112471_/RESET_B : -90.651688
[setup in-reg] rst_n -> _112472_/RESET_B : -90.651688
[setup in-reg] rst_n -> _112473_/RESET_B : -90.651688
[setup in-reg] rst_n -> _112474_/RESET_B : -90.651688
[setup in-reg] rst_n -> _112475_/RESET_B : -90.651688
[setup in-reg] rst_n -> _112476_/RESET_B : -90.651688
[setup in-reg] rst_n -> _112477_/RESET_B : -90.651688
[setup in-reg] rst_n -> _112478_/RESET_B : -90.651688
[setup in-reg] rst_n -> _112479_/RESET_B : -90.651688
[setup in-reg] rst_n -> _112480_/RESET_B : -90.651688
[setup in-reg] rst_n -> _112481_/RESET_B : -90.651688
[setup in-reg] rst_n -> _112482_/RESET_B : -90.651688
[setup in-reg] rst_n -> _112483_/RESET_B : -90.651688
[setup in-reg] rst_n -> _112484_/RESET_B : -90.651688
[setup in-reg] rst_n -> _112485_/RESET_B : -90.651688
[setup in-reg] rst_n -> _112486_/RESET_B : -90.651688
[setup in-reg] rst_n -> _112487_/RESET_B : -90.651688
[setup in-reg] rst_n -> _112488_/RESET_B : -90.651688
[setup in-reg] rst_n -> _112489_/RESET_B : -90.651688
[setup in-reg] rst_n -> _112490_/RESET_B : -90.651688
[setup in-reg] rst_n -> _112491_/RESET_B : -90.651688
[setup in-reg] rst_n -> _112492_/RESET_B : -90.651688
[setup in-reg] rst_n -> _112493_/RESET_B : -90.651688
[setup in-reg] rst_n -> _112494_/RESET_B : -90.651688
[setup in-reg] rst_n -> _112495_/RESET_B : -90.651688
[setup in-reg] rst_n -> _112496_/RESET_B : -90.651688
[setup in-reg] rst_n -> _112497_/RESET_B : -90.651688
[setup in-reg] rst_n -> _112498_/RESET_B : -90.651688
[setup in-reg] rst_n -> _112499_/RESET_B : -90.651688
[setup in-reg] rst_n -> _112500_/RESET_B : -90.651688
[setup in-reg] rst_n -> _112501_/RESET_B : -90.651688
[setup in-reg] rst_n -> _112502_/RESET_B : -90.651688
[setup in-reg] rst_n -> _112503_/RESET_B : -90.651688
[setup in-reg] rst_n -> _112504_/RESET_B : -90.651688
[setup in-reg] rst_n -> _112505_/RESET_B : -90.651688
[setup in-reg] rst_n -> _112506_/RESET_B : -90.651688
[setup in-reg] rst_n -> _112507_/RESET_B : -90.651688
[setup in-reg] rst_n -> _112508_/RESET_B : -90.651688
[setup in-reg] rst_n -> _112509_/RESET_B : -90.651688
[setup in-reg] rst_n -> _112510_/RESET_B : -90.651688
[setup in-reg] rst_n -> _112511_/RESET_B : -90.651688
[setup in-reg] rst_n -> _112512_/RESET_B : -90.651688
[setup in-reg] rst_n -> _112513_/RESET_B : -90.651688
[setup in-reg] rst_n -> _112514_/RESET_B : -90.651688
[setup in-reg] rst_n -> _112515_/RESET_B : -90.651688
[setup in-reg] rst_n -> _112516_/RESET_B : -90.651688
[setup in-reg] rst_n -> _112517_/RESET_B : -90.651688
[setup in-reg] rst_n -> _112518_/RESET_B : -90.651688
[setup in-reg] rst_n -> _112519_/RESET_B : -90.651688
[setup in-reg] rst_n -> _112520_/RESET_B : -90.651688
[setup in-reg] rst_n -> _112521_/RESET_B : -90.651688
[setup in-reg] rst_n -> _112522_/RESET_B : -90.651688
[setup in-reg] rst_n -> _112523_/RESET_B : -90.651688
[setup in-reg] rst_n -> _112524_/RESET_B : -90.651688
[setup in-reg] rst_n -> _112525_/RESET_B : -90.651688
[setup in-reg] rst_n -> _112526_/RESET_B : -90.651688
[setup in-reg] rst_n -> _112527_/RESET_B : -90.651688
[setup in-reg] rst_n -> _112528_/RESET_B : -90.651688
[setup in-reg] rst_n -> _112529_/RESET_B : -90.651688
[setup in-reg] rst_n -> _112530_/RESET_B : -90.651688
[setup in-reg] rst_n -> _112531_/RESET_B : -90.651688
[setup in-reg] rst_n -> _112532_/RESET_B : -90.651688
[setup in-reg] rst_n -> _112533_/RESET_B : -90.651688
[setup in-reg] rst_n -> _112534_/RESET_B : -90.651688
[setup in-reg] rst_n -> _112535_/RESET_B : -90.651688
[setup in-reg] rst_n -> _112536_/RESET_B : -90.651688
[setup in-reg] rst_n -> _112537_/RESET_B : -90.651688
[setup in-reg] rst_n -> _112538_/RESET_B : -90.651688
[setup in-reg] rst_n -> _112539_/RESET_B : -90.651688
[setup in-reg] rst_n -> _112540_/RESET_B : -90.651688
[setup in-reg] rst_n -> _112541_/RESET_B : -90.651688
[setup in-reg] rst_n -> _112542_/RESET_B : -90.651688
[setup in-reg] rst_n -> _112543_/RESET_B : -90.651688
[setup in-reg] rst_n -> _112544_/RESET_B : -90.651688
[setup in-reg] rst_n -> _112545_/RESET_B : -90.651688
[setup in-reg] rst_n -> _112546_/RESET_B : -90.651688
[setup in-reg] rst_n -> _112547_/RESET_B : -90.651688
[setup in-reg] rst_n -> _112548_/RESET_B : -90.651688
[setup in-reg] rst_n -> _112549_/RESET_B : -90.651688
[setup in-reg] rst_n -> _112550_/RESET_B : -90.651688
[setup in-reg] rst_n -> _112551_/RESET_B : -90.651688
[setup in-reg] rst_n -> _112552_/RESET_B : -90.651688
[setup in-reg] rst_n -> _112553_/RESET_B : -90.651688
[setup in-reg] rst_n -> _112554_/RESET_B : -90.651688
[setup in-reg] rst_n -> _112555_/RESET_B : -90.651688
[setup in-reg] rst_n -> _112556_/RESET_B : -90.651688
[setup in-reg] rst_n -> _112557_/RESET_B : -90.651688
[setup in-reg] rst_n -> _112558_/RESET_B : -90.651688
[setup in-reg] rst_n -> _112559_/RESET_B : -90.651688
[setup in-reg] rst_n -> _112560_/RESET_B : -90.651688
[setup in-reg] rst_n -> _112561_/RESET_B : -90.651688
[setup in-reg] rst_n -> _112562_/RESET_B : -90.651688
[setup in-reg] rst_n -> _112563_/RESET_B : -90.651688
[setup in-reg] rst_n -> _112564_/RESET_B : -90.651688
[setup in-reg] rst_n -> _112565_/RESET_B : -90.651688
[setup in-reg] rst_n -> _112566_/RESET_B : -90.651688
[setup in-reg] rst_n -> _112567_/RESET_B : -90.651688
[setup in-reg] rst_n -> _112568_/RESET_B : -90.651688
[setup in-reg] rst_n -> _112569_/RESET_B : -90.651688
[setup in-reg] rst_n -> _112570_/RESET_B : -90.651688
[setup in-reg] rst_n -> _112571_/RESET_B : -90.651688
[setup in-reg] rst_n -> _112572_/RESET_B : -90.651688
[setup in-reg] rst_n -> _112573_/RESET_B : -90.651688
[setup in-reg] rst_n -> _112574_/RESET_B : -90.651688
[setup in-reg] rst_n -> _112575_/RESET_B : -90.651688
[setup in-reg] rst_n -> _112576_/RESET_B : -90.651688
[setup in-reg] rst_n -> _112577_/RESET_B : -90.651688
[setup in-reg] rst_n -> _112578_/RESET_B : -90.651688
[setup in-reg] rst_n -> _112579_/RESET_B : -90.651688
[setup in-reg] rst_n -> _112580_/RESET_B : -90.651688
[setup in-reg] rst_n -> _112581_/RESET_B : -90.651688
[setup in-reg] rst_n -> _112582_/RESET_B : -90.651688
[setup in-reg] rst_n -> _112583_/RESET_B : -90.651688
[setup in-reg] rst_n -> _112584_/RESET_B : -90.651688
[setup in-reg] rst_n -> _112585_/RESET_B : -90.651688
[setup in-reg] rst_n -> _112586_/RESET_B : -90.651688
[setup in-reg] rst_n -> _112587_/RESET_B : -90.651688
[setup in-reg] rst_n -> _112588_/RESET_B : -90.651688
[setup in-reg] rst_n -> _112589_/RESET_B : -90.651688
[setup in-reg] rst_n -> _112590_/RESET_B : -90.651688
[setup in-reg] rst_n -> _112591_/RESET_B : -90.651688
[setup in-reg] rst_n -> _112592_/RESET_B : -90.651688
[setup in-reg] rst_n -> _112593_/RESET_B : -90.651688
[setup in-reg] rst_n -> _112594_/RESET_B : -90.651688
[setup in-reg] rst_n -> _112595_/RESET_B : -90.651688
[setup in-reg] rst_n -> _112596_/RESET_B : -90.651688
[setup in-reg] rst_n -> _112597_/RESET_B : -90.651688
[setup in-reg] rst_n -> _112598_/RESET_B : -90.651688
[setup in-reg] rst_n -> _112599_/RESET_B : -90.651688
[setup in-reg] rst_n -> _112600_/RESET_B : -90.651688
[setup in-reg] rst_n -> _112601_/RESET_B : -90.651688
[setup in-reg] rst_n -> _112602_/RESET_B : -90.651688
[setup in-reg] rst_n -> _112603_/RESET_B : -90.651688
[setup in-reg] rst_n -> _112604_/RESET_B : -90.651688
[setup in-reg] rst_n -> _112605_/RESET_B : -90.651688
[setup in-reg] rst_n -> _112606_/RESET_B : -90.651688
[setup in-reg] rst_n -> _112607_/RESET_B : -90.651688
[setup in-reg] rst_n -> _112608_/RESET_B : -90.651688
[setup in-reg] rst_n -> _112609_/RESET_B : -90.651688
[setup in-reg] rst_n -> _112610_/RESET_B : -90.651688
[setup in-reg] rst_n -> _112611_/RESET_B : -90.651688
[setup in-reg] rst_n -> _112612_/RESET_B : -90.651688
[setup in-reg] rst_n -> _112613_/RESET_B : -90.651688
[setup in-reg] rst_n -> _112614_/RESET_B : -90.651688
[setup in-reg] rst_n -> _112615_/RESET_B : -90.651688
[setup in-reg] rst_n -> _112616_/RESET_B : -90.651688
[setup in-reg] rst_n -> _112617_/RESET_B : -90.651688
[setup in-reg] rst_n -> _112618_/RESET_B : -90.651688
[setup in-reg] rst_n -> _112619_/RESET_B : -90.651688
[setup in-reg] rst_n -> _112620_/RESET_B : -90.651688
[setup in-reg] rst_n -> _112621_/RESET_B : -90.651688
[setup in-reg] rst_n -> _112622_/RESET_B : -90.651688
[setup in-reg] rst_n -> _112623_/RESET_B : -90.651688
[setup in-reg] rst_n -> _112624_/RESET_B : -90.651688
[setup in-reg] rst_n -> _112625_/RESET_B : -90.651688
[setup in-reg] rst_n -> _112626_/RESET_B : -90.651688
[setup in-reg] rst_n -> _112627_/RESET_B : -90.651688
[setup in-reg] rst_n -> _112628_/RESET_B : -90.651688
[setup in-reg] rst_n -> _112629_/RESET_B : -90.651688
[setup in-reg] rst_n -> _112630_/RESET_B : -90.651688
[setup in-reg] rst_n -> _112631_/RESET_B : -90.651688
[setup in-reg] rst_n -> _112632_/RESET_B : -90.651688
[setup in-reg] rst_n -> _112633_/RESET_B : -90.651688
[setup in-reg] rst_n -> _112634_/RESET_B : -90.651688
[setup in-reg] rst_n -> _112635_/RESET_B : -90.651688
[setup in-reg] rst_n -> _112636_/RESET_B : -90.651688
[setup in-reg] rst_n -> _112637_/RESET_B : -90.651688
[setup in-reg] rst_n -> _112638_/RESET_B : -90.651688
[setup in-reg] rst_n -> _112639_/RESET_B : -90.651688
[setup in-reg] rst_n -> _112640_/RESET_B : -90.651688
[setup in-reg] rst_n -> _112641_/RESET_B : -90.651688
[setup in-reg] rst_n -> _112642_/RESET_B : -90.651688
[setup in-reg] rst_n -> _112643_/RESET_B : -90.651688
[setup in-reg] rst_n -> _112644_/RESET_B : -90.651688
[setup in-reg] rst_n -> _112645_/RESET_B : -90.651688
[setup in-reg] rst_n -> _112646_/RESET_B : -90.651688
[setup in-reg] rst_n -> _112647_/RESET_B : -90.651688
[setup in-reg] rst_n -> _112648_/RESET_B : -90.651688
[setup in-reg] rst_n -> _112649_/RESET_B : -90.651688
[setup in-reg] rst_n -> _112650_/RESET_B : -90.651688
[setup in-reg] rst_n -> _112651_/RESET_B : -90.651688
[setup in-reg] rst_n -> _112652_/RESET_B : -90.651688
[setup in-reg] rst_n -> _112653_/RESET_B : -90.651688
[setup in-reg] rst_n -> _112654_/RESET_B : -90.651688
[setup in-reg] rst_n -> _112655_/RESET_B : -90.651688
[setup in-reg] rst_n -> _112656_/RESET_B : -90.651688
[setup in-reg] rst_n -> _112657_/RESET_B : -90.651688
[setup in-reg] rst_n -> _112658_/RESET_B : -90.651688
[setup in-reg] rst_n -> _112659_/RESET_B : -90.651688
[setup in-reg] rst_n -> _112660_/RESET_B : -90.651688
[setup in-reg] rst_n -> _112661_/RESET_B : -90.651688
[setup in-reg] rst_n -> _112662_/RESET_B : -90.651688
[setup in-reg] rst_n -> _112663_/RESET_B : -90.651688
[setup in-reg] rst_n -> _112664_/RESET_B : -90.651688
[setup in-reg] rst_n -> _112665_/RESET_B : -90.651688
[setup in-reg] rst_n -> _112666_/RESET_B : -90.651688
[setup in-reg] rst_n -> _112667_/RESET_B : -90.651688
[setup in-reg] rst_n -> _112668_/RESET_B : -90.651688
[setup in-reg] rst_n -> _112669_/RESET_B : -90.651688
[setup in-reg] rst_n -> _112670_/RESET_B : -90.651688
[setup in-reg] rst_n -> _112671_/RESET_B : -90.651688
[setup in-reg] rst_n -> _112672_/RESET_B : -90.651688
[setup in-reg] rst_n -> _112673_/RESET_B : -90.651688
[setup in-reg] rst_n -> _112674_/RESET_B : -90.651688
[setup in-reg] rst_n -> _112675_/RESET_B : -90.651688
[setup in-reg] rst_n -> _112676_/RESET_B : -90.651688
[setup in-reg] rst_n -> _112677_/RESET_B : -90.651688
[setup in-reg] rst_n -> _112678_/RESET_B : -90.651688
[setup in-reg] rst_n -> _112679_/RESET_B : -90.651688
[setup in-reg] rst_n -> _112680_/RESET_B : -90.651688
[setup in-reg] rst_n -> _112681_/RESET_B : -90.651688
[setup in-reg] rst_n -> _112682_/RESET_B : -90.651688
[setup in-reg] rst_n -> _112683_/RESET_B : -90.651688
[setup in-reg] rst_n -> _112684_/RESET_B : -90.651688
[setup in-reg] rst_n -> _112685_/RESET_B : -90.651688
[setup in-reg] rst_n -> _112686_/RESET_B : -90.651688
[setup in-reg] rst_n -> _112687_/RESET_B : -90.651688
[setup in-reg] rst_n -> _112688_/RESET_B : -90.651688
[setup in-reg] rst_n -> _112689_/RESET_B : -90.651688
[setup in-reg] rst_n -> _112690_/RESET_B : -90.651688
[setup in-reg] rst_n -> _112691_/RESET_B : -90.651688
[setup in-reg] rst_n -> _112692_/RESET_B : -90.651688
[setup in-reg] rst_n -> _112693_/RESET_B : -90.651688
[setup in-reg] rst_n -> _112694_/RESET_B : -90.651688
[setup in-reg] rst_n -> _112695_/RESET_B : -90.651688
[setup in-reg] rst_n -> _112696_/RESET_B : -90.651688
[setup in-reg] rst_n -> _112697_/RESET_B : -90.651688
[setup in-reg] rst_n -> _112698_/RESET_B : -90.651688
[setup in-reg] rst_n -> _112699_/RESET_B : -90.651688
[setup in-reg] rst_n -> _112700_/RESET_B : -90.651688
[setup in-reg] rst_n -> _112701_/RESET_B : -90.651688
[setup in-reg] rst_n -> _112702_/RESET_B : -90.651688
[setup in-reg] rst_n -> _112703_/RESET_B : -90.651688
[setup in-reg] rst_n -> _112704_/RESET_B : -90.651688
[setup in-reg] rst_n -> _112705_/RESET_B : -90.651688
[setup in-reg] rst_n -> _112706_/RESET_B : -90.651688
[setup in-reg] rst_n -> _112707_/RESET_B : -90.651688
[setup in-reg] rst_n -> _112708_/RESET_B : -90.651688
[setup in-reg] rst_n -> _112709_/RESET_B : -90.651688
[setup in-reg] rst_n -> _112710_/RESET_B : -90.651688
[setup in-reg] rst_n -> _112711_/RESET_B : -90.651688
[setup in-reg] rst_n -> _112712_/RESET_B : -90.651688
[setup in-reg] rst_n -> _112713_/RESET_B : -90.651688
[setup in-reg] rst_n -> _112714_/RESET_B : -90.651688
[setup in-reg] rst_n -> _112715_/RESET_B : -90.651688
[setup in-reg] rst_n -> _112716_/RESET_B : -90.651688
[setup in-reg] rst_n -> _112717_/RESET_B : -90.651688
[setup in-reg] rst_n -> _112718_/RESET_B : -90.651688
[setup in-reg] rst_n -> _112719_/RESET_B : -90.651688
[setup in-reg] rst_n -> _112720_/RESET_B : -90.651688
[setup in-reg] rst_n -> _112721_/RESET_B : -90.651688
[setup in-reg] rst_n -> _112722_/RESET_B : -90.651688
[setup in-reg] rst_n -> _112723_/RESET_B : -90.651688
[setup in-reg] rst_n -> _112724_/RESET_B : -90.651688
[setup in-reg] rst_n -> _112725_/RESET_B : -90.651688
[setup in-reg] rst_n -> _112726_/RESET_B : -90.651688
[setup in-reg] rst_n -> _112727_/RESET_B : -90.651688
[setup in-reg] rst_n -> _112728_/RESET_B : -90.651688
[setup in-reg] rst_n -> _112729_/RESET_B : -90.651688
[setup in-reg] rst_n -> _112730_/RESET_B : -90.651688
[setup in-reg] rst_n -> _112731_/RESET_B : -90.651688
[setup in-reg] rst_n -> _112732_/RESET_B : -90.651688
[setup in-reg] rst_n -> _112733_/RESET_B : -90.651688
[setup in-reg] rst_n -> _112734_/RESET_B : -90.651688
[setup in-reg] rst_n -> _112735_/RESET_B : -90.651688
[setup in-reg] rst_n -> _112736_/RESET_B : -90.651688
[setup in-reg] rst_n -> _112737_/RESET_B : -90.651688
[setup in-reg] rst_n -> _112738_/RESET_B : -90.651688
[setup in-reg] rst_n -> _112739_/RESET_B : -90.651688
[setup in-reg] rst_n -> _112740_/RESET_B : -90.651688
[setup in-reg] rst_n -> _112741_/RESET_B : -90.651688
[setup in-reg] rst_n -> _112742_/RESET_B : -90.651688
[setup in-reg] rst_n -> _112743_/RESET_B : -90.651688
[setup in-reg] rst_n -> _112744_/RESET_B : -90.651688
[setup in-reg] rst_n -> _112745_/RESET_B : -90.651688
[setup in-reg] rst_n -> _112746_/RESET_B : -90.651688
[setup in-reg] rst_n -> _112747_/RESET_B : -90.651688
[setup in-reg] rst_n -> _112748_/RESET_B : -90.651688
[setup in-reg] rst_n -> _112749_/RESET_B : -90.651688
[setup in-reg] rst_n -> _112750_/RESET_B : -90.651688
[setup in-reg] rst_n -> _112751_/RESET_B : -90.651688
[setup in-reg] rst_n -> _112752_/RESET_B : -90.651688
[setup in-reg] rst_n -> _112753_/RESET_B : -90.651688
[setup in-reg] rst_n -> _112754_/RESET_B : -90.651688
[setup in-reg] rst_n -> _112755_/RESET_B : -90.651688
[setup in-reg] rst_n -> _112756_/RESET_B : -90.651688
[setup in-reg] rst_n -> _112757_/RESET_B : -90.651688
[setup in-reg] rst_n -> _112758_/RESET_B : -90.651688
[setup in-reg] rst_n -> _112759_/RESET_B : -90.651688
[setup in-reg] rst_n -> _112760_/RESET_B : -90.651688
[setup in-reg] rst_n -> _112761_/RESET_B : -90.651688
[setup in-reg] rst_n -> _112762_/RESET_B : -90.651688
[setup in-reg] rst_n -> _112763_/RESET_B : -90.651688
[setup in-reg] rst_n -> _112764_/RESET_B : -90.651688
[setup in-reg] rst_n -> _112765_/RESET_B : -90.651688
[setup in-reg] rst_n -> _112766_/RESET_B : -90.651688
[setup in-reg] rst_n -> _112767_/RESET_B : -90.651688
[setup in-reg] rst_n -> _112768_/RESET_B : -90.651688
[setup in-reg] rst_n -> _112769_/RESET_B : -90.651688
[setup in-reg] rst_n -> _112770_/RESET_B : -90.651688
[setup in-reg] rst_n -> _112771_/RESET_B : -90.651688
[setup in-reg] rst_n -> _112772_/RESET_B : -90.651688
[setup in-reg] rst_n -> _112773_/RESET_B : -90.651688
[setup in-reg] rst_n -> _112774_/RESET_B : -90.651688
[setup in-reg] rst_n -> _112775_/RESET_B : -90.651688
[setup in-reg] rst_n -> _112776_/RESET_B : -90.651688
[setup in-reg] rst_n -> _112777_/RESET_B : -90.651688
[setup in-reg] rst_n -> _112778_/RESET_B : -90.651688
[setup in-reg] rst_n -> _112779_/RESET_B : -90.651688
[setup in-reg] rst_n -> _112780_/RESET_B : -90.651688
[setup in-reg] rst_n -> _112781_/RESET_B : -90.651688
[setup in-reg] rst_n -> _112782_/RESET_B : -90.651688
[setup in-reg] rst_n -> _112783_/RESET_B : -90.651688
[setup in-reg] rst_n -> _112784_/RESET_B : -90.651688
[setup in-reg] rst_n -> _112785_/RESET_B : -90.651688
[setup in-reg] rst_n -> _112786_/RESET_B : -90.651688
[setup in-reg] rst_n -> _112787_/RESET_B : -90.651688
[setup in-reg] rst_n -> _112788_/RESET_B : -90.651688
[setup in-reg] rst_n -> _112789_/RESET_B : -90.651688
[setup in-reg] rst_n -> _112790_/RESET_B : -90.651688
[setup in-reg] rst_n -> _112791_/RESET_B : -90.651688
[setup in-reg] rst_n -> _112792_/RESET_B : -90.651688
[setup in-reg] rst_n -> _112793_/RESET_B : -90.651688
[setup in-reg] rst_n -> _112794_/RESET_B : -90.651688
[setup in-reg] rst_n -> _112795_/RESET_B : -90.651688
[setup in-reg] rst_n -> _112796_/RESET_B : -90.651688
[setup in-reg] rst_n -> _112797_/RESET_B : -90.651688
[setup in-reg] rst_n -> _112798_/RESET_B : -90.651688
[setup in-reg] rst_n -> _112799_/RESET_B : -90.651688
[setup in-reg] rst_n -> _112800_/RESET_B : -90.651688
[setup in-reg] rst_n -> _112801_/RESET_B : -90.651688
[setup in-reg] rst_n -> _112802_/RESET_B : -90.651688
[setup in-reg] rst_n -> _112803_/RESET_B : -90.651688
[setup in-reg] rst_n -> _112804_/RESET_B : -90.651688
[setup in-reg] rst_n -> _112805_/RESET_B : -90.651688
[setup in-reg] rst_n -> _112806_/RESET_B : -90.651688
[setup in-reg] rst_n -> _112807_/RESET_B : -90.651688
[setup in-reg] rst_n -> _112808_/RESET_B : -90.651688
[setup in-reg] rst_n -> _112809_/RESET_B : -90.651688
[setup in-reg] rst_n -> _112810_/RESET_B : -90.651688
[setup in-reg] rst_n -> _112811_/RESET_B : -90.651688
[setup in-reg] rst_n -> _112812_/RESET_B : -90.651688
[setup in-reg] rst_n -> _112813_/RESET_B : -90.651688
[setup in-reg] rst_n -> _112814_/RESET_B : -90.651688
[setup in-reg] rst_n -> _112815_/RESET_B : -90.651688
[setup in-reg] rst_n -> _112832_/RESET_B : -90.651688
[setup in-reg] rst_n -> _112833_/RESET_B : -90.651688
[setup in-reg] rst_n -> _112834_/RESET_B : -90.651688
[setup in-reg] rst_n -> _112835_/RESET_B : -90.651688
[setup in-reg] rst_n -> _112836_/RESET_B : -90.651688
[setup in-reg] rst_n -> _112837_/RESET_B : -90.651688
[setup in-reg] rst_n -> _112838_/RESET_B : -90.651688
[setup in-reg] rst_n -> _112839_/RESET_B : -90.651688
[setup in-reg] rst_n -> _112840_/RESET_B : -90.651688
[setup in-reg] rst_n -> _112841_/RESET_B : -90.651688
[setup in-reg] rst_n -> _112842_/RESET_B : -90.651688
[setup in-reg] rst_n -> _112843_/RESET_B : -90.651688
[setup in-reg] rst_n -> _112844_/RESET_B : -90.651688
[setup in-reg] rst_n -> _112845_/RESET_B : -90.651688
[setup in-reg] rst_n -> _112846_/RESET_B : -90.651688
[setup in-reg] rst_n -> _112847_/RESET_B : -90.651688
[setup in-reg] rst_n -> _112848_/RESET_B : -90.651688
[setup in-reg] rst_n -> _112849_/RESET_B : -90.651688
[setup in-reg] rst_n -> _112850_/RESET_B : -90.651688
[setup in-reg] rst_n -> _112851_/RESET_B : -90.651688
[setup in-reg] rst_n -> _112852_/RESET_B : -90.651688
[setup in-reg] rst_n -> _112853_/RESET_B : -90.651688
[setup in-reg] rst_n -> _112854_/RESET_B : -90.651688
[setup in-reg] rst_n -> _112855_/RESET_B : -90.651688
[setup in-reg] rst_n -> _112856_/RESET_B : -90.651688
[setup in-reg] rst_n -> _112857_/RESET_B : -90.651688
[setup in-reg] rst_n -> _112858_/RESET_B : -90.651688
[setup in-reg] rst_n -> _112859_/RESET_B : -90.651688
[setup in-reg] rst_n -> _112860_/RESET_B : -90.651688
[setup in-reg] rst_n -> _112861_/RESET_B : -90.651688
[setup in-reg] rst_n -> _112862_/RESET_B : -90.651688
[setup in-reg] rst_n -> _112863_/RESET_B : -90.651688
[setup in-reg] rst_n -> _112864_/RESET_B : -90.651688
[setup in-reg] rst_n -> _112865_/RESET_B : -90.651688
[setup in-reg] rst_n -> _112866_/RESET_B : -90.651688
[setup in-reg] rst_n -> _112867_/RESET_B : -90.651688
[setup in-reg] rst_n -> _112868_/RESET_B : -90.651688
[setup in-reg] rst_n -> _112869_/RESET_B : -90.651688
[setup in-reg] rst_n -> _112870_/RESET_B : -90.651688
[setup in-reg] rst_n -> _112871_/RESET_B : -90.651688
[setup in-reg] rst_n -> _112872_/RESET_B : -90.651688
[setup in-reg] rst_n -> _112873_/RESET_B : -90.651688
[setup in-reg] rst_n -> _112874_/RESET_B : -90.651688
[setup in-reg] rst_n -> _112875_/RESET_B : -90.651688
[setup in-reg] rst_n -> _112876_/RESET_B : -90.651688
[setup in-reg] rst_n -> _112877_/RESET_B : -90.651688
[setup in-reg] rst_n -> _112878_/RESET_B : -90.651688
[setup in-reg] rst_n -> _112879_/RESET_B : -90.651688
[setup in-reg] rst_n -> _112880_/RESET_B : -90.651688
[setup in-reg] rst_n -> _112881_/RESET_B : -90.651688
[setup in-reg] rst_n -> _112882_/RESET_B : -90.651688
[setup in-reg] rst_n -> _112883_/RESET_B : -90.651688
[setup in-reg] rst_n -> _112884_/RESET_B : -90.651688
[setup in-reg] rst_n -> _112885_/RESET_B : -90.651688
[setup in-reg] rst_n -> _112886_/RESET_B : -90.651688
[setup in-reg] rst_n -> _112887_/RESET_B : -90.651688
[setup in-reg] rst_n -> _112888_/RESET_B : -90.651688
[setup in-reg] rst_n -> _112889_/RESET_B : -90.651688
[setup in-reg] rst_n -> _112890_/RESET_B : -90.651688
[setup in-reg] rst_n -> _112891_/RESET_B : -90.651688
[setup in-reg] rst_n -> _112892_/RESET_B : -90.651688
[setup in-reg] rst_n -> _112893_/RESET_B : -90.651688
[setup in-reg] rst_n -> _112894_/RESET_B : -90.651688
[setup in-reg] rst_n -> _112895_/RESET_B : -90.651688
[setup in-reg] rst_n -> _112896_/RESET_B : -90.651688
[setup in-reg] rst_n -> _112897_/RESET_B : -90.651688
[setup in-reg] rst_n -> _112898_/RESET_B : -90.651688
[setup in-reg] rst_n -> _112899_/RESET_B : -90.651688
[setup in-reg] rst_n -> _112900_/RESET_B : -90.651688
[setup in-reg] rst_n -> _112901_/RESET_B : -90.651688
[setup in-reg] rst_n -> _112902_/RESET_B : -90.651688
[setup in-reg] rst_n -> _112903_/RESET_B : -90.651688
[setup in-reg] rst_n -> _112904_/RESET_B : -90.651688
[setup in-reg] rst_n -> _112905_/RESET_B : -90.651688
[setup in-reg] rst_n -> _112906_/RESET_B : -90.651688
[setup in-reg] rst_n -> _112907_/RESET_B : -90.651688
[setup in-reg] rst_n -> _112908_/RESET_B : -90.651688
[setup in-reg] rst_n -> _112909_/RESET_B : -90.651688
[setup in-reg] rst_n -> _112910_/RESET_B : -90.651688
[setup in-reg] rst_n -> _112911_/RESET_B : -90.651688
[setup in-reg] rst_n -> _112912_/RESET_B : -90.651688
[setup in-reg] rst_n -> _112913_/RESET_B : -90.651688
[setup in-reg] rst_n -> _112914_/RESET_B : -90.651688
[setup in-reg] rst_n -> _112915_/RESET_B : -90.651688
[setup in-reg] rst_n -> _112916_/RESET_B : -90.651688
[setup in-reg] rst_n -> _112917_/RESET_B : -90.651688
[setup in-reg] rst_n -> _112918_/RESET_B : -90.651688
[setup in-reg] rst_n -> _112919_/RESET_B : -90.651688
[setup in-reg] rst_n -> _112920_/RESET_B : -90.651688
[setup in-reg] rst_n -> _112921_/RESET_B : -90.651688
[setup in-reg] rst_n -> _112922_/RESET_B : -90.651688
[setup in-reg] rst_n -> _112923_/RESET_B : -90.651688
[setup in-reg] rst_n -> _112924_/RESET_B : -90.651688
[setup in-reg] rst_n -> _112925_/RESET_B : -90.651688
[setup in-reg] rst_n -> _112926_/RESET_B : -90.651688
[setup in-reg] rst_n -> _112927_/RESET_B : -90.651688
[setup in-reg] rst_n -> _112928_/RESET_B : -90.651688
[setup in-reg] rst_n -> _112929_/RESET_B : -90.651688
[setup in-reg] rst_n -> _112930_/RESET_B : -90.651688
[setup in-reg] rst_n -> _112931_/RESET_B : -90.651688
[setup in-reg] rst_n -> _112932_/RESET_B : -90.651688
[setup in-reg] rst_n -> _112933_/RESET_B : -90.651688
[setup in-reg] rst_n -> _112934_/RESET_B : -90.651688
[setup in-reg] rst_n -> _112935_/RESET_B : -90.651688
[setup in-reg] rst_n -> _112936_/RESET_B : -90.651688
[setup in-reg] rst_n -> _112937_/RESET_B : -90.651688
[setup in-reg] rst_n -> _112938_/RESET_B : -90.651688
[setup in-reg] rst_n -> _112939_/RESET_B : -90.651688
[setup in-reg] rst_n -> _112940_/RESET_B : -90.651688
[setup in-reg] rst_n -> _112941_/RESET_B : -90.651688
[setup in-reg] rst_n -> _112942_/RESET_B : -90.651688
[setup in-reg] rst_n -> _112943_/RESET_B : -90.651688
[setup in-reg] rst_n -> _112944_/RESET_B : -90.651688
[setup in-reg] rst_n -> _112945_/RESET_B : -90.651688
[setup in-reg] rst_n -> _112946_/RESET_B : -90.651688
[setup in-reg] rst_n -> _112947_/RESET_B : -90.651688
[setup in-reg] rst_n -> _112948_/RESET_B : -90.651688
[setup in-reg] rst_n -> _112949_/RESET_B : -90.651688
[setup in-reg] rst_n -> _112950_/RESET_B : -90.651688
[setup in-reg] rst_n -> _112951_/RESET_B : -90.651688
[setup in-reg] rst_n -> _112952_/RESET_B : -90.651688
[setup in-reg] rst_n -> _112953_/RESET_B : -90.651688
[setup in-reg] rst_n -> _112954_/RESET_B : -90.651688
[setup in-reg] rst_n -> _112955_/RESET_B : -90.651688
[setup in-reg] rst_n -> _112956_/RESET_B : -90.651688
[setup in-reg] rst_n -> _112957_/RESET_B : -90.651688
[setup in-reg] rst_n -> _112958_/RESET_B : -90.651688
[setup in-reg] rst_n -> _112959_/RESET_B : -90.651688
[setup in-reg] rst_n -> _112960_/RESET_B : -90.651688
[setup in-reg] rst_n -> _112961_/RESET_B : -90.651688
[setup in-reg] rst_n -> _112962_/RESET_B : -90.651688
[setup in-reg] rst_n -> _112963_/RESET_B : -90.651688
[setup in-reg] rst_n -> _112964_/RESET_B : -90.651688
[setup in-reg] rst_n -> _112965_/RESET_B : -90.651688
[setup in-reg] rst_n -> _112966_/RESET_B : -90.651688
[setup in-reg] rst_n -> _112967_/RESET_B : -90.651688
[setup in-reg] rst_n -> _112968_/RESET_B : -90.651688
[setup in-reg] rst_n -> _112969_/RESET_B : -90.651688
[setup in-reg] rst_n -> _112970_/RESET_B : -90.651688
[setup in-reg] rst_n -> _112971_/RESET_B : -90.651688
[setup in-reg] rst_n -> _112972_/RESET_B : -90.651688
[setup in-reg] rst_n -> _112973_/RESET_B : -90.651688
[setup in-reg] rst_n -> _112974_/RESET_B : -90.651688
[setup in-reg] rst_n -> _112975_/RESET_B : -90.651688
[setup in-reg] rst_n -> _112976_/RESET_B : -90.651688
[setup in-reg] rst_n -> _112977_/RESET_B : -90.651688
[setup in-reg] rst_n -> _112978_/RESET_B : -90.651688
[setup in-reg] rst_n -> _112979_/RESET_B : -90.651688
[setup in-reg] rst_n -> _112980_/RESET_B : -90.651688
[setup in-reg] rst_n -> _112981_/RESET_B : -90.651688
[setup in-reg] rst_n -> _112982_/RESET_B : -90.651688
[setup in-reg] rst_n -> _112983_/RESET_B : -90.651688
[setup in-reg] rst_n -> _112984_/RESET_B : -90.651688
[setup in-reg] rst_n -> _112985_/RESET_B : -90.651688
[setup in-reg] rst_n -> _112986_/RESET_B : -90.651688
[setup in-reg] rst_n -> _112987_/RESET_B : -90.651688
[setup in-reg] rst_n -> _112988_/RESET_B : -90.651688
[setup in-reg] rst_n -> _112989_/RESET_B : -90.651688
[setup in-reg] rst_n -> _112990_/RESET_B : -90.651688
[setup in-reg] rst_n -> _112991_/RESET_B : -90.651688
[setup in-reg] rst_n -> _112992_/RESET_B : -90.651688
[setup in-reg] rst_n -> _112993_/RESET_B : -90.651688
[setup in-reg] rst_n -> _112994_/RESET_B : -90.651688
[setup in-reg] rst_n -> _112995_/RESET_B : -90.651688
[setup in-reg] rst_n -> _112996_/RESET_B : -90.651688
[setup in-reg] rst_n -> _112997_/RESET_B : -90.651688
[setup in-reg] rst_n -> _112998_/RESET_B : -90.651688
[setup in-reg] rst_n -> _112999_/RESET_B : -90.651688
[setup in-reg] rst_n -> _113000_/RESET_B : -90.651688
[setup in-reg] rst_n -> _113001_/RESET_B : -90.651688
[setup in-reg] rst_n -> _113002_/RESET_B : -90.651688
[setup in-reg] rst_n -> _113003_/RESET_B : -90.651688
[setup in-reg] rst_n -> _113004_/RESET_B : -90.651688
[setup in-reg] rst_n -> _113005_/RESET_B : -90.651688
[setup in-reg] rst_n -> _113006_/RESET_B : -90.651688
[setup in-reg] rst_n -> _113007_/RESET_B : -90.651688
[setup in-reg] rst_n -> _113008_/RESET_B : -90.651688
[setup in-reg] rst_n -> _113009_/RESET_B : -90.651688
[setup in-reg] rst_n -> _113010_/RESET_B : -90.651688
[setup in-reg] rst_n -> _113011_/RESET_B : -90.651688
[setup in-reg] rst_n -> _113012_/RESET_B : -90.651688
[setup in-reg] rst_n -> _113013_/RESET_B : -90.651688
[setup in-reg] rst_n -> _113014_/RESET_B : -90.651688
[setup in-reg] rst_n -> _113015_/RESET_B : -90.651688
[setup in-reg] rst_n -> _113016_/RESET_B : -90.651688
[setup in-reg] rst_n -> _113017_/RESET_B : -90.651688
[setup in-reg] rst_n -> _113018_/RESET_B : -90.651688
[setup in-reg] rst_n -> _113019_/RESET_B : -90.651688
[setup in-reg] rst_n -> _113020_/RESET_B : -90.651688
[setup in-reg] rst_n -> _113021_/RESET_B : -90.651688
[setup in-reg] rst_n -> _113022_/RESET_B : -90.651688
[setup in-reg] rst_n -> _113023_/RESET_B : -90.651688
[setup in-reg] rst_n -> _113024_/RESET_B : -90.651688
[setup in-reg] rst_n -> _113025_/RESET_B : -90.651688
[setup in-reg] rst_n -> _113026_/RESET_B : -90.651688
[setup in-reg] rst_n -> _113027_/RESET_B : -90.651688
[setup in-reg] rst_n -> _113028_/RESET_B : -90.651688
[setup in-reg] rst_n -> _113029_/RESET_B : -90.651688
[setup in-reg] rst_n -> _113030_/RESET_B : -90.651688
[setup in-reg] rst_n -> _113031_/RESET_B : -90.651688
[setup in-reg] rst_n -> _113032_/RESET_B : -90.651688
[setup in-reg] rst_n -> _113033_/RESET_B : -90.651688
[setup in-reg] rst_n -> _113034_/RESET_B : -90.651688
[setup in-reg] rst_n -> _113035_/RESET_B : -90.651688
[setup in-reg] rst_n -> _113036_/RESET_B : -90.651688
[setup in-reg] rst_n -> _113037_/RESET_B : -90.651688
[setup in-reg] rst_n -> _113038_/RESET_B : -90.651688
[setup in-reg] rst_n -> _113039_/RESET_B : -90.651688
[setup in-reg] rst_n -> _113040_/RESET_B : -90.651688
[setup in-reg] rst_n -> _113041_/RESET_B : -90.651688
[setup in-reg] rst_n -> _113042_/RESET_B : -90.651688
[setup in-reg] rst_n -> _113043_/RESET_B : -90.651688
[setup in-reg] rst_n -> _113044_/RESET_B : -90.651688
[setup in-reg] rst_n -> _113045_/RESET_B : -90.651688
[setup in-reg] rst_n -> _113046_/RESET_B : -90.651688
[setup in-reg] rst_n -> _113047_/RESET_B : -90.651688
[setup in-reg] rst_n -> _113048_/RESET_B : -90.651688
[setup in-reg] rst_n -> _113049_/RESET_B : -90.651688
[setup in-reg] rst_n -> _113050_/RESET_B : -90.651688
[setup in-reg] rst_n -> _113051_/RESET_B : -90.651688
[setup in-reg] rst_n -> _113052_/RESET_B : -90.651688
[setup in-reg] rst_n -> _113053_/RESET_B : -90.651688
[setup in-reg] rst_n -> _113054_/RESET_B : -90.651688
[setup in-reg] rst_n -> _113055_/RESET_B : -90.651688
[setup in-reg] rst_n -> _113056_/RESET_B : -90.651688
[setup in-reg] rst_n -> _113057_/RESET_B : -90.651688
[setup in-reg] rst_n -> _113058_/RESET_B : -90.651688
[setup in-reg] rst_n -> _113059_/RESET_B : -90.651688
[setup in-reg] rst_n -> _113060_/RESET_B : -90.651688
[setup in-reg] rst_n -> _113061_/RESET_B : -90.651688
[setup in-reg] rst_n -> _113062_/RESET_B : -90.651688
[setup in-reg] rst_n -> _113063_/RESET_B : -90.651688
[setup in-reg] rst_n -> _113064_/RESET_B : -90.651688
[setup in-reg] rst_n -> _113065_/RESET_B : -90.651688
[setup in-reg] rst_n -> _113066_/RESET_B : -90.651688
[setup in-reg] rst_n -> _113067_/RESET_B : -90.651688
[setup in-reg] rst_n -> _113068_/RESET_B : -90.651688
[setup in-reg] rst_n -> _113069_/RESET_B : -90.651688
[setup in-reg] rst_n -> _113070_/RESET_B : -90.651688
[setup in-reg] rst_n -> _113071_/RESET_B : -90.651688
[setup in-reg] rst_n -> _113072_/RESET_B : -90.651688
[setup in-reg] rst_n -> _113073_/RESET_B : -90.651688
[setup in-reg] rst_n -> _113074_/RESET_B : -90.651688
[setup in-reg] rst_n -> _113075_/RESET_B : -90.651688
[setup in-reg] rst_n -> _113076_/RESET_B : -90.651688
[setup in-reg] rst_n -> _113077_/RESET_B : -90.651688
[setup in-reg] rst_n -> _113078_/RESET_B : -90.651688
[setup in-reg] rst_n -> _113079_/RESET_B : -90.651688
[setup in-reg] rst_n -> _113080_/RESET_B : -90.651688
[setup in-reg] rst_n -> _113081_/RESET_B : -90.651688
[setup in-reg] rst_n -> _113082_/RESET_B : -90.651688
[setup in-reg] rst_n -> _113083_/RESET_B : -90.651688
[setup in-reg] rst_n -> _113084_/RESET_B : -90.651688
[setup in-reg] rst_n -> _113085_/RESET_B : -90.651688
[setup in-reg] rst_n -> _113086_/RESET_B : -90.651688
[setup in-reg] rst_n -> _113087_/RESET_B : -90.651688
[setup in-reg] rst_n -> _113088_/RESET_B : -90.651688
[setup in-reg] rst_n -> _113089_/RESET_B : -90.651688
[setup in-reg] rst_n -> _113090_/RESET_B : -90.651688
[setup in-reg] rst_n -> _113091_/RESET_B : -90.651688
[setup in-reg] rst_n -> _113092_/RESET_B : -90.651688
[setup in-reg] rst_n -> _113093_/RESET_B : -90.651688
[setup in-reg] rst_n -> _113094_/RESET_B : -90.651688
[setup in-reg] rst_n -> _113095_/RESET_B : -90.651688
[setup in-reg] rst_n -> _113096_/RESET_B : -90.651688
[setup in-reg] rst_n -> _113097_/RESET_B : -90.651688
[setup in-reg] rst_n -> _113098_/RESET_B : -90.651688
[setup in-reg] rst_n -> _113099_/RESET_B : -90.651688
[setup in-reg] rst_n -> _113100_/RESET_B : -90.651688
[setup in-reg] rst_n -> _113101_/RESET_B : -90.651688
[setup in-reg] rst_n -> _113102_/RESET_B : -90.651688
[setup in-reg] rst_n -> _113103_/RESET_B : -90.651688
[setup in-reg] rst_n -> _113104_/RESET_B : -90.651688
[setup in-reg] rst_n -> _113105_/RESET_B : -90.651688
[setup in-reg] rst_n -> _113106_/RESET_B : -90.651688
[setup in-reg] rst_n -> _113107_/RESET_B : -90.651688
[setup in-reg] rst_n -> _113108_/RESET_B : -90.651688
[setup in-reg] rst_n -> _113109_/RESET_B : -90.651688
[setup in-reg] rst_n -> _113110_/RESET_B : -90.651688
[setup in-reg] rst_n -> _113111_/RESET_B : -90.651688
[setup in-reg] rst_n -> _113112_/RESET_B : -90.651688
[setup in-reg] rst_n -> _113113_/RESET_B : -90.651688
[setup in-reg] rst_n -> _113114_/RESET_B : -90.651688
[setup in-reg] rst_n -> _113115_/RESET_B : -90.651688
[setup in-reg] rst_n -> _113116_/RESET_B : -90.651688
[setup in-reg] rst_n -> _113117_/RESET_B : -90.651688
[setup in-reg] rst_n -> _113118_/RESET_B : -90.651688
[setup in-reg] rst_n -> _113119_/RESET_B : -90.651688
[setup in-reg] rst_n -> _113120_/RESET_B : -90.651688
[setup in-reg] rst_n -> _113121_/RESET_B : -90.651688
[setup in-reg] rst_n -> _113122_/RESET_B : -90.651688
[setup in-reg] rst_n -> _113123_/RESET_B : -90.651688
[setup in-reg] rst_n -> _113124_/RESET_B : -90.651688
[setup in-reg] rst_n -> _113125_/RESET_B : -90.651688
[setup in-reg] rst_n -> _113126_/RESET_B : -90.651688
[setup in-reg] rst_n -> _113127_/RESET_B : -90.651688
[setup in-reg] rst_n -> _113128_/RESET_B : -90.651688
[setup in-reg] rst_n -> _113129_/RESET_B : -90.651688
[setup in-reg] rst_n -> _113130_/RESET_B : -90.651688
[setup in-reg] rst_n -> _113131_/RESET_B : -90.651688
[setup in-reg] rst_n -> _113132_/RESET_B : -90.651688
[setup in-reg] rst_n -> _113133_/RESET_B : -90.651688
[setup in-reg] rst_n -> _113134_/RESET_B : -90.651688
[setup in-reg] rst_n -> _113135_/RESET_B : -90.651688
[setup in-reg] rst_n -> _113136_/RESET_B : -90.651688
[setup in-reg] rst_n -> _113137_/RESET_B : -90.651688
[setup in-reg] rst_n -> _113138_/RESET_B : -90.651688
[setup in-reg] rst_n -> _113139_/RESET_B : -90.651688
[setup in-reg] rst_n -> _113140_/RESET_B : -90.651688
[setup in-reg] rst_n -> _113141_/RESET_B : -90.651688
[setup in-reg] rst_n -> _113142_/RESET_B : -90.651688
[setup in-reg] rst_n -> _113143_/RESET_B : -90.651688
[setup in-reg] rst_n -> _113144_/RESET_B : -90.651688
[setup in-reg] rst_n -> _113145_/RESET_B : -90.651688
[setup in-reg] rst_n -> _113146_/RESET_B : -90.651688
[setup in-reg] rst_n -> _113147_/RESET_B : -90.651688
[setup in-reg] rst_n -> _113148_/RESET_B : -90.651688
[setup in-reg] rst_n -> _113149_/RESET_B : -90.651688
[setup in-reg] rst_n -> _113150_/RESET_B : -90.651688
[setup in-reg] rst_n -> _113151_/RESET_B : -90.651688
[setup in-reg] rst_n -> _113152_/RESET_B : -90.651688
[setup in-reg] rst_n -> _113153_/RESET_B : -90.651688
[setup in-reg] rst_n -> _113154_/RESET_B : -90.651688
[setup in-reg] rst_n -> _113155_/RESET_B : -90.651688
[setup in-reg] rst_n -> _113156_/RESET_B : -90.651688
[setup in-reg] rst_n -> _113157_/RESET_B : -90.651688
[setup in-reg] rst_n -> _113158_/RESET_B : -90.651688
[setup in-reg] rst_n -> _113159_/RESET_B : -90.651688
[setup in-reg] rst_n -> _113160_/RESET_B : -90.651688
[setup in-reg] rst_n -> _113161_/RESET_B : -90.651688
[setup in-reg] rst_n -> _113162_/RESET_B : -90.651688
[setup in-reg] rst_n -> _113163_/RESET_B : -90.651688
[setup in-reg] rst_n -> _113164_/RESET_B : -90.651688
[setup in-reg] rst_n -> _113165_/RESET_B : -90.651688
[setup in-reg] rst_n -> _113166_/RESET_B : -90.651688
[setup in-reg] rst_n -> _113167_/RESET_B : -90.651688
[setup in-reg] rst_n -> _113168_/RESET_B : -90.651688
[setup in-reg] rst_n -> _113169_/RESET_B : -90.651688
[setup in-reg] rst_n -> _113170_/RESET_B : -90.651688
[setup in-reg] rst_n -> _113171_/RESET_B : -90.651688
[setup in-reg] rst_n -> _113172_/RESET_B : -90.651688
[setup in-reg] rst_n -> _113173_/RESET_B : -90.651688
[setup in-reg] rst_n -> _113174_/RESET_B : -90.651688
[setup in-reg] rst_n -> _113175_/RESET_B : -90.651688
[setup in-reg] rst_n -> _113176_/RESET_B : -90.651688
[setup in-reg] rst_n -> _113177_/RESET_B : -90.651688
[setup in-reg] rst_n -> _113178_/RESET_B : -90.651688
[setup in-reg] rst_n -> _113179_/RESET_B : -90.651688
[setup in-reg] rst_n -> _113180_/RESET_B : -90.651688
[setup in-reg] rst_n -> _113181_/RESET_B : -90.651688
[setup in-reg] rst_n -> _113182_/RESET_B : -90.651688
[setup in-reg] rst_n -> _113183_/RESET_B : -90.651688
[setup in-reg] rst_n -> _113184_/RESET_B : -90.651688
[setup in-reg] rst_n -> _113185_/RESET_B : -90.651688
[setup in-reg] rst_n -> _113186_/RESET_B : -90.651688
[setup in-reg] rst_n -> _113187_/RESET_B : -90.651688
[setup in-reg] rst_n -> _113188_/RESET_B : -90.651688
[setup in-reg] rst_n -> _113189_/RESET_B : -90.651688
[setup in-reg] rst_n -> _113190_/RESET_B : -90.651688
[setup in-reg] rst_n -> _113191_/RESET_B : -90.651688
[setup in-reg] rst_n -> _113192_/RESET_B : -90.651688
[setup in-reg] rst_n -> _113193_/RESET_B : -90.651688
[setup in-reg] rst_n -> _113194_/RESET_B : -90.651688
[setup in-reg] rst_n -> _113195_/RESET_B : -90.651688
[setup in-reg] rst_n -> _113196_/RESET_B : -90.651688
[setup in-reg] rst_n -> _113197_/RESET_B : -90.651688
[setup in-reg] rst_n -> _113198_/RESET_B : -90.651688
[setup in-reg] rst_n -> _113199_/RESET_B : -90.651688
[setup in-reg] rst_n -> _113200_/RESET_B : -90.651688
[setup in-reg] rst_n -> _113201_/RESET_B : -90.651688
[setup in-reg] rst_n -> _113202_/RESET_B : -90.651688
[setup in-reg] rst_n -> _113203_/RESET_B : -90.651688
[setup in-reg] rst_n -> _113204_/RESET_B : -90.651688
[setup in-reg] rst_n -> _113205_/RESET_B : -90.651688
[setup in-reg] rst_n -> _113206_/RESET_B : -90.651688
[setup in-reg] rst_n -> _113207_/RESET_B : -90.651688
[setup in-reg] rst_n -> _113208_/RESET_B : -90.651688
[setup in-reg] rst_n -> _113209_/RESET_B : -90.651688
[setup in-reg] rst_n -> _113210_/RESET_B : -90.651688
[setup in-reg] rst_n -> _113211_/RESET_B : -90.651688
[setup in-reg] rst_n -> _113212_/RESET_B : -90.651688
[setup in-reg] rst_n -> _113213_/RESET_B : -90.651688
[setup in-reg] rst_n -> _113214_/RESET_B : -90.651688
[setup in-reg] rst_n -> _113215_/RESET_B : -90.651688
[setup in-reg] rst_n -> _113216_/RESET_B : -90.651688
[setup in-reg] rst_n -> _113217_/RESET_B : -90.651688
[setup in-reg] rst_n -> _113218_/RESET_B : -90.651688
[setup in-reg] rst_n -> _113219_/RESET_B : -90.651688
[setup in-reg] rst_n -> _113220_/RESET_B : -90.651688
[setup in-reg] rst_n -> _113221_/RESET_B : -90.651688
[setup in-reg] rst_n -> _113222_/RESET_B : -90.651688
[setup in-reg] rst_n -> _113223_/RESET_B : -90.651688
[setup in-reg] rst_n -> _113224_/RESET_B : -90.651688
[setup in-reg] rst_n -> _113225_/RESET_B : -90.651688
[setup in-reg] rst_n -> _113226_/RESET_B : -90.651688
[setup in-reg] rst_n -> _113227_/RESET_B : -90.651688
[setup in-reg] rst_n -> _113228_/RESET_B : -90.651688
[setup in-reg] rst_n -> _113229_/RESET_B : -90.651688
[setup in-reg] rst_n -> _113230_/RESET_B : -90.651688
[setup in-reg] rst_n -> _113231_/RESET_B : -90.651688
[setup in-reg] rst_n -> _113232_/RESET_B : -90.651688
[setup in-reg] rst_n -> _113233_/RESET_B : -90.651688
[setup in-reg] rst_n -> _113234_/RESET_B : -90.651688
[setup in-reg] rst_n -> _113235_/RESET_B : -90.651688
[setup in-reg] rst_n -> _113236_/RESET_B : -90.651688
[setup in-reg] rst_n -> _113237_/RESET_B : -90.651688
[setup in-reg] rst_n -> _113238_/RESET_B : -90.651688
[setup in-reg] rst_n -> _113239_/RESET_B : -90.651688
[setup in-reg] rst_n -> _113240_/RESET_B : -90.651688
[setup in-reg] rst_n -> _113241_/RESET_B : -90.651688
[setup in-reg] rst_n -> _113242_/RESET_B : -90.651688
[setup in-reg] rst_n -> _113243_/RESET_B : -90.651688
[setup in-reg] rst_n -> _113244_/RESET_B : -90.651688
[setup in-reg] rst_n -> _113245_/RESET_B : -90.651688
[setup in-reg] rst_n -> _113246_/RESET_B : -90.651688
[setup in-reg] rst_n -> _113247_/RESET_B : -90.651688
[setup in-reg] rst_n -> _113248_/RESET_B : -90.651688
[setup in-reg] rst_n -> _113249_/RESET_B : -90.651688
[setup in-reg] rst_n -> _113250_/RESET_B : -90.651688
[setup in-reg] rst_n -> _113251_/RESET_B : -90.651688
[setup in-reg] rst_n -> _113252_/RESET_B : -90.651688
[setup in-reg] rst_n -> _113253_/RESET_B : -90.651688
[setup in-reg] rst_n -> _113254_/RESET_B : -90.651688
[setup in-reg] rst_n -> _113255_/RESET_B : -90.651688
[setup in-reg] rst_n -> _113256_/RESET_B : -90.651688
[setup in-reg] rst_n -> _113257_/RESET_B : -90.651688
[setup in-reg] rst_n -> _113258_/RESET_B : -90.651688
[setup in-reg] rst_n -> _113259_/RESET_B : -90.651688
[setup in-reg] rst_n -> _113260_/RESET_B : -90.651688
[setup in-reg] rst_n -> _113261_/RESET_B : -90.651688
[setup in-reg] rst_n -> _113262_/RESET_B : -90.651688
[setup in-reg] rst_n -> _113263_/RESET_B : -90.651688
[setup in-reg] rst_n -> _113264_/RESET_B : -90.651688
[setup in-reg] rst_n -> _113265_/RESET_B : -90.651688
[setup in-reg] rst_n -> _113266_/RESET_B : -90.651688
[setup in-reg] rst_n -> _113267_/RESET_B : -90.651688
[setup in-reg] rst_n -> _113268_/RESET_B : -90.651688
[setup in-reg] rst_n -> _113269_/RESET_B : -90.651688
[setup in-reg] rst_n -> _113270_/RESET_B : -90.651688
[setup in-reg] rst_n -> _113271_/RESET_B : -90.651688
[setup in-reg] rst_n -> _113272_/RESET_B : -90.651688
[setup in-reg] rst_n -> _113273_/RESET_B : -90.651688
[setup in-reg] rst_n -> _113274_/RESET_B : -90.651688
[setup in-reg] rst_n -> _113275_/RESET_B : -90.651688
[setup in-reg] rst_n -> _113276_/RESET_B : -90.651688
[setup in-reg] rst_n -> _113277_/RESET_B : -90.651688
[setup in-reg] rst_n -> _113278_/RESET_B : -90.651688
[setup in-reg] rst_n -> _113279_/RESET_B : -90.651688
[setup in-reg] rst_n -> _113280_/RESET_B : -90.651688
[setup in-reg] rst_n -> _113281_/RESET_B : -90.651688
[setup in-reg] rst_n -> _113282_/RESET_B : -90.651688
[setup in-reg] rst_n -> _113283_/RESET_B : -90.651688
[setup in-reg] rst_n -> _113284_/RESET_B : -90.651688
[setup in-reg] rst_n -> _113285_/RESET_B : -90.651688
[setup in-reg] rst_n -> _113286_/RESET_B : -90.651688
[setup in-reg] rst_n -> _113287_/RESET_B : -90.651688
[setup in-reg] rst_n -> _113288_/RESET_B : -90.651688
[setup in-reg] rst_n -> _113289_/RESET_B : -90.651688
[setup in-reg] rst_n -> _113290_/RESET_B : -90.651688
[setup in-reg] rst_n -> _113291_/RESET_B : -90.651688
[setup in-reg] rst_n -> _113292_/RESET_B : -90.651688
[setup in-reg] rst_n -> _113293_/RESET_B : -90.651688
[setup in-reg] rst_n -> _113294_/RESET_B : -90.651688
[setup in-reg] rst_n -> _113295_/RESET_B : -90.651688
[setup in-reg] rst_n -> _113296_/RESET_B : -90.651688
[setup in-reg] rst_n -> _113297_/RESET_B : -90.651688
[setup in-reg] rst_n -> _113298_/RESET_B : -90.651688
[setup in-reg] rst_n -> _113299_/RESET_B : -90.651688
[setup in-reg] rst_n -> _113300_/RESET_B : -90.651688
[setup in-reg] rst_n -> _113301_/RESET_B : -90.651688
[setup in-reg] rst_n -> _113302_/RESET_B : -90.651688
[setup in-reg] rst_n -> _113303_/RESET_B : -90.651688
[setup in-reg] rst_n -> _113304_/RESET_B : -90.651688
[setup in-reg] rst_n -> _113305_/RESET_B : -90.651688
[setup in-reg] rst_n -> _113306_/RESET_B : -90.651688
[setup in-reg] rst_n -> _113307_/RESET_B : -90.651688
[setup in-reg] rst_n -> _113308_/RESET_B : -90.651688
[setup in-reg] rst_n -> _113309_/RESET_B : -90.651688
[setup in-reg] rst_n -> _113310_/RESET_B : -90.651688
[setup in-reg] rst_n -> _113311_/RESET_B : -90.651688
[setup in-reg] rst_n -> _113312_/RESET_B : -90.651688
[setup in-reg] rst_n -> _113313_/RESET_B : -90.651688
[setup in-reg] rst_n -> _113314_/RESET_B : -90.651688
[setup in-reg] rst_n -> _113315_/RESET_B : -90.651688
[setup in-reg] rst_n -> _113316_/RESET_B : -90.651688
[setup in-reg] rst_n -> _113317_/RESET_B : -90.651688
[setup in-reg] rst_n -> _113318_/RESET_B : -90.651688
[setup in-reg] rst_n -> _113319_/RESET_B : -90.651688
[setup in-reg] rst_n -> _113320_/RESET_B : -90.651688
[setup in-reg] rst_n -> _113321_/RESET_B : -90.651688
[setup in-reg] rst_n -> _113322_/RESET_B : -90.651688
[setup in-reg] rst_n -> _113323_/RESET_B : -90.651688
[setup in-reg] rst_n -> _113324_/RESET_B : -90.651688
[setup in-reg] rst_n -> _113325_/RESET_B : -90.651688
[setup in-reg] rst_n -> _113326_/RESET_B : -90.651688
[setup in-reg] rst_n -> _113327_/RESET_B : -90.651688
[setup in-reg] rst_n -> _113328_/RESET_B : -90.651688
[setup in-reg] rst_n -> _113329_/RESET_B : -90.651688
[setup in-reg] rst_n -> _113330_/RESET_B : -90.651688
[setup in-reg] rst_n -> _113331_/RESET_B : -90.651688
[setup in-reg] rst_n -> _113332_/RESET_B : -90.651688
[setup in-reg] rst_n -> _113333_/RESET_B : -90.651688
[setup in-reg] rst_n -> _113334_/RESET_B : -90.651688
[setup in-reg] rst_n -> _113335_/RESET_B : -90.651688
[setup in-reg] rst_n -> _113336_/RESET_B : -90.651688
[setup in-reg] rst_n -> _113337_/RESET_B : -90.651688
[setup in-reg] rst_n -> _113338_/RESET_B : -90.651688
[setup in-reg] rst_n -> _113339_/RESET_B : -90.651688
[setup in-reg] rst_n -> _113340_/RESET_B : -90.651688
[setup in-reg] rst_n -> _113341_/RESET_B : -90.651688
[setup in-reg] rst_n -> _113342_/RESET_B : -90.651688
[setup in-reg] rst_n -> _113343_/RESET_B : -90.651688
[setup in-reg] rst_n -> _113344_/RESET_B : -90.651688
[setup in-reg] rst_n -> _113345_/RESET_B : -90.651688
[setup in-reg] rst_n -> _113346_/RESET_B : -90.651688
[setup in-reg] rst_n -> _113347_/RESET_B : -90.651688
[setup in-reg] rst_n -> _113348_/RESET_B : -90.651688
[setup in-reg] rst_n -> _113349_/RESET_B : -90.651688
[setup in-reg] rst_n -> _113350_/RESET_B : -90.651688
[setup in-reg] rst_n -> _113351_/RESET_B : -90.651688
[setup in-reg] rst_n -> _113352_/RESET_B : -90.651688
[setup in-reg] rst_n -> _113353_/RESET_B : -90.651688
[setup in-reg] rst_n -> _113354_/RESET_B : -90.651688
[setup in-reg] rst_n -> _113355_/RESET_B : -90.651688
[setup in-reg] rst_n -> _113356_/RESET_B : -90.651688
[setup in-reg] rst_n -> _113357_/RESET_B : -90.651688
[setup in-reg] rst_n -> _113358_/RESET_B : -90.651688
[setup in-reg] rst_n -> _113359_/RESET_B : -90.651688
[setup in-reg] rst_n -> _113360_/RESET_B : -90.651688
[setup in-reg] rst_n -> _113361_/RESET_B : -90.651688
[setup in-reg] rst_n -> _113362_/RESET_B : -90.651688
[setup in-reg] rst_n -> _113363_/RESET_B : -90.651688
[setup in-reg] rst_n -> _113364_/RESET_B : -90.651688
[setup in-reg] rst_n -> _113365_/RESET_B : -90.651688
[setup in-reg] rst_n -> _113366_/RESET_B : -90.651688
[setup in-reg] rst_n -> _113367_/RESET_B : -90.651688
[setup in-reg] rst_n -> _113368_/RESET_B : -90.651688
[setup in-reg] rst_n -> _113369_/RESET_B : -90.651688
[setup in-reg] rst_n -> _113370_/RESET_B : -90.651688
[setup in-reg] rst_n -> _113371_/RESET_B : -90.651688
[setup in-reg] rst_n -> _113372_/RESET_B : -90.651688
[setup in-reg] rst_n -> _113373_/RESET_B : -90.651688
[setup in-reg] rst_n -> _113374_/RESET_B : -90.651688
[setup in-reg] rst_n -> _113375_/RESET_B : -90.651688
[setup in-reg] rst_n -> _113376_/RESET_B : -90.651688
[setup in-reg] rst_n -> _113377_/RESET_B : -90.651688
[setup in-reg] rst_n -> _113378_/RESET_B : -90.651688
[setup in-reg] rst_n -> _113379_/RESET_B : -90.651688
[setup in-reg] rst_n -> _113380_/RESET_B : -90.651688
[setup in-reg] rst_n -> _113381_/RESET_B : -90.651688
[setup in-reg] rst_n -> _113382_/RESET_B : -90.651688
[setup in-reg] rst_n -> _113383_/RESET_B : -90.651688
[setup in-reg] rst_n -> _113384_/RESET_B : -90.651688
[setup in-reg] rst_n -> _113385_/RESET_B : -90.651688
[setup in-reg] rst_n -> _113386_/RESET_B : -90.651688
[setup in-reg] rst_n -> _113387_/RESET_B : -90.651688
[setup in-reg] rst_n -> _113388_/RESET_B : -90.651688
[setup in-reg] rst_n -> _113389_/RESET_B : -90.651688
[setup in-reg] rst_n -> _113390_/RESET_B : -90.651688
[setup in-reg] rst_n -> _113391_/RESET_B : -90.651688
[setup in-reg] rst_n -> _113392_/RESET_B : -90.651688
[setup in-reg] rst_n -> _113393_/RESET_B : -90.651688
[setup in-reg] rst_n -> _113394_/RESET_B : -90.651688
[setup in-reg] rst_n -> _113395_/RESET_B : -90.651688
[setup in-reg] rst_n -> _113396_/RESET_B : -90.651688
[setup in-reg] rst_n -> _113397_/RESET_B : -90.651688
[setup in-reg] rst_n -> _113398_/RESET_B : -90.651688
[setup in-reg] rst_n -> _113399_/RESET_B : -90.651688
[setup in-reg] rst_n -> _113400_/RESET_B : -90.651688
[setup in-reg] rst_n -> _113401_/RESET_B : -90.651688
[setup in-reg] rst_n -> _113402_/RESET_B : -90.651688
[setup in-reg] rst_n -> _113403_/RESET_B : -90.651688
[setup in-reg] rst_n -> _113404_/RESET_B : -90.651688
[setup in-reg] rst_n -> _113405_/RESET_B : -90.651688
[setup in-reg] rst_n -> _113406_/RESET_B : -90.651688
[setup in-reg] rst_n -> _113407_/RESET_B : -90.651688
[setup in-reg] rst_n -> _113408_/RESET_B : -90.651688
[setup in-reg] rst_n -> _113409_/RESET_B : -90.651688
[setup in-reg] rst_n -> _113410_/RESET_B : -90.651688
[setup in-reg] rst_n -> _113411_/RESET_B : -90.651688
[setup in-reg] rst_n -> _113412_/RESET_B : -90.651688
[setup in-reg] rst_n -> _113413_/RESET_B : -90.651688
[setup in-reg] rst_n -> _113414_/RESET_B : -90.651688
[setup in-reg] rst_n -> _113415_/RESET_B : -90.651688
[setup in-reg] rst_n -> _113416_/RESET_B : -90.651688
[setup in-reg] rst_n -> _113417_/RESET_B : -90.651688
[setup in-reg] rst_n -> _113418_/RESET_B : -90.651688
[setup in-reg] rst_n -> _113419_/RESET_B : -90.651688
[setup in-reg] rst_n -> _113420_/RESET_B : -90.651688
[setup in-reg] rst_n -> _113421_/RESET_B : -90.651688
[setup in-reg] rst_n -> _113422_/RESET_B : -90.651688
[setup in-reg] rst_n -> _113423_/RESET_B : -90.651688
[setup in-reg] rst_n -> _113424_/RESET_B : -90.651688
[setup in-reg] rst_n -> _113425_/RESET_B : -90.651688
[setup in-reg] rst_n -> _113426_/RESET_B : -90.651688
[setup in-reg] rst_n -> _113427_/RESET_B : -90.651688
[setup in-reg] rst_n -> _113428_/RESET_B : -90.651688
[setup in-reg] rst_n -> _113429_/RESET_B : -90.651688
[setup in-reg] rst_n -> _113430_/RESET_B : -90.651688
[setup in-reg] rst_n -> _113431_/RESET_B : -90.651688
[setup in-reg] rst_n -> _113432_/RESET_B : -90.651688
[setup in-reg] rst_n -> _113433_/RESET_B : -90.651688
[setup in-reg] rst_n -> _113434_/RESET_B : -90.651688
[setup in-reg] rst_n -> _113435_/RESET_B : -90.651688
[setup in-reg] rst_n -> _113436_/RESET_B : -90.651688
[setup in-reg] rst_n -> _113437_/RESET_B : -90.651688
[setup in-reg] rst_n -> _113438_/RESET_B : -90.651688
[setup in-reg] rst_n -> _113439_/RESET_B : -90.651688
[setup in-reg] rst_n -> _113440_/RESET_B : -90.651688
[setup in-reg] rst_n -> _113441_/RESET_B : -90.651688
[setup in-reg] rst_n -> _113442_/RESET_B : -90.651688
[setup in-reg] rst_n -> _113443_/RESET_B : -90.651688
[setup in-reg] rst_n -> _113444_/RESET_B : -90.651688
[setup in-reg] rst_n -> _113445_/RESET_B : -90.651688
[setup in-reg] rst_n -> _113446_/RESET_B : -90.651688
[setup in-reg] rst_n -> _113447_/RESET_B : -90.651688
[setup in-reg] rst_n -> _113448_/RESET_B : -90.651688
[setup in-reg] rst_n -> _113449_/RESET_B : -90.651688
[setup in-reg] rst_n -> _113450_/RESET_B : -90.651688
[setup in-reg] rst_n -> _113451_/RESET_B : -90.651688
[setup in-reg] rst_n -> _113452_/RESET_B : -90.651688
[setup in-reg] rst_n -> _113453_/RESET_B : -90.651688
[setup in-reg] rst_n -> _113454_/RESET_B : -90.651688
[setup in-reg] rst_n -> _113455_/RESET_B : -90.651688
[setup in-reg] rst_n -> _113456_/RESET_B : -90.651688
[setup in-reg] rst_n -> _113457_/RESET_B : -90.651688
[setup in-reg] rst_n -> _113458_/RESET_B : -90.651688
[setup in-reg] rst_n -> _113459_/RESET_B : -90.651688
[setup in-reg] rst_n -> _113460_/RESET_B : -90.651688
[setup in-reg] rst_n -> _113461_/RESET_B : -90.651688
[setup in-reg] rst_n -> _113462_/RESET_B : -90.651688
[setup in-reg] rst_n -> _113463_/RESET_B : -90.651688
[setup in-reg] rst_n -> _113464_/RESET_B : -90.651688
[setup in-reg] rst_n -> _113465_/RESET_B : -90.651688
[setup in-reg] rst_n -> _113466_/RESET_B : -90.651688
[setup in-reg] rst_n -> _113467_/RESET_B : -90.651688
[setup in-reg] rst_n -> _113468_/RESET_B : -90.651688
[setup in-reg] rst_n -> _113469_/RESET_B : -90.651688
[setup in-reg] rst_n -> _113470_/RESET_B : -90.651688
[setup in-reg] rst_n -> _113471_/RESET_B : -90.651688
[setup in-reg] rst_n -> _113472_/RESET_B : -90.651688
[setup in-reg] rst_n -> _113473_/RESET_B : -90.651688
[setup in-reg] rst_n -> _113474_/RESET_B : -90.651688
[setup in-reg] rst_n -> _113475_/RESET_B : -90.651688
[setup in-reg] rst_n -> _113476_/RESET_B : -90.651688
[setup in-reg] rst_n -> _113477_/RESET_B : -90.651688
[setup in-reg] rst_n -> _113478_/RESET_B : -90.651688
[setup in-reg] rst_n -> _113479_/RESET_B : -90.651688
[setup in-reg] rst_n -> _113480_/RESET_B : -90.651688
[setup in-reg] rst_n -> _113481_/RESET_B : -90.651688
[setup in-reg] rst_n -> _113482_/RESET_B : -90.651688
[setup in-reg] rst_n -> _113483_/RESET_B : -90.651688
[setup in-reg] rst_n -> _113484_/RESET_B : -90.651688
[setup in-reg] rst_n -> _113485_/RESET_B : -90.651688
[setup in-reg] rst_n -> _113486_/RESET_B : -90.651688
[setup in-reg] rst_n -> _113487_/RESET_B : -90.651688
[setup in-reg] rst_n -> _113488_/RESET_B : -90.651688
[setup in-reg] rst_n -> _113489_/RESET_B : -90.651688
[setup in-reg] rst_n -> _113490_/RESET_B : -90.651688
[setup in-reg] rst_n -> _113491_/RESET_B : -90.651688
[setup in-reg] rst_n -> _113492_/RESET_B : -90.651688
[setup in-reg] rst_n -> _113493_/RESET_B : -90.651688
[setup in-reg] rst_n -> _113494_/RESET_B : -90.651688
[setup in-reg] rst_n -> _113495_/RESET_B : -90.651688
[setup in-reg] rst_n -> _113496_/RESET_B : -90.651688
[setup in-reg] rst_n -> _113497_/RESET_B : -90.651688
[setup in-reg] rst_n -> _113498_/RESET_B : -90.651688
[setup in-reg] rst_n -> _113499_/RESET_B : -90.651688
[setup in-reg] rst_n -> _113500_/RESET_B : -90.651688
[setup in-reg] rst_n -> _113501_/RESET_B : -90.651688
[setup in-reg] rst_n -> _113502_/RESET_B : -90.651688
[setup in-reg] rst_n -> _113503_/RESET_B : -90.651688
[setup in-reg] rst_n -> _113504_/RESET_B : -90.651688
[setup in-reg] rst_n -> _113505_/RESET_B : -90.651688
[setup in-reg] rst_n -> _113506_/RESET_B : -90.651688
[setup in-reg] rst_n -> _113507_/RESET_B : -90.651688
[setup in-reg] rst_n -> _113508_/RESET_B : -90.651688
[setup in-reg] rst_n -> _113509_/RESET_B : -90.651688
[setup in-reg] rst_n -> _113510_/RESET_B : -90.651688
[setup in-reg] rst_n -> _113511_/RESET_B : -90.651688
[setup in-reg] rst_n -> _113512_/RESET_B : -90.651688
[setup in-reg] rst_n -> _113513_/RESET_B : -90.651688
[setup in-reg] rst_n -> _113514_/RESET_B : -90.651688
[setup in-reg] rst_n -> _113515_/RESET_B : -90.651688
[setup in-reg] rst_n -> _113516_/RESET_B : -90.651688
[setup in-reg] rst_n -> _113517_/RESET_B : -90.651688
[setup in-reg] rst_n -> _113518_/RESET_B : -90.651688
[setup in-reg] rst_n -> _113519_/RESET_B : -90.651688
[setup in-reg] rst_n -> _113520_/RESET_B : -90.651688
[setup in-reg] rst_n -> _113521_/RESET_B : -90.651688
[setup in-reg] rst_n -> _113522_/RESET_B : -90.651688
[setup in-reg] rst_n -> _113523_/RESET_B : -90.651688
[setup in-reg] rst_n -> _113524_/RESET_B : -90.651688
[setup in-reg] rst_n -> _113525_/RESET_B : -90.651688
[setup in-reg] rst_n -> _113526_/RESET_B : -90.651688
[setup in-reg] rst_n -> _113527_/RESET_B : -90.651688
[setup in-reg] rst_n -> _113528_/RESET_B : -90.651688
[setup in-reg] rst_n -> _113529_/RESET_B : -90.651688
[setup in-reg] rst_n -> _113530_/RESET_B : -90.651688
[setup in-reg] rst_n -> _113531_/RESET_B : -90.651688
[setup in-reg] rst_n -> _113532_/RESET_B : -90.651688
[setup in-reg] rst_n -> _113533_/RESET_B : -90.651688
[setup in-reg] rst_n -> _113534_/RESET_B : -90.651688
[setup in-reg] rst_n -> _113535_/RESET_B : -90.651688
[setup in-reg] rst_n -> _113536_/RESET_B : -90.651688
[setup in-reg] rst_n -> _113537_/RESET_B : -90.651688
[setup in-reg] rst_n -> _113538_/RESET_B : -90.651688
[setup in-reg] rst_n -> _113539_/RESET_B : -90.651688
[setup in-reg] rst_n -> _113540_/RESET_B : -90.651688
[setup in-reg] rst_n -> _113541_/RESET_B : -90.651688
[setup in-reg] rst_n -> _113542_/RESET_B : -90.651688
[setup in-reg] rst_n -> _113543_/RESET_B : -90.651688
[setup in-reg] rst_n -> _113544_/RESET_B : -90.651688
[setup in-reg] rst_n -> _113545_/RESET_B : -90.651688
[setup in-reg] rst_n -> _113546_/RESET_B : -90.651688
[setup in-reg] rst_n -> _113547_/RESET_B : -90.651688
[setup in-reg] rst_n -> _113548_/RESET_B : -90.651688
[setup in-reg] rst_n -> _113549_/RESET_B : -90.651688
[setup in-reg] rst_n -> _113550_/RESET_B : -90.651688
[setup in-reg] rst_n -> _113551_/RESET_B : -90.651688
[setup in-reg] rst_n -> _113552_/RESET_B : -90.651688
[setup in-reg] rst_n -> _113553_/RESET_B : -90.651688
[setup in-reg] rst_n -> _113554_/RESET_B : -90.651688
[setup in-reg] rst_n -> _113555_/RESET_B : -90.651688
[setup in-reg] rst_n -> _113556_/RESET_B : -90.651688
[setup in-reg] rst_n -> _113557_/RESET_B : -90.651688
[setup in-reg] rst_n -> _113558_/RESET_B : -90.651688
[setup in-reg] rst_n -> _113559_/RESET_B : -90.651688
[setup in-reg] rst_n -> _113560_/RESET_B : -90.651688
[setup in-reg] rst_n -> _113561_/RESET_B : -90.651688
[setup in-reg] rst_n -> _113562_/RESET_B : -90.651688
[setup in-reg] rst_n -> _113563_/RESET_B : -90.651688
[setup in-reg] rst_n -> _113564_/RESET_B : -90.651688
[setup in-reg] rst_n -> _113565_/RESET_B : -90.651688
[setup in-reg] rst_n -> _113566_/RESET_B : -90.651688
[setup in-reg] rst_n -> _113567_/RESET_B : -90.651688
[setup in-reg] rst_n -> _113568_/RESET_B : -90.651688
[setup in-reg] rst_n -> _113569_/RESET_B : -90.651688
[setup in-reg] rst_n -> _113570_/RESET_B : -90.651688
[setup in-reg] rst_n -> _113571_/RESET_B : -90.651688
[setup in-reg] rst_n -> _113572_/RESET_B : -90.651688
[setup in-reg] rst_n -> _113573_/RESET_B : -90.651688
[setup in-reg] rst_n -> _113574_/RESET_B : -90.651688
[setup in-reg] rst_n -> _113575_/RESET_B : -90.651688
[setup in-reg] rst_n -> _113576_/RESET_B : -90.651688
[setup in-reg] rst_n -> _113577_/RESET_B : -90.651688
[setup in-reg] rst_n -> _113578_/RESET_B : -90.651688
[setup in-reg] rst_n -> _113579_/RESET_B : -90.651688
[setup in-reg] rst_n -> _113580_/RESET_B : -90.651688
[setup in-reg] rst_n -> _113581_/RESET_B : -90.651688
[setup in-reg] rst_n -> _113582_/RESET_B : -90.651688
[setup in-reg] rst_n -> _113583_/RESET_B : -90.651688
[setup in-reg] rst_n -> _113584_/RESET_B : -90.651688
[setup in-reg] rst_n -> _113585_/RESET_B : -90.651688
[setup in-reg] rst_n -> _113586_/RESET_B : -90.651688
[setup in-reg] rst_n -> _113587_/RESET_B : -90.651688
[setup in-reg] rst_n -> _113588_/RESET_B : -90.651688
[setup in-reg] rst_n -> _113589_/RESET_B : -90.651688
[setup in-reg] rst_n -> _113590_/RESET_B : -90.651688
[setup in-reg] rst_n -> _113591_/RESET_B : -90.651688
[setup in-reg] rst_n -> _113592_/RESET_B : -90.651688
[setup in-reg] rst_n -> _113593_/RESET_B : -90.651688
[setup in-reg] rst_n -> _113594_/RESET_B : -90.651688
[setup in-reg] rst_n -> _113595_/RESET_B : -90.651688
[setup in-reg] rst_n -> _113596_/RESET_B : -90.651688
[setup in-reg] rst_n -> _113597_/RESET_B : -90.651688
[setup in-reg] rst_n -> _113598_/RESET_B : -90.651688
[setup in-reg] rst_n -> _113599_/RESET_B : -90.651688
[setup in-reg] rst_n -> _113600_/RESET_B : -90.651688
[setup in-reg] rst_n -> _113601_/RESET_B : -90.651688
[setup in-reg] rst_n -> _113602_/RESET_B : -90.651688
[setup in-reg] rst_n -> _113603_/RESET_B : -90.651688
[setup in-reg] rst_n -> _113604_/RESET_B : -90.651688
[setup in-reg] rst_n -> _113605_/RESET_B : -90.651688
[setup in-reg] rst_n -> _113606_/RESET_B : -90.651688
[setup in-reg] rst_n -> _113607_/RESET_B : -90.651688
[setup in-reg] rst_n -> _113608_/RESET_B : -90.651688
[setup in-reg] rst_n -> _113609_/RESET_B : -90.651688
[setup in-reg] rst_n -> _113610_/RESET_B : -90.651688
[setup in-reg] rst_n -> _113611_/RESET_B : -90.651688
[setup in-reg] rst_n -> _113612_/RESET_B : -90.651688
[setup in-reg] rst_n -> _113613_/RESET_B : -90.651688
[setup in-reg] rst_n -> _113614_/RESET_B : -90.651688
[setup in-reg] rst_n -> _113615_/RESET_B : -90.651688
[setup in-reg] rst_n -> _113616_/RESET_B : -90.651688
[setup in-reg] rst_n -> _113617_/RESET_B : -90.651688
[setup in-reg] rst_n -> _113618_/RESET_B : -90.651688
[setup in-reg] rst_n -> _113619_/RESET_B : -90.651688
[setup in-reg] rst_n -> _113620_/RESET_B : -90.651688
[setup in-reg] rst_n -> _113621_/RESET_B : -90.651688
[setup in-reg] rst_n -> _113622_/RESET_B : -90.651688
[setup in-reg] rst_n -> _113623_/RESET_B : -90.651688
[setup in-reg] rst_n -> _113624_/RESET_B : -90.651688
[setup in-reg] rst_n -> _113625_/RESET_B : -90.651688
[setup in-reg] rst_n -> _113626_/RESET_B : -90.651688
[setup in-reg] rst_n -> _113627_/RESET_B : -90.651688
[setup in-reg] rst_n -> _113628_/RESET_B : -90.651688
[setup in-reg] rst_n -> _113629_/RESET_B : -90.651688
[setup in-reg] rst_n -> _113630_/RESET_B : -90.651688
[setup in-reg] rst_n -> _113631_/RESET_B : -90.651688
[setup in-reg] rst_n -> _113632_/RESET_B : -90.651688
[setup in-reg] rst_n -> _113633_/RESET_B : -90.651688
[setup in-reg] rst_n -> _113634_/RESET_B : -90.651688
[setup in-reg] rst_n -> _113635_/RESET_B : -90.651688
[setup in-reg] rst_n -> _113636_/RESET_B : -90.651688
[setup in-reg] rst_n -> _113637_/RESET_B : -90.651688
[setup in-reg] rst_n -> _113638_/RESET_B : -90.651688
[setup in-reg] rst_n -> _113639_/RESET_B : -90.651688
[setup in-reg] rst_n -> _113640_/RESET_B : -90.651688
[setup in-reg] rst_n -> _113641_/RESET_B : -90.651688
[setup in-reg] rst_n -> _113642_/RESET_B : -90.651688
[setup in-reg] rst_n -> _113643_/RESET_B : -90.651688
[setup in-reg] rst_n -> _113644_/RESET_B : -90.651688
[setup in-reg] rst_n -> _113645_/RESET_B : -90.651688
[setup in-reg] rst_n -> _113646_/RESET_B : -90.651688
[setup in-reg] rst_n -> _113647_/RESET_B : -90.651688
[setup in-reg] rst_n -> _113648_/RESET_B : -90.651688
[setup in-reg] rst_n -> _113649_/RESET_B : -90.651688
[setup in-reg] rst_n -> _113650_/RESET_B : -90.651688
[setup in-reg] rst_n -> _113651_/RESET_B : -90.651688
[setup in-reg] rst_n -> _113652_/RESET_B : -90.651688
[setup in-reg] rst_n -> _113653_/RESET_B : -90.651688
[setup in-reg] rst_n -> _113654_/RESET_B : -90.651688
[setup in-reg] rst_n -> _113655_/RESET_B : -90.651688
[setup in-reg] rst_n -> _113656_/RESET_B : -90.651688
[setup in-reg] rst_n -> _113657_/RESET_B : -90.651688
[setup in-reg] rst_n -> _113658_/RESET_B : -90.651688
[setup in-reg] rst_n -> _113659_/RESET_B : -90.651688
[setup in-reg] rst_n -> _113660_/RESET_B : -90.651688
[setup in-reg] rst_n -> _113661_/RESET_B : -90.651688
[setup in-reg] rst_n -> _113662_/RESET_B : -90.651688
[setup in-reg] rst_n -> _113663_/RESET_B : -90.651688
[setup in-reg] rst_n -> _113664_/RESET_B : -90.651688
[setup in-reg] rst_n -> _113665_/RESET_B : -90.651688
[setup in-reg] rst_n -> _113666_/RESET_B : -90.651688
[setup in-reg] rst_n -> _113667_/RESET_B : -90.651688
[setup in-reg] rst_n -> _113668_/RESET_B : -90.651688
[setup in-reg] rst_n -> _113669_/RESET_B : -90.651688
[setup in-reg] rst_n -> _113670_/RESET_B : -90.651688
[setup in-reg] rst_n -> _113671_/RESET_B : -90.651688
[setup in-reg] rst_n -> _113672_/RESET_B : -90.651688
[setup in-reg] rst_n -> _113673_/RESET_B : -90.651688
[setup in-reg] rst_n -> _113674_/RESET_B : -90.651688
[setup in-reg] rst_n -> _113675_/RESET_B : -90.651688
[setup in-reg] rst_n -> _113676_/RESET_B : -90.651688
[setup in-reg] rst_n -> _113677_/RESET_B : -90.651688
[setup in-reg] rst_n -> _113678_/RESET_B : -90.651688
[setup in-reg] rst_n -> _113679_/RESET_B : -90.651688
[setup in-reg] rst_n -> _113680_/RESET_B : -90.651688
[setup in-reg] rst_n -> _113681_/RESET_B : -90.651688
[setup in-reg] rst_n -> _113682_/RESET_B : -90.651688
[setup in-reg] rst_n -> _113683_/RESET_B : -90.651688
[setup in-reg] rst_n -> _113684_/RESET_B : -90.651688
[setup in-reg] rst_n -> _113685_/RESET_B : -90.651688
[setup in-reg] rst_n -> _113686_/RESET_B : -90.651688
[setup in-reg] rst_n -> _113687_/RESET_B : -90.651688
[setup in-reg] rst_n -> _113688_/RESET_B : -90.651688
[setup in-reg] rst_n -> _113689_/RESET_B : -90.651688
[setup in-reg] rst_n -> _113690_/RESET_B : -90.651688
[setup in-reg] rst_n -> _113691_/RESET_B : -90.651688
[setup in-reg] rst_n -> _113692_/RESET_B : -90.651688
[setup in-reg] rst_n -> _113693_/RESET_B : -90.651688
[setup in-reg] rst_n -> _113694_/RESET_B : -90.651688
[setup in-reg] rst_n -> _113695_/RESET_B : -90.651688
[setup in-reg] rst_n -> _113696_/RESET_B : -90.651688
[setup in-reg] rst_n -> _113697_/RESET_B : -90.651688
[setup in-reg] rst_n -> _113698_/RESET_B : -90.651688
[setup in-reg] rst_n -> _113699_/RESET_B : -90.651688
[setup in-reg] rst_n -> _113700_/RESET_B : -90.651688
[setup in-reg] rst_n -> _113701_/RESET_B : -90.651688
[setup in-reg] rst_n -> _113702_/RESET_B : -90.651688
[setup in-reg] rst_n -> _113703_/RESET_B : -90.651688
[setup in-reg] rst_n -> _113704_/RESET_B : -90.651688
[setup in-reg] rst_n -> _113705_/RESET_B : -90.651688
[setup in-reg] rst_n -> _113706_/RESET_B : -90.651688
[setup in-reg] rst_n -> _113707_/RESET_B : -90.651688
[setup in-reg] rst_n -> _113708_/RESET_B : -90.651688
[setup in-reg] rst_n -> _113709_/RESET_B : -90.651688
[setup in-reg] rst_n -> _113710_/RESET_B : -90.651688
[setup in-reg] rst_n -> _113711_/RESET_B : -90.651688
[setup in-reg] rst_n -> _113712_/RESET_B : -90.651688
[setup in-reg] rst_n -> _113713_/RESET_B : -90.651688
[setup in-reg] rst_n -> _113714_/RESET_B : -90.651688
[setup in-reg] rst_n -> _113715_/RESET_B : -90.651688
[setup in-reg] rst_n -> _113716_/RESET_B : -90.651688
[setup in-reg] rst_n -> _113717_/RESET_B : -90.651688
[setup in-reg] rst_n -> _113718_/RESET_B : -90.651688
[setup in-reg] rst_n -> _113719_/RESET_B : -90.651688
[setup in-reg] rst_n -> _113720_/RESET_B : -90.651688
[setup in-reg] rst_n -> _113721_/RESET_B : -90.651688
[setup in-reg] rst_n -> _113722_/RESET_B : -90.651688
[setup in-reg] rst_n -> _113723_/RESET_B : -90.651688
[setup in-reg] rst_n -> _113724_/RESET_B : -90.651688
[setup in-reg] rst_n -> _113725_/RESET_B : -90.651688
[setup in-reg] rst_n -> _113726_/RESET_B : -90.651688
[setup in-reg] rst_n -> _113727_/RESET_B : -90.651688
[setup in-reg] rst_n -> _113728_/RESET_B : -90.651688
[setup in-reg] rst_n -> _113729_/RESET_B : -90.651688
[setup in-reg] rst_n -> _113730_/RESET_B : -90.651688
[setup in-reg] rst_n -> _113731_/RESET_B : -90.651688
[setup in-reg] rst_n -> _113732_/RESET_B : -90.651688
[setup in-reg] rst_n -> _113733_/RESET_B : -90.651688
[setup in-reg] rst_n -> _113734_/RESET_B : -90.651688
[setup in-reg] rst_n -> _113735_/RESET_B : -90.651688
[setup in-reg] rst_n -> _113736_/RESET_B : -90.651688
[setup in-reg] rst_n -> _113737_/RESET_B : -90.651688
[setup in-reg] rst_n -> _113738_/RESET_B : -90.651688
[setup in-reg] rst_n -> _113739_/RESET_B : -90.651688
[setup in-reg] rst_n -> _113740_/RESET_B : -90.651688
[setup in-reg] rst_n -> _113741_/RESET_B : -90.651688
[setup in-reg] rst_n -> _113742_/RESET_B : -90.651688
[setup in-reg] rst_n -> _113743_/RESET_B : -90.651688
[setup in-reg] rst_n -> _113744_/RESET_B : -90.651688
[setup in-reg] rst_n -> _113745_/RESET_B : -90.651688
[setup in-reg] rst_n -> _113746_/RESET_B : -90.651688
[setup in-reg] rst_n -> _113747_/RESET_B : -90.651688
[setup in-reg] rst_n -> _113748_/RESET_B : -90.651688
[setup in-reg] rst_n -> _113749_/RESET_B : -90.651688
[setup in-reg] rst_n -> _113750_/RESET_B : -90.651688
[setup in-reg] rst_n -> _113751_/RESET_B : -90.651688
[setup in-reg] rst_n -> _113752_/RESET_B : -90.651688
[setup in-reg] rst_n -> _113753_/RESET_B : -90.651688
[setup in-reg] rst_n -> _113754_/RESET_B : -90.651688
[setup in-reg] rst_n -> _113755_/RESET_B : -90.651688
[setup in-reg] rst_n -> _113756_/RESET_B : -90.651688
[setup in-reg] rst_n -> _113757_/RESET_B : -90.651688
[setup in-reg] rst_n -> _113758_/RESET_B : -90.651688
[setup in-reg] rst_n -> _113759_/RESET_B : -90.651688
[setup in-reg] rst_n -> _113760_/RESET_B : -90.651688
[setup in-reg] rst_n -> _113761_/RESET_B : -90.651688
[setup in-reg] rst_n -> _113762_/RESET_B : -90.651688
[setup in-reg] rst_n -> _113763_/RESET_B : -90.651688
[setup in-reg] rst_n -> _113764_/RESET_B : -90.651688
[setup in-reg] rst_n -> _113765_/RESET_B : -90.651688
[setup in-reg] rst_n -> _113766_/RESET_B : -90.651688
[setup in-reg] rst_n -> _113767_/RESET_B : -90.651688
[setup in-reg] rst_n -> _113768_/RESET_B : -90.651688
[setup in-reg] rst_n -> _113769_/RESET_B : -90.651688
[setup in-reg] rst_n -> _113770_/RESET_B : -90.651688
[setup in-reg] rst_n -> _113771_/RESET_B : -90.651688
[setup in-reg] rst_n -> _113772_/RESET_B : -90.651688
[setup in-reg] rst_n -> _113773_/RESET_B : -90.651688
[setup in-reg] rst_n -> _113774_/RESET_B : -90.651688
[setup in-reg] rst_n -> _113775_/RESET_B : -90.651688
[setup in-reg] rst_n -> _113776_/RESET_B : -90.651688
[setup in-reg] rst_n -> _113777_/RESET_B : -90.651688
[setup in-reg] rst_n -> _113778_/RESET_B : -90.651688
[setup in-reg] rst_n -> _113779_/RESET_B : -90.651688
[setup in-reg] rst_n -> _113780_/RESET_B : -90.651688
[setup in-reg] rst_n -> _113781_/RESET_B : -90.651688
[setup in-reg] rst_n -> _113782_/RESET_B : -90.651688
[setup in-reg] rst_n -> _113783_/RESET_B : -90.651688
[setup in-reg] rst_n -> _113784_/RESET_B : -90.651688
[setup in-reg] rst_n -> _113785_/RESET_B : -90.651688
[setup in-reg] rst_n -> _113786_/RESET_B : -90.651688
[setup in-reg] rst_n -> _113787_/RESET_B : -90.651688
[setup in-reg] rst_n -> _113788_/RESET_B : -90.651688
[setup in-reg] rst_n -> _113789_/RESET_B : -90.651688
[setup in-reg] rst_n -> _113790_/RESET_B : -90.651688
[setup in-reg] rst_n -> _113791_/RESET_B : -90.651688
[setup in-reg] rst_n -> _113792_/RESET_B : -90.651688
[setup in-reg] rst_n -> _113793_/RESET_B : -90.651688
[setup in-reg] rst_n -> _113794_/RESET_B : -90.651688
[setup in-reg] rst_n -> _113795_/RESET_B : -90.651688
[setup in-reg] rst_n -> _113796_/RESET_B : -90.651688
[setup in-reg] rst_n -> _113797_/RESET_B : -90.651688
[setup in-reg] rst_n -> _113798_/RESET_B : -90.651688
[setup in-reg] rst_n -> _113799_/RESET_B : -90.651688
[setup in-reg] rst_n -> _113800_/RESET_B : -90.651688
[setup in-reg] rst_n -> _113801_/RESET_B : -90.651688
[setup in-reg] rst_n -> _113802_/RESET_B : -90.651688
[setup in-reg] rst_n -> _113803_/RESET_B : -90.651688
[setup in-reg] rst_n -> _113804_/RESET_B : -90.651688
[setup in-reg] rst_n -> _113805_/RESET_B : -90.651688
[setup in-reg] rst_n -> _113806_/RESET_B : -90.651688
[setup in-reg] rst_n -> _113807_/RESET_B : -90.651688
[setup in-reg] rst_n -> _113808_/RESET_B : -90.651688
[setup in-reg] rst_n -> _113809_/RESET_B : -90.651688
[setup in-reg] rst_n -> _113810_/RESET_B : -90.651688
[setup in-reg] rst_n -> _113811_/RESET_B : -90.651688
[setup in-reg] rst_n -> _113812_/RESET_B : -90.651688
[setup in-reg] rst_n -> _113813_/RESET_B : -90.651688
[setup in-reg] rst_n -> _113814_/RESET_B : -90.651688
[setup in-reg] rst_n -> _113815_/RESET_B : -90.651688
[setup in-reg] rst_n -> _113816_/RESET_B : -90.651688
[setup in-reg] rst_n -> _113817_/RESET_B : -90.651688
[setup in-reg] rst_n -> _113818_/RESET_B : -90.651688
[setup in-reg] rst_n -> _113819_/RESET_B : -90.651688
[setup in-reg] rst_n -> _113820_/RESET_B : -90.651688
[setup in-reg] rst_n -> _113821_/RESET_B : -90.651688
[setup in-reg] rst_n -> _113822_/RESET_B : -90.651688
[setup in-reg] rst_n -> _113823_/RESET_B : -90.651688
[setup in-reg] rst_n -> _113824_/RESET_B : -90.651688
[setup in-reg] rst_n -> _113825_/RESET_B : -90.651688
[setup in-reg] rst_n -> _113826_/RESET_B : -90.651688
[setup in-reg] rst_n -> _113827_/RESET_B : -90.651688
[setup in-reg] rst_n -> _113828_/RESET_B : -90.651688
[setup in-reg] rst_n -> _113829_/RESET_B : -90.651688
[setup in-reg] rst_n -> _113830_/RESET_B : -90.651688
[setup in-reg] rst_n -> _113831_/RESET_B : -90.651688
[setup in-reg] rst_n -> _113832_/RESET_B : -90.651688
[setup in-reg] rst_n -> _113833_/RESET_B : -90.651688
[setup in-reg] rst_n -> _113834_/RESET_B : -90.651688
[setup in-reg] rst_n -> _113835_/RESET_B : -90.651688
[setup in-reg] rst_n -> _113836_/RESET_B : -90.651688
[setup in-reg] rst_n -> _113837_/RESET_B : -90.651688
[setup in-reg] rst_n -> _113838_/RESET_B : -90.651688
[setup in-reg] rst_n -> _113839_/RESET_B : -90.651688
[setup in-reg] rst_n -> _113840_/RESET_B : -90.651688
[setup in-reg] rst_n -> _113841_/RESET_B : -90.651688
[setup in-reg] rst_n -> _113842_/RESET_B : -90.651688
[setup in-reg] rst_n -> _113843_/RESET_B : -90.651688
[setup in-reg] rst_n -> _113844_/RESET_B : -90.651688
[setup in-reg] rst_n -> _113845_/RESET_B : -90.651688
[setup in-reg] rst_n -> _113846_/RESET_B : -90.651688
[setup in-reg] rst_n -> _113847_/RESET_B : -90.651688
[setup in-reg] rst_n -> _113848_/RESET_B : -90.651688
[setup in-reg] rst_n -> _113849_/RESET_B : -90.651688
[setup in-reg] rst_n -> _113850_/RESET_B : -90.651688
[setup in-reg] rst_n -> _113851_/RESET_B : -90.651688
[setup in-reg] rst_n -> _113852_/RESET_B : -90.651688
[setup in-reg] rst_n -> _113853_/RESET_B : -90.651688
[setup in-reg] rst_n -> _113854_/RESET_B : -90.651688
[setup in-reg] rst_n -> _113855_/RESET_B : -90.651688
[setup in-reg] rst_n -> _113856_/RESET_B : -90.651688
[setup in-reg] rst_n -> _113857_/RESET_B : -90.651688
[setup in-reg] rst_n -> _113858_/RESET_B : -90.651688
[setup in-reg] rst_n -> _113859_/RESET_B : -90.651688
[setup in-reg] rst_n -> _113860_/RESET_B : -90.651688
[setup in-reg] rst_n -> _113861_/RESET_B : -90.651688
[setup in-reg] rst_n -> _113862_/RESET_B : -90.651688
[setup in-reg] rst_n -> _113863_/RESET_B : -90.651688
[setup in-reg] rst_n -> _113864_/RESET_B : -90.651688
[setup in-reg] rst_n -> _113865_/RESET_B : -90.651688
[setup in-reg] rst_n -> _113866_/RESET_B : -90.651688
[setup in-reg] rst_n -> _113867_/RESET_B : -90.651688
[setup in-reg] rst_n -> _113868_/RESET_B : -90.651688
[setup in-reg] rst_n -> _113869_/RESET_B : -90.651688
[setup in-reg] rst_n -> _113870_/RESET_B : -90.651688
[setup in-reg] rst_n -> _113871_/RESET_B : -90.651688
[setup in-reg] rst_n -> _113872_/RESET_B : -90.651688
[setup in-reg] rst_n -> _113873_/RESET_B : -90.651688
[setup in-reg] rst_n -> _113874_/RESET_B : -90.651688
[setup in-reg] rst_n -> _113875_/RESET_B : -90.651688
[setup in-reg] rst_n -> _113876_/RESET_B : -90.651688
[setup in-reg] rst_n -> _113877_/RESET_B : -90.651688
[setup in-reg] rst_n -> _113878_/RESET_B : -90.651688
[setup in-reg] rst_n -> _113879_/RESET_B : -90.651688
[setup in-reg] rst_n -> _113880_/RESET_B : -90.651688
[setup in-reg] rst_n -> _113881_/RESET_B : -90.651688
[setup in-reg] rst_n -> _113882_/RESET_B : -90.651688
[setup in-reg] rst_n -> _113883_/RESET_B : -90.651688
[setup in-reg] rst_n -> _113884_/RESET_B : -90.651688
[setup in-reg] rst_n -> _113885_/RESET_B : -90.651688
[setup in-reg] rst_n -> _113886_/RESET_B : -90.651688
[setup in-reg] rst_n -> _113887_/RESET_B : -90.651688
[setup in-reg] rst_n -> _113888_/RESET_B : -90.651688
[setup in-reg] rst_n -> _113889_/RESET_B : -90.651688
[setup in-reg] rst_n -> _113890_/RESET_B : -90.651688
[setup in-reg] rst_n -> _113891_/RESET_B : -90.651688
[setup in-reg] rst_n -> _113892_/RESET_B : -90.651688
[setup in-reg] rst_n -> _113893_/RESET_B : -90.651688
[setup in-reg] rst_n -> _113894_/RESET_B : -90.651688
[setup in-reg] rst_n -> _113895_/RESET_B : -90.651688
[setup in-reg] rst_n -> _113896_/RESET_B : -90.651688
[setup in-reg] rst_n -> _113897_/RESET_B : -90.651688
[setup in-reg] rst_n -> _113898_/RESET_B : -90.651688
[setup in-reg] rst_n -> _113899_/RESET_B : -90.651688
[setup in-reg] rst_n -> _113900_/RESET_B : -90.651688
[setup in-reg] rst_n -> _113901_/RESET_B : -90.651688
[setup in-reg] rst_n -> _113902_/RESET_B : -90.651688
[setup in-reg] rst_n -> _113903_/RESET_B : -90.651688
[setup in-reg] rst_n -> _113904_/RESET_B : -90.651688
[setup in-reg] rst_n -> _113905_/RESET_B : -90.651688
[setup in-reg] rst_n -> _113906_/RESET_B : -90.651688
[setup in-reg] rst_n -> _113907_/RESET_B : -90.651688
[setup in-reg] rst_n -> _113908_/RESET_B : -90.651688
[setup in-reg] rst_n -> _113909_/RESET_B : -90.651688
[setup in-reg] rst_n -> _113910_/RESET_B : -90.651688
[setup in-reg] rst_n -> _113911_/RESET_B : -90.651688
[setup in-reg] rst_n -> _113912_/RESET_B : -90.651688
[setup in-reg] rst_n -> _113913_/RESET_B : -90.651688
[setup in-reg] rst_n -> _113914_/RESET_B : -90.651688
[setup in-reg] rst_n -> _113915_/RESET_B : -90.651688
[setup in-reg] rst_n -> _113916_/RESET_B : -90.651688
[setup in-reg] rst_n -> _113917_/RESET_B : -90.651688
[setup in-reg] rst_n -> _113918_/RESET_B : -90.651688
[setup in-reg] rst_n -> _113919_/RESET_B : -90.651688
[setup in-reg] rst_n -> _113920_/RESET_B : -90.651688
[setup in-reg] rst_n -> _113921_/RESET_B : -90.651688
[setup in-reg] rst_n -> _113922_/RESET_B : -90.651688
[setup in-reg] rst_n -> _113923_/RESET_B : -90.651688
[setup in-reg] rst_n -> _113924_/RESET_B : -90.651688
[setup in-reg] rst_n -> _113925_/RESET_B : -90.651688
[setup in-reg] rst_n -> _113926_/RESET_B : -90.651688
[setup in-reg] rst_n -> _113927_/RESET_B : -90.651688
[setup in-reg] rst_n -> _113928_/RESET_B : -90.651688
[setup in-reg] rst_n -> _113929_/RESET_B : -90.651688
[setup in-reg] rst_n -> _113930_/RESET_B : -90.651688
[setup in-reg] rst_n -> _113931_/RESET_B : -90.651688
[setup in-reg] rst_n -> _113932_/RESET_B : -90.651688
[setup in-reg] rst_n -> _113933_/RESET_B : -90.651688
[setup in-reg] rst_n -> _113934_/RESET_B : -90.651688
[setup in-reg] rst_n -> _113935_/RESET_B : -90.651688
[setup in-reg] rst_n -> _113936_/RESET_B : -90.651688
[setup in-reg] rst_n -> _113937_/RESET_B : -90.651688
[setup in-reg] rst_n -> _113938_/RESET_B : -90.651688
[setup in-reg] rst_n -> _113939_/RESET_B : -90.651688
[setup in-reg] rst_n -> _113940_/RESET_B : -90.651688
[setup in-reg] rst_n -> _113941_/RESET_B : -90.651688
[setup in-reg] rst_n -> _113942_/RESET_B : -90.651688
[setup in-reg] rst_n -> _113943_/RESET_B : -90.651688
[setup in-reg] rst_n -> _113944_/RESET_B : -90.651688
[setup in-reg] rst_n -> _113945_/RESET_B : -90.651688
[setup in-reg] rst_n -> _113946_/RESET_B : -90.651688
[setup in-reg] rst_n -> _113947_/RESET_B : -90.651688
[setup in-reg] rst_n -> _113948_/RESET_B : -90.651688
[setup in-reg] rst_n -> _113949_/RESET_B : -90.651688
[setup in-reg] rst_n -> _113950_/RESET_B : -90.651688
[setup in-reg] rst_n -> _113951_/RESET_B : -90.651688
[setup in-reg] rst_n -> _113952_/RESET_B : -90.651688
[setup in-reg] rst_n -> _113953_/RESET_B : -90.651688
[setup in-reg] rst_n -> _113954_/RESET_B : -90.651688
[setup in-reg] rst_n -> _113955_/RESET_B : -90.651688
[setup in-reg] rst_n -> _113956_/RESET_B : -90.651688
[setup in-reg] rst_n -> _113957_/RESET_B : -90.651688
[setup in-reg] rst_n -> _113958_/RESET_B : -90.651688
[setup in-reg] rst_n -> _113959_/RESET_B : -90.651688
[setup in-reg] rst_n -> _113960_/RESET_B : -90.651688
[setup in-reg] rst_n -> _113961_/RESET_B : -90.651688
[setup in-reg] rst_n -> _113962_/RESET_B : -90.651688
[setup in-reg] rst_n -> _113963_/RESET_B : -90.651688
[setup in-reg] rst_n -> _113964_/RESET_B : -90.651688
[setup in-reg] rst_n -> _113965_/RESET_B : -90.651688
[setup in-reg] rst_n -> _113966_/RESET_B : -90.651688
[setup in-reg] rst_n -> _113967_/RESET_B : -90.651688
[setup in-reg] rst_n -> _113968_/RESET_B : -90.651688
[setup in-reg] rst_n -> _113969_/RESET_B : -90.651688
[setup in-reg] rst_n -> _113970_/RESET_B : -90.651688
[setup in-reg] rst_n -> _113971_/RESET_B : -90.651688
[setup in-reg] rst_n -> _113972_/RESET_B : -90.651688
[setup in-reg] rst_n -> _113973_/RESET_B : -90.651688
[setup in-reg] rst_n -> _113974_/RESET_B : -90.651688
[setup in-reg] rst_n -> _113975_/RESET_B : -90.651688
[setup in-reg] rst_n -> _113976_/RESET_B : -90.651688
[setup in-reg] rst_n -> _113977_/RESET_B : -90.651688
[setup in-reg] rst_n -> _113978_/RESET_B : -90.651688
[setup in-reg] rst_n -> _113979_/RESET_B : -90.651688
[setup in-reg] rst_n -> _113980_/RESET_B : -90.651688
[setup in-reg] rst_n -> _113981_/RESET_B : -90.651688
[setup in-reg] rst_n -> _113982_/RESET_B : -90.651688
[setup in-reg] rst_n -> _113983_/RESET_B : -90.651688
[setup in-reg] rst_n -> _113984_/RESET_B : -90.651688
[setup in-reg] rst_n -> _113985_/RESET_B : -90.651688
[setup in-reg] rst_n -> _113986_/RESET_B : -90.651688
[setup in-reg] rst_n -> _113987_/RESET_B : -90.651688
[setup in-reg] rst_n -> _113988_/RESET_B : -90.651688
[setup in-reg] rst_n -> _113989_/RESET_B : -90.651688
[setup in-reg] rst_n -> _113990_/RESET_B : -90.651688
[setup in-reg] rst_n -> _113991_/RESET_B : -90.651688
[setup in-reg] rst_n -> _113992_/RESET_B : -90.651688
[setup in-reg] rst_n -> _113993_/RESET_B : -90.651688
[setup in-reg] rst_n -> _113994_/RESET_B : -90.651688
[setup in-reg] rst_n -> _113995_/RESET_B : -90.651688
[setup in-reg] rst_n -> _113996_/RESET_B : -90.651688
[setup in-reg] rst_n -> _113997_/RESET_B : -90.651688
[setup in-reg] rst_n -> _113998_/RESET_B : -90.651688
[setup in-reg] rst_n -> _113999_/RESET_B : -90.651688
[setup in-reg] rst_n -> _114000_/RESET_B : -90.651688
[setup in-reg] rst_n -> _114001_/RESET_B : -90.651688
[setup in-reg] rst_n -> _114002_/RESET_B : -90.651688
[setup in-reg] rst_n -> _114003_/RESET_B : -90.651688
[setup in-reg] rst_n -> _114004_/RESET_B : -90.651688
[setup in-reg] rst_n -> _114005_/RESET_B : -90.651688
[setup in-reg] rst_n -> _114006_/RESET_B : -90.651688
[setup in-reg] rst_n -> _114007_/RESET_B : -90.651688
[setup in-reg] rst_n -> _114008_/RESET_B : -90.651688
[setup in-reg] rst_n -> _114009_/RESET_B : -90.651688
[setup in-reg] rst_n -> _114010_/RESET_B : -90.651688
[setup in-reg] rst_n -> _114011_/RESET_B : -90.651688
[setup in-reg] rst_n -> _114012_/RESET_B : -90.651688
[setup in-reg] rst_n -> _114013_/RESET_B : -90.651688
[setup in-reg] rst_n -> _114014_/RESET_B : -90.651688
[setup in-reg] rst_n -> _114015_/RESET_B : -90.651688
[setup in-reg] rst_n -> _114016_/RESET_B : -90.651688
[setup in-reg] rst_n -> _114017_/RESET_B : -90.651688
[setup in-reg] rst_n -> _114018_/RESET_B : -90.651688
[setup in-reg] rst_n -> _114019_/RESET_B : -90.651688
[setup in-reg] rst_n -> _114020_/RESET_B : -90.651688
[setup in-reg] rst_n -> _114021_/RESET_B : -90.651688
[setup in-reg] rst_n -> _114022_/RESET_B : -90.651688
[setup in-reg] rst_n -> _114023_/RESET_B : -90.651688
[setup in-reg] rst_n -> _114024_/RESET_B : -90.651688
[setup in-reg] rst_n -> _114025_/RESET_B : -90.651688
[setup in-reg] rst_n -> _114026_/RESET_B : -90.651688
[setup in-reg] rst_n -> _114027_/RESET_B : -90.651688
[setup in-reg] rst_n -> _114028_/RESET_B : -90.651688
[setup in-reg] rst_n -> _114029_/RESET_B : -90.651688
[setup in-reg] rst_n -> _114030_/RESET_B : -90.651688
[setup in-reg] rst_n -> _114031_/RESET_B : -90.651688
[setup in-reg] rst_n -> _114032_/RESET_B : -90.651688
[setup in-reg] rst_n -> _114033_/RESET_B : -90.651688
[setup in-reg] rst_n -> _114034_/RESET_B : -90.651688
[setup in-reg] rst_n -> _114035_/RESET_B : -90.651688
[setup in-reg] rst_n -> _114036_/RESET_B : -90.651688
[setup in-reg] rst_n -> _114037_/RESET_B : -90.651688
[setup in-reg] rst_n -> _114038_/RESET_B : -90.651688
[setup in-reg] rst_n -> _114039_/RESET_B : -90.651688
[setup in-reg] rst_n -> _114040_/RESET_B : -90.651688
[setup in-reg] rst_n -> _114041_/RESET_B : -90.651688
[setup in-reg] rst_n -> _114042_/RESET_B : -90.651688
[setup in-reg] rst_n -> _114043_/RESET_B : -90.651688
[setup in-reg] rst_n -> _114044_/RESET_B : -90.651688
[setup in-reg] rst_n -> _114045_/RESET_B : -90.651688
[setup in-reg] rst_n -> _114046_/RESET_B : -90.651688
[setup in-reg] rst_n -> _114047_/RESET_B : -90.651688
[setup in-reg] rst_n -> _114048_/RESET_B : -90.651688
[setup in-reg] rst_n -> _114049_/RESET_B : -90.651688
[setup in-reg] rst_n -> _114050_/RESET_B : -90.651688
[setup in-reg] rst_n -> _114051_/RESET_B : -90.651688
[setup in-reg] rst_n -> _114052_/RESET_B : -90.651688
[setup in-reg] rst_n -> _114053_/RESET_B : -90.651688
[setup in-reg] rst_n -> _114054_/RESET_B : -90.651688
[setup in-reg] rst_n -> _114055_/RESET_B : -90.651688
[setup in-reg] rst_n -> _114056_/RESET_B : -90.651688
[setup in-reg] rst_n -> _114057_/RESET_B : -90.651688
[setup in-reg] rst_n -> _114058_/RESET_B : -90.651688
[setup in-reg] rst_n -> _114059_/RESET_B : -90.651688
[setup in-reg] rst_n -> _114060_/RESET_B : -90.651688
[setup in-reg] rst_n -> _114061_/RESET_B : -90.651688
[setup in-reg] rst_n -> _114062_/RESET_B : -90.651688
[setup in-reg] rst_n -> _114063_/RESET_B : -90.651688
[setup in-reg] rst_n -> _114064_/RESET_B : -90.651688
[setup in-reg] rst_n -> _114065_/RESET_B : -90.651688
[setup in-reg] rst_n -> _114066_/RESET_B : -90.651688
[setup in-reg] rst_n -> _114067_/RESET_B : -90.651688
[setup in-reg] rst_n -> _114068_/RESET_B : -90.651688
[setup in-reg] rst_n -> _114069_/RESET_B : -90.651688
[setup in-reg] rst_n -> _114070_/RESET_B : -90.651688
[setup in-reg] rst_n -> _114071_/RESET_B : -90.651688
[setup in-reg] rst_n -> _114072_/RESET_B : -90.651688
[setup in-reg] rst_n -> _114073_/RESET_B : -90.651688
[setup in-reg] rst_n -> _114074_/RESET_B : -90.651688
[setup in-reg] rst_n -> _114075_/RESET_B : -90.651688
[setup in-reg] rst_n -> _114076_/RESET_B : -90.651688
[setup in-reg] rst_n -> _114077_/RESET_B : -90.651688
[setup in-reg] rst_n -> _114078_/RESET_B : -90.651688
[setup in-reg] rst_n -> _114079_/RESET_B : -90.651688
[setup in-reg] rst_n -> _114080_/RESET_B : -90.651688
[setup in-reg] rst_n -> _114081_/RESET_B : -90.651688
[setup in-reg] rst_n -> _114082_/RESET_B : -90.651688
[setup in-reg] rst_n -> _114083_/RESET_B : -90.651688
[setup in-reg] rst_n -> _114084_/RESET_B : -90.651688
[setup in-reg] rst_n -> _114085_/RESET_B : -90.651688
[setup in-reg] rst_n -> _114086_/RESET_B : -90.651688
[setup in-reg] rst_n -> _114087_/RESET_B : -90.651688
[setup in-reg] rst_n -> _114088_/RESET_B : -90.651688
[setup in-reg] rst_n -> _114089_/RESET_B : -90.651688
[setup in-reg] rst_n -> _114090_/RESET_B : -90.651688
[setup in-reg] rst_n -> _114091_/RESET_B : -90.651688
[setup in-reg] rst_n -> _114092_/RESET_B : -90.651688
[setup in-reg] rst_n -> _114093_/RESET_B : -90.651688
[setup in-reg] rst_n -> _114094_/RESET_B : -90.651688
[setup in-reg] rst_n -> _114095_/RESET_B : -90.651688
[setup in-reg] rst_n -> _114096_/RESET_B : -90.651688
[setup in-reg] rst_n -> _114097_/RESET_B : -90.651688
[setup in-reg] rst_n -> _114098_/RESET_B : -90.651688
[setup in-reg] rst_n -> _114099_/RESET_B : -90.651688
[setup in-reg] rst_n -> _114100_/RESET_B : -90.651688
[setup in-reg] rst_n -> _114101_/RESET_B : -90.651688
[setup in-reg] rst_n -> _114102_/RESET_B : -90.651688
[setup in-reg] rst_n -> _114103_/RESET_B : -90.651688
[setup in-reg] rst_n -> _114104_/RESET_B : -90.651688
[setup in-reg] rst_n -> _114105_/RESET_B : -90.651688
[setup in-reg] rst_n -> _114106_/RESET_B : -90.651688
[setup in-reg] rst_n -> _114107_/RESET_B : -90.651688
[setup in-reg] rst_n -> _114108_/RESET_B : -90.651688
[setup in-reg] rst_n -> _114109_/RESET_B : -90.651688
[setup in-reg] rst_n -> _114110_/RESET_B : -90.651688
[setup in-reg] rst_n -> _114111_/RESET_B : -90.651688
[setup in-reg] rst_n -> _114112_/RESET_B : -90.651688
[setup in-reg] rst_n -> _114113_/RESET_B : -90.651688
[setup in-reg] rst_n -> _114114_/RESET_B : -90.651688
[setup in-reg] rst_n -> _114115_/RESET_B : -90.651688
[setup in-reg] rst_n -> _114116_/RESET_B : -90.651688
[setup in-reg] rst_n -> _114117_/RESET_B : -90.651688
[setup in-reg] rst_n -> _114118_/RESET_B : -90.651688
[setup in-reg] rst_n -> _114119_/RESET_B : -90.651688
[setup in-reg] rst_n -> _114120_/RESET_B : -90.651688
[setup in-reg] rst_n -> _114121_/RESET_B : -90.651688
[setup in-reg] rst_n -> _114122_/RESET_B : -90.651688
[setup in-reg] rst_n -> _114123_/RESET_B : -90.651688
[setup in-reg] rst_n -> _114124_/RESET_B : -90.651688
[setup in-reg] rst_n -> _114125_/RESET_B : -90.651688
[setup in-reg] rst_n -> _114126_/RESET_B : -90.651688
[setup in-reg] rst_n -> _114127_/RESET_B : -90.651688
[setup in-reg] rst_n -> _114128_/RESET_B : -90.651688
[setup in-reg] rst_n -> _114129_/RESET_B : -90.651688
[setup in-reg] rst_n -> _114130_/RESET_B : -90.651688
[setup in-reg] rst_n -> _114131_/RESET_B : -90.651688
[setup in-reg] rst_n -> _114132_/RESET_B : -90.651688
[setup in-reg] rst_n -> _114133_/RESET_B : -90.651688
[setup in-reg] rst_n -> _114134_/RESET_B : -90.651688
[setup in-reg] rst_n -> _114135_/RESET_B : -90.651688
[setup in-reg] rst_n -> _114136_/RESET_B : -90.651688
[setup in-reg] rst_n -> _114137_/RESET_B : -90.651688
[setup in-reg] rst_n -> _114138_/RESET_B : -90.651688
[setup in-reg] rst_n -> _114139_/RESET_B : -90.651688
[setup in-reg] rst_n -> _114140_/RESET_B : -90.651688
[setup in-reg] rst_n -> _114141_/RESET_B : -90.651688
[setup in-reg] rst_n -> _114142_/RESET_B : -90.651688
[setup in-reg] rst_n -> _114143_/RESET_B : -90.651688
[setup in-reg] rst_n -> _114144_/RESET_B : -90.651688
[setup in-reg] rst_n -> _114145_/RESET_B : -90.651688
[setup in-reg] rst_n -> _114146_/RESET_B : -90.651688
[setup in-reg] rst_n -> _114147_/RESET_B : -90.651688
[setup in-reg] rst_n -> _114148_/RESET_B : -90.651688
[setup in-reg] rst_n -> _114149_/RESET_B : -90.651688
[setup in-reg] rst_n -> _114150_/RESET_B : -90.651688
[setup in-reg] rst_n -> _114151_/RESET_B : -90.651688
[setup in-reg] rst_n -> _114152_/RESET_B : -90.651688
[setup in-reg] rst_n -> _114153_/RESET_B : -90.651688
[setup in-reg] rst_n -> _114154_/RESET_B : -90.651688
[setup in-reg] rst_n -> _114155_/RESET_B : -90.651688
[setup in-reg] rst_n -> _114156_/RESET_B : -90.651688
[setup in-reg] rst_n -> _114157_/RESET_B : -90.651688
[setup in-reg] rst_n -> _114158_/RESET_B : -90.651688
[setup in-reg] rst_n -> _114159_/RESET_B : -90.651688
[setup in-reg] rst_n -> _114160_/RESET_B : -90.651688
[setup in-reg] rst_n -> _114161_/RESET_B : -90.651688
[setup in-reg] rst_n -> _114162_/RESET_B : -90.651688
[setup in-reg] rst_n -> _114163_/RESET_B : -90.651688
[setup in-reg] rst_n -> _114164_/RESET_B : -90.651688
[setup in-reg] rst_n -> _114165_/RESET_B : -90.651688
[setup in-reg] rst_n -> _114166_/RESET_B : -90.651688
[setup in-reg] rst_n -> _114167_/RESET_B : -90.651688
[setup in-reg] rst_n -> _114168_/RESET_B : -90.651688
[setup in-reg] rst_n -> _114169_/RESET_B : -90.651688
[setup in-reg] rst_n -> _114170_/RESET_B : -90.651688
[setup in-reg] rst_n -> _114171_/RESET_B : -90.651688
[setup in-reg] rst_n -> _114172_/RESET_B : -90.651688
[setup in-reg] rst_n -> _114173_/RESET_B : -90.651688
[setup in-reg] rst_n -> _114174_/RESET_B : -90.651688
[setup in-reg] rst_n -> _114175_/RESET_B : -90.651688
[setup in-reg] rst_n -> _114176_/RESET_B : -90.651688
[setup in-reg] rst_n -> _114177_/RESET_B : -90.651688
[setup in-reg] rst_n -> _114178_/RESET_B : -90.651688
[setup in-reg] rst_n -> _114179_/RESET_B : -90.651688
[setup in-reg] rst_n -> _114180_/RESET_B : -90.651688
[setup in-reg] rst_n -> _114181_/RESET_B : -90.651688
[setup in-reg] rst_n -> _114182_/RESET_B : -90.651688
[setup in-reg] rst_n -> _114183_/RESET_B : -90.651688
[setup in-reg] rst_n -> _114184_/RESET_B : -90.651688
[setup in-reg] rst_n -> _114185_/RESET_B : -90.651688
[setup in-reg] rst_n -> _114186_/RESET_B : -90.651688
[setup in-reg] rst_n -> _114187_/RESET_B : -90.651688
[setup in-reg] rst_n -> _114188_/RESET_B : -90.651688
[setup in-reg] rst_n -> _114189_/RESET_B : -90.651688
[setup in-reg] rst_n -> _114190_/RESET_B : -90.651688
[setup in-reg] rst_n -> _114191_/RESET_B : -90.651688
[setup in-reg] rst_n -> _114192_/RESET_B : -90.651688
[setup in-reg] rst_n -> _114193_/RESET_B : -90.651688
[setup in-reg] rst_n -> _114194_/RESET_B : -90.651688
[setup in-reg] rst_n -> _114195_/RESET_B : -90.651688
[setup in-reg] rst_n -> _114196_/RESET_B : -90.651688
[setup in-reg] rst_n -> _114197_/RESET_B : -90.651688
[setup in-reg] rst_n -> _114198_/RESET_B : -90.651688
[setup in-reg] rst_n -> _114199_/RESET_B : -90.651688
[setup in-reg] rst_n -> _114200_/RESET_B : -90.651688
[setup in-reg] rst_n -> _114201_/RESET_B : -90.651688
[setup in-reg] rst_n -> _114202_/RESET_B : -90.651688
[setup in-reg] rst_n -> _114203_/RESET_B : -90.651688
[setup in-reg] rst_n -> _114204_/RESET_B : -90.651688
[setup in-reg] rst_n -> _114205_/RESET_B : -90.651688
[setup in-reg] rst_n -> _114206_/RESET_B : -90.651688
[setup in-reg] rst_n -> _114207_/RESET_B : -90.651688
[setup in-reg] rst_n -> _114208_/RESET_B : -90.651688
[setup in-reg] rst_n -> _114209_/RESET_B : -90.651688
[setup in-reg] rst_n -> _114210_/RESET_B : -90.651688
[setup in-reg] rst_n -> _114211_/RESET_B : -90.651688
[setup in-reg] rst_n -> _114212_/RESET_B : -90.651688
[setup in-reg] rst_n -> _114213_/RESET_B : -90.651688
[setup in-reg] rst_n -> _114214_/RESET_B : -90.651688
[setup in-reg] rst_n -> _114215_/RESET_B : -90.651688
[setup in-reg] rst_n -> _114216_/RESET_B : -90.651688
[setup in-reg] rst_n -> _114217_/RESET_B : -90.651688
[setup in-reg] rst_n -> _114218_/RESET_B : -90.651688
[setup in-reg] rst_n -> _114219_/RESET_B : -90.651688
[setup in-reg] rst_n -> _114220_/RESET_B : -90.651688
[setup in-reg] rst_n -> _114221_/RESET_B : -90.651688
[setup in-reg] rst_n -> _114222_/RESET_B : -90.651688
[setup in-reg] rst_n -> _114223_/RESET_B : -90.651688
[setup in-reg] rst_n -> _114224_/RESET_B : -90.651688
[setup in-reg] rst_n -> _114225_/RESET_B : -90.651688
[setup in-reg] rst_n -> _114226_/RESET_B : -90.651688
[setup in-reg] rst_n -> _114227_/RESET_B : -90.651688
[setup in-reg] rst_n -> _114228_/RESET_B : -90.651688
[setup in-reg] rst_n -> _114229_/RESET_B : -90.651688
[setup in-reg] rst_n -> _114230_/RESET_B : -90.651688
[setup in-reg] rst_n -> _114231_/RESET_B : -90.651688
[setup in-reg] rst_n -> _114232_/RESET_B : -90.651688
[setup in-reg] rst_n -> _114233_/RESET_B : -90.651688
[setup in-reg] rst_n -> _114234_/RESET_B : -90.651688
[setup in-reg] rst_n -> _114235_/RESET_B : -90.651688
[setup in-reg] rst_n -> _114236_/RESET_B : -90.651688
[setup in-reg] rst_n -> _114237_/RESET_B : -90.651688
[setup in-reg] rst_n -> _114238_/RESET_B : -90.651688
[setup in-reg] rst_n -> _114239_/RESET_B : -90.651688
[setup in-reg] rst_n -> _114240_/RESET_B : -90.651688
[setup in-reg] rst_n -> _114241_/RESET_B : -90.651688
[setup in-reg] rst_n -> _114242_/RESET_B : -90.651688
[setup in-reg] rst_n -> _114243_/RESET_B : -90.651688
[setup in-reg] rst_n -> _114244_/RESET_B : -90.651688
[setup in-reg] rst_n -> _114245_/RESET_B : -90.651688
[setup in-reg] rst_n -> _114246_/RESET_B : -90.651688
[setup in-reg] rst_n -> _114247_/RESET_B : -90.651688
[setup in-reg] rst_n -> _114248_/RESET_B : -90.651688
[setup in-reg] rst_n -> _114249_/RESET_B : -90.651688
[setup in-reg] rst_n -> _114250_/RESET_B : -90.651688
[setup in-reg] rst_n -> _114251_/RESET_B : -90.651688
[setup in-reg] rst_n -> _114252_/RESET_B : -90.651688
[setup in-reg] rst_n -> _114253_/RESET_B : -90.651688
[setup in-reg] rst_n -> _114254_/RESET_B : -90.651688
[setup in-reg] rst_n -> _114255_/RESET_B : -90.651688
[setup in-reg] rst_n -> _114256_/RESET_B : -90.651688
[setup in-reg] rst_n -> _114257_/RESET_B : -90.651688
[setup in-reg] rst_n -> _114258_/RESET_B : -90.651688
[setup in-reg] rst_n -> _114259_/RESET_B : -90.651688
[setup in-reg] rst_n -> _114260_/RESET_B : -90.651688
[setup in-reg] rst_n -> _114261_/RESET_B : -90.651688
[setup in-reg] rst_n -> _114262_/RESET_B : -90.651688
[setup in-reg] rst_n -> _114263_/RESET_B : -90.651688
[setup in-reg] rst_n -> _114264_/RESET_B : -90.651688
[setup in-reg] rst_n -> _114265_/RESET_B : -90.651688
[setup in-reg] rst_n -> _114266_/RESET_B : -90.651688
[setup in-reg] rst_n -> _114267_/RESET_B : -90.651688
[setup in-reg] rst_n -> _114268_/RESET_B : -90.651688
[setup in-reg] rst_n -> _114269_/RESET_B : -90.651688
[setup in-reg] rst_n -> _114270_/RESET_B : -90.651688
[setup in-reg] rst_n -> _114271_/RESET_B : -90.651688
[setup in-reg] rst_n -> _114272_/RESET_B : -90.651688
[setup in-reg] rst_n -> _114273_/RESET_B : -90.651688
[setup in-reg] rst_n -> _114274_/RESET_B : -90.651688
[setup in-reg] rst_n -> _114275_/RESET_B : -90.651688
[setup in-reg] rst_n -> _114276_/RESET_B : -90.651688
[setup in-reg] rst_n -> _114277_/RESET_B : -90.651688
[setup in-reg] rst_n -> _114278_/RESET_B : -90.651688
[setup in-reg] rst_n -> _114279_/RESET_B : -90.651688
[setup in-reg] rst_n -> _114280_/RESET_B : -90.651688
[setup in-reg] rst_n -> _114281_/RESET_B : -90.651688
[setup in-reg] rst_n -> _114282_/RESET_B : -90.651688
[setup in-reg] rst_n -> _114283_/RESET_B : -90.651688
[setup in-reg] rst_n -> _114284_/RESET_B : -90.651688
[setup in-reg] rst_n -> _114285_/RESET_B : -90.651688
[setup in-reg] rst_n -> _114286_/RESET_B : -90.651688
[setup in-reg] rst_n -> _114287_/RESET_B : -90.651688
[setup in-reg] rst_n -> _114288_/RESET_B : -90.651688
[setup in-reg] rst_n -> _114289_/RESET_B : -90.651688
[setup in-reg] rst_n -> _114290_/RESET_B : -90.651688
[setup in-reg] rst_n -> _114291_/RESET_B : -90.651688
[setup in-reg] rst_n -> _114292_/RESET_B : -90.651688
[setup in-reg] rst_n -> _114293_/RESET_B : -90.651688
[setup in-reg] rst_n -> _114294_/RESET_B : -90.651688
[setup in-reg] rst_n -> _114295_/RESET_B : -90.651688
[setup in-reg] rst_n -> _114296_/RESET_B : -90.651688
[setup in-reg] rst_n -> _114297_/RESET_B : -90.651688
[setup in-reg] rst_n -> _114298_/RESET_B : -90.651688
[setup in-reg] rst_n -> _114299_/RESET_B : -90.651688
[setup in-reg] rst_n -> _114300_/RESET_B : -90.651688
[setup in-reg] rst_n -> _114301_/RESET_B : -90.651688
[setup in-reg] rst_n -> _114302_/RESET_B : -90.651688
[setup in-reg] rst_n -> _114303_/RESET_B : -90.651688
[setup in-reg] rst_n -> _114304_/RESET_B : -90.651688
[setup in-reg] rst_n -> _114305_/RESET_B : -90.651688
[setup in-reg] rst_n -> _114306_/RESET_B : -90.651688
[setup in-reg] rst_n -> _114307_/RESET_B : -90.651688
[setup in-reg] rst_n -> _114308_/RESET_B : -90.651688
[setup in-reg] rst_n -> _114309_/RESET_B : -90.651688
[setup in-reg] rst_n -> _114310_/RESET_B : -90.651688
[setup in-reg] rst_n -> _114311_/RESET_B : -90.651688
[setup in-reg] rst_n -> _114312_/RESET_B : -90.651688
[setup in-reg] rst_n -> _114313_/RESET_B : -90.651688
[setup in-reg] rst_n -> _114314_/RESET_B : -90.651688
[setup in-reg] rst_n -> _114315_/RESET_B : -90.651688
[setup in-reg] rst_n -> _114316_/RESET_B : -90.651688
[setup in-reg] rst_n -> _114317_/RESET_B : -90.651688
[setup in-reg] rst_n -> _114318_/RESET_B : -90.651688
[setup in-reg] rst_n -> _114319_/RESET_B : -90.651688
[setup in-reg] rst_n -> _114320_/RESET_B : -90.651688
[setup in-reg] rst_n -> _114321_/RESET_B : -90.651688
[setup in-reg] rst_n -> _114322_/RESET_B : -90.651688
[setup in-reg] rst_n -> _114323_/RESET_B : -90.651688
[setup in-reg] rst_n -> _114324_/RESET_B : -90.651688
[setup in-reg] rst_n -> _114325_/RESET_B : -90.651688
[setup in-reg] rst_n -> _114326_/RESET_B : -90.651688
[setup in-reg] rst_n -> _114327_/RESET_B : -90.651688
[setup in-reg] rst_n -> _114328_/RESET_B : -90.651688
[setup in-reg] rst_n -> _114329_/RESET_B : -90.651688
[setup in-reg] rst_n -> _114330_/RESET_B : -90.651688
[setup in-reg] rst_n -> _114331_/RESET_B : -90.651688
[setup in-reg] rst_n -> _114332_/RESET_B : -90.651688
[setup in-reg] rst_n -> _114333_/RESET_B : -90.651688
[setup in-reg] rst_n -> _114334_/RESET_B : -90.651688
[setup in-reg] rst_n -> _114335_/RESET_B : -90.651688
[setup in-reg] rst_n -> _114336_/RESET_B : -90.651688
[setup in-reg] rst_n -> _114337_/RESET_B : -90.651688
[setup in-reg] rst_n -> _114338_/RESET_B : -90.651688
[setup in-reg] rst_n -> _114339_/RESET_B : -90.651688
[setup in-reg] rst_n -> _114340_/RESET_B : -90.651688
[setup in-reg] rst_n -> _114341_/RESET_B : -90.651688
[setup in-reg] rst_n -> _114342_/RESET_B : -90.651688
[setup in-reg] rst_n -> _114343_/RESET_B : -90.651688
[setup in-reg] rst_n -> _114344_/RESET_B : -90.651688
[setup in-reg] rst_n -> _114345_/RESET_B : -90.651688
[setup in-reg] rst_n -> _114346_/RESET_B : -90.651688
[setup in-reg] rst_n -> _114347_/RESET_B : -90.651688
[setup in-reg] rst_n -> _114348_/RESET_B : -90.651688
[setup in-reg] rst_n -> _114349_/RESET_B : -90.651688
[setup in-reg] rst_n -> _114350_/RESET_B : -90.651688
[setup in-reg] rst_n -> _114351_/RESET_B : -90.651688
[setup in-reg] rst_n -> _114352_/RESET_B : -90.651688
[setup in-reg] rst_n -> _114353_/RESET_B : -90.651688
[setup in-reg] rst_n -> _114354_/RESET_B : -90.651688
[setup in-reg] rst_n -> _114355_/RESET_B : -90.651688
[setup in-reg] rst_n -> _114356_/RESET_B : -90.651688
[setup in-reg] rst_n -> _114357_/RESET_B : -90.651688
[setup in-reg] rst_n -> _114358_/RESET_B : -90.651688
[setup in-reg] rst_n -> _114359_/RESET_B : -90.651688
[setup in-reg] rst_n -> _114360_/RESET_B : -90.651688
[setup in-reg] rst_n -> _114361_/RESET_B : -90.651688
[setup in-reg] rst_n -> _114362_/RESET_B : -90.651688
[setup in-reg] rst_n -> _114363_/RESET_B : -90.651688
[setup in-reg] rst_n -> _114364_/RESET_B : -90.651688
[setup in-reg] rst_n -> _114365_/RESET_B : -90.651688
[setup in-reg] rst_n -> _114366_/RESET_B : -90.651688
[setup in-reg] rst_n -> _114367_/RESET_B : -90.651688
[setup in-reg] rst_n -> _114368_/RESET_B : -90.651688
[setup in-reg] rst_n -> _114369_/RESET_B : -90.651688
[setup in-reg] rst_n -> _114370_/RESET_B : -90.651688
[setup in-reg] rst_n -> _114371_/RESET_B : -90.651688
[setup in-reg] rst_n -> _114372_/RESET_B : -90.651688
[setup in-reg] rst_n -> _114373_/RESET_B : -90.651688
[setup in-reg] rst_n -> _114374_/RESET_B : -90.651688
[setup in-reg] rst_n -> _114375_/RESET_B : -90.651688
[setup in-reg] rst_n -> _114376_/RESET_B : -90.651688
[setup in-reg] rst_n -> _114377_/RESET_B : -90.651688
[setup in-reg] rst_n -> _114378_/RESET_B : -90.651688
[setup in-reg] rst_n -> _114379_/RESET_B : -90.651688
[setup in-reg] rst_n -> _114380_/RESET_B : -90.651688
[setup in-reg] rst_n -> _114381_/RESET_B : -90.651688
[setup in-reg] rst_n -> _114382_/RESET_B : -90.651688
[setup in-reg] rst_n -> _114383_/RESET_B : -90.651688
[setup in-reg] rst_n -> _114384_/RESET_B : -90.651688
[setup in-reg] rst_n -> _114385_/RESET_B : -90.651688
[setup in-reg] rst_n -> _114386_/RESET_B : -90.651688
[setup in-reg] rst_n -> _114387_/RESET_B : -90.651688
[setup in-reg] rst_n -> _114388_/RESET_B : -90.651688
[setup in-reg] rst_n -> _114389_/RESET_B : -90.651688
[setup in-reg] rst_n -> _114390_/RESET_B : -90.651688
[setup in-reg] rst_n -> _114391_/RESET_B : -90.651688
[setup in-reg] rst_n -> _114392_/RESET_B : -90.651688
[setup in-reg] rst_n -> _114393_/RESET_B : -90.651688
[setup in-reg] rst_n -> _114394_/RESET_B : -90.651688
[setup in-reg] rst_n -> _114395_/RESET_B : -90.651688
[setup in-reg] rst_n -> _114396_/RESET_B : -90.651688
[setup in-reg] rst_n -> _114397_/RESET_B : -90.651688
[setup in-reg] rst_n -> _114398_/RESET_B : -90.651688
[setup in-reg] rst_n -> _114399_/RESET_B : -90.651688
[setup in-reg] rst_n -> _114400_/RESET_B : -90.651688
[setup in-reg] rst_n -> _114401_/RESET_B : -90.651688
[setup in-reg] rst_n -> _114402_/RESET_B : -90.651688
[setup in-reg] rst_n -> _114403_/RESET_B : -90.651688
[setup in-reg] rst_n -> _114404_/RESET_B : -90.651688
[setup in-reg] rst_n -> _114405_/RESET_B : -90.651688
[setup in-reg] rst_n -> _114406_/RESET_B : -90.651688
[setup in-reg] rst_n -> _114407_/RESET_B : -90.651688
[setup in-reg] rst_n -> _114408_/RESET_B : -90.651688
[setup in-reg] rst_n -> _114409_/RESET_B : -90.651688
[setup in-reg] rst_n -> _114410_/RESET_B : -90.651688
[setup in-reg] rst_n -> _114411_/RESET_B : -90.651688
[setup in-reg] rst_n -> _114412_/RESET_B : -90.651688
[setup in-reg] rst_n -> _114413_/RESET_B : -90.651688
[setup in-reg] rst_n -> _114414_/RESET_B : -90.651688
[setup in-reg] rst_n -> _114415_/RESET_B : -90.651688
[setup in-reg] rst_n -> _114416_/RESET_B : -90.651688
[setup in-reg] rst_n -> _114417_/RESET_B : -90.651688
[setup in-reg] rst_n -> _114418_/RESET_B : -90.651688
[setup in-reg] rst_n -> _114419_/RESET_B : -90.651688
[setup in-reg] rst_n -> _114420_/RESET_B : -90.651688
[setup in-reg] rst_n -> _114421_/RESET_B : -90.651688
[setup in-reg] rst_n -> _114422_/RESET_B : -90.651688
[setup in-reg] rst_n -> _114423_/RESET_B : -90.651688
[setup in-reg] rst_n -> _114424_/RESET_B : -90.651688
[setup in-reg] rst_n -> _114425_/RESET_B : -90.651688
[setup in-reg] rst_n -> _114426_/RESET_B : -90.651688
[setup in-reg] rst_n -> _114427_/RESET_B : -90.651688
[setup in-reg] rst_n -> _114428_/RESET_B : -90.651688
[setup in-reg] rst_n -> _114429_/RESET_B : -90.651688
[setup in-reg] rst_n -> _114430_/RESET_B : -90.651688
[setup in-reg] rst_n -> _114431_/RESET_B : -90.651688
[setup in-reg] rst_n -> _114432_/RESET_B : -90.651688
[setup in-reg] rst_n -> _114433_/RESET_B : -90.651688
[setup in-reg] rst_n -> _114434_/RESET_B : -90.651688
[setup in-reg] rst_n -> _114435_/RESET_B : -90.651688
[setup in-reg] rst_n -> _114436_/RESET_B : -90.651688
[setup in-reg] rst_n -> _114437_/RESET_B : -90.651688
[setup in-reg] rst_n -> _114438_/RESET_B : -90.651688
[setup in-reg] rst_n -> _114439_/RESET_B : -90.651688
[setup in-reg] rst_n -> _114440_/RESET_B : -90.651688
[setup in-reg] rst_n -> _114441_/RESET_B : -90.651688
[setup in-reg] rst_n -> _114442_/RESET_B : -90.651688
[setup in-reg] rst_n -> _114443_/RESET_B : -90.651688
[setup in-reg] rst_n -> _114444_/RESET_B : -90.651688
[setup in-reg] rst_n -> _114445_/RESET_B : -90.651688
[setup in-reg] rst_n -> _114446_/RESET_B : -90.651688
[setup in-reg] rst_n -> _114447_/RESET_B : -90.651688
[setup in-reg] rst_n -> _114448_/RESET_B : -90.651688
[setup in-reg] rst_n -> _114449_/RESET_B : -90.651688
[setup in-reg] rst_n -> _114450_/RESET_B : -90.651688
[setup in-reg] rst_n -> _114451_/RESET_B : -90.651688
[setup in-reg] rst_n -> _114452_/RESET_B : -90.651688
[setup in-reg] rst_n -> _114453_/RESET_B : -90.651688
[setup in-reg] rst_n -> _114454_/RESET_B : -90.651688
[setup in-reg] rst_n -> _114455_/RESET_B : -90.651688
[setup in-reg] rst_n -> _114456_/RESET_B : -90.651688
[setup in-reg] rst_n -> _114457_/RESET_B : -90.651688
[setup in-reg] rst_n -> _114458_/RESET_B : -90.651688
[setup in-reg] rst_n -> _114459_/RESET_B : -90.651688
[setup in-reg] rst_n -> _114460_/RESET_B : -90.651688
[setup in-reg] rst_n -> _114461_/RESET_B : -90.651688
[setup in-reg] rst_n -> _114462_/RESET_B : -90.651688
[setup in-reg] rst_n -> _114463_/RESET_B : -90.651688
[setup in-reg] rst_n -> _114464_/RESET_B : -90.651688
[setup in-reg] rst_n -> _114465_/RESET_B : -90.651688
[setup in-reg] rst_n -> _114466_/RESET_B : -90.651688
[setup in-reg] rst_n -> _114467_/RESET_B : -90.651688
[setup in-reg] rst_n -> _114468_/RESET_B : -90.651688
[setup in-reg] rst_n -> _114469_/RESET_B : -90.651688
[setup in-reg] rst_n -> _114470_/RESET_B : -90.651688
[setup in-reg] rst_n -> _114471_/RESET_B : -90.651688
[setup in-reg] rst_n -> _114472_/RESET_B : -90.651688
[setup in-reg] rst_n -> _114473_/RESET_B : -90.651688
[setup in-reg] rst_n -> _114474_/RESET_B : -90.651688
[setup in-reg] rst_n -> _114475_/RESET_B : -90.651688
[setup in-reg] rst_n -> _114476_/RESET_B : -90.651688
[setup in-reg] rst_n -> _114477_/RESET_B : -90.651688
[setup in-reg] rst_n -> _114478_/RESET_B : -90.651688
[setup in-reg] rst_n -> _114479_/RESET_B : -90.651688
[setup in-reg] rst_n -> _114480_/RESET_B : -90.651688
[setup in-reg] rst_n -> _114481_/RESET_B : -90.651688
[setup in-reg] rst_n -> _114482_/RESET_B : -90.651688
[setup in-reg] rst_n -> _114483_/RESET_B : -90.651688
[setup in-reg] rst_n -> _114484_/RESET_B : -90.651688
[setup in-reg] rst_n -> _114485_/RESET_B : -90.651688
[setup in-reg] rst_n -> _114486_/RESET_B : -90.651688
[setup in-reg] rst_n -> _114487_/RESET_B : -90.651688
[setup in-reg] rst_n -> _114488_/RESET_B : -90.651688
[setup in-reg] rst_n -> _114489_/RESET_B : -90.651688
[setup in-reg] rst_n -> _114490_/RESET_B : -90.651688
[setup in-reg] rst_n -> _114491_/RESET_B : -90.651688
[setup in-reg] rst_n -> _114492_/RESET_B : -90.651688
[setup in-reg] rst_n -> _114493_/RESET_B : -90.651688
[setup in-reg] rst_n -> _114494_/RESET_B : -90.651688
[setup in-reg] rst_n -> _114495_/RESET_B : -90.651688
[setup in-reg] rst_n -> _114496_/RESET_B : -90.651688
[setup in-reg] rst_n -> _114497_/RESET_B : -90.651688
[setup in-reg] rst_n -> _114498_/RESET_B : -90.651688
[setup in-reg] rst_n -> _114499_/RESET_B : -90.651688
[setup in-reg] rst_n -> _114500_/RESET_B : -90.651688
[setup in-reg] rst_n -> _114501_/RESET_B : -90.651688
[setup in-reg] rst_n -> _114502_/RESET_B : -90.651688
[setup in-reg] rst_n -> _114503_/RESET_B : -90.651688
[setup in-reg] rst_n -> _114504_/RESET_B : -90.651688
[setup in-reg] rst_n -> _114505_/RESET_B : -90.651688
[setup in-reg] rst_n -> _114506_/RESET_B : -90.651688
[setup in-reg] rst_n -> _114507_/RESET_B : -90.651688
[setup in-reg] rst_n -> _114508_/RESET_B : -90.651688
[setup in-reg] rst_n -> _114509_/RESET_B : -90.651688
[setup in-reg] rst_n -> _114510_/RESET_B : -90.651688
[setup in-reg] rst_n -> _114511_/RESET_B : -90.651688
[setup in-reg] rst_n -> _114512_/RESET_B : -90.651688
[setup in-reg] rst_n -> _114513_/RESET_B : -90.651688
[setup in-reg] rst_n -> _114514_/RESET_B : -90.651688
[setup in-reg] rst_n -> _114515_/RESET_B : -90.651688
[setup in-reg] rst_n -> _114516_/RESET_B : -90.651688
[setup in-reg] rst_n -> _114517_/RESET_B : -90.651688
[setup in-reg] rst_n -> _114518_/RESET_B : -90.651688
[setup in-reg] rst_n -> _114519_/RESET_B : -90.651688
[setup in-reg] rst_n -> _114520_/RESET_B : -90.651688
[setup in-reg] rst_n -> _114521_/RESET_B : -90.651688
[setup in-reg] rst_n -> _114522_/RESET_B : -90.651688
[setup in-reg] rst_n -> _114523_/RESET_B : -90.651688
[setup in-reg] rst_n -> _114524_/RESET_B : -90.651688
[setup in-reg] rst_n -> _114525_/RESET_B : -90.651688
[setup in-reg] rst_n -> _114526_/RESET_B : -90.651688
[setup in-reg] rst_n -> _114527_/RESET_B : -90.651688
[setup in-reg] rst_n -> _114528_/RESET_B : -90.651688
[setup in-reg] rst_n -> _114529_/RESET_B : -90.651688
[setup in-reg] rst_n -> _114530_/RESET_B : -90.651688
[setup in-reg] rst_n -> _114531_/RESET_B : -90.651688
[setup in-reg] rst_n -> _114532_/RESET_B : -90.651688
[setup in-reg] rst_n -> _114533_/RESET_B : -90.651688
[setup in-reg] rst_n -> _114534_/RESET_B : -90.651688
[setup in-reg] rst_n -> _114535_/RESET_B : -90.651688
[setup in-reg] rst_n -> _114536_/RESET_B : -90.651688
[setup in-reg] rst_n -> _114537_/RESET_B : -90.651688
[setup in-reg] rst_n -> _114538_/RESET_B : -90.651688
[setup in-reg] rst_n -> _114539_/RESET_B : -90.651688
[setup in-reg] rst_n -> _114540_/RESET_B : -90.651688
[setup in-reg] rst_n -> _114541_/RESET_B : -90.651688
[setup in-reg] rst_n -> _114542_/RESET_B : -90.651688
[setup in-reg] rst_n -> _114543_/RESET_B : -90.651688
[setup in-reg] rst_n -> _114544_/RESET_B : -90.651688
[setup in-reg] rst_n -> _114545_/RESET_B : -90.651688
[setup in-reg] rst_n -> _114546_/RESET_B : -90.651688
[setup in-reg] rst_n -> _114547_/RESET_B : -90.651688
[setup in-reg] rst_n -> _114548_/RESET_B : -90.651688
[setup in-reg] rst_n -> _114549_/RESET_B : -90.651688
[setup in-reg] rst_n -> _114550_/RESET_B : -90.651688
[setup in-reg] rst_n -> _114551_/RESET_B : -90.651688
[setup in-reg] rst_n -> _114552_/RESET_B : -90.651688
[setup in-reg] rst_n -> _114553_/RESET_B : -90.651688
[setup in-reg] rst_n -> _114554_/RESET_B : -90.651688
[setup in-reg] rst_n -> _114555_/RESET_B : -90.651688
[setup in-reg] rst_n -> _114556_/RESET_B : -90.651688
[setup in-reg] rst_n -> _114557_/RESET_B : -90.651688
[setup in-reg] rst_n -> _114558_/RESET_B : -90.651688
[setup in-reg] rst_n -> _114559_/RESET_B : -90.651688
[setup in-reg] rst_n -> _114560_/RESET_B : -90.651688
[setup in-reg] rst_n -> _114561_/RESET_B : -90.651688
[setup in-reg] rst_n -> _114562_/RESET_B : -90.651688
[setup in-reg] rst_n -> _114563_/RESET_B : -90.651688
[setup in-reg] rst_n -> _114564_/RESET_B : -90.651688
[setup in-reg] rst_n -> _114565_/RESET_B : -90.651688
[setup in-reg] rst_n -> _114566_/RESET_B : -90.651688
[setup in-reg] rst_n -> _114567_/RESET_B : -90.651688
[setup in-reg] rst_n -> _114568_/RESET_B : -90.651688
[setup in-reg] rst_n -> _114569_/RESET_B : -90.651688
[setup in-reg] rst_n -> _114570_/RESET_B : -90.651688
[setup in-reg] rst_n -> _114571_/RESET_B : -90.651688
[setup in-reg] rst_n -> _114572_/RESET_B : -90.651688
[setup in-reg] rst_n -> _114573_/RESET_B : -90.651688
[setup in-reg] rst_n -> _114574_/RESET_B : -90.651688
[setup in-reg] rst_n -> _114575_/RESET_B : -90.651688
[setup in-reg] rst_n -> _114576_/RESET_B : -90.651688
[setup in-reg] rst_n -> _114577_/RESET_B : -90.651688
[setup in-reg] rst_n -> _114578_/RESET_B : -90.651688
[setup in-reg] rst_n -> _114579_/RESET_B : -90.651688
[setup in-reg] rst_n -> _114580_/RESET_B : -90.651688
[setup in-reg] rst_n -> _114581_/RESET_B : -90.651688
[setup in-reg] rst_n -> _114582_/RESET_B : -90.651688
[setup in-reg] rst_n -> _114583_/RESET_B : -90.651688
[setup in-reg] rst_n -> _114584_/RESET_B : -90.651688
[setup in-reg] rst_n -> _114585_/RESET_B : -90.651688
[setup in-reg] rst_n -> _114586_/RESET_B : -90.651688
[setup in-reg] rst_n -> _114587_/RESET_B : -90.651688
[setup in-reg] rst_n -> _114588_/RESET_B : -90.651688
[setup in-reg] rst_n -> _114589_/RESET_B : -90.651688
[setup in-reg] rst_n -> _114590_/RESET_B : -90.651688
[setup in-reg] rst_n -> _114591_/RESET_B : -90.651688
[setup in-reg] rst_n -> _114592_/RESET_B : -90.651688
[setup in-reg] rst_n -> _114593_/RESET_B : -90.651688
[setup in-reg] rst_n -> _114594_/RESET_B : -90.651688
[setup in-reg] rst_n -> _114595_/RESET_B : -90.651688
[setup in-reg] rst_n -> _114596_/RESET_B : -90.651688
[setup in-reg] rst_n -> _114597_/RESET_B : -90.651688
[setup in-reg] rst_n -> _114598_/RESET_B : -90.651688
[setup in-reg] rst_n -> _114599_/RESET_B : -90.651688
[setup in-reg] rst_n -> _114600_/RESET_B : -90.651688
[setup in-reg] rst_n -> _114601_/RESET_B : -90.651688
[setup in-reg] rst_n -> _114602_/RESET_B : -90.651688
[setup in-reg] rst_n -> _114603_/RESET_B : -90.651688
[setup in-reg] rst_n -> _114604_/RESET_B : -90.651688
[setup in-reg] rst_n -> _114605_/RESET_B : -90.651688
[setup in-reg] rst_n -> _114606_/RESET_B : -90.651688
[setup in-reg] rst_n -> _114607_/RESET_B : -90.651688
[setup in-reg] rst_n -> _114608_/RESET_B : -90.651688
[setup in-reg] rst_n -> _114609_/RESET_B : -90.651688
[setup in-reg] rst_n -> _114610_/RESET_B : -90.651688
[setup in-reg] rst_n -> _114611_/RESET_B : -90.651688
[setup in-reg] rst_n -> _114612_/RESET_B : -90.651688
[setup in-reg] rst_n -> _114613_/RESET_B : -90.651688
[setup in-reg] rst_n -> _114614_/RESET_B : -90.651688
[setup in-reg] rst_n -> _114615_/RESET_B : -90.651688
[setup in-reg] rst_n -> _114616_/RESET_B : -90.651688
[setup in-reg] rst_n -> _114617_/RESET_B : -90.651688
[setup in-reg] rst_n -> _114618_/RESET_B : -90.651688
[setup in-reg] rst_n -> _114619_/RESET_B : -90.651688
[setup in-reg] rst_n -> _114620_/RESET_B : -90.651688
[setup in-reg] rst_n -> _114621_/RESET_B : -90.651688
[setup in-reg] rst_n -> _114622_/RESET_B : -90.651688
[setup in-reg] rst_n -> _114623_/RESET_B : -90.651688
[setup in-reg] rst_n -> _114624_/RESET_B : -90.651688
[setup in-reg] rst_n -> _114625_/RESET_B : -90.651688
[setup in-reg] rst_n -> _114626_/RESET_B : -90.651688
[setup in-reg] rst_n -> _114627_/RESET_B : -90.651688
[setup in-reg] rst_n -> _114628_/RESET_B : -90.651688
[setup in-reg] rst_n -> _114629_/RESET_B : -90.651688
[setup in-reg] rst_n -> _114630_/RESET_B : -90.651688
[setup in-reg] rst_n -> _114631_/RESET_B : -90.651688
[setup in-reg] rst_n -> _114632_/RESET_B : -90.651688
[setup in-reg] rst_n -> _114633_/RESET_B : -90.651688
[setup in-reg] rst_n -> _114634_/RESET_B : -90.651688
[setup in-reg] rst_n -> _114635_/RESET_B : -90.651688
[setup in-reg] rst_n -> _114636_/RESET_B : -90.651688
[setup in-reg] rst_n -> _114637_/RESET_B : -90.651688
[setup in-reg] rst_n -> _114638_/RESET_B : -90.651688
[setup in-reg] rst_n -> _114639_/RESET_B : -90.651688
[setup in-reg] rst_n -> _114640_/RESET_B : -90.651688
[setup in-reg] rst_n -> _114641_/RESET_B : -90.651688
[setup in-reg] rst_n -> _114642_/RESET_B : -90.651688
[setup in-reg] rst_n -> _114643_/RESET_B : -90.651688
[setup in-reg] rst_n -> _114644_/RESET_B : -90.651688
[setup in-reg] rst_n -> _114645_/RESET_B : -90.651688
[setup in-reg] rst_n -> _114646_/RESET_B : -90.651688
[setup in-reg] rst_n -> _114647_/RESET_B : -90.651688
[setup in-reg] rst_n -> _114648_/RESET_B : -90.651688
[setup in-reg] rst_n -> _114649_/RESET_B : -90.651688
[setup in-reg] rst_n -> _114650_/RESET_B : -90.651688
[setup in-reg] rst_n -> _114651_/RESET_B : -90.651688
[setup in-reg] rst_n -> _114652_/RESET_B : -90.651688
[setup in-reg] rst_n -> _114653_/RESET_B : -90.651688
[setup in-reg] rst_n -> _114654_/RESET_B : -90.651688
[setup in-reg] rst_n -> _114655_/RESET_B : -90.651688
[setup in-reg] rst_n -> _114656_/RESET_B : -90.651688
[setup in-reg] rst_n -> _114657_/RESET_B : -90.651688
[setup in-reg] rst_n -> _114658_/RESET_B : -90.651688
[setup in-reg] rst_n -> _114659_/RESET_B : -90.651688
[setup in-reg] rst_n -> _114660_/RESET_B : -90.651688
[setup in-reg] rst_n -> _114661_/RESET_B : -90.651688
[setup in-reg] rst_n -> _114662_/RESET_B : -90.651688
[setup in-reg] rst_n -> _114663_/RESET_B : -90.651688
[setup in-reg] rst_n -> _114664_/RESET_B : -90.651688
[setup in-reg] rst_n -> _114665_/RESET_B : -90.651688
[setup in-reg] rst_n -> _114666_/RESET_B : -90.651688
[setup in-reg] rst_n -> _114667_/RESET_B : -90.651688
[setup in-reg] rst_n -> _114668_/RESET_B : -90.651688
[setup in-reg] rst_n -> _114669_/RESET_B : -90.651688
[setup in-reg] rst_n -> _114670_/RESET_B : -90.651688
[setup in-reg] rst_n -> _114671_/RESET_B : -90.651688
[setup in-reg] rst_n -> _114672_/RESET_B : -90.651688
[setup in-reg] rst_n -> _114673_/RESET_B : -90.651688
[setup in-reg] rst_n -> _114674_/RESET_B : -90.651688
[setup in-reg] rst_n -> _114675_/RESET_B : -90.651688
[setup in-reg] rst_n -> _114676_/RESET_B : -90.651688
[setup in-reg] rst_n -> _114677_/RESET_B : -90.651688
[setup in-reg] rst_n -> _114678_/RESET_B : -90.651688
[setup in-reg] rst_n -> _114679_/RESET_B : -90.651688
[setup in-reg] rst_n -> _114680_/RESET_B : -90.651688
[setup in-reg] rst_n -> _114681_/RESET_B : -90.651688
[setup in-reg] rst_n -> _114682_/RESET_B : -90.651688
[setup in-reg] rst_n -> _114683_/RESET_B : -90.651688
[setup in-reg] rst_n -> _114684_/RESET_B : -90.651688
[setup in-reg] rst_n -> _114685_/RESET_B : -90.651688
[setup in-reg] rst_n -> _114686_/RESET_B : -90.651688
[setup in-reg] rst_n -> _114687_/RESET_B : -90.651688
[setup in-reg] rst_n -> _114688_/RESET_B : -90.651688
[setup in-reg] rst_n -> _114689_/RESET_B : -90.651688
[setup in-reg] rst_n -> _114690_/RESET_B : -90.651688
[setup in-reg] rst_n -> _114691_/RESET_B : -90.651688
[setup in-reg] rst_n -> _114692_/RESET_B : -90.651688
[setup in-reg] rst_n -> _114693_/RESET_B : -90.651688
[setup in-reg] rst_n -> _114694_/RESET_B : -90.651688
[setup in-reg] rst_n -> _114695_/RESET_B : -90.651688
[setup in-reg] rst_n -> _114696_/RESET_B : -90.651688
[setup in-reg] rst_n -> _114697_/RESET_B : -90.651688
[setup in-reg] rst_n -> _114698_/RESET_B : -90.651688
[setup in-reg] rst_n -> _114699_/RESET_B : -90.651688
[setup in-reg] rst_n -> _114700_/RESET_B : -90.651688
[setup in-reg] rst_n -> _114701_/RESET_B : -90.651688
[setup in-reg] rst_n -> _114702_/RESET_B : -90.651688
[setup in-reg] rst_n -> _114703_/RESET_B : -90.651688
[setup in-reg] rst_n -> _114704_/RESET_B : -90.651688
[setup in-reg] rst_n -> _114705_/RESET_B : -90.651688
[setup in-reg] rst_n -> _114706_/RESET_B : -90.651688
[setup in-reg] rst_n -> _114707_/RESET_B : -90.651688
[setup in-reg] rst_n -> _114708_/RESET_B : -90.651688
[setup in-reg] rst_n -> _114709_/RESET_B : -90.651688
[setup in-reg] rst_n -> _114710_/RESET_B : -90.651688
[setup in-reg] rst_n -> _114711_/RESET_B : -90.651688
[setup in-reg] rst_n -> _114712_/RESET_B : -90.651688
[setup in-reg] rst_n -> _114713_/RESET_B : -90.651688
[setup in-reg] rst_n -> _114714_/RESET_B : -90.651688
[setup in-reg] rst_n -> _114715_/RESET_B : -90.651688
[setup in-reg] rst_n -> _114716_/RESET_B : -90.651688
[setup in-reg] rst_n -> _114717_/RESET_B : -90.651688
[setup in-reg] rst_n -> _114718_/RESET_B : -90.651688
[setup in-reg] rst_n -> _114719_/RESET_B : -90.651688
[setup in-reg] rst_n -> _114720_/RESET_B : -90.651688
[setup in-reg] rst_n -> _114721_/RESET_B : -90.651688
[setup in-reg] rst_n -> _114722_/RESET_B : -90.651688
[setup in-reg] rst_n -> _114723_/RESET_B : -90.651688
[setup in-reg] rst_n -> _114724_/RESET_B : -90.651688
[setup in-reg] rst_n -> _114725_/RESET_B : -90.651688
[setup in-reg] rst_n -> _114726_/RESET_B : -90.651688
[setup in-reg] rst_n -> _114727_/RESET_B : -90.651688
[setup in-reg] rst_n -> _114728_/RESET_B : -90.651688
[setup in-reg] rst_n -> _114729_/RESET_B : -90.651688
[setup in-reg] rst_n -> _114730_/RESET_B : -90.651688
[setup in-reg] rst_n -> _114731_/RESET_B : -90.651688
[setup in-reg] rst_n -> _114732_/RESET_B : -90.651688
[setup in-reg] rst_n -> _114733_/RESET_B : -90.651688
[setup in-reg] rst_n -> _114734_/RESET_B : -90.651688
[setup in-reg] rst_n -> _114735_/RESET_B : -90.651688
[setup in-reg] rst_n -> _114736_/RESET_B : -90.651688
[setup in-reg] rst_n -> _114737_/RESET_B : -90.651688
[setup in-reg] rst_n -> _114738_/RESET_B : -90.651688
[setup in-reg] rst_n -> _114739_/RESET_B : -90.651688
[setup in-reg] rst_n -> _114740_/RESET_B : -90.651688
[setup in-reg] rst_n -> _114741_/RESET_B : -90.651688
[setup in-reg] rst_n -> _114742_/RESET_B : -90.651688
[setup in-reg] rst_n -> _114743_/RESET_B : -90.651688
[setup in-reg] rst_n -> _114744_/RESET_B : -90.651688
[setup in-reg] rst_n -> _114745_/RESET_B : -90.651688
[setup in-reg] rst_n -> _114746_/RESET_B : -90.651688
[setup in-reg] rst_n -> _114747_/RESET_B : -90.651688
[setup in-reg] rst_n -> _114748_/RESET_B : -90.651688
[setup in-reg] rst_n -> _114749_/RESET_B : -90.651688
[setup in-reg] rst_n -> _114750_/RESET_B : -90.651688
[setup in-reg] rst_n -> _114751_/RESET_B : -90.651688
[setup in-reg] rst_n -> _114752_/RESET_B : -90.651688
[setup in-reg] rst_n -> _114753_/RESET_B : -90.651688
[setup in-reg] rst_n -> _114754_/RESET_B : -90.651688
[setup in-reg] rst_n -> _114755_/RESET_B : -90.651688
[setup in-reg] rst_n -> _114756_/RESET_B : -90.651688
[setup in-reg] rst_n -> _114757_/RESET_B : -90.651688
[setup in-reg] rst_n -> _114758_/RESET_B : -90.651688
[setup in-reg] rst_n -> _114759_/RESET_B : -90.651688
[setup in-reg] rst_n -> _114760_/RESET_B : -90.651688
[setup in-reg] rst_n -> _114761_/RESET_B : -90.651688
[setup in-reg] rst_n -> _114762_/RESET_B : -90.651688
[setup in-reg] rst_n -> _114763_/RESET_B : -90.651688
[setup in-reg] rst_n -> _114764_/RESET_B : -90.651688
[setup in-reg] rst_n -> _114765_/RESET_B : -90.651688
[setup in-reg] rst_n -> _114766_/RESET_B : -90.651688
[setup in-reg] rst_n -> _114767_/RESET_B : -90.651688
[setup in-reg] rst_n -> _114768_/RESET_B : -90.651688
[setup in-reg] rst_n -> _114769_/RESET_B : -90.651688
[setup in-reg] rst_n -> _114770_/RESET_B : -90.651688
[setup in-reg] rst_n -> _114771_/RESET_B : -90.651688
[setup in-reg] rst_n -> _114772_/RESET_B : -90.651688
[setup in-reg] rst_n -> _114773_/RESET_B : -90.651688
[setup in-reg] rst_n -> _114774_/RESET_B : -90.651688
[setup in-reg] rst_n -> _114775_/RESET_B : -90.651688
[setup in-reg] rst_n -> _114776_/RESET_B : -90.651688
[setup in-reg] rst_n -> _114777_/RESET_B : -90.651688
[setup in-reg] rst_n -> _114778_/RESET_B : -90.651688
[setup in-reg] rst_n -> _114779_/RESET_B : -90.651688
[setup in-reg] rst_n -> _114780_/RESET_B : -90.651688
[setup in-reg] rst_n -> _114781_/RESET_B : -90.651688
[setup in-reg] rst_n -> _114782_/RESET_B : -90.651688
[setup in-reg] rst_n -> _114783_/RESET_B : -90.651688
[setup in-reg] rst_n -> _114784_/RESET_B : -90.651688
[setup in-reg] rst_n -> _114785_/RESET_B : -90.651688
[setup in-reg] rst_n -> _114786_/RESET_B : -90.651688
[setup in-reg] rst_n -> _114787_/RESET_B : -90.651688
[setup in-reg] rst_n -> _114788_/RESET_B : -90.651688
[setup in-reg] rst_n -> _114789_/RESET_B : -90.651688
[setup in-reg] rst_n -> _114790_/RESET_B : -90.651688
[setup in-reg] rst_n -> _114791_/RESET_B : -90.651688
[setup in-reg] rst_n -> _114792_/RESET_B : -90.651688
[setup in-reg] rst_n -> _114793_/RESET_B : -90.651688
[setup in-reg] rst_n -> _114794_/RESET_B : -90.651688
[setup in-reg] rst_n -> _114795_/RESET_B : -90.651688
[setup in-reg] rst_n -> _114796_/RESET_B : -90.651688
[setup in-reg] rst_n -> _114797_/RESET_B : -90.651688
[setup in-reg] rst_n -> _114798_/RESET_B : -90.651688
[setup in-reg] rst_n -> _114799_/RESET_B : -90.651688
[setup in-reg] rst_n -> _114800_/RESET_B : -90.651688
[setup in-reg] rst_n -> _114801_/RESET_B : -90.651688
[setup in-reg] rst_n -> _114802_/RESET_B : -90.651688
[setup in-reg] rst_n -> _114803_/RESET_B : -90.651688
[setup in-reg] rst_n -> _114804_/RESET_B : -90.651688
[setup in-reg] rst_n -> _114805_/RESET_B : -90.651688
[setup in-reg] rst_n -> _114806_/RESET_B : -90.651688
[setup in-reg] rst_n -> _114807_/RESET_B : -90.651688
[setup in-reg] rst_n -> _114808_/RESET_B : -90.651688
[setup in-reg] rst_n -> _114809_/RESET_B : -90.651688
[setup in-reg] rst_n -> _114810_/RESET_B : -90.651688
[setup in-reg] rst_n -> _114811_/RESET_B : -90.651688
[setup in-reg] rst_n -> _114812_/RESET_B : -90.651688
[setup in-reg] rst_n -> _114813_/RESET_B : -90.651688
[setup in-reg] rst_n -> _114814_/RESET_B : -90.651688
[setup in-reg] rst_n -> _114815_/RESET_B : -90.651688
[setup in-reg] rst_n -> _114816_/RESET_B : -90.651688
[setup in-reg] rst_n -> _114817_/RESET_B : -90.651688
[setup in-reg] rst_n -> _114818_/RESET_B : -90.651688
[setup in-reg] rst_n -> _114819_/RESET_B : -90.651688
[setup in-reg] rst_n -> _114820_/RESET_B : -90.651688
[setup in-reg] rst_n -> _114821_/RESET_B : -90.651688
[setup in-reg] rst_n -> _114822_/RESET_B : -90.651688
[setup in-reg] rst_n -> _114823_/RESET_B : -90.651688
[setup in-reg] rst_n -> _114824_/RESET_B : -90.651688
[setup in-reg] rst_n -> _114825_/RESET_B : -90.651688
[setup in-reg] rst_n -> _114826_/RESET_B : -90.651688
[setup in-reg] rst_n -> _114827_/RESET_B : -90.651688
[setup in-reg] rst_n -> _114828_/RESET_B : -90.651688
[setup in-reg] rst_n -> _114829_/RESET_B : -90.651688
[setup in-reg] rst_n -> _114830_/RESET_B : -90.651688
[setup in-reg] rst_n -> _114831_/RESET_B : -90.651688
[setup in-reg] rst_n -> _114832_/RESET_B : -90.651688
[setup in-reg] rst_n -> _114833_/RESET_B : -90.651688
[setup in-reg] rst_n -> _114834_/RESET_B : -90.651688
[setup in-reg] rst_n -> _114835_/RESET_B : -90.651688
[setup in-reg] rst_n -> _114836_/RESET_B : -90.651688
[setup in-reg] rst_n -> _114837_/RESET_B : -90.651688
[setup in-reg] rst_n -> _114838_/RESET_B : -90.651688
[setup in-reg] rst_n -> _114839_/RESET_B : -90.651688
[setup in-reg] rst_n -> _114840_/RESET_B : -90.651688
[setup in-reg] rst_n -> _114841_/RESET_B : -90.651688
[setup in-reg] rst_n -> _114842_/RESET_B : -90.651688
[setup in-reg] rst_n -> _114843_/RESET_B : -90.651688
[setup in-reg] rst_n -> _114844_/RESET_B : -90.651688
[setup in-reg] rst_n -> _114845_/RESET_B : -90.651688
[setup in-reg] rst_n -> _114846_/RESET_B : -90.651688
[setup in-reg] rst_n -> _114847_/RESET_B : -90.651688
[setup in-reg] rst_n -> _114848_/RESET_B : -90.651688
[setup in-reg] rst_n -> _114849_/RESET_B : -90.651688
[setup in-reg] rst_n -> _114850_/RESET_B : -90.651688
[setup in-reg] rst_n -> _114851_/RESET_B : -90.651688
[setup in-reg] rst_n -> _114852_/RESET_B : -90.651688
[setup in-reg] rst_n -> _114853_/RESET_B : -90.651688
[setup in-reg] rst_n -> _114854_/RESET_B : -90.651688
[setup in-reg] rst_n -> _114855_/RESET_B : -90.651688
[setup in-reg] rst_n -> _114856_/RESET_B : -90.651688
[setup in-reg] rst_n -> _114857_/RESET_B : -90.651688
[setup in-reg] rst_n -> _114858_/RESET_B : -90.651688
[setup in-reg] rst_n -> _114859_/RESET_B : -90.651688
[setup in-reg] rst_n -> _114860_/RESET_B : -90.651688
[setup in-reg] rst_n -> _114861_/RESET_B : -90.651688
[setup in-reg] rst_n -> _114862_/RESET_B : -90.651688
[setup in-reg] rst_n -> _114863_/RESET_B : -90.651688
[setup in-reg] rst_n -> _114864_/RESET_B : -90.651688
[setup in-reg] rst_n -> _114865_/RESET_B : -90.651688
[setup in-reg] rst_n -> _114866_/RESET_B : -90.651688
[setup in-reg] rst_n -> _114867_/RESET_B : -90.651688
[setup in-reg] rst_n -> _114868_/RESET_B : -90.651688
[setup in-reg] rst_n -> _114869_/RESET_B : -90.651688
[setup in-reg] rst_n -> _114870_/RESET_B : -90.651688
[setup in-reg] rst_n -> _114871_/RESET_B : -90.651688
[setup in-reg] rst_n -> _114872_/RESET_B : -90.651688
[setup in-reg] rst_n -> _114873_/RESET_B : -90.651688
[setup in-reg] rst_n -> _114874_/RESET_B : -90.651688
[setup in-reg] rst_n -> _114875_/RESET_B : -90.651688
[setup in-reg] rst_n -> _114876_/RESET_B : -90.651688
[setup in-reg] rst_n -> _114877_/RESET_B : -90.651688
[setup in-reg] rst_n -> _114878_/RESET_B : -90.651688
[setup in-reg] rst_n -> _114879_/RESET_B : -90.651688
[setup in-reg] rst_n -> _114880_/RESET_B : -90.651688
[setup in-reg] rst_n -> _114881_/RESET_B : -90.651688
[setup in-reg] rst_n -> _114882_/RESET_B : -90.651688
[setup in-reg] rst_n -> _114883_/RESET_B : -90.651688
[setup in-reg] rst_n -> _114884_/RESET_B : -90.651688
[setup in-reg] rst_n -> _114885_/RESET_B : -90.651688
[setup in-reg] rst_n -> _114886_/RESET_B : -90.651688
[setup in-reg] rst_n -> _114887_/RESET_B : -90.651688
[setup in-reg] rst_n -> _114888_/RESET_B : -90.651688
[setup in-reg] rst_n -> _114889_/RESET_B : -90.651688
[setup in-reg] rst_n -> _114890_/RESET_B : -90.651688
[setup in-reg] rst_n -> _114891_/RESET_B : -90.651688
[setup in-reg] rst_n -> _114892_/RESET_B : -90.651688
[setup in-reg] rst_n -> _114893_/RESET_B : -90.651688
[setup in-reg] rst_n -> _114894_/RESET_B : -90.651688
[setup in-reg] rst_n -> _114895_/RESET_B : -90.651688
[setup in-reg] rst_n -> _114896_/RESET_B : -90.651688
[setup in-reg] rst_n -> _114897_/RESET_B : -90.651688
[setup in-reg] rst_n -> _114898_/RESET_B : -90.651688
[setup in-reg] rst_n -> _114899_/RESET_B : -90.651688
[setup in-reg] rst_n -> _114900_/RESET_B : -90.651688
[setup in-reg] rst_n -> _114901_/RESET_B : -90.651688
[setup in-reg] rst_n -> _114902_/RESET_B : -90.651688
[setup in-reg] rst_n -> _114903_/RESET_B : -90.651688
[setup in-reg] rst_n -> _114904_/RESET_B : -90.651688
[setup in-reg] rst_n -> _114905_/RESET_B : -90.651688
[setup in-reg] rst_n -> _114906_/RESET_B : -90.651688
[setup in-reg] rst_n -> _114907_/RESET_B : -90.651688
[setup in-reg] rst_n -> _114908_/RESET_B : -90.651688
[setup in-reg] rst_n -> _114909_/RESET_B : -90.651688
[setup in-reg] rst_n -> _114910_/RESET_B : -90.651688
[setup in-reg] rst_n -> _114911_/RESET_B : -90.651688
[setup in-reg] rst_n -> _114912_/RESET_B : -90.651688
[setup in-reg] rst_n -> _114913_/RESET_B : -90.651688
[setup in-reg] rst_n -> _114914_/RESET_B : -90.651688
[setup in-reg] rst_n -> _114915_/RESET_B : -90.651688
[setup in-reg] rst_n -> _114916_/RESET_B : -90.651688
[setup in-reg] rst_n -> _114917_/RESET_B : -90.651688
[setup in-reg] rst_n -> _114918_/RESET_B : -90.651688
[setup in-reg] rst_n -> _114919_/RESET_B : -90.651688
[setup in-reg] rst_n -> _114920_/RESET_B : -90.651688
[setup in-reg] rst_n -> _114921_/RESET_B : -90.651688
[setup in-reg] rst_n -> _114922_/RESET_B : -90.651688
[setup in-reg] rst_n -> _114923_/RESET_B : -90.651688
[setup in-reg] rst_n -> _114924_/RESET_B : -90.651688
[setup in-reg] rst_n -> _114925_/RESET_B : -90.651688
[setup in-reg] rst_n -> _114926_/RESET_B : -90.651688
[setup in-reg] rst_n -> _114927_/RESET_B : -90.651688
[setup in-reg] rst_n -> _114928_/RESET_B : -90.651688
[setup in-reg] rst_n -> _114929_/RESET_B : -90.651688
[setup in-reg] rst_n -> _114930_/RESET_B : -90.651688
[setup in-reg] rst_n -> _114931_/RESET_B : -90.651688
[setup in-reg] rst_n -> _114932_/RESET_B : -90.651688
[setup in-reg] rst_n -> _114933_/RESET_B : -90.651688
[setup in-reg] rst_n -> _114934_/RESET_B : -90.651688
[setup in-reg] rst_n -> _114935_/RESET_B : -90.651688
[setup in-reg] rst_n -> _114936_/RESET_B : -90.651688
[setup in-reg] rst_n -> _114937_/RESET_B : -90.651688
[setup in-reg] rst_n -> _114938_/RESET_B : -90.651688
[setup in-reg] rst_n -> _114939_/RESET_B : -90.651688
[setup in-reg] rst_n -> _114940_/RESET_B : -90.651688
[setup in-reg] rst_n -> _114941_/RESET_B : -90.651688
[setup in-reg] rst_n -> _114942_/RESET_B : -90.651688
[setup in-reg] rst_n -> _114943_/RESET_B : -90.651688
[setup in-reg] rst_n -> _114944_/RESET_B : -90.651688
[setup in-reg] rst_n -> _114945_/RESET_B : -90.651688
[setup in-reg] rst_n -> _114946_/RESET_B : -90.651688
[setup in-reg] rst_n -> _114947_/RESET_B : -90.651688
[setup in-reg] rst_n -> _114948_/RESET_B : -90.651688
[setup in-reg] rst_n -> _114949_/RESET_B : -90.651688
[setup in-reg] rst_n -> _114950_/RESET_B : -90.651688
[setup in-reg] rst_n -> _114951_/RESET_B : -90.651688
[setup in-reg] rst_n -> _114952_/RESET_B : -90.651688
[setup in-reg] rst_n -> _114953_/RESET_B : -90.651688
[setup in-reg] rst_n -> _114954_/RESET_B : -90.651688
[setup in-reg] rst_n -> _114955_/RESET_B : -90.651688
[setup in-reg] rst_n -> _114956_/RESET_B : -90.651688
[setup in-reg] rst_n -> _114957_/RESET_B : -90.651688
[setup in-reg] rst_n -> _114958_/RESET_B : -90.651688
[setup in-reg] rst_n -> _114959_/RESET_B : -90.651688
[setup in-reg] rst_n -> _114960_/RESET_B : -90.651688
[setup in-reg] rst_n -> _114961_/RESET_B : -90.651688
[setup in-reg] rst_n -> _114962_/RESET_B : -90.651688
[setup in-reg] rst_n -> _114963_/RESET_B : -90.651688
[setup in-reg] rst_n -> _114964_/RESET_B : -90.651688
[setup in-reg] rst_n -> _114965_/RESET_B : -90.651688
[setup in-reg] rst_n -> _114966_/RESET_B : -90.651688
[setup in-reg] rst_n -> _114967_/RESET_B : -90.651688
[setup in-reg] rst_n -> _114968_/RESET_B : -90.651688
[setup in-reg] rst_n -> _114969_/RESET_B : -90.651688
[setup in-reg] rst_n -> _114970_/RESET_B : -90.651688
[setup in-reg] rst_n -> _114971_/RESET_B : -90.651688
[setup in-reg] rst_n -> _114972_/RESET_B : -90.651688
[setup in-reg] rst_n -> _114973_/RESET_B : -90.651688
[setup in-reg] rst_n -> _114974_/RESET_B : -90.651688
[setup in-reg] rst_n -> _114975_/RESET_B : -90.651688
[setup in-reg] rst_n -> _114976_/RESET_B : -90.651688
[setup in-reg] rst_n -> _114977_/RESET_B : -90.651688
[setup in-reg] rst_n -> _114978_/RESET_B : -90.651688
[setup in-reg] rst_n -> _114979_/RESET_B : -90.651688
[setup in-reg] rst_n -> _114980_/RESET_B : -90.651688
[setup in-reg] rst_n -> _114981_/RESET_B : -90.651688
[setup in-reg] rst_n -> _114982_/RESET_B : -90.651688
[setup in-reg] rst_n -> _114983_/RESET_B : -90.651688
[setup in-reg] rst_n -> _114984_/RESET_B : -90.651688
[setup in-reg] rst_n -> _114985_/RESET_B : -90.651688
[setup in-reg] rst_n -> _114986_/RESET_B : -90.651688
[setup in-reg] rst_n -> _114987_/RESET_B : -90.651688
[setup in-reg] rst_n -> _114988_/RESET_B : -90.651688
[setup in-reg] rst_n -> _114989_/RESET_B : -90.651688
[setup in-reg] rst_n -> _114990_/RESET_B : -90.651688
[setup in-reg] rst_n -> _114991_/RESET_B : -90.651688
[setup in-reg] rst_n -> _114992_/RESET_B : -90.651688
[setup in-reg] rst_n -> _114993_/RESET_B : -90.651688
[setup in-reg] rst_n -> _114994_/RESET_B : -90.651688
[setup in-reg] rst_n -> _114995_/RESET_B : -90.651688
[setup in-reg] rst_n -> _114996_/RESET_B : -90.651688
[setup in-reg] rst_n -> _114997_/RESET_B : -90.651688
[setup in-reg] rst_n -> _114998_/RESET_B : -90.651688
[setup in-reg] rst_n -> _114999_/RESET_B : -90.651688
[setup in-reg] rst_n -> _115000_/RESET_B : -90.651688
[setup in-reg] rst_n -> _115001_/RESET_B : -90.651688
[setup in-reg] rst_n -> _115002_/RESET_B : -90.651688
[setup in-reg] rst_n -> _115003_/RESET_B : -90.651688
[setup in-reg] rst_n -> _115004_/RESET_B : -90.651688
[setup in-reg] rst_n -> _115005_/RESET_B : -90.651688
[setup in-reg] rst_n -> _115006_/RESET_B : -90.651688
[setup in-reg] rst_n -> _115007_/RESET_B : -90.651688
[setup in-reg] rst_n -> _115008_/RESET_B : -90.651688
[setup in-reg] rst_n -> _115009_/RESET_B : -90.651688
[setup in-reg] rst_n -> _115010_/RESET_B : -90.651688
[setup in-reg] rst_n -> _115011_/RESET_B : -90.651688
[setup in-reg] rst_n -> _115012_/RESET_B : -90.651688
[setup in-reg] rst_n -> _115013_/RESET_B : -90.651688
[setup in-reg] rst_n -> _115014_/RESET_B : -90.651688
[setup in-reg] rst_n -> _115015_/RESET_B : -90.651688
[setup in-reg] rst_n -> _115016_/RESET_B : -90.651688
[setup in-reg] rst_n -> _115017_/RESET_B : -90.651688
[setup in-reg] rst_n -> _115018_/RESET_B : -90.651688
[setup in-reg] rst_n -> _115019_/RESET_B : -90.651688
[setup in-reg] rst_n -> _115020_/RESET_B : -90.651688
[setup in-reg] rst_n -> _115021_/RESET_B : -90.651688
[setup in-reg] rst_n -> _115022_/RESET_B : -90.651688
[setup in-reg] rst_n -> _115023_/RESET_B : -90.651688
[setup in-reg] rst_n -> _115024_/RESET_B : -90.651688
[setup in-reg] rst_n -> _115025_/RESET_B : -90.651688
[setup in-reg] rst_n -> _115026_/RESET_B : -90.651688
[setup in-reg] rst_n -> _115027_/RESET_B : -90.651688
[setup in-reg] rst_n -> _115028_/RESET_B : -90.651688
[setup in-reg] rst_n -> _115029_/RESET_B : -90.651688
[setup in-reg] rst_n -> _115030_/RESET_B : -90.651688
[setup in-reg] rst_n -> _115031_/RESET_B : -90.651688
[setup in-reg] rst_n -> _115032_/RESET_B : -90.651688
[setup in-reg] rst_n -> _115033_/RESET_B : -90.651688
[setup in-reg] rst_n -> _115034_/RESET_B : -90.651688
[setup in-reg] rst_n -> _115035_/RESET_B : -90.651688
[setup in-reg] rst_n -> _115036_/RESET_B : -90.651688
[setup in-reg] rst_n -> _115037_/RESET_B : -90.651688
[setup in-reg] rst_n -> _115038_/RESET_B : -90.651688
[setup in-reg] rst_n -> _115039_/RESET_B : -90.651688
[setup in-reg] rst_n -> _115040_/RESET_B : -90.651688
[setup in-reg] rst_n -> _115041_/RESET_B : -90.651688
[setup in-reg] rst_n -> _115042_/RESET_B : -90.651688
[setup in-reg] rst_n -> _115043_/RESET_B : -90.651688
[setup in-reg] rst_n -> _115044_/RESET_B : -90.651688
[setup in-reg] rst_n -> _115045_/RESET_B : -90.651688
[setup in-reg] rst_n -> _115046_/RESET_B : -90.651688
[setup in-reg] rst_n -> _115047_/RESET_B : -90.651688
[setup in-reg] rst_n -> _115048_/RESET_B : -90.651688
[setup in-reg] rst_n -> _115049_/RESET_B : -90.651688
[setup in-reg] rst_n -> _115050_/RESET_B : -90.651688
[setup in-reg] rst_n -> _115051_/RESET_B : -90.651688
[setup in-reg] rst_n -> _115052_/RESET_B : -90.651688
[setup in-reg] rst_n -> _115053_/RESET_B : -90.651688
[setup in-reg] rst_n -> _115054_/RESET_B : -90.651688
[setup in-reg] rst_n -> _115055_/RESET_B : -90.651688
[setup in-reg] rst_n -> _115056_/RESET_B : -90.651688
[setup in-reg] rst_n -> _115057_/RESET_B : -90.651688
[setup in-reg] rst_n -> _115058_/RESET_B : -90.651688
[setup in-reg] rst_n -> _115059_/RESET_B : -90.651688
[setup in-reg] rst_n -> _115060_/RESET_B : -90.651688
[setup in-reg] rst_n -> _115061_/RESET_B : -90.651688
[setup in-reg] rst_n -> _115062_/RESET_B : -90.651688
[setup in-reg] rst_n -> _115063_/RESET_B : -90.651688
[setup in-reg] rst_n -> _115064_/RESET_B : -90.651688
[setup in-reg] rst_n -> _115065_/RESET_B : -90.651688
[setup in-reg] rst_n -> _115066_/RESET_B : -90.651688
[setup in-reg] rst_n -> _115067_/RESET_B : -90.651688
[setup in-reg] rst_n -> _115068_/RESET_B : -90.651688
[setup in-reg] rst_n -> _115069_/RESET_B : -90.651688
[setup in-reg] rst_n -> _115070_/RESET_B : -90.651688
[setup in-reg] rst_n -> _115071_/RESET_B : -90.651688
[setup in-reg] rst_n -> _115072_/RESET_B : -90.651688
[setup in-reg] rst_n -> _115073_/RESET_B : -90.651688
[setup in-reg] rst_n -> _115074_/RESET_B : -90.651688
[setup in-reg] rst_n -> _115075_/RESET_B : -90.651688
[setup in-reg] rst_n -> _115076_/RESET_B : -90.651688
[setup in-reg] rst_n -> _115077_/RESET_B : -90.651688
[setup in-reg] rst_n -> _115078_/RESET_B : -90.651688
[setup in-reg] rst_n -> _115079_/RESET_B : -90.651688
[setup in-reg] rst_n -> _115080_/RESET_B : -90.651688
[setup in-reg] rst_n -> _115081_/RESET_B : -90.651688
[setup in-reg] rst_n -> _115082_/RESET_B : -90.651688
[setup in-reg] rst_n -> _115083_/RESET_B : -90.651688
[setup in-reg] rst_n -> _115084_/RESET_B : -90.651688
[setup in-reg] rst_n -> _115085_/RESET_B : -90.651688
[setup in-reg] rst_n -> _115086_/RESET_B : -90.651688
[setup in-reg] rst_n -> _115087_/RESET_B : -90.651688
[setup in-reg] rst_n -> _115088_/RESET_B : -90.651688
[setup in-reg] rst_n -> _115089_/RESET_B : -90.651688
[setup in-reg] rst_n -> _115090_/RESET_B : -90.651688
[setup in-reg] rst_n -> _115091_/RESET_B : -90.651688
[setup in-reg] rst_n -> _115092_/RESET_B : -90.651688
[setup in-reg] rst_n -> _115093_/RESET_B : -90.651688
[setup in-reg] rst_n -> _115094_/RESET_B : -90.651688
[setup in-reg] rst_n -> _115095_/RESET_B : -90.651688
[setup in-reg] rst_n -> _115096_/RESET_B : -90.651688
[setup in-reg] rst_n -> _115097_/RESET_B : -90.651688
[setup in-reg] rst_n -> _115098_/RESET_B : -90.651688
[setup in-reg] rst_n -> _115099_/RESET_B : -90.651688
[setup in-reg] rst_n -> _115100_/RESET_B : -90.651688
[setup in-reg] rst_n -> _115101_/RESET_B : -90.651688
[setup in-reg] rst_n -> _115102_/RESET_B : -90.651688
[setup in-reg] rst_n -> _115103_/RESET_B : -90.651688
[setup in-reg] rst_n -> _115104_/RESET_B : -90.651688
[setup in-reg] rst_n -> _115105_/RESET_B : -90.651688
[setup in-reg] rst_n -> _115106_/RESET_B : -90.651688
[setup in-reg] rst_n -> _115107_/RESET_B : -90.651688
[setup in-reg] rst_n -> _115108_/RESET_B : -90.651688
[setup in-reg] rst_n -> _115109_/RESET_B : -90.651688
[setup in-reg] rst_n -> _115110_/RESET_B : -90.651688
[setup in-reg] rst_n -> _115111_/RESET_B : -90.651688
[setup in-reg] rst_n -> _115112_/RESET_B : -90.651688
[setup in-reg] rst_n -> _115113_/RESET_B : -90.651688
[setup in-reg] rst_n -> _115114_/RESET_B : -90.651688
[setup in-reg] rst_n -> _115115_/RESET_B : -90.651688
[setup in-reg] rst_n -> _115116_/RESET_B : -90.651688
[setup in-reg] rst_n -> _115117_/RESET_B : -90.651688
[setup in-reg] rst_n -> _115118_/RESET_B : -90.651688
[setup in-reg] rst_n -> _115119_/RESET_B : -90.651688
[setup in-reg] rst_n -> _115120_/RESET_B : -90.651688
[setup in-reg] rst_n -> _115121_/RESET_B : -90.651688
[setup in-reg] rst_n -> _115122_/RESET_B : -90.651688
[setup in-reg] rst_n -> _115123_/RESET_B : -90.651688
[setup in-reg] rst_n -> _115124_/RESET_B : -90.651688
[setup in-reg] rst_n -> _115125_/RESET_B : -90.651688
[setup in-reg] rst_n -> _115126_/RESET_B : -90.651688
[setup in-reg] rst_n -> _115127_/RESET_B : -90.651688
[setup in-reg] rst_n -> _115128_/RESET_B : -90.651688
[setup in-reg] rst_n -> _115129_/RESET_B : -90.651688
[setup in-reg] rst_n -> _115130_/RESET_B : -90.651688
[setup in-reg] rst_n -> _115131_/RESET_B : -90.651688
[setup in-reg] rst_n -> _115132_/RESET_B : -90.651688
[setup in-reg] rst_n -> _115133_/RESET_B : -90.651688
[setup in-reg] rst_n -> _115134_/RESET_B : -90.651688
[setup in-reg] rst_n -> _115135_/RESET_B : -90.651688
[setup in-reg] rst_n -> _115136_/RESET_B : -90.651688
[setup in-reg] rst_n -> _115137_/RESET_B : -90.651688
[setup in-reg] rst_n -> _115138_/RESET_B : -90.651688
[setup in-reg] rst_n -> _115139_/RESET_B : -90.651688
[setup in-reg] rst_n -> _115140_/RESET_B : -90.651688
[setup in-reg] rst_n -> _115141_/RESET_B : -90.651688
[setup in-reg] rst_n -> _115142_/RESET_B : -90.651688
[setup in-reg] rst_n -> _115143_/RESET_B : -90.651688
[setup in-reg] rst_n -> _115144_/RESET_B : -90.651688
[setup in-reg] rst_n -> _115145_/RESET_B : -90.651688
[setup in-reg] rst_n -> _115146_/RESET_B : -90.651688
[setup in-reg] rst_n -> _115147_/RESET_B : -90.651688
[setup in-reg] rst_n -> _115148_/RESET_B : -90.651688
[setup in-reg] rst_n -> _115149_/RESET_B : -90.651688
[setup in-reg] rst_n -> _115150_/RESET_B : -90.651688
[setup in-reg] rst_n -> _115151_/RESET_B : -90.651688
[setup in-reg] rst_n -> _115152_/RESET_B : -90.651688
[setup in-reg] rst_n -> _115153_/RESET_B : -90.651688
[setup in-reg] rst_n -> _115154_/RESET_B : -90.651688
[setup in-reg] rst_n -> _115155_/RESET_B : -90.651688
[setup in-reg] rst_n -> _115156_/RESET_B : -90.651688
[setup in-reg] rst_n -> _115157_/RESET_B : -90.651688
[setup in-reg] rst_n -> _115158_/RESET_B : -90.651688
[setup in-reg] rst_n -> _115159_/RESET_B : -90.651688
[setup in-reg] rst_n -> _115160_/RESET_B : -90.651688
[setup in-reg] rst_n -> _115161_/RESET_B : -90.651688
[setup in-reg] rst_n -> _115162_/RESET_B : -90.651688
[setup in-reg] rst_n -> _115163_/RESET_B : -90.651688
[setup in-reg] rst_n -> _115164_/RESET_B : -90.651688
[setup in-reg] rst_n -> _115165_/RESET_B : -90.651688
[setup in-reg] rst_n -> _115166_/RESET_B : -90.651688
[setup in-reg] rst_n -> _115167_/RESET_B : -90.651688
[setup in-reg] rst_n -> _115168_/RESET_B : -90.651688
[setup in-reg] rst_n -> _115169_/RESET_B : -90.651688
[setup in-reg] rst_n -> _115170_/RESET_B : -90.651688
[setup in-reg] rst_n -> _115171_/RESET_B : -90.651688
[setup in-reg] rst_n -> _115172_/RESET_B : -90.651688
[setup in-reg] rst_n -> _115173_/RESET_B : -90.651688
[setup in-reg] rst_n -> _115174_/RESET_B : -90.651688
[setup in-reg] rst_n -> _115175_/RESET_B : -90.651688
[setup in-reg] rst_n -> _115176_/RESET_B : -90.651688
[setup in-reg] rst_n -> _115177_/RESET_B : -90.651688
[setup in-reg] rst_n -> _115178_/RESET_B : -90.651688
[setup in-reg] rst_n -> _115179_/RESET_B : -90.651688
[setup in-reg] rst_n -> _115180_/RESET_B : -90.651688
[setup in-reg] rst_n -> _115181_/RESET_B : -90.651688
[setup in-reg] rst_n -> _115182_/RESET_B : -90.651688
[setup in-reg] rst_n -> _115183_/RESET_B : -90.651688
[setup in-reg] rst_n -> _115184_/RESET_B : -90.651688
[setup in-reg] rst_n -> _115185_/RESET_B : -90.651688
[setup in-reg] rst_n -> _115186_/RESET_B : -90.651688
[setup in-reg] rst_n -> _115187_/RESET_B : -90.651688
[setup in-reg] rst_n -> _115188_/RESET_B : -90.651688
[setup in-reg] rst_n -> _115189_/RESET_B : -90.651688
[setup in-reg] rst_n -> _115190_/RESET_B : -90.651688
[setup in-reg] rst_n -> _115191_/RESET_B : -90.651688
[setup in-reg] rst_n -> _115192_/RESET_B : -90.651688
[setup in-reg] rst_n -> _115193_/RESET_B : -90.651688
[setup in-reg] rst_n -> _115194_/RESET_B : -90.651688
[setup in-reg] rst_n -> _115195_/RESET_B : -90.651688
[setup in-reg] rst_n -> _115196_/RESET_B : -90.651688
[setup in-reg] rst_n -> _115197_/RESET_B : -90.651688
[setup in-reg] rst_n -> _115198_/RESET_B : -90.651688
[setup in-reg] rst_n -> _115199_/RESET_B : -90.651688
[setup in-reg] rst_n -> _115200_/RESET_B : -90.651688
[setup in-reg] rst_n -> _115201_/RESET_B : -90.651688
[setup in-reg] rst_n -> _115202_/RESET_B : -90.651688
[setup in-reg] rst_n -> _115203_/RESET_B : -90.651688
[setup in-reg] rst_n -> _115204_/RESET_B : -90.651688
[setup in-reg] rst_n -> _115205_/RESET_B : -90.651688
[setup in-reg] rst_n -> _115206_/RESET_B : -90.651688
[setup in-reg] rst_n -> _115207_/RESET_B : -90.651688
[setup in-reg] rst_n -> _115208_/RESET_B : -90.651688
[setup in-reg] rst_n -> _115209_/RESET_B : -90.651688
[setup in-reg] rst_n -> _115210_/RESET_B : -90.651688
[setup in-reg] rst_n -> _115211_/RESET_B : -90.651688
[setup in-reg] rst_n -> _115212_/RESET_B : -90.651688
[setup in-reg] rst_n -> _115213_/RESET_B : -90.651688
[setup in-reg] rst_n -> _115214_/RESET_B : -90.651688
[setup in-reg] rst_n -> _115215_/RESET_B : -90.651688
[setup in-reg] rst_n -> _115216_/RESET_B : -90.651688
[setup in-reg] rst_n -> _115217_/RESET_B : -90.651688
[setup in-reg] rst_n -> _115218_/RESET_B : -90.651688
[setup in-reg] rst_n -> _115219_/RESET_B : -90.651688
[setup in-reg] rst_n -> _115220_/RESET_B : -90.651688
[setup in-reg] rst_n -> _115221_/RESET_B : -90.651688
[setup in-reg] rst_n -> _115222_/RESET_B : -90.651688
[setup in-reg] rst_n -> _115223_/RESET_B : -90.651688
[setup in-reg] rst_n -> _115224_/RESET_B : -90.651688
[setup in-reg] rst_n -> _115225_/RESET_B : -90.651688
[setup in-reg] rst_n -> _115226_/RESET_B : -90.651688
[setup in-reg] rst_n -> _115227_/RESET_B : -90.651688
[setup in-reg] rst_n -> _115228_/RESET_B : -90.651688
[setup in-reg] rst_n -> _115229_/RESET_B : -90.651688
[setup in-reg] rst_n -> _115230_/RESET_B : -90.651688
[setup in-reg] rst_n -> _115231_/RESET_B : -90.651688
[setup in-reg] rst_n -> _115232_/RESET_B : -90.651688
[setup in-reg] rst_n -> _115233_/RESET_B : -90.651688
[setup in-reg] rst_n -> _115234_/RESET_B : -90.651688
[setup in-reg] rst_n -> _115235_/RESET_B : -90.651688
[setup in-reg] rst_n -> _115236_/RESET_B : -90.651688
[setup in-reg] rst_n -> _115237_/RESET_B : -90.651688
[setup in-reg] rst_n -> _115238_/RESET_B : -90.651688
[setup in-reg] rst_n -> _115239_/RESET_B : -90.651688
[setup in-reg] rst_n -> _115240_/RESET_B : -90.651688
[setup in-reg] rst_n -> _115241_/RESET_B : -90.651688
[setup in-reg] rst_n -> _115242_/RESET_B : -90.651688
[setup in-reg] rst_n -> _115243_/RESET_B : -90.651688
[setup in-reg] rst_n -> _115244_/RESET_B : -90.651688
[setup in-reg] rst_n -> _115245_/RESET_B : -90.651688
[setup in-reg] rst_n -> _115246_/RESET_B : -90.651688
[setup in-reg] rst_n -> _115247_/RESET_B : -90.651688
[setup in-reg] rst_n -> _115248_/RESET_B : -90.651688
[setup in-reg] rst_n -> _115249_/RESET_B : -90.651688
[setup in-reg] rst_n -> _115250_/RESET_B : -90.651688
[setup in-reg] rst_n -> _115251_/RESET_B : -90.651688
[setup in-reg] rst_n -> _115252_/RESET_B : -90.651688
[setup in-reg] rst_n -> _115253_/RESET_B : -90.651688
[setup in-reg] rst_n -> _115254_/RESET_B : -90.651688
[setup in-reg] rst_n -> _115255_/RESET_B : -90.651688
[setup in-reg] rst_n -> _115256_/RESET_B : -90.651688
[setup in-reg] rst_n -> _115257_/RESET_B : -90.651688
[setup in-reg] rst_n -> _115258_/RESET_B : -90.651688
[setup in-reg] rst_n -> _115259_/RESET_B : -90.651688
[setup in-reg] rst_n -> _115260_/RESET_B : -90.651688
[setup in-reg] rst_n -> _115261_/RESET_B : -90.651688
[setup in-reg] rst_n -> _115262_/RESET_B : -90.651688
[setup in-reg] rst_n -> _115263_/RESET_B : -90.651688
[setup in-reg] rst_n -> _115264_/RESET_B : -90.651688
[setup in-reg] rst_n -> _115265_/RESET_B : -90.651688
[setup in-reg] rst_n -> _115266_/RESET_B : -90.651688
[setup in-reg] rst_n -> _115267_/RESET_B : -90.651688
[setup in-reg] rst_n -> _115268_/RESET_B : -90.651688
[setup in-reg] rst_n -> _115269_/RESET_B : -90.651688
[setup in-reg] rst_n -> _115270_/RESET_B : -90.651688
[setup in-reg] rst_n -> _115271_/RESET_B : -90.651688
[setup in-reg] rst_n -> _115272_/RESET_B : -90.651688
[setup in-reg] rst_n -> _115273_/RESET_B : -90.651688
[setup in-reg] rst_n -> _115274_/RESET_B : -90.651688
[setup in-reg] rst_n -> _115275_/RESET_B : -90.651688
[setup in-reg] rst_n -> _115276_/RESET_B : -90.651688
[setup in-reg] rst_n -> _115277_/RESET_B : -90.651688
[setup in-reg] rst_n -> _115278_/RESET_B : -90.651688
[setup in-reg] rst_n -> _115279_/RESET_B : -90.651688
[setup in-reg] rst_n -> _115280_/RESET_B : -90.651688
[setup in-reg] rst_n -> _115281_/RESET_B : -90.651688
[setup in-reg] rst_n -> _115282_/RESET_B : -90.651688
[setup in-reg] rst_n -> _115283_/RESET_B : -90.651688
[setup in-reg] rst_n -> _115284_/RESET_B : -90.651688
[setup in-reg] rst_n -> _115285_/RESET_B : -90.651688
[setup in-reg] rst_n -> _115286_/RESET_B : -90.651688
[setup in-reg] rst_n -> _115287_/RESET_B : -90.651688
[setup in-reg] rst_n -> _115288_/RESET_B : -90.651688
[setup in-reg] rst_n -> _115289_/RESET_B : -90.651688
[setup in-reg] rst_n -> _115290_/RESET_B : -90.651688
[setup in-reg] rst_n -> _115291_/RESET_B : -90.651688
[setup in-reg] rst_n -> _115292_/RESET_B : -90.651688
[setup in-reg] rst_n -> _115293_/RESET_B : -90.651688
[setup in-reg] rst_n -> _115294_/RESET_B : -90.651688
[setup in-reg] rst_n -> _115295_/RESET_B : -90.651688
[setup in-reg] rst_n -> _115296_/RESET_B : -90.651688
[setup in-reg] rst_n -> _115297_/RESET_B : -90.651688
[setup in-reg] rst_n -> _115298_/RESET_B : -90.651688
[setup in-reg] rst_n -> _115299_/RESET_B : -90.651688
[setup in-reg] rst_n -> _115300_/RESET_B : -90.651688
[setup in-reg] rst_n -> _115301_/RESET_B : -90.651688
[setup in-reg] rst_n -> _115302_/RESET_B : -90.651688
[setup in-reg] rst_n -> _115303_/RESET_B : -90.651688
[setup in-reg] rst_n -> _115304_/RESET_B : -90.651688
[setup in-reg] rst_n -> _115305_/RESET_B : -90.651688
[setup in-reg] rst_n -> _115306_/RESET_B : -90.651688
[setup in-reg] rst_n -> _115307_/RESET_B : -90.651688
[setup in-reg] rst_n -> _115308_/RESET_B : -90.651688
[setup in-reg] rst_n -> _115309_/RESET_B : -90.651688
[setup in-reg] rst_n -> _115310_/RESET_B : -90.651688
[setup in-reg] rst_n -> _115311_/RESET_B : -90.651688
[setup in-reg] rst_n -> _115312_/RESET_B : -90.651688
[setup in-reg] rst_n -> _115313_/RESET_B : -90.651688
[setup in-reg] rst_n -> _115314_/RESET_B : -90.651688
[setup in-reg] rst_n -> _115315_/RESET_B : -90.651688
[setup in-reg] rst_n -> _115316_/RESET_B : -90.651688
[setup in-reg] rst_n -> _115317_/RESET_B : -90.651688
[setup in-reg] rst_n -> _115318_/RESET_B : -90.651688
[setup in-reg] rst_n -> _115319_/RESET_B : -90.651688
[setup in-reg] rst_n -> _115320_/RESET_B : -90.651688
[setup in-reg] rst_n -> _115321_/RESET_B : -90.651688
[setup in-reg] rst_n -> _115322_/RESET_B : -90.651688
[setup in-reg] rst_n -> _115323_/RESET_B : -90.651688
[setup in-reg] rst_n -> _115324_/RESET_B : -90.651688
[setup in-reg] rst_n -> _115325_/RESET_B : -90.651688
[setup in-reg] rst_n -> _115326_/RESET_B : -90.651688
[setup in-reg] rst_n -> _115327_/RESET_B : -90.651688
[setup in-reg] rst_n -> _115328_/RESET_B : -90.651688
[setup in-reg] rst_n -> _115329_/RESET_B : -90.651688
[setup in-reg] rst_n -> _115330_/RESET_B : -90.651688
[setup in-reg] rst_n -> _115331_/RESET_B : -90.651688
[setup in-reg] rst_n -> _115332_/RESET_B : -90.651688
[setup in-reg] rst_n -> _115333_/RESET_B : -90.651688
[setup in-reg] rst_n -> _115334_/RESET_B : -90.651688
[setup in-reg] rst_n -> _115335_/RESET_B : -90.651688
[setup in-reg] rst_n -> _115336_/RESET_B : -90.651688
[setup in-reg] rst_n -> _115337_/RESET_B : -90.651688
[setup in-reg] rst_n -> _115338_/RESET_B : -90.651688
[setup in-reg] rst_n -> _115339_/RESET_B : -90.651688
[setup in-reg] rst_n -> _115340_/RESET_B : -90.651688
[setup in-reg] rst_n -> _115341_/RESET_B : -90.651688
[setup in-reg] rst_n -> _115342_/RESET_B : -90.651688
[setup in-reg] rst_n -> _115343_/RESET_B : -90.651688
[setup in-reg] rst_n -> _115344_/RESET_B : -90.651688
[setup in-reg] rst_n -> _115345_/RESET_B : -90.651688
[setup in-reg] rst_n -> _115346_/RESET_B : -90.651688
[setup in-reg] rst_n -> _115347_/RESET_B : -90.651688
[setup in-reg] rst_n -> _115348_/RESET_B : -90.651688
[setup in-reg] rst_n -> _115349_/RESET_B : -90.651688
[setup in-reg] rst_n -> _115350_/RESET_B : -90.651688
[setup in-reg] rst_n -> _115351_/RESET_B : -90.651688
[setup in-reg] rst_n -> _115352_/RESET_B : -90.651688
[setup in-reg] rst_n -> _115353_/RESET_B : -90.651688
[setup in-reg] rst_n -> _115354_/RESET_B : -90.651688
[setup in-reg] rst_n -> _115355_/RESET_B : -90.651688
[setup in-reg] rst_n -> _115356_/RESET_B : -90.651688
[setup in-reg] rst_n -> _115357_/RESET_B : -90.651688
[setup in-reg] rst_n -> _115358_/RESET_B : -90.651688
[setup in-reg] rst_n -> _115359_/RESET_B : -90.651688
[setup in-reg] rst_n -> _115360_/RESET_B : -90.651688
[setup in-reg] rst_n -> _115361_/RESET_B : -90.651688
[setup in-reg] rst_n -> _115362_/RESET_B : -90.651688
[setup in-reg] rst_n -> _115363_/RESET_B : -90.651688
[setup in-reg] rst_n -> _115364_/RESET_B : -90.651688
[setup in-reg] rst_n -> _115365_/RESET_B : -90.651688
[setup in-reg] rst_n -> _115366_/RESET_B : -90.651688
[setup in-reg] rst_n -> _115367_/RESET_B : -90.651688
[setup in-reg] rst_n -> _115368_/RESET_B : -90.651688
[setup in-reg] rst_n -> _115369_/RESET_B : -90.651688
[setup in-reg] rst_n -> _115370_/RESET_B : -90.651688
[setup in-reg] rst_n -> _115371_/RESET_B : -90.651688
[setup in-reg] rst_n -> _115372_/RESET_B : -90.651688
[setup in-reg] rst_n -> _115373_/RESET_B : -90.651688
[setup in-reg] rst_n -> _115374_/RESET_B : -90.651688
[setup in-reg] rst_n -> _115375_/RESET_B : -90.651688
[setup in-reg] rst_n -> _115376_/RESET_B : -90.651688
[setup in-reg] rst_n -> _115377_/RESET_B : -90.651688
[setup in-reg] rst_n -> _115378_/RESET_B : -90.651688
[setup in-reg] rst_n -> _115379_/RESET_B : -90.651688
[setup in-reg] rst_n -> _115380_/RESET_B : -90.651688
[setup in-reg] rst_n -> _115381_/RESET_B : -90.651688
[setup in-reg] rst_n -> _115382_/RESET_B : -90.651688
[setup in-reg] rst_n -> _115383_/RESET_B : -90.651688
[setup in-reg] rst_n -> _115384_/RESET_B : -90.651688
[setup in-reg] rst_n -> _115385_/RESET_B : -90.651688
[setup in-reg] rst_n -> _115386_/RESET_B : -90.651688
[setup in-reg] rst_n -> _115387_/RESET_B : -90.651688
[setup in-reg] rst_n -> _115388_/RESET_B : -90.651688
[setup in-reg] rst_n -> _115389_/RESET_B : -90.651688
[setup in-reg] rst_n -> _115390_/RESET_B : -90.651688
[setup in-reg] rst_n -> _115391_/RESET_B : -90.651688
[setup in-reg] rst_n -> _115392_/RESET_B : -90.651688
[setup in-reg] rst_n -> _115393_/RESET_B : -90.651688
[setup in-reg] rst_n -> _115394_/RESET_B : -90.651688
[setup in-reg] rst_n -> _115395_/RESET_B : -90.651688
[setup in-reg] rst_n -> _115396_/RESET_B : -90.651688
[setup in-reg] rst_n -> _115397_/RESET_B : -90.651688
[setup in-reg] rst_n -> _115398_/RESET_B : -90.651688
[setup in-reg] rst_n -> _115399_/RESET_B : -90.651688
[setup in-reg] rst_n -> _115400_/RESET_B : -90.651688
[setup in-reg] rst_n -> _115401_/RESET_B : -90.651688
[setup in-reg] rst_n -> _115402_/RESET_B : -90.651688
[setup in-reg] rst_n -> _115403_/RESET_B : -90.651688
[setup in-reg] rst_n -> _115404_/RESET_B : -90.651688
[setup in-reg] rst_n -> _115405_/RESET_B : -90.651688
[setup in-reg] rst_n -> _115406_/RESET_B : -90.651688
[setup in-reg] rst_n -> _115407_/RESET_B : -90.651688
[setup in-reg] rst_n -> _115408_/RESET_B : -90.651688
[setup in-reg] rst_n -> _115409_/RESET_B : -90.651688
[setup in-reg] rst_n -> _115410_/RESET_B : -90.651688
[setup in-reg] rst_n -> _115411_/RESET_B : -90.651688
[setup in-reg] rst_n -> _115412_/RESET_B : -90.651688
[setup in-reg] rst_n -> _115413_/RESET_B : -90.651688
[setup in-reg] rst_n -> _115414_/RESET_B : -90.651688
[setup in-reg] rst_n -> _115415_/RESET_B : -90.651688
[setup in-reg] rst_n -> _115416_/RESET_B : -90.651688
[setup in-reg] rst_n -> _115417_/RESET_B : -90.651688
[setup in-reg] rst_n -> _115418_/RESET_B : -90.651688
[setup in-reg] rst_n -> _115419_/RESET_B : -90.651688
[setup in-reg] rst_n -> _115420_/RESET_B : -90.651688
[setup in-reg] rst_n -> _115421_/RESET_B : -90.651688
[setup in-reg] rst_n -> _115422_/RESET_B : -90.651688
[setup in-reg] rst_n -> _115423_/RESET_B : -90.651688
[setup in-reg] rst_n -> _115424_/RESET_B : -90.651688
[setup in-reg] rst_n -> _115425_/RESET_B : -90.651688
[setup in-reg] rst_n -> _115426_/RESET_B : -90.651688
[setup in-reg] rst_n -> _115427_/RESET_B : -90.651688
[setup in-reg] rst_n -> _115428_/RESET_B : -90.651688
[setup in-reg] rst_n -> _115429_/RESET_B : -90.651688
[setup in-reg] rst_n -> _115430_/RESET_B : -90.651688
[setup in-reg] rst_n -> _115431_/RESET_B : -90.651688
[setup in-reg] rst_n -> _115432_/RESET_B : -90.651688
[setup in-reg] rst_n -> _115433_/RESET_B : -90.651688
[setup in-reg] rst_n -> _115434_/RESET_B : -90.651688
[setup in-reg] rst_n -> _115435_/RESET_B : -90.651688
[setup in-reg] rst_n -> _115436_/RESET_B : -90.651688
[setup in-reg] rst_n -> _115437_/RESET_B : -90.651688
[setup in-reg] rst_n -> _115438_/RESET_B : -90.651688
[setup in-reg] rst_n -> _115439_/RESET_B : -90.651688
[setup in-reg] rst_n -> _115440_/RESET_B : -90.651688
[setup in-reg] rst_n -> _115441_/RESET_B : -90.651688
[setup in-reg] rst_n -> _115442_/RESET_B : -90.651688
[setup in-reg] rst_n -> _115443_/RESET_B : -90.651688
[setup in-reg] rst_n -> _115444_/RESET_B : -90.651688
[setup in-reg] rst_n -> _115445_/RESET_B : -90.651688
[setup in-reg] rst_n -> _115446_/RESET_B : -90.651688
[setup in-reg] rst_n -> _115447_/RESET_B : -90.651688
[setup in-reg] rst_n -> _115448_/RESET_B : -90.651688
[setup in-reg] rst_n -> _115449_/RESET_B : -90.651688
[setup in-reg] rst_n -> _115450_/RESET_B : -90.651688
[setup in-reg] rst_n -> _115451_/RESET_B : -90.651688
[setup in-reg] rst_n -> _115452_/RESET_B : -90.651688
[setup in-reg] rst_n -> _115453_/RESET_B : -90.651688
[setup in-reg] rst_n -> _115454_/RESET_B : -90.651688
[setup in-reg] rst_n -> _115455_/RESET_B : -90.651688
[setup in-reg] rst_n -> _115456_/RESET_B : -90.651688
[setup in-reg] rst_n -> _115457_/RESET_B : -90.651688
[setup in-reg] rst_n -> _115458_/RESET_B : -90.651688
[setup in-reg] rst_n -> _115459_/RESET_B : -90.651688
[setup in-reg] rst_n -> _115460_/RESET_B : -90.651688
[setup in-reg] rst_n -> _115461_/RESET_B : -90.651688
[setup in-reg] rst_n -> _115462_/RESET_B : -90.651688
[setup in-reg] rst_n -> _115463_/RESET_B : -90.651688
[setup in-reg] rst_n -> _115464_/RESET_B : -90.651688
[setup in-reg] rst_n -> _115465_/RESET_B : -90.651688
[setup in-reg] rst_n -> _115466_/RESET_B : -90.651688
[setup in-reg] rst_n -> _115467_/RESET_B : -90.651688
[setup in-reg] rst_n -> _115468_/RESET_B : -90.651688
[setup in-reg] rst_n -> _115469_/RESET_B : -90.651688
[setup in-reg] rst_n -> _115470_/RESET_B : -90.651688
[setup in-reg] rst_n -> _115471_/RESET_B : -90.651688
[setup in-reg] rst_n -> _115472_/RESET_B : -90.651688
[setup in-reg] rst_n -> _115473_/RESET_B : -90.651688
[setup in-reg] rst_n -> _115474_/RESET_B : -90.651688
[setup in-reg] rst_n -> _115475_/RESET_B : -90.651688
[setup in-reg] rst_n -> _115476_/RESET_B : -90.651688
[setup in-reg] rst_n -> _115477_/RESET_B : -90.651688
[setup in-reg] rst_n -> _115478_/RESET_B : -90.651688
[setup in-reg] rst_n -> _115479_/RESET_B : -90.651688
[setup in-reg] rst_n -> _115480_/RESET_B : -90.651688
[setup in-reg] rst_n -> _115481_/RESET_B : -90.651688
[setup in-reg] rst_n -> _115482_/RESET_B : -90.651688
[setup in-reg] rst_n -> _115483_/RESET_B : -90.651688
[setup in-reg] rst_n -> _115484_/RESET_B : -90.651688
[setup in-reg] rst_n -> _115485_/RESET_B : -90.651688
[setup in-reg] rst_n -> _115486_/RESET_B : -90.651688
[setup in-reg] rst_n -> _115487_/RESET_B : -90.651688
[setup in-reg] rst_n -> _115488_/RESET_B : -90.651688
[setup in-reg] rst_n -> _115489_/RESET_B : -90.651688
[setup in-reg] rst_n -> _115490_/RESET_B : -90.651688
[setup in-reg] rst_n -> _115491_/RESET_B : -90.651688
[setup in-reg] rst_n -> _115492_/RESET_B : -90.651688
[setup in-reg] rst_n -> _115493_/RESET_B : -90.651688
[setup in-reg] rst_n -> _115494_/RESET_B : -90.651688
[setup in-reg] rst_n -> _115495_/RESET_B : -90.651688
[setup in-reg] rst_n -> _115496_/RESET_B : -90.651688
[setup in-reg] rst_n -> _115497_/RESET_B : -90.651688
[setup in-reg] rst_n -> _115498_/RESET_B : -90.651688
[setup in-reg] rst_n -> _115499_/RESET_B : -90.651688
[setup in-reg] rst_n -> _115500_/RESET_B : -90.651688
[setup in-reg] rst_n -> _115501_/RESET_B : -90.651688
[setup in-reg] rst_n -> _115502_/RESET_B : -90.651688
[setup in-reg] rst_n -> _115503_/RESET_B : -90.651688
[setup in-reg] rst_n -> _115504_/RESET_B : -90.651688
[setup in-reg] rst_n -> _115505_/RESET_B : -90.651688
[setup in-reg] rst_n -> _115506_/RESET_B : -90.651688
[setup in-reg] rst_n -> _115507_/RESET_B : -90.651688
[setup in-reg] rst_n -> _115508_/RESET_B : -90.651688
[setup in-reg] rst_n -> _115509_/RESET_B : -90.651688
[setup in-reg] rst_n -> _115510_/RESET_B : -90.651688
[setup in-reg] rst_n -> _115511_/RESET_B : -90.651688
[setup in-reg] rst_n -> _115512_/RESET_B : -90.651688
[setup in-reg] rst_n -> _115513_/RESET_B : -90.651688
[setup in-reg] rst_n -> _115514_/RESET_B : -90.651688
[setup in-reg] rst_n -> _115515_/RESET_B : -90.651688
[setup in-reg] rst_n -> _115516_/RESET_B : -90.651688
[setup in-reg] rst_n -> _115517_/RESET_B : -90.651688
[setup in-reg] rst_n -> _115518_/RESET_B : -90.651688
[setup in-reg] rst_n -> _115519_/RESET_B : -90.651688
[setup in-reg] rst_n -> _115520_/RESET_B : -90.651688
[setup in-reg] rst_n -> _115521_/RESET_B : -90.651688
[setup in-reg] rst_n -> _115522_/RESET_B : -90.651688
[setup in-reg] rst_n -> _115523_/RESET_B : -90.651688
[setup in-reg] rst_n -> _115524_/RESET_B : -90.651688
[setup in-reg] rst_n -> _115525_/RESET_B : -90.651688
[setup in-reg] rst_n -> _115526_/RESET_B : -90.651688
[setup in-reg] rst_n -> _115527_/RESET_B : -90.651688
[setup in-reg] rst_n -> _115528_/RESET_B : -90.651688
[setup in-reg] rst_n -> _115529_/RESET_B : -90.651688
[setup in-reg] rst_n -> _115530_/RESET_B : -90.651688
[setup in-reg] rst_n -> _115531_/RESET_B : -90.651688
[setup in-reg] rst_n -> _115532_/RESET_B : -90.651688
[setup in-reg] rst_n -> _115533_/RESET_B : -90.651688
[setup in-reg] rst_n -> _115534_/RESET_B : -90.651688
[setup in-reg] rst_n -> _115535_/RESET_B : -90.651688
[setup in-reg] rst_n -> _115536_/RESET_B : -90.651688
[setup in-reg] rst_n -> _115537_/RESET_B : -90.651688
[setup in-reg] rst_n -> _115538_/RESET_B : -90.651688
[setup in-reg] rst_n -> _115539_/RESET_B : -90.651688
[setup in-reg] rst_n -> _115540_/RESET_B : -90.651688
[setup in-reg] rst_n -> _115541_/RESET_B : -90.651688
[setup in-reg] rst_n -> _115542_/RESET_B : -90.651688
[setup in-reg] rst_n -> _115543_/RESET_B : -90.651688
[setup in-reg] rst_n -> _115544_/RESET_B : -90.651688
[setup in-reg] rst_n -> _115545_/RESET_B : -90.651688
[setup in-reg] rst_n -> _115546_/RESET_B : -90.651688
[setup in-reg] rst_n -> _115547_/RESET_B : -90.651688
[setup in-reg] rst_n -> _115548_/RESET_B : -90.651688
[setup in-reg] rst_n -> _115549_/RESET_B : -90.651688
[setup in-reg] rst_n -> _115550_/RESET_B : -90.651688
[setup in-reg] rst_n -> _115551_/RESET_B : -90.651688
[setup in-reg] rst_n -> _115552_/RESET_B : -90.651688
[setup in-reg] rst_n -> _115553_/RESET_B : -90.651688
[setup in-reg] rst_n -> _115554_/RESET_B : -90.651688
[setup in-reg] rst_n -> _115555_/RESET_B : -90.651688
[setup in-reg] rst_n -> _115556_/RESET_B : -90.651688
[setup in-reg] rst_n -> _115557_/RESET_B : -90.651688
[setup in-reg] rst_n -> _115558_/RESET_B : -90.651688
[setup in-reg] rst_n -> _115559_/RESET_B : -90.651688
[setup in-reg] rst_n -> _115560_/RESET_B : -90.651688
[setup in-reg] rst_n -> _115561_/RESET_B : -90.651688
[setup in-reg] rst_n -> _115562_/RESET_B : -90.651688
[setup in-reg] rst_n -> _115563_/RESET_B : -90.651688
[setup in-reg] rst_n -> _115564_/RESET_B : -90.651688
[setup in-reg] rst_n -> _115565_/RESET_B : -90.651688
[setup in-reg] rst_n -> _115566_/RESET_B : -90.651688
[setup in-reg] rst_n -> _115567_/RESET_B : -90.651688
[setup in-reg] rst_n -> _115568_/RESET_B : -90.651688
[setup in-reg] rst_n -> _115569_/RESET_B : -90.651688
[setup in-reg] rst_n -> _115570_/RESET_B : -90.651688
[setup in-reg] rst_n -> _115571_/RESET_B : -90.651688
[setup in-reg] rst_n -> _115572_/RESET_B : -90.651688
[setup in-reg] rst_n -> _115573_/RESET_B : -90.651688
[setup in-reg] rst_n -> _115574_/RESET_B : -90.651688
[setup in-reg] rst_n -> _115575_/RESET_B : -90.651688
[setup in-reg] rst_n -> _115576_/RESET_B : -90.651688
[setup in-reg] rst_n -> _115577_/RESET_B : -90.651688
[setup in-reg] rst_n -> _115578_/RESET_B : -90.651688
[setup in-reg] rst_n -> _115579_/RESET_B : -90.651688
[setup in-reg] rst_n -> _115580_/RESET_B : -90.651688
[setup in-reg] rst_n -> _115581_/RESET_B : -90.651688
[setup in-reg] rst_n -> _115582_/RESET_B : -90.651688
[setup in-reg] rst_n -> _115583_/RESET_B : -90.651688
[setup in-reg] rst_n -> _115584_/RESET_B : -90.651688
[setup in-reg] rst_n -> _115585_/RESET_B : -90.651688
[setup in-reg] rst_n -> _115586_/RESET_B : -90.651688
[setup in-reg] rst_n -> _115587_/RESET_B : -90.651688
[setup in-reg] rst_n -> _115588_/RESET_B : -90.651688
[setup in-reg] rst_n -> _115589_/RESET_B : -90.651688
[setup in-reg] rst_n -> _115590_/RESET_B : -90.651688
[setup in-reg] rst_n -> _115591_/RESET_B : -90.651688
[setup in-reg] rst_n -> _115592_/RESET_B : -90.651688
[setup in-reg] rst_n -> _115593_/RESET_B : -90.651688
[setup in-reg] rst_n -> _115594_/RESET_B : -90.651688
[setup in-reg] rst_n -> _115595_/RESET_B : -90.651688
[setup in-reg] rst_n -> _115596_/RESET_B : -90.651688
[setup in-reg] rst_n -> _115597_/RESET_B : -90.651688
[setup in-reg] rst_n -> _115598_/RESET_B : -90.651688
[setup in-reg] rst_n -> _115599_/RESET_B : -90.651688
[setup in-reg] rst_n -> _115600_/RESET_B : -90.651688
[setup in-reg] rst_n -> _115601_/RESET_B : -90.651688
[setup in-reg] rst_n -> _115602_/RESET_B : -90.651688
[setup in-reg] rst_n -> _115603_/RESET_B : -90.651688
[setup in-reg] rst_n -> _115604_/RESET_B : -90.651688
[setup in-reg] rst_n -> _115605_/RESET_B : -90.651688
[setup in-reg] rst_n -> _115606_/RESET_B : -90.651688
[setup in-reg] rst_n -> _115607_/RESET_B : -90.651688
[setup in-reg] rst_n -> _115608_/RESET_B : -90.651688
[setup in-reg] rst_n -> _115609_/RESET_B : -90.651688
[setup in-reg] rst_n -> _115610_/RESET_B : -90.651688
[setup in-reg] rst_n -> _115611_/RESET_B : -90.651688
[setup in-reg] rst_n -> _115612_/RESET_B : -90.651688
[setup in-reg] rst_n -> _115613_/RESET_B : -90.651688
[setup in-reg] rst_n -> _115614_/RESET_B : -90.651688
[setup in-reg] rst_n -> _115615_/RESET_B : -90.651688
[setup in-reg] rst_n -> _115616_/RESET_B : -90.651688
[setup in-reg] rst_n -> _115617_/RESET_B : -90.651688
[setup in-reg] rst_n -> _115618_/RESET_B : -90.651688
[setup in-reg] rst_n -> _115619_/RESET_B : -90.651688
[setup in-reg] rst_n -> _115620_/RESET_B : -90.651688
[setup in-reg] rst_n -> _115621_/RESET_B : -90.651688
[setup in-reg] rst_n -> _115622_/RESET_B : -90.651688
[setup in-reg] rst_n -> _115623_/RESET_B : -90.651688
[setup in-reg] rst_n -> _115624_/RESET_B : -90.651688
[setup in-reg] rst_n -> _115625_/RESET_B : -90.651688
[setup in-reg] rst_n -> _115626_/RESET_B : -90.651688
[setup in-reg] rst_n -> _115627_/RESET_B : -90.651688
[setup in-reg] rst_n -> _115628_/RESET_B : -90.651688
[setup in-reg] rst_n -> _115629_/RESET_B : -90.651688
[setup in-reg] rst_n -> _115630_/RESET_B : -90.651688
[setup in-reg] rst_n -> _115631_/RESET_B : -90.651688
[setup in-reg] rst_n -> _115632_/RESET_B : -90.651688
[setup in-reg] rst_n -> _115633_/RESET_B : -90.651688
[setup in-reg] rst_n -> _115634_/RESET_B : -90.651688
[setup in-reg] rst_n -> _115635_/RESET_B : -90.651688
[setup in-reg] rst_n -> _115636_/RESET_B : -90.651688
[setup in-reg] rst_n -> _115637_/RESET_B : -90.651688
[setup in-reg] rst_n -> _115638_/RESET_B : -90.651688
[setup in-reg] rst_n -> _115639_/RESET_B : -90.651688
[setup in-reg] rst_n -> _115640_/RESET_B : -90.651688
[setup in-reg] rst_n -> _115641_/RESET_B : -90.651688
[setup in-reg] rst_n -> _115642_/RESET_B : -90.651688
[setup in-reg] rst_n -> _115643_/RESET_B : -90.651688
[setup in-reg] rst_n -> _115644_/RESET_B : -90.651688
[setup in-reg] rst_n -> _115645_/RESET_B : -90.651688
[setup in-reg] rst_n -> _115646_/RESET_B : -90.651688
[setup in-reg] rst_n -> _115647_/RESET_B : -90.651688
[setup in-reg] rst_n -> _115648_/RESET_B : -90.651688
[setup in-reg] rst_n -> _115649_/RESET_B : -90.651688
[setup in-reg] rst_n -> _115650_/RESET_B : -90.651688
[setup in-reg] rst_n -> _115651_/RESET_B : -90.651688
[setup in-reg] rst_n -> _115652_/RESET_B : -90.651688
[setup in-reg] rst_n -> _115653_/RESET_B : -90.651688
[setup in-reg] rst_n -> _115654_/RESET_B : -90.651688
[setup in-reg] rst_n -> _115655_/RESET_B : -90.651688
[setup in-reg] rst_n -> _115656_/RESET_B : -90.651688
[setup in-reg] rst_n -> _115657_/RESET_B : -90.651688
[setup in-reg] rst_n -> _115658_/RESET_B : -90.651688
[setup in-reg] rst_n -> _115659_/RESET_B : -90.651688
[setup in-reg] rst_n -> _115660_/RESET_B : -90.651688
[setup in-reg] rst_n -> _115661_/RESET_B : -90.651688
[setup in-reg] rst_n -> _115662_/RESET_B : -90.651688
[setup in-reg] rst_n -> _115663_/RESET_B : -90.651688
[setup in-reg] rst_n -> _115664_/RESET_B : -90.651688
[setup in-reg] rst_n -> _115665_/RESET_B : -90.651688
[setup in-reg] rst_n -> _115666_/RESET_B : -90.651688
[setup in-reg] rst_n -> _115667_/RESET_B : -90.651688
[setup in-reg] rst_n -> _115668_/RESET_B : -90.651688
[setup in-reg] rst_n -> _115669_/RESET_B : -90.651688
[setup in-reg] rst_n -> _115670_/RESET_B : -90.651688
[setup in-reg] rst_n -> _115671_/RESET_B : -90.651688
[setup in-reg] rst_n -> _115672_/RESET_B : -90.651688
[setup in-reg] rst_n -> _115673_/RESET_B : -90.651688
[setup in-reg] rst_n -> _115674_/RESET_B : -90.651688
[setup in-reg] rst_n -> _115675_/RESET_B : -90.651688
[setup in-reg] rst_n -> _115676_/RESET_B : -90.651688
[setup in-reg] rst_n -> _115677_/RESET_B : -90.651688
[setup in-reg] rst_n -> _115678_/RESET_B : -90.651688
[setup in-reg] rst_n -> _115679_/RESET_B : -90.651688
[setup in-reg] rst_n -> _115680_/RESET_B : -90.651688
[setup in-reg] rst_n -> _115681_/RESET_B : -90.651688
[setup in-reg] rst_n -> _115682_/RESET_B : -90.651688
[setup in-reg] rst_n -> _115683_/RESET_B : -90.651688
[setup in-reg] rst_n -> _115684_/RESET_B : -90.651688
[setup in-reg] rst_n -> _115685_/RESET_B : -90.651688
[setup in-reg] rst_n -> _115686_/RESET_B : -90.651688
[setup in-reg] rst_n -> _115687_/RESET_B : -90.651688
[setup in-reg] rst_n -> _115688_/RESET_B : -90.651688
[setup in-reg] rst_n -> _115689_/RESET_B : -90.651688
[setup in-reg] rst_n -> _115690_/RESET_B : -90.651688
[setup in-reg] rst_n -> _115691_/RESET_B : -90.651688
[setup in-reg] rst_n -> _115692_/RESET_B : -90.651688
[setup in-reg] rst_n -> _115693_/RESET_B : -90.651688
[setup in-reg] rst_n -> _115694_/RESET_B : -90.651688
[setup in-reg] rst_n -> _115695_/RESET_B : -90.651688
[setup in-reg] rst_n -> _115696_/RESET_B : -90.651688
[setup in-reg] rst_n -> _115697_/RESET_B : -90.651688
[setup in-reg] rst_n -> _115698_/RESET_B : -90.651688
[setup in-reg] rst_n -> _115699_/RESET_B : -90.651688
[setup in-reg] rst_n -> _115700_/RESET_B : -90.651688
[setup in-reg] rst_n -> _115701_/RESET_B : -90.651688
[setup in-reg] rst_n -> _115702_/RESET_B : -90.651688
[setup in-reg] rst_n -> _115703_/RESET_B : -90.651688
[setup in-reg] rst_n -> _115704_/RESET_B : -90.651688
[setup in-reg] rst_n -> _115705_/RESET_B : -90.651688
[setup in-reg] rst_n -> _115706_/RESET_B : -90.651688
[setup in-reg] rst_n -> _115707_/RESET_B : -90.651688
[setup in-reg] rst_n -> _115708_/RESET_B : -90.651688
[setup in-reg] rst_n -> _115709_/RESET_B : -90.651688
[setup in-reg] rst_n -> _115710_/RESET_B : -90.651688
[setup in-reg] rst_n -> _115711_/RESET_B : -90.651688
[setup in-reg] rst_n -> _115712_/RESET_B : -90.651688
[setup in-reg] rst_n -> _115713_/RESET_B : -90.651688
[setup in-reg] rst_n -> _115714_/RESET_B : -90.651688
[setup in-reg] rst_n -> _115715_/RESET_B : -90.651688
[setup in-reg] rst_n -> _115716_/RESET_B : -90.651688
[setup in-reg] rst_n -> _115717_/RESET_B : -90.651688
[setup in-reg] rst_n -> _115718_/RESET_B : -90.651688
[setup in-reg] rst_n -> _115719_/RESET_B : -90.651688
[setup in-reg] rst_n -> _115720_/RESET_B : -90.651688
[setup in-reg] rst_n -> _115721_/RESET_B : -90.651688
[setup in-reg] rst_n -> _115722_/RESET_B : -90.651688
[setup in-reg] rst_n -> _115723_/RESET_B : -90.651688
[setup in-reg] rst_n -> _115724_/RESET_B : -90.651688
[setup in-reg] rst_n -> _115725_/RESET_B : -90.651688
[setup in-reg] rst_n -> _115726_/RESET_B : -90.651688
[setup in-reg] rst_n -> _115727_/RESET_B : -90.651688
[setup in-reg] rst_n -> _115728_/RESET_B : -90.651688
[setup in-reg] rst_n -> _115729_/RESET_B : -90.651688
[setup in-reg] rst_n -> _115730_/RESET_B : -90.651688
[setup in-reg] rst_n -> _115731_/RESET_B : -90.651688
[setup in-reg] rst_n -> _115732_/RESET_B : -90.651688
[setup in-reg] rst_n -> _115733_/RESET_B : -90.651688
[setup in-reg] rst_n -> _115734_/RESET_B : -90.651688
[setup in-reg] rst_n -> _115735_/RESET_B : -90.651688
[setup in-reg] rst_n -> _115736_/RESET_B : -90.651688
[setup in-reg] rst_n -> _115737_/RESET_B : -90.651688
[setup in-reg] rst_n -> _115738_/RESET_B : -90.651688
[setup in-reg] rst_n -> _115739_/RESET_B : -90.651688
[setup in-reg] rst_n -> _115740_/RESET_B : -90.651688
[setup in-reg] rst_n -> _115741_/RESET_B : -90.651688
[setup in-reg] rst_n -> _115742_/RESET_B : -90.651688
[setup in-reg] rst_n -> _115743_/RESET_B : -90.651688
[setup in-reg] rst_n -> _115744_/RESET_B : -90.651688
[setup in-reg] rst_n -> _115745_/RESET_B : -90.651688
[setup in-reg] rst_n -> _115746_/RESET_B : -90.651688
[setup in-reg] rst_n -> _115747_/RESET_B : -90.651688
[setup in-reg] rst_n -> _115748_/RESET_B : -90.651688
[setup in-reg] rst_n -> _115749_/RESET_B : -90.651688
[setup in-reg] rst_n -> _115750_/RESET_B : -90.651688
[setup in-reg] rst_n -> _115751_/RESET_B : -90.651688
[setup in-reg] rst_n -> _115752_/RESET_B : -90.651688
[setup in-reg] rst_n -> _115753_/RESET_B : -90.651688
[setup in-reg] rst_n -> _115754_/RESET_B : -90.651688
[setup in-reg] rst_n -> _115755_/RESET_B : -90.651688
[setup in-reg] rst_n -> _115756_/RESET_B : -90.651688
[setup in-reg] rst_n -> _115757_/RESET_B : -90.651688
[setup in-reg] rst_n -> _115758_/RESET_B : -90.651688
[setup in-reg] rst_n -> _115759_/RESET_B : -90.651688
[setup in-reg] rst_n -> _115760_/RESET_B : -90.651688
[setup in-reg] rst_n -> _115761_/RESET_B : -90.651688
[setup in-reg] rst_n -> _115762_/RESET_B : -90.651688
[setup in-reg] rst_n -> _115763_/RESET_B : -90.651688
[setup in-reg] rst_n -> _115764_/RESET_B : -90.651688
[setup in-reg] rst_n -> _115765_/RESET_B : -90.651688
[setup in-reg] rst_n -> _115766_/RESET_B : -90.651688
[setup in-reg] rst_n -> _115767_/RESET_B : -90.651688
[setup in-reg] rst_n -> _115768_/RESET_B : -90.651688
[setup in-reg] rst_n -> _115769_/RESET_B : -90.651688
[setup in-reg] rst_n -> _115770_/RESET_B : -90.651688
[setup in-reg] rst_n -> _115771_/RESET_B : -90.651688
[setup in-reg] rst_n -> _115772_/RESET_B : -90.651688
[setup in-reg] rst_n -> _115773_/RESET_B : -90.651688
[setup in-reg] rst_n -> _115774_/RESET_B : -90.651688
[setup in-reg] rst_n -> _115775_/RESET_B : -90.651688
[setup in-reg] rst_n -> _115776_/RESET_B : -90.651688
[setup in-reg] rst_n -> _115777_/RESET_B : -90.651688
[setup in-reg] rst_n -> _115778_/RESET_B : -90.651688
[setup in-reg] rst_n -> _115779_/RESET_B : -90.651688
[setup in-reg] rst_n -> _115780_/RESET_B : -90.651688
[setup in-reg] rst_n -> _115781_/RESET_B : -90.651688
[setup in-reg] rst_n -> _115782_/RESET_B : -90.651688
[setup in-reg] rst_n -> _115783_/RESET_B : -90.651688
[setup in-reg] rst_n -> _115784_/RESET_B : -90.651688
[setup in-reg] rst_n -> _115785_/RESET_B : -90.651688
[setup in-reg] rst_n -> _115786_/RESET_B : -90.651688
[setup in-reg] rst_n -> _115787_/RESET_B : -90.651688
[setup in-reg] rst_n -> _115788_/RESET_B : -90.651688
[setup in-reg] rst_n -> _115789_/RESET_B : -90.651688
[setup in-reg] rst_n -> _115790_/RESET_B : -90.651688
[setup in-reg] rst_n -> _115791_/RESET_B : -90.651688
[setup in-reg] rst_n -> _115792_/RESET_B : -90.651688
[setup in-reg] rst_n -> _115793_/RESET_B : -90.651688
[setup in-reg] rst_n -> _115794_/RESET_B : -90.651688
[setup in-reg] rst_n -> _115795_/RESET_B : -90.651688
[setup in-reg] rst_n -> _115796_/RESET_B : -90.651688
[setup in-reg] rst_n -> _115797_/RESET_B : -90.651688
[setup in-reg] rst_n -> _115798_/RESET_B : -90.651688
[setup in-reg] rst_n -> _115799_/RESET_B : -90.651688
[setup in-reg] rst_n -> _115800_/RESET_B : -90.651688
[setup in-reg] rst_n -> _115801_/RESET_B : -90.651688
[setup in-reg] rst_n -> _115802_/RESET_B : -90.651688
[setup in-reg] rst_n -> _115803_/RESET_B : -90.651688
[setup in-reg] rst_n -> _115804_/RESET_B : -90.651688
[setup in-reg] rst_n -> _115805_/RESET_B : -90.651688
[setup in-reg] rst_n -> _115806_/RESET_B : -90.651688
[setup in-reg] rst_n -> _115807_/RESET_B : -90.651688
[setup in-reg] rst_n -> _115808_/RESET_B : -90.651688
[setup in-reg] rst_n -> _115809_/RESET_B : -90.651688
[setup in-reg] rst_n -> _115810_/RESET_B : -90.651688
[setup in-reg] rst_n -> _115811_/RESET_B : -90.651688
[setup in-reg] rst_n -> _115812_/RESET_B : -90.651688
[setup in-reg] rst_n -> _115813_/RESET_B : -90.651688
[setup in-reg] rst_n -> _115814_/RESET_B : -90.651688
[setup in-reg] rst_n -> _115815_/RESET_B : -90.651688
[setup in-reg] rst_n -> _115816_/RESET_B : -90.651688
[setup in-reg] rst_n -> _115817_/RESET_B : -90.651688
[setup in-reg] rst_n -> _115818_/RESET_B : -90.651688
[setup in-reg] rst_n -> _115819_/RESET_B : -90.651688
[setup in-reg] rst_n -> _115820_/RESET_B : -90.651688
[setup in-reg] rst_n -> _115821_/RESET_B : -90.651688
[setup in-reg] rst_n -> _115822_/RESET_B : -90.651688
[setup in-reg] rst_n -> _115823_/RESET_B : -90.651688
[setup in-reg] rst_n -> _115824_/RESET_B : -90.651688
[setup in-reg] rst_n -> _115825_/RESET_B : -90.651688
[setup in-reg] rst_n -> _115826_/RESET_B : -90.651688
[setup in-reg] rst_n -> _115827_/RESET_B : -90.651688
[setup in-reg] rst_n -> _115828_/RESET_B : -90.651688
[setup in-reg] rst_n -> _115829_/RESET_B : -90.651688
[setup in-reg] rst_n -> _115830_/RESET_B : -90.651688
[setup in-reg] rst_n -> _115831_/RESET_B : -90.651688
[setup in-reg] rst_n -> _115832_/RESET_B : -90.651688
[setup in-reg] rst_n -> _115833_/RESET_B : -90.651688
[setup in-reg] rst_n -> _115834_/RESET_B : -90.651688
[setup in-reg] rst_n -> _115835_/RESET_B : -90.651688
[setup in-reg] rst_n -> _115836_/RESET_B : -90.651688
[setup in-reg] rst_n -> _115837_/RESET_B : -90.651688
[setup in-reg] rst_n -> _115838_/RESET_B : -90.651688
[setup in-reg] rst_n -> _115839_/RESET_B : -90.651688
[setup in-reg] rst_n -> _115840_/RESET_B : -90.651688
[setup in-reg] rst_n -> _115841_/RESET_B : -90.651688
[setup in-reg] rst_n -> _115842_/RESET_B : -90.651688
[setup in-reg] rst_n -> _115843_/RESET_B : -90.651688
[setup in-reg] rst_n -> _115844_/RESET_B : -90.651688
[setup in-reg] rst_n -> _115845_/RESET_B : -90.651688
[setup in-reg] rst_n -> _115846_/RESET_B : -90.651688
[setup in-reg] rst_n -> _115847_/RESET_B : -90.651688
[setup in-reg] rst_n -> _115848_/RESET_B : -90.651688
[setup in-reg] rst_n -> _115849_/RESET_B : -90.651688
[setup in-reg] rst_n -> _115850_/RESET_B : -90.651688
[setup in-reg] rst_n -> _115851_/RESET_B : -90.651688
[setup in-reg] rst_n -> _115852_/RESET_B : -90.651688
[setup in-reg] rst_n -> _115853_/RESET_B : -90.651688
[setup in-reg] rst_n -> _115854_/RESET_B : -90.651688
[setup in-reg] rst_n -> _115855_/RESET_B : -90.651688
[setup in-reg] rst_n -> _115856_/RESET_B : -90.651688
[setup in-reg] rst_n -> _115857_/RESET_B : -90.651688
[setup in-reg] rst_n -> _115858_/RESET_B : -90.651688
[setup in-reg] rst_n -> _115859_/RESET_B : -90.651688
[setup in-reg] rst_n -> _115860_/RESET_B : -90.651688
[setup in-reg] rst_n -> _115861_/RESET_B : -90.651688
[setup in-reg] rst_n -> _115862_/RESET_B : -90.651688
[setup in-reg] rst_n -> _115863_/RESET_B : -90.651688
[setup in-reg] rst_n -> _115864_/RESET_B : -90.651688
[setup in-reg] rst_n -> _115865_/RESET_B : -90.651688
[setup in-reg] rst_n -> _115866_/RESET_B : -90.651688
[setup in-reg] rst_n -> _115867_/RESET_B : -90.651688
[setup in-reg] rst_n -> _115868_/RESET_B : -90.651688
[setup in-reg] rst_n -> _115869_/RESET_B : -90.651688
[setup in-reg] rst_n -> _115870_/RESET_B : -90.651688
[setup in-reg] rst_n -> _115871_/RESET_B : -90.651688
[setup in-reg] rst_n -> _115872_/RESET_B : -90.651688
[setup in-reg] rst_n -> _115873_/RESET_B : -90.651688
[setup in-reg] rst_n -> _115874_/RESET_B : -90.651688
[setup in-reg] rst_n -> _115875_/RESET_B : -90.651688
[setup in-reg] rst_n -> _115876_/RESET_B : -90.651688
[setup in-reg] rst_n -> _115877_/RESET_B : -90.651688
[setup in-reg] rst_n -> _115878_/RESET_B : -90.651688
[setup in-reg] rst_n -> _115879_/RESET_B : -90.651688
[setup in-reg] rst_n -> _115880_/RESET_B : -90.651688
[setup in-reg] rst_n -> _115881_/RESET_B : -90.651688
[setup in-reg] rst_n -> _115882_/RESET_B : -90.651688
[setup in-reg] rst_n -> _115883_/RESET_B : -90.651688
[setup in-reg] rst_n -> _115884_/RESET_B : -90.651688
[setup in-reg] rst_n -> _115885_/RESET_B : -90.651688
[setup in-reg] rst_n -> _115886_/RESET_B : -90.651688
[setup in-reg] rst_n -> _115887_/RESET_B : -90.651688
[setup in-reg] rst_n -> _115888_/RESET_B : -90.651688
[setup in-reg] rst_n -> _115889_/RESET_B : -90.651688
[setup in-reg] rst_n -> _115890_/RESET_B : -90.651688
[setup in-reg] rst_n -> _115891_/RESET_B : -90.651688
[setup in-reg] rst_n -> _115892_/RESET_B : -90.651688
[setup in-reg] rst_n -> _115893_/RESET_B : -90.651688
[setup in-reg] rst_n -> _115894_/RESET_B : -90.651688
[setup in-reg] rst_n -> _115895_/RESET_B : -90.651688
[setup in-reg] rst_n -> _115896_/RESET_B : -90.651688
[setup in-reg] rst_n -> _115897_/RESET_B : -90.651688
[setup in-reg] rst_n -> _115898_/RESET_B : -90.651688
[setup in-reg] rst_n -> _115899_/RESET_B : -90.651688
[setup in-reg] rst_n -> _115900_/RESET_B : -90.651688
[setup in-reg] rst_n -> _115901_/RESET_B : -90.651688
[setup in-reg] rst_n -> _115902_/RESET_B : -90.651688
[setup in-reg] rst_n -> _115903_/RESET_B : -90.651688
[setup in-reg] rst_n -> _115904_/RESET_B : -90.651688
[setup in-reg] rst_n -> _115905_/RESET_B : -90.651688
[setup in-reg] rst_n -> _115906_/RESET_B : -90.651688
[setup in-reg] rst_n -> _115907_/RESET_B : -90.651688
[setup in-reg] rst_n -> _115908_/RESET_B : -90.651688
[setup in-reg] rst_n -> _115909_/RESET_B : -90.651688
[setup in-reg] rst_n -> _115910_/RESET_B : -90.651688
[setup in-reg] rst_n -> _115911_/RESET_B : -90.651688
[setup in-reg] rst_n -> _115912_/RESET_B : -90.651688
[setup in-reg] rst_n -> _115913_/RESET_B : -90.651688
[setup in-reg] rst_n -> _115914_/RESET_B : -90.651688
[setup in-reg] rst_n -> _115915_/RESET_B : -90.651688
[setup in-reg] rst_n -> _115916_/RESET_B : -90.651688
[setup in-reg] rst_n -> _115917_/RESET_B : -90.651688
[setup in-reg] rst_n -> _115918_/RESET_B : -90.651688
[setup in-reg] rst_n -> _115919_/RESET_B : -90.651688
[setup in-reg] rst_n -> _115920_/RESET_B : -90.651688
[setup in-reg] rst_n -> _115921_/RESET_B : -90.651688
[setup in-reg] rst_n -> _115922_/RESET_B : -90.651688
[setup in-reg] rst_n -> _115923_/RESET_B : -90.651688
[setup in-reg] rst_n -> _115924_/RESET_B : -90.651688
[setup in-reg] rst_n -> _115925_/RESET_B : -90.651688
[setup in-reg] rst_n -> _115926_/RESET_B : -90.651688
[setup in-reg] rst_n -> _115927_/RESET_B : -90.651688
[setup in-reg] rst_n -> _115928_/RESET_B : -90.651688
[setup in-reg] rst_n -> _115929_/RESET_B : -90.651688
[setup in-reg] rst_n -> _115930_/RESET_B : -90.651688
[setup in-reg] rst_n -> _115931_/RESET_B : -90.651688
[setup in-reg] rst_n -> _115932_/RESET_B : -90.651688
[setup in-reg] rst_n -> _115933_/RESET_B : -90.651688
[setup in-reg] rst_n -> _115934_/RESET_B : -90.651688
[setup in-reg] rst_n -> _115935_/RESET_B : -90.651688
[setup in-reg] rst_n -> _115936_/RESET_B : -90.651688
[setup in-reg] rst_n -> _115937_/RESET_B : -90.651688
[setup in-reg] rst_n -> _115938_/RESET_B : -90.651688
[setup in-reg] rst_n -> _115939_/RESET_B : -90.651688
[setup in-reg] rst_n -> _115940_/RESET_B : -90.651688
[setup in-reg] rst_n -> _115941_/RESET_B : -90.651688
[setup in-reg] rst_n -> _115942_/RESET_B : -90.651688
[setup in-reg] rst_n -> _115943_/RESET_B : -90.651688
[setup in-reg] rst_n -> _115944_/RESET_B : -90.651688
[setup in-reg] rst_n -> _115945_/RESET_B : -90.651688
[setup in-reg] rst_n -> _115946_/RESET_B : -90.651688
[setup in-reg] rst_n -> _115947_/RESET_B : -90.651688
[setup in-reg] rst_n -> _115948_/RESET_B : -90.651688
[setup in-reg] rst_n -> _115949_/RESET_B : -90.651688
[setup in-reg] rst_n -> _115950_/RESET_B : -90.651688
[setup in-reg] rst_n -> _115951_/RESET_B : -90.651688
[setup in-reg] rst_n -> _115952_/RESET_B : -90.651688
[setup in-reg] rst_n -> _115953_/RESET_B : -90.651688
[setup in-reg] rst_n -> _115954_/RESET_B : -90.651688
[setup in-reg] rst_n -> _115955_/RESET_B : -90.651688
[setup in-reg] rst_n -> _115956_/RESET_B : -90.651688
[setup in-reg] rst_n -> _115957_/RESET_B : -90.651688
[setup in-reg] rst_n -> _115958_/RESET_B : -90.651688
[setup in-reg] rst_n -> _115959_/RESET_B : -90.651688
[setup in-reg] rst_n -> _115960_/RESET_B : -90.651688
[setup in-reg] rst_n -> _115961_/RESET_B : -90.651688
[setup in-reg] rst_n -> _115962_/RESET_B : -90.651688
[setup in-reg] rst_n -> _115963_/RESET_B : -90.651688
[setup in-reg] rst_n -> _115964_/RESET_B : -90.651688
[setup in-reg] rst_n -> _115965_/RESET_B : -90.651688
[setup in-reg] rst_n -> _115966_/RESET_B : -90.651688
[setup in-reg] rst_n -> _115967_/RESET_B : -90.651688
[setup in-reg] rst_n -> _115968_/RESET_B : -90.651688
[setup in-reg] rst_n -> _115969_/RESET_B : -90.651688
[setup in-reg] rst_n -> _115970_/RESET_B : -90.651688
[setup in-reg] rst_n -> _115971_/RESET_B : -90.651688
[setup in-reg] rst_n -> _115972_/RESET_B : -90.651688
[setup in-reg] rst_n -> _115973_/RESET_B : -90.651688
[setup in-reg] rst_n -> _115974_/RESET_B : -90.651688
[setup in-reg] rst_n -> _115975_/RESET_B : -90.651688
[setup in-reg] rst_n -> _115976_/RESET_B : -90.651688
[setup in-reg] rst_n -> _115977_/RESET_B : -90.651688
[setup in-reg] rst_n -> _115978_/RESET_B : -90.651688
[setup in-reg] rst_n -> _115979_/RESET_B : -90.651688
[setup in-reg] rst_n -> _115980_/RESET_B : -90.651688
[setup in-reg] rst_n -> _115981_/RESET_B : -90.651688
[setup in-reg] rst_n -> _115982_/RESET_B : -90.651688
[setup in-reg] rst_n -> _115983_/RESET_B : -90.651688
[setup in-reg] rst_n -> _115984_/RESET_B : -90.651688
[setup in-reg] rst_n -> _115985_/RESET_B : -90.651688
[setup in-reg] rst_n -> _115986_/RESET_B : -90.651688
[setup in-reg] rst_n -> _115987_/RESET_B : -90.651688
[setup in-reg] rst_n -> _115988_/RESET_B : -90.651688
[setup in-reg] rst_n -> _115989_/RESET_B : -90.651688
[setup in-reg] rst_n -> _115990_/RESET_B : -90.651688
[setup in-reg] rst_n -> _115991_/RESET_B : -90.651688
[setup in-reg] rst_n -> _115992_/RESET_B : -90.651688
[setup in-reg] rst_n -> _115993_/RESET_B : -90.651688
[setup in-reg] rst_n -> _115994_/RESET_B : -90.651688
[setup in-reg] rst_n -> _115995_/RESET_B : -90.651688
[setup in-reg] rst_n -> _115996_/RESET_B : -90.651688
[setup in-reg] rst_n -> _115997_/RESET_B : -90.651688
[setup in-reg] rst_n -> _115998_/RESET_B : -90.651688
[setup in-reg] rst_n -> _115999_/RESET_B : -90.651688
[setup in-reg] rst_n -> _116000_/RESET_B : -90.651688
[setup in-reg] rst_n -> _116001_/RESET_B : -90.651688
[setup in-reg] rst_n -> _116002_/RESET_B : -90.651688
[setup in-reg] rst_n -> _116003_/RESET_B : -90.651688
[setup in-reg] rst_n -> _116004_/RESET_B : -90.651688
[setup in-reg] rst_n -> _116005_/RESET_B : -90.651688
[setup in-reg] rst_n -> _116006_/RESET_B : -90.651688
[setup in-reg] rst_n -> _116007_/RESET_B : -90.651688
[setup in-reg] rst_n -> _116008_/RESET_B : -90.651688
[setup in-reg] rst_n -> _116009_/RESET_B : -90.651688
[setup in-reg] rst_n -> _116010_/RESET_B : -90.651688
[setup in-reg] rst_n -> _116011_/RESET_B : -90.651688
[setup in-reg] rst_n -> _116012_/RESET_B : -90.651688
[setup in-reg] rst_n -> _116013_/RESET_B : -90.651688
[setup in-reg] rst_n -> _116014_/RESET_B : -90.651688
[setup in-reg] rst_n -> _116015_/RESET_B : -90.651688
[setup in-reg] rst_n -> _116016_/RESET_B : -90.651688
[setup in-reg] rst_n -> _116017_/RESET_B : -90.651688
[setup in-reg] rst_n -> _116018_/RESET_B : -90.651688
[setup in-reg] rst_n -> _116019_/RESET_B : -90.651688
[setup in-reg] rst_n -> _116020_/RESET_B : -90.651688
[setup in-reg] rst_n -> _116021_/RESET_B : -90.651688
[setup in-reg] rst_n -> _116022_/RESET_B : -90.651688
[setup in-reg] rst_n -> _116023_/RESET_B : -90.651688
[setup in-reg] rst_n -> _116024_/RESET_B : -90.651688
[setup in-reg] rst_n -> _116025_/RESET_B : -90.651688
[setup in-reg] rst_n -> _116026_/RESET_B : -90.651688
[setup in-reg] rst_n -> _116027_/RESET_B : -90.651688
[setup in-reg] rst_n -> _116028_/RESET_B : -90.651688
[setup in-reg] rst_n -> _116029_/RESET_B : -90.651688
[setup in-reg] rst_n -> _116030_/RESET_B : -90.651688
[setup in-reg] rst_n -> _116031_/RESET_B : -90.651688
[setup in-reg] rst_n -> _116032_/RESET_B : -90.651688
[setup in-reg] rst_n -> _116033_/RESET_B : -90.651688
[setup in-reg] rst_n -> _116034_/RESET_B : -90.651688
[setup in-reg] rst_n -> _116035_/RESET_B : -90.651688
[setup in-reg] rst_n -> _116036_/RESET_B : -90.651688
[setup in-reg] rst_n -> _116037_/RESET_B : -90.651688
[setup in-reg] rst_n -> _116038_/RESET_B : -90.651688
[setup in-reg] rst_n -> _116039_/RESET_B : -90.651688
[setup in-reg] rst_n -> _116040_/RESET_B : -90.651688
[setup in-reg] rst_n -> _116041_/RESET_B : -90.651688
[setup in-reg] rst_n -> _116042_/RESET_B : -90.651688
[setup in-reg] rst_n -> _116043_/RESET_B : -90.651688
[setup in-reg] rst_n -> _116044_/RESET_B : -90.651688
[setup in-reg] rst_n -> _116045_/RESET_B : -90.651688
[setup in-reg] rst_n -> _116046_/RESET_B : -90.651688
[setup in-reg] rst_n -> _116047_/RESET_B : -90.651688
[setup in-reg] rst_n -> _116048_/RESET_B : -90.651688
[setup in-reg] rst_n -> _116049_/RESET_B : -90.651688
[setup in-reg] rst_n -> _116050_/RESET_B : -90.651688
[setup in-reg] rst_n -> _116051_/RESET_B : -90.651688
[setup in-reg] rst_n -> _116052_/RESET_B : -90.651688
[setup in-reg] rst_n -> _116053_/RESET_B : -90.651688
[setup in-reg] rst_n -> _116054_/RESET_B : -90.651688
[setup in-reg] rst_n -> _116055_/RESET_B : -90.651688
[setup in-reg] rst_n -> _116056_/RESET_B : -90.651688
[setup in-reg] rst_n -> _116057_/RESET_B : -90.651688
[setup in-reg] rst_n -> _116058_/RESET_B : -90.651688
[setup in-reg] rst_n -> _116059_/RESET_B : -90.651688
[setup in-reg] rst_n -> _116060_/RESET_B : -90.651688
[setup in-reg] rst_n -> _116061_/RESET_B : -90.651688
[setup in-reg] rst_n -> _116062_/RESET_B : -90.651688
[setup in-reg] rst_n -> _116063_/RESET_B : -90.651688
[setup in-reg] rst_n -> _116064_/RESET_B : -90.651688
[setup in-reg] rst_n -> _116065_/RESET_B : -90.651688
[setup in-reg] rst_n -> _116066_/RESET_B : -90.651688
[setup in-reg] rst_n -> _116067_/RESET_B : -90.651688
[setup in-reg] rst_n -> _116068_/RESET_B : -90.651688
[setup in-reg] rst_n -> _116069_/RESET_B : -90.651688
[setup in-reg] rst_n -> _116070_/RESET_B : -90.651688
[setup in-reg] rst_n -> _116071_/RESET_B : -90.651688
[setup in-reg] rst_n -> _116072_/RESET_B : -90.651688
[setup in-reg] rst_n -> _116073_/RESET_B : -90.651688
[setup in-reg] rst_n -> _116074_/RESET_B : -90.651688
[setup in-reg] rst_n -> _116075_/RESET_B : -90.651688
[setup in-reg] rst_n -> _116076_/RESET_B : -90.651688
[setup in-reg] rst_n -> _116077_/RESET_B : -90.651688
[setup in-reg] rst_n -> _116078_/RESET_B : -90.651688
[setup in-reg] rst_n -> _116079_/RESET_B : -90.651688
[setup in-reg] rst_n -> _116080_/RESET_B : -90.651688
[setup in-reg] rst_n -> _116081_/RESET_B : -90.651688
[setup in-reg] rst_n -> _116082_/RESET_B : -90.651688
[setup in-reg] rst_n -> _116083_/RESET_B : -90.651688
[setup in-reg] rst_n -> _116084_/RESET_B : -90.651688
[setup in-reg] rst_n -> _116085_/RESET_B : -90.651688
[setup in-reg] rst_n -> _116086_/RESET_B : -90.651688
[setup in-reg] rst_n -> _116087_/RESET_B : -90.651688
[setup in-reg] rst_n -> _116088_/RESET_B : -90.651688
[setup in-reg] rst_n -> _116089_/RESET_B : -90.651688
[setup in-reg] rst_n -> _116090_/RESET_B : -90.651688
[setup in-reg] rst_n -> _116091_/RESET_B : -90.651688
[setup in-reg] rst_n -> _116092_/RESET_B : -90.651688
[setup in-reg] rst_n -> _116093_/RESET_B : -90.651688
[setup in-reg] rst_n -> _116094_/RESET_B : -90.651688
[setup in-reg] rst_n -> _116095_/RESET_B : -90.651688
[setup in-reg] rst_n -> _116096_/RESET_B : -90.651688
[setup in-reg] rst_n -> _116097_/RESET_B : -90.651688
[setup in-reg] rst_n -> _116098_/RESET_B : -90.651688
[setup in-reg] rst_n -> _116099_/RESET_B : -90.651688
[setup in-reg] rst_n -> _116100_/RESET_B : -90.651688
[setup in-reg] rst_n -> _116101_/RESET_B : -90.651688
[setup in-reg] rst_n -> _116102_/RESET_B : -90.651688
[setup in-reg] rst_n -> _116103_/RESET_B : -90.651688
[setup in-reg] rst_n -> _116104_/RESET_B : -90.651688
[setup in-reg] rst_n -> _116105_/RESET_B : -90.651688
[setup in-reg] rst_n -> _116106_/RESET_B : -90.651688
[setup in-reg] rst_n -> _116107_/RESET_B : -90.651688
[setup in-reg] rst_n -> _116108_/RESET_B : -90.651688
[setup in-reg] rst_n -> _116109_/RESET_B : -90.651688
[setup in-reg] rst_n -> _116110_/RESET_B : -90.651688
[setup in-reg] rst_n -> _116111_/RESET_B : -90.651688
[setup in-reg] rst_n -> _116112_/RESET_B : -90.651688
[setup in-reg] rst_n -> _116113_/RESET_B : -90.651688
[setup in-reg] rst_n -> _116114_/RESET_B : -90.651688
[setup in-reg] rst_n -> _116115_/RESET_B : -90.651688
[setup in-reg] rst_n -> _116116_/RESET_B : -90.651688
[setup in-reg] rst_n -> _116117_/RESET_B : -90.651688
[setup in-reg] rst_n -> _116118_/RESET_B : -90.651688
[setup in-reg] rst_n -> _116119_/RESET_B : -90.651688
[setup in-reg] rst_n -> _116120_/RESET_B : -90.651688
[setup in-reg] rst_n -> _116121_/RESET_B : -90.651688
[setup in-reg] rst_n -> _116122_/RESET_B : -90.651688
[setup in-reg] rst_n -> _116123_/RESET_B : -90.651688
[setup in-reg] rst_n -> _116124_/RESET_B : -90.651688
[setup in-reg] rst_n -> _116125_/RESET_B : -90.651688
[setup in-reg] rst_n -> _116126_/RESET_B : -90.651688
[setup in-reg] rst_n -> _116127_/RESET_B : -90.651688
[setup in-reg] rst_n -> _116128_/RESET_B : -90.651688
[setup in-reg] rst_n -> _116129_/RESET_B : -90.651688
[setup in-reg] rst_n -> _116130_/RESET_B : -90.651688
[setup in-reg] rst_n -> _116131_/RESET_B : -90.651688
[setup in-reg] rst_n -> _116132_/RESET_B : -90.651688
[setup in-reg] rst_n -> _116133_/RESET_B : -90.651688
[setup in-reg] rst_n -> _116134_/RESET_B : -90.651688
[setup in-reg] rst_n -> _116135_/RESET_B : -90.651688
[setup in-reg] rst_n -> _116136_/RESET_B : -90.651688
[setup in-reg] rst_n -> _116137_/RESET_B : -90.651688
[setup in-reg] rst_n -> _116138_/RESET_B : -90.651688
[setup in-reg] rst_n -> _116139_/RESET_B : -90.651688
[setup in-reg] rst_n -> _116140_/RESET_B : -90.651688
[setup in-reg] rst_n -> _116141_/RESET_B : -90.651688
[setup in-reg] rst_n -> _116142_/RESET_B : -90.651688
[setup in-reg] rst_n -> _116143_/RESET_B : -90.651688
[setup in-reg] rst_n -> _116144_/RESET_B : -90.651688
[setup in-reg] rst_n -> _116145_/RESET_B : -90.651688
[setup in-reg] rst_n -> _116146_/RESET_B : -90.651688
[setup in-reg] rst_n -> _116147_/RESET_B : -90.651688
[setup in-reg] rst_n -> _116148_/RESET_B : -90.651688
[setup in-reg] rst_n -> _116149_/RESET_B : -90.651688
[setup in-reg] rst_n -> _116150_/RESET_B : -90.651688
[setup in-reg] rst_n -> _116151_/RESET_B : -90.651688
[setup in-reg] rst_n -> _116152_/RESET_B : -90.651688
[setup in-reg] rst_n -> _116153_/RESET_B : -90.651688
[setup in-reg] rst_n -> _116154_/RESET_B : -90.651688
[setup in-reg] rst_n -> _116155_/RESET_B : -90.651688
[setup in-reg] rst_n -> _116156_/RESET_B : -90.651688
[setup in-reg] rst_n -> _116157_/RESET_B : -90.651688
[setup in-reg] rst_n -> _116158_/RESET_B : -90.651688
[setup in-reg] rst_n -> _116159_/RESET_B : -90.651688
[setup in-reg] rst_n -> _116160_/RESET_B : -90.651688
[setup in-reg] rst_n -> _116161_/RESET_B : -90.651688
[setup in-reg] rst_n -> _116162_/RESET_B : -90.651688
[setup in-reg] rst_n -> _116163_/RESET_B : -90.651688
[setup in-reg] rst_n -> _116164_/RESET_B : -90.651688
[setup in-reg] rst_n -> _116165_/RESET_B : -90.651688
[setup in-reg] rst_n -> _116166_/RESET_B : -90.651688
[setup in-reg] rst_n -> _116167_/RESET_B : -90.651688
[setup in-reg] rst_n -> _116168_/RESET_B : -90.651688
[setup in-reg] rst_n -> _116169_/RESET_B : -90.651688
[setup in-reg] rst_n -> _116170_/RESET_B : -90.651688
[setup in-reg] rst_n -> _116171_/RESET_B : -90.651688
[setup in-reg] rst_n -> _116172_/RESET_B : -90.651688
[setup in-reg] rst_n -> _116173_/RESET_B : -90.651688
[setup in-reg] rst_n -> _116174_/RESET_B : -90.651688
[setup in-reg] rst_n -> _116175_/RESET_B : -90.651688
[setup in-reg] rst_n -> _116176_/RESET_B : -90.651688
[setup in-reg] rst_n -> _116177_/RESET_B : -90.651688
[setup in-reg] rst_n -> _116178_/RESET_B : -90.651688
[setup in-reg] rst_n -> _116179_/RESET_B : -90.651688
[setup in-reg] rst_n -> _116180_/RESET_B : -90.651688
[setup in-reg] rst_n -> _116181_/RESET_B : -90.651688
[setup in-reg] rst_n -> _116182_/RESET_B : -90.651688
[setup in-reg] rst_n -> _116183_/RESET_B : -90.651688
[setup in-reg] rst_n -> _116184_/RESET_B : -90.651688
[setup in-reg] rst_n -> _116185_/RESET_B : -90.651688
[setup in-reg] rst_n -> _116186_/RESET_B : -90.651688
[setup in-reg] rst_n -> _116187_/RESET_B : -90.651688
[setup in-reg] rst_n -> _116188_/RESET_B : -90.651688
[setup in-reg] rst_n -> _116189_/RESET_B : -90.651688
[setup in-reg] rst_n -> _116190_/RESET_B : -90.651688
[setup in-reg] rst_n -> _116191_/RESET_B : -90.651688
[setup in-reg] rst_n -> _116192_/RESET_B : -90.651688
[setup in-reg] rst_n -> _116193_/RESET_B : -90.651688
[setup in-reg] rst_n -> _116194_/RESET_B : -90.651688
[setup in-reg] rst_n -> _116195_/RESET_B : -90.651688
[setup in-reg] rst_n -> _116196_/RESET_B : -90.651688
[setup in-reg] rst_n -> _116197_/RESET_B : -90.651688
[setup in-reg] rst_n -> _116198_/RESET_B : -90.651688
[setup in-reg] rst_n -> _116199_/RESET_B : -90.651688
[setup in-reg] rst_n -> _116200_/RESET_B : -90.651688
[setup in-reg] rst_n -> _116201_/RESET_B : -90.651688
[setup in-reg] rst_n -> _116202_/RESET_B : -90.651688
[setup in-reg] rst_n -> _116203_/RESET_B : -90.651688
[setup in-reg] rst_n -> _116204_/RESET_B : -90.651688
[setup in-reg] rst_n -> _116205_/RESET_B : -90.651688
[setup in-reg] rst_n -> _116206_/RESET_B : -90.651688
[setup in-reg] rst_n -> _116207_/RESET_B : -90.651688
[setup in-reg] rst_n -> _116208_/RESET_B : -90.651688
[setup in-reg] rst_n -> _116209_/RESET_B : -90.651688
[setup in-reg] rst_n -> _116210_/RESET_B : -90.651688
[setup in-reg] rst_n -> _116211_/RESET_B : -90.651688
[setup in-reg] rst_n -> _116212_/RESET_B : -90.651688
[setup in-reg] rst_n -> _116213_/RESET_B : -90.651688
[setup in-reg] rst_n -> _116214_/RESET_B : -90.651688
[setup in-reg] rst_n -> _116215_/RESET_B : -90.651688
[setup in-reg] rst_n -> _116216_/RESET_B : -90.651688
[setup in-reg] rst_n -> _116217_/RESET_B : -90.651688
[setup in-reg] rst_n -> _116218_/RESET_B : -90.651688
[setup in-reg] rst_n -> _116219_/RESET_B : -90.651688
[setup in-reg] rst_n -> _116220_/RESET_B : -90.651688
[setup in-reg] rst_n -> _116221_/RESET_B : -90.651688
[setup in-reg] rst_n -> _116222_/RESET_B : -90.651688
[setup in-reg] rst_n -> _116223_/RESET_B : -90.651688
[setup in-reg] rst_n -> _116224_/RESET_B : -90.651688
[setup in-reg] rst_n -> _116225_/RESET_B : -90.651688
[setup in-reg] rst_n -> _116226_/RESET_B : -90.651688
[setup in-reg] rst_n -> _116227_/RESET_B : -90.651688
[setup in-reg] rst_n -> _116228_/RESET_B : -90.651688
[setup in-reg] rst_n -> _116229_/RESET_B : -90.651688
[setup in-reg] rst_n -> _116230_/RESET_B : -90.651688
[setup in-reg] rst_n -> _116231_/RESET_B : -90.651688
[setup in-reg] rst_n -> _116232_/RESET_B : -90.651688
[setup in-reg] rst_n -> _116233_/RESET_B : -90.651688
[setup in-reg] rst_n -> _116234_/RESET_B : -90.651688
[setup in-reg] rst_n -> _116235_/RESET_B : -90.651688
[setup in-reg] rst_n -> _116236_/RESET_B : -90.651688
[setup in-reg] rst_n -> _116237_/RESET_B : -90.651688
[setup in-reg] rst_n -> _116238_/RESET_B : -90.651688
[setup in-reg] rst_n -> _116239_/RESET_B : -90.651688
[setup in-reg] rst_n -> _116240_/RESET_B : -90.651688
[setup in-reg] rst_n -> _116241_/RESET_B : -90.651688
[setup in-reg] rst_n -> _116242_/RESET_B : -90.651688
[setup in-reg] rst_n -> _116243_/RESET_B : -90.651688
[setup in-reg] rst_n -> _116244_/RESET_B : -90.651688
[setup in-reg] rst_n -> _116245_/RESET_B : -90.651688
[setup in-reg] rst_n -> _116246_/RESET_B : -90.651688
[setup in-reg] rst_n -> _116247_/RESET_B : -90.651688
[setup in-reg] rst_n -> _116248_/RESET_B : -90.651688
[setup in-reg] rst_n -> _116249_/RESET_B : -90.651688
[setup in-reg] rst_n -> _116250_/RESET_B : -90.651688
[setup in-reg] rst_n -> _116251_/RESET_B : -90.651688
[setup in-reg] rst_n -> _116252_/RESET_B : -90.651688
[setup in-reg] rst_n -> _116253_/RESET_B : -90.651688
[setup in-reg] rst_n -> _116254_/RESET_B : -90.651688
[setup in-reg] rst_n -> _116255_/RESET_B : -90.651688
[setup in-reg] rst_n -> _116256_/RESET_B : -90.651688
[setup in-reg] rst_n -> _116257_/RESET_B : -90.651688
[setup in-reg] rst_n -> _116258_/RESET_B : -90.651688
[setup in-reg] rst_n -> _116259_/RESET_B : -90.651688
[setup in-reg] rst_n -> _116260_/RESET_B : -90.651688
[setup in-reg] rst_n -> _116261_/RESET_B : -90.651688
[setup in-reg] rst_n -> _116262_/RESET_B : -90.651688
[setup in-reg] rst_n -> _116263_/RESET_B : -90.651688
[setup in-reg] rst_n -> _116264_/RESET_B : -90.651688
[setup in-reg] rst_n -> _116265_/RESET_B : -90.651688
[setup in-reg] rst_n -> _116266_/RESET_B : -90.651688
[setup in-reg] rst_n -> _116267_/RESET_B : -90.651688
[setup in-reg] rst_n -> _116268_/RESET_B : -90.651688
[setup in-reg] rst_n -> _116269_/RESET_B : -90.651688
[setup in-reg] rst_n -> _116270_/RESET_B : -90.651688
[setup in-reg] rst_n -> _116271_/RESET_B : -90.651688
[setup in-reg] rst_n -> _116272_/RESET_B : -90.651688
[setup in-reg] rst_n -> _116273_/RESET_B : -90.651688
[setup in-reg] rst_n -> _116274_/RESET_B : -90.651688
[setup in-reg] rst_n -> _116275_/RESET_B : -90.651688
[setup in-reg] rst_n -> _116276_/RESET_B : -90.651688
[setup in-reg] rst_n -> _116277_/RESET_B : -90.651688
[setup in-reg] rst_n -> _116278_/RESET_B : -90.651688
[setup in-reg] rst_n -> _116279_/RESET_B : -90.651688
[setup in-reg] rst_n -> _116280_/RESET_B : -90.651688
[setup in-reg] rst_n -> _116281_/RESET_B : -90.651688
[setup in-reg] rst_n -> _116282_/RESET_B : -90.651688
[setup in-reg] rst_n -> _116283_/RESET_B : -90.651688
[setup in-reg] rst_n -> _116284_/RESET_B : -90.651688
[setup in-reg] rst_n -> _116285_/RESET_B : -90.651688
[setup in-reg] rst_n -> _116286_/RESET_B : -90.651688
[setup in-reg] rst_n -> _116287_/RESET_B : -90.651688
[setup in-reg] rst_n -> _116288_/RESET_B : -90.651688
[setup in-reg] rst_n -> _116289_/RESET_B : -90.651688
[setup in-reg] rst_n -> _116290_/RESET_B : -90.651688
[setup in-reg] rst_n -> _116291_/RESET_B : -90.651688
[setup in-reg] rst_n -> _116292_/RESET_B : -90.651688
[setup in-reg] rst_n -> _116293_/RESET_B : -90.651688
[setup in-reg] rst_n -> _116294_/RESET_B : -90.651688
[setup in-reg] rst_n -> _116295_/RESET_B : -90.651688
[setup in-reg] rst_n -> _116296_/RESET_B : -90.651688
[setup in-reg] rst_n -> _116297_/RESET_B : -90.651688
[setup in-reg] rst_n -> _116298_/RESET_B : -90.651688
[setup in-reg] rst_n -> _116299_/RESET_B : -90.651688
[setup in-reg] rst_n -> _116300_/RESET_B : -90.651688
[setup in-reg] rst_n -> _116301_/RESET_B : -90.651688
[setup in-reg] rst_n -> _116302_/RESET_B : -90.651688
[setup in-reg] rst_n -> _116303_/RESET_B : -90.651688
[setup in-reg] rst_n -> _116304_/RESET_B : -90.651688
[setup in-reg] rst_n -> _116305_/RESET_B : -90.651688
[setup in-reg] rst_n -> _116306_/RESET_B : -90.651688
[setup in-reg] rst_n -> _116307_/RESET_B : -90.651688
[setup in-reg] rst_n -> _116308_/RESET_B : -90.651688
[setup in-reg] rst_n -> _116309_/RESET_B : -90.651688
[setup in-reg] rst_n -> _116310_/RESET_B : -90.651688
[setup in-reg] rst_n -> _116311_/RESET_B : -90.651688
[setup in-reg] rst_n -> _116312_/RESET_B : -90.651688
[setup in-reg] rst_n -> _116313_/RESET_B : -90.651688
[setup in-reg] rst_n -> _116314_/RESET_B : -90.651688
[setup in-reg] rst_n -> _116315_/RESET_B : -90.651688
[setup in-reg] rst_n -> _116316_/RESET_B : -90.651688
[setup in-reg] rst_n -> _116317_/RESET_B : -90.651688
[setup in-reg] rst_n -> _116318_/RESET_B : -90.651688
[setup in-reg] rst_n -> _116319_/RESET_B : -90.651688
[setup in-reg] rst_n -> _116320_/RESET_B : -90.651688
[setup in-reg] rst_n -> _116321_/RESET_B : -90.651688
[setup in-reg] rst_n -> _116322_/RESET_B : -90.651688
[setup in-reg] rst_n -> _116323_/RESET_B : -90.651688
[setup in-reg] rst_n -> _116324_/RESET_B : -90.651688
[setup in-reg] rst_n -> _116325_/RESET_B : -90.651688
[setup in-reg] rst_n -> _116326_/RESET_B : -90.651688
[setup in-reg] rst_n -> _116327_/RESET_B : -90.651688
[setup in-reg] rst_n -> _116328_/RESET_B : -90.651688
[setup in-reg] rst_n -> _116329_/RESET_B : -90.651688
[setup in-reg] rst_n -> _116330_/RESET_B : -90.651688
[setup in-reg] rst_n -> _116331_/RESET_B : -90.651688
[setup in-reg] rst_n -> _116332_/RESET_B : -90.651688
[setup in-reg] rst_n -> _116333_/RESET_B : -90.651688
[setup in-reg] rst_n -> _116334_/RESET_B : -90.651688
[setup in-reg] rst_n -> _116335_/RESET_B : -90.651688
[setup in-reg] rst_n -> _116336_/RESET_B : -90.651688
[setup in-reg] rst_n -> _116337_/RESET_B : -90.651688
[setup in-reg] rst_n -> _116338_/RESET_B : -90.651688
[setup in-reg] rst_n -> _116339_/RESET_B : -90.651688
[setup in-reg] rst_n -> _116340_/RESET_B : -90.651688
[setup in-reg] rst_n -> _116341_/RESET_B : -90.651688
[setup in-reg] rst_n -> _116342_/RESET_B : -90.651688
[setup in-reg] rst_n -> _116343_/RESET_B : -90.651688
[setup in-reg] rst_n -> _116344_/RESET_B : -90.651688
[setup in-reg] rst_n -> _116345_/RESET_B : -90.651688
[setup in-reg] rst_n -> _116346_/RESET_B : -90.651688
[setup in-reg] rst_n -> _116347_/RESET_B : -90.651688
[setup in-reg] rst_n -> _116348_/RESET_B : -90.651688
[setup in-reg] rst_n -> _116349_/RESET_B : -90.651688
[setup in-reg] rst_n -> _116350_/RESET_B : -90.651688
[setup in-reg] rst_n -> _116351_/RESET_B : -90.651688
[setup in-reg] rst_n -> _116352_/RESET_B : -90.651688
[setup in-reg] rst_n -> _116353_/RESET_B : -90.651688
[setup in-reg] rst_n -> _116354_/RESET_B : -90.651688
[setup in-reg] rst_n -> _116355_/RESET_B : -90.651688
[setup in-reg] rst_n -> _116356_/RESET_B : -90.651688
[setup in-reg] rst_n -> _116357_/RESET_B : -90.651688
[setup in-reg] rst_n -> _116358_/RESET_B : -90.651688
[setup in-reg] rst_n -> _116359_/RESET_B : -90.651688
[setup in-reg] rst_n -> _116360_/RESET_B : -90.651688
[setup in-reg] rst_n -> _116361_/RESET_B : -90.651688
[setup in-reg] rst_n -> _116362_/RESET_B : -90.651688
[setup in-reg] rst_n -> _116363_/RESET_B : -90.651688
[setup in-reg] rst_n -> _116364_/RESET_B : -90.651688
[setup in-reg] rst_n -> _116365_/RESET_B : -90.651688
[setup in-reg] rst_n -> _116366_/RESET_B : -90.651688
[setup in-reg] rst_n -> _116367_/RESET_B : -90.651688
[setup in-reg] rst_n -> _116368_/RESET_B : -90.651688
[setup in-reg] rst_n -> _116369_/RESET_B : -90.651688
[setup in-reg] rst_n -> _116370_/RESET_B : -90.651688
[setup in-reg] rst_n -> _116371_/RESET_B : -90.651688
[setup in-reg] rst_n -> _116372_/RESET_B : -90.651688
[setup in-reg] rst_n -> _116373_/RESET_B : -90.651688
[setup in-reg] rst_n -> _116374_/RESET_B : -90.651688
[setup in-reg] rst_n -> _116375_/RESET_B : -90.651688
[setup in-reg] rst_n -> _116376_/RESET_B : -90.651688
[setup in-reg] rst_n -> _116377_/RESET_B : -90.651688
[setup in-reg] rst_n -> _116378_/RESET_B : -90.651688
[setup in-reg] rst_n -> _116379_/RESET_B : -90.651688
[setup in-reg] rst_n -> _116380_/RESET_B : -90.651688
[setup in-reg] rst_n -> _116381_/RESET_B : -90.651688
[setup in-reg] rst_n -> _116382_/RESET_B : -90.651688
[setup in-reg] rst_n -> _116383_/RESET_B : -90.651688
[setup in-reg] rst_n -> _116384_/RESET_B : -90.651688
[setup in-reg] rst_n -> _116385_/RESET_B : -90.651688
[setup in-reg] rst_n -> _116386_/RESET_B : -90.651688
[setup in-reg] rst_n -> _116387_/RESET_B : -90.651688
[setup in-reg] rst_n -> _116388_/RESET_B : -90.651688
[setup in-reg] rst_n -> _116389_/RESET_B : -90.651688
[setup in-reg] rst_n -> _116390_/RESET_B : -90.651688
[setup in-reg] rst_n -> _116391_/RESET_B : -90.651688
[setup in-reg] rst_n -> _116392_/RESET_B : -90.651688
[setup in-reg] rst_n -> _116393_/RESET_B : -90.651688
[setup in-reg] rst_n -> _116394_/RESET_B : -90.651688
[setup in-reg] rst_n -> _116395_/RESET_B : -90.651688
[setup in-reg] rst_n -> _116396_/RESET_B : -90.651688
[setup in-reg] rst_n -> _116397_/RESET_B : -90.651688
[setup in-reg] rst_n -> _116398_/RESET_B : -90.651688
[setup in-reg] rst_n -> _116399_/RESET_B : -90.651688
[setup in-reg] rst_n -> _116400_/RESET_B : -90.651688
[setup in-reg] rst_n -> _116401_/RESET_B : -90.651688
[setup in-reg] rst_n -> _116402_/RESET_B : -90.651688
[setup in-reg] rst_n -> _116403_/RESET_B : -90.651688
[setup in-reg] rst_n -> _116404_/RESET_B : -90.651688
[setup in-reg] rst_n -> _116405_/RESET_B : -90.651688
[setup in-reg] rst_n -> _116406_/RESET_B : -90.651688
[setup in-reg] rst_n -> _116407_/RESET_B : -90.651688
[setup in-reg] rst_n -> _116408_/RESET_B : -90.651688
[setup in-reg] rst_n -> _116409_/RESET_B : -90.651688
[setup in-reg] rst_n -> _116410_/RESET_B : -90.651688
[setup in-reg] rst_n -> _116411_/RESET_B : -90.651688
[setup in-reg] rst_n -> _116412_/RESET_B : -90.651688
[setup in-reg] rst_n -> _116413_/RESET_B : -90.651688
[setup in-reg] rst_n -> _116414_/RESET_B : -90.651688
[setup in-reg] rst_n -> _116415_/RESET_B : -90.651688
[setup in-reg] rst_n -> _116416_/RESET_B : -90.651688
[setup in-reg] rst_n -> _116417_/RESET_B : -90.651688
[setup in-reg] rst_n -> _116418_/RESET_B : -90.651688
[setup in-reg] rst_n -> _116419_/RESET_B : -90.651688
[setup in-reg] rst_n -> _116420_/RESET_B : -90.651688
[setup in-reg] rst_n -> _116421_/RESET_B : -90.651688
[setup in-reg] rst_n -> _116422_/RESET_B : -90.651688
[setup in-reg] rst_n -> _116423_/RESET_B : -90.651688
[setup in-reg] rst_n -> _116424_/RESET_B : -90.651688
[setup in-reg] rst_n -> _116425_/RESET_B : -90.651688
[setup in-reg] rst_n -> _116426_/RESET_B : -90.651688
[setup in-reg] rst_n -> _116427_/RESET_B : -90.651688
[setup in-reg] rst_n -> _116428_/RESET_B : -90.651688
[setup in-reg] rst_n -> _116429_/RESET_B : -90.651688
[setup in-reg] rst_n -> _116430_/RESET_B : -90.651688
[setup in-reg] rst_n -> _116431_/RESET_B : -90.651688
[setup in-reg] rst_n -> _116432_/RESET_B : -90.651688
[setup in-reg] rst_n -> _116433_/RESET_B : -90.651688
[setup in-reg] rst_n -> _116434_/RESET_B : -90.651688
[setup in-reg] rst_n -> _116435_/RESET_B : -90.651688
[setup in-reg] rst_n -> _116436_/RESET_B : -90.651688
[setup in-reg] rst_n -> _116437_/RESET_B : -90.651688
[setup in-reg] rst_n -> _116438_/RESET_B : -90.651688
[setup in-reg] rst_n -> _116439_/RESET_B : -90.651688
[setup in-reg] rst_n -> _116440_/RESET_B : -90.651688
[setup in-reg] rst_n -> _116441_/RESET_B : -90.651688
[setup in-reg] rst_n -> _116442_/RESET_B : -90.651688
[setup in-reg] rst_n -> _116443_/RESET_B : -90.651688
[setup in-reg] rst_n -> _116444_/RESET_B : -90.651688
[setup in-reg] rst_n -> _116445_/RESET_B : -90.651688
[setup in-reg] rst_n -> _116446_/RESET_B : -90.651688
[setup in-reg] rst_n -> _116447_/RESET_B : -90.651688
[setup in-reg] rst_n -> _116448_/RESET_B : -90.651688
[setup in-reg] rst_n -> _116449_/RESET_B : -90.651688
[setup in-reg] rst_n -> _116450_/RESET_B : -90.651688
[setup in-reg] rst_n -> _116451_/RESET_B : -90.651688
[setup in-reg] rst_n -> _116452_/RESET_B : -90.651688
[setup in-reg] rst_n -> _116453_/RESET_B : -90.651688
[setup in-reg] rst_n -> _116454_/RESET_B : -90.651688
[setup in-reg] rst_n -> _116455_/RESET_B : -90.651688
[setup in-reg] rst_n -> _116456_/RESET_B : -90.651688
[setup in-reg] rst_n -> _116457_/RESET_B : -90.651688
[setup in-reg] rst_n -> _116458_/RESET_B : -90.651688
[setup in-reg] rst_n -> _116459_/RESET_B : -90.651688
[setup in-reg] rst_n -> _116460_/RESET_B : -90.651688
[setup in-reg] rst_n -> _116461_/RESET_B : -90.651688
[setup in-reg] rst_n -> _116462_/RESET_B : -90.651688
[setup in-reg] rst_n -> _116463_/RESET_B : -90.651688
[setup in-reg] rst_n -> _116464_/RESET_B : -90.651688
[setup in-reg] rst_n -> _116465_/RESET_B : -90.651688
[setup in-reg] rst_n -> _116466_/RESET_B : -90.651688
[setup in-reg] rst_n -> _116467_/RESET_B : -90.651688
[setup in-reg] rst_n -> _116468_/RESET_B : -90.651688
[setup in-reg] rst_n -> _116469_/RESET_B : -90.651688
[setup in-reg] rst_n -> _116470_/RESET_B : -90.651688
[setup in-reg] rst_n -> _116471_/RESET_B : -90.651688
[setup in-reg] rst_n -> _116472_/RESET_B : -90.651688
[setup in-reg] rst_n -> _116473_/RESET_B : -90.651688
[setup in-reg] rst_n -> _116474_/RESET_B : -90.651688
[setup in-reg] rst_n -> _116475_/RESET_B : -90.651688
[setup in-reg] rst_n -> _116476_/RESET_B : -90.651688
[setup in-reg] rst_n -> _116477_/RESET_B : -90.651688
[setup in-reg] rst_n -> _116478_/RESET_B : -90.651688
[setup in-reg] rst_n -> _116479_/RESET_B : -90.651688
[setup in-reg] rst_n -> _116480_/RESET_B : -90.651688
[setup in-reg] rst_n -> _116481_/RESET_B : -90.651688
[setup in-reg] rst_n -> _116482_/RESET_B : -90.651688
[setup in-reg] rst_n -> _116483_/RESET_B : -90.651688
[setup in-reg] rst_n -> _116484_/RESET_B : -90.651688
[setup in-reg] rst_n -> _116485_/RESET_B : -90.651688
[setup in-reg] rst_n -> _116486_/RESET_B : -90.651688
[setup in-reg] rst_n -> _116487_/RESET_B : -90.651688
[setup in-reg] rst_n -> _116488_/RESET_B : -90.651688
[setup in-reg] rst_n -> _116489_/RESET_B : -90.651688
[setup in-reg] rst_n -> _116490_/RESET_B : -90.651688
[setup in-reg] rst_n -> _116491_/RESET_B : -90.651688
[setup in-reg] rst_n -> _116492_/RESET_B : -90.651688
[setup in-reg] rst_n -> _116493_/RESET_B : -90.651688
[setup in-reg] rst_n -> _116494_/RESET_B : -90.651688
[setup in-reg] rst_n -> _116495_/RESET_B : -90.651688
[setup in-reg] rst_n -> _116496_/RESET_B : -90.651688
[setup in-reg] rst_n -> _116497_/RESET_B : -90.651688
[setup in-reg] rst_n -> _116498_/RESET_B : -90.651688
[setup in-reg] rst_n -> _116499_/RESET_B : -90.651688
[setup in-reg] rst_n -> _116500_/RESET_B : -90.651688
[setup in-reg] rst_n -> _116501_/RESET_B : -90.651688
[setup in-reg] rst_n -> _116502_/RESET_B : -90.651688
[setup in-reg] rst_n -> _116503_/RESET_B : -90.651688
[setup in-reg] rst_n -> _116504_/RESET_B : -90.651688
[setup in-reg] rst_n -> _116505_/RESET_B : -90.651688
[setup in-reg] rst_n -> _116506_/RESET_B : -90.651688
[setup in-reg] rst_n -> _116507_/RESET_B : -90.651688
[setup in-reg] rst_n -> _116508_/RESET_B : -90.651688
[setup in-reg] rst_n -> _116509_/RESET_B : -90.651688
[setup in-reg] rst_n -> _116510_/RESET_B : -90.651688
[setup in-reg] rst_n -> _116511_/RESET_B : -90.651688
[setup in-reg] rst_n -> _116512_/RESET_B : -90.651688
[setup in-reg] rst_n -> _116513_/RESET_B : -90.651688
[setup in-reg] rst_n -> _116514_/RESET_B : -90.651688
[setup in-reg] rst_n -> _116515_/RESET_B : -90.651688
[setup in-reg] rst_n -> _116516_/RESET_B : -90.651688
[setup in-reg] rst_n -> _116517_/RESET_B : -90.651688
[setup in-reg] rst_n -> _116518_/RESET_B : -90.651688
[setup in-reg] rst_n -> _116519_/RESET_B : -90.651688
[setup in-reg] rst_n -> _116520_/RESET_B : -90.651688
[setup in-reg] rst_n -> _116521_/RESET_B : -90.651688
[setup in-reg] rst_n -> _116522_/RESET_B : -90.651688
[setup in-reg] rst_n -> _116523_/RESET_B : -90.651688
[setup in-reg] rst_n -> _116524_/RESET_B : -90.651688
[setup in-reg] rst_n -> _116525_/RESET_B : -90.651688
[setup in-reg] rst_n -> _116526_/RESET_B : -90.651688
[setup in-reg] rst_n -> _116527_/RESET_B : -90.651688
[setup in-reg] rst_n -> _116528_/RESET_B : -90.651688
[setup in-reg] rst_n -> _116529_/RESET_B : -90.651688
[setup in-reg] rst_n -> _116530_/RESET_B : -90.651688
[setup in-reg] rst_n -> _116531_/RESET_B : -90.651688
[setup in-reg] rst_n -> _116532_/RESET_B : -90.651688
[setup in-reg] rst_n -> _116533_/RESET_B : -90.651688
[setup in-reg] rst_n -> _116534_/RESET_B : -90.651688
[setup in-reg] rst_n -> _116535_/RESET_B : -90.651688
[setup in-reg] rst_n -> _116536_/RESET_B : -90.651688
[setup in-reg] rst_n -> _116537_/RESET_B : -90.651688
[setup in-reg] rst_n -> _116538_/RESET_B : -90.651688
[setup in-reg] rst_n -> _116539_/RESET_B : -90.651688
[setup in-reg] rst_n -> _116540_/RESET_B : -90.651688
[setup in-reg] rst_n -> _116541_/RESET_B : -90.651688
[setup in-reg] rst_n -> _116542_/RESET_B : -90.651688
[setup in-reg] rst_n -> _116543_/RESET_B : -90.651688
[setup in-reg] rst_n -> _116544_/RESET_B : -90.651688
[setup in-reg] rst_n -> _116545_/RESET_B : -90.651688
[setup in-reg] rst_n -> _116546_/RESET_B : -90.651688
[setup in-reg] rst_n -> _116547_/RESET_B : -90.651688
[setup in-reg] rst_n -> _116548_/RESET_B : -90.651688
[setup in-reg] rst_n -> _116549_/RESET_B : -90.651688
[setup in-reg] rst_n -> _116550_/RESET_B : -90.651688
[setup in-reg] rst_n -> _116551_/RESET_B : -90.651688
[setup in-reg] rst_n -> _116552_/RESET_B : -90.651688
[setup in-reg] rst_n -> _116553_/RESET_B : -90.651688
[setup in-reg] rst_n -> _116554_/RESET_B : -90.651688
[setup in-reg] rst_n -> _116555_/RESET_B : -90.651688
[setup in-reg] rst_n -> _116556_/RESET_B : -90.651688
[setup in-reg] rst_n -> _116557_/RESET_B : -90.651688
[setup in-reg] rst_n -> _116558_/RESET_B : -90.651688
[setup in-reg] rst_n -> _116559_/RESET_B : -90.651688
[setup in-reg] rst_n -> _116560_/RESET_B : -90.651688
[setup in-reg] rst_n -> _116561_/RESET_B : -90.651688
[setup in-reg] rst_n -> _116562_/RESET_B : -90.651688
[setup in-reg] rst_n -> _116563_/RESET_B : -90.651688
[setup in-reg] rst_n -> _116564_/RESET_B : -90.651688
[setup in-reg] rst_n -> _116565_/RESET_B : -90.651688
[setup in-reg] rst_n -> _116566_/RESET_B : -90.651688
[setup in-reg] rst_n -> _116567_/RESET_B : -90.651688
[setup in-reg] rst_n -> _116568_/RESET_B : -90.651688
[setup in-reg] rst_n -> _116569_/RESET_B : -90.651688
[setup in-reg] rst_n -> _116570_/RESET_B : -90.651688
[setup in-reg] rst_n -> _116571_/RESET_B : -90.651688
[setup in-reg] rst_n -> _116572_/RESET_B : -90.651688
[setup in-reg] rst_n -> _116573_/RESET_B : -90.651688
[setup in-reg] rst_n -> _116574_/RESET_B : -90.651688
[setup in-reg] rst_n -> _116575_/RESET_B : -90.651688
[setup in-reg] rst_n -> _116576_/RESET_B : -90.651688
[setup in-reg] rst_n -> _116577_/RESET_B : -90.651688
[setup in-reg] rst_n -> _116578_/RESET_B : -90.651688
[setup in-reg] rst_n -> _116579_/RESET_B : -90.651688
[setup in-reg] rst_n -> _116580_/RESET_B : -90.651688
[setup in-reg] rst_n -> _116581_/RESET_B : -90.651688
[setup in-reg] rst_n -> _116582_/RESET_B : -90.651688
[setup in-reg] rst_n -> _116583_/RESET_B : -90.651688
[setup in-reg] rst_n -> _116584_/RESET_B : -90.651688
[setup in-reg] rst_n -> _116585_/RESET_B : -90.651688
[setup in-reg] rst_n -> _116586_/RESET_B : -90.651688
[setup in-reg] rst_n -> _116587_/RESET_B : -90.651688
[setup in-reg] rst_n -> _116588_/RESET_B : -90.651688
[setup in-reg] rst_n -> _116589_/RESET_B : -90.651688
[setup in-reg] rst_n -> _116590_/RESET_B : -90.651688
[setup in-reg] rst_n -> _116591_/RESET_B : -90.651688
[setup in-reg] rst_n -> _116592_/RESET_B : -90.651688
[setup in-reg] rst_n -> _116593_/RESET_B : -90.651688
[setup in-reg] rst_n -> _116594_/RESET_B : -90.651688
[setup in-reg] rst_n -> _116595_/RESET_B : -90.651688
[setup in-reg] rst_n -> _116596_/RESET_B : -90.651688
[setup in-reg] rst_n -> _116597_/RESET_B : -90.651688
[setup in-reg] rst_n -> _116598_/RESET_B : -90.651688
[setup in-reg] rst_n -> _116599_/RESET_B : -90.651688
[setup in-reg] rst_n -> _116600_/RESET_B : -90.651688
[setup in-reg] rst_n -> _116601_/RESET_B : -90.651688
[setup in-reg] rst_n -> _116602_/RESET_B : -90.651688
[setup in-reg] rst_n -> _116603_/RESET_B : -90.651688
[setup in-reg] rst_n -> _116604_/RESET_B : -90.651688
[setup in-reg] rst_n -> _116605_/RESET_B : -90.651688
[setup in-reg] rst_n -> _116606_/RESET_B : -90.651688
[setup in-reg] rst_n -> _116607_/RESET_B : -90.651688
[setup in-reg] rst_n -> _116608_/RESET_B : -90.651688
[setup in-reg] rst_n -> _116609_/RESET_B : -90.651688
[setup in-reg] rst_n -> _116610_/RESET_B : -90.651688
[setup in-reg] rst_n -> _116611_/RESET_B : -90.651688
[setup in-reg] rst_n -> _116612_/RESET_B : -90.651688
[setup in-reg] rst_n -> _116613_/RESET_B : -90.651688
[setup in-reg] rst_n -> _116614_/RESET_B : -90.651688
[setup in-reg] rst_n -> _116615_/RESET_B : -90.651688
[setup in-reg] rst_n -> _116616_/RESET_B : -90.651688
[setup in-reg] rst_n -> _116617_/RESET_B : -90.651688
[setup in-reg] rst_n -> _116618_/RESET_B : -90.651688
[setup in-reg] rst_n -> _116619_/RESET_B : -90.651688
[setup in-reg] rst_n -> _116620_/RESET_B : -90.651688
[setup in-reg] rst_n -> _116621_/RESET_B : -90.651688
[setup in-reg] rst_n -> _116622_/RESET_B : -90.651688
[setup in-reg] rst_n -> _116623_/RESET_B : -90.651688
[setup in-reg] rst_n -> _116624_/RESET_B : -90.651688
[setup in-reg] rst_n -> _116625_/RESET_B : -90.651688
[setup in-reg] rst_n -> _116626_/RESET_B : -90.651688
[setup in-reg] rst_n -> _116627_/RESET_B : -90.651688
[setup in-reg] rst_n -> _116628_/RESET_B : -90.651688
[setup in-reg] rst_n -> _116629_/RESET_B : -90.651688
[setup in-reg] rst_n -> _116630_/RESET_B : -90.651688
[setup in-reg] rst_n -> _116631_/RESET_B : -90.651688
[setup in-reg] rst_n -> _116632_/RESET_B : -90.651688
[setup in-reg] rst_n -> _116633_/RESET_B : -90.651688
[setup in-reg] rst_n -> _116634_/RESET_B : -90.651688
[setup in-reg] rst_n -> _116635_/RESET_B : -90.651688
[setup in-reg] rst_n -> _116636_/RESET_B : -90.651688
[setup in-reg] rst_n -> _116637_/RESET_B : -90.651688
[setup in-reg] rst_n -> _116638_/RESET_B : -90.651688
[setup in-reg] rst_n -> _116639_/RESET_B : -90.651688
[setup in-reg] rst_n -> _116640_/RESET_B : -90.651688
[setup in-reg] rst_n -> _116641_/RESET_B : -90.651688
[setup in-reg] rst_n -> _116642_/RESET_B : -90.651688
[setup in-reg] rst_n -> _116643_/RESET_B : -90.651688
[setup in-reg] rst_n -> _116644_/RESET_B : -90.651688
[setup in-reg] rst_n -> _116645_/RESET_B : -90.651688
[setup in-reg] rst_n -> _116646_/RESET_B : -90.651688
[setup in-reg] rst_n -> _116647_/RESET_B : -90.651688
[setup in-reg] rst_n -> _116648_/RESET_B : -90.651688
[setup in-reg] rst_n -> _116649_/RESET_B : -90.651688
[setup in-reg] rst_n -> _116650_/RESET_B : -90.651688
[setup in-reg] rst_n -> _116651_/RESET_B : -90.651688
[setup in-reg] rst_n -> _116652_/RESET_B : -90.651688
[setup in-reg] rst_n -> _116653_/RESET_B : -90.651688
[setup in-reg] rst_n -> _116654_/RESET_B : -90.651688
[setup in-reg] rst_n -> _116655_/RESET_B : -90.651688
[setup in-reg] rst_n -> _116656_/RESET_B : -90.651688
[setup in-reg] rst_n -> _116657_/RESET_B : -90.651688
[setup in-reg] rst_n -> _116658_/RESET_B : -90.651688
[setup in-reg] rst_n -> _116659_/RESET_B : -90.651688
[setup in-reg] rst_n -> _116660_/RESET_B : -90.651688
[setup in-reg] rst_n -> _116661_/RESET_B : -90.651688
[setup in-reg] rst_n -> _116662_/RESET_B : -90.651688
[setup in-reg] rst_n -> _116663_/RESET_B : -90.651688
[setup in-reg] rst_n -> _116664_/RESET_B : -90.651688
[setup in-reg] rst_n -> _116665_/RESET_B : -90.651688
[setup in-reg] rst_n -> _116666_/RESET_B : -90.651688
[setup in-reg] rst_n -> _116667_/RESET_B : -90.651688
[setup in-reg] rst_n -> _116668_/RESET_B : -90.651688
[setup in-reg] rst_n -> _116669_/RESET_B : -90.651688
[setup in-reg] rst_n -> _116670_/RESET_B : -90.651688
[setup in-reg] rst_n -> _116671_/RESET_B : -90.651688
[setup in-reg] rst_n -> _116672_/RESET_B : -90.651688
[setup in-reg] rst_n -> _116673_/RESET_B : -90.651688
[setup in-reg] rst_n -> _116674_/RESET_B : -90.651688
[setup in-reg] rst_n -> _116675_/RESET_B : -90.651688
[setup in-reg] rst_n -> _116676_/RESET_B : -90.651688
[setup in-reg] rst_n -> _116677_/RESET_B : -90.651688
[setup in-reg] rst_n -> _116678_/RESET_B : -90.651688
[setup in-reg] rst_n -> _116679_/RESET_B : -90.651688
[setup in-reg] rst_n -> _116680_/RESET_B : -90.651688
[setup in-reg] rst_n -> _116681_/RESET_B : -90.651688
[setup in-reg] rst_n -> _116682_/RESET_B : -90.651688
[setup in-reg] rst_n -> _116683_/RESET_B : -90.651688
[setup in-reg] rst_n -> _116684_/RESET_B : -90.651688
[setup in-reg] rst_n -> _116685_/RESET_B : -90.651688
[setup in-reg] rst_n -> _116686_/RESET_B : -90.651688
[setup in-reg] rst_n -> _116687_/RESET_B : -90.651688
[setup in-reg] rst_n -> _116688_/RESET_B : -90.651688
[setup in-reg] rst_n -> _116689_/RESET_B : -90.651688
[setup in-reg] rst_n -> _116690_/RESET_B : -90.651688
[setup in-reg] rst_n -> _116691_/RESET_B : -90.651688
[setup in-reg] rst_n -> _116692_/RESET_B : -90.651688
[setup in-reg] rst_n -> _116693_/RESET_B : -90.651688
[setup in-reg] rst_n -> _116694_/RESET_B : -90.651688
[setup in-reg] rst_n -> _116695_/RESET_B : -90.651688
[setup in-reg] rst_n -> _116696_/RESET_B : -90.651688
[setup in-reg] rst_n -> _116697_/RESET_B : -90.651688
[setup in-reg] rst_n -> _116698_/RESET_B : -90.651688
[setup in-reg] rst_n -> _116699_/RESET_B : -90.651688
[setup in-reg] rst_n -> _116700_/RESET_B : -90.651688
[setup in-reg] rst_n -> _116701_/RESET_B : -90.651688
[setup in-reg] rst_n -> _116702_/RESET_B : -90.651688
[setup in-reg] rst_n -> _116703_/RESET_B : -90.651688
[setup in-reg] rst_n -> _116704_/RESET_B : -90.651688
[setup in-reg] rst_n -> _116705_/RESET_B : -90.651688
[setup in-reg] rst_n -> _116706_/RESET_B : -90.651688
[setup in-reg] rst_n -> _116707_/RESET_B : -90.651688
[setup in-reg] rst_n -> _116708_/RESET_B : -90.651688
[setup in-reg] rst_n -> _116709_/RESET_B : -90.651688
[setup in-reg] rst_n -> _116710_/RESET_B : -90.651688
[setup in-reg] rst_n -> _116711_/RESET_B : -90.651688
[setup in-reg] rst_n -> _116712_/RESET_B : -90.651688
[setup in-reg] rst_n -> _116713_/RESET_B : -90.651688
[setup in-reg] rst_n -> _116714_/RESET_B : -90.651688
[setup in-reg] rst_n -> _116715_/RESET_B : -90.651688
[setup in-reg] rst_n -> _116716_/RESET_B : -90.651688
[setup in-reg] rst_n -> _116717_/RESET_B : -90.651688
[setup in-reg] rst_n -> _116718_/RESET_B : -90.651688
[setup in-reg] rst_n -> _116719_/RESET_B : -90.651688
[setup in-reg] rst_n -> _116720_/RESET_B : -90.651688
[setup in-reg] rst_n -> _116721_/RESET_B : -90.651688
[setup in-reg] rst_n -> _116722_/RESET_B : -90.651688
[setup in-reg] rst_n -> _116723_/RESET_B : -90.651688
[setup in-reg] rst_n -> _116724_/RESET_B : -90.651688
[setup in-reg] rst_n -> _116725_/RESET_B : -90.651688
[setup in-reg] rst_n -> _116726_/RESET_B : -90.651688
[setup in-reg] rst_n -> _116727_/RESET_B : -90.651688
[setup in-reg] rst_n -> _116728_/RESET_B : -90.651688
[setup in-reg] rst_n -> _116729_/RESET_B : -90.651688
[setup in-reg] rst_n -> _116730_/RESET_B : -90.651688
[setup in-reg] rst_n -> _116731_/RESET_B : -90.651688
[setup in-reg] rst_n -> _116732_/RESET_B : -90.651688
[setup in-reg] rst_n -> _116733_/RESET_B : -90.651688
[setup in-reg] rst_n -> _116734_/RESET_B : -90.651688
[setup in-reg] rst_n -> _116735_/RESET_B : -90.651688
[setup in-reg] rst_n -> _116736_/RESET_B : -90.651688
[setup in-reg] rst_n -> _116737_/RESET_B : -90.651688
[setup in-reg] rst_n -> _116738_/RESET_B : -90.651688
[setup in-reg] rst_n -> _116739_/RESET_B : -90.651688
[setup in-reg] rst_n -> _116740_/RESET_B : -90.651688
[setup in-reg] rst_n -> _116741_/RESET_B : -90.651688
[setup in-reg] rst_n -> _116742_/RESET_B : -90.651688
[setup in-reg] rst_n -> _116743_/RESET_B : -90.651688
[setup in-reg] rst_n -> _116744_/RESET_B : -90.651688
[setup in-reg] rst_n -> _116745_/RESET_B : -90.651688
[setup in-reg] rst_n -> _116746_/RESET_B : -90.651688
[setup in-reg] rst_n -> _116747_/RESET_B : -90.651688
[setup in-reg] rst_n -> _116748_/RESET_B : -90.651688
[setup in-reg] rst_n -> _116749_/RESET_B : -90.651688
[setup in-reg] rst_n -> _116750_/RESET_B : -90.651688
[setup in-reg] rst_n -> _116751_/RESET_B : -90.651688
[setup in-reg] rst_n -> _116752_/RESET_B : -90.651688
[setup in-reg] rst_n -> _116753_/RESET_B : -90.651688
[setup in-reg] rst_n -> _116754_/RESET_B : -90.651688
[setup in-reg] rst_n -> _116755_/RESET_B : -90.651688
[setup in-reg] rst_n -> _116756_/RESET_B : -90.651688
[setup in-reg] rst_n -> _116757_/RESET_B : -90.651688
[setup in-reg] rst_n -> _116758_/RESET_B : -90.651688
[setup in-reg] rst_n -> _116759_/RESET_B : -90.651688
[setup in-reg] rst_n -> _116760_/RESET_B : -90.651688
[setup in-reg] rst_n -> _116761_/RESET_B : -90.651688
[setup in-reg] rst_n -> _116762_/RESET_B : -90.651688
[setup in-reg] rst_n -> _116763_/RESET_B : -90.651688
[setup in-reg] rst_n -> _116764_/RESET_B : -90.651688
[setup in-reg] rst_n -> _116765_/RESET_B : -90.651688
[setup in-reg] rst_n -> _116766_/RESET_B : -90.651688
[setup in-reg] rst_n -> _116767_/RESET_B : -90.651688
[setup in-reg] rst_n -> _116768_/RESET_B : -90.651688
[setup in-reg] rst_n -> _116769_/RESET_B : -90.651688
[setup in-reg] rst_n -> _116770_/RESET_B : -90.651688
[setup in-reg] rst_n -> _116771_/RESET_B : -90.651688
[setup in-reg] rst_n -> _116772_/RESET_B : -90.651688
[setup in-reg] rst_n -> _116773_/RESET_B : -90.651688
[setup in-reg] rst_n -> _116774_/RESET_B : -90.651688
[setup in-reg] rst_n -> _116775_/RESET_B : -90.651688
[setup in-reg] rst_n -> _116776_/RESET_B : -90.651688
[setup in-reg] rst_n -> _116777_/RESET_B : -90.651688
[setup in-reg] rst_n -> _116778_/RESET_B : -90.651688
[setup in-reg] rst_n -> _116779_/RESET_B : -90.651688
[setup in-reg] rst_n -> _116780_/RESET_B : -90.651688
[setup in-reg] rst_n -> _116781_/RESET_B : -90.651688
[setup in-reg] rst_n -> _116782_/RESET_B : -90.651688
[setup in-reg] rst_n -> _116783_/RESET_B : -90.651688
[setup in-reg] rst_n -> _116784_/RESET_B : -90.651688
[setup in-reg] rst_n -> _116785_/RESET_B : -90.651688
[setup in-reg] rst_n -> _116786_/RESET_B : -90.651688
[setup in-reg] rst_n -> _116787_/RESET_B : -90.651688
[setup in-reg] rst_n -> _116788_/RESET_B : -90.651688
[setup in-reg] rst_n -> _116789_/RESET_B : -90.651688
[setup in-reg] rst_n -> _116790_/RESET_B : -90.651688
[setup in-reg] rst_n -> _116791_/RESET_B : -90.651688
[setup in-reg] rst_n -> _116792_/RESET_B : -90.651688
[setup in-reg] rst_n -> _116793_/RESET_B : -90.651688
[setup in-reg] rst_n -> _116794_/RESET_B : -90.651688
[setup in-reg] rst_n -> _116795_/RESET_B : -90.651688
[setup in-reg] rst_n -> _116796_/RESET_B : -90.651688
[setup in-reg] rst_n -> _116797_/RESET_B : -90.651688
[setup in-reg] rst_n -> _116798_/RESET_B : -90.651688
[setup in-reg] rst_n -> _116799_/RESET_B : -90.651688
[setup in-reg] rst_n -> _116800_/RESET_B : -90.651688
[setup in-reg] rst_n -> _116801_/RESET_B : -90.651688
[setup in-reg] rst_n -> _116802_/RESET_B : -90.651688
[setup in-reg] rst_n -> _116803_/RESET_B : -90.651688
[setup in-reg] rst_n -> _116804_/RESET_B : -90.651688
[setup in-reg] rst_n -> _116805_/RESET_B : -90.651688
[setup in-reg] rst_n -> _116806_/RESET_B : -90.651688
[setup in-reg] rst_n -> _116807_/RESET_B : -90.651688
[setup in-reg] rst_n -> _116808_/RESET_B : -90.651688
[setup in-reg] rst_n -> _116809_/RESET_B : -90.651688
[setup in-reg] rst_n -> _116810_/RESET_B : -90.651688
[setup in-reg] rst_n -> _116811_/RESET_B : -90.651688
[setup in-reg] rst_n -> _116812_/RESET_B : -90.651688
[setup in-reg] rst_n -> _116813_/RESET_B : -90.651688
[setup in-reg] rst_n -> _116814_/RESET_B : -90.651688
[setup in-reg] rst_n -> _116815_/RESET_B : -90.651688
[setup in-reg] rst_n -> _116816_/RESET_B : -90.651688
[setup in-reg] rst_n -> _116817_/RESET_B : -90.651688
[setup in-reg] rst_n -> _116818_/RESET_B : -90.651688
[setup in-reg] rst_n -> _116819_/RESET_B : -90.651688
[setup in-reg] rst_n -> _116820_/RESET_B : -90.651688
[setup in-reg] rst_n -> _116821_/RESET_B : -90.651688
[setup in-reg] rst_n -> _116822_/RESET_B : -90.651688
[setup in-reg] rst_n -> _116823_/RESET_B : -90.651688
[setup in-reg] rst_n -> _116824_/RESET_B : -90.651688
[setup in-reg] rst_n -> _116825_/RESET_B : -90.651688
[setup in-reg] rst_n -> _116826_/RESET_B : -90.651688
[setup in-reg] rst_n -> _116827_/RESET_B : -90.651688
[setup in-reg] rst_n -> _116828_/RESET_B : -90.651688
[setup in-reg] rst_n -> _116829_/RESET_B : -90.651688
[setup in-reg] rst_n -> _116830_/RESET_B : -90.651688
[setup in-reg] rst_n -> _116831_/RESET_B : -90.651688
[setup in-reg] rst_n -> _116832_/RESET_B : -90.651688
[setup in-reg] rst_n -> _116833_/RESET_B : -90.651688
[setup in-reg] rst_n -> _116834_/RESET_B : -90.651688
[setup in-reg] rst_n -> _116835_/RESET_B : -90.651688
[setup in-reg] rst_n -> _116836_/RESET_B : -90.651688
[setup in-reg] rst_n -> _116837_/RESET_B : -90.651688
[setup in-reg] rst_n -> _116838_/RESET_B : -90.651688
[setup in-reg] rst_n -> _116839_/RESET_B : -90.651688
[setup in-reg] rst_n -> _116840_/RESET_B : -90.651688
[setup in-reg] rst_n -> _116841_/RESET_B : -90.651688
[setup in-reg] rst_n -> _116842_/RESET_B : -90.651688
[setup in-reg] rst_n -> _116843_/RESET_B : -90.651688
[setup in-reg] rst_n -> _116844_/RESET_B : -90.651688
[setup in-reg] rst_n -> _116845_/RESET_B : -90.651688
[setup in-reg] rst_n -> _116846_/RESET_B : -90.651688
[setup in-reg] rst_n -> _116847_/RESET_B : -90.651688
[setup in-reg] rst_n -> _116848_/RESET_B : -90.651688
[setup in-reg] rst_n -> _116849_/RESET_B : -90.651688
[setup in-reg] rst_n -> _116850_/RESET_B : -90.651688
[setup in-reg] rst_n -> _116851_/RESET_B : -90.651688
[setup in-reg] rst_n -> _116852_/RESET_B : -90.651688
[setup in-reg] rst_n -> _116853_/RESET_B : -90.651688
[setup in-reg] rst_n -> _116854_/RESET_B : -90.651688
[setup in-reg] rst_n -> _116855_/RESET_B : -90.651688
[setup in-reg] rst_n -> _116856_/RESET_B : -90.651688
[setup in-reg] rst_n -> _116857_/RESET_B : -90.651688
[setup in-reg] rst_n -> _116858_/RESET_B : -90.651688
[setup in-reg] rst_n -> _116859_/RESET_B : -90.651688
[setup in-reg] rst_n -> _116860_/RESET_B : -90.651688
[setup in-reg] rst_n -> _116861_/RESET_B : -90.651688
[setup in-reg] rst_n -> _116862_/RESET_B : -90.651688
[setup in-reg] rst_n -> _116863_/RESET_B : -90.651688
[setup in-reg] rst_n -> _116864_/RESET_B : -90.651688
[setup in-reg] rst_n -> _116865_/RESET_B : -90.651688
[setup in-reg] rst_n -> _116866_/RESET_B : -90.651688
[setup in-reg] rst_n -> _116867_/RESET_B : -90.651688
[setup in-reg] rst_n -> _116868_/RESET_B : -90.651688
[setup in-reg] rst_n -> _116869_/RESET_B : -90.651688
[setup in-reg] rst_n -> _116870_/RESET_B : -90.651688
[setup in-reg] rst_n -> _116871_/RESET_B : -90.651688
[setup in-reg] rst_n -> _116872_/RESET_B : -90.651688
[setup in-reg] rst_n -> _116873_/RESET_B : -90.651688
[setup in-reg] rst_n -> _116874_/RESET_B : -90.651688
[setup in-reg] rst_n -> _116875_/RESET_B : -90.651688
[setup in-reg] rst_n -> _116876_/RESET_B : -90.651688
[setup in-reg] rst_n -> _116877_/RESET_B : -90.651688
[setup in-reg] rst_n -> _116878_/RESET_B : -90.651688
[setup in-reg] rst_n -> _116879_/RESET_B : -90.651688
[setup in-reg] rst_n -> _116880_/RESET_B : -90.651688
[setup in-reg] rst_n -> _116881_/RESET_B : -90.651688
[setup in-reg] rst_n -> _116882_/RESET_B : -90.651688
[setup in-reg] rst_n -> _116883_/RESET_B : -90.651688
[setup in-reg] rst_n -> _116884_/RESET_B : -90.651688
[setup in-reg] rst_n -> _116885_/RESET_B : -90.651688
[setup in-reg] rst_n -> _116886_/RESET_B : -90.651688
[setup in-reg] rst_n -> _116887_/RESET_B : -90.651688
[setup in-reg] rst_n -> _116888_/RESET_B : -90.651688
[setup in-reg] rst_n -> _116889_/RESET_B : -90.651688
[setup in-reg] rst_n -> _116890_/RESET_B : -90.651688
[setup in-reg] rst_n -> _116891_/RESET_B : -90.651688
[setup in-reg] rst_n -> _116892_/RESET_B : -90.651688
[setup in-reg] rst_n -> _116893_/RESET_B : -90.651688
[setup in-reg] rst_n -> _116894_/RESET_B : -90.651688
[setup in-reg] rst_n -> _116895_/RESET_B : -90.651688
[setup in-reg] rst_n -> _116896_/RESET_B : -90.651688
[setup in-reg] rst_n -> _116897_/RESET_B : -90.651688
[setup in-reg] rst_n -> _116898_/RESET_B : -90.651688
[setup in-reg] rst_n -> _116899_/RESET_B : -90.651688
[setup in-reg] rst_n -> _116900_/RESET_B : -90.651688
[setup in-reg] rst_n -> _116901_/RESET_B : -90.651688
[setup in-reg] rst_n -> _116902_/RESET_B : -90.651688
[setup in-reg] rst_n -> _116903_/RESET_B : -90.651688
[setup in-reg] rst_n -> _116904_/RESET_B : -90.651688
[setup in-reg] rst_n -> _116905_/RESET_B : -90.651688
[setup in-reg] rst_n -> _116906_/RESET_B : -90.651688
[setup in-reg] rst_n -> _116907_/RESET_B : -90.651688
[setup in-reg] rst_n -> _116908_/RESET_B : -90.651688
[setup in-reg] rst_n -> _116909_/RESET_B : -90.651688
[setup in-reg] rst_n -> _116910_/RESET_B : -90.651688
[setup in-reg] rst_n -> _116911_/RESET_B : -90.651688
[setup in-reg] rst_n -> _116912_/RESET_B : -90.651688
[setup in-reg] rst_n -> _116913_/RESET_B : -90.651688
[setup in-reg] rst_n -> _116914_/RESET_B : -90.651688
[setup in-reg] rst_n -> _116915_/RESET_B : -90.651688
[setup in-reg] rst_n -> _116916_/RESET_B : -90.651688
[setup in-reg] rst_n -> _116917_/RESET_B : -90.651688
[setup in-reg] rst_n -> _116918_/RESET_B : -90.651688
[setup in-reg] rst_n -> _116919_/RESET_B : -90.651688
[setup in-reg] rst_n -> _116920_/RESET_B : -90.651688
[setup in-reg] rst_n -> _116921_/RESET_B : -90.651688
[setup in-reg] rst_n -> _116922_/RESET_B : -90.651688
[setup in-reg] rst_n -> _116923_/RESET_B : -90.651688
[setup in-reg] rst_n -> _116924_/RESET_B : -90.651688
[setup in-reg] rst_n -> _116925_/RESET_B : -90.651688
[setup in-reg] rst_n -> _116926_/RESET_B : -90.651688
[setup in-reg] rst_n -> _116927_/RESET_B : -90.651688
[setup in-reg] rst_n -> _116928_/RESET_B : -90.651688
[setup in-reg] rst_n -> _116929_/RESET_B : -90.651688
[setup in-reg] rst_n -> _116930_/RESET_B : -90.651688
[setup in-reg] rst_n -> _116931_/RESET_B : -90.651688
[setup in-reg] rst_n -> _116932_/RESET_B : -90.651688
[setup in-reg] rst_n -> _116933_/RESET_B : -90.651688
[setup in-reg] rst_n -> _116934_/RESET_B : -90.651688
[setup in-reg] rst_n -> _116935_/RESET_B : -90.651688
[setup in-reg] rst_n -> _116936_/RESET_B : -90.651688
[setup in-reg] rst_n -> _116937_/RESET_B : -90.651688
[setup in-reg] rst_n -> _116938_/RESET_B : -90.651688
[setup in-reg] rst_n -> _116939_/RESET_B : -90.651688
[setup in-reg] rst_n -> _116940_/RESET_B : -90.651688
[setup in-reg] rst_n -> _116941_/RESET_B : -90.651688
[setup in-reg] rst_n -> _116942_/RESET_B : -90.651688
[setup in-reg] rst_n -> _116943_/RESET_B : -90.651688
[setup in-reg] rst_n -> _116944_/RESET_B : -90.651688
[setup in-reg] rst_n -> _116945_/RESET_B : -90.651688
[setup in-reg] rst_n -> _116946_/RESET_B : -90.651688
[setup in-reg] rst_n -> _116947_/RESET_B : -90.651688
[setup in-reg] rst_n -> _116948_/RESET_B : -90.651688
[setup in-reg] rst_n -> _116949_/RESET_B : -90.651688
[setup in-reg] rst_n -> _116950_/RESET_B : -90.651688
[setup in-reg] rst_n -> _116951_/RESET_B : -90.651688
[setup in-reg] rst_n -> _116952_/RESET_B : -90.651688
[setup in-reg] rst_n -> _116953_/RESET_B : -90.651688
[setup in-reg] rst_n -> _116954_/RESET_B : -90.651688
[setup in-reg] rst_n -> _116955_/RESET_B : -90.651688
[setup in-reg] rst_n -> _116956_/RESET_B : -90.651688
[setup in-reg] rst_n -> _116957_/RESET_B : -90.651688
[setup in-reg] rst_n -> _116958_/RESET_B : -90.651688
[setup in-reg] rst_n -> _116959_/RESET_B : -90.651688
[setup in-reg] rst_n -> _116960_/RESET_B : -90.651688
[setup in-reg] rst_n -> _116961_/RESET_B : -90.651688
[setup in-reg] rst_n -> _116962_/RESET_B : -90.651688
[setup in-reg] rst_n -> _116963_/RESET_B : -90.651688
[setup in-reg] rst_n -> _116964_/RESET_B : -90.651688
[setup in-reg] rst_n -> _116965_/RESET_B : -90.651688
[setup in-reg] rst_n -> _116966_/RESET_B : -90.651688
[setup in-reg] rst_n -> _116967_/RESET_B : -90.651688
[setup in-reg] rst_n -> _116968_/RESET_B : -90.651688
[setup in-reg] rst_n -> _116969_/RESET_B : -90.651688
[setup in-reg] rst_n -> _116970_/RESET_B : -90.651688
[setup in-reg] rst_n -> _116971_/RESET_B : -90.651688
[setup in-reg] rst_n -> _116972_/RESET_B : -90.651688
[setup in-reg] rst_n -> _116973_/RESET_B : -90.651688
[setup in-reg] rst_n -> _116974_/RESET_B : -90.651688
[setup in-reg] rst_n -> _116975_/RESET_B : -90.651688
[setup in-reg] rst_n -> _116976_/RESET_B : -90.651688
[setup in-reg] rst_n -> _116977_/RESET_B : -90.651688
[setup in-reg] rst_n -> _116978_/RESET_B : -90.651688
[setup in-reg] rst_n -> _116979_/RESET_B : -90.651688
[setup in-reg] rst_n -> _116980_/RESET_B : -90.651688
[setup in-reg] rst_n -> _116981_/RESET_B : -90.651688
[setup in-reg] rst_n -> _116982_/RESET_B : -90.651688
[setup in-reg] rst_n -> _116983_/RESET_B : -90.651688
[setup in-reg] rst_n -> _116984_/RESET_B : -90.651688
[setup in-reg] rst_n -> _116985_/RESET_B : -90.651688
[setup in-reg] rst_n -> _116986_/RESET_B : -90.651688
[setup in-reg] rst_n -> _116987_/RESET_B : -90.651688
[setup in-reg] rst_n -> _116988_/RESET_B : -90.651688
[setup in-reg] rst_n -> _116989_/RESET_B : -90.651688
[setup in-reg] rst_n -> _116990_/RESET_B : -90.651688
[setup in-reg] rst_n -> _116991_/RESET_B : -90.651688
[setup in-reg] rst_n -> _116992_/RESET_B : -90.651688
[setup in-reg] rst_n -> _116993_/RESET_B : -90.651688
[setup in-reg] rst_n -> _116994_/RESET_B : -90.651688
[setup in-reg] rst_n -> _116995_/RESET_B : -90.651688
[setup in-reg] rst_n -> _116996_/RESET_B : -90.651688
[setup in-reg] rst_n -> _116997_/RESET_B : -90.651688
[setup in-reg] rst_n -> _116998_/RESET_B : -90.651688
[setup in-reg] rst_n -> _116999_/RESET_B : -90.651688
[setup in-reg] rst_n -> _117000_/RESET_B : -90.651688
[setup in-reg] rst_n -> _117001_/RESET_B : -90.651688
[setup in-reg] rst_n -> _117002_/RESET_B : -90.651688
[setup in-reg] rst_n -> _117003_/RESET_B : -90.651688
[setup in-reg] rst_n -> _117004_/RESET_B : -90.651688
[setup in-reg] rst_n -> _117005_/RESET_B : -90.651688
[setup in-reg] rst_n -> _117006_/RESET_B : -90.651688
[setup in-reg] rst_n -> _117007_/RESET_B : -90.651688
[setup in-reg] rst_n -> _117008_/RESET_B : -90.651688
[setup in-reg] rst_n -> _117009_/RESET_B : -90.651688
[setup in-reg] rst_n -> _117010_/RESET_B : -90.651688
[setup in-reg] rst_n -> _117011_/RESET_B : -90.651688
[setup in-reg] rst_n -> _117012_/RESET_B : -90.651688
[setup in-reg] rst_n -> _117013_/RESET_B : -90.651688
[setup in-reg] rst_n -> _117014_/RESET_B : -90.651688
[setup in-reg] rst_n -> _117015_/RESET_B : -90.651688
[setup in-reg] rst_n -> _117016_/RESET_B : -90.651688
[setup in-reg] rst_n -> _117017_/RESET_B : -90.651688
[setup in-reg] rst_n -> _117018_/RESET_B : -90.651688
[setup in-reg] rst_n -> _117019_/RESET_B : -90.651688
[setup in-reg] rst_n -> _117020_/RESET_B : -90.651688
[setup in-reg] rst_n -> _117021_/RESET_B : -90.651688
[setup in-reg] rst_n -> _117022_/RESET_B : -90.651688
[setup in-reg] rst_n -> _117023_/RESET_B : -90.651688
[setup in-reg] rst_n -> _117024_/RESET_B : -90.651688
[setup in-reg] rst_n -> _117025_/RESET_B : -90.651688
[setup in-reg] rst_n -> _117026_/RESET_B : -90.651688
[setup in-reg] rst_n -> _117027_/RESET_B : -90.651688
[setup in-reg] rst_n -> _117028_/RESET_B : -90.651688
[setup in-reg] rst_n -> _117029_/RESET_B : -90.651688
[setup in-reg] rst_n -> _117030_/RESET_B : -90.651688
[setup in-reg] rst_n -> _117031_/RESET_B : -90.651688
[setup in-reg] rst_n -> _117032_/RESET_B : -90.651688
[setup in-reg] rst_n -> _117033_/RESET_B : -90.651688
[setup in-reg] rst_n -> _117034_/RESET_B : -90.651688
[setup in-reg] rst_n -> _117035_/RESET_B : -90.651688
[setup in-reg] rst_n -> _117036_/RESET_B : -90.651688
[setup in-reg] rst_n -> _117037_/RESET_B : -90.651688
[setup in-reg] rst_n -> _117038_/RESET_B : -90.651688
[setup in-reg] rst_n -> _117039_/RESET_B : -90.651688
[setup in-reg] rst_n -> _117040_/RESET_B : -90.651688
[setup in-reg] rst_n -> _117041_/RESET_B : -90.651688
[setup in-reg] rst_n -> _117042_/RESET_B : -90.651688
[setup in-reg] rst_n -> _117043_/RESET_B : -90.651688
[setup in-reg] rst_n -> _117044_/RESET_B : -90.651688
[setup in-reg] rst_n -> _117045_/RESET_B : -90.651688
[setup in-reg] rst_n -> _117046_/RESET_B : -90.651688
[setup in-reg] rst_n -> _117047_/RESET_B : -90.651688
[setup in-reg] rst_n -> _117048_/RESET_B : -90.651688
[setup in-reg] rst_n -> _117049_/RESET_B : -90.651688
[setup in-reg] rst_n -> _117050_/RESET_B : -90.651688
[setup in-reg] rst_n -> _117051_/RESET_B : -90.651688
[setup in-reg] rst_n -> _117052_/RESET_B : -90.651688
[setup in-reg] rst_n -> _117053_/RESET_B : -90.651688
[setup in-reg] rst_n -> _117054_/RESET_B : -90.651688
[setup in-reg] rst_n -> _117055_/RESET_B : -90.651688
[setup in-reg] rst_n -> _117056_/RESET_B : -90.651688
[setup in-reg] rst_n -> _117057_/RESET_B : -90.651688
[setup in-reg] rst_n -> _117058_/RESET_B : -90.651688
[setup in-reg] rst_n -> _117059_/RESET_B : -90.651688
[setup in-reg] rst_n -> _117060_/RESET_B : -90.651688
[setup in-reg] rst_n -> _117061_/RESET_B : -90.651688
[setup in-reg] rst_n -> _117062_/RESET_B : -90.651688
[setup in-reg] rst_n -> _117063_/RESET_B : -90.651688
[setup in-reg] rst_n -> _117064_/RESET_B : -90.651688
[setup in-reg] rst_n -> _117065_/RESET_B : -90.651688
[setup in-reg] rst_n -> _117066_/RESET_B : -90.651688
[setup in-reg] rst_n -> _117067_/RESET_B : -90.651688
[setup in-reg] rst_n -> _117068_/RESET_B : -90.651688
[setup in-reg] rst_n -> _117069_/RESET_B : -90.651688
[setup in-reg] rst_n -> _117070_/RESET_B : -90.651688
[setup in-reg] rst_n -> _117071_/RESET_B : -90.651688
[setup in-reg] rst_n -> _117072_/RESET_B : -90.651688
[setup in-reg] rst_n -> _117073_/RESET_B : -90.651688
[setup in-reg] rst_n -> _117074_/RESET_B : -90.651688
[setup in-reg] rst_n -> _117075_/RESET_B : -90.651688
[setup in-reg] rst_n -> _117076_/RESET_B : -90.651688
[setup in-reg] rst_n -> _117077_/RESET_B : -90.651688
[setup in-reg] rst_n -> _117078_/RESET_B : -90.651688
[setup in-reg] rst_n -> _117079_/RESET_B : -90.651688
[setup in-reg] rst_n -> _117080_/RESET_B : -90.651688
[setup in-reg] rst_n -> _117081_/RESET_B : -90.651688
[setup in-reg] rst_n -> _117082_/RESET_B : -90.651688
[setup in-reg] rst_n -> _117083_/RESET_B : -90.651688
[setup in-reg] rst_n -> _117084_/RESET_B : -90.651688
[setup in-reg] rst_n -> _117085_/RESET_B : -90.651688
[setup in-reg] rst_n -> _117086_/RESET_B : -90.651688
[setup in-reg] rst_n -> _117087_/RESET_B : -90.651688
[setup in-reg] rst_n -> _117088_/RESET_B : -90.651688
[setup in-reg] rst_n -> _117089_/RESET_B : -90.651688
[setup in-reg] rst_n -> _117090_/RESET_B : -90.651688
[setup in-reg] rst_n -> _117091_/RESET_B : -90.651688
[setup in-reg] rst_n -> _117092_/RESET_B : -90.651688
[setup in-reg] rst_n -> _117093_/RESET_B : -90.651688
[setup in-reg] rst_n -> _117094_/RESET_B : -90.651688
[setup in-reg] rst_n -> _117095_/RESET_B : -90.651688
[setup in-reg] rst_n -> _117096_/RESET_B : -90.651688
[setup in-reg] rst_n -> _117097_/RESET_B : -90.651688
[setup in-reg] rst_n -> _117098_/RESET_B : -90.651688
[setup in-reg] rst_n -> _117099_/RESET_B : -90.651688
[setup in-reg] rst_n -> _117100_/RESET_B : -90.651688
[setup in-reg] rst_n -> _117101_/RESET_B : -90.651688
[setup in-reg] rst_n -> _117102_/RESET_B : -90.651688
[setup in-reg] rst_n -> _117103_/RESET_B : -90.651688
[setup in-reg] rst_n -> _117104_/RESET_B : -90.651688
[setup in-reg] rst_n -> _117105_/RESET_B : -90.651688
[setup in-reg] enable_cycle -> _112856_/D : -26.145390
[setup in-reg] enable_cycle -> _113120_/D : -26.145390
[setup in-reg] enable_cycle -> _113184_/D : -26.145390
[setup in-reg] enable_cycle -> _113248_/D : -26.145390
[setup in-reg] enable_cycle -> _113312_/D : -26.145390
[setup in-reg] enable_cycle -> _113376_/D : -26.145390
[setup in-reg] enable_cycle -> _113440_/D : -26.145390
[setup in-reg] enable_cycle -> _113488_/D : -26.145390
[setup in-reg] enable_cycle -> _114118_/D : -26.145390
[setup in-reg] enable_cycle -> _117053_/D : -26.145390
[setup in-reg] enable_cycle -> _112328_/D : -25.844217
[setup in-reg] enable_cycle -> _115537_/D : -25.844217
[setup in-reg] enable_cycle -> _116427_/D : -25.844217
[setup in-reg] enable_cycle -> _111287_/D : -25.733173
[setup in-reg] enable_cycle -> _111288_/D : -25.733173
[setup in-reg] enable_cycle -> _111289_/D : -25.733173
[setup in-reg] enable_cycle -> _111290_/D : -25.733173
[setup in-reg] enable_cycle -> _111291_/D : -25.733173
[setup in-reg] enable_cycle -> _111292_/D : -25.733173
[setup in-reg] enable_cycle -> _111293_/D : -25.733173
[setup in-reg] enable_cycle -> _111383_/D : -25.733173
[setup in-reg] enable_cycle -> _111384_/D : -25.733173
[setup in-reg] enable_cycle -> _111385_/D : -25.733173
[setup in-reg] enable_cycle -> _111386_/D : -25.733173
[setup in-reg] enable_cycle -> _111387_/D : -25.733173
[setup in-reg] enable_cycle -> _111388_/D : -25.733173
[setup in-reg] enable_cycle -> _111389_/D : -25.733173
[setup in-reg] enable_cycle -> _111390_/D : -25.733173
[setup in-reg] enable_cycle -> _111504_/D : -25.733173
[setup in-reg] enable_cycle -> _111505_/D : -25.733173
[setup in-reg] enable_cycle -> _111506_/D : -25.733173
[setup in-reg] enable_cycle -> _111507_/D : -25.733173
[setup in-reg] enable_cycle -> _111508_/D : -25.733173
[setup in-reg] enable_cycle -> _111509_/D : -25.733173
[setup in-reg] enable_cycle -> _111510_/D : -25.733173
[setup in-reg] enable_cycle -> _111511_/D : -25.733173
[setup in-reg] enable_cycle -> _111601_/D : -25.733173
[setup in-reg] enable_cycle -> _111602_/D : -25.733173
[setup in-reg] enable_cycle -> _111603_/D : -25.733173
[setup in-reg] enable_cycle -> _111604_/D : -25.733173
[setup in-reg] enable_cycle -> _111605_/D : -25.733173
[setup in-reg] enable_cycle -> _111606_/D : -25.733173
[setup in-reg] enable_cycle -> _111607_/D : -25.733173
[setup in-reg] enable_cycle -> _111608_/D : -25.733173
[setup in-reg] enable_cycle -> _111698_/D : -25.733173
[setup in-reg] enable_cycle -> _111699_/D : -25.733173
[setup in-reg] enable_cycle -> _111700_/D : -25.733173
[setup in-reg] enable_cycle -> _111701_/D : -25.733173
[setup in-reg] enable_cycle -> _111702_/D : -25.733173
[setup in-reg] enable_cycle -> _111703_/D : -25.733173
[setup in-reg] enable_cycle -> _111704_/D : -25.733173
[setup in-reg] enable_cycle -> _111705_/D : -25.733173
[setup in-reg] enable_cycle -> _111795_/D : -25.733173
[setup in-reg] enable_cycle -> _111796_/D : -25.733173
[setup in-reg] enable_cycle -> _111797_/D : -25.733173
[setup in-reg] enable_cycle -> _111798_/D : -25.733173
[setup in-reg] enable_cycle -> _111799_/D : -25.733173
[setup in-reg] enable_cycle -> _111800_/D : -25.733173
[setup in-reg] enable_cycle -> _111801_/D : -25.733173
[setup in-reg] enable_cycle -> _111802_/D : -25.733173
[setup in-reg] enable_cycle -> _111892_/D : -25.733173
[setup in-reg] enable_cycle -> _111893_/D : -25.733173
[setup in-reg] enable_cycle -> _111894_/D : -25.733173
[setup in-reg] enable_cycle -> _111895_/D : -25.733173
[setup in-reg] enable_cycle -> _111896_/D : -25.733173
[setup in-reg] enable_cycle -> _111897_/D : -25.733173
[setup in-reg] enable_cycle -> _111898_/D : -25.733173
[setup in-reg] enable_cycle -> _111899_/D : -25.733173
[setup in-reg] enable_cycle -> _111967_/D : -25.733173
[setup in-reg] enable_cycle -> _111968_/D : -25.733173
[setup in-reg] enable_cycle -> _111969_/D : -25.733173
[setup in-reg] enable_cycle -> _111970_/D : -25.733173
[setup in-reg] enable_cycle -> _111971_/D : -25.733173
[setup in-reg] enable_cycle -> _111972_/D : -25.733173
[setup in-reg] enable_cycle -> _111973_/D : -25.733173
[setup in-reg] enable_cycle -> _111974_/D : -25.733173
[setup in-reg] enable_cycle -> _112059_/D : -25.733173
[setup in-reg] enable_cycle -> _112060_/D : -25.733173
[setup in-reg] enable_cycle -> _112061_/D : -25.733173
[setup in-reg] enable_cycle -> _112062_/D : -25.733173
[setup in-reg] enable_cycle -> _112063_/D : -25.733173
[setup in-reg] enable_cycle -> _112064_/D : -25.733173
[setup in-reg] enable_cycle -> _112065_/D : -25.733173
[setup in-reg] enable_cycle -> _112066_/D : -25.713835
[setup in-reg] enable_cycle -> _112159_/D : -25.713835
[setup in-reg] enable_cycle -> _112160_/D : -25.713835
[setup in-reg] enable_cycle -> _112161_/D : -25.713835
[setup in-reg] enable_cycle -> _112162_/D : -25.713835
[setup in-reg] enable_cycle -> _112163_/D : -25.713835
[setup in-reg] enable_cycle -> _112164_/D : -25.713835
[setup in-reg] enable_cycle -> _112165_/D : -25.713835
[setup in-reg] enable_cycle -> _112166_/D : -25.713835
[setup in-reg] enable_cycle -> _112259_/D : -25.713835
[setup in-reg] enable_cycle -> _112260_/D : -25.713835
[setup in-reg] enable_cycle -> _112261_/D : -25.713835
[setup in-reg] enable_cycle -> _112262_/D : -25.713835
[setup in-reg] enable_cycle -> _112263_/D : -25.713835
[setup in-reg] enable_cycle -> _112264_/D : -25.713835
[setup in-reg] enable_cycle -> _112265_/D : -25.713835
[setup in-reg] enable_cycle -> _112266_/D : -25.713835
[setup in-reg] enable_cycle -> _112359_/D : -25.713835
[setup in-reg] enable_cycle -> _112360_/D : -25.713835
[setup in-reg] enable_cycle -> _112361_/D : -25.713835
[setup in-reg] enable_cycle -> _112362_/D : -25.713835
[setup in-reg] enable_cycle -> _112363_/D : -25.713835
[setup in-reg] enable_cycle -> _112364_/D : -25.713835
[setup in-reg] enable_cycle -> _112365_/D : -25.713835
[setup in-reg] enable_cycle -> _112366_/D : -25.713835
[setup in-reg] enable_cycle -> _112459_/D : -25.713835
[setup in-reg] enable_cycle -> _112460_/D : -25.713835
[setup in-reg] enable_cycle -> _112461_/D : -25.713835
[setup in-reg] enable_cycle -> _112462_/D : -25.713835
[setup in-reg] enable_cycle -> _112463_/D : -25.713835
[setup in-reg] enable_cycle -> _112464_/D : -25.713835
[setup in-reg] enable_cycle -> _112465_/D : -25.713835
[setup in-reg] enable_cycle -> _112466_/D : -25.713835
[setup in-reg] enable_cycle -> _112559_/D : -25.713835
[setup in-reg] enable_cycle -> _112560_/D : -25.713835
[setup in-reg] enable_cycle -> _112561_/D : -25.713835
[setup in-reg] enable_cycle -> _112562_/D : -25.713835
[setup in-reg] enable_cycle -> _112563_/D : -25.713835
[setup in-reg] enable_cycle -> _112564_/D : -25.713835
[setup in-reg] enable_cycle -> _112565_/D : -25.713835
[setup in-reg] enable_cycle -> _112566_/D : -25.713835
[setup in-reg] enable_cycle -> _112659_/D : -25.713835
[setup in-reg] enable_cycle -> _112660_/D : -25.713835
[setup in-reg] enable_cycle -> _112661_/D : -25.713835
[setup in-reg] enable_cycle -> _112662_/D : -25.713835
[setup in-reg] enable_cycle -> _112663_/D : -25.713835
[setup in-reg] enable_cycle -> _112664_/D : -25.713835
[setup in-reg] enable_cycle -> _112665_/D : -25.713835
[setup in-reg] enable_cycle -> _112666_/D : -25.713835
[setup in-reg] enable_cycle -> _112752_/D : -25.713835
[setup in-reg] enable_cycle -> _112753_/D : -25.713835
[setup in-reg] enable_cycle -> _112754_/D : -25.713835
[setup in-reg] enable_cycle -> _112755_/D : -25.713835
[setup in-reg] enable_cycle -> _112756_/D : -25.713835
[setup in-reg] enable_cycle -> _112757_/D : -25.713835
[setup in-reg] enable_cycle -> _112758_/D : -25.713835
[setup in-reg] enable_cycle -> _112759_/D : -25.713835
[setup in-reg] enable_cycle -> _112808_/D : -25.713835
[setup in-reg] enable_cycle -> _112809_/D : -25.713835
[setup in-reg] enable_cycle -> _112810_/D : -25.713835
[setup in-reg] enable_cycle -> _112811_/D : -25.713835
[setup in-reg] enable_cycle -> _112812_/D : -25.713835
[setup in-reg] enable_cycle -> _112813_/D : -25.713835
[setup in-reg] enable_cycle -> _112814_/D : -25.713835
[setup in-reg] enable_cycle -> _112815_/D : -25.713835
[setup in-reg] enable_cycle -> _113152_/D : -25.713835
[setup in-reg] enable_cycle -> _113153_/D : -25.713835
[setup in-reg] enable_cycle -> _113154_/D : -25.713835
[setup in-reg] enable_cycle -> _113155_/D : -25.713835
[setup in-reg] enable_cycle -> _113156_/D : -25.713835
[setup in-reg] enable_cycle -> _113157_/D : -25.713835
[setup in-reg] enable_cycle -> _113158_/D : -25.713835
[setup in-reg] enable_cycle -> _113159_/D : -25.713835
[setup in-reg] enable_cycle -> _113216_/D : -25.713835
[setup in-reg] enable_cycle -> _113217_/D : -25.713835
[setup in-reg] enable_cycle -> _113218_/D : -25.713835
[setup in-reg] enable_cycle -> _113219_/D : -25.713835
[setup in-reg] enable_cycle -> _113220_/D : -25.713835
[setup in-reg] enable_cycle -> _113221_/D : -25.713835
[setup in-reg] enable_cycle -> _113222_/D : -25.713835
[setup in-reg] enable_cycle -> _113223_/D : -25.713835
[setup in-reg] enable_cycle -> _113280_/D : -25.713835
[setup in-reg] enable_cycle -> _113281_/D : -25.713835
[setup in-reg] enable_cycle -> _113282_/D : -25.713835
[setup in-reg] enable_cycle -> _113283_/D : -25.713835
[setup in-reg] enable_cycle -> _113284_/D : -25.713835
[setup in-reg] enable_cycle -> _113285_/D : -25.713835
[setup in-reg] enable_cycle -> _113286_/D : -25.713835
[setup in-reg] enable_cycle -> _113287_/D : -25.713835
[setup in-reg] enable_cycle -> _113344_/D : -25.713835
[setup in-reg] enable_cycle -> _113345_/D : -25.713835
[setup in-reg] enable_cycle -> _113346_/D : -25.713835
[setup in-reg] enable_cycle -> _113347_/D : -25.713835
[setup in-reg] enable_cycle -> _113348_/D : -25.713835
[setup in-reg] enable_cycle -> _113349_/D : -25.713835
[setup in-reg] enable_cycle -> _113350_/D : -25.713835
[setup in-reg] enable_cycle -> _113351_/D : -25.713835
[setup in-reg] enable_cycle -> _113408_/D : -25.713835
[setup in-reg] enable_cycle -> _113409_/D : -25.713835
[setup in-reg] enable_cycle -> _113410_/D : -25.713835
[setup in-reg] enable_cycle -> _113411_/D : -25.713835
[setup in-reg] enable_cycle -> _113412_/D : -25.713835
[setup in-reg] enable_cycle -> _113413_/D : -25.713835
[setup in-reg] enable_cycle -> _113414_/D : -25.713835
[setup in-reg] enable_cycle -> _113415_/D : -25.713835
[setup in-reg] enable_cycle -> _113472_/D : -25.713835
[setup in-reg] enable_cycle -> _113473_/D : -25.713835
[setup in-reg] enable_cycle -> _113474_/D : -25.713835
[setup in-reg] enable_cycle -> _113475_/D : -25.713835
[setup in-reg] enable_cycle -> _113476_/D : -25.713835
[setup in-reg] enable_cycle -> _113477_/D : -25.713835
[setup in-reg] enable_cycle -> _113478_/D : -25.713835
[setup in-reg] enable_cycle -> _113479_/D : -25.713835
[setup in-reg] enable_cycle -> _113520_/D : -25.713835
[setup in-reg] enable_cycle -> _113521_/D : -25.713835
[setup in-reg] enable_cycle -> _113522_/D : -25.713835
[setup in-reg] enable_cycle -> _113523_/D : -25.713835
[setup in-reg] enable_cycle -> _113524_/D : -25.713835
[setup in-reg] enable_cycle -> _113525_/D : -25.713835
[setup in-reg] enable_cycle -> _113526_/D : -25.713835
[setup in-reg] enable_cycle -> _113527_/D : -25.713835
[setup in-reg] enable_cycle -> _113594_/D : -25.713835
[setup in-reg] enable_cycle -> _113595_/D : -25.713835
[setup in-reg] enable_cycle -> _113596_/D : -25.713835
[setup in-reg] enable_cycle -> _113597_/D : -25.713835
[setup in-reg] enable_cycle -> _113598_/D : -25.713835
[setup in-reg] enable_cycle -> _113599_/D : -25.713835
[setup in-reg] enable_cycle -> _113600_/D : -25.713835
[setup in-reg] enable_cycle -> _113601_/D : -25.713835
[setup in-reg] enable_cycle -> _113676_/D : -25.713835
[setup in-reg] enable_cycle -> _113677_/D : -25.713835
[setup in-reg] enable_cycle -> _113678_/D : -25.713835
[setup in-reg] enable_cycle -> _113679_/D : -25.713835
[setup in-reg] enable_cycle -> _113680_/D : -25.713835
[setup in-reg] enable_cycle -> _113681_/D : -25.713835
[setup in-reg] enable_cycle -> _113682_/D : -25.713835
[setup in-reg] enable_cycle -> _113683_/D : -25.713835
[setup in-reg] enable_cycle -> _113758_/D : -25.713835
[setup in-reg] enable_cycle -> _113759_/D : -25.713835
[setup in-reg] enable_cycle -> _113760_/D : -25.713835
[setup in-reg] enable_cycle -> _113761_/D : -25.713835
[setup in-reg] enable_cycle -> _113762_/D : -25.713835
[setup in-reg] enable_cycle -> _113763_/D : -25.713835
[setup in-reg] enable_cycle -> _113764_/D : -25.713835
[setup in-reg] enable_cycle -> _113765_/D : -25.713835
[setup in-reg] enable_cycle -> _113840_/D : -25.713835
[setup in-reg] enable_cycle -> _113841_/D : -25.713835
[setup in-reg] enable_cycle -> _113842_/D : -25.713835
[setup in-reg] enable_cycle -> _113843_/D : -25.713835
[setup in-reg] enable_cycle -> _113844_/D : -25.713835
[setup in-reg] enable_cycle -> _113845_/D : -25.713835
[setup in-reg] enable_cycle -> _113846_/D : -25.713835
[setup in-reg] enable_cycle -> _113847_/D : -25.713835
[setup in-reg] enable_cycle -> _113922_/D : -25.713835
[setup in-reg] enable_cycle -> _113923_/D : -25.713835
[setup in-reg] enable_cycle -> _113924_/D : -25.713835
[setup in-reg] enable_cycle -> _113925_/D : -25.713835
[setup in-reg] enable_cycle -> _113926_/D : -25.713835
[setup in-reg] enable_cycle -> _113927_/D : -25.713835
[setup in-reg] enable_cycle -> _113928_/D : -25.713835
[setup in-reg] enable_cycle -> _113929_/D : -25.713835
[setup in-reg] enable_cycle -> _114004_/D : -25.713835
[setup in-reg] enable_cycle -> _114005_/D : -25.713835
[setup in-reg] enable_cycle -> _114006_/D : -25.713835
[setup in-reg] enable_cycle -> _114007_/D : -25.713835
[setup in-reg] enable_cycle -> _114008_/D : -25.713835
[setup in-reg] enable_cycle -> _114009_/D : -25.713835
[setup in-reg] enable_cycle -> _114010_/D : -25.713835
[setup in-reg] enable_cycle -> _114011_/D : -25.713835
[setup in-reg] enable_cycle -> _114086_/D : -25.713835
[setup in-reg] enable_cycle -> _114087_/D : -25.713835
[setup in-reg] enable_cycle -> _114088_/D : -25.713835
[setup in-reg] enable_cycle -> _114089_/D : -25.713835
[setup in-reg] enable_cycle -> _114090_/D : -25.713835
[setup in-reg] enable_cycle -> _114091_/D : -25.713835
[setup in-reg] enable_cycle -> _114092_/D : -25.713835
[setup in-reg] enable_cycle -> _114093_/D : -25.713835
[setup in-reg] enable_cycle -> _114151_/D : -25.713835
[setup in-reg] enable_cycle -> _114152_/D : -25.713835
[setup in-reg] enable_cycle -> _114153_/D : -25.713835
[setup in-reg] enable_cycle -> _114154_/D : -25.713835
[setup in-reg] enable_cycle -> _114155_/D : -25.713835
[setup in-reg] enable_cycle -> _114156_/D : -25.713835
[setup in-reg] enable_cycle -> _114157_/D : -25.713835
[setup in-reg] enable_cycle -> _114158_/D : -25.713835
[setup in-reg] enable_cycle -> _114228_/D : -25.713835
[setup in-reg] enable_cycle -> _114229_/D : -25.713835
[setup in-reg] enable_cycle -> _114230_/D : -25.713835
[setup in-reg] enable_cycle -> _114231_/D : -25.713835
[setup in-reg] enable_cycle -> _114232_/D : -25.713835
[setup in-reg] enable_cycle -> _114233_/D : -25.713835
[setup in-reg] enable_cycle -> _114234_/D : -25.713835
[setup in-reg] enable_cycle -> _114235_/D : -25.713835
[setup in-reg] enable_cycle -> _114313_/D : -25.713835
[setup in-reg] enable_cycle -> _114314_/D : -25.713835
[setup in-reg] enable_cycle -> _114315_/D : -25.713835
[setup in-reg] enable_cycle -> _114316_/D : -25.713835
[setup in-reg] enable_cycle -> _114317_/D : -25.713835
[setup in-reg] enable_cycle -> _114318_/D : -25.713835
[setup in-reg] enable_cycle -> _114319_/D : -25.713835
[setup in-reg] enable_cycle -> _114320_/D : -25.713835
[setup in-reg] enable_cycle -> _114398_/D : -25.713835
[setup in-reg] enable_cycle -> _114399_/D : -25.713835
[setup in-reg] enable_cycle -> _114400_/D : -25.713835
[setup in-reg] enable_cycle -> _114401_/D : -25.713835
[setup in-reg] enable_cycle -> _114402_/D : -25.713835
[setup in-reg] enable_cycle -> _114403_/D : -25.713835
[setup in-reg] enable_cycle -> _114404_/D : -25.713835
[setup in-reg] enable_cycle -> _114405_/D : -25.713835
[setup in-reg] enable_cycle -> _114483_/D : -25.713835
[setup in-reg] enable_cycle -> _114484_/D : -25.713835
[setup in-reg] enable_cycle -> _114485_/D : -25.713835
[setup in-reg] enable_cycle -> _114486_/D : -25.713835
[setup in-reg] enable_cycle -> _114487_/D : -25.713835
[setup in-reg] enable_cycle -> _114488_/D : -25.713835
[setup in-reg] enable_cycle -> _114489_/D : -25.713835
[setup in-reg] enable_cycle -> _114490_/D : -25.713835
[setup in-reg] enable_cycle -> _114568_/D : -25.713835
[setup in-reg] enable_cycle -> _114569_/D : -25.713835
[setup in-reg] enable_cycle -> _114570_/D : -25.713835
[setup in-reg] enable_cycle -> _114571_/D : -25.713835
[setup in-reg] enable_cycle -> _114572_/D : -25.713835
[setup in-reg] enable_cycle -> _114573_/D : -25.713835
[setup in-reg] enable_cycle -> _114574_/D : -25.713835
[setup in-reg] enable_cycle -> _114575_/D : -25.713835
[setup in-reg] enable_cycle -> _114653_/D : -25.713835
[setup in-reg] enable_cycle -> _114654_/D : -25.713835
[setup in-reg] enable_cycle -> _114655_/D : -25.713835
[setup in-reg] enable_cycle -> _114656_/D : -25.713835
[setup in-reg] enable_cycle -> _114657_/D : -25.713835
[setup in-reg] enable_cycle -> _114658_/D : -25.713835
[setup in-reg] enable_cycle -> _114659_/D : -25.713835
[setup in-reg] enable_cycle -> _114660_/D : -25.713835
[setup in-reg] enable_cycle -> _114738_/D : -25.713835
[setup in-reg] enable_cycle -> _114739_/D : -25.713835
[setup in-reg] enable_cycle -> _114740_/D : -25.713835
[setup in-reg] enable_cycle -> _114741_/D : -25.713835
[setup in-reg] enable_cycle -> _114742_/D : -25.713835
[setup in-reg] enable_cycle -> _114743_/D : -25.713835
[setup in-reg] enable_cycle -> _114744_/D : -25.713835
[setup in-reg] enable_cycle -> _114745_/D : -25.713835
[setup in-reg] enable_cycle -> _114805_/D : -25.713835
[setup in-reg] enable_cycle -> _114806_/D : -25.713835
[setup in-reg] enable_cycle -> _114807_/D : -25.713835
[setup in-reg] enable_cycle -> _114808_/D : -25.713835
[setup in-reg] enable_cycle -> _114809_/D : -25.713835
[setup in-reg] enable_cycle -> _114810_/D : -25.713835
[setup in-reg] enable_cycle -> _114811_/D : -25.713835
[setup in-reg] enable_cycle -> _114812_/D : -25.713835
[setup in-reg] enable_cycle -> _114885_/D : -25.713835
[setup in-reg] enable_cycle -> _114886_/D : -25.713835
[setup in-reg] enable_cycle -> _114887_/D : -25.713835
[setup in-reg] enable_cycle -> _114888_/D : -25.713835
[setup in-reg] enable_cycle -> _114889_/D : -25.713835
[setup in-reg] enable_cycle -> _114890_/D : -25.713835
[setup in-reg] enable_cycle -> _114891_/D : -25.713835
[setup in-reg] enable_cycle -> _114892_/D : -25.713835
[setup in-reg] enable_cycle -> _114973_/D : -25.713835
[setup in-reg] enable_cycle -> _114974_/D : -25.713835
[setup in-reg] enable_cycle -> _114975_/D : -25.713835
[setup in-reg] enable_cycle -> _114976_/D : -25.713835
[setup in-reg] enable_cycle -> _114977_/D : -25.713835
[setup in-reg] enable_cycle -> _114978_/D : -25.713835
[setup in-reg] enable_cycle -> _114979_/D : -25.713835
[setup in-reg] enable_cycle -> _114980_/D : -25.713835
[setup in-reg] enable_cycle -> _115061_/D : -25.713835
[setup in-reg] enable_cycle -> _115062_/D : -25.713835
[setup in-reg] enable_cycle -> _115063_/D : -25.713835
[setup in-reg] enable_cycle -> _115064_/D : -25.713835
[setup in-reg] enable_cycle -> _115065_/D : -25.713835
[setup in-reg] enable_cycle -> _115066_/D : -25.713835
[setup in-reg] enable_cycle -> _115067_/D : -25.713835
[setup in-reg] enable_cycle -> _115068_/D : -25.713835
[setup in-reg] enable_cycle -> _115149_/D : -25.713835
[setup in-reg] enable_cycle -> _115150_/D : -25.713835
[setup in-reg] enable_cycle -> _115151_/D : -25.713835
[setup in-reg] enable_cycle -> _115152_/D : -25.713835
[setup in-reg] enable_cycle -> _115153_/D : -25.713835
[setup in-reg] enable_cycle -> _115154_/D : -25.713835
[setup in-reg] enable_cycle -> _115155_/D : -25.713835
[setup in-reg] enable_cycle -> _115156_/D : -25.713835
[setup in-reg] enable_cycle -> _115237_/D : -25.713835
[setup in-reg] enable_cycle -> _115238_/D : -25.713835
[setup in-reg] enable_cycle -> _115239_/D : -25.713835
[setup in-reg] enable_cycle -> _115240_/D : -25.713835
[setup in-reg] enable_cycle -> _115241_/D : -25.713835
[setup in-reg] enable_cycle -> _115242_/D : -25.713835
[setup in-reg] enable_cycle -> _115243_/D : -25.713835
[setup in-reg] enable_cycle -> _115244_/D : -25.713835
[setup in-reg] enable_cycle -> _115325_/D : -25.713835
[setup in-reg] enable_cycle -> _115326_/D : -25.713835
[setup in-reg] enable_cycle -> _115327_/D : -25.713835
[setup in-reg] enable_cycle -> _115328_/D : -25.713835
[setup in-reg] enable_cycle -> _115329_/D : -25.713835
[setup in-reg] enable_cycle -> _115330_/D : -25.713835
[setup in-reg] enable_cycle -> _115331_/D : -25.713835
[setup in-reg] enable_cycle -> _115332_/D : -25.713835
[setup in-reg] enable_cycle -> _115413_/D : -25.713835
[setup in-reg] enable_cycle -> _115414_/D : -25.713835
[setup in-reg] enable_cycle -> _115415_/D : -25.713835
[setup in-reg] enable_cycle -> _115416_/D : -25.713835
[setup in-reg] enable_cycle -> _115417_/D : -25.713835
[setup in-reg] enable_cycle -> _115418_/D : -25.713835
[setup in-reg] enable_cycle -> _115419_/D : -25.713835
[setup in-reg] enable_cycle -> _115420_/D : -25.713835
[setup in-reg] enable_cycle -> _115482_/D : -25.713835
[setup in-reg] enable_cycle -> _115483_/D : -25.713835
[setup in-reg] enable_cycle -> _115484_/D : -25.713835
[setup in-reg] enable_cycle -> _115485_/D : -25.713835
[setup in-reg] enable_cycle -> _115486_/D : -25.713835
[setup in-reg] enable_cycle -> _115487_/D : -25.713835
[setup in-reg] enable_cycle -> _115488_/D : -25.713835
[setup in-reg] enable_cycle -> _115489_/D : -25.713835
[setup in-reg] enable_cycle -> _115565_/D : -25.713835
[setup in-reg] enable_cycle -> _115566_/D : -25.713835
[setup in-reg] enable_cycle -> _115567_/D : -25.713835
[setup in-reg] enable_cycle -> _115568_/D : -25.713835
[setup in-reg] enable_cycle -> _115569_/D : -25.713835
[setup in-reg] enable_cycle -> _115570_/D : -25.713835
[setup in-reg] enable_cycle -> _115571_/D : -25.713835
[setup in-reg] enable_cycle -> _115572_/D : -25.713835
[setup in-reg] enable_cycle -> _115656_/D : -25.713835
[setup in-reg] enable_cycle -> _115657_/D : -25.713835
[setup in-reg] enable_cycle -> _115658_/D : -25.713835
[setup in-reg] enable_cycle -> _115659_/D : -25.713835
[setup in-reg] enable_cycle -> _115660_/D : -25.713835
[setup in-reg] enable_cycle -> _115661_/D : -25.713835
[setup in-reg] enable_cycle -> _115662_/D : -25.713835
[setup in-reg] enable_cycle -> _115663_/D : -25.713835
[setup in-reg] enable_cycle -> _115747_/D : -25.713835
[setup in-reg] enable_cycle -> _115748_/D : -25.713835
[setup in-reg] enable_cycle -> _115749_/D : -25.713835
[setup in-reg] enable_cycle -> _115750_/D : -25.713835
[setup in-reg] enable_cycle -> _115751_/D : -25.713835
[setup in-reg] enable_cycle -> _115752_/D : -25.713835
[setup in-reg] enable_cycle -> _115753_/D : -25.713835
[setup in-reg] enable_cycle -> _115754_/D : -25.713835
[setup in-reg] enable_cycle -> _115838_/D : -25.713835
[setup in-reg] enable_cycle -> _115839_/D : -25.713835
[setup in-reg] enable_cycle -> _115840_/D : -25.713835
[setup in-reg] enable_cycle -> _115841_/D : -25.713835
[setup in-reg] enable_cycle -> _115842_/D : -25.713835
[setup in-reg] enable_cycle -> _115843_/D : -25.713835
[setup in-reg] enable_cycle -> _115844_/D : -25.713835
[setup in-reg] enable_cycle -> _115845_/D : -25.713835
[setup in-reg] enable_cycle -> _115929_/D : -25.713835
[setup in-reg] enable_cycle -> _115930_/D : -25.713835
[setup in-reg] enable_cycle -> _115931_/D : -25.713835
[setup in-reg] enable_cycle -> _115932_/D : -25.713835
[setup in-reg] enable_cycle -> _115933_/D : -25.713835
[setup in-reg] enable_cycle -> _115934_/D : -25.713835
[setup in-reg] enable_cycle -> _115935_/D : -25.713835
[setup in-reg] enable_cycle -> _115936_/D : -25.713835
[setup in-reg] enable_cycle -> _116020_/D : -25.713835
[setup in-reg] enable_cycle -> _116021_/D : -25.713835
[setup in-reg] enable_cycle -> _116022_/D : -25.713835
[setup in-reg] enable_cycle -> _116023_/D : -25.713835
[setup in-reg] enable_cycle -> _116024_/D : -25.713835
[setup in-reg] enable_cycle -> _116025_/D : -25.713835
[setup in-reg] enable_cycle -> _116026_/D : -25.713835
[setup in-reg] enable_cycle -> _116027_/D : -25.713835
[setup in-reg] enable_cycle -> _116111_/D : -25.713835
[setup in-reg] enable_cycle -> _116112_/D : -25.713835
[setup in-reg] enable_cycle -> _116113_/D : -25.713835
[setup in-reg] enable_cycle -> _116114_/D : -25.713835
[setup in-reg] enable_cycle -> _116115_/D : -25.713835
[setup in-reg] enable_cycle -> _116116_/D : -25.713835
[setup in-reg] enable_cycle -> _116117_/D : -25.713835
[setup in-reg] enable_cycle -> _116118_/D : -25.713835
[setup in-reg] enable_cycle -> _116182_/D : -25.713835
[setup in-reg] enable_cycle -> _116183_/D : -25.713835
[setup in-reg] enable_cycle -> _116184_/D : -25.713835
[setup in-reg] enable_cycle -> _116185_/D : -25.713835
[setup in-reg] enable_cycle -> _116186_/D : -25.713835
[setup in-reg] enable_cycle -> _116187_/D : -25.713835
[setup in-reg] enable_cycle -> _116188_/D : -25.713835
[setup in-reg] enable_cycle -> _116189_/D : -25.713835
[setup in-reg] enable_cycle -> _116268_/D : -25.713835
[setup in-reg] enable_cycle -> _116269_/D : -25.713835
[setup in-reg] enable_cycle -> _116270_/D : -25.713835
[setup in-reg] enable_cycle -> _116271_/D : -25.713835
[setup in-reg] enable_cycle -> _116272_/D : -25.713835
[setup in-reg] enable_cycle -> _116273_/D : -25.713835
[setup in-reg] enable_cycle -> _116274_/D : -25.713835
[setup in-reg] enable_cycle -> _116275_/D : -25.713835
[setup in-reg] enable_cycle -> _116362_/D : -25.713835
[setup in-reg] enable_cycle -> _116363_/D : -25.713835
[setup in-reg] enable_cycle -> _116364_/D : -25.713835
[setup in-reg] enable_cycle -> _116365_/D : -25.713835
[setup in-reg] enable_cycle -> _116366_/D : -25.713835
[setup in-reg] enable_cycle -> _116367_/D : -25.713835
[setup in-reg] enable_cycle -> _116368_/D : -25.713835
[setup in-reg] enable_cycle -> _116369_/D : -25.713835
[setup in-reg] enable_cycle -> _116456_/D : -25.713835
[setup in-reg] enable_cycle -> _116457_/D : -25.713835
[setup in-reg] enable_cycle -> _116458_/D : -25.713835
[setup in-reg] enable_cycle -> _116459_/D : -25.713835
[setup in-reg] enable_cycle -> _116460_/D : -25.713835
[setup in-reg] enable_cycle -> _116461_/D : -25.713835
[setup in-reg] enable_cycle -> _116462_/D : -25.713835
[setup in-reg] enable_cycle -> _111110_/D : -25.660431
[setup in-reg] enable_cycle -> _111111_/D : -25.660431
[setup in-reg] enable_cycle -> _111112_/D : -25.660431
[setup in-reg] enable_cycle -> _111113_/D : -25.660431
[setup in-reg] enable_cycle -> _111114_/D : -25.660431
[setup in-reg] enable_cycle -> _111115_/D : -25.660431
[setup in-reg] enable_cycle -> _111116_/D : -25.660431
[setup in-reg] enable_cycle -> _111117_/D : -25.660431
[setup in-reg] enable_cycle -> _111118_/D : -25.660431
[setup in-reg] enable_cycle -> _111119_/D : -25.660431
[setup in-reg] enable_cycle -> _111120_/D : -25.660431
[setup in-reg] enable_cycle -> _111121_/D : -25.660431
[setup in-reg] enable_cycle -> _111122_/D : -25.660431
[setup in-reg] enable_cycle -> _111123_/D : -25.660431
[setup in-reg] enable_cycle -> _111124_/D : -25.660431
[setup in-reg] enable_cycle -> _111125_/D : -25.660431
[setup in-reg] enable_cycle -> _111126_/D : -25.660431
[setup in-reg] enable_cycle -> _111127_/D : -25.660431
[setup in-reg] enable_cycle -> _111128_/D : -25.660431
[setup in-reg] enable_cycle -> _111129_/D : -25.660431
[setup in-reg] enable_cycle -> _111264_/D : -25.660431
[setup in-reg] enable_cycle -> _111265_/D : -25.660431
[setup in-reg] enable_cycle -> _111266_/D : -25.660431
[setup in-reg] enable_cycle -> _111267_/D : -25.660431
[setup in-reg] enable_cycle -> _111268_/D : -25.660431
[setup in-reg] enable_cycle -> _111269_/D : -25.660431
[setup in-reg] enable_cycle -> _111270_/D : -25.660431
[setup in-reg] enable_cycle -> _111271_/D : -25.660431
[setup in-reg] enable_cycle -> _111272_/D : -25.660431
[setup in-reg] enable_cycle -> _111273_/D : -25.660431
[setup in-reg] enable_cycle -> _111274_/D : -25.660431
[setup in-reg] enable_cycle -> _111275_/D : -25.660431
[setup in-reg] enable_cycle -> _111276_/D : -25.660431
[setup in-reg] enable_cycle -> _111277_/D : -25.660431
[setup in-reg] enable_cycle -> _111278_/D : -25.660431
[setup in-reg] enable_cycle -> _111279_/D : -25.660431
[setup in-reg] enable_cycle -> _111280_/D : -25.660431
[setup in-reg] enable_cycle -> _111281_/D : -25.660431
[setup in-reg] enable_cycle -> _111282_/D : -25.660431
[setup in-reg] enable_cycle -> _111283_/D : -25.660431
[setup in-reg] enable_cycle -> _111284_/D : -25.660431
[setup in-reg] enable_cycle -> _111285_/D : -25.660431
[setup in-reg] enable_cycle -> _111294_/D : -25.660431
[setup in-reg] enable_cycle -> _111295_/D : -25.660431
[setup in-reg] enable_cycle -> _111296_/D : -25.660431
[setup in-reg] enable_cycle -> _111297_/D : -25.660431
[setup in-reg] enable_cycle -> _111298_/D : -25.660431
[setup in-reg] enable_cycle -> _111299_/D : -25.660431
[setup in-reg] enable_cycle -> _111300_/D : -25.660431
[setup in-reg] enable_cycle -> _111301_/D : -25.660431
[setup in-reg] enable_cycle -> _111302_/D : -25.660431
[setup in-reg] enable_cycle -> _111303_/D : -25.660431
[setup in-reg] enable_cycle -> _111304_/D : -25.660431
[setup in-reg] enable_cycle -> _111305_/D : -25.660431
[setup in-reg] enable_cycle -> _111306_/D : -25.660431
[setup in-reg] enable_cycle -> _111307_/D : -25.660431
[setup in-reg] enable_cycle -> _111308_/D : -25.660431
[setup in-reg] enable_cycle -> _111309_/D : -25.660431
[setup in-reg] enable_cycle -> _111310_/D : -25.660431
[setup in-reg] enable_cycle -> _111311_/D : -25.660431
[setup in-reg] enable_cycle -> _111312_/D : -25.660431
[setup in-reg] enable_cycle -> _111313_/D : -25.660431
[setup in-reg] enable_cycle -> _111314_/D : -25.660431
[setup in-reg] enable_cycle -> _111315_/D : -25.660431
[setup in-reg] enable_cycle -> _111316_/D : -25.660431
[setup in-reg] enable_cycle -> _111317_/D : -25.660431
[setup in-reg] enable_cycle -> _111318_/D : -25.660431
[setup in-reg] enable_cycle -> _111319_/D : -25.660431
[setup in-reg] enable_cycle -> _111320_/D : -25.660431
[setup in-reg] enable_cycle -> _111321_/D : -25.660431
[setup in-reg] enable_cycle -> _111322_/D : -25.660431
[setup in-reg] enable_cycle -> _111391_/D : -25.660431
[setup in-reg] enable_cycle -> _111392_/D : -25.660431
[setup in-reg] enable_cycle -> _111393_/D : -25.660431
[setup in-reg] enable_cycle -> _111394_/D : -25.660431
[setup in-reg] enable_cycle -> _111395_/D : -25.660431
[setup in-reg] enable_cycle -> _111396_/D : -25.660431
[setup in-reg] enable_cycle -> _111397_/D : -25.660431
[setup in-reg] enable_cycle -> _111398_/D : -25.660431
[setup in-reg] enable_cycle -> _111423_/D : -25.660431
[setup in-reg] enable_cycle -> _111424_/D : -25.660431
[setup in-reg] enable_cycle -> _111425_/D : -25.660431
[setup in-reg] enable_cycle -> _111426_/D : -25.660431
[setup in-reg] enable_cycle -> _111427_/D : -25.660431
[setup in-reg] enable_cycle -> _111428_/D : -25.660431
[setup in-reg] enable_cycle -> _111429_/D : -25.660431
[setup in-reg] enable_cycle -> _111430_/D : -25.660431
[setup in-reg] enable_cycle -> _111431_/D : -25.660431
[setup in-reg] enable_cycle -> _111432_/D : -25.660431
[setup in-reg] enable_cycle -> _111433_/D : -25.660431
[setup in-reg] enable_cycle -> _111434_/D : -25.660431
[setup in-reg] enable_cycle -> _111435_/D : -25.660431
[setup in-reg] enable_cycle -> _111436_/D : -25.660431
[setup in-reg] enable_cycle -> _111437_/D : -25.660431
[setup in-reg] enable_cycle -> _111438_/D : -25.660431
[setup in-reg] enable_cycle -> _111439_/D : -25.660431
[setup in-reg] enable_cycle -> _111440_/D : -25.660431
[setup in-reg] enable_cycle -> _111441_/D : -25.660431
[setup in-reg] enable_cycle -> _111442_/D : -25.660431
[setup in-reg] enable_cycle -> _111443_/D : -25.660431
[setup in-reg] enable_cycle -> _111512_/D : -25.660431
[setup in-reg] enable_cycle -> _111513_/D : -25.660431
[setup in-reg] enable_cycle -> _111514_/D : -25.660431
[setup in-reg] enable_cycle -> _111515_/D : -25.660431
[setup in-reg] enable_cycle -> _111516_/D : -25.660431
[setup in-reg] enable_cycle -> _111517_/D : -25.660431
[setup in-reg] enable_cycle -> _111518_/D : -25.660431
[setup in-reg] enable_cycle -> _111519_/D : -25.660431
[setup in-reg] enable_cycle -> _111520_/D : -25.660431
[setup in-reg] enable_cycle -> _111521_/D : -25.660431
[setup in-reg] enable_cycle -> _111522_/D : -25.660431
[setup in-reg] enable_cycle -> _111523_/D : -25.660431
[setup in-reg] enable_cycle -> _111524_/D : -25.660431
[setup in-reg] enable_cycle -> _111525_/D : -25.660431
[setup in-reg] enable_cycle -> _111526_/D : -25.660431
[setup in-reg] enable_cycle -> _111527_/D : -25.660431
[setup in-reg] enable_cycle -> _111528_/D : -25.660431
[setup in-reg] enable_cycle -> _111529_/D : -25.660431
[setup in-reg] enable_cycle -> _111530_/D : -25.660431
[setup in-reg] enable_cycle -> _111531_/D : -25.660431
[setup in-reg] enable_cycle -> _111532_/D : -25.660431
[setup in-reg] enable_cycle -> _111533_/D : -25.660431
[setup in-reg] enable_cycle -> _111534_/D : -25.660431
[setup in-reg] enable_cycle -> _111535_/D : -25.660431
[setup in-reg] enable_cycle -> _111536_/D : -25.660431
[setup in-reg] enable_cycle -> _111537_/D : -25.660431
[setup in-reg] enable_cycle -> _111538_/D : -25.660431
[setup in-reg] enable_cycle -> _111539_/D : -25.660431
[setup in-reg] enable_cycle -> _111540_/D : -25.660431
[setup in-reg] enable_cycle -> _111609_/D : -25.660431
[setup in-reg] enable_cycle -> _111610_/D : -25.660431
[setup in-reg] enable_cycle -> _111611_/D : -25.660431
[setup in-reg] enable_cycle -> _111612_/D : -25.660431
[setup in-reg] enable_cycle -> _111613_/D : -25.660431
[setup in-reg] enable_cycle -> _111614_/D : -25.660431
[setup in-reg] enable_cycle -> _111615_/D : -25.660431
[setup in-reg] enable_cycle -> _111616_/D : -25.660431
[setup in-reg] enable_cycle -> _111617_/D : -25.660431
[setup in-reg] enable_cycle -> _111618_/D : -25.660431
[setup in-reg] enable_cycle -> _111619_/D : -25.660431
[setup in-reg] enable_cycle -> _111620_/D : -25.660431
[setup in-reg] enable_cycle -> _111621_/D : -25.660431
[setup in-reg] enable_cycle -> _111622_/D : -25.660431
[setup in-reg] enable_cycle -> _111623_/D : -25.660431
[setup in-reg] enable_cycle -> _111624_/D : -25.660431
[setup in-reg] enable_cycle -> _111625_/D : -25.660431
[setup in-reg] enable_cycle -> _111626_/D : -25.660431
[setup in-reg] enable_cycle -> _111627_/D : -25.660431
[setup in-reg] enable_cycle -> _111628_/D : -25.660431
[setup in-reg] enable_cycle -> _111629_/D : -25.660431
[setup in-reg] enable_cycle -> _111630_/D : -25.660431
[setup in-reg] enable_cycle -> _111631_/D : -25.660431
[setup in-reg] enable_cycle -> _111632_/D : -25.660431
[setup in-reg] enable_cycle -> _111633_/D : -25.660431
[setup in-reg] enable_cycle -> _111634_/D : -25.660431
[setup in-reg] enable_cycle -> _111635_/D : -25.660431
[setup in-reg] enable_cycle -> _111636_/D : -25.660431
[setup in-reg] enable_cycle -> _111637_/D : -25.660431
[setup in-reg] enable_cycle -> _111706_/D : -25.660431
[setup in-reg] enable_cycle -> _111707_/D : -25.660431
[setup in-reg] enable_cycle -> _111708_/D : -25.660431
[setup in-reg] enable_cycle -> _111709_/D : -25.660431
[setup in-reg] enable_cycle -> _111710_/D : -25.660431
[setup in-reg] enable_cycle -> _111711_/D : -25.660431
[setup in-reg] enable_cycle -> _111712_/D : -25.660431
[setup in-reg] enable_cycle -> _111713_/D : -25.660431
[setup in-reg] enable_cycle -> _111714_/D : -25.660431
[setup in-reg] enable_cycle -> _111715_/D : -25.660431
[setup in-reg] enable_cycle -> _111716_/D : -25.660431
[setup in-reg] enable_cycle -> _111717_/D : -25.660431
[setup in-reg] enable_cycle -> _111718_/D : -25.660431
[setup in-reg] enable_cycle -> _111719_/D : -25.660431
[setup in-reg] enable_cycle -> _111720_/D : -25.660431
[setup in-reg] enable_cycle -> _111721_/D : -25.660431
[setup in-reg] enable_cycle -> _111722_/D : -25.660431
[setup in-reg] enable_cycle -> _111723_/D : -25.660431
[setup in-reg] enable_cycle -> _111724_/D : -25.660431
[setup in-reg] enable_cycle -> _111725_/D : -25.660431
[setup in-reg] enable_cycle -> _111726_/D : -25.660431
[setup in-reg] enable_cycle -> _111727_/D : -25.660431
[setup in-reg] enable_cycle -> _111728_/D : -25.660431
[setup in-reg] enable_cycle -> _111729_/D : -25.660431
[setup in-reg] enable_cycle -> _111730_/D : -25.660431
[setup in-reg] enable_cycle -> _111731_/D : -25.660431
[setup in-reg] enable_cycle -> _111732_/D : -25.660431
[setup in-reg] enable_cycle -> _111733_/D : -25.660431
[setup in-reg] enable_cycle -> _111734_/D : -25.660431
[setup in-reg] enable_cycle -> _111803_/D : -25.660431
[setup in-reg] enable_cycle -> _111804_/D : -25.660431
[setup in-reg] enable_cycle -> _111805_/D : -25.660431
[setup in-reg] enable_cycle -> _111806_/D : -25.660431
[setup in-reg] enable_cycle -> _111807_/D : -25.660431
[setup in-reg] enable_cycle -> _111808_/D : -25.660431
[setup in-reg] enable_cycle -> _111809_/D : -25.660431
[setup in-reg] enable_cycle -> _111810_/D : -25.660431
[setup in-reg] enable_cycle -> _111811_/D : -25.660431
[setup in-reg] enable_cycle -> _111812_/D : -25.660431
[setup in-reg] enable_cycle -> _111813_/D : -25.660431
[setup in-reg] enable_cycle -> _111814_/D : -25.660431
[setup in-reg] enable_cycle -> _111815_/D : -25.660431
[setup in-reg] enable_cycle -> _111816_/D : -25.660431
[setup in-reg] enable_cycle -> _111817_/D : -25.660431
[setup in-reg] enable_cycle -> _111818_/D : -25.660431
[setup in-reg] enable_cycle -> _111819_/D : -25.660431
[setup in-reg] enable_cycle -> _111820_/D : -25.660431
[setup in-reg] enable_cycle -> _111821_/D : -25.660431
[setup in-reg] enable_cycle -> _111822_/D : -25.660431
[setup in-reg] enable_cycle -> _111823_/D : -25.660431
[setup in-reg] enable_cycle -> _111824_/D : -25.660431
[setup in-reg] enable_cycle -> _111825_/D : -25.660431
[setup in-reg] enable_cycle -> _111826_/D : -25.660431
[setup in-reg] enable_cycle -> _111827_/D : -25.660431
[setup in-reg] enable_cycle -> _111828_/D : -25.660431
[setup in-reg] enable_cycle -> _111829_/D : -25.660431
[setup in-reg] enable_cycle -> _111830_/D : -25.660431
[setup in-reg] enable_cycle -> _111831_/D : -25.660431
[setup in-reg] enable_cycle -> _111900_/D : -25.660431
[setup in-reg] enable_cycle -> _111901_/D : -25.660431
[setup in-reg] enable_cycle -> _111902_/D : -25.660431
[setup in-reg] enable_cycle -> _111903_/D : -25.660431
[setup in-reg] enable_cycle -> _111904_/D : -25.660431
[setup in-reg] enable_cycle -> _111905_/D : -25.660431
[setup in-reg] enable_cycle -> _111906_/D : -25.660431
[setup in-reg] enable_cycle -> _111907_/D : -25.660431
[setup in-reg] enable_cycle -> _111908_/D : -25.660431
[setup in-reg] enable_cycle -> _111909_/D : -25.660431
[setup in-reg] enable_cycle -> _111910_/D : -25.660431
[setup in-reg] enable_cycle -> _111911_/D : -25.660431
[setup in-reg] enable_cycle -> _111912_/D : -25.660431
[setup in-reg] enable_cycle -> _111913_/D : -25.660431
[setup in-reg] enable_cycle -> _111914_/D : -25.660431
[setup in-reg] enable_cycle -> _111915_/D : -25.660431
[setup in-reg] enable_cycle -> _111916_/D : -25.660431
[setup in-reg] enable_cycle -> _111917_/D : -25.660431
[setup in-reg] enable_cycle -> _111918_/D : -25.660431
[setup in-reg] enable_cycle -> _111919_/D : -25.660431
[setup in-reg] enable_cycle -> _111920_/D : -25.660431
[setup in-reg] enable_cycle -> _111921_/D : -25.660431
[setup in-reg] enable_cycle -> _111922_/D : -25.660431
[setup in-reg] enable_cycle -> _111923_/D : -25.660431
[setup in-reg] enable_cycle -> _111924_/D : -25.660431
[setup in-reg] enable_cycle -> _111925_/D : -25.660431
[setup in-reg] enable_cycle -> _111926_/D : -25.660431
[setup in-reg] enable_cycle -> _111927_/D : -25.660431
[setup in-reg] enable_cycle -> _111928_/D : -25.660431
[setup in-reg] enable_cycle -> _111929_/D : -25.660431
[setup in-reg] enable_cycle -> _112036_/D : -25.660431
[setup in-reg] enable_cycle -> _112037_/D : -25.660431
[setup in-reg] enable_cycle -> _112038_/D : -25.660431
[setup in-reg] enable_cycle -> _112039_/D : -25.660431
[setup in-reg] enable_cycle -> _112040_/D : -25.660431
[setup in-reg] enable_cycle -> _112041_/D : -25.660431
[setup in-reg] enable_cycle -> _112042_/D : -25.660431
[setup in-reg] enable_cycle -> _112043_/D : -25.660431
[setup in-reg] enable_cycle -> _112044_/D : -25.660431
[setup in-reg] enable_cycle -> _112045_/D : -25.660431
[setup in-reg] enable_cycle -> _112046_/D : -25.660431
[setup in-reg] enable_cycle -> _112047_/D : -25.660431
[setup in-reg] enable_cycle -> _112048_/D : -25.660431
[setup in-reg] enable_cycle -> _112049_/D : -25.660431
[setup in-reg] enable_cycle -> _112050_/D : -25.660431
[setup in-reg] enable_cycle -> _112051_/D : -25.660431
[setup in-reg] enable_cycle -> _112052_/D : -25.660431
[setup in-reg] enable_cycle -> _112053_/D : -25.660431
[setup in-reg] enable_cycle -> _112054_/D : -25.660431
[setup in-reg] enable_cycle -> _112055_/D : -25.660431
[setup in-reg] enable_cycle -> _112056_/D : -25.660431
[setup in-reg] enable_cycle -> _112057_/D : -25.660431
[setup in-reg] enable_cycle -> _112058_/D : -25.660431
[setup in-reg] enable_cycle -> _112067_/D : -25.660431
[setup in-reg] enable_cycle -> _112068_/D : -25.660431
[setup in-reg] enable_cycle -> _112069_/D : -25.660431
[setup in-reg] enable_cycle -> _112070_/D : -25.660431
[setup in-reg] enable_cycle -> _112071_/D : -25.660431
[setup in-reg] enable_cycle -> _112072_/D : -25.660431
[setup in-reg] enable_cycle -> _112073_/D : -25.660431
[setup in-reg] enable_cycle -> _112074_/D : -25.660431
[setup in-reg] enable_cycle -> _112075_/D : -25.660431
[setup in-reg] enable_cycle -> _112076_/D : -25.660431
[setup in-reg] enable_cycle -> _112077_/D : -25.660431
[setup in-reg] enable_cycle -> _112078_/D : -25.660431
[setup in-reg] enable_cycle -> _112079_/D : -25.660431
[setup in-reg] enable_cycle -> _112080_/D : -25.660431
[setup in-reg] enable_cycle -> _112081_/D : -25.660431
[setup in-reg] enable_cycle -> _112082_/D : -25.660431
[setup in-reg] enable_cycle -> _112083_/D : -25.660431
[setup in-reg] enable_cycle -> _112084_/D : -25.660431
[setup in-reg] enable_cycle -> _112085_/D : -25.660431
[setup in-reg] enable_cycle -> _112086_/D : -25.660431
[setup in-reg] enable_cycle -> _112087_/D : -25.660431
[setup in-reg] enable_cycle -> _112088_/D : -25.660431
[setup in-reg] enable_cycle -> _112089_/D : -25.660431
[setup in-reg] enable_cycle -> _112090_/D : -25.660431
[setup in-reg] enable_cycle -> _112091_/D : -25.660431
[setup in-reg] enable_cycle -> _112092_/D : -25.660431
[setup in-reg] enable_cycle -> _112093_/D : -25.660431
[setup in-reg] enable_cycle -> _112094_/D : -25.660431
[setup in-reg] enable_cycle -> _112095_/D : -25.660431
[setup in-reg] enable_cycle -> _112096_/D : -25.660431
[setup in-reg] enable_cycle -> _112167_/D : -25.660431
[setup in-reg] enable_cycle -> _112168_/D : -25.660431
[setup in-reg] enable_cycle -> _112169_/D : -25.660431
[setup in-reg] enable_cycle -> _112170_/D : -25.660431
[setup in-reg] enable_cycle -> _112171_/D : -25.660431
[setup in-reg] enable_cycle -> _112172_/D : -25.660431
[setup in-reg] enable_cycle -> _112173_/D : -25.660431
[setup in-reg] enable_cycle -> _112174_/D : -25.660431
[setup in-reg] enable_cycle -> _112175_/D : -25.660431
[setup in-reg] enable_cycle -> _112176_/D : -25.660431
[setup in-reg] enable_cycle -> _112177_/D : -25.660431
[setup in-reg] enable_cycle -> _112178_/D : -25.660431
[setup in-reg] enable_cycle -> _112179_/D : -25.660431
[setup in-reg] enable_cycle -> _112180_/D : -25.660431
[setup in-reg] enable_cycle -> _112181_/D : -25.660431
[setup in-reg] enable_cycle -> _112182_/D : -25.660431
[setup in-reg] enable_cycle -> _112183_/D : -25.660431
[setup in-reg] enable_cycle -> _112184_/D : -25.660431
[setup in-reg] enable_cycle -> _112185_/D : -25.660431
[setup in-reg] enable_cycle -> _112186_/D : -25.660431
[setup in-reg] enable_cycle -> _112187_/D : -25.660431
[setup in-reg] enable_cycle -> _112188_/D : -25.660431
[setup in-reg] enable_cycle -> _112189_/D : -25.660431
[setup in-reg] enable_cycle -> _112190_/D : -25.660431
[setup in-reg] enable_cycle -> _112191_/D : -25.660431
[setup in-reg] enable_cycle -> _112192_/D : -25.660431
[setup in-reg] enable_cycle -> _112193_/D : -25.660431
[setup in-reg] enable_cycle -> _112194_/D : -25.660431
[setup in-reg] enable_cycle -> _112195_/D : -25.660431
[setup in-reg] enable_cycle -> _112196_/D : -25.660431
[setup in-reg] enable_cycle -> _112267_/D : -25.660431
[setup in-reg] enable_cycle -> _112268_/D : -25.660431
[setup in-reg] enable_cycle -> _112269_/D : -25.660431
[setup in-reg] enable_cycle -> _112270_/D : -25.660431
[setup in-reg] enable_cycle -> _112271_/D : -25.660431
[setup in-reg] enable_cycle -> _112272_/D : -25.660431
[setup in-reg] enable_cycle -> _112273_/D : -25.660431
[setup in-reg] enable_cycle -> _112274_/D : -25.660431
[setup in-reg] enable_cycle -> _112275_/D : -25.660431
[setup in-reg] enable_cycle -> _112276_/D : -25.660431
[setup in-reg] enable_cycle -> _112277_/D : -25.660431
[setup in-reg] enable_cycle -> _112278_/D : -25.660431
[setup in-reg] enable_cycle -> _112279_/D : -25.660431
[setup in-reg] enable_cycle -> _112280_/D : -25.660431
[setup in-reg] enable_cycle -> _112281_/D : -25.660431
[setup in-reg] enable_cycle -> _112282_/D : -25.660431
[setup in-reg] enable_cycle -> _112283_/D : -25.660431
[setup in-reg] enable_cycle -> _112284_/D : -25.660431
[setup in-reg] enable_cycle -> _112285_/D : -25.660431
[setup in-reg] enable_cycle -> _112286_/D : -25.660431
[setup in-reg] enable_cycle -> _112287_/D : -25.660431
[setup in-reg] enable_cycle -> _112288_/D : -25.660431
[setup in-reg] enable_cycle -> _112289_/D : -25.660431
[setup in-reg] enable_cycle -> _112290_/D : -25.660431
[setup in-reg] enable_cycle -> _112291_/D : -25.660431
[setup in-reg] enable_cycle -> _112292_/D : -25.660431
[setup in-reg] enable_cycle -> _112293_/D : -25.660431
[setup in-reg] enable_cycle -> _112294_/D : -25.660431
[setup in-reg] enable_cycle -> _112295_/D : -25.660431
[setup in-reg] enable_cycle -> _112296_/D : -25.660431
[setup in-reg] enable_cycle -> _112367_/D : -25.660431
[setup in-reg] enable_cycle -> _112368_/D : -25.660431
[setup in-reg] enable_cycle -> _112369_/D : -25.660431
[setup in-reg] enable_cycle -> _112370_/D : -25.660431
[setup in-reg] enable_cycle -> _112371_/D : -25.660431
[setup in-reg] enable_cycle -> _112372_/D : -25.660431
[setup in-reg] enable_cycle -> _112373_/D : -25.660431
[setup in-reg] enable_cycle -> _112374_/D : -25.660431
[setup in-reg] enable_cycle -> _112375_/D : -25.660431
[setup in-reg] enable_cycle -> _112376_/D : -25.660431
[setup in-reg] enable_cycle -> _112377_/D : -25.660431
[setup in-reg] enable_cycle -> _112378_/D : -25.660431
[setup in-reg] enable_cycle -> _112379_/D : -25.660431
[setup in-reg] enable_cycle -> _112380_/D : -25.660431
[setup in-reg] enable_cycle -> _112381_/D : -25.660431
[setup in-reg] enable_cycle -> _112382_/D : -25.660431
[setup in-reg] enable_cycle -> _112383_/D : -25.660431
[setup in-reg] enable_cycle -> _112384_/D : -25.660431
[setup in-reg] enable_cycle -> _112385_/D : -25.660431
[setup in-reg] enable_cycle -> _112386_/D : -25.660431
[setup in-reg] enable_cycle -> _112387_/D : -25.660431
[setup in-reg] enable_cycle -> _112388_/D : -25.660431
[setup in-reg] enable_cycle -> _112389_/D : -25.660431
[setup in-reg] enable_cycle -> _112390_/D : -25.660431
[setup in-reg] enable_cycle -> _112391_/D : -25.660431
[setup in-reg] enable_cycle -> _112392_/D : -25.660431
[setup in-reg] enable_cycle -> _112393_/D : -25.660431
[setup in-reg] enable_cycle -> _112394_/D : -25.660431
[setup in-reg] enable_cycle -> _112395_/D : -25.660431
[setup in-reg] enable_cycle -> _112396_/D : -25.660431
[setup in-reg] enable_cycle -> _112467_/D : -25.660431
[setup in-reg] enable_cycle -> _112468_/D : -25.660431
[setup in-reg] enable_cycle -> _112469_/D : -25.660431
[setup in-reg] enable_cycle -> _112470_/D : -25.660431
[setup in-reg] enable_cycle -> _112471_/D : -25.660431
[setup in-reg] enable_cycle -> _112472_/D : -25.660431
[setup in-reg] enable_cycle -> _112473_/D : -25.660431
[setup in-reg] enable_cycle -> _112474_/D : -25.660431
[setup in-reg] enable_cycle -> _112475_/D : -25.660431
[setup in-reg] enable_cycle -> _112476_/D : -25.660431
[setup in-reg] enable_cycle -> _112477_/D : -25.660431
[setup in-reg] enable_cycle -> _112478_/D : -25.660431
[setup in-reg] enable_cycle -> _112479_/D : -25.660431
[setup in-reg] enable_cycle -> _112480_/D : -25.660431
[setup in-reg] enable_cycle -> _112481_/D : -25.660431
[setup in-reg] enable_cycle -> _112482_/D : -25.660431
[setup in-reg] enable_cycle -> _112483_/D : -25.660431
[setup in-reg] enable_cycle -> _112484_/D : -25.660431
[setup in-reg] enable_cycle -> _112485_/D : -25.660431
[setup in-reg] enable_cycle -> _112486_/D : -25.660431
[setup in-reg] enable_cycle -> _112487_/D : -25.660431
[setup in-reg] enable_cycle -> _112488_/D : -25.660431
[setup in-reg] enable_cycle -> _112489_/D : -25.660431
[setup in-reg] enable_cycle -> _112490_/D : -25.660431
[setup in-reg] enable_cycle -> _112491_/D : -25.660431
[setup in-reg] enable_cycle -> _112492_/D : -25.660431
[setup in-reg] enable_cycle -> _112493_/D : -25.660431
[setup in-reg] enable_cycle -> _112494_/D : -25.660431
[setup in-reg] enable_cycle -> _112495_/D : -25.660431
[setup in-reg] enable_cycle -> _112496_/D : -25.660431
[setup in-reg] enable_cycle -> _112567_/D : -25.660431
[setup in-reg] enable_cycle -> _112568_/D : -25.660431
[setup in-reg] enable_cycle -> _112569_/D : -25.660431
[setup in-reg] enable_cycle -> _112570_/D : -25.660431
[setup in-reg] enable_cycle -> _112571_/D : -25.660431
[setup in-reg] enable_cycle -> _112572_/D : -25.660431
[setup in-reg] enable_cycle -> _112573_/D : -25.660431
[setup in-reg] enable_cycle -> _112574_/D : -25.660431
[setup in-reg] enable_cycle -> _112575_/D : -25.660431
[setup in-reg] enable_cycle -> _112576_/D : -25.660431
[setup in-reg] enable_cycle -> _112577_/D : -25.660431
[setup in-reg] enable_cycle -> _112578_/D : -25.660431
[setup in-reg] enable_cycle -> _112579_/D : -25.660431
[setup in-reg] enable_cycle -> _112580_/D : -25.660431
[setup in-reg] enable_cycle -> _112581_/D : -25.660431
[setup in-reg] enable_cycle -> _112582_/D : -25.660431
[setup in-reg] enable_cycle -> _112583_/D : -25.660431
[setup in-reg] enable_cycle -> _112584_/D : -25.660431
[setup in-reg] enable_cycle -> _112585_/D : -25.660431
[setup in-reg] enable_cycle -> _112586_/D : -25.660431
[setup in-reg] enable_cycle -> _112587_/D : -25.660431
[setup in-reg] enable_cycle -> _112588_/D : -25.660431
[setup in-reg] enable_cycle -> _112589_/D : -25.660431
[setup in-reg] enable_cycle -> _112590_/D : -25.660431
[setup in-reg] enable_cycle -> _112591_/D : -25.660431
[setup in-reg] enable_cycle -> _112592_/D : -25.660431
[setup in-reg] enable_cycle -> _112593_/D : -25.660431
[setup in-reg] enable_cycle -> _112594_/D : -25.660431
[setup in-reg] enable_cycle -> _112595_/D : -25.660431
[setup in-reg] enable_cycle -> _112596_/D : -25.660431
[setup in-reg] enable_cycle -> _112667_/D : -25.660431
[setup in-reg] enable_cycle -> _112668_/D : -25.660431
[setup in-reg] enable_cycle -> _112669_/D : -25.660431
[setup in-reg] enable_cycle -> _112670_/D : -25.660431
[setup in-reg] enable_cycle -> _112671_/D : -25.660431
[setup in-reg] enable_cycle -> _112672_/D : -25.660431
[setup in-reg] enable_cycle -> _112673_/D : -25.660431
[setup in-reg] enable_cycle -> _112674_/D : -25.660431
[setup in-reg] enable_cycle -> _112691_/D : -25.660431
[setup in-reg] enable_cycle -> _112692_/D : -25.660431
[setup in-reg] enable_cycle -> _112693_/D : -25.660431
[setup in-reg] enable_cycle -> _112694_/D : -25.660431
[setup in-reg] enable_cycle -> _112695_/D : -25.660431
[setup in-reg] enable_cycle -> _112696_/D : -25.660431
[setup in-reg] enable_cycle -> _112697_/D : -25.660431
[setup in-reg] enable_cycle -> _112698_/D : -25.660431
[setup in-reg] enable_cycle -> _112699_/D : -25.660431
[setup in-reg] enable_cycle -> _112700_/D : -25.660431
[setup in-reg] enable_cycle -> _112701_/D : -25.660431
[setup in-reg] enable_cycle -> _112702_/D : -25.660431
[setup in-reg] enable_cycle -> _112703_/D : -25.660431
[setup in-reg] enable_cycle -> _112704_/D : -25.660431
[setup in-reg] enable_cycle -> _112705_/D : -25.660431
[setup in-reg] enable_cycle -> _112706_/D : -25.660431
[setup in-reg] enable_cycle -> _112707_/D : -25.660431
[setup in-reg] enable_cycle -> _112708_/D : -25.660431
[setup in-reg] enable_cycle -> _112709_/D : -25.660431
[setup in-reg] enable_cycle -> _112710_/D : -25.660431
[setup in-reg] enable_cycle -> _112711_/D : -25.660431
[setup in-reg] enable_cycle -> _112712_/D : -25.660431
[setup in-reg] enable_cycle -> _112800_/D : -25.660431
[setup in-reg] enable_cycle -> _112801_/D : -25.660431
[setup in-reg] enable_cycle -> _112802_/D : -25.660431
[setup in-reg] enable_cycle -> _112803_/D : -25.660431
[setup in-reg] enable_cycle -> _112804_/D : -25.660431
[setup in-reg] enable_cycle -> _112805_/D : -25.660431
[setup in-reg] enable_cycle -> _112806_/D : -25.660431
[setup in-reg] enable_cycle -> _112807_/D : -25.660431
[setup in-reg] enable_cycle -> _112832_/D : -25.660431
[setup in-reg] enable_cycle -> _112833_/D : -25.660431
[setup in-reg] enable_cycle -> _112834_/D : -25.660431
[setup in-reg] enable_cycle -> _112835_/D : -25.660431
[setup in-reg] enable_cycle -> _112836_/D : -25.660431
[setup in-reg] enable_cycle -> _112837_/D : -25.660431
[setup in-reg] enable_cycle -> _112838_/D : -25.660431
[setup in-reg] enable_cycle -> _112839_/D : -25.660431
[setup in-reg] enable_cycle -> _112840_/D : -25.660431
[setup in-reg] enable_cycle -> _112841_/D : -25.660431
[setup in-reg] enable_cycle -> _112842_/D : -25.660431
[setup in-reg] enable_cycle -> _112843_/D : -25.660431
[setup in-reg] enable_cycle -> _112844_/D : -25.660431
[setup in-reg] enable_cycle -> _112845_/D : -25.660431
[setup in-reg] enable_cycle -> _112846_/D : -25.660431
[setup in-reg] enable_cycle -> _112847_/D : -25.660431
[setup in-reg] enable_cycle -> _112848_/D : -25.660431
[setup in-reg] enable_cycle -> _112849_/D : -25.660431
[setup in-reg] enable_cycle -> _112850_/D : -25.660431
[setup in-reg] enable_cycle -> _112851_/D : -25.660431
[setup in-reg] enable_cycle -> _112852_/D : -25.660431
[setup in-reg] enable_cycle -> _112853_/D : -25.660431
[setup in-reg] enable_cycle -> _112854_/D : -25.660431
[setup in-reg] enable_cycle -> _112855_/D : -25.660431
[setup in-reg] enable_cycle -> _112888_/D : -25.660431
[setup in-reg] enable_cycle -> _112889_/D : -25.660431
[setup in-reg] enable_cycle -> _112890_/D : -25.660431
[setup in-reg] enable_cycle -> _112891_/D : -25.660431
[setup in-reg] enable_cycle -> _112892_/D : -25.660431
[setup in-reg] enable_cycle -> _112893_/D : -25.660431
[setup in-reg] enable_cycle -> _112894_/D : -25.660431
[setup in-reg] enable_cycle -> _112895_/D : -25.660431
[setup in-reg] enable_cycle -> _112896_/D : -25.660431
[setup in-reg] enable_cycle -> _112897_/D : -25.660431
[setup in-reg] enable_cycle -> _112898_/D : -25.660431
[setup in-reg] enable_cycle -> _112899_/D : -25.660431
[setup in-reg] enable_cycle -> _112900_/D : -25.660431
[setup in-reg] enable_cycle -> _112901_/D : -25.660431
[setup in-reg] enable_cycle -> _112902_/D : -25.660431
[setup in-reg] enable_cycle -> _112903_/D : -25.660431
[setup in-reg] enable_cycle -> _112904_/D : -25.660431
[setup in-reg] enable_cycle -> _112905_/D : -25.660431
[setup in-reg] enable_cycle -> _112906_/D : -25.660431
[setup in-reg] enable_cycle -> _112907_/D : -25.660431
[setup in-reg] enable_cycle -> _112908_/D : -25.660431
[setup in-reg] enable_cycle -> _112909_/D : -25.660431
[setup in-reg] enable_cycle -> _112910_/D : -25.660431
[setup in-reg] enable_cycle -> _112911_/D : -25.660431
[setup in-reg] enable_cycle -> _112912_/D : -25.660431
[setup in-reg] enable_cycle -> _112913_/D : -25.660431
[setup in-reg] enable_cycle -> _112914_/D : -25.660431
[setup in-reg] enable_cycle -> _112915_/D : -25.660431
[setup in-reg] enable_cycle -> _112916_/D : -25.660431
[setup in-reg] enable_cycle -> _112917_/D : -25.660431
[setup in-reg] enable_cycle -> _112918_/D : -25.660431
[setup in-reg] enable_cycle -> _112919_/D : -25.660431
[setup in-reg] enable_cycle -> _112920_/D : -25.660431
[setup in-reg] enable_cycle -> _112921_/D : -25.660431
[setup in-reg] enable_cycle -> _112922_/D : -25.660431
[setup in-reg] enable_cycle -> _112923_/D : -25.660431
[setup in-reg] enable_cycle -> _112924_/D : -25.660431
[setup in-reg] enable_cycle -> _112925_/D : -25.660431
[setup in-reg] enable_cycle -> _112926_/D : -25.660431
[setup in-reg] enable_cycle -> _112927_/D : -25.660431
[setup in-reg] enable_cycle -> _112928_/D : -25.660431
[setup in-reg] enable_cycle -> _112929_/D : -25.660431
[setup in-reg] enable_cycle -> _112930_/D : -25.660431
[setup in-reg] enable_cycle -> _112931_/D : -25.660431
[setup in-reg] enable_cycle -> _112932_/D : -25.660431
[setup in-reg] enable_cycle -> _112933_/D : -25.660431
[setup in-reg] enable_cycle -> _112934_/D : -25.660431
[setup in-reg] enable_cycle -> _112935_/D : -25.660431
[setup in-reg] enable_cycle -> _112936_/D : -25.660431
[setup in-reg] enable_cycle -> _112937_/D : -25.660431
[setup in-reg] enable_cycle -> _112938_/D : -25.660431
[setup in-reg] enable_cycle -> _112939_/D : -25.660431
[setup in-reg] enable_cycle -> _112940_/D : -25.660431
[setup in-reg] enable_cycle -> _112941_/D : -25.660431
[setup in-reg] enable_cycle -> _112942_/D : -25.660431
[setup in-reg] enable_cycle -> _112943_/D : -25.660431
[setup in-reg] enable_cycle -> _112944_/D : -25.660431
[setup in-reg] enable_cycle -> _112945_/D : -25.660431
[setup in-reg] enable_cycle -> _112946_/D : -25.660431
[setup in-reg] enable_cycle -> _112947_/D : -25.660431
[setup in-reg] enable_cycle -> _112948_/D : -25.660431
[setup in-reg] enable_cycle -> _112949_/D : -25.660431
[setup in-reg] enable_cycle -> _112950_/D : -25.660431
[setup in-reg] enable_cycle -> _112951_/D : -25.660431
[setup in-reg] enable_cycle -> _112952_/D : -25.660431
[setup in-reg] enable_cycle -> _112953_/D : -25.660431
[setup in-reg] enable_cycle -> _112954_/D : -25.660431
[setup in-reg] enable_cycle -> _112955_/D : -25.660431
[setup in-reg] enable_cycle -> _112956_/D : -25.660431
[setup in-reg] enable_cycle -> _112957_/D : -25.660431
[setup in-reg] enable_cycle -> _112958_/D : -25.660431
[setup in-reg] enable_cycle -> _112959_/D : -25.660431
[setup in-reg] enable_cycle -> _112960_/D : -25.660431
[setup in-reg] enable_cycle -> _112961_/D : -25.660431
[setup in-reg] enable_cycle -> _112962_/D : -25.660431
[setup in-reg] enable_cycle -> _112963_/D : -25.660431
[setup in-reg] enable_cycle -> _112964_/D : -25.660431
[setup in-reg] enable_cycle -> _112965_/D : -25.660431
[setup in-reg] enable_cycle -> _112966_/D : -25.660431
[setup in-reg] enable_cycle -> _112967_/D : -25.660431
[setup in-reg] enable_cycle -> _112968_/D : -25.660431
[setup in-reg] enable_cycle -> _112969_/D : -25.660431
[setup in-reg] enable_cycle -> _112970_/D : -25.660431
[setup in-reg] enable_cycle -> _112971_/D : -25.660431
[setup in-reg] enable_cycle -> _112972_/D : -25.660431
[setup in-reg] enable_cycle -> _112973_/D : -25.660431
[setup in-reg] enable_cycle -> _112974_/D : -25.660431
[setup in-reg] enable_cycle -> _112975_/D : -25.660431
[setup in-reg] enable_cycle -> _112976_/D : -25.660431
[setup in-reg] enable_cycle -> _112977_/D : -25.660431
[setup in-reg] enable_cycle -> _112978_/D : -25.660431
[setup in-reg] enable_cycle -> _112979_/D : -25.660431
[setup in-reg] enable_cycle -> _112980_/D : -25.660431
[setup in-reg] enable_cycle -> _112981_/D : -25.660431
[setup in-reg] enable_cycle -> _112982_/D : -25.660431
[setup in-reg] enable_cycle -> _112983_/D : -25.660431
[setup in-reg] enable_cycle -> _112984_/D : -25.660431
[setup in-reg] enable_cycle -> _112985_/D : -25.660431
[setup in-reg] enable_cycle -> _112986_/D : -25.660431
[setup in-reg] enable_cycle -> _112987_/D : -25.660431
[setup in-reg] enable_cycle -> _112988_/D : -25.660431
[setup in-reg] enable_cycle -> _112989_/D : -25.660431
[setup in-reg] enable_cycle -> _112990_/D : -25.660431
[setup in-reg] enable_cycle -> _112991_/D : -25.660431
[setup in-reg] enable_cycle -> _112992_/D : -25.660431
[setup in-reg] enable_cycle -> _112993_/D : -25.660431
[setup in-reg] enable_cycle -> _112994_/D : -25.660431
[setup in-reg] enable_cycle -> _112995_/D : -25.660431
[setup in-reg] enable_cycle -> _112996_/D : -25.660431
[setup in-reg] enable_cycle -> _112997_/D : -25.660431
[setup in-reg] enable_cycle -> _112998_/D : -25.660431
[setup in-reg] enable_cycle -> _112999_/D : -25.660431
[setup in-reg] enable_cycle -> _113000_/D : -25.660431
[setup in-reg] enable_cycle -> _113001_/D : -25.660431
[setup in-reg] enable_cycle -> _113002_/D : -25.660431
[setup in-reg] enable_cycle -> _113003_/D : -25.660431
[setup in-reg] enable_cycle -> _113004_/D : -25.660431
[setup in-reg] enable_cycle -> _113005_/D : -25.660431
[setup in-reg] enable_cycle -> _113006_/D : -25.660431
[setup in-reg] enable_cycle -> _113007_/D : -25.660431
[setup in-reg] enable_cycle -> _113008_/D : -25.660431
[setup in-reg] enable_cycle -> _113009_/D : -25.660431
[setup in-reg] enable_cycle -> _113010_/D : -25.660431
[setup in-reg] enable_cycle -> _113011_/D : -25.660431
[setup in-reg] enable_cycle -> _113012_/D : -25.660431
[setup in-reg] enable_cycle -> _113013_/D : -25.660431
[setup in-reg] enable_cycle -> _113014_/D : -25.660431
[setup in-reg] enable_cycle -> _113015_/D : -25.660431
[setup in-reg] enable_cycle -> _113016_/D : -25.660431
[setup in-reg] enable_cycle -> _113017_/D : -25.660431
[setup in-reg] enable_cycle -> _113018_/D : -25.660431
[setup in-reg] enable_cycle -> _113019_/D : -25.660431
[setup in-reg] enable_cycle -> _113020_/D : -25.660431
[setup in-reg] enable_cycle -> _113021_/D : -25.660431
[setup in-reg] enable_cycle -> _113022_/D : -25.660431
[setup in-reg] enable_cycle -> _113023_/D : -25.660431
[setup in-reg] enable_cycle -> _113024_/D : -25.660431
[setup in-reg] enable_cycle -> _113025_/D : -25.660431
[setup in-reg] enable_cycle -> _113026_/D : -25.660431
[setup in-reg] enable_cycle -> _113027_/D : -25.660431
[setup in-reg] enable_cycle -> _113028_/D : -25.660431
[setup in-reg] enable_cycle -> _113029_/D : -25.660431
[setup in-reg] enable_cycle -> _113030_/D : -25.660431
[setup in-reg] enable_cycle -> _113031_/D : -25.660431
[setup in-reg] enable_cycle -> _113032_/D : -25.660431
[setup in-reg] enable_cycle -> _113033_/D : -25.660431
[setup in-reg] enable_cycle -> _113034_/D : -25.660431
[setup in-reg] enable_cycle -> _113035_/D : -25.660431
[setup in-reg] enable_cycle -> _113036_/D : -25.660431
[setup in-reg] enable_cycle -> _113037_/D : -25.660431
[setup in-reg] enable_cycle -> _113038_/D : -25.660431
[setup in-reg] enable_cycle -> _113039_/D : -25.660431
[setup in-reg] enable_cycle -> _113040_/D : -25.660431
[setup in-reg] enable_cycle -> _113041_/D : -25.660431
[setup in-reg] enable_cycle -> _113042_/D : -25.660431
[setup in-reg] enable_cycle -> _113043_/D : -25.660431
[setup in-reg] enable_cycle -> _113044_/D : -25.660431
[setup in-reg] enable_cycle -> _113045_/D : -25.660431
[setup in-reg] enable_cycle -> _113046_/D : -25.660431
[setup in-reg] enable_cycle -> _113047_/D : -25.660431
[setup in-reg] enable_cycle -> _113048_/D : -25.660431
[setup in-reg] enable_cycle -> _113049_/D : -25.660431
[setup in-reg] enable_cycle -> _113050_/D : -25.660431
[setup in-reg] enable_cycle -> _113051_/D : -25.660431
[setup in-reg] enable_cycle -> _113052_/D : -25.660431
[setup in-reg] enable_cycle -> _113053_/D : -25.660431
[setup in-reg] enable_cycle -> _113054_/D : -25.660431
[setup in-reg] enable_cycle -> _113055_/D : -25.660431
[setup in-reg] enable_cycle -> _113056_/D : -25.660431
[setup in-reg] enable_cycle -> _113057_/D : -25.660431
[setup in-reg] enable_cycle -> _113058_/D : -25.660431
[setup in-reg] enable_cycle -> _113059_/D : -25.660431
[setup in-reg] enable_cycle -> _113060_/D : -25.660431
[setup in-reg] enable_cycle -> _113061_/D : -25.660431
[setup in-reg] enable_cycle -> _113062_/D : -25.660431
[setup in-reg] enable_cycle -> _113063_/D : -25.660431
[setup in-reg] enable_cycle -> _113064_/D : -25.660431
[setup in-reg] enable_cycle -> _113065_/D : -25.660431
[setup in-reg] enable_cycle -> _113066_/D : -25.660431
[setup in-reg] enable_cycle -> _113067_/D : -25.660431
[setup in-reg] enable_cycle -> _113068_/D : -25.660431
[setup in-reg] enable_cycle -> _113069_/D : -25.660431
[setup in-reg] enable_cycle -> _113070_/D : -25.660431
[setup in-reg] enable_cycle -> _113071_/D : -25.660431
[setup in-reg] enable_cycle -> _113072_/D : -25.660431
[setup in-reg] enable_cycle -> _113073_/D : -25.660431
[setup in-reg] enable_cycle -> _113074_/D : -25.660431
[setup in-reg] enable_cycle -> _113075_/D : -25.660431
[setup in-reg] enable_cycle -> _113076_/D : -25.660431
[setup in-reg] enable_cycle -> _113077_/D : -25.660431
[setup in-reg] enable_cycle -> _113078_/D : -25.660431
[setup in-reg] enable_cycle -> _113079_/D : -25.660431
[setup in-reg] enable_cycle -> _113080_/D : -25.660431
[setup in-reg] enable_cycle -> _113081_/D : -25.660431
[setup in-reg] enable_cycle -> _113082_/D : -25.660431
[setup in-reg] enable_cycle -> _113083_/D : -25.660431
[setup in-reg] enable_cycle -> _113084_/D : -25.660431
[setup in-reg] enable_cycle -> _113085_/D : -25.660431
[setup in-reg] enable_cycle -> _113086_/D : -25.660431
[setup in-reg] enable_cycle -> _113087_/D : -25.660431
[setup in-reg] enable_cycle -> _113088_/D : -25.660431
[setup in-reg] enable_cycle -> _113089_/D : -25.660431
[setup in-reg] enable_cycle -> _113090_/D : -25.660431
[setup in-reg] enable_cycle -> _113091_/D : -25.660431
[setup in-reg] enable_cycle -> _113092_/D : -25.660431
[setup in-reg] enable_cycle -> _113093_/D : -25.660431
[setup in-reg] enable_cycle -> _113094_/D : -25.660431
[setup in-reg] enable_cycle -> _113095_/D : -25.660431
[setup in-reg] enable_cycle -> _113096_/D : -25.660431
[setup in-reg] enable_cycle -> _113097_/D : -25.660431
[setup in-reg] enable_cycle -> _113098_/D : -25.660431
[setup in-reg] enable_cycle -> _113099_/D : -25.660431
[setup in-reg] enable_cycle -> _113100_/D : -25.660431
[setup in-reg] enable_cycle -> _113101_/D : -25.660431
[setup in-reg] enable_cycle -> _113102_/D : -25.660431
[setup in-reg] enable_cycle -> _113103_/D : -25.660431
[setup in-reg] enable_cycle -> _113160_/D : -25.660431
[setup in-reg] enable_cycle -> _113161_/D : -25.660431
[setup in-reg] enable_cycle -> _113162_/D : -25.660431
[setup in-reg] enable_cycle -> _113163_/D : -25.660431
[setup in-reg] enable_cycle -> _113164_/D : -25.660431
[setup in-reg] enable_cycle -> _113165_/D : -25.660431
[setup in-reg] enable_cycle -> _113166_/D : -25.660431
[setup in-reg] enable_cycle -> _113167_/D : -25.660431
[setup in-reg] enable_cycle -> _113224_/D : -25.660431
[setup in-reg] enable_cycle -> _113225_/D : -25.660431
[setup in-reg] enable_cycle -> _113226_/D : -25.660431
[setup in-reg] enable_cycle -> _113227_/D : -25.660431
[setup in-reg] enable_cycle -> _113228_/D : -25.660431
[setup in-reg] enable_cycle -> _113229_/D : -25.660431
[setup in-reg] enable_cycle -> _113230_/D : -25.660431
[setup in-reg] enable_cycle -> _113231_/D : -25.660431
[setup in-reg] enable_cycle -> _113288_/D : -25.660431
[setup in-reg] enable_cycle -> _113289_/D : -25.660431
[setup in-reg] enable_cycle -> _113290_/D : -25.660431
[setup in-reg] enable_cycle -> _113291_/D : -25.660431
[setup in-reg] enable_cycle -> _113292_/D : -25.660431
[setup in-reg] enable_cycle -> _113293_/D : -25.660431
[setup in-reg] enable_cycle -> _113294_/D : -25.660431
[setup in-reg] enable_cycle -> _113295_/D : -25.660431
[setup in-reg] enable_cycle -> _113352_/D : -25.660431
[setup in-reg] enable_cycle -> _113353_/D : -25.660431
[setup in-reg] enable_cycle -> _113354_/D : -25.660431
[setup in-reg] enable_cycle -> _113355_/D : -25.660431
[setup in-reg] enable_cycle -> _113356_/D : -25.660431
[setup in-reg] enable_cycle -> _113357_/D : -25.660431
[setup in-reg] enable_cycle -> _113358_/D : -25.660431
[setup in-reg] enable_cycle -> _113359_/D : -25.660431
[setup in-reg] enable_cycle -> _113416_/D : -25.660431
[setup in-reg] enable_cycle -> _113417_/D : -25.660431
[setup in-reg] enable_cycle -> _113418_/D : -25.660431
[setup in-reg] enable_cycle -> _113419_/D : -25.660431
[setup in-reg] enable_cycle -> _113420_/D : -25.660431
[setup in-reg] enable_cycle -> _113421_/D : -25.660431
[setup in-reg] enable_cycle -> _113422_/D : -25.660431
[setup in-reg] enable_cycle -> _113423_/D : -25.660431
[setup in-reg] enable_cycle -> _113480_/D : -25.660431
[setup in-reg] enable_cycle -> _113481_/D : -25.660431
[setup in-reg] enable_cycle -> _113482_/D : -25.660431
[setup in-reg] enable_cycle -> _113483_/D : -25.660431
[setup in-reg] enable_cycle -> _113484_/D : -25.660431
[setup in-reg] enable_cycle -> _113485_/D : -25.660431
[setup in-reg] enable_cycle -> _113486_/D : -25.660431
[setup in-reg] enable_cycle -> _113487_/D : -25.660431
[setup in-reg] enable_cycle -> _113577_/D : -25.660431
[setup in-reg] enable_cycle -> _113578_/D : -25.660431
[setup in-reg] enable_cycle -> _113579_/D : -25.660431
[setup in-reg] enable_cycle -> _113580_/D : -25.660431
[setup in-reg] enable_cycle -> _113581_/D : -25.660431
[setup in-reg] enable_cycle -> _113582_/D : -25.660431
[setup in-reg] enable_cycle -> _113583_/D : -25.660431
[setup in-reg] enable_cycle -> _113584_/D : -25.660431
[setup in-reg] enable_cycle -> _113585_/D : -25.660431
[setup in-reg] enable_cycle -> _113586_/D : -25.660431
[setup in-reg] enable_cycle -> _113587_/D : -25.660431
[setup in-reg] enable_cycle -> _113588_/D : -25.660431
[setup in-reg] enable_cycle -> _113589_/D : -25.660431
[setup in-reg] enable_cycle -> _113590_/D : -25.660431
[setup in-reg] enable_cycle -> _113591_/D : -25.660431
[setup in-reg] enable_cycle -> _113592_/D : -25.660431
[setup in-reg] enable_cycle -> _113593_/D : -25.660431
[setup in-reg] enable_cycle -> _113602_/D : -25.660431
[setup in-reg] enable_cycle -> _113603_/D : -25.660431
[setup in-reg] enable_cycle -> _113604_/D : -25.660431
[setup in-reg] enable_cycle -> _113605_/D : -25.660431
[setup in-reg] enable_cycle -> _113606_/D : -25.660431
[setup in-reg] enable_cycle -> _113607_/D : -25.660431
[setup in-reg] enable_cycle -> _113608_/D : -25.660431
[setup in-reg] enable_cycle -> _113609_/D : -25.660431
[setup in-reg] enable_cycle -> _113610_/D : -25.660431
[setup in-reg] enable_cycle -> _113611_/D : -25.660431
[setup in-reg] enable_cycle -> _113612_/D : -25.660431
[setup in-reg] enable_cycle -> _113613_/D : -25.660431
[setup in-reg] enable_cycle -> _113614_/D : -25.660431
[setup in-reg] enable_cycle -> _113615_/D : -25.660431
[setup in-reg] enable_cycle -> _113616_/D : -25.660431
[setup in-reg] enable_cycle -> _113617_/D : -25.660431
[setup in-reg] enable_cycle -> _113618_/D : -25.660431
[setup in-reg] enable_cycle -> _113619_/D : -25.660431
[setup in-reg] enable_cycle -> _113620_/D : -25.660431
[setup in-reg] enable_cycle -> _113621_/D : -25.660431
[setup in-reg] enable_cycle -> _113622_/D : -25.660431
[setup in-reg] enable_cycle -> _113623_/D : -25.660431
[setup in-reg] enable_cycle -> _113624_/D : -25.660431
[setup in-reg] enable_cycle -> _113625_/D : -25.660431
[setup in-reg] enable_cycle -> _113684_/D : -25.660431
[setup in-reg] enable_cycle -> _113685_/D : -25.660431
[setup in-reg] enable_cycle -> _113686_/D : -25.660431
[setup in-reg] enable_cycle -> _113687_/D : -25.660431
[setup in-reg] enable_cycle -> _113688_/D : -25.660431
[setup in-reg] enable_cycle -> _113689_/D : -25.660431
[setup in-reg] enable_cycle -> _113690_/D : -25.660431
[setup in-reg] enable_cycle -> _113691_/D : -25.660431
[setup in-reg] enable_cycle -> _113692_/D : -25.660431
[setup in-reg] enable_cycle -> _113693_/D : -25.660431
[setup in-reg] enable_cycle -> _113694_/D : -25.660431
[setup in-reg] enable_cycle -> _113695_/D : -25.660431
[setup in-reg] enable_cycle -> _113696_/D : -25.660431
[setup in-reg] enable_cycle -> _113697_/D : -25.660431
[setup in-reg] enable_cycle -> _113698_/D : -25.660431
[setup in-reg] enable_cycle -> _113699_/D : -25.660431
[setup in-reg] enable_cycle -> _113700_/D : -25.660431
[setup in-reg] enable_cycle -> _113701_/D : -25.660431
[setup in-reg] enable_cycle -> _113702_/D : -25.660431
[setup in-reg] enable_cycle -> _113703_/D : -25.660431
[setup in-reg] enable_cycle -> _113704_/D : -25.660431
[setup in-reg] enable_cycle -> _113705_/D : -25.660431
[setup in-reg] enable_cycle -> _113706_/D : -25.660431
[setup in-reg] enable_cycle -> _113707_/D : -25.660431
[setup in-reg] enable_cycle -> _113766_/D : -25.660431
[setup in-reg] enable_cycle -> _113767_/D : -25.660431
[setup in-reg] enable_cycle -> _113768_/D : -25.660431
[setup in-reg] enable_cycle -> _113769_/D : -25.660431
[setup in-reg] enable_cycle -> _113770_/D : -25.660431
[setup in-reg] enable_cycle -> _113771_/D : -25.660431
[setup in-reg] enable_cycle -> _113772_/D : -25.660431
[setup in-reg] enable_cycle -> _113773_/D : -25.660431
[setup in-reg] enable_cycle -> _113774_/D : -25.660431
[setup in-reg] enable_cycle -> _113775_/D : -25.660431
[setup in-reg] enable_cycle -> _113776_/D : -25.660431
[setup in-reg] enable_cycle -> _113777_/D : -25.660431
[setup in-reg] enable_cycle -> _113778_/D : -25.660431
[setup in-reg] enable_cycle -> _113779_/D : -25.660431
[setup in-reg] enable_cycle -> _113780_/D : -25.660431
[setup in-reg] enable_cycle -> _113781_/D : -25.660431
[setup in-reg] enable_cycle -> _113782_/D : -25.660431
[setup in-reg] enable_cycle -> _113783_/D : -25.660431
[setup in-reg] enable_cycle -> _113784_/D : -25.660431
[setup in-reg] enable_cycle -> _113785_/D : -25.660431
[setup in-reg] enable_cycle -> _113786_/D : -25.660431
[setup in-reg] enable_cycle -> _113787_/D : -25.660431
[setup in-reg] enable_cycle -> _113788_/D : -25.660431
[setup in-reg] enable_cycle -> _113789_/D : -25.660431
[setup in-reg] enable_cycle -> _113848_/D : -25.660431
[setup in-reg] enable_cycle -> _113849_/D : -25.660431
[setup in-reg] enable_cycle -> _113850_/D : -25.660431
[setup in-reg] enable_cycle -> _113851_/D : -25.660431
[setup in-reg] enable_cycle -> _113852_/D : -25.660431
[setup in-reg] enable_cycle -> _113853_/D : -25.660431
[setup in-reg] enable_cycle -> _113854_/D : -25.660431
[setup in-reg] enable_cycle -> _113855_/D : -25.660431
[setup in-reg] enable_cycle -> _113856_/D : -25.660431
[setup in-reg] enable_cycle -> _113857_/D : -25.660431
[setup in-reg] enable_cycle -> _113858_/D : -25.660431
[setup in-reg] enable_cycle -> _113859_/D : -25.660431
[setup in-reg] enable_cycle -> _113860_/D : -25.660431
[setup in-reg] enable_cycle -> _113861_/D : -25.660431
[setup in-reg] enable_cycle -> _113862_/D : -25.660431
[setup in-reg] enable_cycle -> _113863_/D : -25.660431
[setup in-reg] enable_cycle -> _113864_/D : -25.660431
[setup in-reg] enable_cycle -> _113865_/D : -25.660431
[setup in-reg] enable_cycle -> _113866_/D : -25.660431
[setup in-reg] enable_cycle -> _113867_/D : -25.660431
[setup in-reg] enable_cycle -> _113868_/D : -25.660431
[setup in-reg] enable_cycle -> _113869_/D : -25.660431
[setup in-reg] enable_cycle -> _113870_/D : -25.660431
[setup in-reg] enable_cycle -> _113871_/D : -25.660431
[setup in-reg] enable_cycle -> _113930_/D : -25.660431
[setup in-reg] enable_cycle -> _113931_/D : -25.660431
[setup in-reg] enable_cycle -> _113932_/D : -25.660431
[setup in-reg] enable_cycle -> _113933_/D : -25.660431
[setup in-reg] enable_cycle -> _113934_/D : -25.660431
[setup in-reg] enable_cycle -> _113935_/D : -25.660431
[setup in-reg] enable_cycle -> _113936_/D : -25.660431
[setup in-reg] enable_cycle -> _113937_/D : -25.660431
[setup in-reg] enable_cycle -> _113938_/D : -25.660431
[setup in-reg] enable_cycle -> _113939_/D : -25.660431
[setup in-reg] enable_cycle -> _113940_/D : -25.660431
[setup in-reg] enable_cycle -> _113941_/D : -25.660431
[setup in-reg] enable_cycle -> _113942_/D : -25.660431
[setup in-reg] enable_cycle -> _113943_/D : -25.660431
[setup in-reg] enable_cycle -> _113944_/D : -25.660431
[setup in-reg] enable_cycle -> _113945_/D : -25.660431
[setup in-reg] enable_cycle -> _113946_/D : -25.660431
[setup in-reg] enable_cycle -> _113947_/D : -25.660431
[setup in-reg] enable_cycle -> _113948_/D : -25.660431
[setup in-reg] enable_cycle -> _113949_/D : -25.660431
[setup in-reg] enable_cycle -> _113950_/D : -25.660431
[setup in-reg] enable_cycle -> _113951_/D : -25.660431
[setup in-reg] enable_cycle -> _113952_/D : -25.660431
[setup in-reg] enable_cycle -> _113953_/D : -25.660431
[setup in-reg] enable_cycle -> _114012_/D : -25.660431
[setup in-reg] enable_cycle -> _114013_/D : -25.660431
[setup in-reg] enable_cycle -> _114014_/D : -25.660431
[setup in-reg] enable_cycle -> _114015_/D : -25.660431
[setup in-reg] enable_cycle -> _114016_/D : -25.660431
[setup in-reg] enable_cycle -> _114017_/D : -25.660431
[setup in-reg] enable_cycle -> _114018_/D : -25.660431
[setup in-reg] enable_cycle -> _114019_/D : -25.660431
[setup in-reg] enable_cycle -> _114020_/D : -25.660431
[setup in-reg] enable_cycle -> _114021_/D : -25.660431
[setup in-reg] enable_cycle -> _114022_/D : -25.660431
[setup in-reg] enable_cycle -> _114023_/D : -25.660431
[setup in-reg] enable_cycle -> _114024_/D : -25.660431
[setup in-reg] enable_cycle -> _114025_/D : -25.660431
[setup in-reg] enable_cycle -> _114026_/D : -25.660431
[setup in-reg] enable_cycle -> _114027_/D : -25.660431
[setup in-reg] enable_cycle -> _114028_/D : -25.660431
[setup in-reg] enable_cycle -> _114029_/D : -25.660431
[setup in-reg] enable_cycle -> _114030_/D : -25.660431
[setup in-reg] enable_cycle -> _114031_/D : -25.660431
[setup in-reg] enable_cycle -> _114032_/D : -25.660431
[setup in-reg] enable_cycle -> _114033_/D : -25.660431
[setup in-reg] enable_cycle -> _114034_/D : -25.660431
[setup in-reg] enable_cycle -> _114035_/D : -25.660431
[setup in-reg] enable_cycle -> _114094_/D : -25.660431
[setup in-reg] enable_cycle -> _114095_/D : -25.660431
[setup in-reg] enable_cycle -> _114096_/D : -25.660431
[setup in-reg] enable_cycle -> _114097_/D : -25.660431
[setup in-reg] enable_cycle -> _114098_/D : -25.660431
[setup in-reg] enable_cycle -> _114099_/D : -25.660431
[setup in-reg] enable_cycle -> _114100_/D : -25.660431
[setup in-reg] enable_cycle -> _114101_/D : -25.660431
[setup in-reg] enable_cycle -> _114102_/D : -25.660431
[setup in-reg] enable_cycle -> _114103_/D : -25.660431
[setup in-reg] enable_cycle -> _114104_/D : -25.660431
[setup in-reg] enable_cycle -> _114105_/D : -25.660431
[setup in-reg] enable_cycle -> _114106_/D : -25.660431
[setup in-reg] enable_cycle -> _114107_/D : -25.660431
[setup in-reg] enable_cycle -> _114108_/D : -25.660431
[setup in-reg] enable_cycle -> _114109_/D : -25.660431
[setup in-reg] enable_cycle -> _114110_/D : -25.660431
[setup in-reg] enable_cycle -> _114111_/D : -25.660431
[setup in-reg] enable_cycle -> _114112_/D : -25.660431
[setup in-reg] enable_cycle -> _114113_/D : -25.660431
[setup in-reg] enable_cycle -> _114114_/D : -25.660431
[setup in-reg] enable_cycle -> _114115_/D : -25.660431
[setup in-reg] enable_cycle -> _114116_/D : -25.660431
[setup in-reg] enable_cycle -> _114117_/D : -25.660431
[setup in-reg] enable_cycle -> _114210_/D : -25.660431
[setup in-reg] enable_cycle -> _114211_/D : -25.660431
[setup in-reg] enable_cycle -> _114212_/D : -25.660431
[setup in-reg] enable_cycle -> _114213_/D : -25.660431
[setup in-reg] enable_cycle -> _114214_/D : -25.660431
[setup in-reg] enable_cycle -> _114215_/D : -25.660431
[setup in-reg] enable_cycle -> _114216_/D : -25.660431
[setup in-reg] enable_cycle -> _114217_/D : -25.660431
[setup in-reg] enable_cycle -> _114218_/D : -25.660431
[setup in-reg] enable_cycle -> _114219_/D : -25.660431
[setup in-reg] enable_cycle -> _114220_/D : -25.660431
[setup in-reg] enable_cycle -> _114221_/D : -25.660431
[setup in-reg] enable_cycle -> _114222_/D : -25.660431
[setup in-reg] enable_cycle -> _114223_/D : -25.660431
[setup in-reg] enable_cycle -> _114224_/D : -25.660431
[setup in-reg] enable_cycle -> _114225_/D : -25.660431
[setup in-reg] enable_cycle -> _114226_/D : -25.660431
[setup in-reg] enable_cycle -> _114227_/D : -25.660431
[setup in-reg] enable_cycle -> _114236_/D : -25.660431
[setup in-reg] enable_cycle -> _114237_/D : -25.660431
[setup in-reg] enable_cycle -> _114238_/D : -25.660431
[setup in-reg] enable_cycle -> _114239_/D : -25.660431
[setup in-reg] enable_cycle -> _114240_/D : -25.660431
[setup in-reg] enable_cycle -> _114241_/D : -25.660431
[setup in-reg] enable_cycle -> _114242_/D : -25.660431
[setup in-reg] enable_cycle -> _114243_/D : -25.660431
[setup in-reg] enable_cycle -> _114244_/D : -25.660431
[setup in-reg] enable_cycle -> _114245_/D : -25.660431
[setup in-reg] enable_cycle -> _114246_/D : -25.660431
[setup in-reg] enable_cycle -> _114247_/D : -25.660431
[setup in-reg] enable_cycle -> _114248_/D : -25.660431
[setup in-reg] enable_cycle -> _114249_/D : -25.660431
[setup in-reg] enable_cycle -> _114250_/D : -25.660431
[setup in-reg] enable_cycle -> _114251_/D : -25.660431
[setup in-reg] enable_cycle -> _114252_/D : -25.660431
[setup in-reg] enable_cycle -> _114253_/D : -25.660431
[setup in-reg] enable_cycle -> _114254_/D : -25.660431
[setup in-reg] enable_cycle -> _114255_/D : -25.660431
[setup in-reg] enable_cycle -> _114256_/D : -25.660431
[setup in-reg] enable_cycle -> _114257_/D : -25.660431
[setup in-reg] enable_cycle -> _114258_/D : -25.660431
[setup in-reg] enable_cycle -> _114259_/D : -25.660431
[setup in-reg] enable_cycle -> _114260_/D : -25.660431
[setup in-reg] enable_cycle -> _114321_/D : -25.660431
[setup in-reg] enable_cycle -> _114322_/D : -25.660431
[setup in-reg] enable_cycle -> _114323_/D : -25.660431
[setup in-reg] enable_cycle -> _114324_/D : -25.660431
[setup in-reg] enable_cycle -> _114325_/D : -25.660431
[setup in-reg] enable_cycle -> _114326_/D : -25.660431
[setup in-reg] enable_cycle -> _114327_/D : -25.660431
[setup in-reg] enable_cycle -> _114328_/D : -25.660431
[setup in-reg] enable_cycle -> _114329_/D : -25.660431
[setup in-reg] enable_cycle -> _114330_/D : -25.660431
[setup in-reg] enable_cycle -> _114331_/D : -25.660431
[setup in-reg] enable_cycle -> _114332_/D : -25.660431
[setup in-reg] enable_cycle -> _114333_/D : -25.660431
[setup in-reg] enable_cycle -> _114334_/D : -25.660431
[setup in-reg] enable_cycle -> _114335_/D : -25.660431
[setup in-reg] enable_cycle -> _114336_/D : -25.660431
[setup in-reg] enable_cycle -> _114337_/D : -25.660431
[setup in-reg] enable_cycle -> _114338_/D : -25.660431
[setup in-reg] enable_cycle -> _114339_/D : -25.660431
[setup in-reg] enable_cycle -> _114340_/D : -25.660431
[setup in-reg] enable_cycle -> _114341_/D : -25.660431
[setup in-reg] enable_cycle -> _114342_/D : -25.660431
[setup in-reg] enable_cycle -> _114343_/D : -25.660431
[setup in-reg] enable_cycle -> _114344_/D : -25.660431
[setup in-reg] enable_cycle -> _114345_/D : -25.660431
[setup in-reg] enable_cycle -> _114406_/D : -25.660431
[setup in-reg] enable_cycle -> _114407_/D : -25.660431
[setup in-reg] enable_cycle -> _114408_/D : -25.660431
[setup in-reg] enable_cycle -> _114409_/D : -25.660431
[setup in-reg] enable_cycle -> _114410_/D : -25.660431
[setup in-reg] enable_cycle -> _114411_/D : -25.660431
[setup in-reg] enable_cycle -> _114412_/D : -25.660431
[setup in-reg] enable_cycle -> _114413_/D : -25.660431
[setup in-reg] enable_cycle -> _114414_/D : -25.660431
[setup in-reg] enable_cycle -> _114415_/D : -25.660431
[setup in-reg] enable_cycle -> _114416_/D : -25.660431
[setup in-reg] enable_cycle -> _114417_/D : -25.660431
[setup in-reg] enable_cycle -> _114418_/D : -25.660431
[setup in-reg] enable_cycle -> _114419_/D : -25.660431
[setup in-reg] enable_cycle -> _114420_/D : -25.660431
[setup in-reg] enable_cycle -> _114421_/D : -25.660431
[setup in-reg] enable_cycle -> _114422_/D : -25.660431
[setup in-reg] enable_cycle -> _114423_/D : -25.660431
[setup in-reg] enable_cycle -> _114424_/D : -25.660431
[setup in-reg] enable_cycle -> _114425_/D : -25.660431
[setup in-reg] enable_cycle -> _114426_/D : -25.660431
[setup in-reg] enable_cycle -> _114427_/D : -25.660431
[setup in-reg] enable_cycle -> _114428_/D : -25.660431
[setup in-reg] enable_cycle -> _114429_/D : -25.660431
[setup in-reg] enable_cycle -> _114430_/D : -25.660431
[setup in-reg] enable_cycle -> _114491_/D : -25.660431
[setup in-reg] enable_cycle -> _114492_/D : -25.660431
[setup in-reg] enable_cycle -> _114493_/D : -25.660431
[setup in-reg] enable_cycle -> _114494_/D : -25.660431
[setup in-reg] enable_cycle -> _114495_/D : -25.660431
[setup in-reg] enable_cycle -> _114496_/D : -25.660431
[setup in-reg] enable_cycle -> _114497_/D : -25.660431
[setup in-reg] enable_cycle -> _114498_/D : -25.660431
[setup in-reg] enable_cycle -> _114499_/D : -25.660431
[setup in-reg] enable_cycle -> _114500_/D : -25.660431
[setup in-reg] enable_cycle -> _114501_/D : -25.660431
[setup in-reg] enable_cycle -> _114502_/D : -25.660431
[setup in-reg] enable_cycle -> _114503_/D : -25.660431
[setup in-reg] enable_cycle -> _114504_/D : -25.660431
[setup in-reg] enable_cycle -> _114505_/D : -25.660431
[setup in-reg] enable_cycle -> _114506_/D : -25.660431
[setup in-reg] enable_cycle -> _114507_/D : -25.660431
[setup in-reg] enable_cycle -> _114508_/D : -25.660431
[setup in-reg] enable_cycle -> _114509_/D : -25.660431
[setup in-reg] enable_cycle -> _114510_/D : -25.660431
[setup in-reg] enable_cycle -> _114511_/D : -25.660431
[setup in-reg] enable_cycle -> _114512_/D : -25.660431
[setup in-reg] enable_cycle -> _114513_/D : -25.660431
[setup in-reg] enable_cycle -> _114514_/D : -25.660431
[setup in-reg] enable_cycle -> _114515_/D : -25.660431
[setup in-reg] enable_cycle -> _114576_/D : -25.660431
[setup in-reg] enable_cycle -> _114577_/D : -25.660431
[setup in-reg] enable_cycle -> _114578_/D : -25.660431
[setup in-reg] enable_cycle -> _114579_/D : -25.660431
[setup in-reg] enable_cycle -> _114580_/D : -25.660431
[setup in-reg] enable_cycle -> _114581_/D : -25.660431
[setup in-reg] enable_cycle -> _114582_/D : -25.660431
[setup in-reg] enable_cycle -> _114583_/D : -25.660431
[setup in-reg] enable_cycle -> _114584_/D : -25.660431
[setup in-reg] enable_cycle -> _114585_/D : -25.660431
[setup in-reg] enable_cycle -> _114586_/D : -25.660431
[setup in-reg] enable_cycle -> _114587_/D : -25.660431
[setup in-reg] enable_cycle -> _114588_/D : -25.660431
[setup in-reg] enable_cycle -> _114589_/D : -25.660431
[setup in-reg] enable_cycle -> _114590_/D : -25.660431
[setup in-reg] enable_cycle -> _114591_/D : -25.660431
[setup in-reg] enable_cycle -> _114592_/D : -25.660431
[setup in-reg] enable_cycle -> _114593_/D : -25.660431
[setup in-reg] enable_cycle -> _114594_/D : -25.660431
[setup in-reg] enable_cycle -> _114595_/D : -25.660431
[setup in-reg] enable_cycle -> _114596_/D : -25.660431
[setup in-reg] enable_cycle -> _114597_/D : -25.660431
[setup in-reg] enable_cycle -> _114598_/D : -25.660431
[setup in-reg] enable_cycle -> _114599_/D : -25.660431
[setup in-reg] enable_cycle -> _114600_/D : -25.660431
[setup in-reg] enable_cycle -> _114661_/D : -25.660431
[setup in-reg] enable_cycle -> _114662_/D : -25.660431
[setup in-reg] enable_cycle -> _114663_/D : -25.660431
[setup in-reg] enable_cycle -> _114664_/D : -25.660431
[setup in-reg] enable_cycle -> _114665_/D : -25.660431
[setup in-reg] enable_cycle -> _114666_/D : -25.660431
[setup in-reg] enable_cycle -> _114667_/D : -25.660431
[setup in-reg] enable_cycle -> _114668_/D : -25.660431
[setup in-reg] enable_cycle -> _114669_/D : -25.660431
[setup in-reg] enable_cycle -> _114670_/D : -25.660431
[setup in-reg] enable_cycle -> _114671_/D : -25.660431
[setup in-reg] enable_cycle -> _114672_/D : -25.660431
[setup in-reg] enable_cycle -> _114673_/D : -25.660431
[setup in-reg] enable_cycle -> _114674_/D : -25.660431
[setup in-reg] enable_cycle -> _114675_/D : -25.660431
[setup in-reg] enable_cycle -> _114676_/D : -25.660431
[setup in-reg] enable_cycle -> _114677_/D : -25.660431
[setup in-reg] enable_cycle -> _114678_/D : -25.660431
[setup in-reg] enable_cycle -> _114679_/D : -25.660431
[setup in-reg] enable_cycle -> _114680_/D : -25.660431
[setup in-reg] enable_cycle -> _114681_/D : -25.660431
[setup in-reg] enable_cycle -> _114682_/D : -25.660431
[setup in-reg] enable_cycle -> _114683_/D : -25.660431
[setup in-reg] enable_cycle -> _114684_/D : -25.660431
[setup in-reg] enable_cycle -> _114685_/D : -25.660431
[setup in-reg] enable_cycle -> _114746_/D : -25.660431
[setup in-reg] enable_cycle -> _114747_/D : -25.660431
[setup in-reg] enable_cycle -> _114748_/D : -25.660431
[setup in-reg] enable_cycle -> _114749_/D : -25.660431
[setup in-reg] enable_cycle -> _114750_/D : -25.660431
[setup in-reg] enable_cycle -> _114751_/D : -25.660431
[setup in-reg] enable_cycle -> _114752_/D : -25.660431
[setup in-reg] enable_cycle -> _114753_/D : -25.660431
[setup in-reg] enable_cycle -> _114754_/D : -25.660431
[setup in-reg] enable_cycle -> _114755_/D : -25.660431
[setup in-reg] enable_cycle -> _114756_/D : -25.660431
[setup in-reg] enable_cycle -> _114757_/D : -25.660431
[setup in-reg] enable_cycle -> _114758_/D : -25.660431
[setup in-reg] enable_cycle -> _114759_/D : -25.660431
[setup in-reg] enable_cycle -> _114760_/D : -25.660431
[setup in-reg] enable_cycle -> _114761_/D : -25.660431
[setup in-reg] enable_cycle -> _114762_/D : -25.660431
[setup in-reg] enable_cycle -> _114763_/D : -25.660431
[setup in-reg] enable_cycle -> _114764_/D : -25.660431
[setup in-reg] enable_cycle -> _114765_/D : -25.660431
[setup in-reg] enable_cycle -> _114766_/D : -25.660431
[setup in-reg] enable_cycle -> _114767_/D : -25.660431
[setup in-reg] enable_cycle -> _114768_/D : -25.660431
[setup in-reg] enable_cycle -> _114769_/D : -25.660431
[setup in-reg] enable_cycle -> _114770_/D : -25.660431
[setup in-reg] enable_cycle -> _114866_/D : -25.660431
[setup in-reg] enable_cycle -> _114867_/D : -25.660431
[setup in-reg] enable_cycle -> _114868_/D : -25.660431
[setup in-reg] enable_cycle -> _114869_/D : -25.660431
[setup in-reg] enable_cycle -> _114870_/D : -25.660431
[setup in-reg] enable_cycle -> _114871_/D : -25.660431
[setup in-reg] enable_cycle -> _114872_/D : -25.660431
[setup in-reg] enable_cycle -> _114873_/D : -25.660431
[setup in-reg] enable_cycle -> _114874_/D : -25.660431
[setup in-reg] enable_cycle -> _114875_/D : -25.660431
[setup in-reg] enable_cycle -> _114876_/D : -25.660431
[setup in-reg] enable_cycle -> _114877_/D : -25.660431
[setup in-reg] enable_cycle -> _114878_/D : -25.660431
[setup in-reg] enable_cycle -> _114879_/D : -25.660431
[setup in-reg] enable_cycle -> _114880_/D : -25.660431
[setup in-reg] enable_cycle -> _114881_/D : -25.660431
[setup in-reg] enable_cycle -> _114882_/D : -25.660431
[setup in-reg] enable_cycle -> _114883_/D : -25.660431
[setup in-reg] enable_cycle -> _114884_/D : -25.660431
[setup in-reg] enable_cycle -> _114893_/D : -25.660431
[setup in-reg] enable_cycle -> _114894_/D : -25.660431
[setup in-reg] enable_cycle -> _114895_/D : -25.660431
[setup in-reg] enable_cycle -> _114896_/D : -25.660431
[setup in-reg] enable_cycle -> _114897_/D : -25.660431
[setup in-reg] enable_cycle -> _114898_/D : -25.660431
[setup in-reg] enable_cycle -> _114899_/D : -25.660431
[setup in-reg] enable_cycle -> _114900_/D : -25.660431
[setup in-reg] enable_cycle -> _114901_/D : -25.660431
[setup in-reg] enable_cycle -> _114902_/D : -25.660431
[setup in-reg] enable_cycle -> _114903_/D : -25.660431
[setup in-reg] enable_cycle -> _114904_/D : -25.660431
[setup in-reg] enable_cycle -> _114905_/D : -25.660431
[setup in-reg] enable_cycle -> _114906_/D : -25.660431
[setup in-reg] enable_cycle -> _114907_/D : -25.660431
[setup in-reg] enable_cycle -> _114908_/D : -25.660431
[setup in-reg] enable_cycle -> _114909_/D : -25.660431
[setup in-reg] enable_cycle -> _114910_/D : -25.660431
[setup in-reg] enable_cycle -> _114911_/D : -25.660431
[setup in-reg] enable_cycle -> _114912_/D : -25.660431
[setup in-reg] enable_cycle -> _114913_/D : -25.660431
[setup in-reg] enable_cycle -> _114914_/D : -25.660431
[setup in-reg] enable_cycle -> _114915_/D : -25.660431
[setup in-reg] enable_cycle -> _114916_/D : -25.660431
[setup in-reg] enable_cycle -> _114917_/D : -25.660431
[setup in-reg] enable_cycle -> _114918_/D : -25.660431
[setup in-reg] enable_cycle -> _114981_/D : -25.660431
[setup in-reg] enable_cycle -> _114982_/D : -25.660431
[setup in-reg] enable_cycle -> _114983_/D : -25.660431
[setup in-reg] enable_cycle -> _114984_/D : -25.660431
[setup in-reg] enable_cycle -> _114985_/D : -25.660431
[setup in-reg] enable_cycle -> _114986_/D : -25.660431
[setup in-reg] enable_cycle -> _114987_/D : -25.660431
[setup in-reg] enable_cycle -> _114988_/D : -25.660431
[setup in-reg] enable_cycle -> _114989_/D : -25.660431
[setup in-reg] enable_cycle -> _114990_/D : -25.660431
[setup in-reg] enable_cycle -> _114991_/D : -25.660431
[setup in-reg] enable_cycle -> _114992_/D : -25.660431
[setup in-reg] enable_cycle -> _114993_/D : -25.660431
[setup in-reg] enable_cycle -> _114994_/D : -25.660431
[setup in-reg] enable_cycle -> _114995_/D : -25.660431
[setup in-reg] enable_cycle -> _114996_/D : -25.660431
[setup in-reg] enable_cycle -> _114997_/D : -25.660431
[setup in-reg] enable_cycle -> _114998_/D : -25.660431
[setup in-reg] enable_cycle -> _114999_/D : -25.660431
[setup in-reg] enable_cycle -> _115000_/D : -25.660431
[setup in-reg] enable_cycle -> _115001_/D : -25.660431
[setup in-reg] enable_cycle -> _115002_/D : -25.660431
[setup in-reg] enable_cycle -> _115003_/D : -25.660431
[setup in-reg] enable_cycle -> _115004_/D : -25.660431
[setup in-reg] enable_cycle -> _115005_/D : -25.660431
[setup in-reg] enable_cycle -> _115006_/D : -25.660431
[setup in-reg] enable_cycle -> _115069_/D : -25.660431
[setup in-reg] enable_cycle -> _115070_/D : -25.660431
[setup in-reg] enable_cycle -> _115071_/D : -25.660431
[setup in-reg] enable_cycle -> _115072_/D : -25.660431
[setup in-reg] enable_cycle -> _115073_/D : -25.660431
[setup in-reg] enable_cycle -> _115074_/D : -25.660431
[setup in-reg] enable_cycle -> _115075_/D : -25.660431
[setup in-reg] enable_cycle -> _115076_/D : -25.660431
[setup in-reg] enable_cycle -> _115077_/D : -25.660431
[setup in-reg] enable_cycle -> _115078_/D : -25.660431
[setup in-reg] enable_cycle -> _115079_/D : -25.660431
[setup in-reg] enable_cycle -> _115080_/D : -25.660431
[setup in-reg] enable_cycle -> _115081_/D : -25.660431
[setup in-reg] enable_cycle -> _115082_/D : -25.660431
[setup in-reg] enable_cycle -> _115083_/D : -25.660431
[setup in-reg] enable_cycle -> _115084_/D : -25.660431
[setup in-reg] enable_cycle -> _115085_/D : -25.660431
[setup in-reg] enable_cycle -> _115086_/D : -25.660431
[setup in-reg] enable_cycle -> _115087_/D : -25.660431
[setup in-reg] enable_cycle -> _115088_/D : -25.660431
[setup in-reg] enable_cycle -> _115089_/D : -25.660431
[setup in-reg] enable_cycle -> _115090_/D : -25.660431
[setup in-reg] enable_cycle -> _115091_/D : -25.660431
[setup in-reg] enable_cycle -> _115092_/D : -25.660431
[setup in-reg] enable_cycle -> _115093_/D : -25.660431
[setup in-reg] enable_cycle -> _115094_/D : -25.660431
[setup in-reg] enable_cycle -> _115157_/D : -25.660431
[setup in-reg] enable_cycle -> _115158_/D : -25.660431
[setup in-reg] enable_cycle -> _115159_/D : -25.660431
[setup in-reg] enable_cycle -> _115160_/D : -25.660431
[setup in-reg] enable_cycle -> _115161_/D : -25.660431
[setup in-reg] enable_cycle -> _115162_/D : -25.660431
[setup in-reg] enable_cycle -> _115163_/D : -25.660431
[setup in-reg] enable_cycle -> _115164_/D : -25.660431
[setup in-reg] enable_cycle -> _115165_/D : -25.660431
[setup in-reg] enable_cycle -> _115166_/D : -25.660431
[setup in-reg] enable_cycle -> _115167_/D : -25.660431
[setup in-reg] enable_cycle -> _115168_/D : -25.660431
[setup in-reg] enable_cycle -> _115169_/D : -25.660431
[setup in-reg] enable_cycle -> _115170_/D : -25.660431
[setup in-reg] enable_cycle -> _115171_/D : -25.660431
[setup in-reg] enable_cycle -> _115172_/D : -25.660431
[setup in-reg] enable_cycle -> _115173_/D : -25.660431
[setup in-reg] enable_cycle -> _115174_/D : -25.660431
[setup in-reg] enable_cycle -> _115175_/D : -25.660431
[setup in-reg] enable_cycle -> _115176_/D : -25.660431
[setup in-reg] enable_cycle -> _115177_/D : -25.660431
[setup in-reg] enable_cycle -> _115178_/D : -25.660431
[setup in-reg] enable_cycle -> _115179_/D : -25.660431
[setup in-reg] enable_cycle -> _115180_/D : -25.660431
[setup in-reg] enable_cycle -> _115181_/D : -25.660431
[setup in-reg] enable_cycle -> _115182_/D : -25.660431
[setup in-reg] enable_cycle -> _115245_/D : -25.660431
[setup in-reg] enable_cycle -> _115246_/D : -25.660431
[setup in-reg] enable_cycle -> _115247_/D : -25.660431
[setup in-reg] enable_cycle -> _115248_/D : -25.660431
[setup in-reg] enable_cycle -> _115249_/D : -25.660431
[setup in-reg] enable_cycle -> _115250_/D : -25.660431
[setup in-reg] enable_cycle -> _115251_/D : -25.660431
[setup in-reg] enable_cycle -> _115252_/D : -25.660431
[setup in-reg] enable_cycle -> _115253_/D : -25.660431
[setup in-reg] enable_cycle -> _115254_/D : -25.660431
[setup in-reg] enable_cycle -> _115255_/D : -25.660431
[setup in-reg] enable_cycle -> _115256_/D : -25.660431
[setup in-reg] enable_cycle -> _115257_/D : -25.660431
[setup in-reg] enable_cycle -> _115258_/D : -25.660431
[setup in-reg] enable_cycle -> _115259_/D : -25.660431
[setup in-reg] enable_cycle -> _115260_/D : -25.660431
[setup in-reg] enable_cycle -> _115261_/D : -25.660431
[setup in-reg] enable_cycle -> _115262_/D : -25.660431
[setup in-reg] enable_cycle -> _115263_/D : -25.660431
[setup in-reg] enable_cycle -> _115264_/D : -25.660431
[setup in-reg] enable_cycle -> _115265_/D : -25.660431
[setup in-reg] enable_cycle -> _115266_/D : -25.660431
[setup in-reg] enable_cycle -> _115267_/D : -25.660431
[setup in-reg] enable_cycle -> _115268_/D : -25.660431
[setup in-reg] enable_cycle -> _115269_/D : -25.660431
[setup in-reg] enable_cycle -> _115270_/D : -25.660431
[setup in-reg] enable_cycle -> _115333_/D : -25.660431
[setup in-reg] enable_cycle -> _115334_/D : -25.660431
[setup in-reg] enable_cycle -> _115335_/D : -25.660431
[setup in-reg] enable_cycle -> _115336_/D : -25.660431
[setup in-reg] enable_cycle -> _115337_/D : -25.660431
[setup in-reg] enable_cycle -> _115338_/D : -25.660431
[setup in-reg] enable_cycle -> _115339_/D : -25.660431
[setup in-reg] enable_cycle -> _115340_/D : -25.660431
[setup in-reg] enable_cycle -> _115341_/D : -25.660431
[setup in-reg] enable_cycle -> _115342_/D : -25.660431
[setup in-reg] enable_cycle -> _115343_/D : -25.660431
[setup in-reg] enable_cycle -> _115344_/D : -25.660431
[setup in-reg] enable_cycle -> _115345_/D : -25.660431
[setup in-reg] enable_cycle -> _115346_/D : -25.660431
[setup in-reg] enable_cycle -> _115347_/D : -25.660431
[setup in-reg] enable_cycle -> _115348_/D : -25.660431
[setup in-reg] enable_cycle -> _115349_/D : -25.660431
[setup in-reg] enable_cycle -> _115350_/D : -25.660431
[setup in-reg] enable_cycle -> _115351_/D : -25.660431
[setup in-reg] enable_cycle -> _115352_/D : -25.660431
[setup in-reg] enable_cycle -> _115353_/D : -25.660431
[setup in-reg] enable_cycle -> _115354_/D : -25.660431
[setup in-reg] enable_cycle -> _115355_/D : -25.660431
[setup in-reg] enable_cycle -> _115356_/D : -25.660431
[setup in-reg] enable_cycle -> _115357_/D : -25.660431
[setup in-reg] enable_cycle -> _115358_/D : -25.660431
[setup in-reg] enable_cycle -> _115421_/D : -25.660431
[setup in-reg] enable_cycle -> _115422_/D : -25.660431
[setup in-reg] enable_cycle -> _115423_/D : -25.660431
[setup in-reg] enable_cycle -> _115424_/D : -25.660431
[setup in-reg] enable_cycle -> _115425_/D : -25.660431
[setup in-reg] enable_cycle -> _115426_/D : -25.660431
[setup in-reg] enable_cycle -> _115427_/D : -25.660431
[setup in-reg] enable_cycle -> _115428_/D : -25.660431
[setup in-reg] enable_cycle -> _115429_/D : -25.660431
[setup in-reg] enable_cycle -> _115430_/D : -25.660431
[setup in-reg] enable_cycle -> _115431_/D : -25.660431
[setup in-reg] enable_cycle -> _115432_/D : -25.660431
[setup in-reg] enable_cycle -> _115433_/D : -25.660431
[setup in-reg] enable_cycle -> _115434_/D : -25.660431
[setup in-reg] enable_cycle -> _115435_/D : -25.660431
[setup in-reg] enable_cycle -> _115436_/D : -25.660431
[setup in-reg] enable_cycle -> _115437_/D : -25.660431
[setup in-reg] enable_cycle -> _115438_/D : -25.660431
[setup in-reg] enable_cycle -> _115439_/D : -25.660431
[setup in-reg] enable_cycle -> _115440_/D : -25.660431
[setup in-reg] enable_cycle -> _115441_/D : -25.660431
[setup in-reg] enable_cycle -> _115442_/D : -25.660431
[setup in-reg] enable_cycle -> _115443_/D : -25.660431
[setup in-reg] enable_cycle -> _115444_/D : -25.660431
[setup in-reg] enable_cycle -> _115445_/D : -25.660431
[setup in-reg] enable_cycle -> _115446_/D : -25.660431
[setup in-reg] enable_cycle -> _115545_/D : -25.660431
[setup in-reg] enable_cycle -> _115546_/D : -25.660431
[setup in-reg] enable_cycle -> _115547_/D : -25.660431
[setup in-reg] enable_cycle -> _115548_/D : -25.660431
[setup in-reg] enable_cycle -> _115549_/D : -25.660431
[setup in-reg] enable_cycle -> _115550_/D : -25.660431
[setup in-reg] enable_cycle -> _115551_/D : -25.660431
[setup in-reg] enable_cycle -> _115552_/D : -25.660431
[setup in-reg] enable_cycle -> _115553_/D : -25.660431
[setup in-reg] enable_cycle -> _115554_/D : -25.660431
[setup in-reg] enable_cycle -> _115555_/D : -25.660431
[setup in-reg] enable_cycle -> _115556_/D : -25.660431
[setup in-reg] enable_cycle -> _115557_/D : -25.660431
[setup in-reg] enable_cycle -> _115558_/D : -25.660431
[setup in-reg] enable_cycle -> _115559_/D : -25.660431
[setup in-reg] enable_cycle -> _115560_/D : -25.660431
[setup in-reg] enable_cycle -> _115561_/D : -25.660431
[setup in-reg] enable_cycle -> _115562_/D : -25.660431
[setup in-reg] enable_cycle -> _115563_/D : -25.660431
[setup in-reg] enable_cycle -> _115564_/D : -25.660431
[setup in-reg] enable_cycle -> _115573_/D : -25.660431
[setup in-reg] enable_cycle -> _115574_/D : -25.660431
[setup in-reg] enable_cycle -> _115575_/D : -25.660431
[setup in-reg] enable_cycle -> _115576_/D : -25.660431
[setup in-reg] enable_cycle -> _115577_/D : -25.660431
[setup in-reg] enable_cycle -> _115578_/D : -25.660431
[setup in-reg] enable_cycle -> _115579_/D : -25.660431
[setup in-reg] enable_cycle -> _115580_/D : -25.660431
[setup in-reg] enable_cycle -> _115581_/D : -25.660431
[setup in-reg] enable_cycle -> _115582_/D : -25.660431
[setup in-reg] enable_cycle -> _115583_/D : -25.660431
[setup in-reg] enable_cycle -> _115584_/D : -25.660431
[setup in-reg] enable_cycle -> _115585_/D : -25.660431
[setup in-reg] enable_cycle -> _115586_/D : -25.660431
[setup in-reg] enable_cycle -> _115587_/D : -25.660431
[setup in-reg] enable_cycle -> _115588_/D : -25.660431
[setup in-reg] enable_cycle -> _115589_/D : -25.660431
[setup in-reg] enable_cycle -> _115590_/D : -25.660431
[setup in-reg] enable_cycle -> _115591_/D : -25.660431
[setup in-reg] enable_cycle -> _115592_/D : -25.660431
[setup in-reg] enable_cycle -> _115593_/D : -25.660431
[setup in-reg] enable_cycle -> _115594_/D : -25.660431
[setup in-reg] enable_cycle -> _115595_/D : -25.660431
[setup in-reg] enable_cycle -> _115596_/D : -25.660431
[setup in-reg] enable_cycle -> _115597_/D : -25.660431
[setup in-reg] enable_cycle -> _115598_/D : -25.660431
[setup in-reg] enable_cycle -> _115599_/D : -25.660431
[setup in-reg] enable_cycle -> _115664_/D : -25.660431
[setup in-reg] enable_cycle -> _115665_/D : -25.660431
[setup in-reg] enable_cycle -> _115666_/D : -25.660431
[setup in-reg] enable_cycle -> _115667_/D : -25.660431
[setup in-reg] enable_cycle -> _115668_/D : -25.660431
[setup in-reg] enable_cycle -> _115669_/D : -25.660431
[setup in-reg] enable_cycle -> _115670_/D : -25.660431
[setup in-reg] enable_cycle -> _115671_/D : -25.660431
[setup in-reg] enable_cycle -> _115672_/D : -25.660431
[setup in-reg] enable_cycle -> _115673_/D : -25.660431
[setup in-reg] enable_cycle -> _115674_/D : -25.660431
[setup in-reg] enable_cycle -> _115675_/D : -25.660431
[setup in-reg] enable_cycle -> _115676_/D : -25.660431
[setup in-reg] enable_cycle -> _115677_/D : -25.660431
[setup in-reg] enable_cycle -> _115678_/D : -25.660431
[setup in-reg] enable_cycle -> _115679_/D : -25.660431
[setup in-reg] enable_cycle -> _115680_/D : -25.660431
[setup in-reg] enable_cycle -> _115681_/D : -25.660431
[setup in-reg] enable_cycle -> _115682_/D : -25.660431
[setup in-reg] enable_cycle -> _115683_/D : -25.660431
[setup in-reg] enable_cycle -> _115684_/D : -25.660431
[setup in-reg] enable_cycle -> _115685_/D : -25.660431
[setup in-reg] enable_cycle -> _115686_/D : -25.660431
[setup in-reg] enable_cycle -> _115687_/D : -25.660431
[setup in-reg] enable_cycle -> _115688_/D : -25.660431
[setup in-reg] enable_cycle -> _115689_/D : -25.660431
[setup in-reg] enable_cycle -> _115690_/D : -25.660431
[setup in-reg] enable_cycle -> _115755_/D : -25.660431
[setup in-reg] enable_cycle -> _115756_/D : -25.660431
[setup in-reg] enable_cycle -> _115757_/D : -25.660431
[setup in-reg] enable_cycle -> _115758_/D : -25.660431
[setup in-reg] enable_cycle -> _115759_/D : -25.660431
[setup in-reg] enable_cycle -> _115760_/D : -25.660431
[setup in-reg] enable_cycle -> _115761_/D : -25.660431
[setup in-reg] enable_cycle -> _115762_/D : -25.660431
[setup in-reg] enable_cycle -> _115763_/D : -25.660431
[setup in-reg] enable_cycle -> _115764_/D : -25.660431
[setup in-reg] enable_cycle -> _115765_/D : -25.660431
[setup in-reg] enable_cycle -> _115766_/D : -25.660431
[setup in-reg] enable_cycle -> _115767_/D : -25.660431
[setup in-reg] enable_cycle -> _115768_/D : -25.660431
[setup in-reg] enable_cycle -> _115769_/D : -25.660431
[setup in-reg] enable_cycle -> _115770_/D : -25.660431
[setup in-reg] enable_cycle -> _115771_/D : -25.660431
[setup in-reg] enable_cycle -> _115772_/D : -25.660431
[setup in-reg] enable_cycle -> _115773_/D : -25.660431
[setup in-reg] enable_cycle -> _115774_/D : -25.660431
[setup in-reg] enable_cycle -> _115775_/D : -25.660431
[setup in-reg] enable_cycle -> _115776_/D : -25.660431
[setup in-reg] enable_cycle -> _115777_/D : -25.660431
[setup in-reg] enable_cycle -> _115778_/D : -25.660431
[setup in-reg] enable_cycle -> _115779_/D : -25.660431
[setup in-reg] enable_cycle -> _115780_/D : -25.660431
[setup in-reg] enable_cycle -> _115781_/D : -25.660431
[setup in-reg] enable_cycle -> _115846_/D : -25.660431
[setup in-reg] enable_cycle -> _115847_/D : -25.660431
[setup in-reg] enable_cycle -> _115848_/D : -25.660431
[setup in-reg] enable_cycle -> _115849_/D : -25.660431
[setup in-reg] enable_cycle -> _115850_/D : -25.660431
[setup in-reg] enable_cycle -> _115851_/D : -25.660431
[setup in-reg] enable_cycle -> _115852_/D : -25.660431
[setup in-reg] enable_cycle -> _115853_/D : -25.660431
[setup in-reg] enable_cycle -> _115854_/D : -25.660431
[setup in-reg] enable_cycle -> _115855_/D : -25.660431
[setup in-reg] enable_cycle -> _115856_/D : -25.660431
[setup in-reg] enable_cycle -> _115857_/D : -25.660431
[setup in-reg] enable_cycle -> _115858_/D : -25.660431
[setup in-reg] enable_cycle -> _115859_/D : -25.660431
[setup in-reg] enable_cycle -> _115860_/D : -25.660431
[setup in-reg] enable_cycle -> _115861_/D : -25.660431
[setup in-reg] enable_cycle -> _115862_/D : -25.660431
[setup in-reg] enable_cycle -> _115863_/D : -25.660431
[setup in-reg] enable_cycle -> _115864_/D : -25.660431
[setup in-reg] enable_cycle -> _115865_/D : -25.660431
[setup in-reg] enable_cycle -> _115866_/D : -25.660431
[setup in-reg] enable_cycle -> _115867_/D : -25.660431
[setup in-reg] enable_cycle -> _115868_/D : -25.660431
[setup in-reg] enable_cycle -> _115869_/D : -25.660431
[setup in-reg] enable_cycle -> _115870_/D : -25.660431
[setup in-reg] enable_cycle -> _115871_/D : -25.660431
[setup in-reg] enable_cycle -> _115872_/D : -25.660431
[setup in-reg] enable_cycle -> _115937_/D : -25.660431
[setup in-reg] enable_cycle -> _115938_/D : -25.660431
[setup in-reg] enable_cycle -> _115939_/D : -25.660431
[setup in-reg] enable_cycle -> _115940_/D : -25.660431
[setup in-reg] enable_cycle -> _115941_/D : -25.660431
[setup in-reg] enable_cycle -> _115942_/D : -25.660431
[setup in-reg] enable_cycle -> _115943_/D : -25.660431
[setup in-reg] enable_cycle -> _115944_/D : -25.660431
[setup in-reg] enable_cycle -> _115945_/D : -25.660431
[setup in-reg] enable_cycle -> _115946_/D : -25.660431
[setup in-reg] enable_cycle -> _115947_/D : -25.660431
[setup in-reg] enable_cycle -> _115948_/D : -25.660431
[setup in-reg] enable_cycle -> _115949_/D : -25.660431
[setup in-reg] enable_cycle -> _115950_/D : -25.660431
[setup in-reg] enable_cycle -> _115951_/D : -25.660431
[setup in-reg] enable_cycle -> _115952_/D : -25.660431
[setup in-reg] enable_cycle -> _115953_/D : -25.660431
[setup in-reg] enable_cycle -> _115954_/D : -25.660431
[setup in-reg] enable_cycle -> _115955_/D : -25.660431
[setup in-reg] enable_cycle -> _115956_/D : -25.660431
[setup in-reg] enable_cycle -> _115957_/D : -25.660431
[setup in-reg] enable_cycle -> _115958_/D : -25.660431
[setup in-reg] enable_cycle -> _115959_/D : -25.660431
[setup in-reg] enable_cycle -> _115960_/D : -25.660431
[setup in-reg] enable_cycle -> _115961_/D : -25.660431
[setup in-reg] enable_cycle -> _115962_/D : -25.660431
[setup in-reg] enable_cycle -> _115963_/D : -25.660431
[setup in-reg] enable_cycle -> _116028_/D : -25.660431
[setup in-reg] enable_cycle -> _116029_/D : -25.660431
[setup in-reg] enable_cycle -> _116030_/D : -25.660431
[setup in-reg] enable_cycle -> _116031_/D : -25.660431
[setup in-reg] enable_cycle -> _116032_/D : -25.660431
[setup in-reg] enable_cycle -> _116033_/D : -25.660431
[setup in-reg] enable_cycle -> _116034_/D : -25.660431
[setup in-reg] enable_cycle -> _116035_/D : -25.660431
[setup in-reg] enable_cycle -> _116036_/D : -25.660431
[setup in-reg] enable_cycle -> _116037_/D : -25.660431
[setup in-reg] enable_cycle -> _116038_/D : -25.660431
[setup in-reg] enable_cycle -> _116039_/D : -25.660431
[setup in-reg] enable_cycle -> _116040_/D : -25.660431
[setup in-reg] enable_cycle -> _116041_/D : -25.660431
[setup in-reg] enable_cycle -> _116042_/D : -25.660431
[setup in-reg] enable_cycle -> _116043_/D : -25.660431
[setup in-reg] enable_cycle -> _116044_/D : -25.660431
[setup in-reg] enable_cycle -> _116045_/D : -25.660431
[setup in-reg] enable_cycle -> _116046_/D : -25.660431
[setup in-reg] enable_cycle -> _116047_/D : -25.660431
[setup in-reg] enable_cycle -> _116048_/D : -25.660431
[setup in-reg] enable_cycle -> _116049_/D : -25.660431
[setup in-reg] enable_cycle -> _116050_/D : -25.660431
[setup in-reg] enable_cycle -> _116051_/D : -25.660431
[setup in-reg] enable_cycle -> _116052_/D : -25.660431
[setup in-reg] enable_cycle -> _116053_/D : -25.660431
[setup in-reg] enable_cycle -> _116054_/D : -25.660431
[setup in-reg] enable_cycle -> _116119_/D : -25.660431
[setup in-reg] enable_cycle -> _116120_/D : -25.660431
[setup in-reg] enable_cycle -> _116121_/D : -25.660431
[setup in-reg] enable_cycle -> _116122_/D : -25.660431
[setup in-reg] enable_cycle -> _116123_/D : -25.660431
[setup in-reg] enable_cycle -> _116124_/D : -25.660431
[setup in-reg] enable_cycle -> _116125_/D : -25.660431
[setup in-reg] enable_cycle -> _116126_/D : -25.660431
[setup in-reg] enable_cycle -> _116127_/D : -25.660431
[setup in-reg] enable_cycle -> _116128_/D : -25.660431
[setup in-reg] enable_cycle -> _116129_/D : -25.660431
[setup in-reg] enable_cycle -> _116130_/D : -25.660431
[setup in-reg] enable_cycle -> _116131_/D : -25.660431
[setup in-reg] enable_cycle -> _116132_/D : -25.660431
[setup in-reg] enable_cycle -> _116133_/D : -25.660431
[setup in-reg] enable_cycle -> _116134_/D : -25.660431
[setup in-reg] enable_cycle -> _116135_/D : -25.660431
[setup in-reg] enable_cycle -> _116136_/D : -25.660431
[setup in-reg] enable_cycle -> _116137_/D : -25.660431
[setup in-reg] enable_cycle -> _116138_/D : -25.660431
[setup in-reg] enable_cycle -> _116139_/D : -25.660431
[setup in-reg] enable_cycle -> _116140_/D : -25.660431
[setup in-reg] enable_cycle -> _116141_/D : -25.660431
[setup in-reg] enable_cycle -> _116142_/D : -25.660431
[setup in-reg] enable_cycle -> _116143_/D : -25.660431
[setup in-reg] enable_cycle -> _116144_/D : -25.660431
[setup in-reg] enable_cycle -> _116145_/D : -25.660431
[setup in-reg] enable_cycle -> _116247_/D : -25.660431
[setup in-reg] enable_cycle -> _116248_/D : -25.660431
[setup in-reg] enable_cycle -> _116249_/D : -25.660431
[setup in-reg] enable_cycle -> _116250_/D : -25.660431
[setup in-reg] enable_cycle -> _116251_/D : -25.660431
[setup in-reg] enable_cycle -> _116252_/D : -25.660431
[setup in-reg] enable_cycle -> _116253_/D : -25.660431
[setup in-reg] enable_cycle -> _116254_/D : -25.660431
[setup in-reg] enable_cycle -> _116255_/D : -25.660431
[setup in-reg] enable_cycle -> _116256_/D : -25.660431
[setup in-reg] enable_cycle -> _116257_/D : -25.660431
[setup in-reg] enable_cycle -> _116258_/D : -25.660431
[setup in-reg] enable_cycle -> _116259_/D : -25.660431
[setup in-reg] enable_cycle -> _116260_/D : -25.660431
[setup in-reg] enable_cycle -> _116261_/D : -25.660431
[setup in-reg] enable_cycle -> _116262_/D : -25.660431
[setup in-reg] enable_cycle -> _116263_/D : -25.660431
[setup in-reg] enable_cycle -> _116264_/D : -25.660431
[setup in-reg] enable_cycle -> _116265_/D : -25.660431
[setup in-reg] enable_cycle -> _116266_/D : -25.660431
[setup in-reg] enable_cycle -> _116267_/D : -25.660431
[setup in-reg] enable_cycle -> _116276_/D : -25.660431
[setup in-reg] enable_cycle -> _116277_/D : -25.660431
[setup in-reg] enable_cycle -> _116278_/D : -25.660431
[setup in-reg] enable_cycle -> _116279_/D : -25.660431
[setup in-reg] enable_cycle -> _116280_/D : -25.660431
[setup in-reg] enable_cycle -> _116281_/D : -25.660431
[setup in-reg] enable_cycle -> _116282_/D : -25.660431
[setup in-reg] enable_cycle -> _116283_/D : -25.660431
[setup in-reg] enable_cycle -> _116284_/D : -25.660431
[setup in-reg] enable_cycle -> _116285_/D : -25.660431
[setup in-reg] enable_cycle -> _116286_/D : -25.660431
[setup in-reg] enable_cycle -> _116287_/D : -25.660431
[setup in-reg] enable_cycle -> _116288_/D : -25.660431
[setup in-reg] enable_cycle -> _116289_/D : -25.660431
[setup in-reg] enable_cycle -> _116290_/D : -25.660431
[setup in-reg] enable_cycle -> _116291_/D : -25.660431
[setup in-reg] enable_cycle -> _116292_/D : -25.660431
[setup in-reg] enable_cycle -> _116293_/D : -25.660431
[setup in-reg] enable_cycle -> _116294_/D : -25.660431
[setup in-reg] enable_cycle -> _116295_/D : -25.660431
[setup in-reg] enable_cycle -> _116296_/D : -25.660431
[setup in-reg] enable_cycle -> _116297_/D : -25.660431
[setup in-reg] enable_cycle -> _116298_/D : -25.660431
[setup in-reg] enable_cycle -> _116299_/D : -25.660431
[setup in-reg] enable_cycle -> _116300_/D : -25.660431
[setup in-reg] enable_cycle -> _116301_/D : -25.660431
[setup in-reg] enable_cycle -> _116302_/D : -25.660431
[setup in-reg] enable_cycle -> _116303_/D : -25.660431
[setup in-reg] enable_cycle -> _116370_/D : -25.660431
[setup in-reg] enable_cycle -> _116371_/D : -25.660431
[setup in-reg] enable_cycle -> _116372_/D : -25.660431
[setup in-reg] enable_cycle -> _116373_/D : -25.660431
[setup in-reg] enable_cycle -> _116374_/D : -25.660431
[setup in-reg] enable_cycle -> _116375_/D : -25.660431
[setup in-reg] enable_cycle -> _116376_/D : -25.660431
[setup in-reg] enable_cycle -> _116377_/D : -25.660431
[setup in-reg] enable_cycle -> _116378_/D : -25.660431
[setup in-reg] enable_cycle -> _116379_/D : -25.660431
[setup in-reg] enable_cycle -> _116380_/D : -25.660431
[setup in-reg] enable_cycle -> _116381_/D : -25.660431
[setup in-reg] enable_cycle -> _116382_/D : -25.660431
[setup in-reg] enable_cycle -> _116383_/D : -25.660431
[setup in-reg] enable_cycle -> _116384_/D : -25.660431
[setup in-reg] enable_cycle -> _116385_/D : -25.660431
[setup in-reg] enable_cycle -> _116386_/D : -25.660431
[setup in-reg] enable_cycle -> _116387_/D : -25.660431
[setup in-reg] enable_cycle -> _116388_/D : -25.660431
[setup in-reg] enable_cycle -> _116389_/D : -25.660431
[setup in-reg] enable_cycle -> _116390_/D : -25.660431
[setup in-reg] enable_cycle -> _116391_/D : -25.660431
[setup in-reg] enable_cycle -> _116392_/D : -25.660431
[setup in-reg] enable_cycle -> _116393_/D : -25.660431
[setup in-reg] enable_cycle -> _116394_/D : -25.660431
[setup in-reg] enable_cycle -> _116395_/D : -25.660431
[setup in-reg] enable_cycle -> _116396_/D : -25.660431
[setup in-reg] enable_cycle -> _116397_/D : -25.660431
[setup in-reg] enable_cycle -> _116464_/D : -25.660431
[setup in-reg] enable_cycle -> _116465_/D : -25.660431
[setup in-reg] enable_cycle -> _116466_/D : -25.660431
[setup in-reg] enable_cycle -> _116467_/D : -25.660431
[setup in-reg] enable_cycle -> _116468_/D : -25.660431
[setup in-reg] enable_cycle -> _116469_/D : -25.660431
[setup in-reg] enable_cycle -> _116470_/D : -25.660431
[setup in-reg] enable_cycle -> _116471_/D : -25.660431
[setup in-reg] enable_cycle -> _116511_/D : -25.660431
[setup in-reg] enable_cycle -> _116512_/D : -25.660431
[setup in-reg] enable_cycle -> _116513_/D : -25.660431
[setup in-reg] enable_cycle -> _116514_/D : -25.660431
[setup in-reg] enable_cycle -> _116515_/D : -25.660431
[setup in-reg] enable_cycle -> _116516_/D : -25.660431
[setup in-reg] enable_cycle -> _116517_/D : -25.660431
[setup in-reg] enable_cycle -> _116518_/D : -25.660431
[setup in-reg] enable_cycle -> _116519_/D : -25.660431
[setup in-reg] enable_cycle -> _116520_/D : -25.660431
[setup in-reg] enable_cycle -> _116521_/D : -25.660431
[setup in-reg] enable_cycle -> _116522_/D : -25.660431
[setup in-reg] enable_cycle -> _116523_/D : -25.660431
[setup in-reg] enable_cycle -> _116524_/D : -25.660431
[setup in-reg] enable_cycle -> _116525_/D : -25.660431
[setup in-reg] enable_cycle -> _116526_/D : -25.660431
[setup in-reg] enable_cycle -> _116527_/D : -25.660431
[setup in-reg] enable_cycle -> _116528_/D : -25.660431
[setup in-reg] enable_cycle -> _116529_/D : -25.660431
[setup in-reg] enable_cycle -> _116530_/D : -25.660431
[setup in-reg] enable_cycle -> _116597_/D : -25.660431
[setup in-reg] enable_cycle -> _116598_/D : -25.660431
[setup in-reg] enable_cycle -> _116599_/D : -25.660431
[setup in-reg] enable_cycle -> _116600_/D : -25.660431
[setup in-reg] enable_cycle -> _116601_/D : -25.660431
[setup in-reg] enable_cycle -> _116602_/D : -25.660431
[setup in-reg] enable_cycle -> _116603_/D : -25.660431
[setup in-reg] enable_cycle -> _116604_/D : -25.660431
[setup in-reg] enable_cycle -> _116648_/D : -25.660431
[setup in-reg] enable_cycle -> _116649_/D : -25.660431
[setup in-reg] enable_cycle -> _116650_/D : -25.660431
[setup in-reg] enable_cycle -> _116651_/D : -25.660431
[setup in-reg] enable_cycle -> _116652_/D : -25.660431
[setup in-reg] enable_cycle -> _116653_/D : -25.660431
[setup in-reg] enable_cycle -> _116654_/D : -25.660431
[setup in-reg] enable_cycle -> _116655_/D : -25.660431
[setup in-reg] enable_cycle -> _116656_/D : -25.660431
[setup in-reg] enable_cycle -> _116657_/D : -25.660431
[setup in-reg] enable_cycle -> _116658_/D : -25.660431
[setup in-reg] enable_cycle -> _116659_/D : -25.660431
[setup in-reg] enable_cycle -> _116660_/D : -25.660431
[setup in-reg] enable_cycle -> _116661_/D : -25.660431
[setup in-reg] enable_cycle -> _116662_/D : -25.660431
[setup in-reg] enable_cycle -> _116663_/D : -25.660431
[setup in-reg] enable_cycle -> _116664_/D : -25.660431
[setup in-reg] enable_cycle -> _116665_/D : -25.660431
[setup in-reg] enable_cycle -> _116666_/D : -25.660431
[setup in-reg] enable_cycle -> _116667_/D : -25.660431
[setup in-reg] enable_cycle -> _116734_/D : -25.660431
[setup in-reg] enable_cycle -> _116735_/D : -25.660431
[setup in-reg] enable_cycle -> _116736_/D : -25.660431
[setup in-reg] enable_cycle -> _116737_/D : -25.660431
[setup in-reg] enable_cycle -> _116738_/D : -25.660431
[setup in-reg] enable_cycle -> _116739_/D : -25.660431
[setup in-reg] enable_cycle -> _116740_/D : -25.660431
[setup in-reg] enable_cycle -> _116741_/D : -25.660431
[setup in-reg] enable_cycle -> _116843_/D : -25.660431
[setup in-reg] enable_cycle -> _116844_/D : -25.660431
[setup in-reg] enable_cycle -> _116845_/D : -25.660431
[setup in-reg] enable_cycle -> _116846_/D : -25.660431
[setup in-reg] enable_cycle -> _116847_/D : -25.660431
[setup in-reg] enable_cycle -> _116848_/D : -25.660431
[setup in-reg] enable_cycle -> _116849_/D : -25.660431
[setup in-reg] enable_cycle -> _116850_/D : -25.660431
[setup in-reg] enable_cycle -> _116851_/D : -25.660431
[setup in-reg] enable_cycle -> _116852_/D : -25.660431
[setup in-reg] enable_cycle -> _116853_/D : -25.660431
[setup in-reg] enable_cycle -> _116854_/D : -25.660431
[setup in-reg] enable_cycle -> _116855_/D : -25.660431
[setup in-reg] enable_cycle -> _116856_/D : -25.660431
[setup in-reg] enable_cycle -> _116857_/D : -25.660431
[setup in-reg] enable_cycle -> _116858_/D : -25.660431
[setup in-reg] enable_cycle -> _116859_/D : -25.660431
[setup in-reg] enable_cycle -> _116860_/D : -25.660431
[setup in-reg] enable_cycle -> _116861_/D : -25.660431
[setup in-reg] enable_cycle -> _116862_/D : -25.660431
[setup in-reg] enable_cycle -> _116929_/D : -25.660431
[setup in-reg] enable_cycle -> _116930_/D : -25.660431
[setup in-reg] enable_cycle -> _116931_/D : -25.660431
[setup in-reg] enable_cycle -> _116932_/D : -25.660431
[setup in-reg] enable_cycle -> _116933_/D : -25.660431
[setup in-reg] enable_cycle -> _116934_/D : -25.660431
[setup in-reg] enable_cycle -> _116935_/D : -25.660431
[setup in-reg] enable_cycle -> _116936_/D : -25.660431
[setup in-reg] enable_cycle -> _117012_/D : -25.660431
[setup in-reg] enable_cycle -> _117013_/D : -25.660431
[setup in-reg] enable_cycle -> _117014_/D : -25.660431
[setup in-reg] enable_cycle -> _117015_/D : -25.660431
[setup in-reg] enable_cycle -> _117016_/D : -25.660431
[setup in-reg] enable_cycle -> _117017_/D : -25.660431
[setup in-reg] enable_cycle -> _117018_/D : -25.660431
[setup in-reg] enable_cycle -> _117019_/D : -25.660431
[setup in-reg] enable_cycle -> _117020_/D : -25.660431
[setup in-reg] enable_cycle -> _117021_/D : -25.660431
[setup in-reg] enable_cycle -> _117022_/D : -25.660431
[setup in-reg] enable_cycle -> _117023_/D : -25.660431
[setup in-reg] enable_cycle -> _117024_/D : -25.660431
[setup in-reg] enable_cycle -> _117025_/D : -25.660431
[setup in-reg] enable_cycle -> _117026_/D : -25.660431
[setup in-reg] enable_cycle -> _117027_/D : -25.660431
[setup in-reg] enable_cycle -> _117028_/D : -25.660431
[setup in-reg] enable_cycle -> _117029_/D : -25.660431
[setup in-reg] enable_cycle -> _117030_/D : -25.660431
[setup in-reg] enable_cycle -> _117031_/D : -25.660431
[setup in-reg] enable_cycle -> _117098_/D : -25.660431
[setup in-reg] enable_cycle -> _117099_/D : -25.660431
[setup in-reg] enable_cycle -> _117100_/D : -25.660431
[setup in-reg] enable_cycle -> _117101_/D : -25.660431
[setup in-reg] enable_cycle -> _117102_/D : -25.660431
[setup in-reg] enable_cycle -> _117103_/D : -25.660431
[setup in-reg] enable_cycle -> _117104_/D : -25.660431
[setup in-reg] enable_cycle -> _117105_/D : -25.660431
[setup in-reg] enable_cycle -> _112817_/D : -25.652483
[setup in-reg] enable_cycle -> _112818_/D : -25.652483
[setup in-reg] enable_cycle -> _112819_/D : -25.652483
[setup in-reg] enable_cycle -> _112820_/D : -25.652483
[setup in-reg] enable_cycle -> _112821_/D : -25.652483
[setup in-reg] enable_cycle -> _112822_/D : -25.652483
[setup in-reg] enable_cycle -> _112823_/D : -25.652483
[setup in-reg] enable_cycle -> _112824_/D : -25.652483
[setup in-reg] enable_cycle -> _112825_/D : -25.652483
[setup in-reg] enable_cycle -> _112826_/D : -25.652483
[setup in-reg] enable_cycle -> _112827_/D : -25.652483
[setup in-reg] enable_cycle -> _112828_/D : -25.652483
[setup in-reg] enable_cycle -> _112829_/D : -25.652483
[setup in-reg] enable_cycle -> _112830_/D : -25.652483
[setup in-reg] enable_cycle -> _112831_/D : -25.652483
[setup in-reg] enable_cycle -> _116463_/D : -25.517332
[setup in-reg] enable_cycle -> _116589_/D : -25.517332
[setup in-reg] enable_cycle -> _116590_/D : -25.517332
[setup in-reg] enable_cycle -> _116591_/D : -25.517332
[setup in-reg] enable_cycle -> _116592_/D : -25.517332
[setup in-reg] enable_cycle -> _116593_/D : -25.517332
[setup in-reg] enable_cycle -> _116594_/D : -25.517332
[setup in-reg] enable_cycle -> _116595_/D : -25.517332
[setup in-reg] enable_cycle -> _116596_/D : -25.517332
[setup in-reg] enable_cycle -> _116726_/D : -25.517332
[setup in-reg] enable_cycle -> _116727_/D : -25.517332
[setup in-reg] enable_cycle -> _116728_/D : -25.517332
[setup in-reg] enable_cycle -> _116729_/D : -25.517332
[setup in-reg] enable_cycle -> _116730_/D : -25.517332
[setup in-reg] enable_cycle -> _116731_/D : -25.517332
[setup in-reg] enable_cycle -> _116732_/D : -25.517332
[setup in-reg] enable_cycle -> _116733_/D : -25.517332
[setup in-reg] enable_cycle -> _116921_/D : -25.517332
[setup in-reg] enable_cycle -> _116922_/D : -25.517332
[setup in-reg] enable_cycle -> _116923_/D : -25.517332
[setup in-reg] enable_cycle -> _116924_/D : -25.517332
[setup in-reg] enable_cycle -> _116925_/D : -25.517332
[setup in-reg] enable_cycle -> _116926_/D : -25.517332
[setup in-reg] enable_cycle -> _116927_/D : -25.517332
[setup in-reg] enable_cycle -> _116928_/D : -25.517332
[setup in-reg] enable_cycle -> _117090_/D : -25.517332
[setup in-reg] enable_cycle -> _117091_/D : -25.517332
[setup in-reg] enable_cycle -> _117092_/D : -25.517332
[setup in-reg] enable_cycle -> _117093_/D : -25.517332
[setup in-reg] enable_cycle -> _117094_/D : -25.517332
[setup in-reg] enable_cycle -> _111167_/D : -25.512758
[setup in-reg] enable_cycle -> _111168_/D : -25.512758
[setup in-reg] enable_cycle -> _111169_/D : -25.512758
[setup in-reg] enable_cycle -> _111170_/D : -25.512758
[setup in-reg] enable_cycle -> _111171_/D : -25.512758
[setup in-reg] enable_cycle -> _111172_/D : -25.512758
[setup in-reg] enable_cycle -> _111173_/D : -25.512758
[setup in-reg] enable_cycle -> _111174_/D : -25.512758
[setup in-reg] enable_cycle -> _111286_/D : -25.512758
[setup in-reg] enable_cycle -> _117095_/D : -25.471857
[setup in-reg] enable_cycle -> _117096_/D : -25.471857
[setup in-reg] enable_cycle -> _117097_/D : -25.471857
[setup in-reg] enable_cycle -> _112816_/D : -25.401949
[setup in-reg] enable_cycle -> _112529_/D : -25.374302
[setup in-reg] enable_cycle -> _113319_/D : -25.374302
[setup in-reg] enable_cycle -> _113447_/D : -25.374302
[setup in-reg] enable_cycle -> _113980_/D : -25.374302
[setup in-reg] enable_cycle -> _114859_/D : -25.374302
[setup in-reg] enable_cycle -> _115299_/D : -25.374302
[setup in-reg] enable_cycle -> _115718_/D : -25.374302
[setup in-reg] enable_cycle -> _116789_/D : -24.583658
[setup in-reg] enable_cycle -> _113125_/D : -24.447433
[setup in-reg] enable_cycle -> _111131_/D : -24.390560
[setup in-reg] enable_cycle -> _111132_/D : -24.390560
[setup in-reg] enable_cycle -> _111133_/D : -24.390560
[setup in-reg] enable_cycle -> _111135_/D : -24.390560
[setup in-reg] enable_cycle -> _111136_/D : -24.390560
[setup in-reg] enable_cycle -> _111137_/D : -24.390560
[setup in-reg] enable_cycle -> _111138_/D : -24.390560
[setup in-reg] enable_cycle -> _111196_/D : -24.390560
[setup in-reg] enable_cycle -> _111197_/D : -24.390560
[setup in-reg] enable_cycle -> _111198_/D : -24.390560
[setup in-reg] enable_cycle -> _111200_/D : -24.390560
[setup in-reg] enable_cycle -> _111201_/D : -24.390560
[setup in-reg] enable_cycle -> _111202_/D : -24.390560
[setup in-reg] enable_cycle -> _111204_/D : -24.390560
[setup in-reg] enable_cycle -> _111206_/D : -24.390560
[setup in-reg] enable_cycle -> _111208_/D : -24.390560
[setup in-reg] enable_cycle -> _111210_/D : -24.390560
[setup in-reg] enable_cycle -> _111212_/D : -24.390560
[setup in-reg] enable_cycle -> _111213_/D : -24.390560
[setup in-reg] enable_cycle -> _111214_/D : -24.390560
[setup in-reg] enable_cycle -> _111216_/D : -24.390560
[setup in-reg] enable_cycle -> _111249_/D : -24.390560
[setup in-reg] enable_cycle -> _111250_/D : -24.390560
[setup in-reg] enable_cycle -> _111251_/D : -24.390560
[setup in-reg] enable_cycle -> _111253_/D : -24.390560
[setup in-reg] enable_cycle -> _111254_/D : -24.390560
[setup in-reg] enable_cycle -> _111255_/D : -24.390560
[setup in-reg] enable_cycle -> _111256_/D : -24.390560
[setup in-reg] enable_cycle -> _111346_/D : -24.390560
[setup in-reg] enable_cycle -> _111347_/D : -24.390560
[setup in-reg] enable_cycle -> _111348_/D : -24.390560
[setup in-reg] enable_cycle -> _111349_/D : -24.390560
[setup in-reg] enable_cycle -> _111351_/D : -24.390560
[setup in-reg] enable_cycle -> _111353_/D : -24.390560
[setup in-reg] enable_cycle -> _111355_/D : -24.390560
[setup in-reg] enable_cycle -> _111357_/D : -24.390560
[setup in-reg] enable_cycle -> _111399_/D : -24.390560
[setup in-reg] enable_cycle -> _111400_/D : -24.390560
[setup in-reg] enable_cycle -> _111401_/D : -24.390560
[setup in-reg] enable_cycle -> _111403_/D : -24.390560
[setup in-reg] enable_cycle -> _111404_/D : -24.390560
[setup in-reg] enable_cycle -> _111405_/D : -24.390560
[setup in-reg] enable_cycle -> _111407_/D : -24.390560
[setup in-reg] enable_cycle -> _111409_/D : -24.390560
[setup in-reg] enable_cycle -> _111411_/D : -24.390560
[setup in-reg] enable_cycle -> _111413_/D : -24.390560
[setup in-reg] enable_cycle -> _111415_/D : -24.390560
[setup in-reg] enable_cycle -> _111416_/D : -24.390560
[setup in-reg] enable_cycle -> _111417_/D : -24.390560
[setup in-reg] enable_cycle -> _111419_/D : -24.390560
[setup in-reg] enable_cycle -> _111467_/D : -24.390560
[setup in-reg] enable_cycle -> _111468_/D : -24.390560
[setup in-reg] enable_cycle -> _111469_/D : -24.390560
[setup in-reg] enable_cycle -> _111470_/D : -24.390560
[setup in-reg] enable_cycle -> _111471_/D : -24.390560
[setup in-reg] enable_cycle -> _111472_/D : -24.390560
[setup in-reg] enable_cycle -> _111476_/D : -24.390560
[setup in-reg] enable_cycle -> _111564_/D : -24.390560
[setup in-reg] enable_cycle -> _111565_/D : -24.390560
[setup in-reg] enable_cycle -> _111566_/D : -24.390560
[setup in-reg] enable_cycle -> _111567_/D : -24.390560
[setup in-reg] enable_cycle -> _111568_/D : -24.390560
[setup in-reg] enable_cycle -> _111569_/D : -24.390560
[setup in-reg] enable_cycle -> _111573_/D : -24.390560
[setup in-reg] enable_cycle -> _111575_/D : -24.390560
[setup in-reg] enable_cycle -> _111661_/D : -24.390560
[setup in-reg] enable_cycle -> _111662_/D : -24.390560
[setup in-reg] enable_cycle -> _111663_/D : -24.390560
[setup in-reg] enable_cycle -> _111664_/D : -24.390560
[setup in-reg] enable_cycle -> _111666_/D : -24.390560
[setup in-reg] enable_cycle -> _111670_/D : -24.390560
[setup in-reg] enable_cycle -> _111672_/D : -24.390560
[setup in-reg] enable_cycle -> _111758_/D : -24.390560
[setup in-reg] enable_cycle -> _111759_/D : -24.390560
[setup in-reg] enable_cycle -> _111760_/D : -24.390560
[setup in-reg] enable_cycle -> _111761_/D : -24.390560
[setup in-reg] enable_cycle -> _111763_/D : -24.390560
[setup in-reg] enable_cycle -> _111765_/D : -24.390560
[setup in-reg] enable_cycle -> _111767_/D : -24.390560
[setup in-reg] enable_cycle -> _111769_/D : -24.390560
[setup in-reg] enable_cycle -> _111856_/D : -24.390560
[setup in-reg] enable_cycle -> _111857_/D : -24.390560
[setup in-reg] enable_cycle -> _111858_/D : -24.390560
[setup in-reg] enable_cycle -> _111860_/D : -24.390560
[setup in-reg] enable_cycle -> _111862_/D : -24.390560
[setup in-reg] enable_cycle -> _111864_/D : -24.390560
[setup in-reg] enable_cycle -> _111866_/D : -24.390560
[setup in-reg] enable_cycle -> _111934_/D : -24.390560
[setup in-reg] enable_cycle -> _111935_/D : -24.390560
[setup in-reg] enable_cycle -> _111937_/D : -24.390560
[setup in-reg] enable_cycle -> _111939_/D : -24.390560
[setup in-reg] enable_cycle -> _111941_/D : -24.390560
[setup in-reg] enable_cycle -> _112021_/D : -24.390560
[setup in-reg] enable_cycle -> _112022_/D : -24.390560
[setup in-reg] enable_cycle -> _112024_/D : -24.390560
[setup in-reg] enable_cycle -> _112025_/D : -24.390560
[setup in-reg] enable_cycle -> _112026_/D : -24.390560
[setup in-reg] enable_cycle -> _112027_/D : -24.390560
[setup in-reg] enable_cycle -> _112028_/D : -24.390560
[setup in-reg] enable_cycle -> _112030_/D : -24.390560
[setup in-reg] enable_cycle -> _112032_/D : -24.390560
[setup in-reg] enable_cycle -> _112121_/D : -24.390560
[setup in-reg] enable_cycle -> _112122_/D : -24.390560
[setup in-reg] enable_cycle -> _112123_/D : -24.390560
[setup in-reg] enable_cycle -> _112124_/D : -24.390560
[setup in-reg] enable_cycle -> _112130_/D : -24.390560
[setup in-reg] enable_cycle -> _112132_/D : -24.390560
[setup in-reg] enable_cycle -> _112221_/D : -24.390560
[setup in-reg] enable_cycle -> _112223_/D : -24.390560
[setup in-reg] enable_cycle -> _112224_/D : -24.390560
[setup in-reg] enable_cycle -> _112226_/D : -24.390560
[setup in-reg] enable_cycle -> _112227_/D : -24.390560
[setup in-reg] enable_cycle -> _112228_/D : -24.390560
[setup in-reg] enable_cycle -> _112230_/D : -24.390560
[setup in-reg] enable_cycle -> _112232_/D : -24.390560
[setup in-reg] enable_cycle -> _112322_/D : -24.390560
[setup in-reg] enable_cycle -> _112324_/D : -24.390560
[setup in-reg] enable_cycle -> _112325_/D : -24.390560
[setup in-reg] enable_cycle -> _112326_/D : -24.390560
[setup in-reg] enable_cycle -> _112327_/D : -24.390560
[setup in-reg] enable_cycle -> _112330_/D : -24.390560
[setup in-reg] enable_cycle -> _112332_/D : -24.390560
[setup in-reg] enable_cycle -> _112421_/D : -24.390560
[setup in-reg] enable_cycle -> _112422_/D : -24.390560
[setup in-reg] enable_cycle -> _112423_/D : -24.390560
[setup in-reg] enable_cycle -> _112425_/D : -24.390560
[setup in-reg] enable_cycle -> _112427_/D : -24.390560
[setup in-reg] enable_cycle -> _112428_/D : -24.390560
[setup in-reg] enable_cycle -> _112521_/D : -24.390560
[setup in-reg] enable_cycle -> _112522_/D : -24.390560
[setup in-reg] enable_cycle -> _112523_/D : -24.390560
[setup in-reg] enable_cycle -> _112525_/D : -24.390560
[setup in-reg] enable_cycle -> _112526_/D : -24.390560
[setup in-reg] enable_cycle -> _112528_/D : -24.390560
[setup in-reg] enable_cycle -> _112621_/D : -24.390560
[setup in-reg] enable_cycle -> _112622_/D : -24.390560
[setup in-reg] enable_cycle -> _112623_/D : -24.390560
[setup in-reg] enable_cycle -> _112625_/D : -24.390560
[setup in-reg] enable_cycle -> _112626_/D : -24.390560
[setup in-reg] enable_cycle -> _112628_/D : -24.390560
[setup in-reg] enable_cycle -> _112630_/D : -24.390560
[setup in-reg] enable_cycle -> _112632_/D : -24.390560
[setup in-reg] enable_cycle -> _112714_/D : -24.390560
[setup in-reg] enable_cycle -> _112715_/D : -24.390560
[setup in-reg] enable_cycle -> _112717_/D : -24.390560
[setup in-reg] enable_cycle -> _112721_/D : -24.390560
[setup in-reg] enable_cycle -> _112857_/D : -24.390560
[setup in-reg] enable_cycle -> _112858_/D : -24.390560
[setup in-reg] enable_cycle -> _112859_/D : -24.390560
[setup in-reg] enable_cycle -> _112861_/D : -24.390560
[setup in-reg] enable_cycle -> _112862_/D : -24.390560
[setup in-reg] enable_cycle -> _112863_/D : -24.390560
[setup in-reg] enable_cycle -> _112864_/D : -24.390560
[setup in-reg] enable_cycle -> _112866_/D : -24.390560
[setup in-reg] enable_cycle -> _112868_/D : -24.390560
[setup in-reg] enable_cycle -> _113121_/D : -24.390560
[setup in-reg] enable_cycle -> _113122_/D : -24.390560
[setup in-reg] enable_cycle -> _113123_/D : -24.390560
[setup in-reg] enable_cycle -> _113126_/D : -24.390560
[setup in-reg] enable_cycle -> _113127_/D : -24.390560
[setup in-reg] enable_cycle -> _113128_/D : -24.390560
[setup in-reg] enable_cycle -> _113132_/D : -24.390560
[setup in-reg] enable_cycle -> _113186_/D : -24.390560
[setup in-reg] enable_cycle -> _113187_/D : -24.390560
[setup in-reg] enable_cycle -> _113188_/D : -24.390560
[setup in-reg] enable_cycle -> _113190_/D : -24.390560
[setup in-reg] enable_cycle -> _113194_/D : -24.390560
[setup in-reg] enable_cycle -> _113196_/D : -24.390560
[setup in-reg] enable_cycle -> _113250_/D : -24.390560
[setup in-reg] enable_cycle -> _113253_/D : -24.390560
[setup in-reg] enable_cycle -> _113254_/D : -24.390560
[setup in-reg] enable_cycle -> _113257_/D : -24.390560
[setup in-reg] enable_cycle -> _113260_/D : -24.390560
[setup in-reg] enable_cycle -> _113314_/D : -24.390560
[setup in-reg] enable_cycle -> _113317_/D : -24.390560
[setup in-reg] enable_cycle -> _113318_/D : -24.390560
[setup in-reg] enable_cycle -> _113320_/D : -24.390560
[setup in-reg] enable_cycle -> _113324_/D : -24.390560
[setup in-reg] enable_cycle -> _113378_/D : -24.390560
[setup in-reg] enable_cycle -> _113379_/D : -24.390560
[setup in-reg] enable_cycle -> _113380_/D : -24.390560
[setup in-reg] enable_cycle -> _113381_/D : -24.390560
[setup in-reg] enable_cycle -> _113382_/D : -24.390560
[setup in-reg] enable_cycle -> _113384_/D : -24.390560
[setup in-reg] enable_cycle -> _113386_/D : -24.390560
[setup in-reg] enable_cycle -> _113388_/D : -24.390560
[setup in-reg] enable_cycle -> _113442_/D : -24.390560
[setup in-reg] enable_cycle -> _113443_/D : -24.390560
[setup in-reg] enable_cycle -> _113444_/D : -24.390560
[setup in-reg] enable_cycle -> _113445_/D : -24.390560
[setup in-reg] enable_cycle -> _113446_/D : -24.390560
[setup in-reg] enable_cycle -> _113448_/D : -24.390560
[setup in-reg] enable_cycle -> _113450_/D : -24.390560
[setup in-reg] enable_cycle -> _113452_/D : -24.390560
[setup in-reg] enable_cycle -> _113490_/D : -24.390560
[setup in-reg] enable_cycle -> _113491_/D : -24.390560
[setup in-reg] enable_cycle -> _113494_/D : -24.390560
[setup in-reg] enable_cycle -> _113562_/D : -24.390560
[setup in-reg] enable_cycle -> _113563_/D : -24.390560
[setup in-reg] enable_cycle -> _113564_/D : -24.390560
[setup in-reg] enable_cycle -> _113566_/D : -24.390560
[setup in-reg] enable_cycle -> _113567_/D : -24.390560
[setup in-reg] enable_cycle -> _113568_/D : -24.390560
[setup in-reg] enable_cycle -> _113569_/D : -24.390560
[setup in-reg] enable_cycle -> _113644_/D : -24.390560
[setup in-reg] enable_cycle -> _113645_/D : -24.390560
[setup in-reg] enable_cycle -> _113648_/D : -24.390560
[setup in-reg] enable_cycle -> _113649_/D : -24.390560
[setup in-reg] enable_cycle -> _113650_/D : -24.390560
[setup in-reg] enable_cycle -> _113651_/D : -24.390560
[setup in-reg] enable_cycle -> _113655_/D : -24.390560
[setup in-reg] enable_cycle -> _113726_/D : -24.390560
[setup in-reg] enable_cycle -> _113727_/D : -24.390560
[setup in-reg] enable_cycle -> _113728_/D : -24.390560
[setup in-reg] enable_cycle -> _113730_/D : -24.390560
[setup in-reg] enable_cycle -> _113731_/D : -24.390560
[setup in-reg] enable_cycle -> _113733_/D : -24.390560
[setup in-reg] enable_cycle -> _113809_/D : -24.390560
[setup in-reg] enable_cycle -> _113811_/D : -24.390560
[setup in-reg] enable_cycle -> _113812_/D : -24.390560
[setup in-reg] enable_cycle -> _113813_/D : -24.390560
[setup in-reg] enable_cycle -> _113814_/D : -24.390560
[setup in-reg] enable_cycle -> _113817_/D : -24.390560
[setup in-reg] enable_cycle -> _113819_/D : -24.390560
[setup in-reg] enable_cycle -> _113890_/D : -24.390560
[setup in-reg] enable_cycle -> _113891_/D : -24.390560
[setup in-reg] enable_cycle -> _113894_/D : -24.390560
[setup in-reg] enable_cycle -> _113895_/D : -24.390560
[setup in-reg] enable_cycle -> _113896_/D : -24.390560
[setup in-reg] enable_cycle -> _113897_/D : -24.390560
[setup in-reg] enable_cycle -> _113899_/D : -24.390560
[setup in-reg] enable_cycle -> _113901_/D : -24.390560
[setup in-reg] enable_cycle -> _113972_/D : -24.390560
[setup in-reg] enable_cycle -> _113973_/D : -24.390560
[setup in-reg] enable_cycle -> _113974_/D : -24.390560
[setup in-reg] enable_cycle -> _113976_/D : -24.390560
[setup in-reg] enable_cycle -> _113977_/D : -24.390560
[setup in-reg] enable_cycle -> _113978_/D : -24.390560
[setup in-reg] enable_cycle -> _113979_/D : -24.390560
[setup in-reg] enable_cycle -> _114054_/D : -24.390560
[setup in-reg] enable_cycle -> _114055_/D : -24.390560
[setup in-reg] enable_cycle -> _114058_/D : -24.390560
[setup in-reg] enable_cycle -> _114059_/D : -24.390560
[setup in-reg] enable_cycle -> _114060_/D : -24.390560
[setup in-reg] enable_cycle -> _114061_/D : -24.390560
[setup in-reg] enable_cycle -> _114063_/D : -24.390560
[setup in-reg] enable_cycle -> _114065_/D : -24.390560
[setup in-reg] enable_cycle -> _114119_/D : -24.390560
[setup in-reg] enable_cycle -> _114120_/D : -24.390560
[setup in-reg] enable_cycle -> _114124_/D : -24.390560
[setup in-reg] enable_cycle -> _114125_/D : -24.390560
[setup in-reg] enable_cycle -> _114126_/D : -24.390560
[setup in-reg] enable_cycle -> _114195_/D : -24.390560
[setup in-reg] enable_cycle -> _114196_/D : -24.390560
[setup in-reg] enable_cycle -> _114197_/D : -24.390560
[setup in-reg] enable_cycle -> _114199_/D : -24.390560
[setup in-reg] enable_cycle -> _114200_/D : -24.390560
[setup in-reg] enable_cycle -> _114202_/D : -24.390560
[setup in-reg] enable_cycle -> _114280_/D : -24.390560
[setup in-reg] enable_cycle -> _114281_/D : -24.390560
[setup in-reg] enable_cycle -> _114282_/D : -24.390560
[setup in-reg] enable_cycle -> _114284_/D : -24.390560
[setup in-reg] enable_cycle -> _114285_/D : -24.390560
[setup in-reg] enable_cycle -> _114287_/D : -24.390560
[setup in-reg] enable_cycle -> _114289_/D : -24.390560
[setup in-reg] enable_cycle -> _114291_/D : -24.390560
[setup in-reg] enable_cycle -> _114366_/D : -24.390560
[setup in-reg] enable_cycle -> _114368_/D : -24.390560
[setup in-reg] enable_cycle -> _114369_/D : -24.390560
[setup in-reg] enable_cycle -> _114370_/D : -24.390560
[setup in-reg] enable_cycle -> _114371_/D : -24.390560
[setup in-reg] enable_cycle -> _114374_/D : -24.390560
[setup in-reg] enable_cycle -> _114376_/D : -24.390560
[setup in-reg] enable_cycle -> _114450_/D : -24.390560
[setup in-reg] enable_cycle -> _114451_/D : -24.390560
[setup in-reg] enable_cycle -> _114452_/D : -24.390560
[setup in-reg] enable_cycle -> _114454_/D : -24.390560
[setup in-reg] enable_cycle -> _114455_/D : -24.390560
[setup in-reg] enable_cycle -> _114456_/D : -24.390560
[setup in-reg] enable_cycle -> _114457_/D : -24.390560
[setup in-reg] enable_cycle -> _114535_/D : -24.390560
[setup in-reg] enable_cycle -> _114536_/D : -24.390560
[setup in-reg] enable_cycle -> _114537_/D : -24.390560
[setup in-reg] enable_cycle -> _114539_/D : -24.390560
[setup in-reg] enable_cycle -> _114540_/D : -24.390560
[setup in-reg] enable_cycle -> _114541_/D : -24.390560
[setup in-reg] enable_cycle -> _114542_/D : -24.390560
[setup in-reg] enable_cycle -> _114620_/D : -24.390560
[setup in-reg] enable_cycle -> _114621_/D : -24.390560
[setup in-reg] enable_cycle -> _114624_/D : -24.390560
[setup in-reg] enable_cycle -> _114625_/D : -24.390560
[setup in-reg] enable_cycle -> _114626_/D : -24.390560
[setup in-reg] enable_cycle -> _114627_/D : -24.390560
[setup in-reg] enable_cycle -> _114629_/D : -24.390560
[setup in-reg] enable_cycle -> _114631_/D : -24.390560
[setup in-reg] enable_cycle -> _114705_/D : -24.390560
[setup in-reg] enable_cycle -> _114706_/D : -24.390560
[setup in-reg] enable_cycle -> _114707_/D : -24.390560
[setup in-reg] enable_cycle -> _114709_/D : -24.390560
[setup in-reg] enable_cycle -> _114710_/D : -24.390560
[setup in-reg] enable_cycle -> _114712_/D : -24.390560
[setup in-reg] enable_cycle -> _114714_/D : -24.390560
[setup in-reg] enable_cycle -> _114716_/D : -24.390560
[setup in-reg] enable_cycle -> _114772_/D : -24.390560
[setup in-reg] enable_cycle -> _114773_/D : -24.390560
[setup in-reg] enable_cycle -> _114774_/D : -24.390560
[setup in-reg] enable_cycle -> _114777_/D : -24.390560
[setup in-reg] enable_cycle -> _114778_/D : -24.390560
[setup in-reg] enable_cycle -> _114779_/D : -24.390560
[setup in-reg] enable_cycle -> _114781_/D : -24.390560
[setup in-reg] enable_cycle -> _114783_/D : -24.390560
[setup in-reg] enable_cycle -> _114851_/D : -24.390560
[setup in-reg] enable_cycle -> _114852_/D : -24.390560
[setup in-reg] enable_cycle -> _114853_/D : -24.390560
[setup in-reg] enable_cycle -> _114855_/D : -24.390560
[setup in-reg] enable_cycle -> _114856_/D : -24.390560
[setup in-reg] enable_cycle -> _114858_/D : -24.390560
[setup in-reg] enable_cycle -> _114940_/D : -24.390560
[setup in-reg] enable_cycle -> _114942_/D : -24.390560
[setup in-reg] enable_cycle -> _114943_/D : -24.390560
[setup in-reg] enable_cycle -> _114944_/D : -24.390560
[setup in-reg] enable_cycle -> _114945_/D : -24.390560
[setup in-reg] enable_cycle -> _114946_/D : -24.390560
[setup in-reg] enable_cycle -> _114948_/D : -24.390560
[setup in-reg] enable_cycle -> _115027_/D : -24.390560
[setup in-reg] enable_cycle -> _115028_/D : -24.390560
[setup in-reg] enable_cycle -> _115029_/D : -24.390560
[setup in-reg] enable_cycle -> _115031_/D : -24.390560
[setup in-reg] enable_cycle -> _115032_/D : -24.390560
[setup in-reg] enable_cycle -> _115034_/D : -24.390560
[setup in-reg] enable_cycle -> _115036_/D : -24.390560
[setup in-reg] enable_cycle -> _115115_/D : -24.390560
[setup in-reg] enable_cycle -> _115116_/D : -24.390560
[setup in-reg] enable_cycle -> _115117_/D : -24.390560
[setup in-reg] enable_cycle -> _115119_/D : -24.390560
[setup in-reg] enable_cycle -> _115120_/D : -24.390560
[setup in-reg] enable_cycle -> _115122_/D : -24.390560
[setup in-reg] enable_cycle -> _115203_/D : -24.390560
[setup in-reg] enable_cycle -> _115204_/D : -24.390560
[setup in-reg] enable_cycle -> _115207_/D : -24.390560
[setup in-reg] enable_cycle -> _115208_/D : -24.390560
[setup in-reg] enable_cycle -> _115209_/D : -24.390560
[setup in-reg] enable_cycle -> _115210_/D : -24.390560
[setup in-reg] enable_cycle -> _115214_/D : -24.390560
[setup in-reg] enable_cycle -> _115291_/D : -24.390560
[setup in-reg] enable_cycle -> _115292_/D : -24.390560
[setup in-reg] enable_cycle -> _115293_/D : -24.390560
[setup in-reg] enable_cycle -> _115295_/D : -24.390560
[setup in-reg] enable_cycle -> _115296_/D : -24.390560
[setup in-reg] enable_cycle -> _115298_/D : -24.390560
[setup in-reg] enable_cycle -> _115379_/D : -24.390560
[setup in-reg] enable_cycle -> _115380_/D : -24.390560
[setup in-reg] enable_cycle -> _115383_/D : -24.390560
[setup in-reg] enable_cycle -> _115384_/D : -24.390560
[setup in-reg] enable_cycle -> _115385_/D : -24.390560
[setup in-reg] enable_cycle -> _115386_/D : -24.390560
[setup in-reg] enable_cycle -> _115388_/D : -24.390560
[setup in-reg] enable_cycle -> _115390_/D : -24.390560
[setup in-reg] enable_cycle -> _115448_/D : -24.390560
[setup in-reg] enable_cycle -> _115450_/D : -24.390560
[setup in-reg] enable_cycle -> _115451_/D : -24.390560
[setup in-reg] enable_cycle -> _115455_/D : -24.390560
[setup in-reg] enable_cycle -> _115457_/D : -24.390560
[setup in-reg] enable_cycle -> _115459_/D : -24.390560
[setup in-reg] enable_cycle -> _115531_/D : -24.390560
[setup in-reg] enable_cycle -> _115533_/D : -24.390560
[setup in-reg] enable_cycle -> _115534_/D : -24.390560
[setup in-reg] enable_cycle -> _115535_/D : -24.390560
[setup in-reg] enable_cycle -> _115536_/D : -24.390560
[setup in-reg] enable_cycle -> _115539_/D : -24.390560
[setup in-reg] enable_cycle -> _115541_/D : -24.390560
[setup in-reg] enable_cycle -> _115621_/D : -24.390560
[setup in-reg] enable_cycle -> _115622_/D : -24.390560
[setup in-reg] enable_cycle -> _115623_/D : -24.390560
[setup in-reg] enable_cycle -> _115625_/D : -24.390560
[setup in-reg] enable_cycle -> _115626_/D : -24.390560
[setup in-reg] enable_cycle -> _115627_/D : -24.390560
[setup in-reg] enable_cycle -> _115628_/D : -24.390560
[setup in-reg] enable_cycle -> _115712_/D : -24.390560
[setup in-reg] enable_cycle -> _115714_/D : -24.390560
[setup in-reg] enable_cycle -> _115715_/D : -24.390560
[setup in-reg] enable_cycle -> _115716_/D : -24.390560
[setup in-reg] enable_cycle -> _115717_/D : -24.390560
[setup in-reg] enable_cycle -> _115721_/D : -24.390560
[setup in-reg] enable_cycle -> _115723_/D : -24.390560
[setup in-reg] enable_cycle -> _115803_/D : -24.390560
[setup in-reg] enable_cycle -> _115804_/D : -24.390560
[setup in-reg] enable_cycle -> _115806_/D : -24.390560
[setup in-reg] enable_cycle -> _115807_/D : -24.390560
[setup in-reg] enable_cycle -> _115808_/D : -24.390560
[setup in-reg] enable_cycle -> _115809_/D : -24.390560
[setup in-reg] enable_cycle -> _115810_/D : -24.390560
[setup in-reg] enable_cycle -> _115814_/D : -24.390560
[setup in-reg] enable_cycle -> _115894_/D : -24.390560
[setup in-reg] enable_cycle -> _115895_/D : -24.390560
[setup in-reg] enable_cycle -> _115896_/D : -24.390560
[setup in-reg] enable_cycle -> _115897_/D : -24.390560
[setup in-reg] enable_cycle -> _115899_/D : -24.390560
[setup in-reg] enable_cycle -> _115901_/D : -24.390560
[setup in-reg] enable_cycle -> _115903_/D : -24.390560
[setup in-reg] enable_cycle -> _115905_/D : -24.390560
[setup in-reg] enable_cycle -> _115985_/D : -24.390560
[setup in-reg] enable_cycle -> _115986_/D : -24.390560
[setup in-reg] enable_cycle -> _115988_/D : -24.390560
[setup in-reg] enable_cycle -> _115989_/D : -24.390560
[setup in-reg] enable_cycle -> _115990_/D : -24.390560
[setup in-reg] enable_cycle -> _115991_/D : -24.390560
[setup in-reg] enable_cycle -> _115992_/D : -24.390560
[setup in-reg] enable_cycle -> _115993_/D : -24.390560
[setup in-reg] enable_cycle -> _115994_/D : -24.390560
[setup in-reg] enable_cycle -> _115996_/D : -24.390560
[setup in-reg] enable_cycle -> _116076_/D : -24.390560
[setup in-reg] enable_cycle -> _116077_/D : -24.390560
[setup in-reg] enable_cycle -> _116079_/D : -24.390560
[setup in-reg] enable_cycle -> _116080_/D : -24.390560
[setup in-reg] enable_cycle -> _116081_/D : -24.390560
[setup in-reg] enable_cycle -> _116085_/D : -24.390560
[setup in-reg] enable_cycle -> _116087_/D : -24.390560
[setup in-reg] enable_cycle -> _116147_/D : -24.390560
[setup in-reg] enable_cycle -> _116148_/D : -24.390560
[setup in-reg] enable_cycle -> _116151_/D : -24.390560
[setup in-reg] enable_cycle -> _116152_/D : -24.390560
[setup in-reg] enable_cycle -> _116155_/D : -24.390560
[setup in-reg] enable_cycle -> _116158_/D : -24.390560
[setup in-reg] enable_cycle -> _116232_/D : -24.390560
[setup in-reg] enable_cycle -> _116233_/D : -24.390560
[setup in-reg] enable_cycle -> _116235_/D : -24.390560
[setup in-reg] enable_cycle -> _116236_/D : -24.390560
[setup in-reg] enable_cycle -> _116237_/D : -24.390560
[setup in-reg] enable_cycle -> _116241_/D : -24.390560
[setup in-reg] enable_cycle -> _116326_/D : -24.390560
[setup in-reg] enable_cycle -> _116327_/D : -24.390560
[setup in-reg] enable_cycle -> _116329_/D : -24.390560
[setup in-reg] enable_cycle -> _116331_/D : -24.390560
[setup in-reg] enable_cycle -> _116333_/D : -24.390560
[setup in-reg] enable_cycle -> _116335_/D : -24.390560
[setup in-reg] enable_cycle -> _116337_/D : -24.390560
[setup in-reg] enable_cycle -> _116421_/D : -24.390560
[setup in-reg] enable_cycle -> _116423_/D : -24.390560
[setup in-reg] enable_cycle -> _116424_/D : -24.390560
[setup in-reg] enable_cycle -> _116425_/D : -24.390560
[setup in-reg] enable_cycle -> _116426_/D : -24.390560
[setup in-reg] enable_cycle -> _116429_/D : -24.390560
[setup in-reg] enable_cycle -> _116431_/D : -24.390560
[setup in-reg] enable_cycle -> _116553_/D : -24.390560
[setup in-reg] enable_cycle -> _116554_/D : -24.390560
[setup in-reg] enable_cycle -> _116556_/D : -24.390560
[setup in-reg] enable_cycle -> _116558_/D : -24.390560
[setup in-reg] enable_cycle -> _116560_/D : -24.390560
[setup in-reg] enable_cycle -> _116562_/D : -24.390560
[setup in-reg] enable_cycle -> _116564_/D : -24.390560
[setup in-reg] enable_cycle -> _116690_/D : -24.390560
[setup in-reg] enable_cycle -> _116691_/D : -24.390560
[setup in-reg] enable_cycle -> _116693_/D : -24.390560
[setup in-reg] enable_cycle -> _116695_/D : -24.390560
[setup in-reg] enable_cycle -> _116697_/D : -24.390560
[setup in-reg] enable_cycle -> _116699_/D : -24.390560
[setup in-reg] enable_cycle -> _116701_/D : -24.390560
[setup in-reg] enable_cycle -> _116765_/D : -24.390560
[setup in-reg] enable_cycle -> _116766_/D : -24.390560
[setup in-reg] enable_cycle -> _116767_/D : -24.390560
[setup in-reg] enable_cycle -> _116769_/D : -24.390560
[setup in-reg] enable_cycle -> _116770_/D : -24.390560
[setup in-reg] enable_cycle -> _116771_/D : -24.390560
[setup in-reg] enable_cycle -> _116773_/D : -24.390560
[setup in-reg] enable_cycle -> _116775_/D : -24.390560
[setup in-reg] enable_cycle -> _116777_/D : -24.390560
[setup in-reg] enable_cycle -> _116779_/D : -24.390560
[setup in-reg] enable_cycle -> _116781_/D : -24.390560
[setup in-reg] enable_cycle -> _116783_/D : -24.390560
[setup in-reg] enable_cycle -> _116785_/D : -24.390560
[setup in-reg] enable_cycle -> _116790_/D : -24.390560
[setup in-reg] enable_cycle -> _116791_/D : -24.390560
[setup in-reg] enable_cycle -> _116792_/D : -24.390560
[setup in-reg] enable_cycle -> _116793_/D : -24.390560
[setup in-reg] enable_cycle -> _116794_/D : -24.390560
[setup in-reg] enable_cycle -> _116795_/D : -24.390560
[setup in-reg] enable_cycle -> _116796_/D : -24.390560
[setup in-reg] enable_cycle -> _116798_/D : -24.390560
[setup in-reg] enable_cycle -> _116800_/D : -24.390560
[setup in-reg] enable_cycle -> _116802_/D : -24.390560
[setup in-reg] enable_cycle -> _116804_/D : -24.390560
[setup in-reg] enable_cycle -> _116806_/D : -24.390560
[setup in-reg] enable_cycle -> _116808_/D : -24.390560
[setup in-reg] enable_cycle -> _116810_/D : -24.390560
[setup in-reg] enable_cycle -> _116814_/D : -24.390560
[setup in-reg] enable_cycle -> _116817_/D : -24.390560
[setup in-reg] enable_cycle -> _116818_/D : -24.390560
[setup in-reg] enable_cycle -> _116819_/D : -24.390560
[setup in-reg] enable_cycle -> _116821_/D : -24.390560
[setup in-reg] enable_cycle -> _116822_/D : -24.390560
[setup in-reg] enable_cycle -> _116823_/D : -24.390560
[setup in-reg] enable_cycle -> _116825_/D : -24.390560
[setup in-reg] enable_cycle -> _116827_/D : -24.390560
[setup in-reg] enable_cycle -> _116829_/D : -24.390560
[setup in-reg] enable_cycle -> _116831_/D : -24.390560
[setup in-reg] enable_cycle -> _116833_/D : -24.390560
[setup in-reg] enable_cycle -> _116835_/D : -24.390560
[setup in-reg] enable_cycle -> _116837_/D : -24.390560
[setup in-reg] enable_cycle -> _116885_/D : -24.390560
[setup in-reg] enable_cycle -> _116886_/D : -24.390560
[setup in-reg] enable_cycle -> _116887_/D : -24.390560
[setup in-reg] enable_cycle -> _116888_/D : -24.390560
[setup in-reg] enable_cycle -> _116890_/D : -24.390560
[setup in-reg] enable_cycle -> _116892_/D : -24.390560
[setup in-reg] enable_cycle -> _116894_/D : -24.390560
[setup in-reg] enable_cycle -> _116896_/D : -24.390560
[setup in-reg] enable_cycle -> _116937_/D : -24.390560
[setup in-reg] enable_cycle -> _116938_/D : -24.390560
[setup in-reg] enable_cycle -> _116939_/D : -24.390560
[setup in-reg] enable_cycle -> _116941_/D : -24.390560
[setup in-reg] enable_cycle -> _116942_/D : -24.390560
[setup in-reg] enable_cycle -> _116943_/D : -24.390560
[setup in-reg] enable_cycle -> _116945_/D : -24.390560
[setup in-reg] enable_cycle -> _116947_/D : -24.390560
[setup in-reg] enable_cycle -> _116948_/D : -24.390560
[setup in-reg] enable_cycle -> _116949_/D : -24.390560
[setup in-reg] enable_cycle -> _116951_/D : -24.390560
[setup in-reg] enable_cycle -> _116953_/D : -24.390560
[setup in-reg] enable_cycle -> _116955_/D : -24.390560
[setup in-reg] enable_cycle -> _116957_/D : -24.390560
[setup in-reg] enable_cycle -> _116983_/D : -24.390560
[setup in-reg] enable_cycle -> _116984_/D : -24.390560
[setup in-reg] enable_cycle -> _116985_/D : -24.390560
[setup in-reg] enable_cycle -> _116987_/D : -24.390560
[setup in-reg] enable_cycle -> _116988_/D : -24.390560
[setup in-reg] enable_cycle -> _116989_/D : -24.390560
[setup in-reg] enable_cycle -> _116991_/D : -24.390560
[setup in-reg] enable_cycle -> _116993_/D : -24.390560
[setup in-reg] enable_cycle -> _116997_/D : -24.390560
[setup in-reg] enable_cycle -> _116999_/D : -24.390560
[setup in-reg] enable_cycle -> _117001_/D : -24.390560
[setup in-reg] enable_cycle -> _117003_/D : -24.390560
[setup in-reg] enable_cycle -> _117054_/D : -24.390560
[setup in-reg] enable_cycle -> _117055_/D : -24.390560
[setup in-reg] enable_cycle -> _117056_/D : -24.390560
[setup in-reg] enable_cycle -> _117057_/D : -24.390560
[setup in-reg] enable_cycle -> _117058_/D : -24.390560
[setup in-reg] enable_cycle -> _117059_/D : -24.390560
[setup in-reg] enable_cycle -> _117061_/D : -24.390560
[setup in-reg] enable_cycle -> _117063_/D : -24.390560
[setup in-reg] enable_cycle -> _117065_/D : -24.390560
[setup in-reg] enable_cycle -> _112225_/D : -24.380037
[setup in-reg] enable_cycle -> _113185_/D : -24.380037
[setup in-reg] enable_cycle -> _113249_/D : -24.380037
[setup in-reg] enable_cycle -> _113252_/D : -24.380037
[setup in-reg] enable_cycle -> _113313_/D : -24.380037
[setup in-reg] enable_cycle -> _113316_/D : -24.380037
[setup in-reg] enable_cycle -> _113493_/D : -24.380037
[setup in-reg] enable_cycle -> _113495_/D : -24.380037
[setup in-reg] enable_cycle -> _111867_/D : -24.295904
[setup in-reg] enable_cycle -> _111248_/D : -24.166468
[setup in-reg] enable_cycle -> _111345_/D : -24.166468
[setup in-reg] enable_cycle -> _111466_/D : -24.166468
[setup in-reg] enable_cycle -> _111563_/D : -24.166468
[setup in-reg] enable_cycle -> _111660_/D : -24.166468
[setup in-reg] enable_cycle -> _111757_/D : -24.166468
[setup in-reg] enable_cycle -> _111854_/D : -24.166468
[setup in-reg] enable_cycle -> _112020_/D : -24.166468
[setup in-reg] enable_cycle -> _112120_/D : -24.166468
[setup in-reg] enable_cycle -> _112220_/D : -24.166468
[setup in-reg] enable_cycle -> _112320_/D : -24.166468
[setup in-reg] enable_cycle -> _112420_/D : -24.166468
[setup in-reg] enable_cycle -> _112520_/D : -24.166468
[setup in-reg] enable_cycle -> _112620_/D : -24.166468
[setup in-reg] enable_cycle -> _112713_/D : -24.166468
[setup in-reg] enable_cycle -> _113643_/D : -24.166468
[setup in-reg] enable_cycle -> _113807_/D : -24.166468
[setup in-reg] enable_cycle -> _113971_/D : -24.166468
[setup in-reg] enable_cycle -> _114279_/D : -24.166468
[setup in-reg] enable_cycle -> _114449_/D : -24.166468
[setup in-reg] enable_cycle -> _114619_/D : -24.166468
[setup in-reg] enable_cycle -> _114771_/D : -24.166468
[setup in-reg] enable_cycle -> _114938_/D : -24.166468
[setup in-reg] enable_cycle -> _115114_/D : -24.166468
[setup in-reg] enable_cycle -> _115290_/D : -24.166468
[setup in-reg] enable_cycle -> _115447_/D : -24.166468
[setup in-reg] enable_cycle -> _115711_/D : -24.166468
[setup in-reg] enable_cycle -> _115802_/D : -24.166468
[setup in-reg] enable_cycle -> _115893_/D : -24.166468
[setup in-reg] enable_cycle -> _115984_/D : -24.166468
[setup in-reg] enable_cycle -> _116075_/D : -24.166468
[setup in-reg] enable_cycle -> _116146_/D : -24.166468
[setup in-reg] enable_cycle -> _116231_/D : -24.166468
[setup in-reg] enable_cycle -> _116325_/D : -24.166468
[setup in-reg] enable_cycle -> _116552_/D : -24.166468
[setup in-reg] enable_cycle -> _116689_/D : -24.166468
[setup in-reg] enable_cycle -> _116884_/D : -24.166468
[setup in-reg] enable_cycle -> _111130_/D : -24.069065
[setup in-reg] enable_cycle -> _111350_/D : -24.069065
[setup in-reg] enable_cycle -> _111474_/D : -24.069065
[setup in-reg] enable_cycle -> _111571_/D : -24.069065
[setup in-reg] enable_cycle -> _111667_/D : -24.069065
[setup in-reg] enable_cycle -> _111762_/D : -24.069065
[setup in-reg] enable_cycle -> _111859_/D : -24.069065
[setup in-reg] enable_cycle -> _112023_/D : -24.069065
[setup in-reg] enable_cycle -> _112222_/D : -24.069065
[setup in-reg] enable_cycle -> _112424_/D : -24.069065
[setup in-reg] enable_cycle -> _112530_/D : -24.069065
[setup in-reg] enable_cycle -> _112716_/D : -24.069065
[setup in-reg] enable_cycle -> _112718_/D : -24.069065
[setup in-reg] enable_cycle -> _112860_/D : -24.069065
[setup in-reg] enable_cycle -> _113124_/D : -24.069065
[setup in-reg] enable_cycle -> _113130_/D : -24.069065
[setup in-reg] enable_cycle -> _113191_/D : -24.069065
[setup in-reg] enable_cycle -> _113251_/D : -24.069065
[setup in-reg] enable_cycle -> _113256_/D : -24.069065
[setup in-reg] enable_cycle -> _113258_/D : -24.069065
[setup in-reg] enable_cycle -> _113315_/D : -24.069065
[setup in-reg] enable_cycle -> _113322_/D : -24.069065
[setup in-reg] enable_cycle -> _113496_/D : -24.069065
[setup in-reg] enable_cycle -> _113561_/D : -24.069065
[setup in-reg] enable_cycle -> _113646_/D : -24.069065
[setup in-reg] enable_cycle -> _113653_/D : -24.069065
[setup in-reg] enable_cycle -> _113725_/D : -24.069065
[setup in-reg] enable_cycle -> _113815_/D : -24.069065
[setup in-reg] enable_cycle -> _113889_/D : -24.069065
[setup in-reg] enable_cycle -> _113892_/D : -24.069065
[setup in-reg] enable_cycle -> _114053_/D : -24.069065
[setup in-reg] enable_cycle -> _114056_/D : -24.069065
[setup in-reg] enable_cycle -> _114121_/D : -24.069065
[setup in-reg] enable_cycle -> _114123_/D : -24.069065
[setup in-reg] enable_cycle -> _114194_/D : -24.069065
[setup in-reg] enable_cycle -> _114364_/D : -24.069065
[setup in-reg] enable_cycle -> _114372_/D : -24.069065
[setup in-reg] enable_cycle -> _114534_/D : -24.069065
[setup in-reg] enable_cycle -> _114622_/D : -24.069065
[setup in-reg] enable_cycle -> _114704_/D : -24.069065
[setup in-reg] enable_cycle -> _114775_/D : -24.069065
[setup in-reg] enable_cycle -> _114776_/D : -24.069065
[setup in-reg] enable_cycle -> _114850_/D : -24.069065
[setup in-reg] enable_cycle -> _114860_/D : -24.069065
[setup in-reg] enable_cycle -> _115026_/D : -24.069065
[setup in-reg] enable_cycle -> _115202_/D : -24.069065
[setup in-reg] enable_cycle -> _115205_/D : -24.069065
[setup in-reg] enable_cycle -> _115212_/D : -24.069065
[setup in-reg] enable_cycle -> _115378_/D : -24.069065
[setup in-reg] enable_cycle -> _115381_/D : -24.069065
[setup in-reg] enable_cycle -> _115449_/D : -24.069065
[setup in-reg] enable_cycle -> _115452_/D : -24.069065
[setup in-reg] enable_cycle -> _115529_/D : -24.069065
[setup in-reg] enable_cycle -> _115620_/D : -24.069065
[setup in-reg] enable_cycle -> _115713_/D : -24.069065
[setup in-reg] enable_cycle -> _115719_/D : -24.069065
[setup in-reg] enable_cycle -> _115805_/D : -24.069065
[setup in-reg] enable_cycle -> _115898_/D : -24.069065
[setup in-reg] enable_cycle -> _115987_/D : -24.069065
[setup in-reg] enable_cycle -> _116078_/D : -24.069065
[setup in-reg] enable_cycle -> _116083_/D : -24.069065
[setup in-reg] enable_cycle -> _116149_/D : -24.069065
[setup in-reg] enable_cycle -> _116154_/D : -24.069065
[setup in-reg] enable_cycle -> _116156_/D : -24.069065
[setup in-reg] enable_cycle -> _116234_/D : -24.069065
[setup in-reg] enable_cycle -> _116239_/D : -24.069065
[setup in-reg] enable_cycle -> _116330_/D : -24.069065
[setup in-reg] enable_cycle -> _116419_/D : -24.069065
[setup in-reg] enable_cycle -> _116557_/D : -24.069065
[setup in-reg] enable_cycle -> _116694_/D : -24.069065
[setup in-reg] enable_cycle -> _116889_/D : -24.069065
[setup in-reg] enable_cycle -> _111151_/D : -24.044333
[setup in-reg] enable_cycle -> _111152_/D : -24.044333
[setup in-reg] enable_cycle -> _111153_/D : -24.044333
[setup in-reg] enable_cycle -> _111154_/D : -24.044333
[setup in-reg] enable_cycle -> _111155_/D : -24.044333
[setup in-reg] enable_cycle -> _111156_/D : -24.044333
[setup in-reg] enable_cycle -> _111157_/D : -24.044333
[setup in-reg] enable_cycle -> _111158_/D : -24.044333
[setup in-reg] enable_cycle -> _111159_/D : -24.044333
[setup in-reg] enable_cycle -> _111160_/D : -24.044333
[setup in-reg] enable_cycle -> _111161_/D : -24.044333
[setup in-reg] enable_cycle -> _111162_/D : -24.044333
[setup in-reg] enable_cycle -> _111163_/D : -24.044333
[setup in-reg] enable_cycle -> _111164_/D : -24.044333
[setup in-reg] enable_cycle -> _111165_/D : -24.044333
[setup in-reg] enable_cycle -> _111166_/D : -24.044333
[setup in-reg] enable_cycle -> _111226_/D : -24.044333
[setup in-reg] enable_cycle -> _111227_/D : -24.044333
[setup in-reg] enable_cycle -> _111228_/D : -24.044333
[setup in-reg] enable_cycle -> _111229_/D : -24.044333
[setup in-reg] enable_cycle -> _111230_/D : -24.044333
[setup in-reg] enable_cycle -> _111231_/D : -24.044333
[setup in-reg] enable_cycle -> _111232_/D : -24.044333
[setup in-reg] enable_cycle -> _111233_/D : -24.044333
[setup in-reg] enable_cycle -> _111234_/D : -24.044333
[setup in-reg] enable_cycle -> _111235_/D : -24.044333
[setup in-reg] enable_cycle -> _111236_/D : -24.044333
[setup in-reg] enable_cycle -> _111237_/D : -24.044333
[setup in-reg] enable_cycle -> _111238_/D : -24.044333
[setup in-reg] enable_cycle -> _111239_/D : -24.044333
[setup in-reg] enable_cycle -> _111240_/D : -24.044333
[setup in-reg] enable_cycle -> _111241_/D : -24.044333
[setup in-reg] enable_cycle -> _111242_/D : -24.044333
[setup in-reg] enable_cycle -> _111243_/D : -24.044333
[setup in-reg] enable_cycle -> _111244_/D : -24.044333
[setup in-reg] enable_cycle -> _111245_/D : -24.044333
[setup in-reg] enable_cycle -> _111246_/D : -24.044333
[setup in-reg] enable_cycle -> _111247_/D : -24.044333
[setup in-reg] enable_cycle -> _111361_/D : -24.044333
[setup in-reg] enable_cycle -> _111362_/D : -24.044333
[setup in-reg] enable_cycle -> _111363_/D : -24.044333
[setup in-reg] enable_cycle -> _111364_/D : -24.044333
[setup in-reg] enable_cycle -> _111365_/D : -24.044333
[setup in-reg] enable_cycle -> _111366_/D : -24.044333
[setup in-reg] enable_cycle -> _111367_/D : -24.044333
[setup in-reg] enable_cycle -> _111368_/D : -24.044333
[setup in-reg] enable_cycle -> _111369_/D : -24.044333
[setup in-reg] enable_cycle -> _111370_/D : -24.044333
[setup in-reg] enable_cycle -> _111371_/D : -24.044333
[setup in-reg] enable_cycle -> _111372_/D : -24.044333
[setup in-reg] enable_cycle -> _111373_/D : -24.044333
[setup in-reg] enable_cycle -> _111374_/D : -24.044333
[setup in-reg] enable_cycle -> _111375_/D : -24.044333
[setup in-reg] enable_cycle -> _111376_/D : -24.044333
[setup in-reg] enable_cycle -> _111377_/D : -24.044333
[setup in-reg] enable_cycle -> _111378_/D : -24.044333
[setup in-reg] enable_cycle -> _111379_/D : -24.044333
[setup in-reg] enable_cycle -> _111380_/D : -24.044333
[setup in-reg] enable_cycle -> _111381_/D : -24.044333
[setup in-reg] enable_cycle -> _111382_/D : -24.044333
[setup in-reg] enable_cycle -> _111482_/D : -24.044333
[setup in-reg] enable_cycle -> _111483_/D : -24.044333
[setup in-reg] enable_cycle -> _111484_/D : -24.044333
[setup in-reg] enable_cycle -> _111485_/D : -24.044333
[setup in-reg] enable_cycle -> _111486_/D : -24.044333
[setup in-reg] enable_cycle -> _111487_/D : -24.044333
[setup in-reg] enable_cycle -> _111488_/D : -24.044333
[setup in-reg] enable_cycle -> _111489_/D : -24.044333
[setup in-reg] enable_cycle -> _111490_/D : -24.044333
[setup in-reg] enable_cycle -> _111491_/D : -24.044333
[setup in-reg] enable_cycle -> _111492_/D : -24.044333
[setup in-reg] enable_cycle -> _111493_/D : -24.044333
[setup in-reg] enable_cycle -> _111494_/D : -24.044333
[setup in-reg] enable_cycle -> _111495_/D : -24.044333
[setup in-reg] enable_cycle -> _111496_/D : -24.044333
[setup in-reg] enable_cycle -> _111497_/D : -24.044333
[setup in-reg] enable_cycle -> _111498_/D : -24.044333
[setup in-reg] enable_cycle -> _111499_/D : -24.044333
[setup in-reg] enable_cycle -> _111500_/D : -24.044333
[setup in-reg] enable_cycle -> _111501_/D : -24.044333
[setup in-reg] enable_cycle -> _111502_/D : -24.044333
[setup in-reg] enable_cycle -> _111503_/D : -24.044333
[setup in-reg] enable_cycle -> _111579_/D : -24.044333
[setup in-reg] enable_cycle -> _111580_/D : -24.044333
[setup in-reg] enable_cycle -> _111581_/D : -24.044333
[setup in-reg] enable_cycle -> _111582_/D : -24.044333
[setup in-reg] enable_cycle -> _111583_/D : -24.044333
[setup in-reg] enable_cycle -> _111584_/D : -24.044333
[setup in-reg] enable_cycle -> _111585_/D : -24.044333
[setup in-reg] enable_cycle -> _111586_/D : -24.044333
[setup in-reg] enable_cycle -> _111587_/D : -24.044333
[setup in-reg] enable_cycle -> _111588_/D : -24.044333
[setup in-reg] enable_cycle -> _111589_/D : -24.044333
[setup in-reg] enable_cycle -> _111590_/D : -24.044333
[setup in-reg] enable_cycle -> _111591_/D : -24.044333
[setup in-reg] enable_cycle -> _111592_/D : -24.044333
[setup in-reg] enable_cycle -> _111593_/D : -24.044333
[setup in-reg] enable_cycle -> _111594_/D : -24.044333
[setup in-reg] enable_cycle -> _111595_/D : -24.044333
[setup in-reg] enable_cycle -> _111596_/D : -24.044333
[setup in-reg] enable_cycle -> _111597_/D : -24.044333
[setup in-reg] enable_cycle -> _111598_/D : -24.044333
[setup in-reg] enable_cycle -> _111599_/D : -24.044333
[setup in-reg] enable_cycle -> _111600_/D : -24.044333
[setup in-reg] enable_cycle -> _111676_/D : -24.044333
[setup in-reg] enable_cycle -> _111677_/D : -24.044333
[setup in-reg] enable_cycle -> _111678_/D : -24.044333
[setup in-reg] enable_cycle -> _111679_/D : -24.044333
[setup in-reg] enable_cycle -> _111680_/D : -24.044333
[setup in-reg] enable_cycle -> _111681_/D : -24.044333
[setup in-reg] enable_cycle -> _111682_/D : -24.044333
[setup in-reg] enable_cycle -> _111683_/D : -24.044333
[setup in-reg] enable_cycle -> _111684_/D : -24.044333
[setup in-reg] enable_cycle -> _111685_/D : -24.044333
[setup in-reg] enable_cycle -> _111686_/D : -24.044333
[setup in-reg] enable_cycle -> _111687_/D : -24.044333
[setup in-reg] enable_cycle -> _111688_/D : -24.044333
[setup in-reg] enable_cycle -> _111689_/D : -24.044333
[setup in-reg] enable_cycle -> _111690_/D : -24.044333
[setup in-reg] enable_cycle -> _111691_/D : -24.044333
[setup in-reg] enable_cycle -> _111692_/D : -24.044333
[setup in-reg] enable_cycle -> _111693_/D : -24.044333
[setup in-reg] enable_cycle -> _111694_/D : -24.044333
[setup in-reg] enable_cycle -> _111695_/D : -24.044333
[setup in-reg] enable_cycle -> _111696_/D : -24.044333
[setup in-reg] enable_cycle -> _111697_/D : -24.044333
[setup in-reg] enable_cycle -> _111773_/D : -24.044333
[setup in-reg] enable_cycle -> _111774_/D : -24.044333
[setup in-reg] enable_cycle -> _111775_/D : -24.044333
[setup in-reg] enable_cycle -> _111776_/D : -24.044333
[setup in-reg] enable_cycle -> _111777_/D : -24.044333
[setup in-reg] enable_cycle -> _111778_/D : -24.044333
[setup in-reg] enable_cycle -> _111779_/D : -24.044333
[setup in-reg] enable_cycle -> _111780_/D : -24.044333
[setup in-reg] enable_cycle -> _111781_/D : -24.044333
[setup in-reg] enable_cycle -> _111782_/D : -24.044333
[setup in-reg] enable_cycle -> _111783_/D : -24.044333
[setup in-reg] enable_cycle -> _111784_/D : -24.044333
[setup in-reg] enable_cycle -> _111785_/D : -24.044333
[setup in-reg] enable_cycle -> _111786_/D : -24.044333
[setup in-reg] enable_cycle -> _111787_/D : -24.044333
[setup in-reg] enable_cycle -> _111788_/D : -24.044333
[setup in-reg] enable_cycle -> _111789_/D : -24.044333
[setup in-reg] enable_cycle -> _111790_/D : -24.044333
[setup in-reg] enable_cycle -> _111791_/D : -24.044333
[setup in-reg] enable_cycle -> _111792_/D : -24.044333
[setup in-reg] enable_cycle -> _111793_/D : -24.044333
[setup in-reg] enable_cycle -> _111794_/D : -24.044333
[setup in-reg] enable_cycle -> _111870_/D : -24.044333
[setup in-reg] enable_cycle -> _111871_/D : -24.044333
[setup in-reg] enable_cycle -> _111872_/D : -24.044333
[setup in-reg] enable_cycle -> _111873_/D : -24.044333
[setup in-reg] enable_cycle -> _111874_/D : -24.044333
[setup in-reg] enable_cycle -> _111875_/D : -24.044333
[setup in-reg] enable_cycle -> _111876_/D : -24.044333
[setup in-reg] enable_cycle -> _111877_/D : -24.044333
[setup in-reg] enable_cycle -> _111878_/D : -24.044333
[setup in-reg] enable_cycle -> _111879_/D : -24.044333
[setup in-reg] enable_cycle -> _111880_/D : -24.044333
[setup in-reg] enable_cycle -> _111881_/D : -24.044333
[setup in-reg] enable_cycle -> _111882_/D : -24.044333
[setup in-reg] enable_cycle -> _111883_/D : -24.044333
[setup in-reg] enable_cycle -> _111884_/D : -24.044333
[setup in-reg] enable_cycle -> _111885_/D : -24.044333
[setup in-reg] enable_cycle -> _111886_/D : -24.044333
[setup in-reg] enable_cycle -> _111887_/D : -24.044333
[setup in-reg] enable_cycle -> _111888_/D : -24.044333
[setup in-reg] enable_cycle -> _111889_/D : -24.044333
[setup in-reg] enable_cycle -> _111890_/D : -24.044333
[setup in-reg] enable_cycle -> _111891_/D : -24.044333
[setup in-reg] enable_cycle -> _111945_/D : -24.044333
[setup in-reg] enable_cycle -> _111946_/D : -24.044333
[setup in-reg] enable_cycle -> _111947_/D : -24.044333
[setup in-reg] enable_cycle -> _111948_/D : -24.044333
[setup in-reg] enable_cycle -> _111949_/D : -24.044333
[setup in-reg] enable_cycle -> _111950_/D : -24.044333
[setup in-reg] enable_cycle -> _111951_/D : -24.044333
[setup in-reg] enable_cycle -> _111952_/D : -24.044333
[setup in-reg] enable_cycle -> _111953_/D : -24.044333
[setup in-reg] enable_cycle -> _111954_/D : -24.044333
[setup in-reg] enable_cycle -> _111955_/D : -24.044333
[setup in-reg] enable_cycle -> _111956_/D : -24.044333
[setup in-reg] enable_cycle -> _111957_/D : -24.044333
[setup in-reg] enable_cycle -> _111958_/D : -24.044333
[setup in-reg] enable_cycle -> _111959_/D : -24.044333
[setup in-reg] enable_cycle -> _111960_/D : -24.044333
[setup in-reg] enable_cycle -> _111961_/D : -24.044333
[setup in-reg] enable_cycle -> _111962_/D : -24.044333
[setup in-reg] enable_cycle -> _111963_/D : -24.044333
[setup in-reg] enable_cycle -> _111964_/D : -24.044333
[setup in-reg] enable_cycle -> _111965_/D : -24.044333
[setup in-reg] enable_cycle -> _111966_/D : -24.044333
[setup in-reg] enable_cycle -> _111997_/D : -24.044333
[setup in-reg] enable_cycle -> _111998_/D : -24.044333
[setup in-reg] enable_cycle -> _111999_/D : -24.044333
[setup in-reg] enable_cycle -> _112000_/D : -24.044333
[setup in-reg] enable_cycle -> _112001_/D : -24.044333
[setup in-reg] enable_cycle -> _112002_/D : -24.044333
[setup in-reg] enable_cycle -> _112003_/D : -24.044333
[setup in-reg] enable_cycle -> _112004_/D : -24.044333
[setup in-reg] enable_cycle -> _112005_/D : -24.044333
[setup in-reg] enable_cycle -> _112006_/D : -24.044333
[setup in-reg] enable_cycle -> _112007_/D : -24.044333
[setup in-reg] enable_cycle -> _112008_/D : -24.044333
[setup in-reg] enable_cycle -> _112009_/D : -24.044333
[setup in-reg] enable_cycle -> _112010_/D : -24.044333
[setup in-reg] enable_cycle -> _112011_/D : -24.044333
[setup in-reg] enable_cycle -> _112012_/D : -24.044333
[setup in-reg] enable_cycle -> _112013_/D : -24.044333
[setup in-reg] enable_cycle -> _112014_/D : -24.044333
[setup in-reg] enable_cycle -> _112015_/D : -24.044333
[setup in-reg] enable_cycle -> _112016_/D : -24.044333
[setup in-reg] enable_cycle -> _112017_/D : -24.044333
[setup in-reg] enable_cycle -> _112018_/D : -24.044333
[setup in-reg] enable_cycle -> _112019_/D : -24.044333
[setup in-reg] enable_cycle -> _112136_/D : -24.044333
[setup in-reg] enable_cycle -> _112137_/D : -24.044333
[setup in-reg] enable_cycle -> _112138_/D : -24.044333
[setup in-reg] enable_cycle -> _112139_/D : -24.044333
[setup in-reg] enable_cycle -> _112140_/D : -24.044333
[setup in-reg] enable_cycle -> _112141_/D : -24.044333
[setup in-reg] enable_cycle -> _112142_/D : -24.044333
[setup in-reg] enable_cycle -> _112143_/D : -24.044333
[setup in-reg] enable_cycle -> _112144_/D : -24.044333
[setup in-reg] enable_cycle -> _112145_/D : -24.044333
[setup in-reg] enable_cycle -> _112146_/D : -24.044333
[setup in-reg] enable_cycle -> _112147_/D : -24.044333
[setup in-reg] enable_cycle -> _112148_/D : -24.044333
[setup in-reg] enable_cycle -> _112149_/D : -24.044333
[setup in-reg] enable_cycle -> _112150_/D : -24.044333
[setup in-reg] enable_cycle -> _112151_/D : -24.044333
[setup in-reg] enable_cycle -> _112152_/D : -24.044333
[setup in-reg] enable_cycle -> _112153_/D : -24.044333
[setup in-reg] enable_cycle -> _112154_/D : -24.044333
[setup in-reg] enable_cycle -> _112155_/D : -24.044333
[setup in-reg] enable_cycle -> _112156_/D : -24.044333
[setup in-reg] enable_cycle -> _112157_/D : -24.044333
[setup in-reg] enable_cycle -> _112158_/D : -24.044333
[setup in-reg] enable_cycle -> _112236_/D : -24.044333
[setup in-reg] enable_cycle -> _112237_/D : -24.044333
[setup in-reg] enable_cycle -> _112238_/D : -24.044333
[setup in-reg] enable_cycle -> _112239_/D : -24.044333
[setup in-reg] enable_cycle -> _112240_/D : -24.044333
[setup in-reg] enable_cycle -> _112241_/D : -24.044333
[setup in-reg] enable_cycle -> _112242_/D : -24.044333
[setup in-reg] enable_cycle -> _112243_/D : -24.044333
[setup in-reg] enable_cycle -> _112244_/D : -24.044333
[setup in-reg] enable_cycle -> _112245_/D : -24.044333
[setup in-reg] enable_cycle -> _112246_/D : -24.044333
[setup in-reg] enable_cycle -> _112247_/D : -24.044333
[setup in-reg] enable_cycle -> _112248_/D : -24.044333
[setup in-reg] enable_cycle -> _112249_/D : -24.044333
[setup in-reg] enable_cycle -> _112250_/D : -24.044333
[setup in-reg] enable_cycle -> _112251_/D : -24.044333
[setup in-reg] enable_cycle -> _112252_/D : -24.044333
[setup in-reg] enable_cycle -> _112253_/D : -24.044333
[setup in-reg] enable_cycle -> _112254_/D : -24.044333
[setup in-reg] enable_cycle -> _112255_/D : -24.044333
[setup in-reg] enable_cycle -> _112256_/D : -24.044333
[setup in-reg] enable_cycle -> _112257_/D : -24.044333
[setup in-reg] enable_cycle -> _112258_/D : -24.044333
[setup in-reg] enable_cycle -> _112336_/D : -24.044333
[setup in-reg] enable_cycle -> _112337_/D : -24.044333
[setup in-reg] enable_cycle -> _112338_/D : -24.044333
[setup in-reg] enable_cycle -> _112339_/D : -24.044333
[setup in-reg] enable_cycle -> _112340_/D : -24.044333
[setup in-reg] enable_cycle -> _112341_/D : -24.044333
[setup in-reg] enable_cycle -> _112342_/D : -24.044333
[setup in-reg] enable_cycle -> _112343_/D : -24.044333
[setup in-reg] enable_cycle -> _112344_/D : -24.044333
[setup in-reg] enable_cycle -> _112345_/D : -24.044333
[setup in-reg] enable_cycle -> _112346_/D : -24.044333
[setup in-reg] enable_cycle -> _112347_/D : -24.044333
[setup in-reg] enable_cycle -> _112348_/D : -24.044333
[setup in-reg] enable_cycle -> _112349_/D : -24.044333
[setup in-reg] enable_cycle -> _112350_/D : -24.044333
[setup in-reg] enable_cycle -> _112351_/D : -24.044333
[setup in-reg] enable_cycle -> _112352_/D : -24.044333
[setup in-reg] enable_cycle -> _112353_/D : -24.044333
[setup in-reg] enable_cycle -> _112354_/D : -24.044333
[setup in-reg] enable_cycle -> _112355_/D : -24.044333
[setup in-reg] enable_cycle -> _112356_/D : -24.044333
[setup in-reg] enable_cycle -> _112357_/D : -24.044333
[setup in-reg] enable_cycle -> _112358_/D : -24.044333
[setup in-reg] enable_cycle -> _112436_/D : -24.044333
[setup in-reg] enable_cycle -> _112437_/D : -24.044333
[setup in-reg] enable_cycle -> _112438_/D : -24.044333
[setup in-reg] enable_cycle -> _112439_/D : -24.044333
[setup in-reg] enable_cycle -> _112440_/D : -24.044333
[setup in-reg] enable_cycle -> _112441_/D : -24.044333
[setup in-reg] enable_cycle -> _112442_/D : -24.044333
[setup in-reg] enable_cycle -> _112443_/D : -24.044333
[setup in-reg] enable_cycle -> _112444_/D : -24.044333
[setup in-reg] enable_cycle -> _112445_/D : -24.044333
[setup in-reg] enable_cycle -> _112446_/D : -24.044333
[setup in-reg] enable_cycle -> _112447_/D : -24.044333
[setup in-reg] enable_cycle -> _112448_/D : -24.044333
[setup in-reg] enable_cycle -> _112449_/D : -24.044333
[setup in-reg] enable_cycle -> _112450_/D : -24.044333
[setup in-reg] enable_cycle -> _112451_/D : -24.044333
[setup in-reg] enable_cycle -> _112452_/D : -24.044333
[setup in-reg] enable_cycle -> _112453_/D : -24.044333
[setup in-reg] enable_cycle -> _112454_/D : -24.044333
[setup in-reg] enable_cycle -> _112455_/D : -24.044333
[setup in-reg] enable_cycle -> _112456_/D : -24.044333
[setup in-reg] enable_cycle -> _112457_/D : -24.044333
[setup in-reg] enable_cycle -> _112458_/D : -24.044333
[setup in-reg] enable_cycle -> _112536_/D : -24.044333
[setup in-reg] enable_cycle -> _112537_/D : -24.044333
[setup in-reg] enable_cycle -> _112538_/D : -24.044333
[setup in-reg] enable_cycle -> _112539_/D : -24.044333
[setup in-reg] enable_cycle -> _112540_/D : -24.044333
[setup in-reg] enable_cycle -> _112541_/D : -24.044333
[setup in-reg] enable_cycle -> _112542_/D : -24.044333
[setup in-reg] enable_cycle -> _112543_/D : -24.044333
[setup in-reg] enable_cycle -> _112544_/D : -24.044333
[setup in-reg] enable_cycle -> _112545_/D : -24.044333
[setup in-reg] enable_cycle -> _112546_/D : -24.044333
[setup in-reg] enable_cycle -> _112547_/D : -24.044333
[setup in-reg] enable_cycle -> _112548_/D : -24.044333
[setup in-reg] enable_cycle -> _112549_/D : -24.044333
[setup in-reg] enable_cycle -> _112550_/D : -24.044333
[setup in-reg] enable_cycle -> _112551_/D : -24.044333
[setup in-reg] enable_cycle -> _112552_/D : -24.044333
[setup in-reg] enable_cycle -> _112553_/D : -24.044333
[setup in-reg] enable_cycle -> _112554_/D : -24.044333
[setup in-reg] enable_cycle -> _112555_/D : -24.044333
[setup in-reg] enable_cycle -> _112556_/D : -24.044333
[setup in-reg] enable_cycle -> _112557_/D : -24.044333
[setup in-reg] enable_cycle -> _112558_/D : -24.044333
[setup in-reg] enable_cycle -> _112636_/D : -24.044333
[setup in-reg] enable_cycle -> _112637_/D : -24.044333
[setup in-reg] enable_cycle -> _112638_/D : -24.044333
[setup in-reg] enable_cycle -> _112639_/D : -24.044333
[setup in-reg] enable_cycle -> _112640_/D : -24.044333
[setup in-reg] enable_cycle -> _112641_/D : -24.044333
[setup in-reg] enable_cycle -> _112642_/D : -24.044333
[setup in-reg] enable_cycle -> _112643_/D : -24.044333
[setup in-reg] enable_cycle -> _112644_/D : -24.044333
[setup in-reg] enable_cycle -> _112645_/D : -24.044333
[setup in-reg] enable_cycle -> _112646_/D : -24.044333
[setup in-reg] enable_cycle -> _112647_/D : -24.044333
[setup in-reg] enable_cycle -> _112648_/D : -24.044333
[setup in-reg] enable_cycle -> _112649_/D : -24.044333
[setup in-reg] enable_cycle -> _112650_/D : -24.044333
[setup in-reg] enable_cycle -> _112651_/D : -24.044333
[setup in-reg] enable_cycle -> _112652_/D : -24.044333
[setup in-reg] enable_cycle -> _112653_/D : -24.044333
[setup in-reg] enable_cycle -> _112654_/D : -24.044333
[setup in-reg] enable_cycle -> _112655_/D : -24.044333
[setup in-reg] enable_cycle -> _112656_/D : -24.044333
[setup in-reg] enable_cycle -> _112657_/D : -24.044333
[setup in-reg] enable_cycle -> _112658_/D : -24.044333
[setup in-reg] enable_cycle -> _112675_/D : -24.044333
[setup in-reg] enable_cycle -> _112676_/D : -24.044333
[setup in-reg] enable_cycle -> _112677_/D : -24.044333
[setup in-reg] enable_cycle -> _112678_/D : -24.044333
[setup in-reg] enable_cycle -> _112679_/D : -24.044333
[setup in-reg] enable_cycle -> _112680_/D : -24.044333
[setup in-reg] enable_cycle -> _112681_/D : -24.044333
[setup in-reg] enable_cycle -> _112682_/D : -24.044333
[setup in-reg] enable_cycle -> _112683_/D : -24.044333
[setup in-reg] enable_cycle -> _112684_/D : -24.044333
[setup in-reg] enable_cycle -> _112685_/D : -24.044333
[setup in-reg] enable_cycle -> _112686_/D : -24.044333
[setup in-reg] enable_cycle -> _112687_/D : -24.044333
[setup in-reg] enable_cycle -> _112688_/D : -24.044333
[setup in-reg] enable_cycle -> _112689_/D : -24.044333
[setup in-reg] enable_cycle -> _112690_/D : -24.044333
[setup in-reg] enable_cycle -> _112729_/D : -24.044333
[setup in-reg] enable_cycle -> _112730_/D : -24.044333
[setup in-reg] enable_cycle -> _112731_/D : -24.044333
[setup in-reg] enable_cycle -> _112732_/D : -24.044333
[setup in-reg] enable_cycle -> _112733_/D : -24.044333
[setup in-reg] enable_cycle -> _112734_/D : -24.044333
[setup in-reg] enable_cycle -> _112735_/D : -24.044333
[setup in-reg] enable_cycle -> _112736_/D : -24.044333
[setup in-reg] enable_cycle -> _112737_/D : -24.044333
[setup in-reg] enable_cycle -> _112738_/D : -24.044333
[setup in-reg] enable_cycle -> _112739_/D : -24.044333
[setup in-reg] enable_cycle -> _112740_/D : -24.044333
[setup in-reg] enable_cycle -> _112741_/D : -24.044333
[setup in-reg] enable_cycle -> _112742_/D : -24.044333
[setup in-reg] enable_cycle -> _112743_/D : -24.044333
[setup in-reg] enable_cycle -> _112744_/D : -24.044333
[setup in-reg] enable_cycle -> _112745_/D : -24.044333
[setup in-reg] enable_cycle -> _112746_/D : -24.044333
[setup in-reg] enable_cycle -> _112747_/D : -24.044333
[setup in-reg] enable_cycle -> _112748_/D : -24.044333
[setup in-reg] enable_cycle -> _112749_/D : -24.044333
[setup in-reg] enable_cycle -> _112750_/D : -24.044333
[setup in-reg] enable_cycle -> _112751_/D : -24.044333
[setup in-reg] enable_cycle -> _112872_/D : -24.044333
[setup in-reg] enable_cycle -> _112873_/D : -24.044333
[setup in-reg] enable_cycle -> _112874_/D : -24.044333
[setup in-reg] enable_cycle -> _112875_/D : -24.044333
[setup in-reg] enable_cycle -> _112876_/D : -24.044333
[setup in-reg] enable_cycle -> _112877_/D : -24.044333
[setup in-reg] enable_cycle -> _112878_/D : -24.044333
[setup in-reg] enable_cycle -> _112879_/D : -24.044333
[setup in-reg] enable_cycle -> _112880_/D : -24.044333
[setup in-reg] enable_cycle -> _112881_/D : -24.044333
[setup in-reg] enable_cycle -> _112882_/D : -24.044333
[setup in-reg] enable_cycle -> _112883_/D : -24.044333
[setup in-reg] enable_cycle -> _112884_/D : -24.044333
[setup in-reg] enable_cycle -> _112885_/D : -24.044333
[setup in-reg] enable_cycle -> _112886_/D : -24.044333
[setup in-reg] enable_cycle -> _112887_/D : -24.044333
[setup in-reg] enable_cycle -> _113104_/D : -24.044333
[setup in-reg] enable_cycle -> _113105_/D : -24.044333
[setup in-reg] enable_cycle -> _113106_/D : -24.044333
[setup in-reg] enable_cycle -> _113107_/D : -24.044333
[setup in-reg] enable_cycle -> _113108_/D : -24.044333
[setup in-reg] enable_cycle -> _113109_/D : -24.044333
[setup in-reg] enable_cycle -> _113110_/D : -24.044333
[setup in-reg] enable_cycle -> _113111_/D : -24.044333
[setup in-reg] enable_cycle -> _113112_/D : -24.044333
[setup in-reg] enable_cycle -> _113113_/D : -24.044333
[setup in-reg] enable_cycle -> _113114_/D : -24.044333
[setup in-reg] enable_cycle -> _113115_/D : -24.044333
[setup in-reg] enable_cycle -> _113116_/D : -24.044333
[setup in-reg] enable_cycle -> _113117_/D : -24.044333
[setup in-reg] enable_cycle -> _113118_/D : -24.044333
[setup in-reg] enable_cycle -> _113119_/D : -24.044333
[setup in-reg] enable_cycle -> _113136_/D : -24.044333
[setup in-reg] enable_cycle -> _113137_/D : -24.044333
[setup in-reg] enable_cycle -> _113138_/D : -24.044333
[setup in-reg] enable_cycle -> _113139_/D : -24.044333
[setup in-reg] enable_cycle -> _113140_/D : -24.044333
[setup in-reg] enable_cycle -> _113141_/D : -24.044333
[setup in-reg] enable_cycle -> _113142_/D : -24.044333
[setup in-reg] enable_cycle -> _113143_/D : -24.044333
[setup in-reg] enable_cycle -> _113144_/D : -24.044333
[setup in-reg] enable_cycle -> _113145_/D : -24.044333
[setup in-reg] enable_cycle -> _113146_/D : -24.044333
[setup in-reg] enable_cycle -> _113147_/D : -24.044333
[setup in-reg] enable_cycle -> _113148_/D : -24.044333
[setup in-reg] enable_cycle -> _113149_/D : -24.044333
[setup in-reg] enable_cycle -> _113150_/D : -24.044333
[setup in-reg] enable_cycle -> _113151_/D : -24.044333
[setup in-reg] enable_cycle -> _113168_/D : -24.044333
[setup in-reg] enable_cycle -> _113169_/D : -24.044333
[setup in-reg] enable_cycle -> _113170_/D : -24.044333
[setup in-reg] enable_cycle -> _113171_/D : -24.044333
[setup in-reg] enable_cycle -> _113172_/D : -24.044333
[setup in-reg] enable_cycle -> _113173_/D : -24.044333
[setup in-reg] enable_cycle -> _113174_/D : -24.044333
[setup in-reg] enable_cycle -> _113175_/D : -24.044333
[setup in-reg] enable_cycle -> _113176_/D : -24.044333
[setup in-reg] enable_cycle -> _113177_/D : -24.044333
[setup in-reg] enable_cycle -> _113178_/D : -24.044333
[setup in-reg] enable_cycle -> _113179_/D : -24.044333
[setup in-reg] enable_cycle -> _113180_/D : -24.044333
[setup in-reg] enable_cycle -> _113181_/D : -24.044333
[setup in-reg] enable_cycle -> _113182_/D : -24.044333
[setup in-reg] enable_cycle -> _113183_/D : -24.044333
[setup in-reg] enable_cycle -> _113200_/D : -24.044333
[setup in-reg] enable_cycle -> _113201_/D : -24.044333
[setup in-reg] enable_cycle -> _113202_/D : -24.044333
[setup in-reg] enable_cycle -> _113203_/D : -24.044333
[setup in-reg] enable_cycle -> _113204_/D : -24.044333
[setup in-reg] enable_cycle -> _113205_/D : -24.044333
[setup in-reg] enable_cycle -> _113206_/D : -24.044333
[setup in-reg] enable_cycle -> _113207_/D : -24.044333
[setup in-reg] enable_cycle -> _113208_/D : -24.044333
[setup in-reg] enable_cycle -> _113209_/D : -24.044333
[setup in-reg] enable_cycle -> _113210_/D : -24.044333
[setup in-reg] enable_cycle -> _113211_/D : -24.044333
[setup in-reg] enable_cycle -> _113212_/D : -24.044333
[setup in-reg] enable_cycle -> _113213_/D : -24.044333
[setup in-reg] enable_cycle -> _113214_/D : -24.044333
[setup in-reg] enable_cycle -> _113215_/D : -24.044333
[setup in-reg] enable_cycle -> _113232_/D : -24.044333
[setup in-reg] enable_cycle -> _113233_/D : -24.044333
[setup in-reg] enable_cycle -> _113234_/D : -24.044333
[setup in-reg] enable_cycle -> _113235_/D : -24.044333
[setup in-reg] enable_cycle -> _113236_/D : -24.044333
[setup in-reg] enable_cycle -> _113237_/D : -24.044333
[setup in-reg] enable_cycle -> _113238_/D : -24.044333
[setup in-reg] enable_cycle -> _113239_/D : -24.044333
[setup in-reg] enable_cycle -> _113240_/D : -24.044333
[setup in-reg] enable_cycle -> _113241_/D : -24.044333
[setup in-reg] enable_cycle -> _113242_/D : -24.044333
[setup in-reg] enable_cycle -> _113243_/D : -24.044333
[setup in-reg] enable_cycle -> _113244_/D : -24.044333
[setup in-reg] enable_cycle -> _113245_/D : -24.044333
[setup in-reg] enable_cycle -> _113246_/D : -24.044333
[setup in-reg] enable_cycle -> _113247_/D : -24.044333
[setup in-reg] enable_cycle -> _113264_/D : -24.044333
[setup in-reg] enable_cycle -> _113265_/D : -24.044333
[setup in-reg] enable_cycle -> _113266_/D : -24.044333
[setup in-reg] enable_cycle -> _113267_/D : -24.044333
[setup in-reg] enable_cycle -> _113268_/D : -24.044333
[setup in-reg] enable_cycle -> _113269_/D : -24.044333
[setup in-reg] enable_cycle -> _113270_/D : -24.044333
[setup in-reg] enable_cycle -> _113271_/D : -24.044333
[setup in-reg] enable_cycle -> _113272_/D : -24.044333
[setup in-reg] enable_cycle -> _113273_/D : -24.044333
[setup in-reg] enable_cycle -> _113274_/D : -24.044333
[setup in-reg] enable_cycle -> _113275_/D : -24.044333
[setup in-reg] enable_cycle -> _113276_/D : -24.044333
[setup in-reg] enable_cycle -> _113277_/D : -24.044333
[setup in-reg] enable_cycle -> _113278_/D : -24.044333
[setup in-reg] enable_cycle -> _113279_/D : -24.044333
[setup in-reg] enable_cycle -> _113296_/D : -24.044333
[setup in-reg] enable_cycle -> _113297_/D : -24.044333
[setup in-reg] enable_cycle -> _113298_/D : -24.044333
[setup in-reg] enable_cycle -> _113299_/D : -24.044333
[setup in-reg] enable_cycle -> _113300_/D : -24.044333
[setup in-reg] enable_cycle -> _113301_/D : -24.044333
[setup in-reg] enable_cycle -> _113302_/D : -24.044333
[setup in-reg] enable_cycle -> _113303_/D : -24.044333
[setup in-reg] enable_cycle -> _113304_/D : -24.044333
[setup in-reg] enable_cycle -> _113305_/D : -24.044333
[setup in-reg] enable_cycle -> _113306_/D : -24.044333
[setup in-reg] enable_cycle -> _113307_/D : -24.044333
[setup in-reg] enable_cycle -> _113308_/D : -24.044333
[setup in-reg] enable_cycle -> _113309_/D : -24.044333
[setup in-reg] enable_cycle -> _113310_/D : -24.044333
[setup in-reg] enable_cycle -> _113311_/D : -24.044333
[setup in-reg] enable_cycle -> _113328_/D : -24.044333
[setup in-reg] enable_cycle -> _113329_/D : -24.044333
[setup in-reg] enable_cycle -> _113330_/D : -24.044333
[setup in-reg] enable_cycle -> _113331_/D : -24.044333
[setup in-reg] enable_cycle -> _113332_/D : -24.044333
[setup in-reg] enable_cycle -> _113333_/D : -24.044333
[setup in-reg] enable_cycle -> _113334_/D : -24.044333
[setup in-reg] enable_cycle -> _113335_/D : -24.044333
[setup in-reg] enable_cycle -> _113336_/D : -24.044333
[setup in-reg] enable_cycle -> _113337_/D : -24.044333
[setup in-reg] enable_cycle -> _113338_/D : -24.044333
[setup in-reg] enable_cycle -> _113339_/D : -24.044333
[setup in-reg] enable_cycle -> _113340_/D : -24.044333
[setup in-reg] enable_cycle -> _113341_/D : -24.044333
[setup in-reg] enable_cycle -> _113342_/D : -24.044333
[setup in-reg] enable_cycle -> _113343_/D : -24.044333
[setup in-reg] enable_cycle -> _113360_/D : -24.044333
[setup in-reg] enable_cycle -> _113361_/D : -24.044333
[setup in-reg] enable_cycle -> _113362_/D : -24.044333
[setup in-reg] enable_cycle -> _113363_/D : -24.044333
[setup in-reg] enable_cycle -> _113364_/D : -24.044333
[setup in-reg] enable_cycle -> _113365_/D : -24.044333
[setup in-reg] enable_cycle -> _113366_/D : -24.044333
[setup in-reg] enable_cycle -> _113367_/D : -24.044333
[setup in-reg] enable_cycle -> _113368_/D : -24.044333
[setup in-reg] enable_cycle -> _113369_/D : -24.044333
[setup in-reg] enable_cycle -> _113370_/D : -24.044333
[setup in-reg] enable_cycle -> _113371_/D : -24.044333
[setup in-reg] enable_cycle -> _113372_/D : -24.044333
[setup in-reg] enable_cycle -> _113373_/D : -24.044333
[setup in-reg] enable_cycle -> _113374_/D : -24.044333
[setup in-reg] enable_cycle -> _113375_/D : -24.044333
[setup in-reg] enable_cycle -> _113392_/D : -24.044333
[setup in-reg] enable_cycle -> _113393_/D : -24.044333
[setup in-reg] enable_cycle -> _113394_/D : -24.044333
[setup in-reg] enable_cycle -> _113395_/D : -24.044333
[setup in-reg] enable_cycle -> _113396_/D : -24.044333
[setup in-reg] enable_cycle -> _113397_/D : -24.044333
[setup in-reg] enable_cycle -> _113398_/D : -24.044333
[setup in-reg] enable_cycle -> _113399_/D : -24.044333
[setup in-reg] enable_cycle -> _113400_/D : -24.044333
[setup in-reg] enable_cycle -> _113401_/D : -24.044333
[setup in-reg] enable_cycle -> _113402_/D : -24.044333
[setup in-reg] enable_cycle -> _113403_/D : -24.044333
[setup in-reg] enable_cycle -> _113404_/D : -24.044333
[setup in-reg] enable_cycle -> _113405_/D : -24.044333
[setup in-reg] enable_cycle -> _113406_/D : -24.044333
[setup in-reg] enable_cycle -> _113407_/D : -24.044333
[setup in-reg] enable_cycle -> _113424_/D : -24.044333
[setup in-reg] enable_cycle -> _113425_/D : -24.044333
[setup in-reg] enable_cycle -> _113426_/D : -24.044333
[setup in-reg] enable_cycle -> _113427_/D : -24.044333
[setup in-reg] enable_cycle -> _113428_/D : -24.044333
[setup in-reg] enable_cycle -> _113429_/D : -24.044333
[setup in-reg] enable_cycle -> _113430_/D : -24.044333
[setup in-reg] enable_cycle -> _113431_/D : -24.044333
[setup in-reg] enable_cycle -> _113432_/D : -24.044333
[setup in-reg] enable_cycle -> _113433_/D : -24.044333
[setup in-reg] enable_cycle -> _113434_/D : -24.044333
[setup in-reg] enable_cycle -> _113435_/D : -24.044333
[setup in-reg] enable_cycle -> _113436_/D : -24.044333
[setup in-reg] enable_cycle -> _113437_/D : -24.044333
[setup in-reg] enable_cycle -> _113438_/D : -24.044333
[setup in-reg] enable_cycle -> _113439_/D : -24.044333
[setup in-reg] enable_cycle -> _113456_/D : -24.044333
[setup in-reg] enable_cycle -> _113457_/D : -24.044333
[setup in-reg] enable_cycle -> _113458_/D : -24.044333
[setup in-reg] enable_cycle -> _113459_/D : -24.044333
[setup in-reg] enable_cycle -> _113460_/D : -24.044333
[setup in-reg] enable_cycle -> _113461_/D : -24.044333
[setup in-reg] enable_cycle -> _113462_/D : -24.044333
[setup in-reg] enable_cycle -> _113463_/D : -24.044333
[setup in-reg] enable_cycle -> _113464_/D : -24.044333
[setup in-reg] enable_cycle -> _113465_/D : -24.044333
[setup in-reg] enable_cycle -> _113466_/D : -24.044333
[setup in-reg] enable_cycle -> _113467_/D : -24.044333
[setup in-reg] enable_cycle -> _113468_/D : -24.044333
[setup in-reg] enable_cycle -> _113469_/D : -24.044333
[setup in-reg] enable_cycle -> _113470_/D : -24.044333
[setup in-reg] enable_cycle -> _113471_/D : -24.044333
[setup in-reg] enable_cycle -> _113504_/D : -24.044333
[setup in-reg] enable_cycle -> _113505_/D : -24.044333
[setup in-reg] enable_cycle -> _113506_/D : -24.044333
[setup in-reg] enable_cycle -> _113507_/D : -24.044333
[setup in-reg] enable_cycle -> _113508_/D : -24.044333
[setup in-reg] enable_cycle -> _113509_/D : -24.044333
[setup in-reg] enable_cycle -> _113510_/D : -24.044333
[setup in-reg] enable_cycle -> _113511_/D : -24.044333
[setup in-reg] enable_cycle -> _113512_/D : -24.044333
[setup in-reg] enable_cycle -> _113513_/D : -24.044333
[setup in-reg] enable_cycle -> _113514_/D : -24.044333
[setup in-reg] enable_cycle -> _113515_/D : -24.044333
[setup in-reg] enable_cycle -> _113516_/D : -24.044333
[setup in-reg] enable_cycle -> _113517_/D : -24.044333
[setup in-reg] enable_cycle -> _113518_/D : -24.044333
[setup in-reg] enable_cycle -> _113519_/D : -24.044333
[setup in-reg] enable_cycle -> _113528_/D : -24.044333
[setup in-reg] enable_cycle -> _113529_/D : -24.044333
[setup in-reg] enable_cycle -> _113530_/D : -24.044333
[setup in-reg] enable_cycle -> _113531_/D : -24.044333
[setup in-reg] enable_cycle -> _113532_/D : -24.044333
[setup in-reg] enable_cycle -> _113533_/D : -24.044333
[setup in-reg] enable_cycle -> _113534_/D : -24.044333
[setup in-reg] enable_cycle -> _113535_/D : -24.044333
[setup in-reg] enable_cycle -> _113536_/D : -24.044333
[setup in-reg] enable_cycle -> _113537_/D : -24.044333
[setup in-reg] enable_cycle -> _113538_/D : -24.044333
[setup in-reg] enable_cycle -> _113539_/D : -24.044333
[setup in-reg] enable_cycle -> _113540_/D : -24.044333
[setup in-reg] enable_cycle -> _113541_/D : -24.044333
[setup in-reg] enable_cycle -> _113542_/D : -24.044333
[setup in-reg] enable_cycle -> _113543_/D : -24.044333
[setup in-reg] enable_cycle -> _113544_/D : -24.044333
[setup in-reg] enable_cycle -> _113545_/D : -24.044333
[setup in-reg] enable_cycle -> _113546_/D : -24.044333
[setup in-reg] enable_cycle -> _113547_/D : -24.044333
[setup in-reg] enable_cycle -> _113548_/D : -24.044333
[setup in-reg] enable_cycle -> _113549_/D : -24.044333
[setup in-reg] enable_cycle -> _113550_/D : -24.044333
[setup in-reg] enable_cycle -> _113551_/D : -24.044333
[setup in-reg] enable_cycle -> _113552_/D : -24.044333
[setup in-reg] enable_cycle -> _113553_/D : -24.044333
[setup in-reg] enable_cycle -> _113554_/D : -24.044333
[setup in-reg] enable_cycle -> _113555_/D : -24.044333
[setup in-reg] enable_cycle -> _113556_/D : -24.044333
[setup in-reg] enable_cycle -> _113557_/D : -24.044333
[setup in-reg] enable_cycle -> _113558_/D : -24.044333
[setup in-reg] enable_cycle -> _113559_/D : -24.044333
[setup in-reg] enable_cycle -> _113560_/D : -24.044333
[setup in-reg] enable_cycle -> _113659_/D : -24.044333
[setup in-reg] enable_cycle -> _113660_/D : -24.044333
[setup in-reg] enable_cycle -> _113661_/D : -24.044333
[setup in-reg] enable_cycle -> _113662_/D : -24.044333
[setup in-reg] enable_cycle -> _113663_/D : -24.044333
[setup in-reg] enable_cycle -> _113664_/D : -24.044333
[setup in-reg] enable_cycle -> _113665_/D : -24.044333
[setup in-reg] enable_cycle -> _113666_/D : -24.044333
[setup in-reg] enable_cycle -> _113667_/D : -24.044333
[setup in-reg] enable_cycle -> _113668_/D : -24.044333
[setup in-reg] enable_cycle -> _113669_/D : -24.044333
[setup in-reg] enable_cycle -> _111453_/D : -24.008371
[setup in-reg] enable_cycle -> _111550_/D : -24.006889
[setup in-reg] enable_cycle -> _112419_/D : -24.004713
[setup in-reg] enable_cycle -> _116764_/D : -24.004713
[setup in-reg] enable_cycle -> _112319_/D : -23.991875
[setup in-reg] enable_cycle -> _112519_/D : -23.991875
[setup in-reg] enable_cycle -> _112619_/D : -23.991880
[setup in-reg] enable_cycle -> _117045_/D : -23.988688
[setup in-reg] enable_cycle -> _117047_/D : -23.988688
[setup in-reg] enable_cycle -> _112418_/D : -23.965446
[setup in-reg] enable_cycle -> _116763_/D : -23.965446
[setup in-reg] enable_cycle -> _114612_/D : -23.964336
[setup in-reg] enable_cycle -> _116506_/D : -23.964336
[setup in-reg] enable_cycle -> _116074_/D : -23.963140
[setup in-reg] enable_cycle -> _111549_/D : -23.951307
[setup in-reg] enable_cycle -> _111743_/D : -23.951307
[setup in-reg] enable_cycle -> _111983_/D : -23.951307
[setup in-reg] enable_cycle -> _112318_/D : -23.950741
[setup in-reg] enable_cycle -> _112518_/D : -23.950741
[setup in-reg] enable_cycle -> _112618_/D : -23.950741
[setup in-reg] enable_cycle -> _111465_/D : -23.946770
[setup in-reg] enable_cycle -> _111562_/D : -23.946770
[setup in-reg] enable_cycle -> _111659_/D : -23.946770
[setup in-reg] enable_cycle -> _111996_/D : -23.946770
[setup in-reg] enable_cycle -> _112105_/D : -23.943890
[setup in-reg] enable_cycle -> _116647_/D : -23.940630
[setup in-reg] enable_cycle -> _112219_/D : -23.933353
[setup in-reg] enable_cycle -> _111835_/D : -23.925493
[setup in-reg] enable_cycle -> _112796_/D : -23.925493
[setup in-reg] enable_cycle -> _113723_/D : -23.925493
[setup in-reg] enable_cycle -> _116073_/D : -23.917847
[setup in-reg] enable_cycle -> _115372_/D : -23.916269
[setup in-reg] enable_cycle -> _115708_/D : -23.913685
[setup in-reg] enable_cycle -> _112614_/D : -23.901039
[setup in-reg] enable_cycle -> _116072_/D : -23.901056
[setup in-reg] enable_cycle -> _116321_/D : -23.901039
[setup in-reg] enable_cycle -> _116685_/D : -23.901039
[setup in-reg] enable_cycle -> _116759_/D : -23.901039
[setup in-reg] enable_cycle -> _117049_/D : -23.901028
[setup in-reg] enable_cycle -> _114278_/D : -23.900579
[setup in-reg] enable_cycle -> _111464_/D : -23.900023
[setup in-reg] enable_cycle -> _111561_/D : -23.900023
[setup in-reg] enable_cycle -> _111658_/D : -23.900023
[setup in-reg] enable_cycle -> _111995_/D : -23.900023
[setup in-reg] enable_cycle -> _111558_/D : -23.899307
[setup in-reg] enable_cycle -> _111192_/D : -23.899281
[setup in-reg] enable_cycle -> _111655_/D : -23.899277
[setup in-reg] enable_cycle -> _111752_/D : -23.899281
[setup in-reg] enable_cycle -> _112214_/D : -23.899277
[setup in-reg] enable_cycle -> _112314_/D : -23.899277
[setup in-reg] enable_cycle -> _112414_/D : -23.899277
[setup in-reg] enable_cycle -> _112514_/D : -23.899277
[setup in-reg] enable_cycle -> _115377_/D : -23.898630
[setup in-reg] enable_cycle -> _116490_/D : -23.898630
[setup in-reg] enable_cycle -> _116551_/D : -23.898413
[setup in-reg] enable_cycle -> _116418_/D : -23.897738
[setup in-reg] enable_cycle -> _112775_/D : -23.897308
[setup in-reg] enable_cycle -> _114937_/D : -23.897308
[setup in-reg] enable_cycle -> _115025_/D : -23.897308
[setup in-reg] enable_cycle -> _115113_/D : -23.897308
[setup in-reg] enable_cycle -> _115508_/D : -23.897308
[setup in-reg] enable_cycle -> _111751_/D : -23.897238
[setup in-reg] enable_cycle -> _111847_/D : -23.897238
[setup in-reg] enable_cycle -> _111848_/D : -23.897238
[setup in-reg] enable_cycle -> _111849_/D : -23.897238
[setup in-reg] enable_cycle -> _111991_/D : -23.897238
[setup in-reg] enable_cycle -> _111992_/D : -23.897238
[setup in-reg] enable_cycle -> _112116_/D : -23.897238
[setup in-reg] enable_cycle -> _112216_/D : -23.897234
[setup in-reg] enable_cycle -> _112316_/D : -23.897234
[setup in-reg] enable_cycle -> _112416_/D : -23.897234
[setup in-reg] enable_cycle -> _112516_/D : -23.897234
[setup in-reg] enable_cycle -> _112616_/D : -23.897234
[setup in-reg] enable_cycle -> _112794_/D : -23.897234
[setup in-reg] enable_cycle -> _112798_/D : -23.897234
[setup in-reg] enable_cycle -> _113637_/D : -23.897234
[setup in-reg] enable_cycle -> _113641_/D : -23.897234
[setup in-reg] enable_cycle -> _113801_/D : -23.897234
[setup in-reg] enable_cycle -> _113804_/D : -23.897234
[setup in-reg] enable_cycle -> _113805_/D : -23.897234
[setup in-reg] enable_cycle -> _113887_/D : -23.897234
[setup in-reg] enable_cycle -> _114362_/D : -23.897234
[setup in-reg] enable_cycle -> _114935_/D : -23.897234
[setup in-reg] enable_cycle -> _115023_/D : -23.897234
[setup in-reg] enable_cycle -> _115111_/D : -23.897234
[setup in-reg] enable_cycle -> _115286_/D : -23.897234
[setup in-reg] enable_cycle -> _115375_/D : -23.897234
[setup in-reg] enable_cycle -> _115615_/D : -23.897234
[setup in-reg] enable_cycle -> _115616_/D : -23.897234
[setup in-reg] enable_cycle -> _115617_/D : -23.897234
[setup in-reg] enable_cycle -> _115797_/D : -23.897234
[setup in-reg] enable_cycle -> _116646_/D : -23.897032
[setup in-reg] enable_cycle -> _112215_/D : -23.875990
[setup in-reg] enable_cycle -> _112315_/D : -23.875990
[setup in-reg] enable_cycle -> _112317_/D : -23.875990
[setup in-reg] enable_cycle -> _112415_/D : -23.875990
[setup in-reg] enable_cycle -> _112417_/D : -23.875990
[setup in-reg] enable_cycle -> _112515_/D : -23.875990
[setup in-reg] enable_cycle -> _112517_/D : -23.875990
[setup in-reg] enable_cycle -> _112615_/D : -23.875990
[setup in-reg] enable_cycle -> _112617_/D : -23.875990
[setup in-reg] enable_cycle -> _116760_/D : -23.875990
[setup in-reg] enable_cycle -> _111193_/D : -23.875896
[setup in-reg] enable_cycle -> _111341_/D : -23.875896
[setup in-reg] enable_cycle -> _111462_/D : -23.875896
[setup in-reg] enable_cycle -> _111559_/D : -23.875896
[setup in-reg] enable_cycle -> _111993_/D : -23.875896
[setup in-reg] enable_cycle -> _113969_/D : -23.875896
[setup in-reg] enable_cycle -> _114174_/D : -23.875896
[setup in-reg] enable_cycle -> _116322_/D : -23.875896
[setup in-reg] enable_cycle -> _112612_/D : -23.875612
[setup in-reg] enable_cycle -> _115505_/D : -23.875612
[setup in-reg] enable_cycle -> _115706_/D : -23.875612
[setup in-reg] enable_cycle -> _116757_/D : -23.875612
[setup in-reg] enable_cycle -> _116878_/D : -23.875612
[setup in-reg] enable_cycle -> _111191_/D : -23.873388
[setup in-reg] enable_cycle -> _111339_/D : -23.873388
[setup in-reg] enable_cycle -> _111342_/D : -23.873388
[setup in-reg] enable_cycle -> _111343_/D : -23.873388
[setup in-reg] enable_cycle -> _111460_/D : -23.873388
[setup in-reg] enable_cycle -> _111463_/D : -23.873388
[setup in-reg] enable_cycle -> _111556_/D : -23.873388
[setup in-reg] enable_cycle -> _111557_/D : -23.873388
[setup in-reg] enable_cycle -> _111656_/D : -23.873388
[setup in-reg] enable_cycle -> _116762_/D : -23.872837
[setup in-reg] enable_cycle -> _117048_/D : -23.872837
[setup in-reg] enable_cycle -> _112112_/D : -23.870905
[setup in-reg] enable_cycle -> _112212_/D : -23.870905
[setup in-reg] enable_cycle -> _112312_/D : -23.870905
[setup in-reg] enable_cycle -> _114934_/D : -23.870905
[setup in-reg] enable_cycle -> _115018_/D : -23.870905
[setup in-reg] enable_cycle -> _115110_/D : -23.870905
[setup in-reg] enable_cycle -> _111338_/D : -23.867594
[setup in-reg] enable_cycle -> _112512_/D : -23.867594
[setup in-reg] enable_cycle -> _116625_/D : -23.863852
[setup in-reg] enable_cycle -> _116549_/D : -23.850113
[setup in-reg] enable_cycle -> _116686_/D : -23.850113
[setup in-reg] enable_cycle -> _116881_/D : -23.850113
[setup in-reg] enable_cycle -> _116883_/D : -23.829615
[setup in-reg] enable_cycle -> _111756_/D : -23.826378
[setup in-reg] enable_cycle -> _112779_/D : -23.826378
[setup in-reg] enable_cycle -> _112782_/D : -23.826378
[setup in-reg] enable_cycle -> _115976_/D : -23.823973
[setup in-reg] enable_cycle -> _116202_/D : -23.823973
[setup in-reg] enable_cycle -> _116209_/D : -23.823973
[setup in-reg] enable_cycle -> _116484_/D : -23.823973
[setup in-reg] enable_cycle -> _116638_/D : -23.823973
[setup in-reg] enable_cycle -> _116979_/D : -23.823973
[setup in-reg] enable_cycle -> _111344_/D : -23.819120
[setup in-reg] enable_cycle -> _111853_/D : -23.819120
[setup in-reg] enable_cycle -> _112412_/D : -23.819120
[setup in-reg] enable_cycle -> _112797_/D : -23.819120
[setup in-reg] enable_cycle -> _113640_/D : -23.819120
[setup in-reg] enable_cycle -> _116879_/D : -23.811445
[setup in-reg] enable_cycle -> _116880_/D : -23.811445
[setup in-reg] enable_cycle -> _116980_/D : -23.811445
[setup in-reg] enable_cycle -> _117050_/D : -23.811445
[setup in-reg] enable_cycle -> _115798_/D : -23.804430
[setup in-reg] enable_cycle -> _115799_/D : -23.804430
[setup in-reg] enable_cycle -> _115979_/D : -23.804430
[setup in-reg] enable_cycle -> _115980_/D : -23.804430
[setup in-reg] enable_cycle -> _115981_/D : -23.804430
[setup in-reg] enable_cycle -> _116070_/D : -23.804430
[setup in-reg] enable_cycle -> _116488_/D : -23.804430
[setup in-reg] enable_cycle -> _116547_/D : -23.804430
[setup in-reg] enable_cycle -> _116645_/D : -23.804430
[setup in-reg] enable_cycle -> _116761_/D : -23.804430
[setup in-reg] enable_cycle -> _111755_/D : -23.799053
[setup in-reg] enable_cycle -> _111850_/D : -23.799053
[setup in-reg] enable_cycle -> _111852_/D : -23.799053
[setup in-reg] enable_cycle -> _112781_/D : -23.799051
[setup in-reg] enable_cycle -> _115618_/D : -23.799051
[setup in-reg] enable_cycle -> _115709_/D : -23.799051
[setup in-reg] enable_cycle -> _116205_/D : -23.793032
[setup in-reg] enable_cycle -> _116317_/D : -23.793032
[setup in-reg] enable_cycle -> _116409_/D : -23.793032
[setup in-reg] enable_cycle -> _116411_/D : -23.793032
[setup in-reg] enable_cycle -> _116413_/D : -23.793032
[setup in-reg] enable_cycle -> _116415_/D : -23.793047
[setup in-reg] enable_cycle -> _116485_/D : -23.793032
[setup in-reg] enable_cycle -> _116487_/D : -23.793032
[setup in-reg] enable_cycle -> _116502_/D : -23.793032
[setup in-reg] enable_cycle -> _116504_/D : -23.793032
[setup in-reg] enable_cycle -> _116508_/D : -23.793047
[setup in-reg] enable_cycle -> _116542_/D : -23.793032
[setup in-reg] enable_cycle -> _116544_/D : -23.793032
[setup in-reg] enable_cycle -> _116546_/D : -23.793032
[setup in-reg] enable_cycle -> _116616_/D : -23.793032
[setup in-reg] enable_cycle -> _116620_/D : -23.793032
[setup in-reg] enable_cycle -> _116622_/D : -23.793047
[setup in-reg] enable_cycle -> _116635_/D : -23.793032
[setup in-reg] enable_cycle -> _116637_/D : -23.793032
[setup in-reg] enable_cycle -> _116639_/D : -23.793032
[setup in-reg] enable_cycle -> _116641_/D : -23.793032
[setup in-reg] enable_cycle -> _116643_/D : -23.793047
[setup in-reg] enable_cycle -> _116679_/D : -23.793032
[setup in-reg] enable_cycle -> _116681_/D : -23.793032
[setup in-reg] enable_cycle -> _116751_/D : -23.793032
[setup in-reg] enable_cycle -> _116753_/D : -23.793032
[setup in-reg] enable_cycle -> _116755_/D : -23.793032
[setup in-reg] enable_cycle -> _116872_/D : -23.793032
[setup in-reg] enable_cycle -> _116876_/D : -23.793032
[setup in-reg] enable_cycle -> _117043_/D : -23.793032
[setup in-reg] enable_cycle -> _111195_/D : -23.780146
[setup in-reg] enable_cycle -> _114051_/D : -23.774174
[setup in-reg] enable_cycle -> _114363_/D : -23.774174
[setup in-reg] enable_cycle -> _114703_/D : -23.774174
[setup in-reg] enable_cycle -> _115022_/D : -23.774174
[setup in-reg] enable_cycle -> _115198_/D : -23.774174
[setup in-reg] enable_cycle -> _115619_/D : -23.774174
[setup in-reg] enable_cycle -> _115710_/D : -23.774174
[setup in-reg] enable_cycle -> _115801_/D : -23.774174
[setup in-reg] enable_cycle -> _115975_/D : -23.774174
[setup in-reg] enable_cycle -> _115983_/D : -23.774174
[setup in-reg] enable_cycle -> _113670_/D : -23.770157
[setup in-reg] enable_cycle -> _113671_/D : -23.770157
[setup in-reg] enable_cycle -> _113672_/D : -23.770157
[setup in-reg] enable_cycle -> _113673_/D : -23.770157
[setup in-reg] enable_cycle -> _113674_/D : -23.770157
[setup in-reg] enable_cycle -> _113675_/D : -23.770157
[setup in-reg] enable_cycle -> _113741_/D : -23.770157
[setup in-reg] enable_cycle -> _113742_/D : -23.770157
[setup in-reg] enable_cycle -> _113743_/D : -23.770157
[setup in-reg] enable_cycle -> _113744_/D : -23.770157
[setup in-reg] enable_cycle -> _113745_/D : -23.770157
[setup in-reg] enable_cycle -> _113746_/D : -23.770157
[setup in-reg] enable_cycle -> _113747_/D : -23.770157
[setup in-reg] enable_cycle -> _113748_/D : -23.770157
[setup in-reg] enable_cycle -> _113749_/D : -23.770157
[setup in-reg] enable_cycle -> _113750_/D : -23.770157
[setup in-reg] enable_cycle -> _113751_/D : -23.770157
[setup in-reg] enable_cycle -> _113752_/D : -23.770157
[setup in-reg] enable_cycle -> _113753_/D : -23.770157
[setup in-reg] enable_cycle -> _113754_/D : -23.770157
[setup in-reg] enable_cycle -> _113755_/D : -23.770157
[setup in-reg] enable_cycle -> _113756_/D : -23.770157
[setup in-reg] enable_cycle -> _113757_/D : -23.770157
[setup in-reg] enable_cycle -> _113823_/D : -23.770157
[setup in-reg] enable_cycle -> _113824_/D : -23.770157
[setup in-reg] enable_cycle -> _113825_/D : -23.770157
[setup in-reg] enable_cycle -> _113826_/D : -23.770157
[setup in-reg] enable_cycle -> _113827_/D : -23.770157
[setup in-reg] enable_cycle -> _113828_/D : -23.770157
[setup in-reg] enable_cycle -> _113829_/D : -23.770157
[setup in-reg] enable_cycle -> _113830_/D : -23.770157
[setup in-reg] enable_cycle -> _113831_/D : -23.770157
[setup in-reg] enable_cycle -> _113832_/D : -23.770157
[setup in-reg] enable_cycle -> _113833_/D : -23.770157
[setup in-reg] enable_cycle -> _113834_/D : -23.770157
[setup in-reg] enable_cycle -> _113835_/D : -23.770157
[setup in-reg] enable_cycle -> _113836_/D : -23.770157
[setup in-reg] enable_cycle -> _113837_/D : -23.770157
[setup in-reg] enable_cycle -> _113838_/D : -23.770157
[setup in-reg] enable_cycle -> _113839_/D : -23.770157
[setup in-reg] enable_cycle -> _113905_/D : -23.770157
[setup in-reg] enable_cycle -> _113906_/D : -23.770157
[setup in-reg] enable_cycle -> _113907_/D : -23.770157
[setup in-reg] enable_cycle -> _113908_/D : -23.770157
[setup in-reg] enable_cycle -> _113909_/D : -23.770157
[setup in-reg] enable_cycle -> _113910_/D : -23.770157
[setup in-reg] enable_cycle -> _113911_/D : -23.770157
[setup in-reg] enable_cycle -> _113912_/D : -23.770157
[setup in-reg] enable_cycle -> _113913_/D : -23.770157
[setup in-reg] enable_cycle -> _113914_/D : -23.770157
[setup in-reg] enable_cycle -> _113915_/D : -23.770157
[setup in-reg] enable_cycle -> _113916_/D : -23.770157
[setup in-reg] enable_cycle -> _113917_/D : -23.770157
[setup in-reg] enable_cycle -> _113918_/D : -23.770157
[setup in-reg] enable_cycle -> _113919_/D : -23.770157
[setup in-reg] enable_cycle -> _113920_/D : -23.770157
[setup in-reg] enable_cycle -> _113921_/D : -23.770157
[setup in-reg] enable_cycle -> _113987_/D : -23.770157
[setup in-reg] enable_cycle -> _113988_/D : -23.770157
[setup in-reg] enable_cycle -> _113989_/D : -23.770157
[setup in-reg] enable_cycle -> _113990_/D : -23.770157
[setup in-reg] enable_cycle -> _113991_/D : -23.770157
[setup in-reg] enable_cycle -> _113992_/D : -23.770157
[setup in-reg] enable_cycle -> _113993_/D : -23.770157
[setup in-reg] enable_cycle -> _113994_/D : -23.770157
[setup in-reg] enable_cycle -> _113995_/D : -23.770157
[setup in-reg] enable_cycle -> _113996_/D : -23.770157
[setup in-reg] enable_cycle -> _113997_/D : -23.770157
[setup in-reg] enable_cycle -> _113998_/D : -23.770157
[setup in-reg] enable_cycle -> _113999_/D : -23.770157
[setup in-reg] enable_cycle -> _114000_/D : -23.770157
[setup in-reg] enable_cycle -> _114001_/D : -23.770157
[setup in-reg] enable_cycle -> _114002_/D : -23.770157
[setup in-reg] enable_cycle -> _114003_/D : -23.770157
[setup in-reg] enable_cycle -> _114069_/D : -23.770157
[setup in-reg] enable_cycle -> _114070_/D : -23.770157
[setup in-reg] enable_cycle -> _114071_/D : -23.770157
[setup in-reg] enable_cycle -> _114072_/D : -23.770157
[setup in-reg] enable_cycle -> _114073_/D : -23.770157
[setup in-reg] enable_cycle -> _114074_/D : -23.770157
[setup in-reg] enable_cycle -> _114075_/D : -23.770157
[setup in-reg] enable_cycle -> _114076_/D : -23.770157
[setup in-reg] enable_cycle -> _114077_/D : -23.770157
[setup in-reg] enable_cycle -> _114078_/D : -23.770157
[setup in-reg] enable_cycle -> _114079_/D : -23.770157
[setup in-reg] enable_cycle -> _114080_/D : -23.770157
[setup in-reg] enable_cycle -> _114081_/D : -23.770157
[setup in-reg] enable_cycle -> _114082_/D : -23.770157
[setup in-reg] enable_cycle -> _114083_/D : -23.770157
[setup in-reg] enable_cycle -> _114084_/D : -23.770157
[setup in-reg] enable_cycle -> _114085_/D : -23.770157
[setup in-reg] enable_cycle -> _114134_/D : -23.770157
[setup in-reg] enable_cycle -> _114135_/D : -23.770157
[setup in-reg] enable_cycle -> _114136_/D : -23.770157
[setup in-reg] enable_cycle -> _114137_/D : -23.770157
[setup in-reg] enable_cycle -> _114138_/D : -23.770157
[setup in-reg] enable_cycle -> _114139_/D : -23.770157
[setup in-reg] enable_cycle -> _114140_/D : -23.770157
[setup in-reg] enable_cycle -> _114141_/D : -23.770157
[setup in-reg] enable_cycle -> _114142_/D : -23.770157
[setup in-reg] enable_cycle -> _114143_/D : -23.770157
[setup in-reg] enable_cycle -> _114144_/D : -23.770157
[setup in-reg] enable_cycle -> _114145_/D : -23.770157
[setup in-reg] enable_cycle -> _114146_/D : -23.770157
[setup in-reg] enable_cycle -> _114147_/D : -23.770157
[setup in-reg] enable_cycle -> _114148_/D : -23.770157
[setup in-reg] enable_cycle -> _114149_/D : -23.770157
[setup in-reg] enable_cycle -> _114150_/D : -23.770157
[setup in-reg] enable_cycle -> _114176_/D : -23.770157
[setup in-reg] enable_cycle -> _114177_/D : -23.770157
[setup in-reg] enable_cycle -> _114178_/D : -23.770157
[setup in-reg] enable_cycle -> _114179_/D : -23.770157
[setup in-reg] enable_cycle -> _114180_/D : -23.770157
[setup in-reg] enable_cycle -> _114181_/D : -23.770157
[setup in-reg] enable_cycle -> _114182_/D : -23.770157
[setup in-reg] enable_cycle -> _114183_/D : -23.770157
[setup in-reg] enable_cycle -> _114184_/D : -23.770157
[setup in-reg] enable_cycle -> _114185_/D : -23.770157
[setup in-reg] enable_cycle -> _114186_/D : -23.770157
[setup in-reg] enable_cycle -> _114187_/D : -23.770157
[setup in-reg] enable_cycle -> _114188_/D : -23.770157
[setup in-reg] enable_cycle -> _114189_/D : -23.770157
[setup in-reg] enable_cycle -> _114190_/D : -23.770157
[setup in-reg] enable_cycle -> _114191_/D : -23.770157
[setup in-reg] enable_cycle -> _114192_/D : -23.770157
[setup in-reg] enable_cycle -> _114193_/D : -23.770157
[setup in-reg] enable_cycle -> _114295_/D : -23.770157
[setup in-reg] enable_cycle -> _114296_/D : -23.770157
[setup in-reg] enable_cycle -> _114297_/D : -23.770157
[setup in-reg] enable_cycle -> _114298_/D : -23.770157
[setup in-reg] enable_cycle -> _114299_/D : -23.770157
[setup in-reg] enable_cycle -> _114300_/D : -23.770157
[setup in-reg] enable_cycle -> _114301_/D : -23.770157
[setup in-reg] enable_cycle -> _114302_/D : -23.770157
[setup in-reg] enable_cycle -> _114303_/D : -23.770157
[setup in-reg] enable_cycle -> _114304_/D : -23.770157
[setup in-reg] enable_cycle -> _114305_/D : -23.770157
[setup in-reg] enable_cycle -> _114306_/D : -23.770157
[setup in-reg] enable_cycle -> _114307_/D : -23.770157
[setup in-reg] enable_cycle -> _114308_/D : -23.770157
[setup in-reg] enable_cycle -> _114309_/D : -23.770157
[setup in-reg] enable_cycle -> _114310_/D : -23.770157
[setup in-reg] enable_cycle -> _114311_/D : -23.770157
[setup in-reg] enable_cycle -> _114312_/D : -23.770157
[setup in-reg] enable_cycle -> _114380_/D : -23.770157
[setup in-reg] enable_cycle -> _114381_/D : -23.770157
[setup in-reg] enable_cycle -> _114382_/D : -23.770157
[setup in-reg] enable_cycle -> _114383_/D : -23.770157
[setup in-reg] enable_cycle -> _114384_/D : -23.770157
[setup in-reg] enable_cycle -> _114385_/D : -23.770157
[setup in-reg] enable_cycle -> _114386_/D : -23.770157
[setup in-reg] enable_cycle -> _114387_/D : -23.770157
[setup in-reg] enable_cycle -> _114388_/D : -23.770157
[setup in-reg] enable_cycle -> _114389_/D : -23.770157
[setup in-reg] enable_cycle -> _114390_/D : -23.770157
[setup in-reg] enable_cycle -> _114391_/D : -23.770157
[setup in-reg] enable_cycle -> _114392_/D : -23.770157
[setup in-reg] enable_cycle -> _114393_/D : -23.770157
[setup in-reg] enable_cycle -> _114394_/D : -23.770157
[setup in-reg] enable_cycle -> _114395_/D : -23.770157
[setup in-reg] enable_cycle -> _114396_/D : -23.770157
[setup in-reg] enable_cycle -> _114397_/D : -23.770157
[setup in-reg] enable_cycle -> _114465_/D : -23.770157
[setup in-reg] enable_cycle -> _114466_/D : -23.770157
[setup in-reg] enable_cycle -> _114467_/D : -23.770157
[setup in-reg] enable_cycle -> _114468_/D : -23.770157
[setup in-reg] enable_cycle -> _114469_/D : -23.770157
[setup in-reg] enable_cycle -> _114470_/D : -23.770157
[setup in-reg] enable_cycle -> _114471_/D : -23.770157
[setup in-reg] enable_cycle -> _114472_/D : -23.770157
[setup in-reg] enable_cycle -> _114473_/D : -23.770157
[setup in-reg] enable_cycle -> _114474_/D : -23.770157
[setup in-reg] enable_cycle -> _114475_/D : -23.770157
[setup in-reg] enable_cycle -> _114476_/D : -23.770157
[setup in-reg] enable_cycle -> _114477_/D : -23.770157
[setup in-reg] enable_cycle -> _114478_/D : -23.770157
[setup in-reg] enable_cycle -> _114479_/D : -23.770157
[setup in-reg] enable_cycle -> _114480_/D : -23.770157
[setup in-reg] enable_cycle -> _114481_/D : -23.770157
[setup in-reg] enable_cycle -> _114482_/D : -23.770157
[setup in-reg] enable_cycle -> _114550_/D : -23.770157
[setup in-reg] enable_cycle -> _114551_/D : -23.770157
[setup in-reg] enable_cycle -> _114552_/D : -23.770157
[setup in-reg] enable_cycle -> _114553_/D : -23.770157
[setup in-reg] enable_cycle -> _114554_/D : -23.770157
[setup in-reg] enable_cycle -> _114555_/D : -23.770157
[setup in-reg] enable_cycle -> _114556_/D : -23.770157
[setup in-reg] enable_cycle -> _114557_/D : -23.770157
[setup in-reg] enable_cycle -> _114558_/D : -23.770157
[setup in-reg] enable_cycle -> _114559_/D : -23.770157
[setup in-reg] enable_cycle -> _114560_/D : -23.770157
[setup in-reg] enable_cycle -> _114561_/D : -23.770157
[setup in-reg] enable_cycle -> _114562_/D : -23.770157
[setup in-reg] enable_cycle -> _114563_/D : -23.770157
[setup in-reg] enable_cycle -> _114564_/D : -23.770157
[setup in-reg] enable_cycle -> _114565_/D : -23.770157
[setup in-reg] enable_cycle -> _114566_/D : -23.770157
[setup in-reg] enable_cycle -> _114567_/D : -23.770157
[setup in-reg] enable_cycle -> _114635_/D : -23.770157
[setup in-reg] enable_cycle -> _114636_/D : -23.770157
[setup in-reg] enable_cycle -> _114637_/D : -23.770157
[setup in-reg] enable_cycle -> _114638_/D : -23.770157
[setup in-reg] enable_cycle -> _114639_/D : -23.770157
[setup in-reg] enable_cycle -> _114640_/D : -23.770157
[setup in-reg] enable_cycle -> _114641_/D : -23.770157
[setup in-reg] enable_cycle -> _114642_/D : -23.770157
[setup in-reg] enable_cycle -> _114643_/D : -23.770157
[setup in-reg] enable_cycle -> _114644_/D : -23.770157
[setup in-reg] enable_cycle -> _114645_/D : -23.770157
[setup in-reg] enable_cycle -> _114646_/D : -23.770157
[setup in-reg] enable_cycle -> _114647_/D : -23.770157
[setup in-reg] enable_cycle -> _114648_/D : -23.770157
[setup in-reg] enable_cycle -> _114649_/D : -23.770157
[setup in-reg] enable_cycle -> _114650_/D : -23.770157
[setup in-reg] enable_cycle -> _114651_/D : -23.770157
[setup in-reg] enable_cycle -> _114652_/D : -23.770157
[setup in-reg] enable_cycle -> _114720_/D : -23.770157
[setup in-reg] enable_cycle -> _114721_/D : -23.770157
[setup in-reg] enable_cycle -> _114722_/D : -23.770157
[setup in-reg] enable_cycle -> _114723_/D : -23.770157
[setup in-reg] enable_cycle -> _114724_/D : -23.770157
[setup in-reg] enable_cycle -> _114725_/D : -23.770157
[setup in-reg] enable_cycle -> _114726_/D : -23.770157
[setup in-reg] enable_cycle -> _114727_/D : -23.770157
[setup in-reg] enable_cycle -> _114728_/D : -23.770157
[setup in-reg] enable_cycle -> _114729_/D : -23.770157
[setup in-reg] enable_cycle -> _114730_/D : -23.770157
[setup in-reg] enable_cycle -> _114731_/D : -23.770157
[setup in-reg] enable_cycle -> _114732_/D : -23.770157
[setup in-reg] enable_cycle -> _114733_/D : -23.770157
[setup in-reg] enable_cycle -> _114734_/D : -23.770157
[setup in-reg] enable_cycle -> _114735_/D : -23.770157
[setup in-reg] enable_cycle -> _114736_/D : -23.770157
[setup in-reg] enable_cycle -> _114737_/D : -23.770157
[setup in-reg] enable_cycle -> _114787_/D : -23.770157
[setup in-reg] enable_cycle -> _114788_/D : -23.770157
[setup in-reg] enable_cycle -> _114789_/D : -23.770157
[setup in-reg] enable_cycle -> _114790_/D : -23.770157
[setup in-reg] enable_cycle -> _114791_/D : -23.770157
[setup in-reg] enable_cycle -> _114792_/D : -23.770157
[setup in-reg] enable_cycle -> _114793_/D : -23.770157
[setup in-reg] enable_cycle -> _114794_/D : -23.770157
[setup in-reg] enable_cycle -> _114795_/D : -23.770157
[setup in-reg] enable_cycle -> _114796_/D : -23.770157
[setup in-reg] enable_cycle -> _114797_/D : -23.770157
[setup in-reg] enable_cycle -> _114798_/D : -23.770157
[setup in-reg] enable_cycle -> _114799_/D : -23.770157
[setup in-reg] enable_cycle -> _114800_/D : -23.770157
[setup in-reg] enable_cycle -> _114801_/D : -23.770157
[setup in-reg] enable_cycle -> _114802_/D : -23.770157
[setup in-reg] enable_cycle -> _114803_/D : -23.770157
[setup in-reg] enable_cycle -> _114804_/D : -23.770157
[setup in-reg] enable_cycle -> _114831_/D : -23.770157
[setup in-reg] enable_cycle -> _114832_/D : -23.770157
[setup in-reg] enable_cycle -> _114833_/D : -23.770157
[setup in-reg] enable_cycle -> _114834_/D : -23.770157
[setup in-reg] enable_cycle -> _114835_/D : -23.770157
[setup in-reg] enable_cycle -> _114836_/D : -23.770157
[setup in-reg] enable_cycle -> _114837_/D : -23.770157
[setup in-reg] enable_cycle -> _114838_/D : -23.770157
[setup in-reg] enable_cycle -> _114839_/D : -23.770157
[setup in-reg] enable_cycle -> _114840_/D : -23.770157
[setup in-reg] enable_cycle -> _114841_/D : -23.770157
[setup in-reg] enable_cycle -> _114842_/D : -23.770157
[setup in-reg] enable_cycle -> _114843_/D : -23.770157
[setup in-reg] enable_cycle -> _114844_/D : -23.770157
[setup in-reg] enable_cycle -> _114845_/D : -23.770157
[setup in-reg] enable_cycle -> _114846_/D : -23.770157
[setup in-reg] enable_cycle -> _114847_/D : -23.770157
[setup in-reg] enable_cycle -> _114848_/D : -23.770157
[setup in-reg] enable_cycle -> _114849_/D : -23.770157
[setup in-reg] enable_cycle -> _114954_/D : -23.770157
[setup in-reg] enable_cycle -> _114955_/D : -23.770157
[setup in-reg] enable_cycle -> _114956_/D : -23.770157
[setup in-reg] enable_cycle -> _114957_/D : -23.770157
[setup in-reg] enable_cycle -> _114958_/D : -23.770157
[setup in-reg] enable_cycle -> _114959_/D : -23.770157
[setup in-reg] enable_cycle -> _114960_/D : -23.770157
[setup in-reg] enable_cycle -> _114961_/D : -23.770157
[setup in-reg] enable_cycle -> _114962_/D : -23.770157
[setup in-reg] enable_cycle -> _114963_/D : -23.770157
[setup in-reg] enable_cycle -> _114964_/D : -23.770157
[setup in-reg] enable_cycle -> _114965_/D : -23.770157
[setup in-reg] enable_cycle -> _114966_/D : -23.770157
[setup in-reg] enable_cycle -> _114967_/D : -23.770157
[setup in-reg] enable_cycle -> _114968_/D : -23.770157
[setup in-reg] enable_cycle -> _114969_/D : -23.770157
[setup in-reg] enable_cycle -> _114970_/D : -23.770157
[setup in-reg] enable_cycle -> _114971_/D : -23.770157
[setup in-reg] enable_cycle -> _114972_/D : -23.770157
[setup in-reg] enable_cycle -> _115042_/D : -23.770157
[setup in-reg] enable_cycle -> _115043_/D : -23.770157
[setup in-reg] enable_cycle -> _115044_/D : -23.770157
[setup in-reg] enable_cycle -> _115045_/D : -23.770157
[setup in-reg] enable_cycle -> _115046_/D : -23.770157
[setup in-reg] enable_cycle -> _115047_/D : -23.770157
[setup in-reg] enable_cycle -> _115048_/D : -23.770157
[setup in-reg] enable_cycle -> _115049_/D : -23.770157
[setup in-reg] enable_cycle -> _115050_/D : -23.770157
[setup in-reg] enable_cycle -> _115051_/D : -23.770157
[setup in-reg] enable_cycle -> _115052_/D : -23.770157
[setup in-reg] enable_cycle -> _115053_/D : -23.770157
[setup in-reg] enable_cycle -> _115054_/D : -23.770157
[setup in-reg] enable_cycle -> _115055_/D : -23.770157
[setup in-reg] enable_cycle -> _115056_/D : -23.770157
[setup in-reg] enable_cycle -> _115057_/D : -23.770157
[setup in-reg] enable_cycle -> _115058_/D : -23.770157
[setup in-reg] enable_cycle -> _115059_/D : -23.770157
[setup in-reg] enable_cycle -> _115060_/D : -23.770157
[setup in-reg] enable_cycle -> _115130_/D : -23.770157
[setup in-reg] enable_cycle -> _115131_/D : -23.770157
[setup in-reg] enable_cycle -> _115132_/D : -23.770157
[setup in-reg] enable_cycle -> _115133_/D : -23.770157
[setup in-reg] enable_cycle -> _115134_/D : -23.770157
[setup in-reg] enable_cycle -> _115135_/D : -23.770157
[setup in-reg] enable_cycle -> _115136_/D : -23.770157
[setup in-reg] enable_cycle -> _115137_/D : -23.770157
[setup in-reg] enable_cycle -> _115138_/D : -23.770157
[setup in-reg] enable_cycle -> _115139_/D : -23.770157
[setup in-reg] enable_cycle -> _115140_/D : -23.770157
[setup in-reg] enable_cycle -> _115141_/D : -23.770157
[setup in-reg] enable_cycle -> _115142_/D : -23.770157
[setup in-reg] enable_cycle -> _115143_/D : -23.770157
[setup in-reg] enable_cycle -> _115144_/D : -23.770157
[setup in-reg] enable_cycle -> _115145_/D : -23.770157
[setup in-reg] enable_cycle -> _115146_/D : -23.770157
[setup in-reg] enable_cycle -> _115147_/D : -23.770157
[setup in-reg] enable_cycle -> _115148_/D : -23.770157
[setup in-reg] enable_cycle -> _115218_/D : -23.770157
[setup in-reg] enable_cycle -> _115219_/D : -23.770157
[setup in-reg] enable_cycle -> _115220_/D : -23.770157
[setup in-reg] enable_cycle -> _115221_/D : -23.770157
[setup in-reg] enable_cycle -> _115222_/D : -23.770157
[setup in-reg] enable_cycle -> _115223_/D : -23.770157
[setup in-reg] enable_cycle -> _115224_/D : -23.770157
[setup in-reg] enable_cycle -> _115225_/D : -23.770157
[setup in-reg] enable_cycle -> _115226_/D : -23.770157
[setup in-reg] enable_cycle -> _115227_/D : -23.770157
[setup in-reg] enable_cycle -> _115228_/D : -23.770157
[setup in-reg] enable_cycle -> _115229_/D : -23.770157
[setup in-reg] enable_cycle -> _115230_/D : -23.770157
[setup in-reg] enable_cycle -> _115231_/D : -23.770157
[setup in-reg] enable_cycle -> _115232_/D : -23.770157
[setup in-reg] enable_cycle -> _115233_/D : -23.770157
[setup in-reg] enable_cycle -> _115234_/D : -23.770157
[setup in-reg] enable_cycle -> _115235_/D : -23.770157
[setup in-reg] enable_cycle -> _115236_/D : -23.770157
[setup in-reg] enable_cycle -> _115306_/D : -23.770157
[setup in-reg] enable_cycle -> _115307_/D : -23.770157
[setup in-reg] enable_cycle -> _115308_/D : -23.770157
[setup in-reg] enable_cycle -> _115309_/D : -23.770157
[setup in-reg] enable_cycle -> _115310_/D : -23.770157
[setup in-reg] enable_cycle -> _115311_/D : -23.770157
[setup in-reg] enable_cycle -> _115312_/D : -23.770157
[setup in-reg] enable_cycle -> _115313_/D : -23.770157
[setup in-reg] enable_cycle -> _115314_/D : -23.770157
[setup in-reg] enable_cycle -> _115315_/D : -23.770157
[setup in-reg] enable_cycle -> _115316_/D : -23.770157
[setup in-reg] enable_cycle -> _115317_/D : -23.770157
[setup in-reg] enable_cycle -> _115318_/D : -23.770157
[setup in-reg] enable_cycle -> _115319_/D : -23.770157
[setup in-reg] enable_cycle -> _115320_/D : -23.770157
[setup in-reg] enable_cycle -> _115321_/D : -23.770157
[setup in-reg] enable_cycle -> _115322_/D : -23.770157
[setup in-reg] enable_cycle -> _115323_/D : -23.770157
[setup in-reg] enable_cycle -> _115324_/D : -23.770157
[setup in-reg] enable_cycle -> _115394_/D : -23.770157
[setup in-reg] enable_cycle -> _115395_/D : -23.770157
[setup in-reg] enable_cycle -> _115396_/D : -23.770157
[setup in-reg] enable_cycle -> _115397_/D : -23.770157
[setup in-reg] enable_cycle -> _115398_/D : -23.770157
[setup in-reg] enable_cycle -> _115399_/D : -23.770157
[setup in-reg] enable_cycle -> _115400_/D : -23.770157
[setup in-reg] enable_cycle -> _115401_/D : -23.770157
[setup in-reg] enable_cycle -> _115402_/D : -23.770157
[setup in-reg] enable_cycle -> _115403_/D : -23.770157
[setup in-reg] enable_cycle -> _115404_/D : -23.770157
[setup in-reg] enable_cycle -> _115405_/D : -23.770157
[setup in-reg] enable_cycle -> _115406_/D : -23.770157
[setup in-reg] enable_cycle -> _115407_/D : -23.770157
[setup in-reg] enable_cycle -> _115408_/D : -23.770157
[setup in-reg] enable_cycle -> _115409_/D : -23.770157
[setup in-reg] enable_cycle -> _115410_/D : -23.770157
[setup in-reg] enable_cycle -> _115411_/D : -23.770157
[setup in-reg] enable_cycle -> _115412_/D : -23.770157
[setup in-reg] enable_cycle -> _115463_/D : -23.770157
[setup in-reg] enable_cycle -> _115464_/D : -23.770157
[setup in-reg] enable_cycle -> _115465_/D : -23.770157
[setup in-reg] enable_cycle -> _115466_/D : -23.770157
[setup in-reg] enable_cycle -> _115467_/D : -23.770157
[setup in-reg] enable_cycle -> _115468_/D : -23.770157
[setup in-reg] enable_cycle -> _115469_/D : -23.770157
[setup in-reg] enable_cycle -> _115470_/D : -23.770157
[setup in-reg] enable_cycle -> _115471_/D : -23.770157
[setup in-reg] enable_cycle -> _115472_/D : -23.770157
[setup in-reg] enable_cycle -> _115473_/D : -23.770157
[setup in-reg] enable_cycle -> _115474_/D : -23.770157
[setup in-reg] enable_cycle -> _115475_/D : -23.770157
[setup in-reg] enable_cycle -> _115476_/D : -23.770157
[setup in-reg] enable_cycle -> _115477_/D : -23.770157
[setup in-reg] enable_cycle -> _115478_/D : -23.770157
[setup in-reg] enable_cycle -> _115479_/D : -23.770157
[setup in-reg] enable_cycle -> _115480_/D : -23.770157
[setup in-reg] enable_cycle -> _115481_/D : -23.770157
[setup in-reg] enable_cycle -> _115509_/D : -23.770157
[setup in-reg] enable_cycle -> _115510_/D : -23.770157
[setup in-reg] enable_cycle -> _115511_/D : -23.770157
[setup in-reg] enable_cycle -> _115512_/D : -23.770157
[setup in-reg] enable_cycle -> _115513_/D : -23.770157
[setup in-reg] enable_cycle -> _115514_/D : -23.770157
[setup in-reg] enable_cycle -> _115515_/D : -23.770157
[setup in-reg] enable_cycle -> _115516_/D : -23.770157
[setup in-reg] enable_cycle -> _115517_/D : -23.770157
[setup in-reg] enable_cycle -> _115518_/D : -23.770157
[setup in-reg] enable_cycle -> _115519_/D : -23.770157
[setup in-reg] enable_cycle -> _115520_/D : -23.770157
[setup in-reg] enable_cycle -> _115521_/D : -23.770157
[setup in-reg] enable_cycle -> _115522_/D : -23.770157
[setup in-reg] enable_cycle -> _115523_/D : -23.770157
[setup in-reg] enable_cycle -> _115524_/D : -23.770157
[setup in-reg] enable_cycle -> _115525_/D : -23.770157
[setup in-reg] enable_cycle -> _115526_/D : -23.770157
[setup in-reg] enable_cycle -> _115527_/D : -23.770157
[setup in-reg] enable_cycle -> _115528_/D : -23.770157
[setup in-reg] enable_cycle -> _115636_/D : -23.770157
[setup in-reg] enable_cycle -> _115637_/D : -23.770157
[setup in-reg] enable_cycle -> _115638_/D : -23.770157
[setup in-reg] enable_cycle -> _115639_/D : -23.770157
[setup in-reg] enable_cycle -> _115640_/D : -23.770157
[setup in-reg] enable_cycle -> _115641_/D : -23.770157
[setup in-reg] enable_cycle -> _115642_/D : -23.770157
[setup in-reg] enable_cycle -> _115643_/D : -23.770157
[setup in-reg] enable_cycle -> _115644_/D : -23.770157
[setup in-reg] enable_cycle -> _115645_/D : -23.770157
[setup in-reg] enable_cycle -> _115646_/D : -23.770157
[setup in-reg] enable_cycle -> _115647_/D : -23.770157
[setup in-reg] enable_cycle -> _115648_/D : -23.770157
[setup in-reg] enable_cycle -> _115649_/D : -23.770157
[setup in-reg] enable_cycle -> _115650_/D : -23.770157
[setup in-reg] enable_cycle -> _115651_/D : -23.770157
[setup in-reg] enable_cycle -> _115652_/D : -23.770157
[setup in-reg] enable_cycle -> _115653_/D : -23.770157
[setup in-reg] enable_cycle -> _115654_/D : -23.770157
[setup in-reg] enable_cycle -> _115655_/D : -23.770157
[setup in-reg] enable_cycle -> _115727_/D : -23.770157
[setup in-reg] enable_cycle -> _115728_/D : -23.770157
[setup in-reg] enable_cycle -> _115729_/D : -23.770157
[setup in-reg] enable_cycle -> _115730_/D : -23.770157
[setup in-reg] enable_cycle -> _115731_/D : -23.770157
[setup in-reg] enable_cycle -> _115732_/D : -23.770157
[setup in-reg] enable_cycle -> _115733_/D : -23.770157
[setup in-reg] enable_cycle -> _115734_/D : -23.770157
[setup in-reg] enable_cycle -> _115735_/D : -23.770157
[setup in-reg] enable_cycle -> _115736_/D : -23.770157
[setup in-reg] enable_cycle -> _115737_/D : -23.770157
[setup in-reg] enable_cycle -> _115738_/D : -23.770157
[setup in-reg] enable_cycle -> _115739_/D : -23.770157
[setup in-reg] enable_cycle -> _115740_/D : -23.770157
[setup in-reg] enable_cycle -> _115741_/D : -23.770157
[setup in-reg] enable_cycle -> _115742_/D : -23.770157
[setup in-reg] enable_cycle -> _115743_/D : -23.770157
[setup in-reg] enable_cycle -> _115744_/D : -23.770157
[setup in-reg] enable_cycle -> _115745_/D : -23.770157
[setup in-reg] enable_cycle -> _115746_/D : -23.770157
[setup in-reg] enable_cycle -> _115818_/D : -23.770157
[setup in-reg] enable_cycle -> _115819_/D : -23.770157
[setup in-reg] enable_cycle -> _115820_/D : -23.770157
[setup in-reg] enable_cycle -> _115821_/D : -23.770157
[setup in-reg] enable_cycle -> _115822_/D : -23.770157
[setup in-reg] enable_cycle -> _115823_/D : -23.770157
[setup in-reg] enable_cycle -> _115824_/D : -23.770157
[setup in-reg] enable_cycle -> _115825_/D : -23.770157
[setup in-reg] enable_cycle -> _115826_/D : -23.770157
[setup in-reg] enable_cycle -> _115827_/D : -23.770157
[setup in-reg] enable_cycle -> _115828_/D : -23.770157
[setup in-reg] enable_cycle -> _115829_/D : -23.770157
[setup in-reg] enable_cycle -> _115830_/D : -23.770157
[setup in-reg] enable_cycle -> _115831_/D : -23.770157
[setup in-reg] enable_cycle -> _115832_/D : -23.770157
[setup in-reg] enable_cycle -> _115833_/D : -23.770157
[setup in-reg] enable_cycle -> _115834_/D : -23.770157
[setup in-reg] enable_cycle -> _115835_/D : -23.770157
[setup in-reg] enable_cycle -> _115836_/D : -23.770157
[setup in-reg] enable_cycle -> _115837_/D : -23.770157
[setup in-reg] enable_cycle -> _115909_/D : -23.770157
[setup in-reg] enable_cycle -> _115910_/D : -23.770157
[setup in-reg] enable_cycle -> _115911_/D : -23.770157
[setup in-reg] enable_cycle -> _115912_/D : -23.770157
[setup in-reg] enable_cycle -> _115913_/D : -23.770157
[setup in-reg] enable_cycle -> _115914_/D : -23.770157
[setup in-reg] enable_cycle -> _115915_/D : -23.770157
[setup in-reg] enable_cycle -> _115916_/D : -23.770157
[setup in-reg] enable_cycle -> _115917_/D : -23.770157
[setup in-reg] enable_cycle -> _115918_/D : -23.770157
[setup in-reg] enable_cycle -> _115919_/D : -23.770157
[setup in-reg] enable_cycle -> _115920_/D : -23.770157
[setup in-reg] enable_cycle -> _115921_/D : -23.770157
[setup in-reg] enable_cycle -> _115922_/D : -23.770157
[setup in-reg] enable_cycle -> _115923_/D : -23.770157
[setup in-reg] enable_cycle -> _115924_/D : -23.770157
[setup in-reg] enable_cycle -> _115925_/D : -23.770157
[setup in-reg] enable_cycle -> _115926_/D : -23.770157
[setup in-reg] enable_cycle -> _115927_/D : -23.770157
[setup in-reg] enable_cycle -> _115928_/D : -23.770157
[setup in-reg] enable_cycle -> _116000_/D : -23.770157
[setup in-reg] enable_cycle -> _116001_/D : -23.770157
[setup in-reg] enable_cycle -> _116002_/D : -23.770157
[setup in-reg] enable_cycle -> _116003_/D : -23.770157
[setup in-reg] enable_cycle -> _116004_/D : -23.770157
[setup in-reg] enable_cycle -> _116005_/D : -23.770157
[setup in-reg] enable_cycle -> _116006_/D : -23.770157
[setup in-reg] enable_cycle -> _116007_/D : -23.770157
[setup in-reg] enable_cycle -> _116008_/D : -23.770157
[setup in-reg] enable_cycle -> _116009_/D : -23.770157
[setup in-reg] enable_cycle -> _116010_/D : -23.770157
[setup in-reg] enable_cycle -> _116011_/D : -23.770157
[setup in-reg] enable_cycle -> _116012_/D : -23.770157
[setup in-reg] enable_cycle -> _116013_/D : -23.770157
[setup in-reg] enable_cycle -> _116014_/D : -23.770157
[setup in-reg] enable_cycle -> _116015_/D : -23.770157
[setup in-reg] enable_cycle -> _116016_/D : -23.770157
[setup in-reg] enable_cycle -> _116017_/D : -23.770157
[setup in-reg] enable_cycle -> _116018_/D : -23.770157
[setup in-reg] enable_cycle -> _116019_/D : -23.770157
[setup in-reg] enable_cycle -> _116091_/D : -23.770157
[setup in-reg] enable_cycle -> _116092_/D : -23.770157
[setup in-reg] enable_cycle -> _116093_/D : -23.770157
[setup in-reg] enable_cycle -> _116094_/D : -23.770157
[setup in-reg] enable_cycle -> _116095_/D : -23.770157
[setup in-reg] enable_cycle -> _116096_/D : -23.770157
[setup in-reg] enable_cycle -> _116097_/D : -23.770157
[setup in-reg] enable_cycle -> _116098_/D : -23.770157
[setup in-reg] enable_cycle -> _116099_/D : -23.770157
[setup in-reg] enable_cycle -> _116100_/D : -23.770157
[setup in-reg] enable_cycle -> _116101_/D : -23.770157
[setup in-reg] enable_cycle -> _116102_/D : -23.770157
[setup in-reg] enable_cycle -> _116103_/D : -23.770157
[setup in-reg] enable_cycle -> _116104_/D : -23.770157
[setup in-reg] enable_cycle -> _116105_/D : -23.770157
[setup in-reg] enable_cycle -> _116106_/D : -23.770157
[setup in-reg] enable_cycle -> _116107_/D : -23.770157
[setup in-reg] enable_cycle -> _116108_/D : -23.770157
[setup in-reg] enable_cycle -> _116109_/D : -23.770157
[setup in-reg] enable_cycle -> _116110_/D : -23.770157
[setup in-reg] enable_cycle -> _116162_/D : -23.770157
[setup in-reg] enable_cycle -> _116163_/D : -23.770157
[setup in-reg] enable_cycle -> _116164_/D : -23.770157
[setup in-reg] enable_cycle -> _116165_/D : -23.770157
[setup in-reg] enable_cycle -> _116166_/D : -23.770157
[setup in-reg] enable_cycle -> _116167_/D : -23.770157
[setup in-reg] enable_cycle -> _116168_/D : -23.770157
[setup in-reg] enable_cycle -> _116169_/D : -23.770157
[setup in-reg] enable_cycle -> _116170_/D : -23.770157
[setup in-reg] enable_cycle -> _116171_/D : -23.770157
[setup in-reg] enable_cycle -> _116172_/D : -23.770157
[setup in-reg] enable_cycle -> _116173_/D : -23.770157
[setup in-reg] enable_cycle -> _116174_/D : -23.770157
[setup in-reg] enable_cycle -> _116175_/D : -23.770157
[setup in-reg] enable_cycle -> _116176_/D : -23.770157
[setup in-reg] enable_cycle -> _116177_/D : -23.770157
[setup in-reg] enable_cycle -> _116178_/D : -23.770157
[setup in-reg] enable_cycle -> _116179_/D : -23.770157
[setup in-reg] enable_cycle -> _116180_/D : -23.770157
[setup in-reg] enable_cycle -> _116181_/D : -23.770157
[setup in-reg] enable_cycle -> _116210_/D : -23.770157
[setup in-reg] enable_cycle -> _116211_/D : -23.770157
[setup in-reg] enable_cycle -> _116212_/D : -23.770157
[setup in-reg] enable_cycle -> _116213_/D : -23.770157
[setup in-reg] enable_cycle -> _116214_/D : -23.770157
[setup in-reg] enable_cycle -> _116215_/D : -23.770157
[setup in-reg] enable_cycle -> _116216_/D : -23.770157
[setup in-reg] enable_cycle -> _116217_/D : -23.770157
[setup in-reg] enable_cycle -> _116218_/D : -23.770157
[setup in-reg] enable_cycle -> _116219_/D : -23.770157
[setup in-reg] enable_cycle -> _116220_/D : -23.770157
[setup in-reg] enable_cycle -> _116221_/D : -23.770157
[setup in-reg] enable_cycle -> _116222_/D : -23.770157
[setup in-reg] enable_cycle -> _116223_/D : -23.770157
[setup in-reg] enable_cycle -> _116224_/D : -23.770157
[setup in-reg] enable_cycle -> _116225_/D : -23.770157
[setup in-reg] enable_cycle -> _116226_/D : -23.770157
[setup in-reg] enable_cycle -> _116227_/D : -23.770157
[setup in-reg] enable_cycle -> _116228_/D : -23.770157
[setup in-reg] enable_cycle -> _116229_/D : -23.770157
[setup in-reg] enable_cycle -> _116230_/D : -23.770157
[setup in-reg] enable_cycle -> _116341_/D : -23.770157
[setup in-reg] enable_cycle -> _116342_/D : -23.770157
[setup in-reg] enable_cycle -> _116343_/D : -23.770157
[setup in-reg] enable_cycle -> _116344_/D : -23.770157
[setup in-reg] enable_cycle -> _116345_/D : -23.770157
[setup in-reg] enable_cycle -> _116346_/D : -23.770157
[setup in-reg] enable_cycle -> _116347_/D : -23.770157
[setup in-reg] enable_cycle -> _116348_/D : -23.770157
[setup in-reg] enable_cycle -> _116349_/D : -23.770157
[setup in-reg] enable_cycle -> _116350_/D : -23.770157
[setup in-reg] enable_cycle -> _116351_/D : -23.770157
[setup in-reg] enable_cycle -> _116352_/D : -23.770157
[setup in-reg] enable_cycle -> _116353_/D : -23.770157
[setup in-reg] enable_cycle -> _116354_/D : -23.770157
[setup in-reg] enable_cycle -> _116355_/D : -23.770157
[setup in-reg] enable_cycle -> _116356_/D : -23.770157
[setup in-reg] enable_cycle -> _116357_/D : -23.770157
[setup in-reg] enable_cycle -> _116358_/D : -23.770157
[setup in-reg] enable_cycle -> _116359_/D : -23.770157
[setup in-reg] enable_cycle -> _116360_/D : -23.770157
[setup in-reg] enable_cycle -> _116361_/D : -23.770157
[setup in-reg] enable_cycle -> _116435_/D : -23.770157
[setup in-reg] enable_cycle -> _116436_/D : -23.770157
[setup in-reg] enable_cycle -> _116437_/D : -23.770157
[setup in-reg] enable_cycle -> _116438_/D : -23.770157
[setup in-reg] enable_cycle -> _116439_/D : -23.770157
[setup in-reg] enable_cycle -> _116440_/D : -23.770157
[setup in-reg] enable_cycle -> _116441_/D : -23.770157
[setup in-reg] enable_cycle -> _116442_/D : -23.770157
[setup in-reg] enable_cycle -> _116443_/D : -23.770157
[setup in-reg] enable_cycle -> _116444_/D : -23.770157
[setup in-reg] enable_cycle -> _116445_/D : -23.770157
[setup in-reg] enable_cycle -> _116446_/D : -23.770157
[setup in-reg] enable_cycle -> _116447_/D : -23.770157
[setup in-reg] enable_cycle -> _116448_/D : -23.770157
[setup in-reg] enable_cycle -> _116449_/D : -23.770157
[setup in-reg] enable_cycle -> _116450_/D : -23.770157
[setup in-reg] enable_cycle -> _116451_/D : -23.770157
[setup in-reg] enable_cycle -> _116452_/D : -23.770157
[setup in-reg] enable_cycle -> _116453_/D : -23.770157
[setup in-reg] enable_cycle -> _116454_/D : -23.770157
[setup in-reg] enable_cycle -> _116455_/D : -23.770157
[setup in-reg] enable_cycle -> _116568_/D : -23.770157
[setup in-reg] enable_cycle -> _116569_/D : -23.770157
[setup in-reg] enable_cycle -> _116570_/D : -23.770157
[setup in-reg] enable_cycle -> _116571_/D : -23.770157
[setup in-reg] enable_cycle -> _116572_/D : -23.770157
[setup in-reg] enable_cycle -> _116573_/D : -23.770157
[setup in-reg] enable_cycle -> _116574_/D : -23.770157
[setup in-reg] enable_cycle -> _116575_/D : -23.770157
[setup in-reg] enable_cycle -> _116576_/D : -23.770157
[setup in-reg] enable_cycle -> _116577_/D : -23.770157
[setup in-reg] enable_cycle -> _116578_/D : -23.770157
[setup in-reg] enable_cycle -> _116579_/D : -23.770157
[setup in-reg] enable_cycle -> _116580_/D : -23.770157
[setup in-reg] enable_cycle -> _116581_/D : -23.770157
[setup in-reg] enable_cycle -> _116582_/D : -23.770157
[setup in-reg] enable_cycle -> _116583_/D : -23.770157
[setup in-reg] enable_cycle -> _116584_/D : -23.770157
[setup in-reg] enable_cycle -> _116585_/D : -23.770157
[setup in-reg] enable_cycle -> _116586_/D : -23.770157
[setup in-reg] enable_cycle -> _116587_/D : -23.770157
[setup in-reg] enable_cycle -> _116588_/D : -23.770157
[setup in-reg] enable_cycle -> _116705_/D : -23.770157
[setup in-reg] enable_cycle -> _116706_/D : -23.770157
[setup in-reg] enable_cycle -> _116707_/D : -23.770157
[setup in-reg] enable_cycle -> _116708_/D : -23.770157
[setup in-reg] enable_cycle -> _116709_/D : -23.770157
[setup in-reg] enable_cycle -> _116710_/D : -23.770157
[setup in-reg] enable_cycle -> _116711_/D : -23.770157
[setup in-reg] enable_cycle -> _116712_/D : -23.770157
[setup in-reg] enable_cycle -> _116713_/D : -23.770157
[setup in-reg] enable_cycle -> _116714_/D : -23.770157
[setup in-reg] enable_cycle -> _116715_/D : -23.770157
[setup in-reg] enable_cycle -> _116716_/D : -23.770157
[setup in-reg] enable_cycle -> _116717_/D : -23.770157
[setup in-reg] enable_cycle -> _116718_/D : -23.770157
[setup in-reg] enable_cycle -> _116719_/D : -23.770157
[setup in-reg] enable_cycle -> _116720_/D : -23.770157
[setup in-reg] enable_cycle -> _116721_/D : -23.770157
[setup in-reg] enable_cycle -> _116722_/D : -23.770157
[setup in-reg] enable_cycle -> _116723_/D : -23.770157
[setup in-reg] enable_cycle -> _116724_/D : -23.770157
[setup in-reg] enable_cycle -> _116725_/D : -23.770157
[setup in-reg] enable_cycle -> _116900_/D : -23.770157
[setup in-reg] enable_cycle -> _116901_/D : -23.770157
[setup in-reg] enable_cycle -> _116902_/D : -23.770157
[setup in-reg] enable_cycle -> _116903_/D : -23.770157
[setup in-reg] enable_cycle -> _116904_/D : -23.770157
[setup in-reg] enable_cycle -> _116905_/D : -23.770157
[setup in-reg] enable_cycle -> _116906_/D : -23.770157
[setup in-reg] enable_cycle -> _116907_/D : -23.770157
[setup in-reg] enable_cycle -> _116908_/D : -23.770157
[setup in-reg] enable_cycle -> _116909_/D : -23.770157
[setup in-reg] enable_cycle -> _116910_/D : -23.770157
[setup in-reg] enable_cycle -> _116911_/D : -23.770157
[setup in-reg] enable_cycle -> _116912_/D : -23.770157
[setup in-reg] enable_cycle -> _116913_/D : -23.770157
[setup in-reg] enable_cycle -> _116914_/D : -23.770157
[setup in-reg] enable_cycle -> _116915_/D : -23.770157
[setup in-reg] enable_cycle -> _116916_/D : -23.770157
[setup in-reg] enable_cycle -> _116917_/D : -23.770157
[setup in-reg] enable_cycle -> _116918_/D : -23.770157
[setup in-reg] enable_cycle -> _116919_/D : -23.770157
[setup in-reg] enable_cycle -> _116920_/D : -23.770157
[setup in-reg] enable_cycle -> _117069_/D : -23.770157
[setup in-reg] enable_cycle -> _117070_/D : -23.770157
[setup in-reg] enable_cycle -> _117071_/D : -23.770157
[setup in-reg] enable_cycle -> _117072_/D : -23.770157
[setup in-reg] enable_cycle -> _117073_/D : -23.770157
[setup in-reg] enable_cycle -> _117074_/D : -23.770157
[setup in-reg] enable_cycle -> _117075_/D : -23.770157
[setup in-reg] enable_cycle -> _117076_/D : -23.770157
[setup in-reg] enable_cycle -> _117077_/D : -23.770157
[setup in-reg] enable_cycle -> _117078_/D : -23.770157
[setup in-reg] enable_cycle -> _117079_/D : -23.770157
[setup in-reg] enable_cycle -> _117080_/D : -23.770157
[setup in-reg] enable_cycle -> _117081_/D : -23.770157
[setup in-reg] enable_cycle -> _117082_/D : -23.770157
[setup in-reg] enable_cycle -> _117083_/D : -23.770157
[setup in-reg] enable_cycle -> _117084_/D : -23.770157
[setup in-reg] enable_cycle -> _117085_/D : -23.770157
[setup in-reg] enable_cycle -> _117086_/D : -23.770157
[setup in-reg] enable_cycle -> _117087_/D : -23.770157
[setup in-reg] enable_cycle -> _117088_/D : -23.770157
[setup in-reg] enable_cycle -> _116324_/D : -23.763674
[setup in-reg] enable_cycle -> _116688_/D : -23.763674
[setup in-reg] enable_cycle -> _115201_/D : -23.759441
[setup in-reg] enable_cycle -> _115289_/D : -23.759441
[setup in-reg] enable_cycle -> _114448_/D : -23.752413
[setup in-reg] enable_cycle -> _114533_/D : -23.752413
[setup in-reg] enable_cycle -> _114618_/D : -23.752413
[setup in-reg] enable_cycle -> _114830_/D : -23.752413
[setup in-reg] enable_cycle -> _117052_/D : -23.752413
[setup in-reg] enable_cycle -> _112119_/D : -23.751266
[setup in-reg] enable_cycle -> _117034_/D : -23.748655
[setup in-reg] enable_cycle -> _117036_/D : -23.748655
[setup in-reg] enable_cycle -> _117037_/D : -23.748655
[setup in-reg] enable_cycle -> _117038_/D : -23.748655
[setup in-reg] enable_cycle -> _117040_/D : -23.748655
[setup in-reg] enable_cycle -> _117042_/D : -23.748655
[setup in-reg] enable_cycle -> _117044_/D : -23.748655
[setup in-reg] enable_cycle -> _117046_/D : -23.748655
[setup in-reg] enable_cycle -> _112109_/D : -23.746264
[setup in-reg] enable_cycle -> _112114_/D : -23.746264
[setup in-reg] enable_cycle -> _114931_/D : -23.746264
[setup in-reg] enable_cycle -> _115019_/D : -23.746264
[setup in-reg] enable_cycle -> _115107_/D : -23.746264
[setup in-reg] enable_cycle -> _115371_/D : -23.746264
[setup in-reg] enable_cycle -> _115612_/D : -23.746264
[setup in-reg] enable_cycle -> _115794_/D : -23.746264
[setup in-reg] enable_cycle -> _115885_/D : -23.746264
[setup in-reg] enable_cycle -> _115892_/D : -23.746264
[setup in-reg] enable_cycle -> _111750_/D : -23.742729
[setup in-reg] enable_cycle -> _111990_/D : -23.742729
[setup in-reg] enable_cycle -> _112115_/D : -23.742729
[setup in-reg] enable_cycle -> _112213_/D : -23.742729
[setup in-reg] enable_cycle -> _112313_/D : -23.742729
[setup in-reg] enable_cycle -> _111553_/D : -23.741613
[setup in-reg] enable_cycle -> _111987_/D : -23.741613
[setup in-reg] enable_cycle -> _111146_/D : -23.739122
[setup in-reg] enable_cycle -> _111147_/D : -23.739122
[setup in-reg] enable_cycle -> _111148_/D : -23.739122
[setup in-reg] enable_cycle -> _111149_/D : -23.739122
[setup in-reg] enable_cycle -> _111150_/D : -23.739122
[setup in-reg] enable_cycle -> _114361_/D : -23.729950
[setup in-reg] enable_cycle -> _115707_/D : -23.729950
[setup in-reg] enable_cycle -> _116510_/D : -23.727005
[setup in-reg] enable_cycle -> _111186_/D : -23.716553
[setup in-reg] enable_cycle -> _111334_/D : -23.716553
[setup in-reg] enable_cycle -> _111336_/D : -23.716553
[setup in-reg] enable_cycle -> _111457_/D : -23.716553
[setup in-reg] enable_cycle -> _111459_/D : -23.716553
[setup in-reg] enable_cycle -> _111552_/D : -23.716553
[setup in-reg] enable_cycle -> _111554_/D : -23.716553
[setup in-reg] enable_cycle -> _111647_/D : -23.716553
[setup in-reg] enable_cycle -> _111649_/D : -23.716553
[setup in-reg] enable_cycle -> _111651_/D : -23.716553
[setup in-reg] enable_cycle -> _111746_/D : -23.716553
[setup in-reg] enable_cycle -> _111748_/D : -23.716553
[setup in-reg] enable_cycle -> _111841_/D : -23.716553
[setup in-reg] enable_cycle -> _111845_/D : -23.716553
[setup in-reg] enable_cycle -> _111986_/D : -23.716553
[setup in-reg] enable_cycle -> _111988_/D : -23.716553
[setup in-reg] enable_cycle -> _112110_/D : -23.716553
[setup in-reg] enable_cycle -> _112206_/D : -23.716553
[setup in-reg] enable_cycle -> _112208_/D : -23.716553
[setup in-reg] enable_cycle -> _112210_/D : -23.716553
[setup in-reg] enable_cycle -> _112306_/D : -23.716553
[setup in-reg] enable_cycle -> _112308_/D : -23.716553
[setup in-reg] enable_cycle -> _112310_/D : -23.716553
[setup in-reg] enable_cycle -> _112406_/D : -23.716553
[setup in-reg] enable_cycle -> _112408_/D : -23.716553
[setup in-reg] enable_cycle -> _112410_/D : -23.716553
[setup in-reg] enable_cycle -> _112506_/D : -23.716553
[setup in-reg] enable_cycle -> _112508_/D : -23.716553
[setup in-reg] enable_cycle -> _112510_/D : -23.716553
[setup in-reg] enable_cycle -> _112606_/D : -23.716553
[setup in-reg] enable_cycle -> _112608_/D : -23.716553
[setup in-reg] enable_cycle -> _112610_/D : -23.716553
[setup in-reg] enable_cycle -> _112769_/D : -23.716553
[setup in-reg] enable_cycle -> _112771_/D : -23.716553
[setup in-reg] enable_cycle -> _112773_/D : -23.716553
[setup in-reg] enable_cycle -> _112777_/D : -23.716568
[setup in-reg] enable_cycle -> _113721_/D : -23.716553
[setup in-reg] enable_cycle -> _113885_/D : -23.716553
[setup in-reg] enable_cycle -> _113965_/D : -23.716553
[setup in-reg] enable_cycle -> _114049_/D : -23.716553
[setup in-reg] enable_cycle -> _114170_/D : -23.716553
[setup in-reg] enable_cycle -> _114274_/D : -23.716553
[setup in-reg] enable_cycle -> _114277_/D : -23.716553
[setup in-reg] enable_cycle -> _114355_/D : -23.716553
[setup in-reg] enable_cycle -> _114357_/D : -23.716553
[setup in-reg] enable_cycle -> _114359_/D : -23.716553
[setup in-reg] enable_cycle -> _114444_/D : -23.716553
[setup in-reg] enable_cycle -> _114447_/D : -23.716553
[setup in-reg] enable_cycle -> _114529_/D : -23.716553
[setup in-reg] enable_cycle -> _114532_/D : -23.716553
[setup in-reg] enable_cycle -> _114614_/D : -23.716553
[setup in-reg] enable_cycle -> _114617_/D : -23.716553
[setup in-reg] enable_cycle -> _114695_/D : -23.716553
[setup in-reg] enable_cycle -> _114697_/D : -23.716553
[setup in-reg] enable_cycle -> _114699_/D : -23.716553
[setup in-reg] enable_cycle -> _114826_/D : -23.716553
[setup in-reg] enable_cycle -> _114829_/D : -23.716553
[setup in-reg] enable_cycle -> _114932_/D : -23.716553
[setup in-reg] enable_cycle -> _115020_/D : -23.716553
[setup in-reg] enable_cycle -> _115108_/D : -23.716553
[setup in-reg] enable_cycle -> _115199_/D : -23.716553
[setup in-reg] enable_cycle -> _115287_/D : -23.716553
[setup in-reg] enable_cycle -> _115499_/D : -23.716553
[setup in-reg] enable_cycle -> _115503_/D : -23.716553
[setup in-reg] enable_cycle -> _115613_/D : -23.716553
[setup in-reg] enable_cycle -> _115702_/D : -23.716553
[setup in-reg] enable_cycle -> _115704_/D : -23.716553
[setup in-reg] enable_cycle -> _115795_/D : -23.716553
[setup in-reg] enable_cycle -> _115884_/D : -23.716553
[setup in-reg] enable_cycle -> _115886_/D : -23.716553
[setup in-reg] enable_cycle -> _115977_/D : -23.716553
[setup in-reg] enable_cycle -> _116068_/D : -23.716553
[setup in-reg] enable_cycle -> _116201_/D : -23.716553
[setup in-reg] enable_cycle -> _116203_/D : -23.716553
[setup in-reg] enable_cycle -> _111183_/D : -23.716503
[setup in-reg] enable_cycle -> _111184_/D : -23.716503
[setup in-reg] enable_cycle -> _111331_/D : -23.716503
[setup in-reg] enable_cycle -> _111452_/D : -23.716503
[setup in-reg] enable_cycle -> _115200_/D : -23.716503
[setup in-reg] enable_cycle -> _115288_/D : -23.716503
[setup in-reg] enable_cycle -> _111178_/D : -23.712410
[setup in-reg] enable_cycle -> _111182_/D : -23.712410
[setup in-reg] enable_cycle -> _111188_/D : -23.712410
[setup in-reg] enable_cycle -> _111326_/D : -23.712410
[setup in-reg] enable_cycle -> _111330_/D : -23.712410
[setup in-reg] enable_cycle -> _111447_/D : -23.712410
[setup in-reg] enable_cycle -> _116414_/D : -23.710758
[setup in-reg] enable_cycle -> _116507_/D : -23.710758
[setup in-reg] enable_cycle -> _116621_/D : -23.710758
[setup in-reg] enable_cycle -> _116642_/D : -23.710758
[setup in-reg] enable_cycle -> _111753_/D : -23.710646
[setup in-reg] enable_cycle -> _112217_/D : -23.707973
[setup in-reg] enable_cycle -> _116416_/D : -23.707973
[setup in-reg] enable_cycle -> _116509_/D : -23.707973
[setup in-reg] enable_cycle -> _116982_/D : -23.699955
[setup in-reg] enable_cycle -> _115507_/D : -23.690042
[setup in-reg] enable_cycle -> _115611_/D : -23.690042
[setup in-reg] enable_cycle -> _115793_/D : -23.690042
[setup in-reg] enable_cycle -> _116548_/D : -23.690042
[setup in-reg] enable_cycle -> _115800_/D : -23.687555
[setup in-reg] enable_cycle -> _115982_/D : -23.687555
[setup in-reg] enable_cycle -> _116981_/D : -23.687555
[setup in-reg] enable_cycle -> _112218_/D : -23.686476
[setup in-reg] enable_cycle -> _114936_/D : -23.686476
[setup in-reg] enable_cycle -> _115024_/D : -23.686476
[setup in-reg] enable_cycle -> _115112_/D : -23.686476
[setup in-reg] enable_cycle -> _115376_/D : -23.686476
[setup in-reg] enable_cycle -> _116323_/D : -23.686476
[setup in-reg] enable_cycle -> _116489_/D : -23.686476
[setup in-reg] enable_cycle -> _116550_/D : -23.686476
[setup in-reg] enable_cycle -> _116687_/D : -23.686476
[setup in-reg] enable_cycle -> _116882_/D : -23.686476
[setup in-reg] enable_cycle -> _117051_/D : -23.686476
[setup in-reg] enable_cycle -> _115362_/D : -23.686394
[setup in-reg] enable_cycle -> _115366_/D : -23.686394
[setup in-reg] enable_cycle -> _115368_/D : -23.686394
[setup in-reg] enable_cycle -> _115370_/D : -23.686394
[setup in-reg] enable_cycle -> _115374_/D : -23.686394
[setup in-reg] enable_cycle -> _115493_/D : -23.686394
[setup in-reg] enable_cycle -> _115497_/D : -23.686394
[setup in-reg] enable_cycle -> _115501_/D : -23.686394
[setup in-reg] enable_cycle -> _115603_/D : -23.686394
[setup in-reg] enable_cycle -> _115607_/D : -23.686394
[setup in-reg] enable_cycle -> _115609_/D : -23.686394
[setup in-reg] enable_cycle -> _115694_/D : -23.686394
[setup in-reg] enable_cycle -> _115700_/D : -23.686394
[setup in-reg] enable_cycle -> _115785_/D : -23.686394
[setup in-reg] enable_cycle -> _115789_/D : -23.686394
[setup in-reg] enable_cycle -> _115791_/D : -23.686394
[setup in-reg] enable_cycle -> _115880_/D : -23.686394
[setup in-reg] enable_cycle -> _115882_/D : -23.686394
[setup in-reg] enable_cycle -> _115967_/D : -23.686394
[setup in-reg] enable_cycle -> _115971_/D : -23.686394
[setup in-reg] enable_cycle -> _115973_/D : -23.686394
[setup in-reg] enable_cycle -> _116058_/D : -23.686394
[setup in-reg] enable_cycle -> _116062_/D : -23.686394
[setup in-reg] enable_cycle -> _116064_/D : -23.686394
[setup in-reg] enable_cycle -> _116066_/D : -23.686394
[setup in-reg] enable_cycle -> _116193_/D : -23.686394
[setup in-reg] enable_cycle -> _116197_/D : -23.686394
[setup in-reg] enable_cycle -> _116199_/D : -23.686394
[setup in-reg] enable_cycle -> _116307_/D : -23.686394
[setup in-reg] enable_cycle -> _116311_/D : -23.686394
[setup in-reg] enable_cycle -> _116313_/D : -23.686394
[setup in-reg] enable_cycle -> _116315_/D : -23.686394
[setup in-reg] enable_cycle -> _116401_/D : -23.686394
[setup in-reg] enable_cycle -> _116405_/D : -23.686394
[setup in-reg] enable_cycle -> _116407_/D : -23.686394
[setup in-reg] enable_cycle -> _116475_/D : -23.686394
[setup in-reg] enable_cycle -> _116479_/D : -23.686394
[setup in-reg] enable_cycle -> _116481_/D : -23.686394
[setup in-reg] enable_cycle -> _116483_/D : -23.686394
[setup in-reg] enable_cycle -> _116494_/D : -23.686394
[setup in-reg] enable_cycle -> _116498_/D : -23.686394
[setup in-reg] enable_cycle -> _116500_/D : -23.686394
[setup in-reg] enable_cycle -> _116534_/D : -23.686394
[setup in-reg] enable_cycle -> _116538_/D : -23.686394
[setup in-reg] enable_cycle -> _116540_/D : -23.686394
[setup in-reg] enable_cycle -> _116608_/D : -23.686394
[setup in-reg] enable_cycle -> _116633_/D : -23.686394
[setup in-reg] enable_cycle -> _116671_/D : -23.686394
[setup in-reg] enable_cycle -> _116677_/D : -23.686394
[setup in-reg] enable_cycle -> _116745_/D : -23.686394
[setup in-reg] enable_cycle -> _116749_/D : -23.686394
[setup in-reg] enable_cycle -> _116754_/D : -23.686394
[setup in-reg] enable_cycle -> _116866_/D : -23.686394
[setup in-reg] enable_cycle -> _116874_/D : -23.686394
[setup in-reg] enable_cycle -> _116968_/D : -23.686394
[setup in-reg] enable_cycle -> _116972_/D : -23.686394
[setup in-reg] enable_cycle -> _112776_/D : -23.684994
[setup in-reg] enable_cycle -> _115196_/D : -23.684994
[setup in-reg] enable_cycle -> _115284_/D : -23.684994
[setup in-reg] enable_cycle -> _111190_/D : -23.682411
[setup in-reg] enable_cycle -> _111455_/D : -23.682411
[setup in-reg] enable_cycle -> _112108_/D : -23.682411
[setup in-reg] enable_cycle -> _113806_/D : -23.682411
[setup in-reg] enable_cycle -> _116623_/D : -23.680300
[setup in-reg] enable_cycle -> _116978_/D : -23.680300
[setup in-reg] enable_cycle -> _112497_/D : -23.678680
[setup in-reg] enable_cycle -> _112597_/D : -23.678680
[setup in-reg] enable_cycle -> _112760_/D : -23.678680
[setup in-reg] enable_cycle -> _112783_/D : -23.678680
[setup in-reg] enable_cycle -> _113626_/D : -23.678680
[setup in-reg] enable_cycle -> _113708_/D : -23.678680
[setup in-reg] enable_cycle -> _113790_/D : -23.678680
[setup in-reg] enable_cycle -> _113872_/D : -23.678680
[setup in-reg] enable_cycle -> _113954_/D : -23.678680
[setup in-reg] enable_cycle -> _114036_/D : -23.678680
[setup in-reg] enable_cycle -> _114159_/D : -23.678680
[setup in-reg] enable_cycle -> _114261_/D : -23.678680
[setup in-reg] enable_cycle -> _114346_/D : -23.678680
[setup in-reg] enable_cycle -> _114431_/D : -23.678680
[setup in-reg] enable_cycle -> _114516_/D : -23.678680
[setup in-reg] enable_cycle -> _114601_/D : -23.678680
[setup in-reg] enable_cycle -> _114686_/D : -23.678680
[setup in-reg] enable_cycle -> _114813_/D : -23.678680
[setup in-reg] enable_cycle -> _114919_/D : -23.678680
[setup in-reg] enable_cycle -> _115007_/D : -23.678680
[setup in-reg] enable_cycle -> _115095_/D : -23.678680
[setup in-reg] enable_cycle -> _115183_/D : -23.678680
[setup in-reg] enable_cycle -> _115271_/D : -23.678680
[setup in-reg] enable_cycle -> _115359_/D : -23.678680
[setup in-reg] enable_cycle -> _115490_/D : -23.678680
[setup in-reg] enable_cycle -> _115600_/D : -23.678680
[setup in-reg] enable_cycle -> _115691_/D : -23.678680
[setup in-reg] enable_cycle -> _115782_/D : -23.678680
[setup in-reg] enable_cycle -> _115873_/D : -23.678680
[setup in-reg] enable_cycle -> _115964_/D : -23.678680
[setup in-reg] enable_cycle -> _116055_/D : -23.678680
[setup in-reg] enable_cycle -> _116190_/D : -23.678680
[setup in-reg] enable_cycle -> _116304_/D : -23.678680
[setup in-reg] enable_cycle -> _116398_/D : -23.678680
[setup in-reg] enable_cycle -> _116472_/D : -23.678680
[setup in-reg] enable_cycle -> _116491_/D : -23.678680
[setup in-reg] enable_cycle -> _116531_/D : -23.678680
[setup in-reg] enable_cycle -> _116605_/D : -23.678680
[setup in-reg] enable_cycle -> _116626_/D : -23.678680
[setup in-reg] enable_cycle -> _116668_/D : -23.678680
[setup in-reg] enable_cycle -> _111340_/D : -23.678297
[setup in-reg] enable_cycle -> _111461_/D : -23.678297
[setup in-reg] enable_cycle -> _111843_/D : -23.678297
[setup in-reg] enable_cycle -> _116404_/D : -23.677696
[setup in-reg] enable_cycle -> _116406_/D : -23.677696
[setup in-reg] enable_cycle -> _116408_/D : -23.677696
[setup in-reg] enable_cycle -> _116410_/D : -23.677696
[setup in-reg] enable_cycle -> _116412_/D : -23.677696
[setup in-reg] enable_cycle -> _116473_/D : -23.677696
[setup in-reg] enable_cycle -> _116474_/D : -23.677696
[setup in-reg] enable_cycle -> _116476_/D : -23.677696
[setup in-reg] enable_cycle -> _116477_/D : -23.677696
[setup in-reg] enable_cycle -> _116478_/D : -23.677696
[setup in-reg] enable_cycle -> _116480_/D : -23.677696
[setup in-reg] enable_cycle -> _116482_/D : -23.677696
[setup in-reg] enable_cycle -> _116486_/D : -23.677696
[setup in-reg] enable_cycle -> _116492_/D : -23.677696
[setup in-reg] enable_cycle -> _116493_/D : -23.677696
[setup in-reg] enable_cycle -> _116495_/D : -23.677696
[setup in-reg] enable_cycle -> _116496_/D : -23.677696
[setup in-reg] enable_cycle -> _116497_/D : -23.677696
[setup in-reg] enable_cycle -> _116499_/D : -23.677696
[setup in-reg] enable_cycle -> _116501_/D : -23.677696
[setup in-reg] enable_cycle -> _116503_/D : -23.677696
[setup in-reg] enable_cycle -> _116505_/D : -23.677696
[setup in-reg] enable_cycle -> _116532_/D : -23.677696
[setup in-reg] enable_cycle -> _116533_/D : -23.677696
[setup in-reg] enable_cycle -> _116535_/D : -23.677696
[setup in-reg] enable_cycle -> _116536_/D : -23.677696
[setup in-reg] enable_cycle -> _116537_/D : -23.677696
[setup in-reg] enable_cycle -> _116539_/D : -23.677696
[setup in-reg] enable_cycle -> _116541_/D : -23.677696
[setup in-reg] enable_cycle -> _116543_/D : -23.677696
[setup in-reg] enable_cycle -> _116545_/D : -23.677696
[setup in-reg] enable_cycle -> _116606_/D : -23.677696
[setup in-reg] enable_cycle -> _116607_/D : -23.677696
[setup in-reg] enable_cycle -> _116609_/D : -23.677696
[setup in-reg] enable_cycle -> _116610_/D : -23.677696
[setup in-reg] enable_cycle -> _116611_/D : -23.677696
[setup in-reg] enable_cycle -> _116612_/D : -23.677696
[setup in-reg] enable_cycle -> _116613_/D : -23.677696
[setup in-reg] enable_cycle -> _116615_/D : -23.677696
[setup in-reg] enable_cycle -> _116617_/D : -23.677696
[setup in-reg] enable_cycle -> _116619_/D : -23.677696
[setup in-reg] enable_cycle -> _116627_/D : -23.677696
[setup in-reg] enable_cycle -> _116628_/D : -23.677696
[setup in-reg] enable_cycle -> _116629_/D : -23.677696
[setup in-reg] enable_cycle -> _116630_/D : -23.677696
[setup in-reg] enable_cycle -> _116631_/D : -23.677696
[setup in-reg] enable_cycle -> _116632_/D : -23.677696
[setup in-reg] enable_cycle -> _116634_/D : -23.677696
[setup in-reg] enable_cycle -> _116636_/D : -23.677696
[setup in-reg] enable_cycle -> _116640_/D : -23.677696
[setup in-reg] enable_cycle -> _116644_/D : -23.677696
[setup in-reg] enable_cycle -> _116669_/D : -23.677696
[setup in-reg] enable_cycle -> _116670_/D : -23.677696
[setup in-reg] enable_cycle -> _116672_/D : -23.677696
[setup in-reg] enable_cycle -> _116673_/D : -23.677696
[setup in-reg] enable_cycle -> _116674_/D : -23.677696
[setup in-reg] enable_cycle -> _116675_/D : -23.677696
[setup in-reg] enable_cycle -> _116676_/D : -23.677696
[setup in-reg] enable_cycle -> _116678_/D : -23.677696
[setup in-reg] enable_cycle -> _116680_/D : -23.677696
[setup in-reg] enable_cycle -> _116682_/D : -23.677696
[setup in-reg] enable_cycle -> _116683_/D : -23.677696
[setup in-reg] enable_cycle -> _116684_/D : -23.677696
[setup in-reg] enable_cycle -> _116743_/D : -23.677696
[setup in-reg] enable_cycle -> _116744_/D : -23.677696
[setup in-reg] enable_cycle -> _116746_/D : -23.677696
[setup in-reg] enable_cycle -> _116747_/D : -23.677696
[setup in-reg] enable_cycle -> _116748_/D : -23.677696
[setup in-reg] enable_cycle -> _116750_/D : -23.677696
[setup in-reg] enable_cycle -> _116752_/D : -23.677696
[setup in-reg] enable_cycle -> _116756_/D : -23.677696
[setup in-reg] enable_cycle -> _116864_/D : -23.677696
[setup in-reg] enable_cycle -> _116865_/D : -23.677696
[setup in-reg] enable_cycle -> _116867_/D : -23.677696
[setup in-reg] enable_cycle -> _116868_/D : -23.677696
[setup in-reg] enable_cycle -> _116869_/D : -23.677696
[setup in-reg] enable_cycle -> _116870_/D : -23.677696
[setup in-reg] enable_cycle -> _116871_/D : -23.677696
[setup in-reg] enable_cycle -> _116873_/D : -23.677696
[setup in-reg] enable_cycle -> _116875_/D : -23.677696
[setup in-reg] enable_cycle -> _116877_/D : -23.677696
[setup in-reg] enable_cycle -> _116966_/D : -23.677696
[setup in-reg] enable_cycle -> _116967_/D : -23.677696
[setup in-reg] enable_cycle -> _116969_/D : -23.677696
[setup in-reg] enable_cycle -> _116970_/D : -23.677696
[setup in-reg] enable_cycle -> _116971_/D : -23.677696
[setup in-reg] enable_cycle -> _116973_/D : -23.677696
[setup in-reg] enable_cycle -> _116975_/D : -23.677696
[setup in-reg] enable_cycle -> _116977_/D : -23.677696
[setup in-reg] enable_cycle -> _117033_/D : -23.677696
[setup in-reg] enable_cycle -> _117089_/D : -23.676374
[setup in-reg] enable_cycle -> _111328_/D : -23.675495
[setup in-reg] enable_cycle -> _111329_/D : -23.675495
[setup in-reg] enable_cycle -> _111333_/D : -23.675495
[setup in-reg] enable_cycle -> _111335_/D : -23.675495
[setup in-reg] enable_cycle -> _111337_/D : -23.675495
[setup in-reg] enable_cycle -> _111445_/D : -23.675495
[setup in-reg] enable_cycle -> _111446_/D : -23.675495
[setup in-reg] enable_cycle -> _111448_/D : -23.675495
[setup in-reg] enable_cycle -> _111449_/D : -23.675495
[setup in-reg] enable_cycle -> _111450_/D : -23.675495
[setup in-reg] enable_cycle -> _111454_/D : -23.675495
[setup in-reg] enable_cycle -> _111456_/D : -23.675495
[setup in-reg] enable_cycle -> _111458_/D : -23.675495
[setup in-reg] enable_cycle -> _111542_/D : -23.675495
[setup in-reg] enable_cycle -> _111543_/D : -23.675495
[setup in-reg] enable_cycle -> _111545_/D : -23.675495
[setup in-reg] enable_cycle -> _111546_/D : -23.675495
[setup in-reg] enable_cycle -> _111547_/D : -23.675495
[setup in-reg] enable_cycle -> _111548_/D : -23.675495
[setup in-reg] enable_cycle -> _111551_/D : -23.675495
[setup in-reg] enable_cycle -> _111555_/D : -23.675495
[setup in-reg] enable_cycle -> _111639_/D : -23.675495
[setup in-reg] enable_cycle -> _111640_/D : -23.675495
[setup in-reg] enable_cycle -> _111641_/D : -23.675495
[setup in-reg] enable_cycle -> _111642_/D : -23.675495
[setup in-reg] enable_cycle -> _111643_/D : -23.675495
[setup in-reg] enable_cycle -> _111644_/D : -23.675495
[setup in-reg] enable_cycle -> _111646_/D : -23.675495
[setup in-reg] enable_cycle -> _111648_/D : -23.675495
[setup in-reg] enable_cycle -> _111650_/D : -23.675495
[setup in-reg] enable_cycle -> _111652_/D : -23.675495
[setup in-reg] enable_cycle -> _111654_/D : -23.675495
[setup in-reg] enable_cycle -> _111736_/D : -23.675495
[setup in-reg] enable_cycle -> _111737_/D : -23.675495
[setup in-reg] enable_cycle -> _111738_/D : -23.675495
[setup in-reg] enable_cycle -> _111739_/D : -23.675495
[setup in-reg] enable_cycle -> _111740_/D : -23.675495
[setup in-reg] enable_cycle -> _111741_/D : -23.675495
[setup in-reg] enable_cycle -> _111745_/D : -23.675495
[setup in-reg] enable_cycle -> _111747_/D : -23.675495
[setup in-reg] enable_cycle -> _111749_/D : -23.675495
[setup in-reg] enable_cycle -> _111833_/D : -23.675495
[setup in-reg] enable_cycle -> _111834_/D : -23.675495
[setup in-reg] enable_cycle -> _111836_/D : -23.675495
[setup in-reg] enable_cycle -> _111837_/D : -23.675495
[setup in-reg] enable_cycle -> _111838_/D : -23.675495
[setup in-reg] enable_cycle -> _111840_/D : -23.675495
[setup in-reg] enable_cycle -> _111842_/D : -23.675495
[setup in-reg] enable_cycle -> _111844_/D : -23.675495
[setup in-reg] enable_cycle -> _111846_/D : -23.675495
[setup in-reg] enable_cycle -> _111976_/D : -23.675495
[setup in-reg] enable_cycle -> _111977_/D : -23.675495
[setup in-reg] enable_cycle -> _111979_/D : -23.675495
[setup in-reg] enable_cycle -> _111980_/D : -23.675495
[setup in-reg] enable_cycle -> _111981_/D : -23.675495
[setup in-reg] enable_cycle -> _111985_/D : -23.675495
[setup in-reg] enable_cycle -> _111989_/D : -23.675495
[setup in-reg] enable_cycle -> _112098_/D : -23.675495
[setup in-reg] enable_cycle -> _112099_/D : -23.675495
[setup in-reg] enable_cycle -> _112100_/D : -23.675495
[setup in-reg] enable_cycle -> _112101_/D : -23.675495
[setup in-reg] enable_cycle -> _112102_/D : -23.675495
[setup in-reg] enable_cycle -> _112103_/D : -23.675495
[setup in-reg] enable_cycle -> _112107_/D : -23.675495
[setup in-reg] enable_cycle -> _112111_/D : -23.675495
[setup in-reg] enable_cycle -> _112113_/D : -23.675495
[setup in-reg] enable_cycle -> _112117_/D : -23.675495
[setup in-reg] enable_cycle -> _112198_/D : -23.675495
[setup in-reg] enable_cycle -> _112199_/D : -23.675495
[setup in-reg] enable_cycle -> _112200_/D : -23.675495
[setup in-reg] enable_cycle -> _112201_/D : -23.675495
[setup in-reg] enable_cycle -> _112202_/D : -23.675495
[setup in-reg] enable_cycle -> _112203_/D : -23.675495
[setup in-reg] enable_cycle -> _112205_/D : -23.675495
[setup in-reg] enable_cycle -> _112207_/D : -23.675495
[setup in-reg] enable_cycle -> _112211_/D : -23.675495
[setup in-reg] enable_cycle -> _112298_/D : -23.675495
[setup in-reg] enable_cycle -> _112299_/D : -23.675495
[setup in-reg] enable_cycle -> _112301_/D : -23.675495
[setup in-reg] enable_cycle -> _112302_/D : -23.675495
[setup in-reg] enable_cycle -> _112303_/D : -23.675495
[setup in-reg] enable_cycle -> _112305_/D : -23.675495
[setup in-reg] enable_cycle -> _112307_/D : -23.675495
[setup in-reg] enable_cycle -> _112309_/D : -23.675495
[setup in-reg] enable_cycle -> _112311_/D : -23.675495
[setup in-reg] enable_cycle -> _112398_/D : -23.675495
[setup in-reg] enable_cycle -> _112399_/D : -23.675495
[setup in-reg] enable_cycle -> _112401_/D : -23.675495
[setup in-reg] enable_cycle -> _112402_/D : -23.675495
[setup in-reg] enable_cycle -> _112403_/D : -23.675495
[setup in-reg] enable_cycle -> _112405_/D : -23.675495
[setup in-reg] enable_cycle -> _112407_/D : -23.675495
[setup in-reg] enable_cycle -> _112411_/D : -23.675495
[setup in-reg] enable_cycle -> _112498_/D : -23.675495
[setup in-reg] enable_cycle -> _112499_/D : -23.675495
[setup in-reg] enable_cycle -> _112501_/D : -23.675495
[setup in-reg] enable_cycle -> _112502_/D : -23.675495
[setup in-reg] enable_cycle -> _112503_/D : -23.675495
[setup in-reg] enable_cycle -> _112505_/D : -23.675495
[setup in-reg] enable_cycle -> _112507_/D : -23.675495
[setup in-reg] enable_cycle -> _112511_/D : -23.675495
[setup in-reg] enable_cycle -> _112598_/D : -23.675495
[setup in-reg] enable_cycle -> _112599_/D : -23.675495
[setup in-reg] enable_cycle -> _112600_/D : -23.675495
[setup in-reg] enable_cycle -> _112601_/D : -23.675495
[setup in-reg] enable_cycle -> _112602_/D : -23.675495
[setup in-reg] enable_cycle -> _112603_/D : -23.675495
[setup in-reg] enable_cycle -> _112604_/D : -23.675495
[setup in-reg] enable_cycle -> _112605_/D : -23.675495
[setup in-reg] enable_cycle -> _112607_/D : -23.675495
[setup in-reg] enable_cycle -> _112611_/D : -23.675495
[setup in-reg] enable_cycle -> _112761_/D : -23.675495
[setup in-reg] enable_cycle -> _112762_/D : -23.675495
[setup in-reg] enable_cycle -> _112764_/D : -23.675495
[setup in-reg] enable_cycle -> _112765_/D : -23.675495
[setup in-reg] enable_cycle -> _112766_/D : -23.675495
[setup in-reg] enable_cycle -> _112768_/D : -23.675495
[setup in-reg] enable_cycle -> _112770_/D : -23.675495
[setup in-reg] enable_cycle -> _112772_/D : -23.675495
[setup in-reg] enable_cycle -> _112774_/D : -23.675495
[setup in-reg] enable_cycle -> _112778_/D : -23.675495
[setup in-reg] enable_cycle -> _112780_/D : -23.675495
[setup in-reg] enable_cycle -> _112784_/D : -23.675495
[setup in-reg] enable_cycle -> _112785_/D : -23.675495
[setup in-reg] enable_cycle -> _112787_/D : -23.675495
[setup in-reg] enable_cycle -> _112788_/D : -23.675495
[setup in-reg] enable_cycle -> _112789_/D : -23.675495
[setup in-reg] enable_cycle -> _112791_/D : -23.675495
[setup in-reg] enable_cycle -> _112793_/D : -23.675495
[setup in-reg] enable_cycle -> _112795_/D : -23.675495
[setup in-reg] enable_cycle -> _113627_/D : -23.675495
[setup in-reg] enable_cycle -> _113628_/D : -23.675495
[setup in-reg] enable_cycle -> _113630_/D : -23.675495
[setup in-reg] enable_cycle -> _113631_/D : -23.675495
[setup in-reg] enable_cycle -> _113632_/D : -23.675495
[setup in-reg] enable_cycle -> _113634_/D : -23.675495
[setup in-reg] enable_cycle -> _113636_/D : -23.675495
[setup in-reg] enable_cycle -> _113638_/D : -23.675495
[setup in-reg] enable_cycle -> _113709_/D : -23.675495
[setup in-reg] enable_cycle -> _113710_/D : -23.675495
[setup in-reg] enable_cycle -> _113711_/D : -23.675495
[setup in-reg] enable_cycle -> _113712_/D : -23.675495
[setup in-reg] enable_cycle -> _113713_/D : -23.675495
[setup in-reg] enable_cycle -> _113714_/D : -23.675495
[setup in-reg] enable_cycle -> _113716_/D : -23.675495
[setup in-reg] enable_cycle -> _113718_/D : -23.675495
[setup in-reg] enable_cycle -> _113720_/D : -23.675495
[setup in-reg] enable_cycle -> _113722_/D : -23.675495
[setup in-reg] enable_cycle -> _113791_/D : -23.675495
[setup in-reg] enable_cycle -> _113792_/D : -23.675495
[setup in-reg] enable_cycle -> _113794_/D : -23.675495
[setup in-reg] enable_cycle -> _113795_/D : -23.675495
[setup in-reg] enable_cycle -> _113796_/D : -23.675495
[setup in-reg] enable_cycle -> _113798_/D : -23.675495
[setup in-reg] enable_cycle -> _113800_/D : -23.675495
[setup in-reg] enable_cycle -> _113802_/D : -23.675495
[setup in-reg] enable_cycle -> _113803_/D : -23.675495
[setup in-reg] enable_cycle -> _113873_/D : -23.675495
[setup in-reg] enable_cycle -> _113874_/D : -23.675495
[setup in-reg] enable_cycle -> _113876_/D : -23.675495
[setup in-reg] enable_cycle -> _113877_/D : -23.675495
[setup in-reg] enable_cycle -> _113878_/D : -23.675495
[setup in-reg] enable_cycle -> _113879_/D : -23.675495
[setup in-reg] enable_cycle -> _113880_/D : -23.675495
[setup in-reg] enable_cycle -> _113882_/D : -23.675495
[setup in-reg] enable_cycle -> _113884_/D : -23.675495
[setup in-reg] enable_cycle -> _113886_/D : -23.675495
[setup in-reg] enable_cycle -> _113955_/D : -23.675495
[setup in-reg] enable_cycle -> _113956_/D : -23.675495
[setup in-reg] enable_cycle -> _113958_/D : -23.675495
[setup in-reg] enable_cycle -> _113959_/D : -23.675495
[setup in-reg] enable_cycle -> _113960_/D : -23.675495
[setup in-reg] enable_cycle -> _113962_/D : -23.675495
[setup in-reg] enable_cycle -> _113964_/D : -23.675495
[setup in-reg] enable_cycle -> _113966_/D : -23.675495
[setup in-reg] enable_cycle -> _113968_/D : -23.675495
[setup in-reg] enable_cycle -> _114037_/D : -23.675495
[setup in-reg] enable_cycle -> _114038_/D : -23.675495
[setup in-reg] enable_cycle -> _114039_/D : -23.675495
[setup in-reg] enable_cycle -> _114040_/D : -23.675495
[setup in-reg] enable_cycle -> _114041_/D : -23.675495
[setup in-reg] enable_cycle -> _114042_/D : -23.675495
[setup in-reg] enable_cycle -> _114044_/D : -23.675495
[setup in-reg] enable_cycle -> _114046_/D : -23.675495
[setup in-reg] enable_cycle -> _114048_/D : -23.675495
[setup in-reg] enable_cycle -> _114050_/D : -23.675495
[setup in-reg] enable_cycle -> _114160_/D : -23.675495
[setup in-reg] enable_cycle -> _114161_/D : -23.675495
[setup in-reg] enable_cycle -> _114163_/D : -23.675495
[setup in-reg] enable_cycle -> _114164_/D : -23.675495
[setup in-reg] enable_cycle -> _114165_/D : -23.675495
[setup in-reg] enable_cycle -> _114167_/D : -23.675495
[setup in-reg] enable_cycle -> _114169_/D : -23.675495
[setup in-reg] enable_cycle -> _114171_/D : -23.675495
[setup in-reg] enable_cycle -> _114173_/D : -23.675495
[setup in-reg] enable_cycle -> _114262_/D : -23.675495
[setup in-reg] enable_cycle -> _114263_/D : -23.675495
[setup in-reg] enable_cycle -> _114265_/D : -23.675495
[setup in-reg] enable_cycle -> _114266_/D : -23.675495
[setup in-reg] enable_cycle -> _114267_/D : -23.675495
[setup in-reg] enable_cycle -> _114268_/D : -23.675495
[setup in-reg] enable_cycle -> _114269_/D : -23.675495
[setup in-reg] enable_cycle -> _114271_/D : -23.675495
[setup in-reg] enable_cycle -> _114273_/D : -23.675495
[setup in-reg] enable_cycle -> _114275_/D : -23.675495
[setup in-reg] enable_cycle -> _114347_/D : -23.675495
[setup in-reg] enable_cycle -> _114348_/D : -23.675495
[setup in-reg] enable_cycle -> _114350_/D : -23.675495
[setup in-reg] enable_cycle -> _114351_/D : -23.675495
[setup in-reg] enable_cycle -> _114352_/D : -23.675495
[setup in-reg] enable_cycle -> _114354_/D : -23.675495
[setup in-reg] enable_cycle -> _114356_/D : -23.675495
[setup in-reg] enable_cycle -> _114358_/D : -23.675495
[setup in-reg] enable_cycle -> _114360_/D : -23.675495
[setup in-reg] enable_cycle -> _114432_/D : -23.675495
[setup in-reg] enable_cycle -> _114433_/D : -23.675495
[setup in-reg] enable_cycle -> _114434_/D : -23.675495
[setup in-reg] enable_cycle -> _114435_/D : -23.675495
[setup in-reg] enable_cycle -> _114436_/D : -23.675495
[setup in-reg] enable_cycle -> _114437_/D : -23.675495
[setup in-reg] enable_cycle -> _114439_/D : -23.675495
[setup in-reg] enable_cycle -> _114441_/D : -23.675495
[setup in-reg] enable_cycle -> _114443_/D : -23.675495
[setup in-reg] enable_cycle -> _114445_/D : -23.675495
[setup in-reg] enable_cycle -> _114446_/D : -23.675495
[setup in-reg] enable_cycle -> _114517_/D : -23.675495
[setup in-reg] enable_cycle -> _114518_/D : -23.675495
[setup in-reg] enable_cycle -> _114519_/D : -23.675495
[setup in-reg] enable_cycle -> _114520_/D : -23.675495
[setup in-reg] enable_cycle -> _114521_/D : -23.675495
[setup in-reg] enable_cycle -> _114522_/D : -23.675495
[setup in-reg] enable_cycle -> _114524_/D : -23.675495
[setup in-reg] enable_cycle -> _114526_/D : -23.675495
[setup in-reg] enable_cycle -> _114528_/D : -23.675495
[setup in-reg] enable_cycle -> _114530_/D : -23.675495
[setup in-reg] enable_cycle -> _114602_/D : -23.675495
[setup in-reg] enable_cycle -> _114603_/D : -23.675495
[setup in-reg] enable_cycle -> _114605_/D : -23.675495
[setup in-reg] enable_cycle -> _114606_/D : -23.675495
[setup in-reg] enable_cycle -> _114607_/D : -23.675495
[setup in-reg] enable_cycle -> _114609_/D : -23.675495
[setup in-reg] enable_cycle -> _114611_/D : -23.675495
[setup in-reg] enable_cycle -> _114613_/D : -23.675495
[setup in-reg] enable_cycle -> _114615_/D : -23.675495
[setup in-reg] enable_cycle -> _114687_/D : -23.675495
[setup in-reg] enable_cycle -> _114688_/D : -23.675495
[setup in-reg] enable_cycle -> _114690_/D : -23.675495
[setup in-reg] enable_cycle -> _114691_/D : -23.675495
[setup in-reg] enable_cycle -> _114692_/D : -23.675495
[setup in-reg] enable_cycle -> _114694_/D : -23.675495
[setup in-reg] enable_cycle -> _114696_/D : -23.675495
[setup in-reg] enable_cycle -> _114698_/D : -23.675495
[setup in-reg] enable_cycle -> _114700_/D : -23.675495
[setup in-reg] enable_cycle -> _114702_/D : -23.675495
[setup in-reg] enable_cycle -> _114814_/D : -23.675495
[setup in-reg] enable_cycle -> _114815_/D : -23.675495
[setup in-reg] enable_cycle -> _114817_/D : -23.675495
[setup in-reg] enable_cycle -> _114818_/D : -23.675495
[setup in-reg] enable_cycle -> _114819_/D : -23.675495
[setup in-reg] enable_cycle -> _114821_/D : -23.675495
[setup in-reg] enable_cycle -> _114823_/D : -23.675495
[setup in-reg] enable_cycle -> _114825_/D : -23.675495
[setup in-reg] enable_cycle -> _114827_/D : -23.675495
[setup in-reg] enable_cycle -> _114920_/D : -23.675495
[setup in-reg] enable_cycle -> _114921_/D : -23.675495
[setup in-reg] enable_cycle -> _114923_/D : -23.675495
[setup in-reg] enable_cycle -> _114924_/D : -23.675495
[setup in-reg] enable_cycle -> _114925_/D : -23.675495
[setup in-reg] enable_cycle -> _114927_/D : -23.675495
[setup in-reg] enable_cycle -> _114929_/D : -23.675495
[setup in-reg] enable_cycle -> _114933_/D : -23.675495
[setup in-reg] enable_cycle -> _115008_/D : -23.675495
[setup in-reg] enable_cycle -> _115009_/D : -23.675495
[setup in-reg] enable_cycle -> _115011_/D : -23.675495
[setup in-reg] enable_cycle -> _115012_/D : -23.675495
[setup in-reg] enable_cycle -> _115013_/D : -23.675495
[setup in-reg] enable_cycle -> _115015_/D : -23.675495
[setup in-reg] enable_cycle -> _115017_/D : -23.675495
[setup in-reg] enable_cycle -> _115021_/D : -23.675495
[setup in-reg] enable_cycle -> _115096_/D : -23.675495
[setup in-reg] enable_cycle -> _115097_/D : -23.675495
[setup in-reg] enable_cycle -> _115099_/D : -23.675495
[setup in-reg] enable_cycle -> _115100_/D : -23.675495
[setup in-reg] enable_cycle -> _115101_/D : -23.675495
[setup in-reg] enable_cycle -> _115103_/D : -23.675495
[setup in-reg] enable_cycle -> _115105_/D : -23.675495
[setup in-reg] enable_cycle -> _115109_/D : -23.675495
[setup in-reg] enable_cycle -> _115184_/D : -23.675495
[setup in-reg] enable_cycle -> _115185_/D : -23.675495
[setup in-reg] enable_cycle -> _115187_/D : -23.675495
[setup in-reg] enable_cycle -> _115188_/D : -23.675495
[setup in-reg] enable_cycle -> _115189_/D : -23.675495
[setup in-reg] enable_cycle -> _115191_/D : -23.675495
[setup in-reg] enable_cycle -> _115193_/D : -23.675495
[setup in-reg] enable_cycle -> _115195_/D : -23.675495
[setup in-reg] enable_cycle -> _115197_/D : -23.675495
[setup in-reg] enable_cycle -> _115272_/D : -23.675495
[setup in-reg] enable_cycle -> _115273_/D : -23.675495
[setup in-reg] enable_cycle -> _115275_/D : -23.675495
[setup in-reg] enable_cycle -> _115276_/D : -23.675495
[setup in-reg] enable_cycle -> _115277_/D : -23.675495
[setup in-reg] enable_cycle -> _115279_/D : -23.675495
[setup in-reg] enable_cycle -> _115281_/D : -23.675495
[setup in-reg] enable_cycle -> _115283_/D : -23.675495
[setup in-reg] enable_cycle -> _115285_/D : -23.675495
[setup in-reg] enable_cycle -> _115360_/D : -23.675495
[setup in-reg] enable_cycle -> _115361_/D : -23.675495
[setup in-reg] enable_cycle -> _115363_/D : -23.675495
[setup in-reg] enable_cycle -> _115364_/D : -23.675495
[setup in-reg] enable_cycle -> _115365_/D : -23.675495
[setup in-reg] enable_cycle -> _115367_/D : -23.675495
[setup in-reg] enable_cycle -> _115369_/D : -23.675495
[setup in-reg] enable_cycle -> _115373_/D : -23.675495
[setup in-reg] enable_cycle -> _115491_/D : -23.675495
[setup in-reg] enable_cycle -> _115492_/D : -23.675495
[setup in-reg] enable_cycle -> _115494_/D : -23.675495
[setup in-reg] enable_cycle -> _115495_/D : -23.675495
[setup in-reg] enable_cycle -> _115496_/D : -23.675495
[setup in-reg] enable_cycle -> _115498_/D : -23.675495
[setup in-reg] enable_cycle -> _115500_/D : -23.675495
[setup in-reg] enable_cycle -> _115502_/D : -23.675495
[setup in-reg] enable_cycle -> _115504_/D : -23.675495
[setup in-reg] enable_cycle -> _115601_/D : -23.675495
[setup in-reg] enable_cycle -> _115602_/D : -23.675495
[setup in-reg] enable_cycle -> _115604_/D : -23.675495
[setup in-reg] enable_cycle -> _115605_/D : -23.675495
[setup in-reg] enable_cycle -> _115606_/D : -23.675495
[setup in-reg] enable_cycle -> _115608_/D : -23.675495
[setup in-reg] enable_cycle -> _115610_/D : -23.675495
[setup in-reg] enable_cycle -> _115614_/D : -23.675495
[setup in-reg] enable_cycle -> _115692_/D : -23.675495
[setup in-reg] enable_cycle -> _115693_/D : -23.675495
[setup in-reg] enable_cycle -> _115695_/D : -23.675495
[setup in-reg] enable_cycle -> _115696_/D : -23.675495
[setup in-reg] enable_cycle -> _115697_/D : -23.675495
[setup in-reg] enable_cycle -> _115698_/D : -23.675495
[setup in-reg] enable_cycle -> _115699_/D : -23.675495
[setup in-reg] enable_cycle -> _115701_/D : -23.675495
[setup in-reg] enable_cycle -> _115703_/D : -23.675495
[setup in-reg] enable_cycle -> _115705_/D : -23.675495
[setup in-reg] enable_cycle -> _115783_/D : -23.675495
[setup in-reg] enable_cycle -> _115784_/D : -23.675495
[setup in-reg] enable_cycle -> _115786_/D : -23.675495
[setup in-reg] enable_cycle -> _115787_/D : -23.675495
[setup in-reg] enable_cycle -> _115788_/D : -23.675495
[setup in-reg] enable_cycle -> _115790_/D : -23.675495
[setup in-reg] enable_cycle -> _115792_/D : -23.675495
[setup in-reg] enable_cycle -> _115796_/D : -23.675495
[setup in-reg] enable_cycle -> _115874_/D : -23.675495
[setup in-reg] enable_cycle -> _115875_/D : -23.675495
[setup in-reg] enable_cycle -> _115876_/D : -23.675495
[setup in-reg] enable_cycle -> _115877_/D : -23.675495
[setup in-reg] enable_cycle -> _115878_/D : -23.675495
[setup in-reg] enable_cycle -> _115879_/D : -23.675495
[setup in-reg] enable_cycle -> _115881_/D : -23.675495
[setup in-reg] enable_cycle -> _115883_/D : -23.675495
[setup in-reg] enable_cycle -> _115887_/D : -23.675495
[setup in-reg] enable_cycle -> _115889_/D : -23.675495
[setup in-reg] enable_cycle -> _115965_/D : -23.675495
[setup in-reg] enable_cycle -> _115966_/D : -23.675495
[setup in-reg] enable_cycle -> _115968_/D : -23.675495
[setup in-reg] enable_cycle -> _115969_/D : -23.675495
[setup in-reg] enable_cycle -> _115970_/D : -23.675495
[setup in-reg] enable_cycle -> _115972_/D : -23.675495
[setup in-reg] enable_cycle -> _115974_/D : -23.675495
[setup in-reg] enable_cycle -> _115978_/D : -23.675495
[setup in-reg] enable_cycle -> _116056_/D : -23.675495
[setup in-reg] enable_cycle -> _116057_/D : -23.675495
[setup in-reg] enable_cycle -> _116059_/D : -23.675495
[setup in-reg] enable_cycle -> _116060_/D : -23.675495
[setup in-reg] enable_cycle -> _116061_/D : -23.675495
[setup in-reg] enable_cycle -> _116063_/D : -23.675495
[setup in-reg] enable_cycle -> _116065_/D : -23.675495
[setup in-reg] enable_cycle -> _116067_/D : -23.675495
[setup in-reg] enable_cycle -> _116069_/D : -23.675495
[setup in-reg] enable_cycle -> _116071_/D : -23.675495
[setup in-reg] enable_cycle -> _116191_/D : -23.675495
[setup in-reg] enable_cycle -> _116192_/D : -23.675495
[setup in-reg] enable_cycle -> _116194_/D : -23.675495
[setup in-reg] enable_cycle -> _116195_/D : -23.675495
[setup in-reg] enable_cycle -> _116196_/D : -23.675495
[setup in-reg] enable_cycle -> _116198_/D : -23.675495
[setup in-reg] enable_cycle -> _116200_/D : -23.675495
[setup in-reg] enable_cycle -> _116204_/D : -23.675495
[setup in-reg] enable_cycle -> _116206_/D : -23.675495
[setup in-reg] enable_cycle -> _116305_/D : -23.675495
[setup in-reg] enable_cycle -> _116306_/D : -23.675495
[setup in-reg] enable_cycle -> _116308_/D : -23.675495
[setup in-reg] enable_cycle -> _116309_/D : -23.675495
[setup in-reg] enable_cycle -> _116310_/D : -23.675495
[setup in-reg] enable_cycle -> _116312_/D : -23.675495
[setup in-reg] enable_cycle -> _116314_/D : -23.675495
[setup in-reg] enable_cycle -> _116316_/D : -23.675495
[setup in-reg] enable_cycle -> _116318_/D : -23.675495
[setup in-reg] enable_cycle -> _116319_/D : -23.675495
[setup in-reg] enable_cycle -> _116320_/D : -23.675495
[setup in-reg] enable_cycle -> _116399_/D : -23.675495
[setup in-reg] enable_cycle -> _116400_/D : -23.675495
[setup in-reg] enable_cycle -> _116402_/D : -23.675495
[setup in-reg] enable_cycle -> _116403_/D : -23.675495
[setup in-reg] enable_cycle -> _111194_/D : -23.674734
[setup in-reg] enable_cycle -> _111560_/D : -23.674734
[setup in-reg] enable_cycle -> _111657_/D : -23.674734
[setup in-reg] enable_cycle -> _111754_/D : -23.674734
[setup in-reg] enable_cycle -> _111851_/D : -23.674734
[setup in-reg] enable_cycle -> _111994_/D : -23.674734
[setup in-reg] enable_cycle -> _112118_/D : -23.674734
[setup in-reg] enable_cycle -> _116614_/D : -23.674541
[setup in-reg] enable_cycle -> _116618_/D : -23.674524
[setup in-reg] enable_cycle -> _115192_/D : -23.662907
[setup in-reg] enable_cycle -> _115280_/D : -23.662907
[setup in-reg] enable_cycle -> _111744_/D : -23.662878
[setup in-reg] enable_cycle -> _111984_/D : -23.662878
[setup in-reg] enable_cycle -> _112106_/D : -23.662878
[setup in-reg] enable_cycle -> _111451_/D : -23.660629
[setup in-reg] enable_cycle -> _111544_/D : -23.660629
[setup in-reg] enable_cycle -> _111645_/D : -23.660629
[setup in-reg] enable_cycle -> _111653_/D : -23.660629
[setup in-reg] enable_cycle -> _111742_/D : -23.660629
[setup in-reg] enable_cycle -> _111839_/D : -23.660629
[setup in-reg] enable_cycle -> _111978_/D : -23.660629
[setup in-reg] enable_cycle -> _111982_/D : -23.660629
[setup in-reg] enable_cycle -> _112104_/D : -23.660629
[setup in-reg] enable_cycle -> _112204_/D : -23.660629
[setup in-reg] enable_cycle -> _112209_/D : -23.660629
[setup in-reg] enable_cycle -> _112300_/D : -23.660629
[setup in-reg] enable_cycle -> _112304_/D : -23.660629
[setup in-reg] enable_cycle -> _112400_/D : -23.660629
[setup in-reg] enable_cycle -> _112404_/D : -23.660629
[setup in-reg] enable_cycle -> _112409_/D : -23.660629
[setup in-reg] enable_cycle -> _112500_/D : -23.660629
[setup in-reg] enable_cycle -> _112504_/D : -23.660629
[setup in-reg] enable_cycle -> _112509_/D : -23.660629
[setup in-reg] enable_cycle -> _112609_/D : -23.660629
[setup in-reg] enable_cycle -> _112763_/D : -23.660629
[setup in-reg] enable_cycle -> _112767_/D : -23.660629
[setup in-reg] enable_cycle -> _112786_/D : -23.660629
[setup in-reg] enable_cycle -> _112790_/D : -23.660629
[setup in-reg] enable_cycle -> _112792_/D : -23.660629
[setup in-reg] enable_cycle -> _113629_/D : -23.660629
[setup in-reg] enable_cycle -> _113633_/D : -23.660629
[setup in-reg] enable_cycle -> _113635_/D : -23.660629
[setup in-reg] enable_cycle -> _113639_/D : -23.660629
[setup in-reg] enable_cycle -> _113715_/D : -23.660629
[setup in-reg] enable_cycle -> _113717_/D : -23.660629
[setup in-reg] enable_cycle -> _113719_/D : -23.660629
[setup in-reg] enable_cycle -> _113793_/D : -23.660629
[setup in-reg] enable_cycle -> _113797_/D : -23.660629
[setup in-reg] enable_cycle -> _113799_/D : -23.660629
[setup in-reg] enable_cycle -> _113881_/D : -23.660629
[setup in-reg] enable_cycle -> _113883_/D : -23.660629
[setup in-reg] enable_cycle -> _113957_/D : -23.660629
[setup in-reg] enable_cycle -> _113961_/D : -23.660629
[setup in-reg] enable_cycle -> _113963_/D : -23.660629
[setup in-reg] enable_cycle -> _113967_/D : -23.660629
[setup in-reg] enable_cycle -> _114043_/D : -23.660629
[setup in-reg] enable_cycle -> _114045_/D : -23.660629
[setup in-reg] enable_cycle -> _114047_/D : -23.660629
[setup in-reg] enable_cycle -> _114162_/D : -23.660629
[setup in-reg] enable_cycle -> _114166_/D : -23.660629
[setup in-reg] enable_cycle -> _114168_/D : -23.660629
[setup in-reg] enable_cycle -> _114172_/D : -23.660629
[setup in-reg] enable_cycle -> _114264_/D : -23.660629
[setup in-reg] enable_cycle -> _114270_/D : -23.660629
[setup in-reg] enable_cycle -> _114272_/D : -23.660629
[setup in-reg] enable_cycle -> _114276_/D : -23.660629
[setup in-reg] enable_cycle -> _114349_/D : -23.660629
[setup in-reg] enable_cycle -> _114353_/D : -23.660629
[setup in-reg] enable_cycle -> _114438_/D : -23.660629
[setup in-reg] enable_cycle -> _114440_/D : -23.660629
[setup in-reg] enable_cycle -> _114442_/D : -23.660629
[setup in-reg] enable_cycle -> _114523_/D : -23.660629
[setup in-reg] enable_cycle -> _114525_/D : -23.660629
[setup in-reg] enable_cycle -> _114527_/D : -23.660629
[setup in-reg] enable_cycle -> _114531_/D : -23.660629
[setup in-reg] enable_cycle -> _114604_/D : -23.660629
[setup in-reg] enable_cycle -> _114608_/D : -23.660629
[setup in-reg] enable_cycle -> _114610_/D : -23.660629
[setup in-reg] enable_cycle -> _114616_/D : -23.660629
[setup in-reg] enable_cycle -> _114689_/D : -23.660629
[setup in-reg] enable_cycle -> _114693_/D : -23.660629
[setup in-reg] enable_cycle -> _114816_/D : -23.660629
[setup in-reg] enable_cycle -> _114820_/D : -23.660629
[setup in-reg] enable_cycle -> _114822_/D : -23.660629
[setup in-reg] enable_cycle -> _114824_/D : -23.660629
[setup in-reg] enable_cycle -> _114828_/D : -23.660629
[setup in-reg] enable_cycle -> _114922_/D : -23.660629
[setup in-reg] enable_cycle -> _114926_/D : -23.660629
[setup in-reg] enable_cycle -> _114928_/D : -23.660629
[setup in-reg] enable_cycle -> _114930_/D : -23.660629
[setup in-reg] enable_cycle -> _115010_/D : -23.660629
[setup in-reg] enable_cycle -> _115014_/D : -23.660629
[setup in-reg] enable_cycle -> _115016_/D : -23.660629
[setup in-reg] enable_cycle -> _115098_/D : -23.660629
[setup in-reg] enable_cycle -> _115102_/D : -23.660629
[setup in-reg] enable_cycle -> _115104_/D : -23.660629
[setup in-reg] enable_cycle -> _115106_/D : -23.660629
[setup in-reg] enable_cycle -> _115186_/D : -23.660629
[setup in-reg] enable_cycle -> _115190_/D : -23.660629
[setup in-reg] enable_cycle -> _115274_/D : -23.660629
[setup in-reg] enable_cycle -> _115278_/D : -23.660629
[setup in-reg] enable_cycle -> _112097_/D : -23.652348
[setup in-reg] enable_cycle -> _112197_/D : -23.652348
[setup in-reg] enable_cycle -> _112297_/D : -23.652348
[setup in-reg] enable_cycle -> _112397_/D : -23.652348
[setup in-reg] enable_cycle -> _116742_/D : -23.652348
[setup in-reg] enable_cycle -> _116863_/D : -23.652348
[setup in-reg] enable_cycle -> _116965_/D : -23.652348
[setup in-reg] enable_cycle -> _117032_/D : -23.652348
[setup in-reg] enable_cycle -> _111175_/D : -23.646631
[setup in-reg] enable_cycle -> _111323_/D : -23.646631
[setup in-reg] enable_cycle -> _111444_/D : -23.646631
[setup in-reg] enable_cycle -> _111541_/D : -23.646631
[setup in-reg] enable_cycle -> _111638_/D : -23.646631
[setup in-reg] enable_cycle -> _111735_/D : -23.646631
[setup in-reg] enable_cycle -> _111832_/D : -23.646631
[setup in-reg] enable_cycle -> _111975_/D : -23.646631
[setup in-reg] enable_cycle -> _111332_/D : -23.644073
[setup in-reg] enable_cycle -> _113724_/D : -23.641537
[setup in-reg] enable_cycle -> _115453_/D : -23.639587
[setup in-reg] enable_cycle -> _116082_/D : -23.639587
[setup in-reg] enable_cycle -> _116238_/D : -23.639587
[setup in-reg] enable_cycle -> _111176_/D : -23.637951
[setup in-reg] enable_cycle -> _111177_/D : -23.632051
[setup in-reg] enable_cycle -> _111179_/D : -23.632051
[setup in-reg] enable_cycle -> _111180_/D : -23.632051
[setup in-reg] enable_cycle -> _111181_/D : -23.632051
[setup in-reg] enable_cycle -> _111185_/D : -23.632051
[setup in-reg] enable_cycle -> _111187_/D : -23.632051
[setup in-reg] enable_cycle -> _111189_/D : -23.632051
[setup in-reg] enable_cycle -> _111324_/D : -23.632051
[setup in-reg] enable_cycle -> _111325_/D : -23.632051
[setup in-reg] enable_cycle -> _111327_/D : -23.632051
[setup in-reg] enable_cycle -> _116974_/D : -23.631512
[setup in-reg] enable_cycle -> _116976_/D : -23.631512
[setup in-reg] enable_cycle -> _117035_/D : -23.631512
[setup in-reg] enable_cycle -> _117039_/D : -23.631512
[setup in-reg] enable_cycle -> _117041_/D : -23.631512
[setup in-reg] enable_cycle -> _115282_/D : -23.626671
[setup in-reg] enable_cycle -> _115888_/D : -23.626682
[setup in-reg] enable_cycle -> _113875_/D : -23.618662
[setup in-reg] enable_cycle -> _113888_/D : -23.618662
[setup in-reg] enable_cycle -> _113970_/D : -23.618662
[setup in-reg] enable_cycle -> _114052_/D : -23.618662
[setup in-reg] enable_cycle -> _114175_/D : -23.618662
[setup in-reg] enable_cycle -> _114701_/D : -23.618662
[setup in-reg] enable_cycle -> _115194_/D : -23.618662
[setup in-reg] enable_cycle -> _116624_/D : -23.608604
[setup in-reg] enable_cycle -> _112413_/D : -23.593065
[setup in-reg] enable_cycle -> _112513_/D : -23.593065
[setup in-reg] enable_cycle -> _112613_/D : -23.593065
[setup in-reg] enable_cycle -> _115890_/D : -23.593065
[setup in-reg] enable_cycle -> _115891_/D : -23.593065
[setup in-reg] enable_cycle -> _116207_/D : -23.593065
[setup in-reg] enable_cycle -> _116208_/D : -23.593065
[setup in-reg] enable_cycle -> _116758_/D : -23.593065
[setup in-reg] enable_cycle -> _116417_/D : -23.580923
[setup in-reg] enable_cycle -> _115506_/D : -23.553280
[setup in-reg] enable_cycle -> _112799_/D : -23.553110
[setup in-reg] enable_cycle -> _113642_/D : -23.553110
[setup in-reg] enable_cycle -> _111766_/D : -23.263546
[setup in-reg] enable_cycle -> _111863_/D : -23.263546
[setup in-reg] enable_cycle -> _112329_/D : -23.263546
[setup in-reg] enable_cycle -> _113129_/D : -23.263546
[setup in-reg] enable_cycle -> _113321_/D : -23.263546
[setup in-reg] enable_cycle -> _113385_/D : -23.263546
[setup in-reg] enable_cycle -> _113449_/D : -23.263546
[setup in-reg] enable_cycle -> _113497_/D : -23.263546
[setup in-reg] enable_cycle -> _113816_/D : -23.263546
[setup in-reg] enable_cycle -> _114373_/D : -23.263546
[setup in-reg] enable_cycle -> _114947_/D : -23.263546
[setup in-reg] enable_cycle -> _115538_/D : -23.263546
[setup in-reg] enable_cycle -> _116428_/D : -23.263546
[setup in-reg] enable_cycle -> _117062_/D : -23.263546
[setup in-reg] enable_cycle -> _113325_/D : -23.223654
[setup in-reg] enable_cycle -> _112034_/D : -23.198744
[setup in-reg] enable_cycle -> _112129_/D : -23.198744
[setup in-reg] enable_cycle -> _112131_/D : -23.198744
[setup in-reg] enable_cycle -> _112133_/D : -23.198744
[setup in-reg] enable_cycle -> _112134_/D : -23.198744
[setup in-reg] enable_cycle -> _112234_/D : -23.198744
[setup in-reg] enable_cycle -> _112333_/D : -23.198744
[setup in-reg] enable_cycle -> _112334_/D : -23.198744
[setup in-reg] enable_cycle -> _112429_/D : -23.198744
[setup in-reg] enable_cycle -> _112430_/D : -23.198744
[setup in-reg] enable_cycle -> _112432_/D : -23.198744
[setup in-reg] enable_cycle -> _112532_/D : -23.198744
[setup in-reg] enable_cycle -> _112629_/D : -23.198744
[setup in-reg] enable_cycle -> _112631_/D : -23.198744
[setup in-reg] enable_cycle -> _112633_/D : -23.198744
[setup in-reg] enable_cycle -> _112634_/D : -23.198744
[setup in-reg] enable_cycle -> _112722_/D : -23.198744
[setup in-reg] enable_cycle -> _112723_/D : -23.198744
[setup in-reg] enable_cycle -> _112725_/D : -23.198744
[setup in-reg] enable_cycle -> _112869_/D : -23.198744
[setup in-reg] enable_cycle -> _113734_/D : -23.198744
[setup in-reg] enable_cycle -> _113735_/D : -23.198744
[setup in-reg] enable_cycle -> _113736_/D : -23.198744
[setup in-reg] enable_cycle -> _113737_/D : -23.198744
[setup in-reg] enable_cycle -> _113820_/D : -23.198744
[setup in-reg] enable_cycle -> _113821_/D : -23.198744
[setup in-reg] enable_cycle -> _113902_/D : -23.198744
[setup in-reg] enable_cycle -> _113903_/D : -23.198744
[setup in-reg] enable_cycle -> _113981_/D : -23.198744
[setup in-reg] enable_cycle -> _113983_/D : -23.198744
[setup in-reg] enable_cycle -> _114633_/D : -23.198744
[setup in-reg] enable_cycle -> _114713_/D : -23.198744
[setup in-reg] enable_cycle -> _114715_/D : -23.198744
[setup in-reg] enable_cycle -> _114717_/D : -23.198744
[setup in-reg] enable_cycle -> _114718_/D : -23.198744
[setup in-reg] enable_cycle -> _114784_/D : -23.198744
[setup in-reg] enable_cycle -> _114785_/D : -23.198744
[setup in-reg] enable_cycle -> _114862_/D : -23.198744
[setup in-reg] enable_cycle -> _114949_/D : -23.198744
[setup in-reg] enable_cycle -> _114950_/D : -23.198744
[setup in-reg] enable_cycle -> _115037_/D : -23.198744
[setup in-reg] enable_cycle -> _115038_/D : -23.198744
[setup in-reg] enable_cycle -> _115123_/D : -23.198744
[setup in-reg] enable_cycle -> _115124_/D : -23.198744
[setup in-reg] enable_cycle -> _115125_/D : -23.198744
[setup in-reg] enable_cycle -> _115126_/D : -23.198744
[setup in-reg] enable_cycle -> _115215_/D : -23.198744
[setup in-reg] enable_cycle -> _115216_/D : -23.198744
[setup in-reg] enable_cycle -> _115300_/D : -23.198744
[setup in-reg] enable_cycle -> _115301_/D : -23.198744
[setup in-reg] enable_cycle -> _112870_/D : -23.175186
[setup in-reg] enable_cycle -> _113133_/D : -23.175186
[setup in-reg] enable_cycle -> _113134_/D : -23.175186
[setup in-reg] enable_cycle -> _113195_/D : -23.175186
[setup in-reg] enable_cycle -> _113197_/D : -23.175186
[setup in-reg] enable_cycle -> _113198_/D : -23.175186
[setup in-reg] enable_cycle -> _113261_/D : -23.175186
[setup in-reg] enable_cycle -> _113262_/D : -23.175186
[setup in-reg] enable_cycle -> _113326_/D : -23.175186
[setup in-reg] enable_cycle -> _113390_/D : -23.175186
[setup in-reg] enable_cycle -> _113453_/D : -23.175186
[setup in-reg] enable_cycle -> _113454_/D : -23.175186
[setup in-reg] enable_cycle -> _113498_/D : -23.175186
[setup in-reg] enable_cycle -> _113500_/D : -23.175186
[setup in-reg] enable_cycle -> _113571_/D : -23.175186
[setup in-reg] enable_cycle -> _113573_/D : -23.175186
[setup in-reg] enable_cycle -> _113656_/D : -23.175186
[setup in-reg] enable_cycle -> _113657_/D : -23.175186
[setup in-reg] enable_cycle -> _114066_/D : -23.175186
[setup in-reg] enable_cycle -> _114067_/D : -23.175186
[setup in-reg] enable_cycle -> _114127_/D : -23.175186
[setup in-reg] enable_cycle -> _114128_/D : -23.175186
[setup in-reg] enable_cycle -> _114130_/D : -23.175186
[setup in-reg] enable_cycle -> _114203_/D : -23.175186
[setup in-reg] enable_cycle -> _114204_/D : -23.175186
[setup in-reg] enable_cycle -> _114205_/D : -23.175186
[setup in-reg] enable_cycle -> _114290_/D : -23.175186
[setup in-reg] enable_cycle -> _114292_/D : -23.175186
[setup in-reg] enable_cycle -> _114293_/D : -23.175186
[setup in-reg] enable_cycle -> _114377_/D : -23.175186
[setup in-reg] enable_cycle -> _114378_/D : -23.175186
[setup in-reg] enable_cycle -> _114459_/D : -23.175186
[setup in-reg] enable_cycle -> _114461_/D : -23.175186
[setup in-reg] enable_cycle -> _114544_/D : -23.175186
[setup in-reg] enable_cycle -> _114546_/D : -23.175186
[setup in-reg] enable_cycle -> _114632_/D : -23.175186
[setup in-reg] enable_cycle -> _115302_/D : -23.175186
[setup in-reg] enable_cycle -> _115391_/D : -23.175186
[setup in-reg] enable_cycle -> _115392_/D : -23.175186
[setup in-reg] enable_cycle -> _115458_/D : -23.175186
[setup in-reg] enable_cycle -> _115460_/D : -23.175186
[setup in-reg] enable_cycle -> _115461_/D : -23.175186
[setup in-reg] enable_cycle -> _115542_/D : -23.175186
[setup in-reg] enable_cycle -> _115543_/D : -23.175186
[setup in-reg] enable_cycle -> _115630_/D : -23.175186
[setup in-reg] enable_cycle -> _113193_/D : -23.168093
[setup in-reg] enable_cycle -> _113570_/D : -23.168093
[setup in-reg] enable_cycle -> _114288_/D : -23.168093
[setup in-reg] enable_cycle -> _114458_/D : -23.168093
[setup in-reg] enable_cycle -> _115629_/D : -23.168093
[setup in-reg] enable_cycle -> _113451_/D : -23.152233
[setup in-reg] enable_cycle -> _116895_/D : -23.152233
[setup in-reg] enable_cycle -> _111671_/D : -23.132494
[setup in-reg] enable_cycle -> _111673_/D : -23.132494
[setup in-reg] enable_cycle -> _111674_/D : -23.132494
[setup in-reg] enable_cycle -> _111770_/D : -23.132494
[setup in-reg] enable_cycle -> _111771_/D : -23.132494
[setup in-reg] enable_cycle -> _111868_/D : -23.132494
[setup in-reg] enable_cycle -> _111938_/D : -23.132494
[setup in-reg] enable_cycle -> _111942_/D : -23.132494
[setup in-reg] enable_cycle -> _111943_/D : -23.132494
[setup in-reg] enable_cycle -> _111931_/D : -23.125402
[setup in-reg] enable_cycle -> _111260_/D : -23.109064
[setup in-reg] enable_cycle -> _111358_/D : -23.109064
[setup in-reg] enable_cycle -> _111359_/D : -23.109064
[setup in-reg] enable_cycle -> _111475_/D : -23.109064
[setup in-reg] enable_cycle -> _111478_/D : -23.109064
[setup in-reg] enable_cycle -> _111480_/D : -23.109064
[setup in-reg] enable_cycle -> _111577_/D : -23.109064
[setup in-reg] enable_cycle -> _111669_/D : -23.109064
[setup in-reg] enable_cycle -> _111418_/D : -23.101950
[setup in-reg] enable_cycle -> _111572_/D : -23.101950
[setup in-reg] enable_cycle -> _115305_/D : -23.079531
[setup in-reg] enable_cycle -> _115635_/D : -23.079531
[setup in-reg] enable_cycle -> _116813_/D : -23.058170
[setup in-reg] enable_cycle -> _114129_/D : -23.054516
[setup in-reg] enable_cycle -> _114131_/D : -23.054516
[setup in-reg] enable_cycle -> _114206_/D : -23.054516
[setup in-reg] enable_cycle -> _114207_/D : -23.054516
[setup in-reg] enable_cycle -> _114460_/D : -23.054516
[setup in-reg] enable_cycle -> _114462_/D : -23.054516
[setup in-reg] enable_cycle -> _114545_/D : -23.054516
[setup in-reg] enable_cycle -> _114547_/D : -23.054516
[setup in-reg] enable_cycle -> _115303_/D : -23.054516
[setup in-reg] enable_cycle -> _115389_/D : -23.054516
[setup in-reg] enable_cycle -> _115631_/D : -23.054516
[setup in-reg] enable_cycle -> _115633_/D : -23.054516
[setup in-reg] enable_cycle -> _115720_/D : -23.054516
[setup in-reg] enable_cycle -> _115722_/D : -23.054516
[setup in-reg] enable_cycle -> _115724_/D : -23.054516
[setup in-reg] enable_cycle -> _115995_/D : -23.054516
[setup in-reg] enable_cycle -> _115997_/D : -23.054516
[setup in-reg] enable_cycle -> _115998_/D : -23.054516
[setup in-reg] enable_cycle -> _116084_/D : -23.054516
[setup in-reg] enable_cycle -> _116086_/D : -23.054516
[setup in-reg] enable_cycle -> _116088_/D : -23.054516
[setup in-reg] enable_cycle -> _116157_/D : -23.054516
[setup in-reg] enable_cycle -> _116240_/D : -23.054516
[setup in-reg] enable_cycle -> _116242_/D : -23.054516
[setup in-reg] enable_cycle -> _116244_/D : -23.054516
[setup in-reg] enable_cycle -> _116336_/D : -23.054516
[setup in-reg] enable_cycle -> _116430_/D : -23.054516
[setup in-reg] enable_cycle -> _116563_/D : -23.054516
[setup in-reg] enable_cycle -> _116700_/D : -23.054516
[setup in-reg] enable_cycle -> _116780_/D : -23.054516
[setup in-reg] enable_cycle -> _116832_/D : -23.054516
[setup in-reg] enable_cycle -> _114132_/D : -23.053255
[setup in-reg] enable_cycle -> _114208_/D : -23.053255
[setup in-reg] enable_cycle -> _114463_/D : -23.053255
[setup in-reg] enable_cycle -> _114548_/D : -23.053255
[setup in-reg] enable_cycle -> _115304_/D : -23.053255
[setup in-reg] enable_cycle -> _115634_/D : -23.053255
[setup in-reg] enable_cycle -> _115813_/D : -23.053255
[setup in-reg] enable_cycle -> _115904_/D : -23.053255
[setup in-reg] enable_cycle -> _116089_/D : -23.053255
[setup in-reg] enable_cycle -> _111145_/D : -23.053204
[setup in-reg] enable_cycle -> _111675_/D : -23.053204
[setup in-reg] enable_cycle -> _111869_/D : -23.053204
[setup in-reg] enable_cycle -> _112335_/D : -23.053204
[setup in-reg] enable_cycle -> _112728_/D : -23.053204
[setup in-reg] enable_cycle -> _113503_/D : -23.053204
[setup in-reg] enable_cycle -> _113576_/D : -23.053204
[setup in-reg] enable_cycle -> _113740_/D : -23.053204
[setup in-reg] enable_cycle -> _114068_/D : -23.048729
[setup in-reg] enable_cycle -> _114133_/D : -23.048729
[setup in-reg] enable_cycle -> _114209_/D : -23.048729
[setup in-reg] enable_cycle -> _114294_/D : -23.048729
[setup in-reg] enable_cycle -> _114375_/D : -23.048729
[setup in-reg] enable_cycle -> _114379_/D : -23.048729
[setup in-reg] enable_cycle -> _114464_/D : -23.048729
[setup in-reg] enable_cycle -> _114549_/D : -23.048729
[setup in-reg] enable_cycle -> _115217_/D : -23.048729
[setup in-reg] enable_cycle -> _115393_/D : -23.048729
[setup in-reg] enable_cycle -> _115462_/D : -23.048729
[setup in-reg] enable_cycle -> _115540_/D : -23.048729
[setup in-reg] enable_cycle -> _115544_/D : -23.048729
[setup in-reg] enable_cycle -> _115726_/D : -23.048729
[setup in-reg] enable_cycle -> _115817_/D : -23.048729
[setup in-reg] enable_cycle -> _115908_/D : -23.048729
[setup in-reg] enable_cycle -> _115999_/D : -23.048729
[setup in-reg] enable_cycle -> _116090_/D : -23.048729
[setup in-reg] enable_cycle -> _116161_/D : -23.048729
[setup in-reg] enable_cycle -> _116246_/D : -23.048729
[setup in-reg] enable_cycle -> _116340_/D : -23.048729
[setup in-reg] enable_cycle -> _116434_/D : -23.048729
[setup in-reg] enable_cycle -> _116567_/D : -23.048729
[setup in-reg] enable_cycle -> _116704_/D : -23.048729
[setup in-reg] enable_cycle -> _116899_/D : -23.048729
[setup in-reg] enable_cycle -> _111258_/D : -23.041346
[setup in-reg] enable_cycle -> _115632_/D : -23.035366
[setup in-reg] enable_cycle -> _115725_/D : -23.035366
[setup in-reg] enable_cycle -> _115815_/D : -23.035366
[setup in-reg] enable_cycle -> _115816_/D : -23.035366
[setup in-reg] enable_cycle -> _115906_/D : -23.035366
[setup in-reg] enable_cycle -> _115907_/D : -23.035366
[setup in-reg] enable_cycle -> _116159_/D : -23.035366
[setup in-reg] enable_cycle -> _116160_/D : -23.035366
[setup in-reg] enable_cycle -> _116243_/D : -23.035366
[setup in-reg] enable_cycle -> _116245_/D : -23.035366
[setup in-reg] enable_cycle -> _116338_/D : -23.035366
[setup in-reg] enable_cycle -> _116339_/D : -23.035366
[setup in-reg] enable_cycle -> _116432_/D : -23.035366
[setup in-reg] enable_cycle -> _116433_/D : -23.035366
[setup in-reg] enable_cycle -> _116565_/D : -23.035366
[setup in-reg] enable_cycle -> _116566_/D : -23.035366
[setup in-reg] enable_cycle -> _116702_/D : -23.035366
[setup in-reg] enable_cycle -> _116703_/D : -23.035366
[setup in-reg] enable_cycle -> _111219_/D : -23.031849
[setup in-reg] enable_cycle -> _111141_/D : -23.028193
[setup in-reg] enable_cycle -> _111143_/D : -23.028193
[setup in-reg] enable_cycle -> _111211_/D : -23.028193
[setup in-reg] enable_cycle -> _111215_/D : -23.028193
[setup in-reg] enable_cycle -> _111223_/D : -23.028193
[setup in-reg] enable_cycle -> _111259_/D : -23.028193
[setup in-reg] enable_cycle -> _111261_/D : -23.028193
[setup in-reg] enable_cycle -> _111356_/D : -23.028193
[setup in-reg] enable_cycle -> _111414_/D : -23.028193
[setup in-reg] enable_cycle -> _111420_/D : -23.028193
[setup in-reg] enable_cycle -> _111477_/D : -23.028193
[setup in-reg] enable_cycle -> _111479_/D : -23.028193
[setup in-reg] enable_cycle -> _111574_/D : -23.028193
[setup in-reg] enable_cycle -> _111576_/D : -23.028193
[setup in-reg] enable_cycle -> _111768_/D : -23.028193
[setup in-reg] enable_cycle -> _111865_/D : -23.028193
[setup in-reg] enable_cycle -> _111940_/D : -23.028193
[setup in-reg] enable_cycle -> _112031_/D : -23.028193
[setup in-reg] enable_cycle -> _112033_/D : -23.028193
[setup in-reg] enable_cycle -> _112231_/D : -23.028193
[setup in-reg] enable_cycle -> _112233_/D : -23.028193
[setup in-reg] enable_cycle -> _112431_/D : -23.028193
[setup in-reg] enable_cycle -> _112433_/D : -23.028193
[setup in-reg] enable_cycle -> _112531_/D : -23.028193
[setup in-reg] enable_cycle -> _112533_/D : -23.028193
[setup in-reg] enable_cycle -> _112724_/D : -23.028193
[setup in-reg] enable_cycle -> _112726_/D : -23.028193
[setup in-reg] enable_cycle -> _113131_/D : -23.028193
[setup in-reg] enable_cycle -> _113259_/D : -23.028193
[setup in-reg] enable_cycle -> _113323_/D : -23.028193
[setup in-reg] enable_cycle -> _113387_/D : -23.028193
[setup in-reg] enable_cycle -> _113389_/D : -23.028193
[setup in-reg] enable_cycle -> _113499_/D : -23.028193
[setup in-reg] enable_cycle -> _113501_/D : -23.028193
[setup in-reg] enable_cycle -> _113572_/D : -23.028193
[setup in-reg] enable_cycle -> _113574_/D : -23.028193
[setup in-reg] enable_cycle -> _113738_/D : -23.028193
[setup in-reg] enable_cycle -> _113900_/D : -23.028193
[setup in-reg] enable_cycle -> _113982_/D : -23.028193
[setup in-reg] enable_cycle -> _113984_/D : -23.028193
[setup in-reg] enable_cycle -> _114064_/D : -23.028193
[setup in-reg] enable_cycle -> _111144_/D : -23.026932
[setup in-reg] enable_cycle -> _111262_/D : -23.026932
[setup in-reg] enable_cycle -> _112434_/D : -23.026932
[setup in-reg] enable_cycle -> _112534_/D : -23.026932
[setup in-reg] enable_cycle -> _112727_/D : -23.026932
[setup in-reg] enable_cycle -> _113502_/D : -23.026932
[setup in-reg] enable_cycle -> _113575_/D : -23.026932
[setup in-reg] enable_cycle -> _113654_/D : -23.026932
[setup in-reg] enable_cycle -> _113739_/D : -23.026932
[setup in-reg] enable_cycle -> _113985_/D : -23.026932
[setup in-reg] enable_cycle -> _111263_/D : -23.022406
[setup in-reg] enable_cycle -> _111360_/D : -23.022406
[setup in-reg] enable_cycle -> _111481_/D : -23.022406
[setup in-reg] enable_cycle -> _111578_/D : -23.022406
[setup in-reg] enable_cycle -> _111772_/D : -23.022406
[setup in-reg] enable_cycle -> _111944_/D : -23.022406
[setup in-reg] enable_cycle -> _112035_/D : -23.022406
[setup in-reg] enable_cycle -> _112135_/D : -23.022406
[setup in-reg] enable_cycle -> _112235_/D : -23.022406
[setup in-reg] enable_cycle -> _112331_/D : -23.022406
[setup in-reg] enable_cycle -> _112435_/D : -23.022406
[setup in-reg] enable_cycle -> _112535_/D : -23.022406
[setup in-reg] enable_cycle -> _112635_/D : -23.022406
[setup in-reg] enable_cycle -> _112867_/D : -23.022406
[setup in-reg] enable_cycle -> _112871_/D : -23.022406
[setup in-reg] enable_cycle -> _113135_/D : -23.022406
[setup in-reg] enable_cycle -> _113199_/D : -23.022406
[setup in-reg] enable_cycle -> _113263_/D : -23.022406
[setup in-reg] enable_cycle -> _113327_/D : -23.022406
[setup in-reg] enable_cycle -> _113391_/D : -23.022406
[setup in-reg] enable_cycle -> _113455_/D : -23.022406
[setup in-reg] enable_cycle -> _113658_/D : -23.022406
[setup in-reg] enable_cycle -> _113818_/D : -23.022406
[setup in-reg] enable_cycle -> _113822_/D : -23.022406
[setup in-reg] enable_cycle -> _113904_/D : -23.022406
[setup in-reg] enable_cycle -> _113986_/D : -23.022406
[setup in-reg] enable_cycle -> _115812_/D : -23.010559
[setup in-reg] enable_cycle -> _116776_/D : -23.010559
[setup in-reg] enable_cycle -> _116839_/D : -23.007263
[setup in-reg] enable_cycle -> _116897_/D : -23.007263
[setup in-reg] enable_cycle -> _116898_/D : -23.007263
[setup in-reg] enable_cycle -> _117007_/D : -23.007263
[setup in-reg] enable_cycle -> _116836_/D : -23.003881
[setup in-reg] enable_cycle -> _116838_/D : -23.003881
[setup in-reg] enable_cycle -> _117067_/D : -23.002085
[setup in-reg] enable_cycle -> _117010_/D : -22.997593
[setup in-reg] enable_cycle -> _112126_/D : -22.994473
[setup in-reg] enable_cycle -> _112321_/D : -22.994473
[setup in-reg] enable_cycle -> _113808_/D : -22.994476
[setup in-reg] enable_cycle -> _114365_/D : -22.994476
[setup in-reg] enable_cycle -> _114939_/D : -22.994476
[setup in-reg] enable_cycle -> _116784_/D : -22.994370
[setup in-reg] enable_cycle -> _116786_/D : -22.994370
[setup in-reg] enable_cycle -> _116787_/D : -22.994370
[setup in-reg] enable_cycle -> _116805_/D : -22.994370
[setup in-reg] enable_cycle -> _116809_/D : -22.994370
[setup in-reg] enable_cycle -> _116811_/D : -22.994370
[setup in-reg] enable_cycle -> _116812_/D : -22.994370
[setup in-reg] enable_cycle -> _116828_/D : -22.994370
[setup in-reg] enable_cycle -> _112426_/D : -22.992868
[setup in-reg] enable_cycle -> _115532_/D : -22.992868
[setup in-reg] enable_cycle -> _116815_/D : -22.987383
[setup in-reg] enable_cycle -> _115118_/D : -22.985155
[setup in-reg] enable_cycle -> _115206_/D : -22.985155
[setup in-reg] enable_cycle -> _115294_/D : -22.985155
[setup in-reg] enable_cycle -> _115382_/D : -22.985155
[setup in-reg] enable_cycle -> _115624_/D : -22.985155
[setup in-reg] enable_cycle -> _116841_/D : -22.985155
[setup in-reg] enable_cycle -> _111421_/D : -22.980455
[setup in-reg] enable_cycle -> _116956_/D : -22.978216
[setup in-reg] enable_cycle -> _116958_/D : -22.978216
[setup in-reg] enable_cycle -> _116964_/D : -22.978216
[setup in-reg] enable_cycle -> _116998_/D : -22.978216
[setup in-reg] enable_cycle -> _117004_/D : -22.978216
[setup in-reg] enable_cycle -> _117005_/D : -22.978216
[setup in-reg] enable_cycle -> _116952_/D : -22.976011
[setup in-reg] enable_cycle -> _116959_/D : -22.976011
[setup in-reg] enable_cycle -> _116960_/D : -22.976011
[setup in-reg] enable_cycle -> _117002_/D : -22.976011
[setup in-reg] enable_cycle -> _117064_/D : -22.976011
[setup in-reg] enable_cycle -> _117066_/D : -22.976011
[setup in-reg] enable_cycle -> _116788_/D : -22.970280
[setup in-reg] enable_cycle -> _116840_/D : -22.970280
[setup in-reg] enable_cycle -> _117068_/D : -22.970224
[setup in-reg] enable_cycle -> _111134_/D : -22.945915
[setup in-reg] enable_cycle -> _111252_/D : -22.945915
[setup in-reg] enable_cycle -> _111855_/D : -22.945908
[setup in-reg] enable_cycle -> _111930_/D : -22.945908
[setup in-reg] enable_cycle -> _111932_/D : -22.945910
[setup in-reg] enable_cycle -> _112524_/D : -22.945915
[setup in-reg] enable_cycle -> _112624_/D : -22.945915
[setup in-reg] enable_cycle -> _111221_/D : -22.945578
[setup in-reg] enable_cycle -> _114630_/D : -22.945568
[setup in-reg] enable_cycle -> _114782_/D : -22.945568
[setup in-reg] enable_cycle -> _114861_/D : -22.945568
[setup in-reg] enable_cycle -> _114863_/D : -22.945568
[setup in-reg] enable_cycle -> _114951_/D : -22.945568
[setup in-reg] enable_cycle -> _114864_/D : -22.944307
[setup in-reg] enable_cycle -> _111354_/D : -22.943092
[setup in-reg] enable_cycle -> _111408_/D : -22.943092
[setup in-reg] enable_cycle -> _111410_/D : -22.943092
[setup in-reg] enable_cycle -> _111412_/D : -22.943092
[setup in-reg] enable_cycle -> _111668_/D : -22.943092
[setup in-reg] enable_cycle -> _111764_/D : -22.943092
[setup in-reg] enable_cycle -> _112029_/D : -22.943092
[setup in-reg] enable_cycle -> _112128_/D : -22.943092
[setup in-reg] enable_cycle -> _112229_/D : -22.943092
[setup in-reg] enable_cycle -> _112527_/D : -22.943092
[setup in-reg] enable_cycle -> _112627_/D : -22.943092
[setup in-reg] enable_cycle -> _112720_/D : -22.943092
[setup in-reg] enable_cycle -> _112865_/D : -22.943092
[setup in-reg] enable_cycle -> _113192_/D : -22.943092
[setup in-reg] enable_cycle -> _113255_/D : -22.943092
[setup in-reg] enable_cycle -> _113652_/D : -22.943092
[setup in-reg] enable_cycle -> _113898_/D : -22.943092
[setup in-reg] enable_cycle -> _114062_/D : -22.943092
[setup in-reg] enable_cycle -> _114201_/D : -22.943092
[setup in-reg] enable_cycle -> _114286_/D : -22.943092
[setup in-reg] enable_cycle -> _114628_/D : -22.943092
[setup in-reg] enable_cycle -> _114780_/D : -22.943092
[setup in-reg] enable_cycle -> _115033_/D : -22.943092
[setup in-reg] enable_cycle -> _115211_/D : -22.943092
[setup in-reg] enable_cycle -> _115387_/D : -22.943092
[setup in-reg] enable_cycle -> _115454_/D : -22.943092
[setup in-reg] enable_cycle -> _115456_/D : -22.943092
[setup in-reg] enable_cycle -> _115811_/D : -22.943092
[setup in-reg] enable_cycle -> _115902_/D : -22.943092
[setup in-reg] enable_cycle -> _116334_/D : -22.943092
[setup in-reg] enable_cycle -> _116561_/D : -22.943092
[setup in-reg] enable_cycle -> _116698_/D : -22.943092
[setup in-reg] enable_cycle -> _116778_/D : -22.943092
[setup in-reg] enable_cycle -> _116782_/D : -22.943092
[setup in-reg] enable_cycle -> _116807_/D : -22.943092
[setup in-reg] enable_cycle -> _116830_/D : -22.943092
[setup in-reg] enable_cycle -> _116834_/D : -22.943092
[setup in-reg] enable_cycle -> _116893_/D : -22.943092
[setup in-reg] enable_cycle -> _116950_/D : -22.943092
[setup in-reg] enable_cycle -> _116954_/D : -22.943092
[setup in-reg] enable_cycle -> _114634_/D : -22.939781
[setup in-reg] enable_cycle -> _114719_/D : -22.939781
[setup in-reg] enable_cycle -> _114786_/D : -22.939781
[setup in-reg] enable_cycle -> _114865_/D : -22.939781
[setup in-reg] enable_cycle -> _111139_/D : -22.928514
[setup in-reg] enable_cycle -> _111220_/D : -22.926685
[setup in-reg] enable_cycle -> _111222_/D : -22.926685
[setup in-reg] enable_cycle -> _111224_/D : -22.926685
[setup in-reg] enable_cycle -> _111140_/D : -22.925665
[setup in-reg] enable_cycle -> _111142_/D : -22.925665
[setup in-reg] enable_cycle -> _111402_/D : -22.918728
[setup in-reg] enable_cycle -> _111406_/D : -22.918728
[setup in-reg] enable_cycle -> _111473_/D : -22.918728
[setup in-reg] enable_cycle -> _111570_/D : -22.918728
[setup in-reg] enable_cycle -> _111665_/D : -22.918728
[setup in-reg] enable_cycle -> _111861_/D : -22.918728
[setup in-reg] enable_cycle -> _111933_/D : -22.918728
[setup in-reg] enable_cycle -> _111936_/D : -22.918728
[setup in-reg] enable_cycle -> _112125_/D : -22.918728
[setup in-reg] enable_cycle -> _112127_/D : -22.918728
[setup in-reg] enable_cycle -> _112323_/D : -22.918728
[setup in-reg] enable_cycle -> _112719_/D : -22.918728
[setup in-reg] enable_cycle -> _113189_/D : -22.918728
[setup in-reg] enable_cycle -> _113383_/D : -22.918728
[setup in-reg] enable_cycle -> _113732_/D : -22.918728
[setup in-reg] enable_cycle -> _113810_/D : -22.918728
[setup in-reg] enable_cycle -> _114367_/D : -22.918728
[setup in-reg] enable_cycle -> _114711_/D : -22.918728
[setup in-reg] enable_cycle -> _114857_/D : -22.918728
[setup in-reg] enable_cycle -> _114941_/D : -22.918728
[setup in-reg] enable_cycle -> _115121_/D : -22.918728
[setup in-reg] enable_cycle -> _115297_/D : -22.918728
[setup in-reg] enable_cycle -> _115900_/D : -22.918728
[setup in-reg] enable_cycle -> _116153_/D : -22.918728
[setup in-reg] enable_cycle -> _116328_/D : -22.918728
[setup in-reg] enable_cycle -> _116332_/D : -22.918728
[setup in-reg] enable_cycle -> _116422_/D : -22.918728
[setup in-reg] enable_cycle -> _116555_/D : -22.918728
[setup in-reg] enable_cycle -> _116559_/D : -22.918728
[setup in-reg] enable_cycle -> _116692_/D : -22.918728
[setup in-reg] enable_cycle -> _116696_/D : -22.918728
[setup in-reg] enable_cycle -> _116768_/D : -22.918728
[setup in-reg] enable_cycle -> _116772_/D : -22.918728
[setup in-reg] enable_cycle -> _116774_/D : -22.918728
[setup in-reg] enable_cycle -> _116797_/D : -22.918728
[setup in-reg] enable_cycle -> _116799_/D : -22.918728
[setup in-reg] enable_cycle -> _116801_/D : -22.918728
[setup in-reg] enable_cycle -> _116803_/D : -22.918728
[setup in-reg] enable_cycle -> _116820_/D : -22.918728
[setup in-reg] enable_cycle -> _116824_/D : -22.918728
[setup in-reg] enable_cycle -> _116826_/D : -22.918728
[setup in-reg] enable_cycle -> _116891_/D : -22.918728
[setup in-reg] enable_cycle -> _116940_/D : -22.918728
[setup in-reg] enable_cycle -> _116944_/D : -22.918728
[setup in-reg] enable_cycle -> _116946_/D : -22.918728
[setup in-reg] enable_cycle -> _116986_/D : -22.918728
[setup in-reg] enable_cycle -> _116990_/D : -22.918728
[setup in-reg] enable_cycle -> _116992_/D : -22.918728
[setup in-reg] enable_cycle -> _116994_/D : -22.918728
[setup in-reg] enable_cycle -> _116995_/D : -22.918728
[setup in-reg] enable_cycle -> _114543_/D : -22.918482
[setup in-reg] enable_cycle -> _113377_/D : -22.907763
[setup in-reg] enable_cycle -> _113441_/D : -22.907763
[setup in-reg] enable_cycle -> _113489_/D : -22.907763
[setup in-reg] enable_cycle -> _113492_/D : -22.907763
[setup in-reg] enable_cycle -> _113565_/D : -22.907757
[setup in-reg] enable_cycle -> _113647_/D : -22.907757
[setup in-reg] enable_cycle -> _113729_/D : -22.907757
[setup in-reg] enable_cycle -> _113893_/D : -22.907757
[setup in-reg] enable_cycle -> _113975_/D : -22.907757
[setup in-reg] enable_cycle -> _114057_/D : -22.907757
[setup in-reg] enable_cycle -> _114122_/D : -22.907757
[setup in-reg] enable_cycle -> _114198_/D : -22.907757
[setup in-reg] enable_cycle -> _114283_/D : -22.907757
[setup in-reg] enable_cycle -> _114453_/D : -22.907757
[setup in-reg] enable_cycle -> _114538_/D : -22.907757
[setup in-reg] enable_cycle -> _114623_/D : -22.907757
[setup in-reg] enable_cycle -> _114708_/D : -22.907757
[setup in-reg] enable_cycle -> _114854_/D : -22.907757
[setup in-reg] enable_cycle -> _115030_/D : -22.907757
[setup in-reg] enable_cycle -> _116150_/D : -22.905537
[setup in-reg] enable_cycle -> _115530_/D : -22.905504
[setup in-reg] enable_cycle -> _116420_/D : -22.905516
[setup in-reg] enable_cycle -> _111217_/D : -22.905361
[setup in-reg] enable_cycle -> _111218_/D : -22.905361
[setup in-reg] enable_cycle -> _111225_/D : -22.905361
[setup in-reg] enable_cycle -> _111257_/D : -22.903469
[setup in-reg] enable_cycle -> _116961_/D : -22.897890
[setup in-reg] enable_cycle -> _116962_/D : -22.897890
[setup in-reg] enable_cycle -> _116963_/D : -22.897890
[setup in-reg] enable_cycle -> _117006_/D : -22.897890
[setup in-reg] enable_cycle -> _117008_/D : -22.897890
[setup in-reg] enable_cycle -> _117009_/D : -22.897890
[setup in-reg] enable_cycle -> _115035_/D : -22.865103
[setup in-reg] enable_cycle -> _115039_/D : -22.865103
[setup in-reg] enable_cycle -> _115127_/D : -22.865103
[setup in-reg] enable_cycle -> _114952_/D : -22.863842
[setup in-reg] enable_cycle -> _115040_/D : -22.863842
[setup in-reg] enable_cycle -> _115128_/D : -22.863842
[setup in-reg] enable_cycle -> _115213_/D : -22.863842
[setup in-reg] enable_cycle -> _114953_/D : -22.859316
[setup in-reg] enable_cycle -> _115041_/D : -22.859316
[setup in-reg] enable_cycle -> _115129_/D : -22.859316
[setup in-reg] enable_cycle -> _111422_/D : -22.841331
[setup in-reg] enable_cycle -> _116842_/D : -22.826595
[setup in-reg] enable_cycle -> _117011_/D : -22.826614
[setup in-reg] enable_cycle -> _116816_/D : -22.826548
[setup in-reg] enable_cycle -> _116996_/D : -22.699894
[setup in-reg] enable_cycle -> _111199_/D : -22.695450
[setup in-reg] enable_cycle -> _111203_/D : -22.695450
[setup in-reg] enable_cycle -> _111205_/D : -22.695450
[setup in-reg] enable_cycle -> _111207_/D : -22.695450
[setup in-reg] enable_cycle -> _111209_/D : -22.695450
[setup in-reg] enable_cycle -> _111352_/D : -22.695450
[setup in-reg] enable_cycle -> _117000_/D : -22.675529
[setup in-reg] enable_cycle -> _117060_/D : -22.675529
