
===========================================================================
Violator List
============================================================================
[setup in-reg] rst_n -> _83098_/RESET_B : -90.651688
[setup in-reg] rst_n -> _83099_/RESET_B : -90.651688
[setup in-reg] rst_n -> _83100_/RESET_B : -90.651688
[setup in-reg] rst_n -> _83101_/RESET_B : -90.651688
[setup in-reg] rst_n -> _83102_/RESET_B : -90.651688
[setup in-reg] rst_n -> _83103_/RESET_B : -90.651688
[setup in-reg] rst_n -> _83104_/RESET_B : -90.651688
[setup in-reg] rst_n -> _83105_/RESET_B : -90.651688
[setup in-reg] rst_n -> _83106_/RESET_B : -90.651688
[setup in-reg] rst_n -> _83107_/RESET_B : -90.651688
[setup in-reg] rst_n -> _83108_/RESET_B : -90.651688
[setup in-reg] rst_n -> _83109_/RESET_B : -90.651688
[setup in-reg] rst_n -> _83110_/RESET_B : -90.651688
[setup in-reg] rst_n -> _83111_/RESET_B : -90.651688
[setup in-reg] rst_n -> _83112_/RESET_B : -90.651688
[setup in-reg] rst_n -> _83113_/RESET_B : -90.651688
[setup in-reg] rst_n -> _83114_/RESET_B : -90.651688
[setup in-reg] rst_n -> _83115_/RESET_B : -90.651688
[setup in-reg] rst_n -> _83116_/RESET_B : -90.651688
[setup in-reg] rst_n -> _83117_/RESET_B : -90.651688
[setup in-reg] rst_n -> _83118_/RESET_B : -90.651688
[setup in-reg] rst_n -> _83119_/RESET_B : -90.651688
[setup in-reg] rst_n -> _83120_/RESET_B : -90.651688
[setup in-reg] rst_n -> _83121_/RESET_B : -90.651688
[setup in-reg] rst_n -> _83122_/RESET_B : -90.651688
[setup in-reg] rst_n -> _83123_/RESET_B : -90.651688
[setup in-reg] rst_n -> _83124_/RESET_B : -90.651688
[setup in-reg] rst_n -> _83125_/RESET_B : -90.651688
[setup in-reg] rst_n -> _83126_/RESET_B : -90.651688
[setup in-reg] rst_n -> _83127_/RESET_B : -90.651688
[setup in-reg] rst_n -> _83128_/RESET_B : -90.651688
[setup in-reg] rst_n -> _83129_/RESET_B : -90.651688
[setup in-reg] rst_n -> _83130_/RESET_B : -90.651688
[setup in-reg] rst_n -> _83131_/RESET_B : -90.651688
[setup in-reg] rst_n -> _83132_/RESET_B : -90.651688
[setup in-reg] rst_n -> _83133_/RESET_B : -90.651688
[setup in-reg] rst_n -> _83134_/RESET_B : -90.651688
[setup in-reg] rst_n -> _83135_/RESET_B : -90.651688
[setup in-reg] rst_n -> _83136_/RESET_B : -90.651688
[setup in-reg] rst_n -> _83137_/RESET_B : -90.651688
[setup in-reg] rst_n -> _83138_/RESET_B : -90.651688
[setup in-reg] rst_n -> _83139_/RESET_B : -90.651688
[setup in-reg] rst_n -> _83140_/RESET_B : -90.651688
[setup in-reg] rst_n -> _83141_/RESET_B : -90.651688
[setup in-reg] rst_n -> _83142_/RESET_B : -90.651688
[setup in-reg] rst_n -> _83143_/RESET_B : -90.651688
[setup in-reg] rst_n -> _83144_/RESET_B : -90.651688
[setup in-reg] rst_n -> _83145_/RESET_B : -90.651688
[setup in-reg] rst_n -> _83146_/RESET_B : -90.651688
[setup in-reg] rst_n -> _83147_/RESET_B : -90.651688
[setup in-reg] rst_n -> _83148_/RESET_B : -90.651688
[setup in-reg] rst_n -> _83149_/RESET_B : -90.651688
[setup in-reg] rst_n -> _83150_/RESET_B : -90.651688
[setup in-reg] rst_n -> _83151_/RESET_B : -90.651688
[setup in-reg] rst_n -> _83152_/RESET_B : -90.651688
[setup in-reg] rst_n -> _83153_/RESET_B : -90.651688
[setup in-reg] rst_n -> _83154_/RESET_B : -90.651688
[setup in-reg] rst_n -> _83155_/RESET_B : -90.651688
[setup in-reg] rst_n -> _83156_/RESET_B : -90.651688
[setup in-reg] rst_n -> _83157_/RESET_B : -90.651688
[setup in-reg] rst_n -> _83158_/RESET_B : -90.651688
[setup in-reg] rst_n -> _83159_/RESET_B : -90.651688
[setup in-reg] rst_n -> _83160_/RESET_B : -90.651688
[setup in-reg] rst_n -> _83161_/RESET_B : -90.651688
[setup in-reg] rst_n -> _83162_/RESET_B : -90.651688
[setup in-reg] rst_n -> _83163_/RESET_B : -90.651688
[setup in-reg] rst_n -> _83164_/RESET_B : -90.651688
[setup in-reg] rst_n -> _83165_/RESET_B : -90.651688
[setup in-reg] rst_n -> _83166_/RESET_B : -90.651688
[setup in-reg] rst_n -> _83167_/RESET_B : -90.651688
[setup in-reg] rst_n -> _83168_/RESET_B : -90.651688
[setup in-reg] rst_n -> _83169_/RESET_B : -90.651688
[setup in-reg] rst_n -> _83170_/RESET_B : -90.651688
[setup in-reg] rst_n -> _83171_/RESET_B : -90.651688
[setup in-reg] rst_n -> _83172_/RESET_B : -90.651688
[setup in-reg] rst_n -> _83173_/RESET_B : -90.651688
[setup in-reg] rst_n -> _83174_/RESET_B : -90.651688
[setup in-reg] rst_n -> _83175_/RESET_B : -90.651688
[setup in-reg] rst_n -> _83176_/RESET_B : -90.651688
[setup in-reg] rst_n -> _83177_/RESET_B : -90.651688
[setup in-reg] rst_n -> _83178_/RESET_B : -90.651688
[setup in-reg] rst_n -> _83179_/RESET_B : -90.651688
[setup in-reg] rst_n -> _83180_/RESET_B : -90.651688
[setup in-reg] rst_n -> _83181_/RESET_B : -90.651688
[setup in-reg] rst_n -> _83182_/RESET_B : -90.651688
[setup in-reg] rst_n -> _83183_/RESET_B : -90.651688
[setup in-reg] rst_n -> _83184_/RESET_B : -90.651688
[setup in-reg] rst_n -> _83185_/RESET_B : -90.651688
[setup in-reg] rst_n -> _83186_/RESET_B : -90.651688
[setup in-reg] rst_n -> _83187_/RESET_B : -90.651688
[setup in-reg] rst_n -> _83188_/RESET_B : -90.651688
[setup in-reg] rst_n -> _83189_/RESET_B : -90.651688
[setup in-reg] rst_n -> _83190_/RESET_B : -90.651688
[setup in-reg] rst_n -> _83191_/RESET_B : -90.651688
[setup in-reg] rst_n -> _83192_/RESET_B : -90.651688
[setup in-reg] rst_n -> _83193_/RESET_B : -90.651688
[setup in-reg] rst_n -> _83194_/RESET_B : -90.651688
[setup in-reg] rst_n -> _83195_/RESET_B : -90.651688
[setup in-reg] rst_n -> _83196_/RESET_B : -90.651688
[setup in-reg] rst_n -> _83197_/RESET_B : -90.651688
[setup in-reg] rst_n -> _83198_/RESET_B : -90.651688
[setup in-reg] rst_n -> _83199_/RESET_B : -90.651688
[setup in-reg] rst_n -> _83200_/RESET_B : -90.651688
[setup in-reg] rst_n -> _83201_/RESET_B : -90.651688
[setup in-reg] rst_n -> _83202_/RESET_B : -90.651688
[setup in-reg] rst_n -> _83203_/RESET_B : -90.651688
[setup in-reg] rst_n -> _83204_/RESET_B : -90.651688
[setup in-reg] rst_n -> _83205_/RESET_B : -90.651688
[setup in-reg] rst_n -> _83206_/RESET_B : -90.651688
[setup in-reg] rst_n -> _83207_/RESET_B : -90.651688
[setup in-reg] rst_n -> _83208_/RESET_B : -90.651688
[setup in-reg] rst_n -> _83209_/RESET_B : -90.651688
[setup in-reg] rst_n -> _83210_/RESET_B : -90.651688
[setup in-reg] rst_n -> _83211_/RESET_B : -90.651688
[setup in-reg] rst_n -> _83212_/RESET_B : -90.651688
[setup in-reg] rst_n -> _83213_/RESET_B : -90.651688
[setup in-reg] rst_n -> _83214_/RESET_B : -90.651688
[setup in-reg] rst_n -> _83215_/RESET_B : -90.651688
[setup in-reg] rst_n -> _83216_/RESET_B : -90.651688
[setup in-reg] rst_n -> _83217_/RESET_B : -90.651688
[setup in-reg] rst_n -> _83218_/RESET_B : -90.651688
[setup in-reg] rst_n -> _83219_/RESET_B : -90.651688
[setup in-reg] rst_n -> _83220_/RESET_B : -90.651688
[setup in-reg] rst_n -> _83221_/RESET_B : -90.651688
[setup in-reg] rst_n -> _83222_/RESET_B : -90.651688
[setup in-reg] rst_n -> _83223_/RESET_B : -90.651688
[setup in-reg] rst_n -> _83224_/RESET_B : -90.651688
[setup in-reg] rst_n -> _83225_/RESET_B : -90.651688
[setup in-reg] rst_n -> _83226_/RESET_B : -90.651688
[setup in-reg] rst_n -> _83227_/RESET_B : -90.651688
[setup in-reg] rst_n -> _83228_/RESET_B : -90.651688
[setup in-reg] rst_n -> _83229_/RESET_B : -90.651688
[setup in-reg] rst_n -> _83230_/RESET_B : -90.651688
[setup in-reg] rst_n -> _83231_/RESET_B : -90.651688
[setup in-reg] rst_n -> _83232_/RESET_B : -90.651688
[setup in-reg] rst_n -> _83233_/RESET_B : -90.651688
[setup in-reg] rst_n -> _83234_/RESET_B : -90.651688
[setup in-reg] rst_n -> _83235_/RESET_B : -90.651688
[setup in-reg] rst_n -> _83236_/RESET_B : -90.651688
[setup in-reg] rst_n -> _83237_/RESET_B : -90.651688
[setup in-reg] rst_n -> _83238_/RESET_B : -90.651688
[setup in-reg] rst_n -> _83239_/RESET_B : -90.651688
[setup in-reg] rst_n -> _83240_/RESET_B : -90.651688
[setup in-reg] rst_n -> _83241_/RESET_B : -90.651688
[setup in-reg] rst_n -> _83242_/RESET_B : -90.651688
[setup in-reg] rst_n -> _83243_/RESET_B : -90.651688
[setup in-reg] rst_n -> _83244_/RESET_B : -90.651688
[setup in-reg] rst_n -> _83245_/RESET_B : -90.651688
[setup in-reg] rst_n -> _83246_/RESET_B : -90.651688
[setup in-reg] rst_n -> _83247_/RESET_B : -90.651688
[setup in-reg] rst_n -> _83248_/RESET_B : -90.651688
[setup in-reg] rst_n -> _83249_/RESET_B : -90.651688
[setup in-reg] rst_n -> _83250_/RESET_B : -90.651688
[setup in-reg] rst_n -> _83251_/RESET_B : -90.651688
[setup in-reg] rst_n -> _83252_/RESET_B : -90.651688
[setup in-reg] rst_n -> _83253_/RESET_B : -90.651688
[setup in-reg] rst_n -> _83254_/RESET_B : -90.651688
[setup in-reg] rst_n -> _83255_/RESET_B : -90.651688
[setup in-reg] rst_n -> _83256_/RESET_B : -90.651688
[setup in-reg] rst_n -> _83257_/RESET_B : -90.651688
[setup in-reg] rst_n -> _83258_/RESET_B : -90.651688
[setup in-reg] rst_n -> _83259_/RESET_B : -90.651688
[setup in-reg] rst_n -> _83260_/RESET_B : -90.651688
[setup in-reg] rst_n -> _83261_/RESET_B : -90.651688
[setup in-reg] rst_n -> _83262_/RESET_B : -90.651688
[setup in-reg] rst_n -> _83263_/RESET_B : -90.651688
[setup in-reg] rst_n -> _83264_/RESET_B : -90.651688
[setup in-reg] rst_n -> _83265_/RESET_B : -90.651688
[setup in-reg] rst_n -> _83266_/RESET_B : -90.651688
[setup in-reg] rst_n -> _83267_/RESET_B : -90.651688
[setup in-reg] rst_n -> _83268_/RESET_B : -90.651688
[setup in-reg] rst_n -> _83269_/RESET_B : -90.651688
[setup in-reg] rst_n -> _83270_/RESET_B : -90.651688
[setup in-reg] rst_n -> _83271_/RESET_B : -90.651688
[setup in-reg] rst_n -> _83272_/RESET_B : -90.651688
[setup in-reg] rst_n -> _83273_/RESET_B : -90.651688
[setup in-reg] rst_n -> _83274_/RESET_B : -90.651688
[setup in-reg] rst_n -> _83275_/RESET_B : -90.651688
[setup in-reg] rst_n -> _83276_/RESET_B : -90.651688
[setup in-reg] rst_n -> _83277_/RESET_B : -90.651688
[setup in-reg] rst_n -> _83278_/RESET_B : -90.651688
[setup in-reg] rst_n -> _83279_/RESET_B : -90.651688
[setup in-reg] rst_n -> _83280_/RESET_B : -90.651688
[setup in-reg] rst_n -> _83281_/RESET_B : -90.651688
[setup in-reg] rst_n -> _83282_/RESET_B : -90.651688
[setup in-reg] rst_n -> _83283_/RESET_B : -90.651688
[setup in-reg] rst_n -> _83284_/RESET_B : -90.651688
[setup in-reg] rst_n -> _83285_/RESET_B : -90.651688
[setup in-reg] rst_n -> _83286_/RESET_B : -90.651688
[setup in-reg] rst_n -> _83287_/RESET_B : -90.651688
[setup in-reg] rst_n -> _83288_/RESET_B : -90.651688
[setup in-reg] rst_n -> _83289_/RESET_B : -90.651688
[setup in-reg] rst_n -> _83290_/RESET_B : -90.651688
[setup in-reg] rst_n -> _83291_/RESET_B : -90.651688
[setup in-reg] rst_n -> _83292_/RESET_B : -90.651688
[setup in-reg] rst_n -> _83293_/RESET_B : -90.651688
[setup in-reg] rst_n -> _83294_/RESET_B : -90.651688
[setup in-reg] rst_n -> _83295_/RESET_B : -90.651688
[setup in-reg] rst_n -> _83296_/RESET_B : -90.651688
[setup in-reg] rst_n -> _83297_/RESET_B : -90.651688
[setup in-reg] rst_n -> _83298_/RESET_B : -90.651688
[setup in-reg] rst_n -> _83299_/RESET_B : -90.651688
[setup in-reg] rst_n -> _83300_/RESET_B : -90.651688
[setup in-reg] rst_n -> _83301_/RESET_B : -90.651688
[setup in-reg] rst_n -> _83302_/RESET_B : -90.651688
[setup in-reg] rst_n -> _83303_/RESET_B : -90.651688
[setup in-reg] rst_n -> _83304_/RESET_B : -90.651688
[setup in-reg] rst_n -> _83305_/RESET_B : -90.651688
[setup in-reg] rst_n -> _83306_/RESET_B : -90.651688
[setup in-reg] rst_n -> _83307_/RESET_B : -90.651688
[setup in-reg] rst_n -> _83308_/RESET_B : -90.651688
[setup in-reg] rst_n -> _83309_/RESET_B : -90.651688
[setup in-reg] rst_n -> _83310_/RESET_B : -90.651688
[setup in-reg] rst_n -> _83311_/RESET_B : -90.651688
[setup in-reg] rst_n -> _83312_/RESET_B : -90.651688
[setup in-reg] rst_n -> _83313_/RESET_B : -90.651688
[setup in-reg] rst_n -> _83314_/RESET_B : -90.651688
[setup in-reg] rst_n -> _83315_/RESET_B : -90.651688
[setup in-reg] rst_n -> _83316_/RESET_B : -90.651688
[setup in-reg] rst_n -> _83317_/RESET_B : -90.651688
[setup in-reg] rst_n -> _83318_/RESET_B : -90.651688
[setup in-reg] rst_n -> _83319_/RESET_B : -90.651688
[setup in-reg] rst_n -> _83320_/RESET_B : -90.651688
[setup in-reg] rst_n -> _83321_/RESET_B : -90.651688
[setup in-reg] rst_n -> _83322_/RESET_B : -90.651688
[setup in-reg] rst_n -> _83323_/RESET_B : -90.651688
[setup in-reg] rst_n -> _83324_/RESET_B : -90.651688
[setup in-reg] rst_n -> _83325_/RESET_B : -90.651688
[setup in-reg] rst_n -> _83326_/RESET_B : -90.651688
[setup in-reg] rst_n -> _83327_/RESET_B : -90.651688
[setup in-reg] rst_n -> _83328_/RESET_B : -90.651688
[setup in-reg] rst_n -> _83329_/RESET_B : -90.651688
[setup in-reg] rst_n -> _83330_/RESET_B : -90.651688
[setup in-reg] rst_n -> _83331_/RESET_B : -90.651688
[setup in-reg] rst_n -> _83332_/RESET_B : -90.651688
[setup in-reg] rst_n -> _83333_/RESET_B : -90.651688
[setup in-reg] rst_n -> _83334_/RESET_B : -90.651688
[setup in-reg] rst_n -> _83335_/RESET_B : -90.651688
[setup in-reg] rst_n -> _83336_/RESET_B : -90.651688
[setup in-reg] rst_n -> _83337_/RESET_B : -90.651688
[setup in-reg] rst_n -> _83338_/RESET_B : -90.651688
[setup in-reg] rst_n -> _83339_/RESET_B : -90.651688
[setup in-reg] rst_n -> _83340_/RESET_B : -90.651688
[setup in-reg] rst_n -> _83341_/RESET_B : -90.651688
[setup in-reg] rst_n -> _83342_/RESET_B : -90.651688
[setup in-reg] rst_n -> _83343_/RESET_B : -90.651688
[setup in-reg] rst_n -> _83344_/RESET_B : -90.651688
[setup in-reg] rst_n -> _83345_/RESET_B : -90.651688
[setup in-reg] rst_n -> _83346_/RESET_B : -90.651688
[setup in-reg] rst_n -> _83347_/RESET_B : -90.651688
[setup in-reg] rst_n -> _83348_/RESET_B : -90.651688
[setup in-reg] rst_n -> _83349_/RESET_B : -90.651688
[setup in-reg] rst_n -> _83350_/RESET_B : -90.651688
[setup in-reg] rst_n -> _83351_/RESET_B : -90.651688
[setup in-reg] rst_n -> _83352_/RESET_B : -90.651688
[setup in-reg] rst_n -> _83353_/RESET_B : -90.651688
[setup in-reg] rst_n -> _83354_/RESET_B : -90.651688
[setup in-reg] rst_n -> _83355_/RESET_B : -90.651688
[setup in-reg] rst_n -> _83356_/RESET_B : -90.651688
[setup in-reg] rst_n -> _83357_/RESET_B : -90.651688
[setup in-reg] rst_n -> _83358_/RESET_B : -90.651688
[setup in-reg] rst_n -> _83359_/RESET_B : -90.651688
[setup in-reg] rst_n -> _83360_/RESET_B : -90.651688
[setup in-reg] rst_n -> _83361_/RESET_B : -90.651688
[setup in-reg] rst_n -> _83362_/RESET_B : -90.651688
[setup in-reg] rst_n -> _83363_/RESET_B : -90.651688
[setup in-reg] rst_n -> _83364_/RESET_B : -90.651688
[setup in-reg] rst_n -> _83365_/RESET_B : -90.651688
[setup in-reg] rst_n -> _83366_/RESET_B : -90.651688
[setup in-reg] rst_n -> _83367_/RESET_B : -90.651688
[setup in-reg] rst_n -> _83368_/RESET_B : -90.651688
[setup in-reg] rst_n -> _83369_/RESET_B : -90.651688
[setup in-reg] rst_n -> _83370_/RESET_B : -90.651688
[setup in-reg] rst_n -> _83371_/RESET_B : -90.651688
[setup in-reg] rst_n -> _83372_/RESET_B : -90.651688
[setup in-reg] rst_n -> _83373_/RESET_B : -90.651688
[setup in-reg] rst_n -> _83374_/RESET_B : -90.651688
[setup in-reg] rst_n -> _83375_/RESET_B : -90.651688
[setup in-reg] rst_n -> _83376_/RESET_B : -90.651688
[setup in-reg] rst_n -> _83377_/RESET_B : -90.651688
[setup in-reg] rst_n -> _83378_/RESET_B : -90.651688
[setup in-reg] rst_n -> _83379_/RESET_B : -90.651688
[setup in-reg] rst_n -> _83380_/RESET_B : -90.651688
[setup in-reg] rst_n -> _83381_/RESET_B : -90.651688
[setup in-reg] rst_n -> _83382_/RESET_B : -90.651688
[setup in-reg] rst_n -> _83383_/RESET_B : -90.651688
[setup in-reg] rst_n -> _83384_/RESET_B : -90.651688
[setup in-reg] rst_n -> _83385_/RESET_B : -90.651688
[setup in-reg] rst_n -> _83386_/RESET_B : -90.651688
[setup in-reg] rst_n -> _83387_/RESET_B : -90.651688
[setup in-reg] rst_n -> _83388_/RESET_B : -90.651688
[setup in-reg] rst_n -> _83389_/RESET_B : -90.651688
[setup in-reg] rst_n -> _83390_/RESET_B : -90.651688
[setup in-reg] rst_n -> _83391_/RESET_B : -90.651688
[setup in-reg] rst_n -> _83392_/RESET_B : -90.651688
[setup in-reg] rst_n -> _83393_/RESET_B : -90.651688
[setup in-reg] rst_n -> _83394_/RESET_B : -90.651688
[setup in-reg] rst_n -> _83395_/RESET_B : -90.651688
[setup in-reg] rst_n -> _83396_/RESET_B : -90.651688
[setup in-reg] rst_n -> _83397_/RESET_B : -90.651688
[setup in-reg] rst_n -> _83398_/RESET_B : -90.651688
[setup in-reg] rst_n -> _83399_/RESET_B : -90.651688
[setup in-reg] rst_n -> _83400_/RESET_B : -90.651688
[setup in-reg] rst_n -> _83401_/RESET_B : -90.651688
[setup in-reg] rst_n -> _83402_/RESET_B : -90.651688
[setup in-reg] rst_n -> _83403_/RESET_B : -90.651688
[setup in-reg] rst_n -> _83404_/RESET_B : -90.651688
[setup in-reg] rst_n -> _83405_/RESET_B : -90.651688
[setup in-reg] rst_n -> _83406_/RESET_B : -90.651688
[setup in-reg] rst_n -> _83407_/RESET_B : -90.651688
[setup in-reg] rst_n -> _83408_/RESET_B : -90.651688
[setup in-reg] rst_n -> _83409_/RESET_B : -90.651688
[setup in-reg] rst_n -> _83410_/RESET_B : -90.651688
[setup in-reg] rst_n -> _83411_/RESET_B : -90.651688
[setup in-reg] rst_n -> _83412_/RESET_B : -90.651688
[setup in-reg] rst_n -> _83413_/RESET_B : -90.651688
[setup in-reg] rst_n -> _83414_/RESET_B : -90.651688
[setup in-reg] rst_n -> _83415_/RESET_B : -90.651688
[setup in-reg] rst_n -> _83416_/RESET_B : -90.651688
[setup in-reg] rst_n -> _83417_/RESET_B : -90.651688
[setup in-reg] rst_n -> _83418_/RESET_B : -90.651688
[setup in-reg] rst_n -> _83419_/RESET_B : -90.651688
[setup in-reg] rst_n -> _83420_/RESET_B : -90.651688
[setup in-reg] rst_n -> _83421_/RESET_B : -90.651688
[setup in-reg] rst_n -> _83422_/RESET_B : -90.651688
[setup in-reg] rst_n -> _83423_/RESET_B : -90.651688
[setup in-reg] rst_n -> _83424_/RESET_B : -90.651688
[setup in-reg] rst_n -> _83425_/RESET_B : -90.651688
[setup in-reg] rst_n -> _83426_/RESET_B : -90.651688
[setup in-reg] rst_n -> _83427_/RESET_B : -90.651688
[setup in-reg] rst_n -> _83428_/RESET_B : -90.651688
[setup in-reg] rst_n -> _83429_/RESET_B : -90.651688
[setup in-reg] rst_n -> _83430_/RESET_B : -90.651688
[setup in-reg] rst_n -> _83431_/RESET_B : -90.651688
[setup in-reg] rst_n -> _83432_/RESET_B : -90.651688
[setup in-reg] rst_n -> _83433_/RESET_B : -90.651688
[setup in-reg] rst_n -> _83434_/RESET_B : -90.651688
[setup in-reg] rst_n -> _83435_/RESET_B : -90.651688
[setup in-reg] rst_n -> _83436_/RESET_B : -90.651688
[setup in-reg] rst_n -> _83437_/RESET_B : -90.651688
[setup in-reg] rst_n -> _83438_/RESET_B : -90.651688
[setup in-reg] rst_n -> _83439_/RESET_B : -90.651688
[setup in-reg] rst_n -> _83440_/RESET_B : -90.651688
[setup in-reg] rst_n -> _83441_/RESET_B : -90.651688
[setup in-reg] rst_n -> _83442_/RESET_B : -90.651688
[setup in-reg] rst_n -> _83443_/RESET_B : -90.651688
[setup in-reg] rst_n -> _83444_/RESET_B : -90.651688
[setup in-reg] rst_n -> _83445_/RESET_B : -90.651688
[setup in-reg] rst_n -> _83446_/RESET_B : -90.651688
[setup in-reg] rst_n -> _83447_/RESET_B : -90.651688
[setup in-reg] rst_n -> _83448_/RESET_B : -90.651688
[setup in-reg] rst_n -> _83449_/RESET_B : -90.651688
[setup in-reg] rst_n -> _83450_/RESET_B : -90.651688
[setup in-reg] rst_n -> _83451_/RESET_B : -90.651688
[setup in-reg] rst_n -> _83452_/RESET_B : -90.651688
[setup in-reg] rst_n -> _83453_/RESET_B : -90.651688
[setup in-reg] rst_n -> _83454_/RESET_B : -90.651688
[setup in-reg] rst_n -> _83455_/RESET_B : -90.651688
[setup in-reg] rst_n -> _83456_/RESET_B : -90.651688
[setup in-reg] rst_n -> _83457_/RESET_B : -90.651688
[setup in-reg] rst_n -> _83458_/RESET_B : -90.651688
[setup in-reg] rst_n -> _83459_/RESET_B : -90.651688
[setup in-reg] rst_n -> _83460_/RESET_B : -90.651688
[setup in-reg] rst_n -> _83461_/RESET_B : -90.651688
[setup in-reg] rst_n -> _83462_/RESET_B : -90.651688
[setup in-reg] rst_n -> _83463_/RESET_B : -90.651688
[setup in-reg] rst_n -> _83464_/RESET_B : -90.651688
[setup in-reg] rst_n -> _83465_/RESET_B : -90.651688
[setup in-reg] rst_n -> _83466_/RESET_B : -90.651688
[setup in-reg] rst_n -> _83467_/RESET_B : -90.651688
[setup in-reg] rst_n -> _83468_/RESET_B : -90.651688
[setup in-reg] rst_n -> _83469_/RESET_B : -90.651688
[setup in-reg] rst_n -> _83470_/RESET_B : -90.651688
[setup in-reg] rst_n -> _83471_/RESET_B : -90.651688
[setup in-reg] rst_n -> _83472_/RESET_B : -90.651688
[setup in-reg] rst_n -> _83473_/RESET_B : -90.651688
[setup in-reg] rst_n -> _83474_/RESET_B : -90.651688
[setup in-reg] rst_n -> _83475_/RESET_B : -90.651688
[setup in-reg] rst_n -> _83476_/RESET_B : -90.651688
[setup in-reg] rst_n -> _83477_/RESET_B : -90.651688
[setup in-reg] rst_n -> _83478_/RESET_B : -90.651688
[setup in-reg] rst_n -> _83479_/RESET_B : -90.651688
[setup in-reg] rst_n -> _83480_/RESET_B : -90.651688
[setup in-reg] rst_n -> _83481_/RESET_B : -90.651688
[setup in-reg] rst_n -> _83482_/RESET_B : -90.651688
[setup in-reg] rst_n -> _83483_/RESET_B : -90.651688
[setup in-reg] rst_n -> _83484_/RESET_B : -90.651688
[setup in-reg] rst_n -> _83485_/RESET_B : -90.651688
[setup in-reg] rst_n -> _83486_/RESET_B : -90.651688
[setup in-reg] rst_n -> _83487_/RESET_B : -90.651688
[setup in-reg] rst_n -> _83488_/RESET_B : -90.651688
[setup in-reg] rst_n -> _83489_/RESET_B : -90.651688
[setup in-reg] rst_n -> _83490_/RESET_B : -90.651688
[setup in-reg] rst_n -> _83491_/RESET_B : -90.651688
[setup in-reg] rst_n -> _83492_/RESET_B : -90.651688
[setup in-reg] rst_n -> _83493_/RESET_B : -90.651688
[setup in-reg] rst_n -> _83494_/RESET_B : -90.651688
[setup in-reg] rst_n -> _83495_/RESET_B : -90.651688
[setup in-reg] rst_n -> _83496_/RESET_B : -90.651688
[setup in-reg] rst_n -> _83497_/RESET_B : -90.651688
[setup in-reg] rst_n -> _83498_/RESET_B : -90.651688
[setup in-reg] rst_n -> _83499_/RESET_B : -90.651688
[setup in-reg] rst_n -> _83500_/RESET_B : -90.651688
[setup in-reg] rst_n -> _83501_/RESET_B : -90.651688
[setup in-reg] rst_n -> _83502_/RESET_B : -90.651688
[setup in-reg] rst_n -> _83503_/RESET_B : -90.651688
[setup in-reg] rst_n -> _83504_/RESET_B : -90.651688
[setup in-reg] rst_n -> _83505_/RESET_B : -90.651688
[setup in-reg] rst_n -> _83506_/RESET_B : -90.651688
[setup in-reg] rst_n -> _83507_/RESET_B : -90.651688
[setup in-reg] rst_n -> _83508_/RESET_B : -90.651688
[setup in-reg] rst_n -> _83509_/RESET_B : -90.651688
[setup in-reg] rst_n -> _83510_/RESET_B : -90.651688
[setup in-reg] rst_n -> _83511_/RESET_B : -90.651688
[setup in-reg] rst_n -> _83512_/RESET_B : -90.651688
[setup in-reg] rst_n -> _83513_/RESET_B : -90.651688
[setup in-reg] rst_n -> _83514_/RESET_B : -90.651688
[setup in-reg] rst_n -> _83515_/RESET_B : -90.651688
[setup in-reg] rst_n -> _83516_/RESET_B : -90.651688
[setup in-reg] rst_n -> _83517_/RESET_B : -90.651688
[setup in-reg] rst_n -> _83518_/RESET_B : -90.651688
[setup in-reg] rst_n -> _83519_/RESET_B : -90.651688
[setup in-reg] rst_n -> _83520_/RESET_B : -90.651688
[setup in-reg] rst_n -> _83521_/RESET_B : -90.651688
[setup in-reg] rst_n -> _83522_/RESET_B : -90.651688
[setup in-reg] rst_n -> _83523_/RESET_B : -90.651688
[setup in-reg] rst_n -> _83524_/RESET_B : -90.651688
[setup in-reg] rst_n -> _83525_/RESET_B : -90.651688
[setup in-reg] rst_n -> _83526_/RESET_B : -90.651688
[setup in-reg] rst_n -> _83527_/RESET_B : -90.651688
[setup in-reg] rst_n -> _83528_/RESET_B : -90.651688
[setup in-reg] rst_n -> _83529_/RESET_B : -90.651688
[setup in-reg] rst_n -> _83530_/RESET_B : -90.651688
[setup in-reg] rst_n -> _83531_/RESET_B : -90.651688
[setup in-reg] rst_n -> _83532_/RESET_B : -90.651688
[setup in-reg] rst_n -> _83533_/RESET_B : -90.651688
[setup in-reg] rst_n -> _83534_/RESET_B : -90.651688
[setup in-reg] rst_n -> _83535_/RESET_B : -90.651688
[setup in-reg] rst_n -> _83536_/RESET_B : -90.651688
[setup in-reg] rst_n -> _83537_/RESET_B : -90.651688
[setup in-reg] rst_n -> _83538_/RESET_B : -90.651688
[setup in-reg] rst_n -> _83539_/RESET_B : -90.651688
[setup in-reg] rst_n -> _83540_/RESET_B : -90.651688
[setup in-reg] rst_n -> _83541_/RESET_B : -90.651688
[setup in-reg] rst_n -> _83542_/RESET_B : -90.651688
[setup in-reg] rst_n -> _83543_/RESET_B : -90.651688
[setup in-reg] rst_n -> _83544_/RESET_B : -90.651688
[setup in-reg] rst_n -> _83545_/RESET_B : -90.651688
[setup in-reg] rst_n -> _83546_/RESET_B : -90.651688
[setup in-reg] rst_n -> _83547_/RESET_B : -90.651688
[setup in-reg] rst_n -> _83548_/RESET_B : -90.651688
[setup in-reg] rst_n -> _83549_/RESET_B : -90.651688
[setup in-reg] rst_n -> _83550_/RESET_B : -90.651688
[setup in-reg] rst_n -> _83551_/RESET_B : -90.651688
[setup in-reg] rst_n -> _83552_/RESET_B : -90.651688
[setup in-reg] rst_n -> _83553_/RESET_B : -90.651688
[setup in-reg] rst_n -> _83554_/RESET_B : -90.651688
[setup in-reg] rst_n -> _83555_/RESET_B : -90.651688
[setup in-reg] rst_n -> _83556_/RESET_B : -90.651688
[setup in-reg] rst_n -> _83557_/RESET_B : -90.651688
[setup in-reg] rst_n -> _83558_/RESET_B : -90.651688
[setup in-reg] rst_n -> _83559_/RESET_B : -90.651688
[setup in-reg] rst_n -> _83560_/RESET_B : -90.651688
[setup in-reg] rst_n -> _83561_/RESET_B : -90.651688
[setup in-reg] rst_n -> _83562_/RESET_B : -90.651688
[setup in-reg] rst_n -> _83563_/RESET_B : -90.651688
[setup in-reg] rst_n -> _83564_/RESET_B : -90.651688
[setup in-reg] rst_n -> _83565_/RESET_B : -90.651688
[setup in-reg] rst_n -> _83566_/RESET_B : -90.651688
[setup in-reg] rst_n -> _83567_/RESET_B : -90.651688
[setup in-reg] rst_n -> _83568_/RESET_B : -90.651688
[setup in-reg] rst_n -> _83569_/RESET_B : -90.651688
[setup in-reg] rst_n -> _83570_/RESET_B : -90.651688
[setup in-reg] rst_n -> _83571_/RESET_B : -90.651688
[setup in-reg] rst_n -> _83572_/RESET_B : -90.651688
[setup in-reg] rst_n -> _83573_/RESET_B : -90.651688
[setup in-reg] rst_n -> _83574_/RESET_B : -90.651688
[setup in-reg] rst_n -> _83575_/RESET_B : -90.651688
[setup in-reg] rst_n -> _83576_/RESET_B : -90.651688
[setup in-reg] rst_n -> _83577_/RESET_B : -90.651688
[setup in-reg] rst_n -> _83578_/RESET_B : -90.651688
[setup in-reg] rst_n -> _83579_/RESET_B : -90.651688
[setup in-reg] rst_n -> _83580_/RESET_B : -90.651688
[setup in-reg] rst_n -> _83581_/RESET_B : -90.651688
[setup in-reg] rst_n -> _83582_/RESET_B : -90.651688
[setup in-reg] rst_n -> _83583_/RESET_B : -90.651688
[setup in-reg] rst_n -> _83584_/RESET_B : -90.651688
[setup in-reg] rst_n -> _83585_/RESET_B : -90.651688
[setup in-reg] rst_n -> _83586_/RESET_B : -90.651688
[setup in-reg] rst_n -> _83587_/RESET_B : -90.651688
[setup in-reg] rst_n -> _83588_/RESET_B : -90.651688
[setup in-reg] rst_n -> _83589_/RESET_B : -90.651688
[setup in-reg] rst_n -> _83590_/RESET_B : -90.651688
[setup in-reg] rst_n -> _83591_/RESET_B : -90.651688
[setup in-reg] rst_n -> _83592_/RESET_B : -90.651688
[setup in-reg] rst_n -> _83593_/RESET_B : -90.651688
[setup in-reg] rst_n -> _83594_/RESET_B : -90.651688
[setup in-reg] rst_n -> _83595_/RESET_B : -90.651688
[setup in-reg] rst_n -> _83596_/RESET_B : -90.651688
[setup in-reg] rst_n -> _83597_/RESET_B : -90.651688
[setup in-reg] rst_n -> _83598_/RESET_B : -90.651688
[setup in-reg] rst_n -> _83599_/RESET_B : -90.651688
[setup in-reg] rst_n -> _83600_/RESET_B : -90.651688
[setup in-reg] rst_n -> _83601_/RESET_B : -90.651688
[setup in-reg] rst_n -> _83602_/RESET_B : -90.651688
[setup in-reg] rst_n -> _83603_/RESET_B : -90.651688
[setup in-reg] rst_n -> _83604_/RESET_B : -90.651688
[setup in-reg] rst_n -> _83605_/RESET_B : -90.651688
[setup in-reg] rst_n -> _83606_/RESET_B : -90.651688
[setup in-reg] rst_n -> _83607_/RESET_B : -90.651688
[setup in-reg] rst_n -> _83608_/RESET_B : -90.651688
[setup in-reg] rst_n -> _83609_/RESET_B : -90.651688
[setup in-reg] rst_n -> _83610_/RESET_B : -90.651688
[setup in-reg] rst_n -> _83611_/RESET_B : -90.651688
[setup in-reg] rst_n -> _83612_/RESET_B : -90.651688
[setup in-reg] rst_n -> _83613_/RESET_B : -90.651688
[setup in-reg] rst_n -> _83614_/RESET_B : -90.651688
[setup in-reg] rst_n -> _83615_/RESET_B : -90.651688
[setup in-reg] rst_n -> _83616_/RESET_B : -90.651688
[setup in-reg] rst_n -> _83617_/RESET_B : -90.651688
[setup in-reg] rst_n -> _83618_/RESET_B : -90.651688
[setup in-reg] rst_n -> _83619_/RESET_B : -90.651688
[setup in-reg] rst_n -> _83620_/RESET_B : -90.651688
[setup in-reg] rst_n -> _83621_/RESET_B : -90.651688
[setup in-reg] rst_n -> _83622_/RESET_B : -90.651688
[setup in-reg] rst_n -> _83623_/RESET_B : -90.651688
[setup in-reg] rst_n -> _83624_/RESET_B : -90.651688
[setup in-reg] rst_n -> _83625_/RESET_B : -90.651688
[setup in-reg] rst_n -> _83626_/RESET_B : -90.651688
[setup in-reg] rst_n -> _83627_/RESET_B : -90.651688
[setup in-reg] rst_n -> _83628_/RESET_B : -90.651688
[setup in-reg] rst_n -> _83629_/RESET_B : -90.651688
[setup in-reg] rst_n -> _83630_/RESET_B : -90.651688
[setup in-reg] rst_n -> _83631_/RESET_B : -90.651688
[setup in-reg] rst_n -> _83632_/RESET_B : -90.651688
[setup in-reg] rst_n -> _83633_/RESET_B : -90.651688
[setup in-reg] rst_n -> _83634_/RESET_B : -90.651688
[setup in-reg] rst_n -> _83635_/RESET_B : -90.651688
[setup in-reg] rst_n -> _83636_/RESET_B : -90.651688
[setup in-reg] rst_n -> _83637_/RESET_B : -90.651688
[setup in-reg] rst_n -> _83638_/RESET_B : -90.651688
[setup in-reg] rst_n -> _83639_/RESET_B : -90.651688
[setup in-reg] rst_n -> _83640_/RESET_B : -90.651688
[setup in-reg] rst_n -> _83641_/RESET_B : -90.651688
[setup in-reg] rst_n -> _83642_/RESET_B : -90.651688
[setup in-reg] rst_n -> _83643_/RESET_B : -90.651688
[setup in-reg] rst_n -> _83644_/RESET_B : -90.651688
[setup in-reg] rst_n -> _83645_/RESET_B : -90.651688
[setup in-reg] rst_n -> _83646_/RESET_B : -90.651688
[setup in-reg] rst_n -> _83647_/RESET_B : -90.651688
[setup in-reg] rst_n -> _83648_/RESET_B : -90.651688
[setup in-reg] rst_n -> _83649_/RESET_B : -90.651688
[setup in-reg] rst_n -> _83650_/RESET_B : -90.651688
[setup in-reg] rst_n -> _83651_/RESET_B : -90.651688
[setup in-reg] rst_n -> _83652_/RESET_B : -90.651688
[setup in-reg] rst_n -> _83653_/RESET_B : -90.651688
[setup in-reg] rst_n -> _83654_/RESET_B : -90.651688
[setup in-reg] rst_n -> _83655_/RESET_B : -90.651688
[setup in-reg] rst_n -> _83656_/RESET_B : -90.651688
[setup in-reg] rst_n -> _83657_/RESET_B : -90.651688
[setup in-reg] rst_n -> _83658_/RESET_B : -90.651688
[setup in-reg] rst_n -> _83659_/RESET_B : -90.651688
[setup in-reg] rst_n -> _83660_/RESET_B : -90.651688
[setup in-reg] rst_n -> _83661_/RESET_B : -90.651688
[setup in-reg] rst_n -> _83662_/RESET_B : -90.651688
[setup in-reg] rst_n -> _83663_/RESET_B : -90.651688
[setup in-reg] rst_n -> _83664_/RESET_B : -90.651688
[setup in-reg] rst_n -> _83665_/RESET_B : -90.651688
[setup in-reg] rst_n -> _83666_/RESET_B : -90.651688
[setup in-reg] rst_n -> _83667_/RESET_B : -90.651688
[setup in-reg] rst_n -> _83668_/RESET_B : -90.651688
[setup in-reg] rst_n -> _83669_/RESET_B : -90.651688
[setup in-reg] rst_n -> _83670_/RESET_B : -90.651688
[setup in-reg] rst_n -> _83671_/RESET_B : -90.651688
[setup in-reg] rst_n -> _83672_/RESET_B : -90.651688
[setup in-reg] rst_n -> _83673_/RESET_B : -90.651688
[setup in-reg] rst_n -> _83674_/RESET_B : -90.651688
[setup in-reg] rst_n -> _83675_/RESET_B : -90.651688
[setup in-reg] rst_n -> _83676_/RESET_B : -90.651688
[setup in-reg] rst_n -> _83677_/RESET_B : -90.651688
[setup in-reg] rst_n -> _83678_/RESET_B : -90.651688
[setup in-reg] rst_n -> _83679_/RESET_B : -90.651688
[setup in-reg] rst_n -> _83680_/RESET_B : -90.651688
[setup in-reg] rst_n -> _83681_/RESET_B : -90.651688
[setup in-reg] rst_n -> _83682_/RESET_B : -90.651688
[setup in-reg] rst_n -> _83683_/RESET_B : -90.651688
[setup in-reg] rst_n -> _83684_/RESET_B : -90.651688
[setup in-reg] rst_n -> _83685_/RESET_B : -90.651688
[setup in-reg] rst_n -> _83686_/RESET_B : -90.651688
[setup in-reg] rst_n -> _83687_/RESET_B : -90.651688
[setup in-reg] rst_n -> _83688_/RESET_B : -90.651688
[setup in-reg] rst_n -> _83689_/RESET_B : -90.651688
[setup in-reg] rst_n -> _83690_/RESET_B : -90.651688
[setup in-reg] rst_n -> _83691_/RESET_B : -90.651688
[setup in-reg] rst_n -> _83692_/RESET_B : -90.651688
[setup in-reg] rst_n -> _83693_/RESET_B : -90.651688
[setup in-reg] rst_n -> _83694_/RESET_B : -90.651688
[setup in-reg] rst_n -> _83695_/RESET_B : -90.651688
[setup in-reg] rst_n -> _83696_/RESET_B : -90.651688
[setup in-reg] rst_n -> _83697_/RESET_B : -90.651688
[setup in-reg] rst_n -> _83698_/RESET_B : -90.651688
[setup in-reg] rst_n -> _83699_/RESET_B : -90.651688
[setup in-reg] rst_n -> _83700_/RESET_B : -90.651688
[setup in-reg] rst_n -> _83701_/RESET_B : -90.651688
[setup in-reg] rst_n -> _83702_/RESET_B : -90.651688
[setup in-reg] rst_n -> _83703_/RESET_B : -90.651688
[setup in-reg] rst_n -> _83704_/RESET_B : -90.651688
[setup in-reg] rst_n -> _83705_/RESET_B : -90.651688
[setup in-reg] rst_n -> _83706_/RESET_B : -90.651688
[setup in-reg] rst_n -> _83707_/RESET_B : -90.651688
[setup in-reg] rst_n -> _83708_/RESET_B : -90.651688
[setup in-reg] rst_n -> _83709_/RESET_B : -90.651688
[setup in-reg] rst_n -> _83710_/RESET_B : -90.651688
[setup in-reg] rst_n -> _83711_/RESET_B : -90.651688
[setup in-reg] rst_n -> _83712_/RESET_B : -90.651688
[setup in-reg] rst_n -> _83713_/RESET_B : -90.651688
[setup in-reg] rst_n -> _83714_/RESET_B : -90.651688
[setup in-reg] rst_n -> _83715_/RESET_B : -90.651688
[setup in-reg] rst_n -> _83716_/RESET_B : -90.651688
[setup in-reg] rst_n -> _83717_/RESET_B : -90.651688
[setup in-reg] rst_n -> _83718_/RESET_B : -90.651688
[setup in-reg] rst_n -> _83719_/RESET_B : -90.651688
[setup in-reg] rst_n -> _83720_/RESET_B : -90.651688
[setup in-reg] rst_n -> _83721_/RESET_B : -90.651688
[setup in-reg] rst_n -> _83722_/RESET_B : -90.651688
[setup in-reg] rst_n -> _83723_/RESET_B : -90.651688
[setup in-reg] rst_n -> _83724_/RESET_B : -90.651688
[setup in-reg] rst_n -> _83725_/RESET_B : -90.651688
[setup in-reg] rst_n -> _83726_/RESET_B : -90.651688
[setup in-reg] rst_n -> _83727_/RESET_B : -90.651688
[setup in-reg] rst_n -> _83728_/RESET_B : -90.651688
[setup in-reg] rst_n -> _83729_/RESET_B : -90.651688
[setup in-reg] rst_n -> _83730_/RESET_B : -90.651688
[setup in-reg] rst_n -> _83731_/RESET_B : -90.651688
[setup in-reg] rst_n -> _83732_/RESET_B : -90.651688
[setup in-reg] rst_n -> _83733_/RESET_B : -90.651688
[setup in-reg] rst_n -> _83734_/RESET_B : -90.651688
[setup in-reg] rst_n -> _83735_/RESET_B : -90.651688
[setup in-reg] rst_n -> _83736_/RESET_B : -90.651688
[setup in-reg] rst_n -> _83737_/RESET_B : -90.651688
[setup in-reg] rst_n -> _83738_/RESET_B : -90.651688
[setup in-reg] rst_n -> _83739_/RESET_B : -90.651688
[setup in-reg] rst_n -> _83740_/RESET_B : -90.651688
[setup in-reg] rst_n -> _83741_/RESET_B : -90.651688
[setup in-reg] rst_n -> _83742_/RESET_B : -90.651688
[setup in-reg] rst_n -> _83743_/RESET_B : -90.651688
[setup in-reg] rst_n -> _83744_/RESET_B : -90.651688
[setup in-reg] rst_n -> _83745_/RESET_B : -90.651688
[setup in-reg] rst_n -> _83746_/RESET_B : -90.651688
[setup in-reg] rst_n -> _83747_/RESET_B : -90.651688
[setup in-reg] rst_n -> _83748_/RESET_B : -90.651688
[setup in-reg] rst_n -> _83749_/RESET_B : -90.651688
[setup in-reg] rst_n -> _83750_/RESET_B : -90.651688
[setup in-reg] rst_n -> _83751_/RESET_B : -90.651688
[setup in-reg] rst_n -> _83752_/RESET_B : -90.651688
[setup in-reg] rst_n -> _83753_/RESET_B : -90.651688
[setup in-reg] rst_n -> _83754_/RESET_B : -90.651688
[setup in-reg] rst_n -> _83755_/RESET_B : -90.651688
[setup in-reg] rst_n -> _83756_/RESET_B : -90.651688
[setup in-reg] rst_n -> _83757_/RESET_B : -90.651688
[setup in-reg] rst_n -> _83758_/RESET_B : -90.651688
[setup in-reg] rst_n -> _83759_/RESET_B : -90.651688
[setup in-reg] rst_n -> _83760_/RESET_B : -90.651688
[setup in-reg] rst_n -> _83761_/RESET_B : -90.651688
[setup in-reg] rst_n -> _83762_/RESET_B : -90.651688
[setup in-reg] rst_n -> _83763_/RESET_B : -90.651688
[setup in-reg] rst_n -> _83764_/RESET_B : -90.651688
[setup in-reg] rst_n -> _83765_/RESET_B : -90.651688
[setup in-reg] rst_n -> _83766_/RESET_B : -90.651688
[setup in-reg] rst_n -> _83767_/RESET_B : -90.651688
[setup in-reg] rst_n -> _83768_/RESET_B : -90.651688
[setup in-reg] rst_n -> _83769_/RESET_B : -90.651688
[setup in-reg] rst_n -> _83770_/RESET_B : -90.651688
[setup in-reg] rst_n -> _83771_/RESET_B : -90.651688
[setup in-reg] rst_n -> _83772_/RESET_B : -90.651688
[setup in-reg] rst_n -> _83773_/RESET_B : -90.651688
[setup in-reg] rst_n -> _83774_/RESET_B : -90.651688
[setup in-reg] rst_n -> _83775_/RESET_B : -90.651688
[setup in-reg] rst_n -> _83776_/RESET_B : -90.651688
[setup in-reg] rst_n -> _83777_/RESET_B : -90.651688
[setup in-reg] rst_n -> _83778_/RESET_B : -90.651688
[setup in-reg] rst_n -> _83779_/RESET_B : -90.651688
[setup in-reg] rst_n -> _83780_/RESET_B : -90.651688
[setup in-reg] rst_n -> _83781_/RESET_B : -90.651688
[setup in-reg] rst_n -> _83782_/RESET_B : -90.651688
[setup in-reg] rst_n -> _83783_/RESET_B : -90.651688
[setup in-reg] rst_n -> _83784_/RESET_B : -90.651688
[setup in-reg] rst_n -> _83785_/RESET_B : -90.651688
[setup in-reg] rst_n -> _83786_/RESET_B : -90.651688
[setup in-reg] rst_n -> _83787_/RESET_B : -90.651688
[setup in-reg] rst_n -> _83788_/RESET_B : -90.651688
[setup in-reg] rst_n -> _83789_/RESET_B : -90.651688
[setup in-reg] rst_n -> _83790_/RESET_B : -90.651688
[setup in-reg] rst_n -> _83791_/RESET_B : -90.651688
[setup in-reg] rst_n -> _83792_/RESET_B : -90.651688
[setup in-reg] rst_n -> _83793_/RESET_B : -90.651688
[setup in-reg] rst_n -> _83794_/RESET_B : -90.651688
[setup in-reg] rst_n -> _83795_/RESET_B : -90.651688
[setup in-reg] rst_n -> _83796_/RESET_B : -90.651688
[setup in-reg] rst_n -> _83797_/RESET_B : -90.651688
[setup in-reg] rst_n -> _83798_/RESET_B : -90.651688
[setup in-reg] rst_n -> _83799_/RESET_B : -90.651688
[setup in-reg] rst_n -> _83800_/RESET_B : -90.651688
[setup in-reg] rst_n -> _83801_/RESET_B : -90.651688
[setup in-reg] rst_n -> _83802_/RESET_B : -90.651688
[setup in-reg] rst_n -> _83803_/RESET_B : -90.651688
[setup in-reg] rst_n -> _83804_/RESET_B : -90.651688
[setup in-reg] rst_n -> _83805_/RESET_B : -90.651688
[setup in-reg] rst_n -> _83806_/RESET_B : -90.651688
[setup in-reg] rst_n -> _83807_/RESET_B : -90.651688
[setup in-reg] rst_n -> _83808_/RESET_B : -90.651688
[setup in-reg] rst_n -> _83809_/RESET_B : -90.651688
[setup in-reg] rst_n -> _83810_/RESET_B : -90.651688
[setup in-reg] rst_n -> _83811_/RESET_B : -90.651688
[setup in-reg] rst_n -> _83812_/RESET_B : -90.651688
[setup in-reg] rst_n -> _83813_/RESET_B : -90.651688
[setup in-reg] rst_n -> _83814_/RESET_B : -90.651688
[setup in-reg] rst_n -> _83815_/RESET_B : -90.651688
[setup in-reg] rst_n -> _83816_/RESET_B : -90.651688
[setup in-reg] rst_n -> _83817_/RESET_B : -90.651688
[setup in-reg] rst_n -> _83818_/RESET_B : -90.651688
[setup in-reg] rst_n -> _83819_/RESET_B : -90.651688
[setup in-reg] rst_n -> _83820_/RESET_B : -90.651688
[setup in-reg] rst_n -> _83821_/RESET_B : -90.651688
[setup in-reg] rst_n -> _83822_/RESET_B : -90.651688
[setup in-reg] rst_n -> _83823_/RESET_B : -90.651688
[setup in-reg] rst_n -> _83824_/RESET_B : -90.651688
[setup in-reg] rst_n -> _83825_/RESET_B : -90.651688
[setup in-reg] rst_n -> _83826_/RESET_B : -90.651688
[setup in-reg] rst_n -> _83827_/RESET_B : -90.651688
[setup in-reg] rst_n -> _83828_/RESET_B : -90.651688
[setup in-reg] rst_n -> _83829_/RESET_B : -90.651688
[setup in-reg] rst_n -> _83830_/RESET_B : -90.651688
[setup in-reg] rst_n -> _83831_/RESET_B : -90.651688
[setup in-reg] rst_n -> _83832_/RESET_B : -90.651688
[setup in-reg] rst_n -> _83833_/RESET_B : -90.651688
[setup in-reg] rst_n -> _83834_/RESET_B : -90.651688
[setup in-reg] rst_n -> _83835_/RESET_B : -90.651688
[setup in-reg] rst_n -> _83836_/RESET_B : -90.651688
[setup in-reg] rst_n -> _83837_/RESET_B : -90.651688
[setup in-reg] rst_n -> _83838_/RESET_B : -90.651688
[setup in-reg] rst_n -> _83839_/RESET_B : -90.651688
[setup in-reg] rst_n -> _83840_/RESET_B : -90.651688
[setup in-reg] rst_n -> _83841_/RESET_B : -90.651688
[setup in-reg] rst_n -> _83842_/RESET_B : -90.651688
[setup in-reg] rst_n -> _83843_/RESET_B : -90.651688
[setup in-reg] rst_n -> _83844_/RESET_B : -90.651688
[setup in-reg] rst_n -> _83845_/RESET_B : -90.651688
[setup in-reg] rst_n -> _83846_/RESET_B : -90.651688
[setup in-reg] rst_n -> _83847_/RESET_B : -90.651688
[setup in-reg] rst_n -> _83848_/RESET_B : -90.651688
[setup in-reg] rst_n -> _83849_/RESET_B : -90.651688
[setup in-reg] rst_n -> _83850_/RESET_B : -90.651688
[setup in-reg] rst_n -> _83851_/RESET_B : -90.651688
[setup in-reg] rst_n -> _83852_/RESET_B : -90.651688
[setup in-reg] rst_n -> _83853_/RESET_B : -90.651688
[setup in-reg] rst_n -> _83854_/RESET_B : -90.651688
[setup in-reg] rst_n -> _83855_/RESET_B : -90.651688
[setup in-reg] rst_n -> _83856_/RESET_B : -90.651688
[setup in-reg] rst_n -> _83857_/RESET_B : -90.651688
[setup in-reg] rst_n -> _83858_/RESET_B : -90.651688
[setup in-reg] rst_n -> _83859_/RESET_B : -90.651688
[setup in-reg] rst_n -> _83860_/RESET_B : -90.651688
[setup in-reg] rst_n -> _83861_/RESET_B : -90.651688
[setup in-reg] rst_n -> _83862_/RESET_B : -90.651688
[setup in-reg] rst_n -> _83863_/RESET_B : -90.651688
[setup in-reg] rst_n -> _83864_/RESET_B : -90.651688
[setup in-reg] rst_n -> _83865_/RESET_B : -90.651688
[setup in-reg] rst_n -> _83866_/RESET_B : -90.651688
[setup in-reg] rst_n -> _83867_/RESET_B : -90.651688
[setup in-reg] rst_n -> _83868_/RESET_B : -90.651688
[setup in-reg] rst_n -> _83869_/RESET_B : -90.651688
[setup in-reg] rst_n -> _83870_/RESET_B : -90.651688
[setup in-reg] rst_n -> _83871_/RESET_B : -90.651688
[setup in-reg] rst_n -> _83872_/RESET_B : -90.651688
[setup in-reg] rst_n -> _83873_/RESET_B : -90.651688
[setup in-reg] rst_n -> _83874_/RESET_B : -90.651688
[setup in-reg] rst_n -> _83875_/RESET_B : -90.651688
[setup in-reg] rst_n -> _83876_/RESET_B : -90.651688
[setup in-reg] rst_n -> _83877_/RESET_B : -90.651688
[setup in-reg] rst_n -> _83878_/RESET_B : -90.651688
[setup in-reg] rst_n -> _83879_/RESET_B : -90.651688
[setup in-reg] rst_n -> _83880_/RESET_B : -90.651688
[setup in-reg] rst_n -> _83881_/RESET_B : -90.651688
[setup in-reg] rst_n -> _83882_/RESET_B : -90.651688
[setup in-reg] rst_n -> _83883_/RESET_B : -90.651688
[setup in-reg] rst_n -> _83884_/RESET_B : -90.651688
[setup in-reg] rst_n -> _83885_/RESET_B : -90.651688
[setup in-reg] rst_n -> _83886_/RESET_B : -90.651688
[setup in-reg] rst_n -> _83887_/RESET_B : -90.651688
[setup in-reg] rst_n -> _83888_/RESET_B : -90.651688
[setup in-reg] rst_n -> _83889_/RESET_B : -90.651688
[setup in-reg] rst_n -> _83890_/RESET_B : -90.651688
[setup in-reg] rst_n -> _83891_/RESET_B : -90.651688
[setup in-reg] rst_n -> _83892_/RESET_B : -90.651688
[setup in-reg] rst_n -> _83893_/RESET_B : -90.651688
[setup in-reg] rst_n -> _83894_/RESET_B : -90.651688
[setup in-reg] rst_n -> _83895_/RESET_B : -90.651688
[setup in-reg] rst_n -> _83896_/RESET_B : -90.651688
[setup in-reg] rst_n -> _83897_/RESET_B : -90.651688
[setup in-reg] rst_n -> _83898_/RESET_B : -90.651688
[setup in-reg] rst_n -> _83899_/RESET_B : -90.651688
[setup in-reg] rst_n -> _83900_/RESET_B : -90.651688
[setup in-reg] rst_n -> _83901_/RESET_B : -90.651688
[setup in-reg] rst_n -> _83902_/RESET_B : -90.651688
[setup in-reg] rst_n -> _83903_/RESET_B : -90.651688
[setup in-reg] rst_n -> _83904_/RESET_B : -90.651688
[setup in-reg] rst_n -> _83905_/RESET_B : -90.651688
[setup in-reg] rst_n -> _83906_/RESET_B : -90.651688
[setup in-reg] rst_n -> _83907_/RESET_B : -90.651688
[setup in-reg] rst_n -> _83908_/RESET_B : -90.651688
[setup in-reg] rst_n -> _83909_/RESET_B : -90.651688
[setup in-reg] rst_n -> _83910_/RESET_B : -90.651688
[setup in-reg] rst_n -> _83911_/RESET_B : -90.651688
[setup in-reg] rst_n -> _83912_/RESET_B : -90.651688
[setup in-reg] rst_n -> _83913_/RESET_B : -90.651688
[setup in-reg] rst_n -> _83914_/RESET_B : -90.651688
[setup in-reg] rst_n -> _83915_/RESET_B : -90.651688
[setup in-reg] rst_n -> _83916_/RESET_B : -90.651688
[setup in-reg] rst_n -> _83917_/RESET_B : -90.651688
[setup in-reg] rst_n -> _83918_/RESET_B : -90.651688
[setup in-reg] rst_n -> _83919_/RESET_B : -90.651688
[setup in-reg] rst_n -> _83920_/RESET_B : -90.651688
[setup in-reg] rst_n -> _83921_/RESET_B : -90.651688
[setup in-reg] rst_n -> _83922_/RESET_B : -90.651688
[setup in-reg] rst_n -> _83923_/RESET_B : -90.651688
[setup in-reg] rst_n -> _83924_/RESET_B : -90.651688
[setup in-reg] rst_n -> _83925_/RESET_B : -90.651688
[setup in-reg] rst_n -> _83926_/RESET_B : -90.651688
[setup in-reg] rst_n -> _83927_/RESET_B : -90.651688
[setup in-reg] rst_n -> _83928_/RESET_B : -90.651688
[setup in-reg] rst_n -> _83929_/RESET_B : -90.651688
[setup in-reg] rst_n -> _83930_/RESET_B : -90.651688
[setup in-reg] rst_n -> _83931_/RESET_B : -90.651688
[setup in-reg] rst_n -> _83932_/RESET_B : -90.651688
[setup in-reg] rst_n -> _83933_/RESET_B : -90.651688
[setup in-reg] rst_n -> _83934_/RESET_B : -90.651688
[setup in-reg] rst_n -> _83935_/RESET_B : -90.651688
[setup in-reg] rst_n -> _83936_/RESET_B : -90.651688
[setup in-reg] rst_n -> _83937_/RESET_B : -90.651688
[setup in-reg] rst_n -> _83938_/RESET_B : -90.651688
[setup in-reg] rst_n -> _83939_/RESET_B : -90.651688
[setup in-reg] rst_n -> _83940_/RESET_B : -90.651688
[setup in-reg] rst_n -> _83941_/RESET_B : -90.651688
[setup in-reg] rst_n -> _83942_/RESET_B : -90.651688
[setup in-reg] rst_n -> _83943_/RESET_B : -90.651688
[setup in-reg] rst_n -> _83944_/RESET_B : -90.651688
[setup in-reg] rst_n -> _83945_/RESET_B : -90.651688
[setup in-reg] rst_n -> _83946_/RESET_B : -90.651688
[setup in-reg] rst_n -> _83947_/RESET_B : -90.651688
[setup in-reg] rst_n -> _83948_/RESET_B : -90.651688
[setup in-reg] rst_n -> _83949_/RESET_B : -90.651688
[setup in-reg] rst_n -> _83950_/RESET_B : -90.651688
[setup in-reg] rst_n -> _83951_/RESET_B : -90.651688
[setup in-reg] rst_n -> _83952_/RESET_B : -90.651688
[setup in-reg] rst_n -> _83953_/RESET_B : -90.651688
[setup in-reg] rst_n -> _83954_/RESET_B : -90.651688
[setup in-reg] rst_n -> _83955_/RESET_B : -90.651688
[setup in-reg] rst_n -> _83956_/RESET_B : -90.651688
[setup in-reg] rst_n -> _83957_/RESET_B : -90.651688
[setup in-reg] rst_n -> _83958_/RESET_B : -90.651688
[setup in-reg] rst_n -> _83959_/RESET_B : -90.651688
[setup in-reg] rst_n -> _83960_/RESET_B : -90.651688
[setup in-reg] rst_n -> _83961_/RESET_B : -90.651688
[setup in-reg] rst_n -> _83962_/RESET_B : -90.651688
[setup in-reg] rst_n -> _83963_/RESET_B : -90.651688
[setup in-reg] rst_n -> _83964_/RESET_B : -90.651688
[setup in-reg] rst_n -> _83965_/RESET_B : -90.651688
[setup in-reg] rst_n -> _83966_/RESET_B : -90.651688
[setup in-reg] rst_n -> _83967_/RESET_B : -90.651688
[setup in-reg] rst_n -> _83968_/RESET_B : -90.651688
[setup in-reg] rst_n -> _83969_/RESET_B : -90.651688
[setup in-reg] rst_n -> _83970_/RESET_B : -90.651688
[setup in-reg] rst_n -> _83971_/RESET_B : -90.651688
[setup in-reg] rst_n -> _83972_/RESET_B : -90.651688
[setup in-reg] rst_n -> _83973_/RESET_B : -90.651688
[setup in-reg] rst_n -> _83974_/RESET_B : -90.651688
[setup in-reg] rst_n -> _83975_/RESET_B : -90.651688
[setup in-reg] rst_n -> _83976_/RESET_B : -90.651688
[setup in-reg] rst_n -> _83977_/RESET_B : -90.651688
[setup in-reg] rst_n -> _83978_/RESET_B : -90.651688
[setup in-reg] rst_n -> _83979_/RESET_B : -90.651688
[setup in-reg] rst_n -> _83980_/RESET_B : -90.651688
[setup in-reg] rst_n -> _83981_/RESET_B : -90.651688
[setup in-reg] rst_n -> _83982_/RESET_B : -90.651688
[setup in-reg] rst_n -> _83983_/RESET_B : -90.651688
[setup in-reg] rst_n -> _83984_/RESET_B : -90.651688
[setup in-reg] rst_n -> _83985_/RESET_B : -90.651688
[setup in-reg] rst_n -> _83986_/RESET_B : -90.651688
[setup in-reg] rst_n -> _83987_/RESET_B : -90.651688
[setup in-reg] rst_n -> _83988_/RESET_B : -90.651688
[setup in-reg] rst_n -> _83989_/RESET_B : -90.651688
[setup in-reg] rst_n -> _83990_/RESET_B : -90.651688
[setup in-reg] rst_n -> _83991_/RESET_B : -90.651688
[setup in-reg] rst_n -> _83992_/RESET_B : -90.651688
[setup in-reg] rst_n -> _83993_/RESET_B : -90.651688
[setup in-reg] rst_n -> _83994_/RESET_B : -90.651688
[setup in-reg] rst_n -> _83995_/RESET_B : -90.651688
[setup in-reg] rst_n -> _83996_/RESET_B : -90.651688
[setup in-reg] rst_n -> _83997_/RESET_B : -90.651688
[setup in-reg] rst_n -> _83998_/RESET_B : -90.651688
[setup in-reg] rst_n -> _83999_/RESET_B : -90.651688
[setup in-reg] rst_n -> _84000_/RESET_B : -90.651688
[setup in-reg] rst_n -> _84001_/RESET_B : -90.651688
[setup in-reg] rst_n -> _84002_/RESET_B : -90.651688
[setup in-reg] rst_n -> _84003_/RESET_B : -90.651688
[setup in-reg] rst_n -> _84004_/RESET_B : -90.651688
[setup in-reg] rst_n -> _84005_/RESET_B : -90.651688
[setup in-reg] rst_n -> _84006_/RESET_B : -90.651688
[setup in-reg] rst_n -> _84007_/RESET_B : -90.651688
[setup in-reg] rst_n -> _84008_/RESET_B : -90.651688
[setup in-reg] rst_n -> _84009_/RESET_B : -90.651688
[setup in-reg] rst_n -> _84010_/RESET_B : -90.651688
[setup in-reg] rst_n -> _84011_/RESET_B : -90.651688
[setup in-reg] rst_n -> _84012_/RESET_B : -90.651688
[setup in-reg] rst_n -> _84013_/RESET_B : -90.651688
[setup in-reg] rst_n -> _84014_/RESET_B : -90.651688
[setup in-reg] rst_n -> _84015_/RESET_B : -90.651688
[setup in-reg] rst_n -> _84016_/RESET_B : -90.651688
[setup in-reg] rst_n -> _84017_/RESET_B : -90.651688
[setup in-reg] rst_n -> _84018_/RESET_B : -90.651688
[setup in-reg] rst_n -> _84019_/RESET_B : -90.651688
[setup in-reg] rst_n -> _84020_/RESET_B : -90.651688
[setup in-reg] rst_n -> _84021_/RESET_B : -90.651688
[setup in-reg] rst_n -> _84022_/RESET_B : -90.651688
[setup in-reg] rst_n -> _84023_/RESET_B : -90.651688
[setup in-reg] rst_n -> _84024_/RESET_B : -90.651688
[setup in-reg] rst_n -> _84025_/RESET_B : -90.651688
[setup in-reg] rst_n -> _84026_/RESET_B : -90.651688
[setup in-reg] rst_n -> _84027_/RESET_B : -90.651688
[setup in-reg] rst_n -> _84028_/RESET_B : -90.651688
[setup in-reg] rst_n -> _84029_/RESET_B : -90.651688
[setup in-reg] rst_n -> _84030_/RESET_B : -90.651688
[setup in-reg] rst_n -> _84031_/RESET_B : -90.651688
[setup in-reg] rst_n -> _84032_/RESET_B : -90.651688
[setup in-reg] rst_n -> _84033_/RESET_B : -90.651688
[setup in-reg] rst_n -> _84034_/RESET_B : -90.651688
[setup in-reg] rst_n -> _84035_/RESET_B : -90.651688
[setup in-reg] rst_n -> _84036_/RESET_B : -90.651688
[setup in-reg] rst_n -> _84037_/RESET_B : -90.651688
[setup in-reg] rst_n -> _84038_/RESET_B : -90.651688
[setup in-reg] rst_n -> _84039_/RESET_B : -90.651688
[setup in-reg] rst_n -> _84040_/RESET_B : -90.651688
[setup in-reg] rst_n -> _84041_/RESET_B : -90.651688
[setup in-reg] rst_n -> _84042_/RESET_B : -90.651688
[setup in-reg] rst_n -> _84043_/RESET_B : -90.651688
[setup in-reg] rst_n -> _84044_/RESET_B : -90.651688
[setup in-reg] rst_n -> _84045_/RESET_B : -90.651688
[setup in-reg] rst_n -> _84046_/RESET_B : -90.651688
[setup in-reg] rst_n -> _84047_/RESET_B : -90.651688
[setup in-reg] rst_n -> _84048_/RESET_B : -90.651688
[setup in-reg] rst_n -> _84049_/RESET_B : -90.651688
[setup in-reg] rst_n -> _84050_/RESET_B : -90.651688
[setup in-reg] rst_n -> _84051_/RESET_B : -90.651688
[setup in-reg] rst_n -> _84052_/RESET_B : -90.651688
[setup in-reg] rst_n -> _84053_/RESET_B : -90.651688
[setup in-reg] rst_n -> _84054_/RESET_B : -90.651688
[setup in-reg] rst_n -> _84055_/RESET_B : -90.651688
[setup in-reg] rst_n -> _84056_/RESET_B : -90.651688
[setup in-reg] rst_n -> _84057_/RESET_B : -90.651688
[setup in-reg] rst_n -> _84058_/RESET_B : -90.651688
[setup in-reg] rst_n -> _84059_/RESET_B : -90.651688
[setup in-reg] rst_n -> _84060_/RESET_B : -90.651688
[setup in-reg] rst_n -> _84061_/RESET_B : -90.651688
[setup in-reg] rst_n -> _84062_/RESET_B : -90.651688
[setup in-reg] rst_n -> _84063_/RESET_B : -90.651688
[setup in-reg] rst_n -> _84064_/RESET_B : -90.651688
[setup in-reg] rst_n -> _84065_/RESET_B : -90.651688
[setup in-reg] rst_n -> _84066_/RESET_B : -90.651688
[setup in-reg] rst_n -> _84067_/RESET_B : -90.651688
[setup in-reg] rst_n -> _84068_/RESET_B : -90.651688
[setup in-reg] rst_n -> _84069_/RESET_B : -90.651688
[setup in-reg] rst_n -> _84070_/RESET_B : -90.651688
[setup in-reg] rst_n -> _84071_/RESET_B : -90.651688
[setup in-reg] rst_n -> _84072_/RESET_B : -90.651688
[setup in-reg] rst_n -> _84073_/RESET_B : -90.651688
[setup in-reg] rst_n -> _84074_/RESET_B : -90.651688
[setup in-reg] rst_n -> _84075_/RESET_B : -90.651688
[setup in-reg] rst_n -> _84076_/RESET_B : -90.651688
[setup in-reg] rst_n -> _84077_/RESET_B : -90.651688
[setup in-reg] rst_n -> _84078_/RESET_B : -90.651688
[setup in-reg] rst_n -> _84079_/RESET_B : -90.651688
[setup in-reg] rst_n -> _84080_/RESET_B : -90.651688
[setup in-reg] rst_n -> _84081_/RESET_B : -90.651688
[setup in-reg] rst_n -> _84082_/RESET_B : -90.651688
[setup in-reg] rst_n -> _84083_/RESET_B : -90.651688
[setup in-reg] rst_n -> _84084_/RESET_B : -90.651688
[setup in-reg] rst_n -> _84085_/RESET_B : -90.651688
[setup in-reg] rst_n -> _84086_/RESET_B : -90.651688
[setup in-reg] rst_n -> _84087_/RESET_B : -90.651688
[setup in-reg] rst_n -> _84088_/RESET_B : -90.651688
[setup in-reg] rst_n -> _84089_/RESET_B : -90.651688
[setup in-reg] rst_n -> _84090_/RESET_B : -90.651688
[setup in-reg] rst_n -> _84091_/RESET_B : -90.651688
[setup in-reg] rst_n -> _84092_/RESET_B : -90.651688
[setup in-reg] rst_n -> _84093_/RESET_B : -90.651688
[setup in-reg] rst_n -> _84094_/RESET_B : -90.651688
[setup in-reg] rst_n -> _84095_/RESET_B : -90.651688
[setup in-reg] rst_n -> _84096_/RESET_B : -90.651688
[setup in-reg] rst_n -> _84097_/RESET_B : -90.651688
[setup in-reg] rst_n -> _84098_/RESET_B : -90.651688
[setup in-reg] rst_n -> _84099_/RESET_B : -90.651688
[setup in-reg] rst_n -> _84100_/RESET_B : -90.651688
[setup in-reg] rst_n -> _84101_/RESET_B : -90.651688
[setup in-reg] rst_n -> _84102_/RESET_B : -90.651688
[setup in-reg] rst_n -> _84103_/RESET_B : -90.651688
[setup in-reg] rst_n -> _84104_/RESET_B : -90.651688
[setup in-reg] rst_n -> _84105_/RESET_B : -90.651688
[setup in-reg] rst_n -> _84106_/RESET_B : -90.651688
[setup in-reg] rst_n -> _84107_/RESET_B : -90.651688
[setup in-reg] rst_n -> _84108_/RESET_B : -90.651688
[setup in-reg] rst_n -> _84109_/RESET_B : -90.651688
[setup in-reg] rst_n -> _84110_/RESET_B : -90.651688
[setup in-reg] rst_n -> _84111_/RESET_B : -90.651688
[setup in-reg] rst_n -> _84112_/RESET_B : -90.651688
[setup in-reg] rst_n -> _84113_/RESET_B : -90.651688
[setup in-reg] rst_n -> _84114_/RESET_B : -90.651688
[setup in-reg] rst_n -> _84115_/RESET_B : -90.651688
[setup in-reg] rst_n -> _84116_/RESET_B : -90.651688
[setup in-reg] rst_n -> _84117_/RESET_B : -90.651688
[setup in-reg] rst_n -> _84118_/RESET_B : -90.651688
[setup in-reg] rst_n -> _84119_/RESET_B : -90.651688
[setup in-reg] rst_n -> _84120_/RESET_B : -90.651688
[setup in-reg] rst_n -> _84121_/RESET_B : -90.651688
[setup in-reg] rst_n -> _84122_/RESET_B : -90.651688
[setup in-reg] rst_n -> _84123_/RESET_B : -90.651688
[setup in-reg] rst_n -> _84124_/RESET_B : -90.651688
[setup in-reg] rst_n -> _84125_/RESET_B : -90.651688
[setup in-reg] rst_n -> _84126_/RESET_B : -90.651688
[setup in-reg] rst_n -> _84127_/RESET_B : -90.651688
[setup in-reg] rst_n -> _84128_/RESET_B : -90.651688
[setup in-reg] rst_n -> _84129_/RESET_B : -90.651688
[setup in-reg] rst_n -> _84130_/RESET_B : -90.651688
[setup in-reg] rst_n -> _84131_/RESET_B : -90.651688
[setup in-reg] rst_n -> _84132_/RESET_B : -90.651688
[setup in-reg] rst_n -> _84133_/RESET_B : -90.651688
[setup in-reg] rst_n -> _84134_/RESET_B : -90.651688
[setup in-reg] rst_n -> _84135_/RESET_B : -90.651688
[setup in-reg] rst_n -> _84136_/RESET_B : -90.651688
[setup in-reg] rst_n -> _84137_/RESET_B : -90.651688
[setup in-reg] rst_n -> _84138_/RESET_B : -90.651688
[setup in-reg] rst_n -> _84139_/RESET_B : -90.651688
[setup in-reg] rst_n -> _84140_/RESET_B : -90.651688
[setup in-reg] rst_n -> _84141_/RESET_B : -90.651688
[setup in-reg] rst_n -> _84142_/RESET_B : -90.651688
[setup in-reg] rst_n -> _84143_/RESET_B : -90.651688
[setup in-reg] rst_n -> _84144_/RESET_B : -90.651688
[setup in-reg] rst_n -> _84145_/RESET_B : -90.651688
[setup in-reg] rst_n -> _84146_/RESET_B : -90.651688
[setup in-reg] rst_n -> _84147_/RESET_B : -90.651688
[setup in-reg] rst_n -> _84148_/RESET_B : -90.651688
[setup in-reg] rst_n -> _84149_/RESET_B : -90.651688
[setup in-reg] rst_n -> _84150_/RESET_B : -90.651688
[setup in-reg] rst_n -> _84151_/RESET_B : -90.651688
[setup in-reg] rst_n -> _84152_/RESET_B : -90.651688
[setup in-reg] rst_n -> _84153_/RESET_B : -90.651688
[setup in-reg] rst_n -> _84154_/RESET_B : -90.651688
[setup in-reg] rst_n -> _84155_/RESET_B : -90.651688
[setup in-reg] rst_n -> _84156_/RESET_B : -90.651688
[setup in-reg] rst_n -> _84157_/RESET_B : -90.651688
[setup in-reg] rst_n -> _84158_/RESET_B : -90.651688
[setup in-reg] rst_n -> _84159_/RESET_B : -90.651688
[setup in-reg] rst_n -> _84160_/RESET_B : -90.651688
[setup in-reg] rst_n -> _84161_/RESET_B : -90.651688
[setup in-reg] rst_n -> _84162_/RESET_B : -90.651688
[setup in-reg] rst_n -> _84163_/RESET_B : -90.651688
[setup in-reg] rst_n -> _84164_/RESET_B : -90.651688
[setup in-reg] rst_n -> _84165_/RESET_B : -90.651688
[setup in-reg] rst_n -> _84166_/RESET_B : -90.651688
[setup in-reg] rst_n -> _84167_/RESET_B : -90.651688
[setup in-reg] rst_n -> _84168_/RESET_B : -90.651688
[setup in-reg] rst_n -> _84169_/RESET_B : -90.651688
[setup in-reg] rst_n -> _84170_/RESET_B : -90.651688
[setup in-reg] rst_n -> _84171_/RESET_B : -90.651688
[setup in-reg] rst_n -> _84172_/RESET_B : -90.651688
[setup in-reg] rst_n -> _84173_/RESET_B : -90.651688
[setup in-reg] rst_n -> _84174_/RESET_B : -90.651688
[setup in-reg] rst_n -> _84175_/RESET_B : -90.651688
[setup in-reg] rst_n -> _84176_/RESET_B : -90.651688
[setup in-reg] rst_n -> _84177_/RESET_B : -90.651688
[setup in-reg] rst_n -> _84178_/RESET_B : -90.651688
[setup in-reg] rst_n -> _84179_/RESET_B : -90.651688
[setup in-reg] rst_n -> _84180_/RESET_B : -90.651688
[setup in-reg] rst_n -> _84181_/RESET_B : -90.651688
[setup in-reg] rst_n -> _84182_/RESET_B : -90.651688
[setup in-reg] rst_n -> _84183_/RESET_B : -90.651688
[setup in-reg] rst_n -> _84184_/RESET_B : -90.651688
[setup in-reg] rst_n -> _84185_/RESET_B : -90.651688
[setup in-reg] rst_n -> _84186_/RESET_B : -90.651688
[setup in-reg] rst_n -> _84187_/RESET_B : -90.651688
[setup in-reg] rst_n -> _84188_/RESET_B : -90.651688
[setup in-reg] rst_n -> _84189_/RESET_B : -90.651688
[setup in-reg] rst_n -> _84190_/RESET_B : -90.651688
[setup in-reg] rst_n -> _84191_/RESET_B : -90.651688
[setup in-reg] rst_n -> _84192_/RESET_B : -90.651688
[setup in-reg] rst_n -> _84193_/RESET_B : -90.651688
[setup in-reg] rst_n -> _84194_/RESET_B : -90.651688
[setup in-reg] rst_n -> _84195_/RESET_B : -90.651688
[setup in-reg] rst_n -> _84196_/RESET_B : -90.651688
[setup in-reg] rst_n -> _84197_/RESET_B : -90.651688
[setup in-reg] rst_n -> _84198_/RESET_B : -90.651688
[setup in-reg] rst_n -> _84199_/RESET_B : -90.651688
[setup in-reg] rst_n -> _84200_/RESET_B : -90.651688
[setup in-reg] rst_n -> _84201_/RESET_B : -90.651688
[setup in-reg] rst_n -> _84202_/RESET_B : -90.651688
[setup in-reg] rst_n -> _84203_/RESET_B : -90.651688
[setup in-reg] rst_n -> _84204_/RESET_B : -90.651688
[setup in-reg] rst_n -> _84205_/RESET_B : -90.651688
[setup in-reg] rst_n -> _84206_/RESET_B : -90.651688
[setup in-reg] rst_n -> _84207_/RESET_B : -90.651688
[setup in-reg] rst_n -> _84208_/RESET_B : -90.651688
[setup in-reg] rst_n -> _84209_/RESET_B : -90.651688
[setup in-reg] rst_n -> _84210_/RESET_B : -90.651688
[setup in-reg] rst_n -> _84211_/RESET_B : -90.651688
[setup in-reg] rst_n -> _84212_/RESET_B : -90.651688
[setup in-reg] rst_n -> _84213_/RESET_B : -90.651688
[setup in-reg] rst_n -> _84214_/RESET_B : -90.651688
[setup in-reg] rst_n -> _84215_/RESET_B : -90.651688
[setup in-reg] rst_n -> _84216_/RESET_B : -90.651688
[setup in-reg] rst_n -> _84217_/RESET_B : -90.651688
[setup in-reg] rst_n -> _84218_/RESET_B : -90.651688
[setup in-reg] rst_n -> _84219_/RESET_B : -90.651688
[setup in-reg] rst_n -> _84220_/RESET_B : -90.651688
[setup in-reg] rst_n -> _84221_/RESET_B : -90.651688
[setup in-reg] rst_n -> _84222_/RESET_B : -90.651688
[setup in-reg] rst_n -> _84223_/RESET_B : -90.651688
[setup in-reg] rst_n -> _84224_/RESET_B : -90.651688
[setup in-reg] rst_n -> _84225_/RESET_B : -90.651688
[setup in-reg] rst_n -> _84226_/RESET_B : -90.651688
[setup in-reg] rst_n -> _84227_/RESET_B : -90.651688
[setup in-reg] rst_n -> _84228_/RESET_B : -90.651688
[setup in-reg] rst_n -> _84229_/RESET_B : -90.651688
[setup in-reg] rst_n -> _84230_/RESET_B : -90.651688
[setup in-reg] rst_n -> _84231_/RESET_B : -90.651688
[setup in-reg] rst_n -> _84232_/RESET_B : -90.651688
[setup in-reg] rst_n -> _84233_/RESET_B : -90.651688
[setup in-reg] rst_n -> _84234_/RESET_B : -90.651688
[setup in-reg] rst_n -> _84235_/RESET_B : -90.651688
[setup in-reg] rst_n -> _84236_/RESET_B : -90.651688
[setup in-reg] rst_n -> _84237_/RESET_B : -90.651688
[setup in-reg] rst_n -> _84238_/RESET_B : -90.651688
[setup in-reg] rst_n -> _84239_/RESET_B : -90.651688
[setup in-reg] rst_n -> _84240_/RESET_B : -90.651688
[setup in-reg] rst_n -> _84241_/RESET_B : -90.651688
[setup in-reg] rst_n -> _84242_/RESET_B : -90.651688
[setup in-reg] rst_n -> _84243_/RESET_B : -90.651688
[setup in-reg] rst_n -> _84244_/RESET_B : -90.651688
[setup in-reg] rst_n -> _84245_/RESET_B : -90.651688
[setup in-reg] rst_n -> _84246_/RESET_B : -90.651688
[setup in-reg] rst_n -> _84247_/RESET_B : -90.651688
[setup in-reg] rst_n -> _84248_/RESET_B : -90.651688
[setup in-reg] rst_n -> _84249_/RESET_B : -90.651688
[setup in-reg] rst_n -> _84250_/RESET_B : -90.651688
[setup in-reg] rst_n -> _84251_/RESET_B : -90.651688
[setup in-reg] rst_n -> _84252_/RESET_B : -90.651688
[setup in-reg] rst_n -> _84253_/RESET_B : -90.651688
[setup in-reg] rst_n -> _84254_/RESET_B : -90.651688
[setup in-reg] rst_n -> _84255_/RESET_B : -90.651688
[setup in-reg] rst_n -> _84256_/RESET_B : -90.651688
[setup in-reg] rst_n -> _84257_/RESET_B : -90.651688
[setup in-reg] rst_n -> _84258_/RESET_B : -90.651688
[setup in-reg] rst_n -> _84259_/RESET_B : -90.651688
[setup in-reg] rst_n -> _84260_/RESET_B : -90.651688
[setup in-reg] rst_n -> _84261_/RESET_B : -90.651688
[setup in-reg] rst_n -> _84262_/RESET_B : -90.651688
[setup in-reg] rst_n -> _84263_/RESET_B : -90.651688
[setup in-reg] rst_n -> _84264_/RESET_B : -90.651688
[setup in-reg] rst_n -> _84265_/RESET_B : -90.651688
[setup in-reg] rst_n -> _84266_/RESET_B : -90.651688
[setup in-reg] rst_n -> _84267_/RESET_B : -90.651688
[setup in-reg] rst_n -> _84268_/RESET_B : -90.651688
[setup in-reg] rst_n -> _84269_/RESET_B : -90.651688
[setup in-reg] rst_n -> _84270_/RESET_B : -90.651688
[setup in-reg] rst_n -> _84271_/RESET_B : -90.651688
[setup in-reg] rst_n -> _84272_/RESET_B : -90.651688
[setup in-reg] rst_n -> _84273_/RESET_B : -90.651688
[setup in-reg] rst_n -> _84274_/RESET_B : -90.651688
[setup in-reg] rst_n -> _84275_/RESET_B : -90.651688
[setup in-reg] rst_n -> _84276_/RESET_B : -90.651688
[setup in-reg] rst_n -> _84277_/RESET_B : -90.651688
[setup in-reg] rst_n -> _84278_/RESET_B : -90.651688
[setup in-reg] rst_n -> _84279_/RESET_B : -90.651688
[setup in-reg] rst_n -> _84280_/RESET_B : -90.651688
[setup in-reg] rst_n -> _84281_/RESET_B : -90.651688
[setup in-reg] rst_n -> _84282_/RESET_B : -90.651688
[setup in-reg] rst_n -> _84283_/RESET_B : -90.651688
[setup in-reg] rst_n -> _84284_/RESET_B : -90.651688
[setup in-reg] rst_n -> _84285_/RESET_B : -90.651688
[setup in-reg] rst_n -> _84286_/RESET_B : -90.651688
[setup in-reg] rst_n -> _84287_/RESET_B : -90.651688
[setup in-reg] rst_n -> _84288_/RESET_B : -90.651688
[setup in-reg] rst_n -> _84289_/RESET_B : -90.651688
[setup in-reg] rst_n -> _84290_/RESET_B : -90.651688
[setup in-reg] rst_n -> _84291_/RESET_B : -90.651688
[setup in-reg] rst_n -> _84292_/RESET_B : -90.651688
[setup in-reg] rst_n -> _84293_/RESET_B : -90.651688
[setup in-reg] rst_n -> _84294_/RESET_B : -90.651688
[setup in-reg] rst_n -> _84295_/RESET_B : -90.651688
[setup in-reg] rst_n -> _84296_/RESET_B : -90.651688
[setup in-reg] rst_n -> _84297_/RESET_B : -90.651688
[setup in-reg] rst_n -> _84298_/RESET_B : -90.651688
[setup in-reg] rst_n -> _84299_/RESET_B : -90.651688
[setup in-reg] rst_n -> _84300_/RESET_B : -90.651688
[setup in-reg] rst_n -> _84301_/RESET_B : -90.651688
[setup in-reg] rst_n -> _84302_/RESET_B : -90.651688
[setup in-reg] rst_n -> _84303_/RESET_B : -90.651688
[setup in-reg] rst_n -> _84304_/RESET_B : -90.651688
[setup in-reg] rst_n -> _84305_/RESET_B : -90.651688
[setup in-reg] rst_n -> _84306_/RESET_B : -90.651688
[setup in-reg] rst_n -> _84307_/RESET_B : -90.651688
[setup in-reg] rst_n -> _84308_/RESET_B : -90.651688
[setup in-reg] rst_n -> _84309_/RESET_B : -90.651688
[setup in-reg] rst_n -> _84310_/RESET_B : -90.651688
[setup in-reg] rst_n -> _84311_/RESET_B : -90.651688
[setup in-reg] rst_n -> _84312_/RESET_B : -90.651688
[setup in-reg] rst_n -> _84313_/RESET_B : -90.651688
[setup in-reg] rst_n -> _84314_/RESET_B : -90.651688
[setup in-reg] rst_n -> _84315_/RESET_B : -90.651688
[setup in-reg] rst_n -> _84316_/RESET_B : -90.651688
[setup in-reg] rst_n -> _84317_/RESET_B : -90.651688
[setup in-reg] rst_n -> _84318_/RESET_B : -90.651688
[setup in-reg] rst_n -> _84319_/RESET_B : -90.651688
[setup in-reg] rst_n -> _84320_/RESET_B : -90.651688
[setup in-reg] rst_n -> _84321_/RESET_B : -90.651688
[setup in-reg] rst_n -> _84322_/RESET_B : -90.651688
[setup in-reg] rst_n -> _84323_/RESET_B : -90.651688
[setup in-reg] rst_n -> _84324_/RESET_B : -90.651688
[setup in-reg] rst_n -> _84325_/RESET_B : -90.651688
[setup in-reg] rst_n -> _84326_/RESET_B : -90.651688
[setup in-reg] rst_n -> _84327_/RESET_B : -90.651688
[setup in-reg] rst_n -> _84328_/RESET_B : -90.651688
[setup in-reg] rst_n -> _84329_/RESET_B : -90.651688
[setup in-reg] rst_n -> _84330_/RESET_B : -90.651688
[setup in-reg] rst_n -> _84331_/RESET_B : -90.651688
[setup in-reg] rst_n -> _84332_/RESET_B : -90.651688
[setup in-reg] rst_n -> _84333_/RESET_B : -90.651688
[setup in-reg] rst_n -> _84334_/RESET_B : -90.651688
[setup in-reg] rst_n -> _84335_/RESET_B : -90.651688
[setup in-reg] rst_n -> _84336_/RESET_B : -90.651688
[setup in-reg] rst_n -> _84337_/RESET_B : -90.651688
[setup in-reg] rst_n -> _84338_/RESET_B : -90.651688
[setup in-reg] rst_n -> _84339_/RESET_B : -90.651688
[setup in-reg] rst_n -> _84340_/RESET_B : -90.651688
[setup in-reg] rst_n -> _84341_/RESET_B : -90.651688
[setup in-reg] rst_n -> _84342_/RESET_B : -90.651688
[setup in-reg] rst_n -> _84343_/RESET_B : -90.651688
[setup in-reg] rst_n -> _84344_/RESET_B : -90.651688
[setup in-reg] rst_n -> _84345_/RESET_B : -90.651688
[setup in-reg] rst_n -> _84346_/RESET_B : -90.651688
[setup in-reg] rst_n -> _84347_/RESET_B : -90.651688
[setup in-reg] rst_n -> _84348_/RESET_B : -90.651688
[setup in-reg] rst_n -> _84349_/RESET_B : -90.651688
[setup in-reg] rst_n -> _84350_/RESET_B : -90.651688
[setup in-reg] rst_n -> _84351_/RESET_B : -90.651688
[setup in-reg] rst_n -> _84352_/RESET_B : -90.651688
[setup in-reg] rst_n -> _84353_/RESET_B : -90.651688
[setup in-reg] rst_n -> _84354_/RESET_B : -90.651688
[setup in-reg] rst_n -> _84355_/RESET_B : -90.651688
[setup in-reg] rst_n -> _84356_/RESET_B : -90.651688
[setup in-reg] rst_n -> _84357_/RESET_B : -90.651688
[setup in-reg] rst_n -> _84358_/RESET_B : -90.651688
[setup in-reg] rst_n -> _84359_/RESET_B : -90.651688
[setup in-reg] rst_n -> _84360_/RESET_B : -90.651688
[setup in-reg] rst_n -> _84361_/RESET_B : -90.651688
[setup in-reg] rst_n -> _84362_/RESET_B : -90.651688
[setup in-reg] rst_n -> _84363_/RESET_B : -90.651688
[setup in-reg] rst_n -> _84364_/RESET_B : -90.651688
[setup in-reg] rst_n -> _84365_/RESET_B : -90.651688
[setup in-reg] rst_n -> _84366_/RESET_B : -90.651688
[setup in-reg] rst_n -> _84367_/RESET_B : -90.651688
[setup in-reg] rst_n -> _84368_/RESET_B : -90.651688
[setup in-reg] rst_n -> _84369_/RESET_B : -90.651688
[setup in-reg] rst_n -> _84370_/RESET_B : -90.651688
[setup in-reg] rst_n -> _84371_/RESET_B : -90.651688
[setup in-reg] rst_n -> _84372_/RESET_B : -90.651688
[setup in-reg] rst_n -> _84373_/RESET_B : -90.651688
[setup in-reg] rst_n -> _84374_/RESET_B : -90.651688
[setup in-reg] rst_n -> _84375_/RESET_B : -90.651688
[setup in-reg] rst_n -> _84376_/RESET_B : -90.651688
[setup in-reg] rst_n -> _84377_/RESET_B : -90.651688
[setup in-reg] rst_n -> _84378_/RESET_B : -90.651688
[setup in-reg] rst_n -> _84379_/RESET_B : -90.651688
[setup in-reg] rst_n -> _84380_/RESET_B : -90.651688
[setup in-reg] rst_n -> _84381_/RESET_B : -90.651688
[setup in-reg] rst_n -> _84382_/RESET_B : -90.651688
[setup in-reg] rst_n -> _84383_/RESET_B : -90.651688
[setup in-reg] rst_n -> _84384_/RESET_B : -90.651688
[setup in-reg] rst_n -> _84385_/RESET_B : -90.651688
[setup in-reg] rst_n -> _84386_/RESET_B : -90.651688
[setup in-reg] rst_n -> _84387_/RESET_B : -90.651688
[setup in-reg] rst_n -> _84388_/RESET_B : -90.651688
[setup in-reg] rst_n -> _84389_/RESET_B : -90.651688
[setup in-reg] rst_n -> _84390_/RESET_B : -90.651688
[setup in-reg] rst_n -> _84391_/RESET_B : -90.651688
[setup in-reg] rst_n -> _84392_/RESET_B : -90.651688
[setup in-reg] rst_n -> _84393_/RESET_B : -90.651688
[setup in-reg] rst_n -> _84394_/RESET_B : -90.651688
[setup in-reg] rst_n -> _84395_/RESET_B : -90.651688
[setup in-reg] rst_n -> _84396_/RESET_B : -90.651688
[setup in-reg] rst_n -> _84397_/RESET_B : -90.651688
[setup in-reg] rst_n -> _84398_/RESET_B : -90.651688
[setup in-reg] rst_n -> _84399_/RESET_B : -90.651688
[setup in-reg] rst_n -> _84400_/RESET_B : -90.651688
[setup in-reg] rst_n -> _84401_/RESET_B : -90.651688
[setup in-reg] rst_n -> _84402_/RESET_B : -90.651688
[setup in-reg] rst_n -> _84403_/RESET_B : -90.651688
[setup in-reg] rst_n -> _84404_/RESET_B : -90.651688
[setup in-reg] rst_n -> _84405_/RESET_B : -90.651688
[setup in-reg] rst_n -> _84406_/RESET_B : -90.651688
[setup in-reg] rst_n -> _84407_/RESET_B : -90.651688
[setup in-reg] rst_n -> _84408_/RESET_B : -90.651688
[setup in-reg] rst_n -> _84409_/RESET_B : -90.651688
[setup in-reg] rst_n -> _84410_/RESET_B : -90.651688
[setup in-reg] rst_n -> _84411_/RESET_B : -90.651688
[setup in-reg] rst_n -> _84412_/RESET_B : -90.651688
[setup in-reg] rst_n -> _84413_/RESET_B : -90.651688
[setup in-reg] rst_n -> _84414_/RESET_B : -90.651688
[setup in-reg] rst_n -> _84415_/RESET_B : -90.651688
[setup in-reg] rst_n -> _84416_/RESET_B : -90.651688
[setup in-reg] rst_n -> _84417_/RESET_B : -90.651688
[setup in-reg] rst_n -> _84418_/RESET_B : -90.651688
[setup in-reg] rst_n -> _84419_/RESET_B : -90.651688
[setup in-reg] rst_n -> _84420_/RESET_B : -90.651688
[setup in-reg] rst_n -> _84421_/RESET_B : -90.651688
[setup in-reg] rst_n -> _84422_/RESET_B : -90.651688
[setup in-reg] rst_n -> _84423_/RESET_B : -90.651688
[setup in-reg] rst_n -> _84424_/RESET_B : -90.651688
[setup in-reg] rst_n -> _84425_/RESET_B : -90.651688
[setup in-reg] rst_n -> _84426_/RESET_B : -90.651688
[setup in-reg] rst_n -> _84427_/RESET_B : -90.651688
[setup in-reg] rst_n -> _84428_/RESET_B : -90.651688
[setup in-reg] rst_n -> _84429_/RESET_B : -90.651688
[setup in-reg] rst_n -> _84430_/RESET_B : -90.651688
[setup in-reg] rst_n -> _84431_/RESET_B : -90.651688
[setup in-reg] rst_n -> _84432_/RESET_B : -90.651688
[setup in-reg] rst_n -> _84433_/RESET_B : -90.651688
[setup in-reg] rst_n -> _84434_/RESET_B : -90.651688
[setup in-reg] rst_n -> _84435_/RESET_B : -90.651688
[setup in-reg] rst_n -> _84436_/RESET_B : -90.651688
[setup in-reg] rst_n -> _84437_/RESET_B : -90.651688
[setup in-reg] rst_n -> _84438_/RESET_B : -90.651688
[setup in-reg] rst_n -> _84439_/RESET_B : -90.651688
[setup in-reg] rst_n -> _84440_/RESET_B : -90.651688
[setup in-reg] rst_n -> _84441_/RESET_B : -90.651688
[setup in-reg] rst_n -> _84442_/RESET_B : -90.651688
[setup in-reg] rst_n -> _84443_/RESET_B : -90.651688
[setup in-reg] rst_n -> _84444_/RESET_B : -90.651688
[setup in-reg] rst_n -> _84445_/RESET_B : -90.651688
[setup in-reg] rst_n -> _84446_/RESET_B : -90.651688
[setup in-reg] rst_n -> _84447_/RESET_B : -90.651688
[setup in-reg] rst_n -> _84448_/RESET_B : -90.651688
[setup in-reg] rst_n -> _84449_/RESET_B : -90.651688
[setup in-reg] rst_n -> _84450_/RESET_B : -90.651688
[setup in-reg] rst_n -> _84451_/RESET_B : -90.651688
[setup in-reg] rst_n -> _84452_/RESET_B : -90.651688
[setup in-reg] rst_n -> _84453_/RESET_B : -90.651688
[setup in-reg] rst_n -> _84454_/RESET_B : -90.651688
[setup in-reg] rst_n -> _84455_/RESET_B : -90.651688
[setup in-reg] rst_n -> _84456_/RESET_B : -90.651688
[setup in-reg] rst_n -> _84457_/RESET_B : -90.651688
[setup in-reg] rst_n -> _84458_/RESET_B : -90.651688
[setup in-reg] rst_n -> _84459_/RESET_B : -90.651688
[setup in-reg] rst_n -> _84460_/RESET_B : -90.651688
[setup in-reg] rst_n -> _84461_/RESET_B : -90.651688
[setup in-reg] rst_n -> _84462_/RESET_B : -90.651688
[setup in-reg] rst_n -> _84463_/RESET_B : -90.651688
[setup in-reg] rst_n -> _84464_/RESET_B : -90.651688
[setup in-reg] rst_n -> _84465_/RESET_B : -90.651688
[setup in-reg] rst_n -> _84466_/RESET_B : -90.651688
[setup in-reg] rst_n -> _84467_/RESET_B : -90.651688
[setup in-reg] rst_n -> _84468_/RESET_B : -90.651688
[setup in-reg] rst_n -> _84469_/RESET_B : -90.651688
[setup in-reg] rst_n -> _84470_/RESET_B : -90.651688
[setup in-reg] rst_n -> _84471_/RESET_B : -90.651688
[setup in-reg] rst_n -> _84472_/RESET_B : -90.651688
[setup in-reg] rst_n -> _84473_/RESET_B : -90.651688
[setup in-reg] rst_n -> _84474_/RESET_B : -90.651688
[setup in-reg] rst_n -> _84475_/RESET_B : -90.651688
[setup in-reg] rst_n -> _84476_/RESET_B : -90.651688
[setup in-reg] rst_n -> _84477_/RESET_B : -90.651688
[setup in-reg] rst_n -> _84478_/RESET_B : -90.651688
[setup in-reg] rst_n -> _84479_/RESET_B : -90.651688
[setup in-reg] rst_n -> _84480_/RESET_B : -90.651688
[setup in-reg] rst_n -> _84481_/RESET_B : -90.651688
[setup in-reg] rst_n -> _84482_/RESET_B : -90.651688
[setup in-reg] rst_n -> _84483_/RESET_B : -90.651688
[setup in-reg] rst_n -> _84484_/RESET_B : -90.651688
[setup in-reg] rst_n -> _84485_/RESET_B : -90.651688
[setup in-reg] rst_n -> _84486_/RESET_B : -90.651688
[setup in-reg] rst_n -> _84487_/RESET_B : -90.651688
[setup in-reg] rst_n -> _84488_/RESET_B : -90.651688
[setup in-reg] rst_n -> _84489_/RESET_B : -90.651688
[setup in-reg] rst_n -> _84490_/RESET_B : -90.651688
[setup in-reg] rst_n -> _84491_/RESET_B : -90.651688
[setup in-reg] rst_n -> _84492_/RESET_B : -90.651688
[setup in-reg] rst_n -> _84493_/RESET_B : -90.651688
[setup in-reg] rst_n -> _84494_/RESET_B : -90.651688
[setup in-reg] rst_n -> _84495_/RESET_B : -90.651688
[setup in-reg] rst_n -> _84496_/RESET_B : -90.651688
[setup in-reg] rst_n -> _84497_/RESET_B : -90.651688
[setup in-reg] rst_n -> _84498_/RESET_B : -90.651688
[setup in-reg] rst_n -> _84499_/RESET_B : -90.651688
[setup in-reg] rst_n -> _84500_/RESET_B : -90.651688
[setup in-reg] rst_n -> _84501_/RESET_B : -90.651688
[setup in-reg] rst_n -> _84502_/RESET_B : -90.651688
[setup in-reg] rst_n -> _84503_/RESET_B : -90.651688
[setup in-reg] rst_n -> _84504_/RESET_B : -90.651688
[setup in-reg] rst_n -> _84505_/RESET_B : -90.651688
[setup in-reg] rst_n -> _84506_/RESET_B : -90.651688
[setup in-reg] rst_n -> _84507_/RESET_B : -90.651688
[setup in-reg] rst_n -> _84508_/RESET_B : -90.651688
[setup in-reg] rst_n -> _84509_/RESET_B : -90.651688
[setup in-reg] rst_n -> _84510_/RESET_B : -90.651688
[setup in-reg] rst_n -> _84511_/RESET_B : -90.651688
[setup in-reg] rst_n -> _84512_/RESET_B : -90.651688
[setup in-reg] rst_n -> _84513_/RESET_B : -90.651688
[setup in-reg] rst_n -> _84514_/RESET_B : -90.651688
[setup in-reg] rst_n -> _84515_/RESET_B : -90.651688
[setup in-reg] rst_n -> _84516_/RESET_B : -90.651688
[setup in-reg] rst_n -> _84517_/RESET_B : -90.651688
[setup in-reg] rst_n -> _84518_/RESET_B : -90.651688
[setup in-reg] rst_n -> _84519_/RESET_B : -90.651688
[setup in-reg] rst_n -> _84520_/RESET_B : -90.651688
[setup in-reg] rst_n -> _84521_/RESET_B : -90.651688
[setup in-reg] rst_n -> _84522_/RESET_B : -90.651688
[setup in-reg] rst_n -> _84523_/RESET_B : -90.651688
[setup in-reg] rst_n -> _84524_/RESET_B : -90.651688
[setup in-reg] rst_n -> _84525_/RESET_B : -90.651688
[setup in-reg] rst_n -> _84526_/RESET_B : -90.651688
[setup in-reg] rst_n -> _84527_/RESET_B : -90.651688
[setup in-reg] rst_n -> _84528_/RESET_B : -90.651688
[setup in-reg] rst_n -> _84529_/RESET_B : -90.651688
[setup in-reg] rst_n -> _84530_/RESET_B : -90.651688
[setup in-reg] rst_n -> _84531_/RESET_B : -90.651688
[setup in-reg] rst_n -> _84532_/RESET_B : -90.651688
[setup in-reg] rst_n -> _84533_/RESET_B : -90.651688
[setup in-reg] rst_n -> _84534_/RESET_B : -90.651688
[setup in-reg] rst_n -> _84535_/RESET_B : -90.651688
[setup in-reg] rst_n -> _84536_/RESET_B : -90.651688
[setup in-reg] rst_n -> _84537_/RESET_B : -90.651688
[setup in-reg] rst_n -> _84538_/RESET_B : -90.651688
[setup in-reg] rst_n -> _84539_/RESET_B : -90.651688
[setup in-reg] rst_n -> _84540_/RESET_B : -90.651688
[setup in-reg] rst_n -> _84541_/RESET_B : -90.651688
[setup in-reg] rst_n -> _84542_/RESET_B : -90.651688
[setup in-reg] rst_n -> _84543_/RESET_B : -90.651688
[setup in-reg] rst_n -> _84544_/RESET_B : -90.651688
[setup in-reg] rst_n -> _84545_/RESET_B : -90.651688
[setup in-reg] rst_n -> _84546_/RESET_B : -90.651688
[setup in-reg] rst_n -> _84547_/RESET_B : -90.651688
[setup in-reg] rst_n -> _84548_/RESET_B : -90.651688
[setup in-reg] rst_n -> _84549_/RESET_B : -90.651688
[setup in-reg] rst_n -> _84550_/RESET_B : -90.651688
[setup in-reg] rst_n -> _84551_/RESET_B : -90.651688
[setup in-reg] rst_n -> _84552_/RESET_B : -90.651688
[setup in-reg] rst_n -> _84553_/RESET_B : -90.651688
[setup in-reg] rst_n -> _84554_/RESET_B : -90.651688
[setup in-reg] rst_n -> _84555_/RESET_B : -90.651688
[setup in-reg] rst_n -> _84556_/RESET_B : -90.651688
[setup in-reg] rst_n -> _84557_/RESET_B : -90.651688
[setup in-reg] rst_n -> _84558_/RESET_B : -90.651688
[setup in-reg] rst_n -> _84559_/RESET_B : -90.651688
[setup in-reg] rst_n -> _84560_/RESET_B : -90.651688
[setup in-reg] rst_n -> _84561_/RESET_B : -90.651688
[setup in-reg] rst_n -> _84562_/RESET_B : -90.651688
[setup in-reg] rst_n -> _84563_/RESET_B : -90.651688
[setup in-reg] rst_n -> _84564_/RESET_B : -90.651688
[setup in-reg] rst_n -> _84565_/RESET_B : -90.651688
[setup in-reg] rst_n -> _84566_/RESET_B : -90.651688
[setup in-reg] rst_n -> _84567_/RESET_B : -90.651688
[setup in-reg] rst_n -> _84568_/RESET_B : -90.651688
[setup in-reg] rst_n -> _84569_/RESET_B : -90.651688
[setup in-reg] rst_n -> _84570_/RESET_B : -90.651688
[setup in-reg] rst_n -> _84571_/RESET_B : -90.651688
[setup in-reg] rst_n -> _84572_/RESET_B : -90.651688
[setup in-reg] rst_n -> _84573_/RESET_B : -90.651688
[setup in-reg] rst_n -> _84574_/RESET_B : -90.651688
[setup in-reg] rst_n -> _84575_/RESET_B : -90.651688
[setup in-reg] rst_n -> _84576_/RESET_B : -90.651688
[setup in-reg] rst_n -> _84577_/RESET_B : -90.651688
[setup in-reg] rst_n -> _84578_/RESET_B : -90.651688
[setup in-reg] rst_n -> _84579_/RESET_B : -90.651688
[setup in-reg] rst_n -> _84580_/RESET_B : -90.651688
[setup in-reg] rst_n -> _84581_/RESET_B : -90.651688
[setup in-reg] rst_n -> _84582_/RESET_B : -90.651688
[setup in-reg] rst_n -> _84583_/RESET_B : -90.651688
[setup in-reg] rst_n -> _84584_/RESET_B : -90.651688
[setup in-reg] rst_n -> _84585_/RESET_B : -90.651688
[setup in-reg] rst_n -> _84586_/RESET_B : -90.651688
[setup in-reg] rst_n -> _84587_/RESET_B : -90.651688
[setup in-reg] rst_n -> _84588_/RESET_B : -90.651688
[setup in-reg] rst_n -> _84589_/RESET_B : -90.651688
[setup in-reg] rst_n -> _84590_/RESET_B : -90.651688
[setup in-reg] rst_n -> _84591_/RESET_B : -90.651688
[setup in-reg] rst_n -> _84592_/RESET_B : -90.651688
[setup in-reg] rst_n -> _84593_/RESET_B : -90.651688
[setup in-reg] rst_n -> _84594_/RESET_B : -90.651688
[setup in-reg] rst_n -> _84595_/RESET_B : -90.651688
[setup in-reg] rst_n -> _84596_/RESET_B : -90.651688
[setup in-reg] rst_n -> _84597_/RESET_B : -90.651688
[setup in-reg] rst_n -> _84598_/RESET_B : -90.651688
[setup in-reg] rst_n -> _84599_/RESET_B : -90.651688
[setup in-reg] rst_n -> _84600_/RESET_B : -90.651688
[setup in-reg] rst_n -> _84601_/RESET_B : -90.651688
[setup in-reg] rst_n -> _84602_/RESET_B : -90.651688
[setup in-reg] rst_n -> _84603_/RESET_B : -90.651688
[setup in-reg] rst_n -> _84604_/RESET_B : -90.651688
[setup in-reg] rst_n -> _84605_/RESET_B : -90.651688
[setup in-reg] rst_n -> _84606_/RESET_B : -90.651688
[setup in-reg] rst_n -> _84607_/RESET_B : -90.651688
[setup in-reg] rst_n -> _84608_/RESET_B : -90.651688
[setup in-reg] rst_n -> _84609_/RESET_B : -90.651688
[setup in-reg] rst_n -> _84610_/RESET_B : -90.651688
[setup in-reg] rst_n -> _84611_/RESET_B : -90.651688
[setup in-reg] rst_n -> _84612_/RESET_B : -90.651688
[setup in-reg] rst_n -> _84613_/RESET_B : -90.651688
[setup in-reg] rst_n -> _84614_/RESET_B : -90.651688
[setup in-reg] rst_n -> _84615_/RESET_B : -90.651688
[setup in-reg] rst_n -> _84616_/RESET_B : -90.651688
[setup in-reg] rst_n -> _84617_/RESET_B : -90.651688
[setup in-reg] rst_n -> _84618_/RESET_B : -90.651688
[setup in-reg] rst_n -> _84619_/RESET_B : -90.651688
[setup in-reg] rst_n -> _84620_/RESET_B : -90.651688
[setup in-reg] rst_n -> _84621_/RESET_B : -90.651688
[setup in-reg] rst_n -> _84622_/RESET_B : -90.651688
[setup in-reg] rst_n -> _84623_/RESET_B : -90.651688
[setup in-reg] rst_n -> _84624_/RESET_B : -90.651688
[setup in-reg] rst_n -> _84625_/RESET_B : -90.651688
[setup in-reg] rst_n -> _84626_/RESET_B : -90.651688
[setup in-reg] rst_n -> _84627_/RESET_B : -90.651688
[setup in-reg] rst_n -> _84628_/RESET_B : -90.651688
[setup in-reg] rst_n -> _84629_/RESET_B : -90.651688
[setup in-reg] rst_n -> _84630_/RESET_B : -90.651688
[setup in-reg] rst_n -> _84631_/RESET_B : -90.651688
[setup in-reg] rst_n -> _84632_/RESET_B : -90.651688
[setup in-reg] rst_n -> _84633_/RESET_B : -90.651688
[setup in-reg] rst_n -> _84634_/RESET_B : -90.651688
[setup in-reg] rst_n -> _84635_/RESET_B : -90.651688
[setup in-reg] rst_n -> _84636_/RESET_B : -90.651688
[setup in-reg] rst_n -> _84637_/RESET_B : -90.651688
[setup in-reg] rst_n -> _84638_/RESET_B : -90.651688
[setup in-reg] rst_n -> _84639_/RESET_B : -90.651688
[setup in-reg] rst_n -> _84640_/RESET_B : -90.651688
[setup in-reg] rst_n -> _84641_/RESET_B : -90.651688
[setup in-reg] rst_n -> _84642_/RESET_B : -90.651688
[setup in-reg] rst_n -> _84643_/RESET_B : -90.651688
[setup in-reg] rst_n -> _84644_/RESET_B : -90.651688
[setup in-reg] rst_n -> _84645_/RESET_B : -90.651688
[setup in-reg] rst_n -> _84646_/RESET_B : -90.651688
[setup in-reg] rst_n -> _84647_/RESET_B : -90.651688
[setup in-reg] rst_n -> _84648_/RESET_B : -90.651688
[setup in-reg] rst_n -> _84649_/RESET_B : -90.651688
[setup in-reg] rst_n -> _84650_/RESET_B : -90.651688
[setup in-reg] rst_n -> _84651_/RESET_B : -90.651688
[setup in-reg] rst_n -> _84652_/RESET_B : -90.651688
[setup in-reg] rst_n -> _84653_/RESET_B : -90.651688
[setup in-reg] rst_n -> _84654_/RESET_B : -90.651688
[setup in-reg] rst_n -> _84655_/RESET_B : -90.651688
[setup in-reg] rst_n -> _84656_/RESET_B : -90.651688
[setup in-reg] rst_n -> _84657_/RESET_B : -90.651688
[setup in-reg] rst_n -> _84658_/RESET_B : -90.651688
[setup in-reg] rst_n -> _84659_/RESET_B : -90.651688
[setup in-reg] rst_n -> _84660_/RESET_B : -90.651688
[setup in-reg] rst_n -> _84661_/RESET_B : -90.651688
[setup in-reg] rst_n -> _84662_/RESET_B : -90.651688
[setup in-reg] rst_n -> _84663_/RESET_B : -90.651688
[setup in-reg] rst_n -> _84664_/RESET_B : -90.651688
[setup in-reg] rst_n -> _84665_/RESET_B : -90.651688
[setup in-reg] rst_n -> _84666_/RESET_B : -90.651688
[setup in-reg] rst_n -> _84667_/RESET_B : -90.651688
[setup in-reg] rst_n -> _84668_/RESET_B : -90.651688
[setup in-reg] rst_n -> _84669_/RESET_B : -90.651688
[setup in-reg] rst_n -> _84670_/RESET_B : -90.651688
[setup in-reg] rst_n -> _84671_/RESET_B : -90.651688
[setup in-reg] rst_n -> _84672_/RESET_B : -90.651688
[setup in-reg] rst_n -> _84673_/RESET_B : -90.651688
[setup in-reg] rst_n -> _84674_/RESET_B : -90.651688
[setup in-reg] rst_n -> _84675_/RESET_B : -90.651688
[setup in-reg] rst_n -> _84676_/RESET_B : -90.651688
[setup in-reg] rst_n -> _84677_/RESET_B : -90.651688
[setup in-reg] rst_n -> _84678_/RESET_B : -90.651688
[setup in-reg] rst_n -> _84679_/RESET_B : -90.651688
[setup in-reg] rst_n -> _84680_/RESET_B : -90.651688
[setup in-reg] rst_n -> _84681_/RESET_B : -90.651688
[setup in-reg] rst_n -> _84682_/RESET_B : -90.651688
[setup in-reg] rst_n -> _84683_/RESET_B : -90.651688
[setup in-reg] rst_n -> _84684_/RESET_B : -90.651688
[setup in-reg] rst_n -> _84685_/RESET_B : -90.651688
[setup in-reg] rst_n -> _84686_/RESET_B : -90.651688
[setup in-reg] rst_n -> _84687_/RESET_B : -90.651688
[setup in-reg] rst_n -> _84688_/RESET_B : -90.651688
[setup in-reg] rst_n -> _84689_/RESET_B : -90.651688
[setup in-reg] rst_n -> _84690_/RESET_B : -90.651688
[setup in-reg] rst_n -> _84691_/RESET_B : -90.651688
[setup in-reg] rst_n -> _84692_/RESET_B : -90.651688
[setup in-reg] rst_n -> _84693_/RESET_B : -90.651688
[setup in-reg] rst_n -> _84694_/RESET_B : -90.651688
[setup in-reg] rst_n -> _84695_/RESET_B : -90.651688
[setup in-reg] rst_n -> _84696_/RESET_B : -90.651688
[setup in-reg] rst_n -> _84697_/RESET_B : -90.651688
[setup in-reg] rst_n -> _84698_/RESET_B : -90.651688
[setup in-reg] rst_n -> _84699_/RESET_B : -90.651688
[setup in-reg] rst_n -> _84700_/RESET_B : -90.651688
[setup in-reg] rst_n -> _84701_/RESET_B : -90.651688
[setup in-reg] rst_n -> _84702_/RESET_B : -90.651688
[setup in-reg] rst_n -> _84703_/RESET_B : -90.651688
[setup in-reg] rst_n -> _84704_/RESET_B : -90.651688
[setup in-reg] rst_n -> _84705_/RESET_B : -90.651688
[setup in-reg] rst_n -> _84706_/RESET_B : -90.651688
[setup in-reg] rst_n -> _84707_/RESET_B : -90.651688
[setup in-reg] rst_n -> _84708_/RESET_B : -90.651688
[setup in-reg] rst_n -> _84709_/RESET_B : -90.651688
[setup in-reg] rst_n -> _84710_/RESET_B : -90.651688
[setup in-reg] rst_n -> _84711_/RESET_B : -90.651688
[setup in-reg] rst_n -> _84712_/RESET_B : -90.651688
[setup in-reg] rst_n -> _84713_/RESET_B : -90.651688
[setup in-reg] rst_n -> _84714_/RESET_B : -90.651688
[setup in-reg] rst_n -> _84715_/RESET_B : -90.651688
[setup in-reg] rst_n -> _84716_/RESET_B : -90.651688
[setup in-reg] rst_n -> _84717_/RESET_B : -90.651688
[setup in-reg] rst_n -> _84718_/RESET_B : -90.651688
[setup in-reg] rst_n -> _84719_/RESET_B : -90.651688
[setup in-reg] rst_n -> _84720_/RESET_B : -90.651688
[setup in-reg] rst_n -> _84721_/RESET_B : -90.651688
[setup in-reg] rst_n -> _84722_/RESET_B : -90.651688
[setup in-reg] rst_n -> _84723_/RESET_B : -90.651688
[setup in-reg] rst_n -> _84724_/RESET_B : -90.651688
[setup in-reg] rst_n -> _84725_/RESET_B : -90.651688
[setup in-reg] rst_n -> _84726_/RESET_B : -90.651688
[setup in-reg] rst_n -> _84727_/RESET_B : -90.651688
[setup in-reg] rst_n -> _84728_/RESET_B : -90.651688
[setup in-reg] rst_n -> _84729_/RESET_B : -90.651688
[setup in-reg] rst_n -> _84730_/RESET_B : -90.651688
[setup in-reg] rst_n -> _84731_/RESET_B : -90.651688
[setup in-reg] rst_n -> _84732_/RESET_B : -90.651688
[setup in-reg] rst_n -> _84733_/RESET_B : -90.651688
[setup in-reg] rst_n -> _84734_/RESET_B : -90.651688
[setup in-reg] rst_n -> _84735_/RESET_B : -90.651688
[setup in-reg] rst_n -> _84736_/RESET_B : -90.651688
[setup in-reg] rst_n -> _84737_/RESET_B : -90.651688
[setup in-reg] rst_n -> _84738_/RESET_B : -90.651688
[setup in-reg] rst_n -> _84739_/RESET_B : -90.651688
[setup in-reg] rst_n -> _84740_/RESET_B : -90.651688
[setup in-reg] rst_n -> _84741_/RESET_B : -90.651688
[setup in-reg] rst_n -> _84742_/RESET_B : -90.651688
[setup in-reg] rst_n -> _84743_/RESET_B : -90.651688
[setup in-reg] rst_n -> _84744_/RESET_B : -90.651688
[setup in-reg] rst_n -> _84745_/RESET_B : -90.651688
[setup in-reg] rst_n -> _84746_/RESET_B : -90.651688
[setup in-reg] rst_n -> _84747_/RESET_B : -90.651688
[setup in-reg] rst_n -> _84748_/RESET_B : -90.651688
[setup in-reg] rst_n -> _84749_/RESET_B : -90.651688
[setup in-reg] rst_n -> _84750_/RESET_B : -90.651688
[setup in-reg] rst_n -> _84751_/RESET_B : -90.651688
[setup in-reg] rst_n -> _84752_/RESET_B : -90.651688
[setup in-reg] rst_n -> _84753_/RESET_B : -90.651688
[setup in-reg] rst_n -> _84754_/RESET_B : -90.651688
[setup in-reg] rst_n -> _84755_/RESET_B : -90.651688
[setup in-reg] rst_n -> _84756_/RESET_B : -90.651688
[setup in-reg] rst_n -> _84757_/RESET_B : -90.651688
[setup in-reg] rst_n -> _84758_/RESET_B : -90.651688
[setup in-reg] rst_n -> _84759_/RESET_B : -90.651688
[setup in-reg] rst_n -> _84760_/RESET_B : -90.651688
[setup in-reg] rst_n -> _84761_/RESET_B : -90.651688
[setup in-reg] rst_n -> _84762_/RESET_B : -90.651688
[setup in-reg] rst_n -> _84763_/RESET_B : -90.651688
[setup in-reg] rst_n -> _84764_/RESET_B : -90.651688
[setup in-reg] rst_n -> _84765_/RESET_B : -90.651688
[setup in-reg] rst_n -> _84766_/RESET_B : -90.651688
[setup in-reg] rst_n -> _84767_/RESET_B : -90.651688
[setup in-reg] rst_n -> _84768_/RESET_B : -90.651688
[setup in-reg] rst_n -> _84769_/RESET_B : -90.651688
[setup in-reg] rst_n -> _84770_/RESET_B : -90.651688
[setup in-reg] rst_n -> _84771_/RESET_B : -90.651688
[setup in-reg] rst_n -> _84772_/RESET_B : -90.651688
[setup in-reg] rst_n -> _84773_/RESET_B : -90.651688
[setup in-reg] rst_n -> _84774_/RESET_B : -90.651688
[setup in-reg] rst_n -> _84775_/RESET_B : -90.651688
[setup in-reg] rst_n -> _84776_/RESET_B : -90.651688
[setup in-reg] rst_n -> _84777_/RESET_B : -90.651688
[setup in-reg] rst_n -> _84778_/RESET_B : -90.651688
[setup in-reg] rst_n -> _84779_/RESET_B : -90.651688
[setup in-reg] rst_n -> _84780_/RESET_B : -90.651688
[setup in-reg] rst_n -> _84781_/RESET_B : -90.651688
[setup in-reg] rst_n -> _84782_/RESET_B : -90.651688
[setup in-reg] rst_n -> _84783_/RESET_B : -90.651688
[setup in-reg] rst_n -> _84784_/RESET_B : -90.651688
[setup in-reg] rst_n -> _84785_/RESET_B : -90.651688
[setup in-reg] rst_n -> _84786_/RESET_B : -90.651688
[setup in-reg] rst_n -> _84787_/RESET_B : -90.651688
[setup in-reg] rst_n -> _84788_/RESET_B : -90.651688
[setup in-reg] rst_n -> _84789_/RESET_B : -90.651688
[setup in-reg] rst_n -> _84790_/RESET_B : -90.651688
[setup in-reg] rst_n -> _84791_/RESET_B : -90.651688
[setup in-reg] rst_n -> _84792_/RESET_B : -90.651688
[setup in-reg] rst_n -> _84793_/RESET_B : -90.651688
[setup in-reg] rst_n -> _84794_/RESET_B : -90.651688
[setup in-reg] rst_n -> _84795_/RESET_B : -90.651688
[setup in-reg] rst_n -> _84796_/RESET_B : -90.651688
[setup in-reg] rst_n -> _84797_/RESET_B : -90.651688
[setup in-reg] rst_n -> _84798_/RESET_B : -90.651688
[setup in-reg] rst_n -> _84799_/RESET_B : -90.651688
[setup in-reg] rst_n -> _84800_/RESET_B : -90.651688
[setup in-reg] rst_n -> _84801_/RESET_B : -90.651688
[setup in-reg] rst_n -> _84802_/RESET_B : -90.651688
[setup in-reg] rst_n -> _84803_/RESET_B : -90.651688
[setup in-reg] rst_n -> _84820_/RESET_B : -90.651688
[setup in-reg] rst_n -> _84821_/RESET_B : -90.651688
[setup in-reg] rst_n -> _84822_/RESET_B : -90.651688
[setup in-reg] rst_n -> _84823_/RESET_B : -90.651688
[setup in-reg] rst_n -> _84824_/RESET_B : -90.651688
[setup in-reg] rst_n -> _84825_/RESET_B : -90.651688
[setup in-reg] rst_n -> _84826_/RESET_B : -90.651688
[setup in-reg] rst_n -> _84827_/RESET_B : -90.651688
[setup in-reg] rst_n -> _84828_/RESET_B : -90.651688
[setup in-reg] rst_n -> _84829_/RESET_B : -90.651688
[setup in-reg] rst_n -> _84830_/RESET_B : -90.651688
[setup in-reg] rst_n -> _84831_/RESET_B : -90.651688
[setup in-reg] rst_n -> _84832_/RESET_B : -90.651688
[setup in-reg] rst_n -> _84833_/RESET_B : -90.651688
[setup in-reg] rst_n -> _84834_/RESET_B : -90.651688
[setup in-reg] rst_n -> _84835_/RESET_B : -90.651688
[setup in-reg] rst_n -> _84836_/RESET_B : -90.651688
[setup in-reg] rst_n -> _84837_/RESET_B : -90.651688
[setup in-reg] rst_n -> _84838_/RESET_B : -90.651688
[setup in-reg] rst_n -> _84839_/RESET_B : -90.651688
[setup in-reg] rst_n -> _84840_/RESET_B : -90.651688
[setup in-reg] rst_n -> _84841_/RESET_B : -90.651688
[setup in-reg] rst_n -> _84842_/RESET_B : -90.651688
[setup in-reg] rst_n -> _84843_/RESET_B : -90.651688
[setup in-reg] rst_n -> _84844_/RESET_B : -90.651688
[setup in-reg] rst_n -> _84845_/RESET_B : -90.651688
[setup in-reg] rst_n -> _84846_/RESET_B : -90.651688
[setup in-reg] rst_n -> _84847_/RESET_B : -90.651688
[setup in-reg] rst_n -> _84848_/RESET_B : -90.651688
[setup in-reg] rst_n -> _84849_/RESET_B : -90.651688
[setup in-reg] rst_n -> _84850_/RESET_B : -90.651688
[setup in-reg] rst_n -> _84851_/RESET_B : -90.651688
[setup in-reg] rst_n -> _84852_/RESET_B : -90.651688
[setup in-reg] rst_n -> _84853_/RESET_B : -90.651688
[setup in-reg] rst_n -> _84854_/RESET_B : -90.651688
[setup in-reg] rst_n -> _84855_/RESET_B : -90.651688
[setup in-reg] rst_n -> _84856_/RESET_B : -90.651688
[setup in-reg] rst_n -> _84857_/RESET_B : -90.651688
[setup in-reg] rst_n -> _84858_/RESET_B : -90.651688
[setup in-reg] rst_n -> _84859_/RESET_B : -90.651688
[setup in-reg] rst_n -> _84860_/RESET_B : -90.651688
[setup in-reg] rst_n -> _84861_/RESET_B : -90.651688
[setup in-reg] rst_n -> _84862_/RESET_B : -90.651688
[setup in-reg] rst_n -> _84863_/RESET_B : -90.651688
[setup in-reg] rst_n -> _84864_/RESET_B : -90.651688
[setup in-reg] rst_n -> _84865_/RESET_B : -90.651688
[setup in-reg] rst_n -> _84866_/RESET_B : -90.651688
[setup in-reg] rst_n -> _84867_/RESET_B : -90.651688
[setup in-reg] rst_n -> _84868_/RESET_B : -90.651688
[setup in-reg] rst_n -> _84869_/RESET_B : -90.651688
[setup in-reg] rst_n -> _84870_/RESET_B : -90.651688
[setup in-reg] rst_n -> _84871_/RESET_B : -90.651688
[setup in-reg] rst_n -> _84872_/RESET_B : -90.651688
[setup in-reg] rst_n -> _84873_/RESET_B : -90.651688
[setup in-reg] rst_n -> _84874_/RESET_B : -90.651688
[setup in-reg] rst_n -> _84875_/RESET_B : -90.651688
[setup in-reg] rst_n -> _84876_/RESET_B : -90.651688
[setup in-reg] rst_n -> _84877_/RESET_B : -90.651688
[setup in-reg] rst_n -> _84878_/RESET_B : -90.651688
[setup in-reg] rst_n -> _84879_/RESET_B : -90.651688
[setup in-reg] rst_n -> _84880_/RESET_B : -90.651688
[setup in-reg] rst_n -> _84881_/RESET_B : -90.651688
[setup in-reg] rst_n -> _84882_/RESET_B : -90.651688
[setup in-reg] rst_n -> _84883_/RESET_B : -90.651688
[setup in-reg] rst_n -> _84884_/RESET_B : -90.651688
[setup in-reg] rst_n -> _84885_/RESET_B : -90.651688
[setup in-reg] rst_n -> _84886_/RESET_B : -90.651688
[setup in-reg] rst_n -> _84887_/RESET_B : -90.651688
[setup in-reg] rst_n -> _84888_/RESET_B : -90.651688
[setup in-reg] rst_n -> _84889_/RESET_B : -90.651688
[setup in-reg] rst_n -> _84890_/RESET_B : -90.651688
[setup in-reg] rst_n -> _84891_/RESET_B : -90.651688
[setup in-reg] rst_n -> _84892_/RESET_B : -90.651688
[setup in-reg] rst_n -> _84893_/RESET_B : -90.651688
[setup in-reg] rst_n -> _84894_/RESET_B : -90.651688
[setup in-reg] rst_n -> _84895_/RESET_B : -90.651688
[setup in-reg] rst_n -> _84896_/RESET_B : -90.651688
[setup in-reg] rst_n -> _84897_/RESET_B : -90.651688
[setup in-reg] rst_n -> _84898_/RESET_B : -90.651688
[setup in-reg] rst_n -> _84899_/RESET_B : -90.651688
[setup in-reg] rst_n -> _84900_/RESET_B : -90.651688
[setup in-reg] rst_n -> _84901_/RESET_B : -90.651688
[setup in-reg] rst_n -> _84902_/RESET_B : -90.651688
[setup in-reg] rst_n -> _84903_/RESET_B : -90.651688
[setup in-reg] rst_n -> _84904_/RESET_B : -90.651688
[setup in-reg] rst_n -> _84905_/RESET_B : -90.651688
[setup in-reg] rst_n -> _84906_/RESET_B : -90.651688
[setup in-reg] rst_n -> _84907_/RESET_B : -90.651688
[setup in-reg] rst_n -> _84908_/RESET_B : -90.651688
[setup in-reg] rst_n -> _84909_/RESET_B : -90.651688
[setup in-reg] rst_n -> _84910_/RESET_B : -90.651688
[setup in-reg] rst_n -> _84911_/RESET_B : -90.651688
[setup in-reg] rst_n -> _84912_/RESET_B : -90.651688
[setup in-reg] rst_n -> _84913_/RESET_B : -90.651688
[setup in-reg] rst_n -> _84914_/RESET_B : -90.651688
[setup in-reg] rst_n -> _84915_/RESET_B : -90.651688
[setup in-reg] rst_n -> _84916_/RESET_B : -90.651688
[setup in-reg] rst_n -> _84917_/RESET_B : -90.651688
[setup in-reg] rst_n -> _84918_/RESET_B : -90.651688
[setup in-reg] rst_n -> _84919_/RESET_B : -90.651688
[setup in-reg] rst_n -> _84920_/RESET_B : -90.651688
[setup in-reg] rst_n -> _84921_/RESET_B : -90.651688
[setup in-reg] rst_n -> _84922_/RESET_B : -90.651688
[setup in-reg] rst_n -> _84923_/RESET_B : -90.651688
[setup in-reg] rst_n -> _84924_/RESET_B : -90.651688
[setup in-reg] rst_n -> _84925_/RESET_B : -90.651688
[setup in-reg] rst_n -> _84926_/RESET_B : -90.651688
[setup in-reg] rst_n -> _84927_/RESET_B : -90.651688
[setup in-reg] rst_n -> _84928_/RESET_B : -90.651688
[setup in-reg] rst_n -> _84929_/RESET_B : -90.651688
[setup in-reg] rst_n -> _84930_/RESET_B : -90.651688
[setup in-reg] rst_n -> _84931_/RESET_B : -90.651688
[setup in-reg] rst_n -> _84932_/RESET_B : -90.651688
[setup in-reg] rst_n -> _84933_/RESET_B : -90.651688
[setup in-reg] rst_n -> _84934_/RESET_B : -90.651688
[setup in-reg] rst_n -> _84935_/RESET_B : -90.651688
[setup in-reg] rst_n -> _84936_/RESET_B : -90.651688
[setup in-reg] rst_n -> _84937_/RESET_B : -90.651688
[setup in-reg] rst_n -> _84938_/RESET_B : -90.651688
[setup in-reg] rst_n -> _84939_/RESET_B : -90.651688
[setup in-reg] rst_n -> _84940_/RESET_B : -90.651688
[setup in-reg] rst_n -> _84941_/RESET_B : -90.651688
[setup in-reg] rst_n -> _84942_/RESET_B : -90.651688
[setup in-reg] rst_n -> _84943_/RESET_B : -90.651688
[setup in-reg] rst_n -> _84944_/RESET_B : -90.651688
[setup in-reg] rst_n -> _84945_/RESET_B : -90.651688
[setup in-reg] rst_n -> _84946_/RESET_B : -90.651688
[setup in-reg] rst_n -> _84947_/RESET_B : -90.651688
[setup in-reg] rst_n -> _84948_/RESET_B : -90.651688
[setup in-reg] rst_n -> _84949_/RESET_B : -90.651688
[setup in-reg] rst_n -> _84950_/RESET_B : -90.651688
[setup in-reg] rst_n -> _84951_/RESET_B : -90.651688
[setup in-reg] rst_n -> _84952_/RESET_B : -90.651688
[setup in-reg] rst_n -> _84953_/RESET_B : -90.651688
[setup in-reg] rst_n -> _84954_/RESET_B : -90.651688
[setup in-reg] rst_n -> _84955_/RESET_B : -90.651688
[setup in-reg] rst_n -> _84956_/RESET_B : -90.651688
[setup in-reg] rst_n -> _84957_/RESET_B : -90.651688
[setup in-reg] rst_n -> _84958_/RESET_B : -90.651688
[setup in-reg] rst_n -> _84959_/RESET_B : -90.651688
[setup in-reg] rst_n -> _84960_/RESET_B : -90.651688
[setup in-reg] rst_n -> _84961_/RESET_B : -90.651688
[setup in-reg] rst_n -> _84962_/RESET_B : -90.651688
[setup in-reg] rst_n -> _84963_/RESET_B : -90.651688
[setup in-reg] rst_n -> _84964_/RESET_B : -90.651688
[setup in-reg] rst_n -> _84965_/RESET_B : -90.651688
[setup in-reg] rst_n -> _84966_/RESET_B : -90.651688
[setup in-reg] rst_n -> _84967_/RESET_B : -90.651688
[setup in-reg] rst_n -> _84968_/RESET_B : -90.651688
[setup in-reg] rst_n -> _84969_/RESET_B : -90.651688
[setup in-reg] rst_n -> _84970_/RESET_B : -90.651688
[setup in-reg] rst_n -> _84971_/RESET_B : -90.651688
[setup in-reg] rst_n -> _84972_/RESET_B : -90.651688
[setup in-reg] rst_n -> _84973_/RESET_B : -90.651688
[setup in-reg] rst_n -> _84974_/RESET_B : -90.651688
[setup in-reg] rst_n -> _84975_/RESET_B : -90.651688
[setup in-reg] rst_n -> _84976_/RESET_B : -90.651688
[setup in-reg] rst_n -> _84977_/RESET_B : -90.651688
[setup in-reg] rst_n -> _84978_/RESET_B : -90.651688
[setup in-reg] rst_n -> _84979_/RESET_B : -90.651688
[setup in-reg] rst_n -> _84980_/RESET_B : -90.651688
[setup in-reg] rst_n -> _84981_/RESET_B : -90.651688
[setup in-reg] rst_n -> _84982_/RESET_B : -90.651688
[setup in-reg] rst_n -> _84983_/RESET_B : -90.651688
[setup in-reg] rst_n -> _84984_/RESET_B : -90.651688
[setup in-reg] rst_n -> _84985_/RESET_B : -90.651688
[setup in-reg] rst_n -> _84986_/RESET_B : -90.651688
[setup in-reg] rst_n -> _84987_/RESET_B : -90.651688
[setup in-reg] rst_n -> _84988_/RESET_B : -90.651688
[setup in-reg] rst_n -> _84989_/RESET_B : -90.651688
[setup in-reg] rst_n -> _84990_/RESET_B : -90.651688
[setup in-reg] rst_n -> _84991_/RESET_B : -90.651688
[setup in-reg] rst_n -> _84992_/RESET_B : -90.651688
[setup in-reg] rst_n -> _84993_/RESET_B : -90.651688
[setup in-reg] rst_n -> _84994_/RESET_B : -90.651688
[setup in-reg] rst_n -> _84995_/RESET_B : -90.651688
[setup in-reg] rst_n -> _84996_/RESET_B : -90.651688
[setup in-reg] rst_n -> _84997_/RESET_B : -90.651688
[setup in-reg] rst_n -> _84998_/RESET_B : -90.651688
[setup in-reg] rst_n -> _84999_/RESET_B : -90.651688
[setup in-reg] rst_n -> _85000_/RESET_B : -90.651688
[setup in-reg] rst_n -> _85001_/RESET_B : -90.651688
[setup in-reg] rst_n -> _85002_/RESET_B : -90.651688
[setup in-reg] rst_n -> _85003_/RESET_B : -90.651688
[setup in-reg] rst_n -> _85004_/RESET_B : -90.651688
[setup in-reg] rst_n -> _85005_/RESET_B : -90.651688
[setup in-reg] rst_n -> _85006_/RESET_B : -90.651688
[setup in-reg] rst_n -> _85007_/RESET_B : -90.651688
[setup in-reg] rst_n -> _85008_/RESET_B : -90.651688
[setup in-reg] rst_n -> _85009_/RESET_B : -90.651688
[setup in-reg] rst_n -> _85010_/RESET_B : -90.651688
[setup in-reg] rst_n -> _85011_/RESET_B : -90.651688
[setup in-reg] rst_n -> _85012_/RESET_B : -90.651688
[setup in-reg] rst_n -> _85013_/RESET_B : -90.651688
[setup in-reg] rst_n -> _85014_/RESET_B : -90.651688
[setup in-reg] rst_n -> _85015_/RESET_B : -90.651688
[setup in-reg] rst_n -> _85016_/RESET_B : -90.651688
[setup in-reg] rst_n -> _85017_/RESET_B : -90.651688
[setup in-reg] rst_n -> _85018_/RESET_B : -90.651688
[setup in-reg] rst_n -> _85019_/RESET_B : -90.651688
[setup in-reg] rst_n -> _85020_/RESET_B : -90.651688
[setup in-reg] rst_n -> _85021_/RESET_B : -90.651688
[setup in-reg] rst_n -> _85022_/RESET_B : -90.651688
[setup in-reg] rst_n -> _85023_/RESET_B : -90.651688
[setup in-reg] rst_n -> _85024_/RESET_B : -90.651688
[setup in-reg] rst_n -> _85025_/RESET_B : -90.651688
[setup in-reg] rst_n -> _85026_/RESET_B : -90.651688
[setup in-reg] rst_n -> _85027_/RESET_B : -90.651688
[setup in-reg] rst_n -> _85028_/RESET_B : -90.651688
[setup in-reg] rst_n -> _85029_/RESET_B : -90.651688
[setup in-reg] rst_n -> _85030_/RESET_B : -90.651688
[setup in-reg] rst_n -> _85031_/RESET_B : -90.651688
[setup in-reg] rst_n -> _85032_/RESET_B : -90.651688
[setup in-reg] rst_n -> _85033_/RESET_B : -90.651688
[setup in-reg] rst_n -> _85034_/RESET_B : -90.651688
[setup in-reg] rst_n -> _85035_/RESET_B : -90.651688
[setup in-reg] rst_n -> _85036_/RESET_B : -90.651688
[setup in-reg] rst_n -> _85037_/RESET_B : -90.651688
[setup in-reg] rst_n -> _85038_/RESET_B : -90.651688
[setup in-reg] rst_n -> _85039_/RESET_B : -90.651688
[setup in-reg] rst_n -> _85040_/RESET_B : -90.651688
[setup in-reg] rst_n -> _85041_/RESET_B : -90.651688
[setup in-reg] rst_n -> _85042_/RESET_B : -90.651688
[setup in-reg] rst_n -> _85043_/RESET_B : -90.651688
[setup in-reg] rst_n -> _85044_/RESET_B : -90.651688
[setup in-reg] rst_n -> _85045_/RESET_B : -90.651688
[setup in-reg] rst_n -> _85046_/RESET_B : -90.651688
[setup in-reg] rst_n -> _85047_/RESET_B : -90.651688
[setup in-reg] rst_n -> _85048_/RESET_B : -90.651688
[setup in-reg] rst_n -> _85049_/RESET_B : -90.651688
[setup in-reg] rst_n -> _85050_/RESET_B : -90.651688
[setup in-reg] rst_n -> _85051_/RESET_B : -90.651688
[setup in-reg] rst_n -> _85052_/RESET_B : -90.651688
[setup in-reg] rst_n -> _85053_/RESET_B : -90.651688
[setup in-reg] rst_n -> _85054_/RESET_B : -90.651688
[setup in-reg] rst_n -> _85055_/RESET_B : -90.651688
[setup in-reg] rst_n -> _85056_/RESET_B : -90.651688
[setup in-reg] rst_n -> _85057_/RESET_B : -90.651688
[setup in-reg] rst_n -> _85058_/RESET_B : -90.651688
[setup in-reg] rst_n -> _85059_/RESET_B : -90.651688
[setup in-reg] rst_n -> _85060_/RESET_B : -90.651688
[setup in-reg] rst_n -> _85061_/RESET_B : -90.651688
[setup in-reg] rst_n -> _85062_/RESET_B : -90.651688
[setup in-reg] rst_n -> _85063_/RESET_B : -90.651688
[setup in-reg] rst_n -> _85064_/RESET_B : -90.651688
[setup in-reg] rst_n -> _85065_/RESET_B : -90.651688
[setup in-reg] rst_n -> _85066_/RESET_B : -90.651688
[setup in-reg] rst_n -> _85067_/RESET_B : -90.651688
[setup in-reg] rst_n -> _85068_/RESET_B : -90.651688
[setup in-reg] rst_n -> _85069_/RESET_B : -90.651688
[setup in-reg] rst_n -> _85070_/RESET_B : -90.651688
[setup in-reg] rst_n -> _85071_/RESET_B : -90.651688
[setup in-reg] rst_n -> _85072_/RESET_B : -90.651688
[setup in-reg] rst_n -> _85073_/RESET_B : -90.651688
[setup in-reg] rst_n -> _85074_/RESET_B : -90.651688
[setup in-reg] rst_n -> _85075_/RESET_B : -90.651688
[setup in-reg] rst_n -> _85076_/RESET_B : -90.651688
[setup in-reg] rst_n -> _85077_/RESET_B : -90.651688
[setup in-reg] rst_n -> _85078_/RESET_B : -90.651688
[setup in-reg] rst_n -> _85079_/RESET_B : -90.651688
[setup in-reg] rst_n -> _85080_/RESET_B : -90.651688
[setup in-reg] rst_n -> _85081_/RESET_B : -90.651688
[setup in-reg] rst_n -> _85082_/RESET_B : -90.651688
[setup in-reg] rst_n -> _85083_/RESET_B : -90.651688
[setup in-reg] rst_n -> _85084_/RESET_B : -90.651688
[setup in-reg] rst_n -> _85085_/RESET_B : -90.651688
[setup in-reg] rst_n -> _85086_/RESET_B : -90.651688
[setup in-reg] rst_n -> _85087_/RESET_B : -90.651688
[setup in-reg] rst_n -> _85088_/RESET_B : -90.651688
[setup in-reg] rst_n -> _85089_/RESET_B : -90.651688
[setup in-reg] rst_n -> _85090_/RESET_B : -90.651688
[setup in-reg] rst_n -> _85091_/RESET_B : -90.651688
[setup in-reg] rst_n -> _85092_/RESET_B : -90.651688
[setup in-reg] rst_n -> _85093_/RESET_B : -90.651688
[setup in-reg] rst_n -> _85094_/RESET_B : -90.651688
[setup in-reg] rst_n -> _85095_/RESET_B : -90.651688
[setup in-reg] rst_n -> _85096_/RESET_B : -90.651688
[setup in-reg] rst_n -> _85097_/RESET_B : -90.651688
[setup in-reg] rst_n -> _85098_/RESET_B : -90.651688
[setup in-reg] rst_n -> _85099_/RESET_B : -90.651688
[setup in-reg] rst_n -> _85100_/RESET_B : -90.651688
[setup in-reg] rst_n -> _85101_/RESET_B : -90.651688
[setup in-reg] rst_n -> _85102_/RESET_B : -90.651688
[setup in-reg] rst_n -> _85103_/RESET_B : -90.651688
[setup in-reg] rst_n -> _85104_/RESET_B : -90.651688
[setup in-reg] rst_n -> _85105_/RESET_B : -90.651688
[setup in-reg] rst_n -> _85106_/RESET_B : -90.651688
[setup in-reg] rst_n -> _85107_/RESET_B : -90.651688
[setup in-reg] rst_n -> _85108_/RESET_B : -90.651688
[setup in-reg] rst_n -> _85109_/RESET_B : -90.651688
[setup in-reg] rst_n -> _85110_/RESET_B : -90.651688
[setup in-reg] rst_n -> _85111_/RESET_B : -90.651688
[setup in-reg] rst_n -> _85112_/RESET_B : -90.651688
[setup in-reg] rst_n -> _85113_/RESET_B : -90.651688
[setup in-reg] rst_n -> _85114_/RESET_B : -90.651688
[setup in-reg] rst_n -> _85115_/RESET_B : -90.651688
[setup in-reg] rst_n -> _85116_/RESET_B : -90.651688
[setup in-reg] rst_n -> _85117_/RESET_B : -90.651688
[setup in-reg] rst_n -> _85118_/RESET_B : -90.651688
[setup in-reg] rst_n -> _85119_/RESET_B : -90.651688
[setup in-reg] rst_n -> _85120_/RESET_B : -90.651688
[setup in-reg] rst_n -> _85121_/RESET_B : -90.651688
[setup in-reg] rst_n -> _85122_/RESET_B : -90.651688
[setup in-reg] rst_n -> _85123_/RESET_B : -90.651688
[setup in-reg] rst_n -> _85124_/RESET_B : -90.651688
[setup in-reg] rst_n -> _85125_/RESET_B : -90.651688
[setup in-reg] rst_n -> _85126_/RESET_B : -90.651688
[setup in-reg] rst_n -> _85127_/RESET_B : -90.651688
[setup in-reg] rst_n -> _85128_/RESET_B : -90.651688
[setup in-reg] rst_n -> _85129_/RESET_B : -90.651688
[setup in-reg] rst_n -> _85130_/RESET_B : -90.651688
[setup in-reg] rst_n -> _85131_/RESET_B : -90.651688
[setup in-reg] rst_n -> _85132_/RESET_B : -90.651688
[setup in-reg] rst_n -> _85133_/RESET_B : -90.651688
[setup in-reg] rst_n -> _85134_/RESET_B : -90.651688
[setup in-reg] rst_n -> _85135_/RESET_B : -90.651688
[setup in-reg] rst_n -> _85136_/RESET_B : -90.651688
[setup in-reg] rst_n -> _85137_/RESET_B : -90.651688
[setup in-reg] rst_n -> _85138_/RESET_B : -90.651688
[setup in-reg] rst_n -> _85139_/RESET_B : -90.651688
[setup in-reg] rst_n -> _85140_/RESET_B : -90.651688
[setup in-reg] rst_n -> _85141_/RESET_B : -90.651688
[setup in-reg] rst_n -> _85142_/RESET_B : -90.651688
[setup in-reg] rst_n -> _85143_/RESET_B : -90.651688
[setup in-reg] rst_n -> _85144_/RESET_B : -90.651688
[setup in-reg] rst_n -> _85145_/RESET_B : -90.651688
[setup in-reg] rst_n -> _85146_/RESET_B : -90.651688
[setup in-reg] rst_n -> _85147_/RESET_B : -90.651688
[setup in-reg] rst_n -> _85148_/RESET_B : -90.651688
[setup in-reg] rst_n -> _85149_/RESET_B : -90.651688
[setup in-reg] rst_n -> _85150_/RESET_B : -90.651688
[setup in-reg] rst_n -> _85151_/RESET_B : -90.651688
[setup in-reg] rst_n -> _85152_/RESET_B : -90.651688
[setup in-reg] rst_n -> _85153_/RESET_B : -90.651688
[setup in-reg] rst_n -> _85154_/RESET_B : -90.651688
[setup in-reg] rst_n -> _85155_/RESET_B : -90.651688
[setup in-reg] rst_n -> _85156_/RESET_B : -90.651688
[setup in-reg] rst_n -> _85157_/RESET_B : -90.651688
[setup in-reg] rst_n -> _85158_/RESET_B : -90.651688
[setup in-reg] rst_n -> _85159_/RESET_B : -90.651688
[setup in-reg] rst_n -> _85160_/RESET_B : -90.651688
[setup in-reg] rst_n -> _85161_/RESET_B : -90.651688
[setup in-reg] rst_n -> _85162_/RESET_B : -90.651688
[setup in-reg] rst_n -> _85163_/RESET_B : -90.651688
[setup in-reg] rst_n -> _85164_/RESET_B : -90.651688
[setup in-reg] rst_n -> _85165_/RESET_B : -90.651688
[setup in-reg] rst_n -> _85166_/RESET_B : -90.651688
[setup in-reg] rst_n -> _85167_/RESET_B : -90.651688
[setup in-reg] rst_n -> _85168_/RESET_B : -90.651688
[setup in-reg] rst_n -> _85169_/RESET_B : -90.651688
[setup in-reg] rst_n -> _85170_/RESET_B : -90.651688
[setup in-reg] rst_n -> _85171_/RESET_B : -90.651688
[setup in-reg] rst_n -> _85172_/RESET_B : -90.651688
[setup in-reg] rst_n -> _85173_/RESET_B : -90.651688
[setup in-reg] rst_n -> _85174_/RESET_B : -90.651688
[setup in-reg] rst_n -> _85175_/RESET_B : -90.651688
[setup in-reg] rst_n -> _85176_/RESET_B : -90.651688
[setup in-reg] rst_n -> _85177_/RESET_B : -90.651688
[setup in-reg] rst_n -> _85178_/RESET_B : -90.651688
[setup in-reg] rst_n -> _85179_/RESET_B : -90.651688
[setup in-reg] rst_n -> _85180_/RESET_B : -90.651688
[setup in-reg] rst_n -> _85181_/RESET_B : -90.651688
[setup in-reg] rst_n -> _85182_/RESET_B : -90.651688
[setup in-reg] rst_n -> _85183_/RESET_B : -90.651688
[setup in-reg] rst_n -> _85184_/RESET_B : -90.651688
[setup in-reg] rst_n -> _85185_/RESET_B : -90.651688
[setup in-reg] rst_n -> _85186_/RESET_B : -90.651688
[setup in-reg] rst_n -> _85187_/RESET_B : -90.651688
[setup in-reg] rst_n -> _85188_/RESET_B : -90.651688
[setup in-reg] rst_n -> _85189_/RESET_B : -90.651688
[setup in-reg] rst_n -> _85190_/RESET_B : -90.651688
[setup in-reg] rst_n -> _85191_/RESET_B : -90.651688
[setup in-reg] rst_n -> _85192_/RESET_B : -90.651688
[setup in-reg] rst_n -> _85193_/RESET_B : -90.651688
[setup in-reg] rst_n -> _85194_/RESET_B : -90.651688
[setup in-reg] rst_n -> _85195_/RESET_B : -90.651688
[setup in-reg] rst_n -> _85196_/RESET_B : -90.651688
[setup in-reg] rst_n -> _85197_/RESET_B : -90.651688
[setup in-reg] rst_n -> _85198_/RESET_B : -90.651688
[setup in-reg] rst_n -> _85199_/RESET_B : -90.651688
[setup in-reg] rst_n -> _85200_/RESET_B : -90.651688
[setup in-reg] rst_n -> _85201_/RESET_B : -90.651688
[setup in-reg] rst_n -> _85202_/RESET_B : -90.651688
[setup in-reg] rst_n -> _85203_/RESET_B : -90.651688
[setup in-reg] rst_n -> _85204_/RESET_B : -90.651688
[setup in-reg] rst_n -> _85205_/RESET_B : -90.651688
[setup in-reg] rst_n -> _85206_/RESET_B : -90.651688
[setup in-reg] rst_n -> _85207_/RESET_B : -90.651688
[setup in-reg] rst_n -> _85208_/RESET_B : -90.651688
[setup in-reg] rst_n -> _85209_/RESET_B : -90.651688
[setup in-reg] rst_n -> _85210_/RESET_B : -90.651688
[setup in-reg] rst_n -> _85211_/RESET_B : -90.651688
[setup in-reg] rst_n -> _85212_/RESET_B : -90.651688
[setup in-reg] rst_n -> _85213_/RESET_B : -90.651688
[setup in-reg] rst_n -> _85214_/RESET_B : -90.651688
[setup in-reg] rst_n -> _85215_/RESET_B : -90.651688
[setup in-reg] rst_n -> _85216_/RESET_B : -90.651688
[setup in-reg] rst_n -> _85217_/RESET_B : -90.651688
[setup in-reg] rst_n -> _85218_/RESET_B : -90.651688
[setup in-reg] rst_n -> _85219_/RESET_B : -90.651688
[setup in-reg] rst_n -> _85220_/RESET_B : -90.651688
[setup in-reg] rst_n -> _85221_/RESET_B : -90.651688
[setup in-reg] rst_n -> _85222_/RESET_B : -90.651688
[setup in-reg] rst_n -> _85223_/RESET_B : -90.651688
[setup in-reg] rst_n -> _85224_/RESET_B : -90.651688
[setup in-reg] rst_n -> _85225_/RESET_B : -90.651688
[setup in-reg] rst_n -> _85226_/RESET_B : -90.651688
[setup in-reg] rst_n -> _85227_/RESET_B : -90.651688
[setup in-reg] rst_n -> _85228_/RESET_B : -90.651688
[setup in-reg] rst_n -> _85229_/RESET_B : -90.651688
[setup in-reg] rst_n -> _85230_/RESET_B : -90.651688
[setup in-reg] rst_n -> _85231_/RESET_B : -90.651688
[setup in-reg] rst_n -> _85232_/RESET_B : -90.651688
[setup in-reg] rst_n -> _85233_/RESET_B : -90.651688
[setup in-reg] rst_n -> _85234_/RESET_B : -90.651688
[setup in-reg] rst_n -> _85235_/RESET_B : -90.651688
[setup in-reg] rst_n -> _85236_/RESET_B : -90.651688
[setup in-reg] rst_n -> _85237_/RESET_B : -90.651688
[setup in-reg] rst_n -> _85238_/RESET_B : -90.651688
[setup in-reg] rst_n -> _85239_/RESET_B : -90.651688
[setup in-reg] rst_n -> _85240_/RESET_B : -90.651688
[setup in-reg] rst_n -> _85241_/RESET_B : -90.651688
[setup in-reg] rst_n -> _85242_/RESET_B : -90.651688
[setup in-reg] rst_n -> _85243_/RESET_B : -90.651688
[setup in-reg] rst_n -> _85244_/RESET_B : -90.651688
[setup in-reg] rst_n -> _85245_/RESET_B : -90.651688
[setup in-reg] rst_n -> _85246_/RESET_B : -90.651688
[setup in-reg] rst_n -> _85247_/RESET_B : -90.651688
[setup in-reg] rst_n -> _85248_/RESET_B : -90.651688
[setup in-reg] rst_n -> _85249_/RESET_B : -90.651688
[setup in-reg] rst_n -> _85250_/RESET_B : -90.651688
[setup in-reg] rst_n -> _85251_/RESET_B : -90.651688
[setup in-reg] rst_n -> _85252_/RESET_B : -90.651688
[setup in-reg] rst_n -> _85253_/RESET_B : -90.651688
[setup in-reg] rst_n -> _85254_/RESET_B : -90.651688
[setup in-reg] rst_n -> _85255_/RESET_B : -90.651688
[setup in-reg] rst_n -> _85256_/RESET_B : -90.651688
[setup in-reg] rst_n -> _85257_/RESET_B : -90.651688
[setup in-reg] rst_n -> _85258_/RESET_B : -90.651688
[setup in-reg] rst_n -> _85259_/RESET_B : -90.651688
[setup in-reg] rst_n -> _85260_/RESET_B : -90.651688
[setup in-reg] rst_n -> _85261_/RESET_B : -90.651688
[setup in-reg] rst_n -> _85262_/RESET_B : -90.651688
[setup in-reg] rst_n -> _85263_/RESET_B : -90.651688
[setup in-reg] rst_n -> _85264_/RESET_B : -90.651688
[setup in-reg] rst_n -> _85265_/RESET_B : -90.651688
[setup in-reg] rst_n -> _85266_/RESET_B : -90.651688
[setup in-reg] rst_n -> _85267_/RESET_B : -90.651688
[setup in-reg] rst_n -> _85268_/RESET_B : -90.651688
[setup in-reg] rst_n -> _85269_/RESET_B : -90.651688
[setup in-reg] rst_n -> _85270_/RESET_B : -90.651688
[setup in-reg] rst_n -> _85271_/RESET_B : -90.651688
[setup in-reg] rst_n -> _85272_/RESET_B : -90.651688
[setup in-reg] rst_n -> _85273_/RESET_B : -90.651688
[setup in-reg] rst_n -> _85274_/RESET_B : -90.651688
[setup in-reg] rst_n -> _85275_/RESET_B : -90.651688
[setup in-reg] rst_n -> _85276_/RESET_B : -90.651688
[setup in-reg] rst_n -> _85277_/RESET_B : -90.651688
[setup in-reg] rst_n -> _85278_/RESET_B : -90.651688
[setup in-reg] rst_n -> _85279_/RESET_B : -90.651688
[setup in-reg] rst_n -> _85280_/RESET_B : -90.651688
[setup in-reg] rst_n -> _85281_/RESET_B : -90.651688
[setup in-reg] rst_n -> _85282_/RESET_B : -90.651688
[setup in-reg] rst_n -> _85283_/RESET_B : -90.651688
[setup in-reg] rst_n -> _85284_/RESET_B : -90.651688
[setup in-reg] rst_n -> _85285_/RESET_B : -90.651688
[setup in-reg] rst_n -> _85286_/RESET_B : -90.651688
[setup in-reg] rst_n -> _85287_/RESET_B : -90.651688
[setup in-reg] rst_n -> _85288_/RESET_B : -90.651688
[setup in-reg] rst_n -> _85289_/RESET_B : -90.651688
[setup in-reg] rst_n -> _85290_/RESET_B : -90.651688
[setup in-reg] rst_n -> _85291_/RESET_B : -90.651688
[setup in-reg] rst_n -> _85292_/RESET_B : -90.651688
[setup in-reg] rst_n -> _85293_/RESET_B : -90.651688
[setup in-reg] rst_n -> _85294_/RESET_B : -90.651688
[setup in-reg] rst_n -> _85295_/RESET_B : -90.651688
[setup in-reg] rst_n -> _85296_/RESET_B : -90.651688
[setup in-reg] rst_n -> _85297_/RESET_B : -90.651688
[setup in-reg] rst_n -> _85298_/RESET_B : -90.651688
[setup in-reg] rst_n -> _85299_/RESET_B : -90.651688
[setup in-reg] rst_n -> _85300_/RESET_B : -90.651688
[setup in-reg] rst_n -> _85301_/RESET_B : -90.651688
[setup in-reg] rst_n -> _85302_/RESET_B : -90.651688
[setup in-reg] rst_n -> _85303_/RESET_B : -90.651688
[setup in-reg] rst_n -> _85304_/RESET_B : -90.651688
[setup in-reg] rst_n -> _85305_/RESET_B : -90.651688
[setup in-reg] rst_n -> _85306_/RESET_B : -90.651688
[setup in-reg] rst_n -> _85307_/RESET_B : -90.651688
[setup in-reg] rst_n -> _85308_/RESET_B : -90.651688
[setup in-reg] rst_n -> _85309_/RESET_B : -90.651688
[setup in-reg] rst_n -> _85310_/RESET_B : -90.651688
[setup in-reg] rst_n -> _85311_/RESET_B : -90.651688
[setup in-reg] rst_n -> _85312_/RESET_B : -90.651688
[setup in-reg] rst_n -> _85313_/RESET_B : -90.651688
[setup in-reg] rst_n -> _85314_/RESET_B : -90.651688
[setup in-reg] rst_n -> _85315_/RESET_B : -90.651688
[setup in-reg] rst_n -> _85316_/RESET_B : -90.651688
[setup in-reg] rst_n -> _85317_/RESET_B : -90.651688
[setup in-reg] rst_n -> _85318_/RESET_B : -90.651688
[setup in-reg] rst_n -> _85319_/RESET_B : -90.651688
[setup in-reg] rst_n -> _85320_/RESET_B : -90.651688
[setup in-reg] rst_n -> _85321_/RESET_B : -90.651688
[setup in-reg] rst_n -> _85322_/RESET_B : -90.651688
[setup in-reg] rst_n -> _85323_/RESET_B : -90.651688
[setup in-reg] rst_n -> _85324_/RESET_B : -90.651688
[setup in-reg] rst_n -> _85325_/RESET_B : -90.651688
[setup in-reg] rst_n -> _85326_/RESET_B : -90.651688
[setup in-reg] rst_n -> _85327_/RESET_B : -90.651688
[setup in-reg] rst_n -> _85328_/RESET_B : -90.651688
[setup in-reg] rst_n -> _85329_/RESET_B : -90.651688
[setup in-reg] rst_n -> _85330_/RESET_B : -90.651688
[setup in-reg] rst_n -> _85331_/RESET_B : -90.651688
[setup in-reg] rst_n -> _85332_/RESET_B : -90.651688
[setup in-reg] rst_n -> _85333_/RESET_B : -90.651688
[setup in-reg] rst_n -> _85334_/RESET_B : -90.651688
[setup in-reg] rst_n -> _85335_/RESET_B : -90.651688
[setup in-reg] rst_n -> _85336_/RESET_B : -90.651688
[setup in-reg] rst_n -> _85337_/RESET_B : -90.651688
[setup in-reg] rst_n -> _85338_/RESET_B : -90.651688
[setup in-reg] rst_n -> _85339_/RESET_B : -90.651688
[setup in-reg] rst_n -> _85340_/RESET_B : -90.651688
[setup in-reg] rst_n -> _85341_/RESET_B : -90.651688
[setup in-reg] rst_n -> _85342_/RESET_B : -90.651688
[setup in-reg] rst_n -> _85343_/RESET_B : -90.651688
[setup in-reg] rst_n -> _85344_/RESET_B : -90.651688
[setup in-reg] rst_n -> _85345_/RESET_B : -90.651688
[setup in-reg] rst_n -> _85346_/RESET_B : -90.651688
[setup in-reg] rst_n -> _85347_/RESET_B : -90.651688
[setup in-reg] rst_n -> _85348_/RESET_B : -90.651688
[setup in-reg] rst_n -> _85349_/RESET_B : -90.651688
[setup in-reg] rst_n -> _85350_/RESET_B : -90.651688
[setup in-reg] rst_n -> _85351_/RESET_B : -90.651688
[setup in-reg] rst_n -> _85352_/RESET_B : -90.651688
[setup in-reg] rst_n -> _85353_/RESET_B : -90.651688
[setup in-reg] rst_n -> _85354_/RESET_B : -90.651688
[setup in-reg] rst_n -> _85355_/RESET_B : -90.651688
[setup in-reg] rst_n -> _85356_/RESET_B : -90.651688
[setup in-reg] rst_n -> _85357_/RESET_B : -90.651688
[setup in-reg] rst_n -> _85358_/RESET_B : -90.651688
[setup in-reg] rst_n -> _85359_/RESET_B : -90.651688
[setup in-reg] rst_n -> _85360_/RESET_B : -90.651688
[setup in-reg] rst_n -> _85361_/RESET_B : -90.651688
[setup in-reg] rst_n -> _85362_/RESET_B : -90.651688
[setup in-reg] rst_n -> _85363_/RESET_B : -90.651688
[setup in-reg] rst_n -> _85364_/RESET_B : -90.651688
[setup in-reg] rst_n -> _85365_/RESET_B : -90.651688
[setup in-reg] rst_n -> _85366_/RESET_B : -90.651688
[setup in-reg] rst_n -> _85367_/RESET_B : -90.651688
[setup in-reg] rst_n -> _85368_/RESET_B : -90.651688
[setup in-reg] rst_n -> _85369_/RESET_B : -90.651688
[setup in-reg] rst_n -> _85370_/RESET_B : -90.651688
[setup in-reg] rst_n -> _85371_/RESET_B : -90.651688
[setup in-reg] rst_n -> _85372_/RESET_B : -90.651688
[setup in-reg] rst_n -> _85373_/RESET_B : -90.651688
[setup in-reg] rst_n -> _85374_/RESET_B : -90.651688
[setup in-reg] rst_n -> _85375_/RESET_B : -90.651688
[setup in-reg] rst_n -> _85376_/RESET_B : -90.651688
[setup in-reg] rst_n -> _85377_/RESET_B : -90.651688
[setup in-reg] rst_n -> _85378_/RESET_B : -90.651688
[setup in-reg] rst_n -> _85379_/RESET_B : -90.651688
[setup in-reg] rst_n -> _85380_/RESET_B : -90.651688
[setup in-reg] rst_n -> _85381_/RESET_B : -90.651688
[setup in-reg] rst_n -> _85382_/RESET_B : -90.651688
[setup in-reg] rst_n -> _85383_/RESET_B : -90.651688
[setup in-reg] rst_n -> _85384_/RESET_B : -90.651688
[setup in-reg] rst_n -> _85385_/RESET_B : -90.651688
[setup in-reg] rst_n -> _85386_/RESET_B : -90.651688
[setup in-reg] rst_n -> _85387_/RESET_B : -90.651688
[setup in-reg] rst_n -> _85388_/RESET_B : -90.651688
[setup in-reg] rst_n -> _85389_/RESET_B : -90.651688
[setup in-reg] rst_n -> _85390_/RESET_B : -90.651688
[setup in-reg] rst_n -> _85391_/RESET_B : -90.651688
[setup in-reg] rst_n -> _85392_/RESET_B : -90.651688
[setup in-reg] rst_n -> _85393_/RESET_B : -90.651688
[setup in-reg] rst_n -> _85394_/RESET_B : -90.651688
[setup in-reg] rst_n -> _85395_/RESET_B : -90.651688
[setup in-reg] rst_n -> _85396_/RESET_B : -90.651688
[setup in-reg] rst_n -> _85397_/RESET_B : -90.651688
[setup in-reg] rst_n -> _85398_/RESET_B : -90.651688
[setup in-reg] rst_n -> _85399_/RESET_B : -90.651688
[setup in-reg] rst_n -> _85400_/RESET_B : -90.651688
[setup in-reg] rst_n -> _85401_/RESET_B : -90.651688
[setup in-reg] rst_n -> _85402_/RESET_B : -90.651688
[setup in-reg] rst_n -> _85403_/RESET_B : -90.651688
[setup in-reg] rst_n -> _85404_/RESET_B : -90.651688
[setup in-reg] rst_n -> _85405_/RESET_B : -90.651688
[setup in-reg] rst_n -> _85406_/RESET_B : -90.651688
[setup in-reg] rst_n -> _85407_/RESET_B : -90.651688
[setup in-reg] rst_n -> _85408_/RESET_B : -90.651688
[setup in-reg] rst_n -> _85409_/RESET_B : -90.651688
[setup in-reg] rst_n -> _85410_/RESET_B : -90.651688
[setup in-reg] rst_n -> _85411_/RESET_B : -90.651688
[setup in-reg] rst_n -> _85412_/RESET_B : -90.651688
[setup in-reg] rst_n -> _85413_/RESET_B : -90.651688
[setup in-reg] rst_n -> _85414_/RESET_B : -90.651688
[setup in-reg] rst_n -> _85415_/RESET_B : -90.651688
[setup in-reg] rst_n -> _85416_/RESET_B : -90.651688
[setup in-reg] rst_n -> _85417_/RESET_B : -90.651688
[setup in-reg] rst_n -> _85418_/RESET_B : -90.651688
[setup in-reg] rst_n -> _85419_/RESET_B : -90.651688
[setup in-reg] rst_n -> _85420_/RESET_B : -90.651688
[setup in-reg] rst_n -> _85421_/RESET_B : -90.651688
[setup in-reg] rst_n -> _85422_/RESET_B : -90.651688
[setup in-reg] rst_n -> _85423_/RESET_B : -90.651688
[setup in-reg] rst_n -> _85424_/RESET_B : -90.651688
[setup in-reg] rst_n -> _85425_/RESET_B : -90.651688
[setup in-reg] rst_n -> _85426_/RESET_B : -90.651688
[setup in-reg] rst_n -> _85427_/RESET_B : -90.651688
[setup in-reg] rst_n -> _85428_/RESET_B : -90.651688
[setup in-reg] rst_n -> _85429_/RESET_B : -90.651688
[setup in-reg] rst_n -> _85430_/RESET_B : -90.651688
[setup in-reg] rst_n -> _85431_/RESET_B : -90.651688
[setup in-reg] rst_n -> _85432_/RESET_B : -90.651688
[setup in-reg] rst_n -> _85433_/RESET_B : -90.651688
[setup in-reg] rst_n -> _85434_/RESET_B : -90.651688
[setup in-reg] rst_n -> _85435_/RESET_B : -90.651688
[setup in-reg] rst_n -> _85436_/RESET_B : -90.651688
[setup in-reg] rst_n -> _85437_/RESET_B : -90.651688
[setup in-reg] rst_n -> _85438_/RESET_B : -90.651688
[setup in-reg] rst_n -> _85439_/RESET_B : -90.651688
[setup in-reg] rst_n -> _85440_/RESET_B : -90.651688
[setup in-reg] rst_n -> _85441_/RESET_B : -90.651688
[setup in-reg] rst_n -> _85442_/RESET_B : -90.651688
[setup in-reg] rst_n -> _85443_/RESET_B : -90.651688
[setup in-reg] rst_n -> _85444_/RESET_B : -90.651688
[setup in-reg] rst_n -> _85445_/RESET_B : -90.651688
[setup in-reg] rst_n -> _85446_/RESET_B : -90.651688
[setup in-reg] rst_n -> _85447_/RESET_B : -90.651688
[setup in-reg] rst_n -> _85448_/RESET_B : -90.651688
[setup in-reg] rst_n -> _85449_/RESET_B : -90.651688
[setup in-reg] rst_n -> _85450_/RESET_B : -90.651688
[setup in-reg] rst_n -> _85451_/RESET_B : -90.651688
[setup in-reg] rst_n -> _85452_/RESET_B : -90.651688
[setup in-reg] rst_n -> _85453_/RESET_B : -90.651688
[setup in-reg] rst_n -> _85454_/RESET_B : -90.651688
[setup in-reg] rst_n -> _85455_/RESET_B : -90.651688
[setup in-reg] rst_n -> _85456_/RESET_B : -90.651688
[setup in-reg] rst_n -> _85457_/RESET_B : -90.651688
[setup in-reg] rst_n -> _85458_/RESET_B : -90.651688
[setup in-reg] rst_n -> _85459_/RESET_B : -90.651688
[setup in-reg] rst_n -> _85460_/RESET_B : -90.651688
[setup in-reg] rst_n -> _85461_/RESET_B : -90.651688
[setup in-reg] rst_n -> _85462_/RESET_B : -90.651688
[setup in-reg] rst_n -> _85463_/RESET_B : -90.651688
[setup in-reg] rst_n -> _85464_/RESET_B : -90.651688
[setup in-reg] rst_n -> _85465_/RESET_B : -90.651688
[setup in-reg] rst_n -> _85466_/RESET_B : -90.651688
[setup in-reg] rst_n -> _85467_/RESET_B : -90.651688
[setup in-reg] rst_n -> _85468_/RESET_B : -90.651688
[setup in-reg] rst_n -> _85469_/RESET_B : -90.651688
[setup in-reg] rst_n -> _85470_/RESET_B : -90.651688
[setup in-reg] rst_n -> _85471_/RESET_B : -90.651688
[setup in-reg] rst_n -> _85472_/RESET_B : -90.651688
[setup in-reg] rst_n -> _85473_/RESET_B : -90.651688
[setup in-reg] rst_n -> _85474_/RESET_B : -90.651688
[setup in-reg] rst_n -> _85475_/RESET_B : -90.651688
[setup in-reg] rst_n -> _85476_/RESET_B : -90.651688
[setup in-reg] rst_n -> _85477_/RESET_B : -90.651688
[setup in-reg] rst_n -> _85478_/RESET_B : -90.651688
[setup in-reg] rst_n -> _85479_/RESET_B : -90.651688
[setup in-reg] rst_n -> _85480_/RESET_B : -90.651688
[setup in-reg] rst_n -> _85481_/RESET_B : -90.651688
[setup in-reg] rst_n -> _85482_/RESET_B : -90.651688
[setup in-reg] rst_n -> _85483_/RESET_B : -90.651688
[setup in-reg] rst_n -> _85484_/RESET_B : -90.651688
[setup in-reg] rst_n -> _85485_/RESET_B : -90.651688
[setup in-reg] rst_n -> _85486_/RESET_B : -90.651688
[setup in-reg] rst_n -> _85487_/RESET_B : -90.651688
[setup in-reg] rst_n -> _85488_/RESET_B : -90.651688
[setup in-reg] rst_n -> _85489_/RESET_B : -90.651688
[setup in-reg] rst_n -> _85490_/RESET_B : -90.651688
[setup in-reg] rst_n -> _85491_/RESET_B : -90.651688
[setup in-reg] rst_n -> _85492_/RESET_B : -90.651688
[setup in-reg] rst_n -> _85493_/RESET_B : -90.651688
[setup in-reg] rst_n -> _85494_/RESET_B : -90.651688
[setup in-reg] rst_n -> _85495_/RESET_B : -90.651688
[setup in-reg] rst_n -> _85496_/RESET_B : -90.651688
[setup in-reg] rst_n -> _85497_/RESET_B : -90.651688
[setup in-reg] rst_n -> _85498_/RESET_B : -90.651688
[setup in-reg] rst_n -> _85499_/RESET_B : -90.651688
[setup in-reg] rst_n -> _85500_/RESET_B : -90.651688
[setup in-reg] rst_n -> _85501_/RESET_B : -90.651688
[setup in-reg] rst_n -> _85502_/RESET_B : -90.651688
[setup in-reg] rst_n -> _85503_/RESET_B : -90.651688
[setup in-reg] rst_n -> _85504_/RESET_B : -90.651688
[setup in-reg] rst_n -> _85505_/RESET_B : -90.651688
[setup in-reg] rst_n -> _85506_/RESET_B : -90.651688
[setup in-reg] rst_n -> _85507_/RESET_B : -90.651688
[setup in-reg] rst_n -> _85508_/RESET_B : -90.651688
[setup in-reg] rst_n -> _85509_/RESET_B : -90.651688
[setup in-reg] rst_n -> _85510_/RESET_B : -90.651688
[setup in-reg] rst_n -> _85511_/RESET_B : -90.651688
[setup in-reg] rst_n -> _85512_/RESET_B : -90.651688
[setup in-reg] rst_n -> _85513_/RESET_B : -90.651688
[setup in-reg] rst_n -> _85514_/RESET_B : -90.651688
[setup in-reg] rst_n -> _85515_/RESET_B : -90.651688
[setup in-reg] rst_n -> _85516_/RESET_B : -90.651688
[setup in-reg] rst_n -> _85517_/RESET_B : -90.651688
[setup in-reg] rst_n -> _85518_/RESET_B : -90.651688
[setup in-reg] rst_n -> _85519_/RESET_B : -90.651688
[setup in-reg] rst_n -> _85520_/RESET_B : -90.651688
[setup in-reg] rst_n -> _85521_/RESET_B : -90.651688
[setup in-reg] rst_n -> _85522_/RESET_B : -90.651688
[setup in-reg] rst_n -> _85523_/RESET_B : -90.651688
[setup in-reg] rst_n -> _85524_/RESET_B : -90.651688
[setup in-reg] rst_n -> _85525_/RESET_B : -90.651688
[setup in-reg] rst_n -> _85526_/RESET_B : -90.651688
[setup in-reg] rst_n -> _85527_/RESET_B : -90.651688
[setup in-reg] rst_n -> _85528_/RESET_B : -90.651688
[setup in-reg] rst_n -> _85529_/RESET_B : -90.651688
[setup in-reg] rst_n -> _85530_/RESET_B : -90.651688
[setup in-reg] rst_n -> _85531_/RESET_B : -90.651688
[setup in-reg] rst_n -> _85532_/RESET_B : -90.651688
[setup in-reg] rst_n -> _85533_/RESET_B : -90.651688
[setup in-reg] rst_n -> _85534_/RESET_B : -90.651688
[setup in-reg] rst_n -> _85535_/RESET_B : -90.651688
[setup in-reg] rst_n -> _85536_/RESET_B : -90.651688
[setup in-reg] rst_n -> _85537_/RESET_B : -90.651688
[setup in-reg] rst_n -> _85538_/RESET_B : -90.651688
[setup in-reg] rst_n -> _85539_/RESET_B : -90.651688
[setup in-reg] rst_n -> _85540_/RESET_B : -90.651688
[setup in-reg] rst_n -> _85541_/RESET_B : -90.651688
[setup in-reg] rst_n -> _85542_/RESET_B : -90.651688
[setup in-reg] rst_n -> _85543_/RESET_B : -90.651688
[setup in-reg] rst_n -> _85544_/RESET_B : -90.651688
[setup in-reg] rst_n -> _85545_/RESET_B : -90.651688
[setup in-reg] rst_n -> _85546_/RESET_B : -90.651688
[setup in-reg] rst_n -> _85547_/RESET_B : -90.651688
[setup in-reg] rst_n -> _85548_/RESET_B : -90.651688
[setup in-reg] rst_n -> _85549_/RESET_B : -90.651688
[setup in-reg] rst_n -> _85550_/RESET_B : -90.651688
[setup in-reg] rst_n -> _85551_/RESET_B : -90.651688
[setup in-reg] rst_n -> _85552_/RESET_B : -90.651688
[setup in-reg] rst_n -> _85553_/RESET_B : -90.651688
[setup in-reg] rst_n -> _85554_/RESET_B : -90.651688
[setup in-reg] rst_n -> _85555_/RESET_B : -90.651688
[setup in-reg] rst_n -> _85556_/RESET_B : -90.651688
[setup in-reg] rst_n -> _85557_/RESET_B : -90.651688
[setup in-reg] rst_n -> _85558_/RESET_B : -90.651688
[setup in-reg] rst_n -> _85559_/RESET_B : -90.651688
[setup in-reg] rst_n -> _85560_/RESET_B : -90.651688
[setup in-reg] rst_n -> _85561_/RESET_B : -90.651688
[setup in-reg] rst_n -> _85562_/RESET_B : -90.651688
[setup in-reg] rst_n -> _85563_/RESET_B : -90.651688
[setup in-reg] rst_n -> _85564_/RESET_B : -90.651688
[setup in-reg] rst_n -> _85565_/RESET_B : -90.651688
[setup in-reg] rst_n -> _85566_/RESET_B : -90.651688
[setup in-reg] rst_n -> _85567_/RESET_B : -90.651688
[setup in-reg] rst_n -> _85568_/RESET_B : -90.651688
[setup in-reg] rst_n -> _85569_/RESET_B : -90.651688
[setup in-reg] rst_n -> _85570_/RESET_B : -90.651688
[setup in-reg] rst_n -> _85571_/RESET_B : -90.651688
[setup in-reg] rst_n -> _85572_/RESET_B : -90.651688
[setup in-reg] rst_n -> _85573_/RESET_B : -90.651688
[setup in-reg] rst_n -> _85574_/RESET_B : -90.651688
[setup in-reg] rst_n -> _85575_/RESET_B : -90.651688
[setup in-reg] rst_n -> _85576_/RESET_B : -90.651688
[setup in-reg] rst_n -> _85577_/RESET_B : -90.651688
[setup in-reg] rst_n -> _85578_/RESET_B : -90.651688
[setup in-reg] rst_n -> _85579_/RESET_B : -90.651688
[setup in-reg] rst_n -> _85580_/RESET_B : -90.651688
[setup in-reg] rst_n -> _85581_/RESET_B : -90.651688
[setup in-reg] rst_n -> _85582_/RESET_B : -90.651688
[setup in-reg] rst_n -> _85583_/RESET_B : -90.651688
[setup in-reg] rst_n -> _85584_/RESET_B : -90.651688
[setup in-reg] rst_n -> _85585_/RESET_B : -90.651688
[setup in-reg] rst_n -> _85586_/RESET_B : -90.651688
[setup in-reg] rst_n -> _85587_/RESET_B : -90.651688
[setup in-reg] rst_n -> _85588_/RESET_B : -90.651688
[setup in-reg] rst_n -> _85589_/RESET_B : -90.651688
[setup in-reg] rst_n -> _85590_/RESET_B : -90.651688
[setup in-reg] rst_n -> _85591_/RESET_B : -90.651688
[setup in-reg] rst_n -> _85592_/RESET_B : -90.651688
[setup in-reg] rst_n -> _85593_/RESET_B : -90.651688
[setup in-reg] rst_n -> _85594_/RESET_B : -90.651688
[setup in-reg] rst_n -> _85595_/RESET_B : -90.651688
[setup in-reg] rst_n -> _85596_/RESET_B : -90.651688
[setup in-reg] rst_n -> _85597_/RESET_B : -90.651688
[setup in-reg] rst_n -> _85598_/RESET_B : -90.651688
[setup in-reg] rst_n -> _85599_/RESET_B : -90.651688
[setup in-reg] rst_n -> _85600_/RESET_B : -90.651688
[setup in-reg] rst_n -> _85601_/RESET_B : -90.651688
[setup in-reg] rst_n -> _85602_/RESET_B : -90.651688
[setup in-reg] rst_n -> _85603_/RESET_B : -90.651688
[setup in-reg] rst_n -> _85604_/RESET_B : -90.651688
[setup in-reg] rst_n -> _85605_/RESET_B : -90.651688
[setup in-reg] rst_n -> _85606_/RESET_B : -90.651688
[setup in-reg] rst_n -> _85607_/RESET_B : -90.651688
[setup in-reg] rst_n -> _85608_/RESET_B : -90.651688
[setup in-reg] rst_n -> _85609_/RESET_B : -90.651688
[setup in-reg] rst_n -> _85610_/RESET_B : -90.651688
[setup in-reg] rst_n -> _85611_/RESET_B : -90.651688
[setup in-reg] rst_n -> _85612_/RESET_B : -90.651688
[setup in-reg] rst_n -> _85613_/RESET_B : -90.651688
[setup in-reg] rst_n -> _85614_/RESET_B : -90.651688
[setup in-reg] rst_n -> _85615_/RESET_B : -90.651688
[setup in-reg] rst_n -> _85616_/RESET_B : -90.651688
[setup in-reg] rst_n -> _85617_/RESET_B : -90.651688
[setup in-reg] rst_n -> _85618_/RESET_B : -90.651688
[setup in-reg] rst_n -> _85619_/RESET_B : -90.651688
[setup in-reg] rst_n -> _85620_/RESET_B : -90.651688
[setup in-reg] rst_n -> _85621_/RESET_B : -90.651688
[setup in-reg] rst_n -> _85622_/RESET_B : -90.651688
[setup in-reg] rst_n -> _85623_/RESET_B : -90.651688
[setup in-reg] rst_n -> _85624_/RESET_B : -90.651688
[setup in-reg] rst_n -> _85625_/RESET_B : -90.651688
[setup in-reg] rst_n -> _85626_/RESET_B : -90.651688
[setup in-reg] rst_n -> _85627_/RESET_B : -90.651688
[setup in-reg] rst_n -> _85628_/RESET_B : -90.651688
[setup in-reg] rst_n -> _85629_/RESET_B : -90.651688
[setup in-reg] rst_n -> _85630_/RESET_B : -90.651688
[setup in-reg] rst_n -> _85631_/RESET_B : -90.651688
[setup in-reg] rst_n -> _85632_/RESET_B : -90.651688
[setup in-reg] rst_n -> _85633_/RESET_B : -90.651688
[setup in-reg] rst_n -> _85634_/RESET_B : -90.651688
[setup in-reg] rst_n -> _85635_/RESET_B : -90.651688
[setup in-reg] rst_n -> _85636_/RESET_B : -90.651688
[setup in-reg] rst_n -> _85637_/RESET_B : -90.651688
[setup in-reg] rst_n -> _85638_/RESET_B : -90.651688
[setup in-reg] rst_n -> _85639_/RESET_B : -90.651688
[setup in-reg] rst_n -> _85640_/RESET_B : -90.651688
[setup in-reg] rst_n -> _85641_/RESET_B : -90.651688
[setup in-reg] rst_n -> _85642_/RESET_B : -90.651688
[setup in-reg] rst_n -> _85643_/RESET_B : -90.651688
[setup in-reg] rst_n -> _85644_/RESET_B : -90.651688
[setup in-reg] rst_n -> _85645_/RESET_B : -90.651688
[setup in-reg] rst_n -> _85646_/RESET_B : -90.651688
[setup in-reg] rst_n -> _85647_/RESET_B : -90.651688
[setup in-reg] rst_n -> _85648_/RESET_B : -90.651688
[setup in-reg] rst_n -> _85649_/RESET_B : -90.651688
[setup in-reg] rst_n -> _85650_/RESET_B : -90.651688
[setup in-reg] rst_n -> _85651_/RESET_B : -90.651688
[setup in-reg] rst_n -> _85652_/RESET_B : -90.651688
[setup in-reg] rst_n -> _85653_/RESET_B : -90.651688
[setup in-reg] rst_n -> _85654_/RESET_B : -90.651688
[setup in-reg] rst_n -> _85655_/RESET_B : -90.651688
[setup in-reg] rst_n -> _85656_/RESET_B : -90.651688
[setup in-reg] rst_n -> _85657_/RESET_B : -90.651688
[setup in-reg] rst_n -> _85658_/RESET_B : -90.651688
[setup in-reg] rst_n -> _85659_/RESET_B : -90.651688
[setup in-reg] rst_n -> _85660_/RESET_B : -90.651688
[setup in-reg] rst_n -> _85661_/RESET_B : -90.651688
[setup in-reg] rst_n -> _85662_/RESET_B : -90.651688
[setup in-reg] rst_n -> _85663_/RESET_B : -90.651688
[setup in-reg] rst_n -> _85664_/RESET_B : -90.651688
[setup in-reg] rst_n -> _85665_/RESET_B : -90.651688
[setup in-reg] rst_n -> _85666_/RESET_B : -90.651688
[setup in-reg] rst_n -> _85667_/RESET_B : -90.651688
[setup in-reg] rst_n -> _85668_/RESET_B : -90.651688
[setup in-reg] rst_n -> _85669_/RESET_B : -90.651688
[setup in-reg] rst_n -> _85670_/RESET_B : -90.651688
[setup in-reg] rst_n -> _85671_/RESET_B : -90.651688
[setup in-reg] rst_n -> _85672_/RESET_B : -90.651688
[setup in-reg] rst_n -> _85673_/RESET_B : -90.651688
[setup in-reg] rst_n -> _85674_/RESET_B : -90.651688
[setup in-reg] rst_n -> _85675_/RESET_B : -90.651688
[setup in-reg] rst_n -> _85676_/RESET_B : -90.651688
[setup in-reg] rst_n -> _85677_/RESET_B : -90.651688
[setup in-reg] rst_n -> _85678_/RESET_B : -90.651688
[setup in-reg] rst_n -> _85679_/RESET_B : -90.651688
[setup in-reg] rst_n -> _85680_/RESET_B : -90.651688
[setup in-reg] rst_n -> _85681_/RESET_B : -90.651688
[setup in-reg] rst_n -> _85682_/RESET_B : -90.651688
[setup in-reg] rst_n -> _85683_/RESET_B : -90.651688
[setup in-reg] rst_n -> _85684_/RESET_B : -90.651688
[setup in-reg] rst_n -> _85685_/RESET_B : -90.651688
[setup in-reg] rst_n -> _85686_/RESET_B : -90.651688
[setup in-reg] rst_n -> _85687_/RESET_B : -90.651688
[setup in-reg] rst_n -> _85688_/RESET_B : -90.651688
[setup in-reg] rst_n -> _85689_/RESET_B : -90.651688
[setup in-reg] rst_n -> _85690_/RESET_B : -90.651688
[setup in-reg] rst_n -> _85691_/RESET_B : -90.651688
[setup in-reg] rst_n -> _85692_/RESET_B : -90.651688
[setup in-reg] rst_n -> _85693_/RESET_B : -90.651688
[setup in-reg] rst_n -> _85694_/RESET_B : -90.651688
[setup in-reg] rst_n -> _85695_/RESET_B : -90.651688
[setup in-reg] rst_n -> _85696_/RESET_B : -90.651688
[setup in-reg] rst_n -> _85697_/RESET_B : -90.651688
[setup in-reg] rst_n -> _85698_/RESET_B : -90.651688
[setup in-reg] rst_n -> _85699_/RESET_B : -90.651688
[setup in-reg] rst_n -> _85700_/RESET_B : -90.651688
[setup in-reg] rst_n -> _85701_/RESET_B : -90.651688
[setup in-reg] rst_n -> _85702_/RESET_B : -90.651688
[setup in-reg] rst_n -> _85703_/RESET_B : -90.651688
[setup in-reg] rst_n -> _85704_/RESET_B : -90.651688
[setup in-reg] rst_n -> _85705_/RESET_B : -90.651688
[setup in-reg] rst_n -> _85706_/RESET_B : -90.651688
[setup in-reg] rst_n -> _85707_/RESET_B : -90.651688
[setup in-reg] rst_n -> _85708_/RESET_B : -90.651688
[setup in-reg] rst_n -> _85709_/RESET_B : -90.651688
[setup in-reg] rst_n -> _85710_/RESET_B : -90.651688
[setup in-reg] rst_n -> _85711_/RESET_B : -90.651688
[setup in-reg] rst_n -> _85712_/RESET_B : -90.651688
[setup in-reg] rst_n -> _85713_/RESET_B : -90.651688
[setup in-reg] rst_n -> _85714_/RESET_B : -90.651688
[setup in-reg] rst_n -> _85715_/RESET_B : -90.651688
[setup in-reg] rst_n -> _85716_/RESET_B : -90.651688
[setup in-reg] rst_n -> _85717_/RESET_B : -90.651688
[setup in-reg] rst_n -> _85718_/RESET_B : -90.651688
[setup in-reg] rst_n -> _85719_/RESET_B : -90.651688
[setup in-reg] rst_n -> _85720_/RESET_B : -90.651688
[setup in-reg] rst_n -> _85721_/RESET_B : -90.651688
[setup in-reg] rst_n -> _85722_/RESET_B : -90.651688
[setup in-reg] rst_n -> _85723_/RESET_B : -90.651688
[setup in-reg] rst_n -> _85724_/RESET_B : -90.651688
[setup in-reg] rst_n -> _85725_/RESET_B : -90.651688
[setup in-reg] rst_n -> _85726_/RESET_B : -90.651688
[setup in-reg] rst_n -> _85727_/RESET_B : -90.651688
[setup in-reg] rst_n -> _85728_/RESET_B : -90.651688
[setup in-reg] rst_n -> _85729_/RESET_B : -90.651688
[setup in-reg] rst_n -> _85730_/RESET_B : -90.651688
[setup in-reg] rst_n -> _85731_/RESET_B : -90.651688
[setup in-reg] rst_n -> _85732_/RESET_B : -90.651688
[setup in-reg] rst_n -> _85733_/RESET_B : -90.651688
[setup in-reg] rst_n -> _85734_/RESET_B : -90.651688
[setup in-reg] rst_n -> _85735_/RESET_B : -90.651688
[setup in-reg] rst_n -> _85736_/RESET_B : -90.651688
[setup in-reg] rst_n -> _85737_/RESET_B : -90.651688
[setup in-reg] rst_n -> _85738_/RESET_B : -90.651688
[setup in-reg] rst_n -> _85739_/RESET_B : -90.651688
[setup in-reg] rst_n -> _85740_/RESET_B : -90.651688
[setup in-reg] rst_n -> _85741_/RESET_B : -90.651688
[setup in-reg] rst_n -> _85742_/RESET_B : -90.651688
[setup in-reg] rst_n -> _85743_/RESET_B : -90.651688
[setup in-reg] rst_n -> _85744_/RESET_B : -90.651688
[setup in-reg] rst_n -> _85745_/RESET_B : -90.651688
[setup in-reg] rst_n -> _85746_/RESET_B : -90.651688
[setup in-reg] rst_n -> _85747_/RESET_B : -90.651688
[setup in-reg] rst_n -> _85748_/RESET_B : -90.651688
[setup in-reg] rst_n -> _85749_/RESET_B : -90.651688
[setup in-reg] rst_n -> _85750_/RESET_B : -90.651688
[setup in-reg] rst_n -> _85751_/RESET_B : -90.651688
[setup in-reg] rst_n -> _85752_/RESET_B : -90.651688
[setup in-reg] rst_n -> _85753_/RESET_B : -90.651688
[setup in-reg] rst_n -> _85754_/RESET_B : -90.651688
[setup in-reg] rst_n -> _85755_/RESET_B : -90.651688
[setup in-reg] rst_n -> _85756_/RESET_B : -90.651688
[setup in-reg] rst_n -> _85757_/RESET_B : -90.651688
[setup in-reg] rst_n -> _85758_/RESET_B : -90.651688
[setup in-reg] rst_n -> _85759_/RESET_B : -90.651688
[setup in-reg] rst_n -> _85760_/RESET_B : -90.651688
[setup in-reg] rst_n -> _85761_/RESET_B : -90.651688
[setup in-reg] rst_n -> _85762_/RESET_B : -90.651688
[setup in-reg] rst_n -> _85763_/RESET_B : -90.651688
[setup in-reg] rst_n -> _85764_/RESET_B : -90.651688
[setup in-reg] rst_n -> _85765_/RESET_B : -90.651688
[setup in-reg] rst_n -> _85766_/RESET_B : -90.651688
[setup in-reg] rst_n -> _85767_/RESET_B : -90.651688
[setup in-reg] rst_n -> _85768_/RESET_B : -90.651688
[setup in-reg] rst_n -> _85769_/RESET_B : -90.651688
[setup in-reg] rst_n -> _85770_/RESET_B : -90.651688
[setup in-reg] rst_n -> _85771_/RESET_B : -90.651688
[setup in-reg] rst_n -> _85772_/RESET_B : -90.651688
[setup in-reg] rst_n -> _85773_/RESET_B : -90.651688
[setup in-reg] rst_n -> _85774_/RESET_B : -90.651688
[setup in-reg] rst_n -> _85775_/RESET_B : -90.651688
[setup in-reg] rst_n -> _85776_/RESET_B : -90.651688
[setup in-reg] rst_n -> _85777_/RESET_B : -90.651688
[setup in-reg] rst_n -> _85778_/RESET_B : -90.651688
[setup in-reg] rst_n -> _85779_/RESET_B : -90.651688
[setup in-reg] rst_n -> _85780_/RESET_B : -90.651688
[setup in-reg] rst_n -> _85781_/RESET_B : -90.651688
[setup in-reg] rst_n -> _85782_/RESET_B : -90.651688
[setup in-reg] rst_n -> _85783_/RESET_B : -90.651688
[setup in-reg] rst_n -> _85784_/RESET_B : -90.651688
[setup in-reg] rst_n -> _85785_/RESET_B : -90.651688
[setup in-reg] rst_n -> _85786_/RESET_B : -90.651688
[setup in-reg] rst_n -> _85787_/RESET_B : -90.651688
[setup in-reg] rst_n -> _85788_/RESET_B : -90.651688
[setup in-reg] rst_n -> _85789_/RESET_B : -90.651688
[setup in-reg] rst_n -> _85790_/RESET_B : -90.651688
[setup in-reg] rst_n -> _85791_/RESET_B : -90.651688
[setup in-reg] rst_n -> _85792_/RESET_B : -90.651688
[setup in-reg] rst_n -> _85793_/RESET_B : -90.651688
[setup in-reg] rst_n -> _85794_/RESET_B : -90.651688
[setup in-reg] rst_n -> _85795_/RESET_B : -90.651688
[setup in-reg] rst_n -> _85796_/RESET_B : -90.651688
[setup in-reg] rst_n -> _85797_/RESET_B : -90.651688
[setup in-reg] rst_n -> _85798_/RESET_B : -90.651688
[setup in-reg] rst_n -> _85799_/RESET_B : -90.651688
[setup in-reg] rst_n -> _85800_/RESET_B : -90.651688
[setup in-reg] rst_n -> _85801_/RESET_B : -90.651688
[setup in-reg] rst_n -> _85802_/RESET_B : -90.651688
[setup in-reg] rst_n -> _85803_/RESET_B : -90.651688
[setup in-reg] rst_n -> _85804_/RESET_B : -90.651688
[setup in-reg] rst_n -> _85805_/RESET_B : -90.651688
[setup in-reg] rst_n -> _85806_/RESET_B : -90.651688
[setup in-reg] rst_n -> _85807_/RESET_B : -90.651688
[setup in-reg] rst_n -> _85808_/RESET_B : -90.651688
[setup in-reg] rst_n -> _85809_/RESET_B : -90.651688
[setup in-reg] rst_n -> _85810_/RESET_B : -90.651688
[setup in-reg] rst_n -> _85811_/RESET_B : -90.651688
[setup in-reg] rst_n -> _85812_/RESET_B : -90.651688
[setup in-reg] rst_n -> _85813_/RESET_B : -90.651688
[setup in-reg] rst_n -> _85814_/RESET_B : -90.651688
[setup in-reg] rst_n -> _85815_/RESET_B : -90.651688
[setup in-reg] rst_n -> _85816_/RESET_B : -90.651688
[setup in-reg] rst_n -> _85817_/RESET_B : -90.651688
[setup in-reg] rst_n -> _85818_/RESET_B : -90.651688
[setup in-reg] rst_n -> _85819_/RESET_B : -90.651688
[setup in-reg] rst_n -> _85820_/RESET_B : -90.651688
[setup in-reg] rst_n -> _85821_/RESET_B : -90.651688
[setup in-reg] rst_n -> _85822_/RESET_B : -90.651688
[setup in-reg] rst_n -> _85823_/RESET_B : -90.651688
[setup in-reg] rst_n -> _85824_/RESET_B : -90.651688
[setup in-reg] rst_n -> _85825_/RESET_B : -90.651688
[setup in-reg] rst_n -> _85826_/RESET_B : -90.651688
[setup in-reg] rst_n -> _85827_/RESET_B : -90.651688
[setup in-reg] rst_n -> _85828_/RESET_B : -90.651688
[setup in-reg] rst_n -> _85829_/RESET_B : -90.651688
[setup in-reg] rst_n -> _85830_/RESET_B : -90.651688
[setup in-reg] rst_n -> _85831_/RESET_B : -90.651688
[setup in-reg] rst_n -> _85832_/RESET_B : -90.651688
[setup in-reg] rst_n -> _85833_/RESET_B : -90.651688
[setup in-reg] rst_n -> _85834_/RESET_B : -90.651688
[setup in-reg] rst_n -> _85835_/RESET_B : -90.651688
[setup in-reg] rst_n -> _85836_/RESET_B : -90.651688
[setup in-reg] rst_n -> _85837_/RESET_B : -90.651688
[setup in-reg] rst_n -> _85838_/RESET_B : -90.651688
[setup in-reg] rst_n -> _85839_/RESET_B : -90.651688
[setup in-reg] rst_n -> _85840_/RESET_B : -90.651688
[setup in-reg] rst_n -> _85841_/RESET_B : -90.651688
[setup in-reg] rst_n -> _85842_/RESET_B : -90.651688
[setup in-reg] rst_n -> _85843_/RESET_B : -90.651688
[setup in-reg] rst_n -> _85844_/RESET_B : -90.651688
[setup in-reg] rst_n -> _85845_/RESET_B : -90.651688
[setup in-reg] rst_n -> _85846_/RESET_B : -90.651688
[setup in-reg] rst_n -> _85847_/RESET_B : -90.651688
[setup in-reg] rst_n -> _85848_/RESET_B : -90.651688
[setup in-reg] rst_n -> _85849_/RESET_B : -90.651688
[setup in-reg] rst_n -> _85850_/RESET_B : -90.651688
[setup in-reg] rst_n -> _85851_/RESET_B : -90.651688
[setup in-reg] rst_n -> _85852_/RESET_B : -90.651688
[setup in-reg] rst_n -> _85853_/RESET_B : -90.651688
[setup in-reg] rst_n -> _85854_/RESET_B : -90.651688
[setup in-reg] rst_n -> _85855_/RESET_B : -90.651688
[setup in-reg] rst_n -> _85856_/RESET_B : -90.651688
[setup in-reg] rst_n -> _85857_/RESET_B : -90.651688
[setup in-reg] rst_n -> _85858_/RESET_B : -90.651688
[setup in-reg] rst_n -> _85859_/RESET_B : -90.651688
[setup in-reg] rst_n -> _85860_/RESET_B : -90.651688
[setup in-reg] rst_n -> _85861_/RESET_B : -90.651688
[setup in-reg] rst_n -> _85862_/RESET_B : -90.651688
[setup in-reg] rst_n -> _85863_/RESET_B : -90.651688
[setup in-reg] rst_n -> _85864_/RESET_B : -90.651688
[setup in-reg] rst_n -> _85865_/RESET_B : -90.651688
[setup in-reg] rst_n -> _85866_/RESET_B : -90.651688
[setup in-reg] rst_n -> _85867_/RESET_B : -90.651688
[setup in-reg] rst_n -> _85868_/RESET_B : -90.651688
[setup in-reg] rst_n -> _85869_/RESET_B : -90.651688
[setup in-reg] rst_n -> _85870_/RESET_B : -90.651688
[setup in-reg] rst_n -> _85871_/RESET_B : -90.651688
[setup in-reg] rst_n -> _85872_/RESET_B : -90.651688
[setup in-reg] rst_n -> _85873_/RESET_B : -90.651688
[setup in-reg] rst_n -> _85874_/RESET_B : -90.651688
[setup in-reg] rst_n -> _85875_/RESET_B : -90.651688
[setup in-reg] rst_n -> _85876_/RESET_B : -90.651688
[setup in-reg] rst_n -> _85877_/RESET_B : -90.651688
[setup in-reg] rst_n -> _85878_/RESET_B : -90.651688
[setup in-reg] rst_n -> _85879_/RESET_B : -90.651688
[setup in-reg] rst_n -> _85880_/RESET_B : -90.651688
[setup in-reg] rst_n -> _85881_/RESET_B : -90.651688
[setup in-reg] rst_n -> _85882_/RESET_B : -90.651688
[setup in-reg] rst_n -> _85883_/RESET_B : -90.651688
[setup in-reg] rst_n -> _85884_/RESET_B : -90.651688
[setup in-reg] rst_n -> _85885_/RESET_B : -90.651688
[setup in-reg] rst_n -> _85886_/RESET_B : -90.651688
[setup in-reg] rst_n -> _85887_/RESET_B : -90.651688
[setup in-reg] rst_n -> _85888_/RESET_B : -90.651688
[setup in-reg] rst_n -> _85889_/RESET_B : -90.651688
[setup in-reg] rst_n -> _85890_/RESET_B : -90.651688
[setup in-reg] rst_n -> _85891_/RESET_B : -90.651688
[setup in-reg] rst_n -> _85892_/RESET_B : -90.651688
[setup in-reg] rst_n -> _85893_/RESET_B : -90.651688
[setup in-reg] rst_n -> _85894_/RESET_B : -90.651688
[setup in-reg] rst_n -> _85895_/RESET_B : -90.651688
[setup in-reg] rst_n -> _85896_/RESET_B : -90.651688
[setup in-reg] rst_n -> _85897_/RESET_B : -90.651688
[setup in-reg] rst_n -> _85898_/RESET_B : -90.651688
[setup in-reg] rst_n -> _85899_/RESET_B : -90.651688
[setup in-reg] rst_n -> _85900_/RESET_B : -90.651688
[setup in-reg] rst_n -> _85901_/RESET_B : -90.651688
[setup in-reg] rst_n -> _85902_/RESET_B : -90.651688
[setup in-reg] rst_n -> _85903_/RESET_B : -90.651688
[setup in-reg] rst_n -> _85904_/RESET_B : -90.651688
[setup in-reg] rst_n -> _85905_/RESET_B : -90.651688
[setup in-reg] rst_n -> _85906_/RESET_B : -90.651688
[setup in-reg] rst_n -> _85907_/RESET_B : -90.651688
[setup in-reg] rst_n -> _85908_/RESET_B : -90.651688
[setup in-reg] rst_n -> _85909_/RESET_B : -90.651688
[setup in-reg] rst_n -> _85910_/RESET_B : -90.651688
[setup in-reg] rst_n -> _85911_/RESET_B : -90.651688
[setup in-reg] rst_n -> _85912_/RESET_B : -90.651688
[setup in-reg] rst_n -> _85913_/RESET_B : -90.651688
[setup in-reg] rst_n -> _85914_/RESET_B : -90.651688
[setup in-reg] rst_n -> _85915_/RESET_B : -90.651688
[setup in-reg] rst_n -> _85916_/RESET_B : -90.651688
[setup in-reg] rst_n -> _85917_/RESET_B : -90.651688
[setup in-reg] rst_n -> _85918_/RESET_B : -90.651688
[setup in-reg] rst_n -> _85919_/RESET_B : -90.651688
[setup in-reg] rst_n -> _85920_/RESET_B : -90.651688
[setup in-reg] rst_n -> _85921_/RESET_B : -90.651688
[setup in-reg] rst_n -> _85922_/RESET_B : -90.651688
[setup in-reg] rst_n -> _85923_/RESET_B : -90.651688
[setup in-reg] rst_n -> _85924_/RESET_B : -90.651688
[setup in-reg] rst_n -> _85925_/RESET_B : -90.651688
[setup in-reg] rst_n -> _85926_/RESET_B : -90.651688
[setup in-reg] rst_n -> _85927_/RESET_B : -90.651688
[setup in-reg] rst_n -> _85928_/RESET_B : -90.651688
[setup in-reg] rst_n -> _85929_/RESET_B : -90.651688
[setup in-reg] rst_n -> _85930_/RESET_B : -90.651688
[setup in-reg] rst_n -> _85931_/RESET_B : -90.651688
[setup in-reg] rst_n -> _85932_/RESET_B : -90.651688
[setup in-reg] rst_n -> _85933_/RESET_B : -90.651688
[setup in-reg] rst_n -> _85934_/RESET_B : -90.651688
[setup in-reg] rst_n -> _85935_/RESET_B : -90.651688
[setup in-reg] rst_n -> _85936_/RESET_B : -90.651688
[setup in-reg] rst_n -> _85937_/RESET_B : -90.651688
[setup in-reg] rst_n -> _85938_/RESET_B : -90.651688
[setup in-reg] rst_n -> _85939_/RESET_B : -90.651688
[setup in-reg] rst_n -> _85940_/RESET_B : -90.651688
[setup in-reg] rst_n -> _85941_/RESET_B : -90.651688
[setup in-reg] rst_n -> _85942_/RESET_B : -90.651688
[setup in-reg] rst_n -> _85943_/RESET_B : -90.651688
[setup in-reg] rst_n -> _85944_/RESET_B : -90.651688
[setup in-reg] rst_n -> _85945_/RESET_B : -90.651688
[setup in-reg] rst_n -> _85946_/RESET_B : -90.651688
[setup in-reg] rst_n -> _85947_/RESET_B : -90.651688
[setup in-reg] rst_n -> _85948_/RESET_B : -90.651688
[setup in-reg] rst_n -> _85949_/RESET_B : -90.651688
[setup in-reg] rst_n -> _85950_/RESET_B : -90.651688
[setup in-reg] rst_n -> _85951_/RESET_B : -90.651688
[setup in-reg] rst_n -> _85952_/RESET_B : -90.651688
[setup in-reg] rst_n -> _85953_/RESET_B : -90.651688
[setup in-reg] rst_n -> _85954_/RESET_B : -90.651688
[setup in-reg] rst_n -> _85955_/RESET_B : -90.651688
[setup in-reg] rst_n -> _85956_/RESET_B : -90.651688
[setup in-reg] rst_n -> _85957_/RESET_B : -90.651688
[setup in-reg] rst_n -> _85958_/RESET_B : -90.651688
[setup in-reg] rst_n -> _85959_/RESET_B : -90.651688
[setup in-reg] rst_n -> _85960_/RESET_B : -90.651688
[setup in-reg] rst_n -> _85961_/RESET_B : -90.651688
[setup in-reg] rst_n -> _85962_/RESET_B : -90.651688
[setup in-reg] rst_n -> _85963_/RESET_B : -90.651688
[setup in-reg] rst_n -> _85964_/RESET_B : -90.651688
[setup in-reg] rst_n -> _85965_/RESET_B : -90.651688
[setup in-reg] rst_n -> _85966_/RESET_B : -90.651688
[setup in-reg] rst_n -> _85967_/RESET_B : -90.651688
[setup in-reg] rst_n -> _85968_/RESET_B : -90.651688
[setup in-reg] rst_n -> _85969_/RESET_B : -90.651688
[setup in-reg] rst_n -> _85970_/RESET_B : -90.651688
[setup in-reg] rst_n -> _85971_/RESET_B : -90.651688
[setup in-reg] rst_n -> _85972_/RESET_B : -90.651688
[setup in-reg] rst_n -> _85973_/RESET_B : -90.651688
[setup in-reg] rst_n -> _85974_/RESET_B : -90.651688
[setup in-reg] rst_n -> _85975_/RESET_B : -90.651688
[setup in-reg] rst_n -> _85976_/RESET_B : -90.651688
[setup in-reg] rst_n -> _85977_/RESET_B : -90.651688
[setup in-reg] rst_n -> _85978_/RESET_B : -90.651688
[setup in-reg] rst_n -> _85979_/RESET_B : -90.651688
[setup in-reg] rst_n -> _85980_/RESET_B : -90.651688
[setup in-reg] rst_n -> _85981_/RESET_B : -90.651688
[setup in-reg] rst_n -> _85982_/RESET_B : -90.651688
[setup in-reg] rst_n -> _85983_/RESET_B : -90.651688
[setup in-reg] rst_n -> _85984_/RESET_B : -90.651688
[setup in-reg] rst_n -> _85985_/RESET_B : -90.651688
[setup in-reg] rst_n -> _85986_/RESET_B : -90.651688
[setup in-reg] rst_n -> _85987_/RESET_B : -90.651688
[setup in-reg] rst_n -> _85988_/RESET_B : -90.651688
[setup in-reg] rst_n -> _85989_/RESET_B : -90.651688
[setup in-reg] rst_n -> _85990_/RESET_B : -90.651688
[setup in-reg] rst_n -> _85991_/RESET_B : -90.651688
[setup in-reg] rst_n -> _85992_/RESET_B : -90.651688
[setup in-reg] rst_n -> _85993_/RESET_B : -90.651688
[setup in-reg] rst_n -> _85994_/RESET_B : -90.651688
[setup in-reg] rst_n -> _85995_/RESET_B : -90.651688
[setup in-reg] rst_n -> _85996_/RESET_B : -90.651688
[setup in-reg] rst_n -> _85997_/RESET_B : -90.651688
[setup in-reg] rst_n -> _85998_/RESET_B : -90.651688
[setup in-reg] rst_n -> _85999_/RESET_B : -90.651688
[setup in-reg] rst_n -> _86000_/RESET_B : -90.651688
[setup in-reg] rst_n -> _86001_/RESET_B : -90.651688
[setup in-reg] rst_n -> _86002_/RESET_B : -90.651688
[setup in-reg] rst_n -> _86003_/RESET_B : -90.651688
[setup in-reg] rst_n -> _86004_/RESET_B : -90.651688
[setup in-reg] rst_n -> _86005_/RESET_B : -90.651688
[setup in-reg] rst_n -> _86006_/RESET_B : -90.651688
[setup in-reg] rst_n -> _86007_/RESET_B : -90.651688
[setup in-reg] rst_n -> _86008_/RESET_B : -90.651688
[setup in-reg] rst_n -> _86009_/RESET_B : -90.651688
[setup in-reg] rst_n -> _86010_/RESET_B : -90.651688
[setup in-reg] rst_n -> _86011_/RESET_B : -90.651688
[setup in-reg] rst_n -> _86012_/RESET_B : -90.651688
[setup in-reg] rst_n -> _86013_/RESET_B : -90.651688
[setup in-reg] rst_n -> _86014_/RESET_B : -90.651688
[setup in-reg] rst_n -> _86015_/RESET_B : -90.651688
[setup in-reg] rst_n -> _86016_/RESET_B : -90.651688
[setup in-reg] rst_n -> _86017_/RESET_B : -90.651688
[setup in-reg] rst_n -> _86018_/RESET_B : -90.651688
[setup in-reg] rst_n -> _86019_/RESET_B : -90.651688
[setup in-reg] rst_n -> _86020_/RESET_B : -90.651688
[setup in-reg] rst_n -> _86021_/RESET_B : -90.651688
[setup in-reg] rst_n -> _86022_/RESET_B : -90.651688
[setup in-reg] rst_n -> _86023_/RESET_B : -90.651688
[setup in-reg] rst_n -> _86024_/RESET_B : -90.651688
[setup in-reg] rst_n -> _86025_/RESET_B : -90.651688
[setup in-reg] rst_n -> _86026_/RESET_B : -90.651688
[setup in-reg] rst_n -> _86027_/RESET_B : -90.651688
[setup in-reg] rst_n -> _86028_/RESET_B : -90.651688
[setup in-reg] rst_n -> _86029_/RESET_B : -90.651688
[setup in-reg] rst_n -> _86030_/RESET_B : -90.651688
[setup in-reg] rst_n -> _86031_/RESET_B : -90.651688
[setup in-reg] rst_n -> _86032_/RESET_B : -90.651688
[setup in-reg] rst_n -> _86033_/RESET_B : -90.651688
[setup in-reg] rst_n -> _86034_/RESET_B : -90.651688
[setup in-reg] rst_n -> _86035_/RESET_B : -90.651688
[setup in-reg] rst_n -> _86036_/RESET_B : -90.651688
[setup in-reg] rst_n -> _86037_/RESET_B : -90.651688
[setup in-reg] rst_n -> _86038_/RESET_B : -90.651688
[setup in-reg] rst_n -> _86039_/RESET_B : -90.651688
[setup in-reg] rst_n -> _86040_/RESET_B : -90.651688
[setup in-reg] rst_n -> _86041_/RESET_B : -90.651688
[setup in-reg] rst_n -> _86042_/RESET_B : -90.651688
[setup in-reg] rst_n -> _86043_/RESET_B : -90.651688
[setup in-reg] rst_n -> _86044_/RESET_B : -90.651688
[setup in-reg] rst_n -> _86045_/RESET_B : -90.651688
[setup in-reg] rst_n -> _86046_/RESET_B : -90.651688
[setup in-reg] rst_n -> _86047_/RESET_B : -90.651688
[setup in-reg] rst_n -> _86048_/RESET_B : -90.651688
[setup in-reg] rst_n -> _86049_/RESET_B : -90.651688
[setup in-reg] rst_n -> _86050_/RESET_B : -90.651688
[setup in-reg] rst_n -> _86051_/RESET_B : -90.651688
[setup in-reg] rst_n -> _86052_/RESET_B : -90.651688
[setup in-reg] rst_n -> _86053_/RESET_B : -90.651688
[setup in-reg] rst_n -> _86054_/RESET_B : -90.651688
[setup in-reg] rst_n -> _86055_/RESET_B : -90.651688
[setup in-reg] rst_n -> _86056_/RESET_B : -90.651688
[setup in-reg] rst_n -> _86057_/RESET_B : -90.651688
[setup in-reg] rst_n -> _86058_/RESET_B : -90.651688
[setup in-reg] rst_n -> _86059_/RESET_B : -90.651688
[setup in-reg] rst_n -> _86060_/RESET_B : -90.651688
[setup in-reg] rst_n -> _86061_/RESET_B : -90.651688
[setup in-reg] rst_n -> _86062_/RESET_B : -90.651688
[setup in-reg] rst_n -> _86063_/RESET_B : -90.651688
[setup in-reg] rst_n -> _86064_/RESET_B : -90.651688
[setup in-reg] rst_n -> _86065_/RESET_B : -90.651688
[setup in-reg] rst_n -> _86066_/RESET_B : -90.651688
[setup in-reg] rst_n -> _86067_/RESET_B : -90.651688
[setup in-reg] rst_n -> _86068_/RESET_B : -90.651688
[setup in-reg] rst_n -> _86069_/RESET_B : -90.651688
[setup in-reg] rst_n -> _86070_/RESET_B : -90.651688
[setup in-reg] rst_n -> _86071_/RESET_B : -90.651688
[setup in-reg] rst_n -> _86072_/RESET_B : -90.651688
[setup in-reg] rst_n -> _86073_/RESET_B : -90.651688
[setup in-reg] rst_n -> _86074_/RESET_B : -90.651688
[setup in-reg] rst_n -> _86075_/RESET_B : -90.651688
[setup in-reg] rst_n -> _86076_/RESET_B : -90.651688
[setup in-reg] rst_n -> _86077_/RESET_B : -90.651688
[setup in-reg] rst_n -> _86078_/RESET_B : -90.651688
[setup in-reg] rst_n -> _86079_/RESET_B : -90.651688
[setup in-reg] rst_n -> _86080_/RESET_B : -90.651688
[setup in-reg] rst_n -> _86081_/RESET_B : -90.651688
[setup in-reg] rst_n -> _86082_/RESET_B : -90.651688
[setup in-reg] rst_n -> _86083_/RESET_B : -90.651688
[setup in-reg] rst_n -> _86084_/RESET_B : -90.651688
[setup in-reg] rst_n -> _86085_/RESET_B : -90.651688
[setup in-reg] rst_n -> _86086_/RESET_B : -90.651688
[setup in-reg] rst_n -> _86087_/RESET_B : -90.651688
[setup in-reg] rst_n -> _86088_/RESET_B : -90.651688
[setup in-reg] rst_n -> _86089_/RESET_B : -90.651688
[setup in-reg] rst_n -> _86090_/RESET_B : -90.651688
[setup in-reg] rst_n -> _86091_/RESET_B : -90.651688
[setup in-reg] rst_n -> _86092_/RESET_B : -90.651688
[setup in-reg] rst_n -> _86093_/RESET_B : -90.651688
[setup in-reg] rst_n -> _86094_/RESET_B : -90.651688
[setup in-reg] rst_n -> _86095_/RESET_B : -90.651688
[setup in-reg] rst_n -> _86096_/RESET_B : -90.651688
[setup in-reg] rst_n -> _86097_/RESET_B : -90.651688
[setup in-reg] rst_n -> _86098_/RESET_B : -90.651688
[setup in-reg] rst_n -> _86099_/RESET_B : -90.651688
[setup in-reg] rst_n -> _86100_/RESET_B : -90.651688
[setup in-reg] rst_n -> _86101_/RESET_B : -90.651688
[setup in-reg] rst_n -> _86102_/RESET_B : -90.651688
[setup in-reg] rst_n -> _86103_/RESET_B : -90.651688
[setup in-reg] rst_n -> _86104_/RESET_B : -90.651688
[setup in-reg] rst_n -> _86105_/RESET_B : -90.651688
[setup in-reg] rst_n -> _86106_/RESET_B : -90.651688
[setup in-reg] rst_n -> _86107_/RESET_B : -90.651688
[setup in-reg] rst_n -> _86108_/RESET_B : -90.651688
[setup in-reg] rst_n -> _86109_/RESET_B : -90.651688
[setup in-reg] rst_n -> _86110_/RESET_B : -90.651688
[setup in-reg] rst_n -> _86111_/RESET_B : -90.651688
[setup in-reg] rst_n -> _86112_/RESET_B : -90.651688
[setup in-reg] rst_n -> _86113_/RESET_B : -90.651688
[setup in-reg] rst_n -> _86114_/RESET_B : -90.651688
[setup in-reg] rst_n -> _86115_/RESET_B : -90.651688
[setup in-reg] rst_n -> _86116_/RESET_B : -90.651688
[setup in-reg] rst_n -> _86117_/RESET_B : -90.651688
[setup in-reg] rst_n -> _86118_/RESET_B : -90.651688
[setup in-reg] rst_n -> _86119_/RESET_B : -90.651688
[setup in-reg] rst_n -> _86120_/RESET_B : -90.651688
[setup in-reg] rst_n -> _86121_/RESET_B : -90.651688
[setup in-reg] rst_n -> _86122_/RESET_B : -90.651688
[setup in-reg] rst_n -> _86123_/RESET_B : -90.651688
[setup in-reg] rst_n -> _86124_/RESET_B : -90.651688
[setup in-reg] rst_n -> _86125_/RESET_B : -90.651688
[setup in-reg] rst_n -> _86126_/RESET_B : -90.651688
[setup in-reg] rst_n -> _86127_/RESET_B : -90.651688
[setup in-reg] rst_n -> _86128_/RESET_B : -90.651688
[setup in-reg] rst_n -> _86129_/RESET_B : -90.651688
[setup in-reg] rst_n -> _86130_/RESET_B : -90.651688
[setup in-reg] rst_n -> _86131_/RESET_B : -90.651688
[setup in-reg] rst_n -> _86132_/RESET_B : -90.651688
[setup in-reg] rst_n -> _86133_/RESET_B : -90.651688
[setup in-reg] rst_n -> _86134_/RESET_B : -90.651688
[setup in-reg] rst_n -> _86135_/RESET_B : -90.651688
[setup in-reg] rst_n -> _86136_/RESET_B : -90.651688
[setup in-reg] rst_n -> _86137_/RESET_B : -90.651688
[setup in-reg] rst_n -> _86138_/RESET_B : -90.651688
[setup in-reg] rst_n -> _86139_/RESET_B : -90.651688
[setup in-reg] rst_n -> _86140_/RESET_B : -90.651688
[setup in-reg] rst_n -> _86141_/RESET_B : -90.651688
[setup in-reg] rst_n -> _86142_/RESET_B : -90.651688
[setup in-reg] rst_n -> _86143_/RESET_B : -90.651688
[setup in-reg] rst_n -> _86144_/RESET_B : -90.651688
[setup in-reg] rst_n -> _86145_/RESET_B : -90.651688
[setup in-reg] rst_n -> _86146_/RESET_B : -90.651688
[setup in-reg] rst_n -> _86147_/RESET_B : -90.651688
[setup in-reg] rst_n -> _86148_/RESET_B : -90.651688
[setup in-reg] rst_n -> _86149_/RESET_B : -90.651688
[setup in-reg] rst_n -> _86150_/RESET_B : -90.651688
[setup in-reg] rst_n -> _86151_/RESET_B : -90.651688
[setup in-reg] rst_n -> _86152_/RESET_B : -90.651688
[setup in-reg] rst_n -> _86153_/RESET_B : -90.651688
[setup in-reg] rst_n -> _86154_/RESET_B : -90.651688
[setup in-reg] rst_n -> _86155_/RESET_B : -90.651688
[setup in-reg] rst_n -> _86156_/RESET_B : -90.651688
[setup in-reg] rst_n -> _86157_/RESET_B : -90.651688
[setup in-reg] rst_n -> _86158_/RESET_B : -90.651688
[setup in-reg] rst_n -> _86159_/RESET_B : -90.651688
[setup in-reg] rst_n -> _86160_/RESET_B : -90.651688
[setup in-reg] rst_n -> _86161_/RESET_B : -90.651688
[setup in-reg] rst_n -> _86162_/RESET_B : -90.651688
[setup in-reg] rst_n -> _86163_/RESET_B : -90.651688
[setup in-reg] rst_n -> _86164_/RESET_B : -90.651688
[setup in-reg] rst_n -> _86165_/RESET_B : -90.651688
[setup in-reg] rst_n -> _86166_/RESET_B : -90.651688
[setup in-reg] rst_n -> _86167_/RESET_B : -90.651688
[setup in-reg] rst_n -> _86168_/RESET_B : -90.651688
[setup in-reg] rst_n -> _86169_/RESET_B : -90.651688
[setup in-reg] rst_n -> _86170_/RESET_B : -90.651688
[setup in-reg] rst_n -> _86171_/RESET_B : -90.651688
[setup in-reg] rst_n -> _86172_/RESET_B : -90.651688
[setup in-reg] rst_n -> _86173_/RESET_B : -90.651688
[setup in-reg] rst_n -> _86174_/RESET_B : -90.651688
[setup in-reg] rst_n -> _86175_/RESET_B : -90.651688
[setup in-reg] rst_n -> _86176_/RESET_B : -90.651688
[setup in-reg] rst_n -> _86177_/RESET_B : -90.651688
[setup in-reg] rst_n -> _86178_/RESET_B : -90.651688
[setup in-reg] rst_n -> _86179_/RESET_B : -90.651688
[setup in-reg] rst_n -> _86180_/RESET_B : -90.651688
[setup in-reg] rst_n -> _86181_/RESET_B : -90.651688
[setup in-reg] rst_n -> _86182_/RESET_B : -90.651688
[setup in-reg] rst_n -> _86183_/RESET_B : -90.651688
[setup in-reg] rst_n -> _86184_/RESET_B : -90.651688
[setup in-reg] rst_n -> _86185_/RESET_B : -90.651688
[setup in-reg] rst_n -> _86186_/RESET_B : -90.651688
[setup in-reg] rst_n -> _86187_/RESET_B : -90.651688
[setup in-reg] rst_n -> _86188_/RESET_B : -90.651688
[setup in-reg] rst_n -> _86189_/RESET_B : -90.651688
[setup in-reg] rst_n -> _86190_/RESET_B : -90.651688
[setup in-reg] rst_n -> _86191_/RESET_B : -90.651688
[setup in-reg] rst_n -> _86192_/RESET_B : -90.651688
[setup in-reg] rst_n -> _86193_/RESET_B : -90.651688
[setup in-reg] rst_n -> _86194_/RESET_B : -90.651688
[setup in-reg] rst_n -> _86195_/RESET_B : -90.651688
[setup in-reg] rst_n -> _86196_/RESET_B : -90.651688
[setup in-reg] rst_n -> _86197_/RESET_B : -90.651688
[setup in-reg] rst_n -> _86198_/RESET_B : -90.651688
[setup in-reg] rst_n -> _86199_/RESET_B : -90.651688
[setup in-reg] rst_n -> _86200_/RESET_B : -90.651688
[setup in-reg] rst_n -> _86201_/RESET_B : -90.651688
[setup in-reg] rst_n -> _86202_/RESET_B : -90.651688
[setup in-reg] rst_n -> _86203_/RESET_B : -90.651688
[setup in-reg] rst_n -> _86204_/RESET_B : -90.651688
[setup in-reg] rst_n -> _86205_/RESET_B : -90.651688
[setup in-reg] rst_n -> _86206_/RESET_B : -90.651688
[setup in-reg] rst_n -> _86207_/RESET_B : -90.651688
[setup in-reg] rst_n -> _86208_/RESET_B : -90.651688
[setup in-reg] rst_n -> _86209_/RESET_B : -90.651688
[setup in-reg] rst_n -> _86210_/RESET_B : -90.651688
[setup in-reg] rst_n -> _86211_/RESET_B : -90.651688
[setup in-reg] rst_n -> _86212_/RESET_B : -90.651688
[setup in-reg] rst_n -> _86213_/RESET_B : -90.651688
[setup in-reg] rst_n -> _86214_/RESET_B : -90.651688
[setup in-reg] rst_n -> _86215_/RESET_B : -90.651688
[setup in-reg] rst_n -> _86216_/RESET_B : -90.651688
[setup in-reg] rst_n -> _86217_/RESET_B : -90.651688
[setup in-reg] rst_n -> _86218_/RESET_B : -90.651688
[setup in-reg] rst_n -> _86219_/RESET_B : -90.651688
[setup in-reg] rst_n -> _86220_/RESET_B : -90.651688
[setup in-reg] rst_n -> _86221_/RESET_B : -90.651688
[setup in-reg] rst_n -> _86222_/RESET_B : -90.651688
[setup in-reg] rst_n -> _86223_/RESET_B : -90.651688
[setup in-reg] rst_n -> _86224_/RESET_B : -90.651688
[setup in-reg] rst_n -> _86225_/RESET_B : -90.651688
[setup in-reg] rst_n -> _86226_/RESET_B : -90.651688
[setup in-reg] rst_n -> _86227_/RESET_B : -90.651688
[setup in-reg] rst_n -> _86228_/RESET_B : -90.651688
[setup in-reg] rst_n -> _86229_/RESET_B : -90.651688
[setup in-reg] rst_n -> _86230_/RESET_B : -90.651688
[setup in-reg] rst_n -> _86231_/RESET_B : -90.651688
[setup in-reg] rst_n -> _86232_/RESET_B : -90.651688
[setup in-reg] rst_n -> _86233_/RESET_B : -90.651688
[setup in-reg] rst_n -> _86234_/RESET_B : -90.651688
[setup in-reg] rst_n -> _86235_/RESET_B : -90.651688
[setup in-reg] rst_n -> _86236_/RESET_B : -90.651688
[setup in-reg] rst_n -> _86237_/RESET_B : -90.651688
[setup in-reg] rst_n -> _86238_/RESET_B : -90.651688
[setup in-reg] rst_n -> _86239_/RESET_B : -90.651688
[setup in-reg] rst_n -> _86240_/RESET_B : -90.651688
[setup in-reg] rst_n -> _86241_/RESET_B : -90.651688
[setup in-reg] rst_n -> _86242_/RESET_B : -90.651688
[setup in-reg] rst_n -> _86243_/RESET_B : -90.651688
[setup in-reg] rst_n -> _86244_/RESET_B : -90.651688
[setup in-reg] rst_n -> _86245_/RESET_B : -90.651688
[setup in-reg] rst_n -> _86246_/RESET_B : -90.651688
[setup in-reg] rst_n -> _86247_/RESET_B : -90.651688
[setup in-reg] rst_n -> _86248_/RESET_B : -90.651688
[setup in-reg] rst_n -> _86249_/RESET_B : -90.651688
[setup in-reg] rst_n -> _86250_/RESET_B : -90.651688
[setup in-reg] rst_n -> _86251_/RESET_B : -90.651688
[setup in-reg] rst_n -> _86252_/RESET_B : -90.651688
[setup in-reg] rst_n -> _86253_/RESET_B : -90.651688
[setup in-reg] rst_n -> _86254_/RESET_B : -90.651688
[setup in-reg] rst_n -> _86255_/RESET_B : -90.651688
[setup in-reg] rst_n -> _86256_/RESET_B : -90.651688
[setup in-reg] rst_n -> _86257_/RESET_B : -90.651688
[setup in-reg] rst_n -> _86258_/RESET_B : -90.651688
[setup in-reg] rst_n -> _86259_/RESET_B : -90.651688
[setup in-reg] rst_n -> _86260_/RESET_B : -90.651688
[setup in-reg] rst_n -> _86261_/RESET_B : -90.651688
[setup in-reg] rst_n -> _86262_/RESET_B : -90.651688
[setup in-reg] rst_n -> _86263_/RESET_B : -90.651688
[setup in-reg] rst_n -> _86264_/RESET_B : -90.651688
[setup in-reg] rst_n -> _86265_/RESET_B : -90.651688
[setup in-reg] rst_n -> _86266_/RESET_B : -90.651688
[setup in-reg] rst_n -> _86267_/RESET_B : -90.651688
[setup in-reg] rst_n -> _86268_/RESET_B : -90.651688
[setup in-reg] rst_n -> _86269_/RESET_B : -90.651688
[setup in-reg] rst_n -> _86270_/RESET_B : -90.651688
[setup in-reg] rst_n -> _86271_/RESET_B : -90.651688
[setup in-reg] rst_n -> _86272_/RESET_B : -90.651688
[setup in-reg] rst_n -> _86273_/RESET_B : -90.651688
[setup in-reg] rst_n -> _86274_/RESET_B : -90.651688
[setup in-reg] rst_n -> _86275_/RESET_B : -90.651688
[setup in-reg] rst_n -> _86276_/RESET_B : -90.651688
[setup in-reg] rst_n -> _86277_/RESET_B : -90.651688
[setup in-reg] rst_n -> _86278_/RESET_B : -90.651688
[setup in-reg] rst_n -> _86279_/RESET_B : -90.651688
[setup in-reg] rst_n -> _86280_/RESET_B : -90.651688
[setup in-reg] rst_n -> _86281_/RESET_B : -90.651688
[setup in-reg] rst_n -> _86282_/RESET_B : -90.651688
[setup in-reg] rst_n -> _86283_/RESET_B : -90.651688
[setup in-reg] rst_n -> _86284_/RESET_B : -90.651688
[setup in-reg] rst_n -> _86285_/RESET_B : -90.651688
[setup in-reg] rst_n -> _86286_/RESET_B : -90.651688
[setup in-reg] rst_n -> _86287_/RESET_B : -90.651688
[setup in-reg] rst_n -> _86288_/RESET_B : -90.651688
[setup in-reg] rst_n -> _86289_/RESET_B : -90.651688
[setup in-reg] rst_n -> _86290_/RESET_B : -90.651688
[setup in-reg] rst_n -> _86291_/RESET_B : -90.651688
[setup in-reg] rst_n -> _86292_/RESET_B : -90.651688
[setup in-reg] rst_n -> _86293_/RESET_B : -90.651688
[setup in-reg] rst_n -> _86294_/RESET_B : -90.651688
[setup in-reg] rst_n -> _86295_/RESET_B : -90.651688
[setup in-reg] rst_n -> _86296_/RESET_B : -90.651688
[setup in-reg] rst_n -> _86297_/RESET_B : -90.651688
[setup in-reg] rst_n -> _86298_/RESET_B : -90.651688
[setup in-reg] rst_n -> _86299_/RESET_B : -90.651688
[setup in-reg] rst_n -> _86300_/RESET_B : -90.651688
[setup in-reg] rst_n -> _86301_/RESET_B : -90.651688
[setup in-reg] rst_n -> _86302_/RESET_B : -90.651688
[setup in-reg] rst_n -> _86303_/RESET_B : -90.651688
[setup in-reg] rst_n -> _86304_/RESET_B : -90.651688
[setup in-reg] rst_n -> _86305_/RESET_B : -90.651688
[setup in-reg] rst_n -> _86306_/RESET_B : -90.651688
[setup in-reg] rst_n -> _86307_/RESET_B : -90.651688
[setup in-reg] rst_n -> _86308_/RESET_B : -90.651688
[setup in-reg] rst_n -> _86309_/RESET_B : -90.651688
[setup in-reg] rst_n -> _86310_/RESET_B : -90.651688
[setup in-reg] rst_n -> _86311_/RESET_B : -90.651688
[setup in-reg] rst_n -> _86312_/RESET_B : -90.651688
[setup in-reg] rst_n -> _86313_/RESET_B : -90.651688
[setup in-reg] rst_n -> _86314_/RESET_B : -90.651688
[setup in-reg] rst_n -> _86315_/RESET_B : -90.651688
[setup in-reg] rst_n -> _86316_/RESET_B : -90.651688
[setup in-reg] rst_n -> _86317_/RESET_B : -90.651688
[setup in-reg] rst_n -> _86318_/RESET_B : -90.651688
[setup in-reg] rst_n -> _86319_/RESET_B : -90.651688
[setup in-reg] rst_n -> _86320_/RESET_B : -90.651688
[setup in-reg] rst_n -> _86321_/RESET_B : -90.651688
[setup in-reg] rst_n -> _86322_/RESET_B : -90.651688
[setup in-reg] rst_n -> _86323_/RESET_B : -90.651688
[setup in-reg] rst_n -> _86324_/RESET_B : -90.651688
[setup in-reg] rst_n -> _86325_/RESET_B : -90.651688
[setup in-reg] rst_n -> _86326_/RESET_B : -90.651688
[setup in-reg] rst_n -> _86327_/RESET_B : -90.651688
[setup in-reg] rst_n -> _86328_/RESET_B : -90.651688
[setup in-reg] rst_n -> _86329_/RESET_B : -90.651688
[setup in-reg] rst_n -> _86330_/RESET_B : -90.651688
[setup in-reg] rst_n -> _86331_/RESET_B : -90.651688
[setup in-reg] rst_n -> _86332_/RESET_B : -90.651688
[setup in-reg] rst_n -> _86333_/RESET_B : -90.651688
[setup in-reg] rst_n -> _86334_/RESET_B : -90.651688
[setup in-reg] rst_n -> _86335_/RESET_B : -90.651688
[setup in-reg] rst_n -> _86336_/RESET_B : -90.651688
[setup in-reg] rst_n -> _86337_/RESET_B : -90.651688
[setup in-reg] rst_n -> _86338_/RESET_B : -90.651688
[setup in-reg] rst_n -> _86339_/RESET_B : -90.651688
[setup in-reg] rst_n -> _86340_/RESET_B : -90.651688
[setup in-reg] rst_n -> _86341_/RESET_B : -90.651688
[setup in-reg] rst_n -> _86342_/RESET_B : -90.651688
[setup in-reg] rst_n -> _86343_/RESET_B : -90.651688
[setup in-reg] rst_n -> _86344_/RESET_B : -90.651688
[setup in-reg] rst_n -> _86345_/RESET_B : -90.651688
[setup in-reg] rst_n -> _86346_/RESET_B : -90.651688
[setup in-reg] rst_n -> _86347_/RESET_B : -90.651688
[setup in-reg] rst_n -> _86348_/RESET_B : -90.651688
[setup in-reg] rst_n -> _86349_/RESET_B : -90.651688
[setup in-reg] rst_n -> _86350_/RESET_B : -90.651688
[setup in-reg] rst_n -> _86351_/RESET_B : -90.651688
[setup in-reg] rst_n -> _86352_/RESET_B : -90.651688
[setup in-reg] rst_n -> _86353_/RESET_B : -90.651688
[setup in-reg] rst_n -> _86354_/RESET_B : -90.651688
[setup in-reg] rst_n -> _86355_/RESET_B : -90.651688
[setup in-reg] rst_n -> _86356_/RESET_B : -90.651688
[setup in-reg] rst_n -> _86357_/RESET_B : -90.651688
[setup in-reg] rst_n -> _86358_/RESET_B : -90.651688
[setup in-reg] rst_n -> _86359_/RESET_B : -90.651688
[setup in-reg] rst_n -> _86360_/RESET_B : -90.651688
[setup in-reg] rst_n -> _86361_/RESET_B : -90.651688
[setup in-reg] rst_n -> _86362_/RESET_B : -90.651688
[setup in-reg] rst_n -> _86363_/RESET_B : -90.651688
[setup in-reg] rst_n -> _86364_/RESET_B : -90.651688
[setup in-reg] rst_n -> _86365_/RESET_B : -90.651688
[setup in-reg] rst_n -> _86366_/RESET_B : -90.651688
[setup in-reg] rst_n -> _86367_/RESET_B : -90.651688
[setup in-reg] rst_n -> _86368_/RESET_B : -90.651688
[setup in-reg] rst_n -> _86369_/RESET_B : -90.651688
[setup in-reg] rst_n -> _86370_/RESET_B : -90.651688
[setup in-reg] rst_n -> _86371_/RESET_B : -90.651688
[setup in-reg] rst_n -> _86372_/RESET_B : -90.651688
[setup in-reg] rst_n -> _86373_/RESET_B : -90.651688
[setup in-reg] rst_n -> _86374_/RESET_B : -90.651688
[setup in-reg] rst_n -> _86375_/RESET_B : -90.651688
[setup in-reg] rst_n -> _86376_/RESET_B : -90.651688
[setup in-reg] rst_n -> _86377_/RESET_B : -90.651688
[setup in-reg] rst_n -> _86378_/RESET_B : -90.651688
[setup in-reg] rst_n -> _86379_/RESET_B : -90.651688
[setup in-reg] rst_n -> _86380_/RESET_B : -90.651688
[setup in-reg] rst_n -> _86381_/RESET_B : -90.651688
[setup in-reg] rst_n -> _86382_/RESET_B : -90.651688
[setup in-reg] rst_n -> _86383_/RESET_B : -90.651688
[setup in-reg] rst_n -> _86384_/RESET_B : -90.651688
[setup in-reg] rst_n -> _86385_/RESET_B : -90.651688
[setup in-reg] rst_n -> _86386_/RESET_B : -90.651688
[setup in-reg] rst_n -> _86387_/RESET_B : -90.651688
[setup in-reg] rst_n -> _86388_/RESET_B : -90.651688
[setup in-reg] rst_n -> _86389_/RESET_B : -90.651688
[setup in-reg] rst_n -> _86390_/RESET_B : -90.651688
[setup in-reg] rst_n -> _86391_/RESET_B : -90.651688
[setup in-reg] rst_n -> _86392_/RESET_B : -90.651688
[setup in-reg] rst_n -> _86393_/RESET_B : -90.651688
[setup in-reg] rst_n -> _86394_/RESET_B : -90.651688
[setup in-reg] rst_n -> _86395_/RESET_B : -90.651688
[setup in-reg] rst_n -> _86396_/RESET_B : -90.651688
[setup in-reg] rst_n -> _86397_/RESET_B : -90.651688
[setup in-reg] rst_n -> _86398_/RESET_B : -90.651688
[setup in-reg] rst_n -> _86399_/RESET_B : -90.651688
[setup in-reg] rst_n -> _86400_/RESET_B : -90.651688
[setup in-reg] rst_n -> _86401_/RESET_B : -90.651688
[setup in-reg] rst_n -> _86402_/RESET_B : -90.651688
[setup in-reg] rst_n -> _86403_/RESET_B : -90.651688
[setup in-reg] rst_n -> _86404_/RESET_B : -90.651688
[setup in-reg] rst_n -> _86405_/RESET_B : -90.651688
[setup in-reg] rst_n -> _86406_/RESET_B : -90.651688
[setup in-reg] rst_n -> _86407_/RESET_B : -90.651688
[setup in-reg] rst_n -> _86408_/RESET_B : -90.651688
[setup in-reg] rst_n -> _86409_/RESET_B : -90.651688
[setup in-reg] rst_n -> _86410_/RESET_B : -90.651688
[setup in-reg] rst_n -> _86411_/RESET_B : -90.651688
[setup in-reg] rst_n -> _86412_/RESET_B : -90.651688
[setup in-reg] rst_n -> _86413_/RESET_B : -90.651688
[setup in-reg] rst_n -> _86414_/RESET_B : -90.651688
[setup in-reg] rst_n -> _86415_/RESET_B : -90.651688
[setup in-reg] rst_n -> _86416_/RESET_B : -90.651688
[setup in-reg] rst_n -> _86417_/RESET_B : -90.651688
[setup in-reg] rst_n -> _86418_/RESET_B : -90.651688
[setup in-reg] rst_n -> _86419_/RESET_B : -90.651688
[setup in-reg] rst_n -> _86420_/RESET_B : -90.651688
[setup in-reg] rst_n -> _86421_/RESET_B : -90.651688
[setup in-reg] rst_n -> _86422_/RESET_B : -90.651688
[setup in-reg] rst_n -> _86423_/RESET_B : -90.651688
[setup in-reg] rst_n -> _86424_/RESET_B : -90.651688
[setup in-reg] rst_n -> _86425_/RESET_B : -90.651688
[setup in-reg] rst_n -> _86426_/RESET_B : -90.651688
[setup in-reg] rst_n -> _86427_/RESET_B : -90.651688
[setup in-reg] rst_n -> _86428_/RESET_B : -90.651688
[setup in-reg] rst_n -> _86429_/RESET_B : -90.651688
[setup in-reg] rst_n -> _86430_/RESET_B : -90.651688
[setup in-reg] rst_n -> _86431_/RESET_B : -90.651688
[setup in-reg] rst_n -> _86432_/RESET_B : -90.651688
[setup in-reg] rst_n -> _86433_/RESET_B : -90.651688
[setup in-reg] rst_n -> _86434_/RESET_B : -90.651688
[setup in-reg] rst_n -> _86435_/RESET_B : -90.651688
[setup in-reg] rst_n -> _86436_/RESET_B : -90.651688
[setup in-reg] rst_n -> _86437_/RESET_B : -90.651688
[setup in-reg] rst_n -> _86438_/RESET_B : -90.651688
[setup in-reg] rst_n -> _86439_/RESET_B : -90.651688
[setup in-reg] rst_n -> _86440_/RESET_B : -90.651688
[setup in-reg] rst_n -> _86441_/RESET_B : -90.651688
[setup in-reg] rst_n -> _86442_/RESET_B : -90.651688
[setup in-reg] rst_n -> _86443_/RESET_B : -90.651688
[setup in-reg] rst_n -> _86444_/RESET_B : -90.651688
[setup in-reg] rst_n -> _86445_/RESET_B : -90.651688
[setup in-reg] rst_n -> _86446_/RESET_B : -90.651688
[setup in-reg] rst_n -> _86447_/RESET_B : -90.651688
[setup in-reg] rst_n -> _86448_/RESET_B : -90.651688
[setup in-reg] rst_n -> _86449_/RESET_B : -90.651688
[setup in-reg] rst_n -> _86450_/RESET_B : -90.651688
[setup in-reg] rst_n -> _86451_/RESET_B : -90.651688
[setup in-reg] rst_n -> _86452_/RESET_B : -90.651688
[setup in-reg] rst_n -> _86453_/RESET_B : -90.651688
[setup in-reg] rst_n -> _86454_/RESET_B : -90.651688
[setup in-reg] rst_n -> _86455_/RESET_B : -90.651688
[setup in-reg] rst_n -> _86456_/RESET_B : -90.651688
[setup in-reg] rst_n -> _86457_/RESET_B : -90.651688
[setup in-reg] rst_n -> _86458_/RESET_B : -90.651688
[setup in-reg] rst_n -> _86459_/RESET_B : -90.651688
[setup in-reg] rst_n -> _86460_/RESET_B : -90.651688
[setup in-reg] rst_n -> _86461_/RESET_B : -90.651688
[setup in-reg] rst_n -> _86462_/RESET_B : -90.651688
[setup in-reg] rst_n -> _86463_/RESET_B : -90.651688
[setup in-reg] rst_n -> _86464_/RESET_B : -90.651688
[setup in-reg] rst_n -> _86465_/RESET_B : -90.651688
[setup in-reg] rst_n -> _86466_/RESET_B : -90.651688
[setup in-reg] rst_n -> _86467_/RESET_B : -90.651688
[setup in-reg] rst_n -> _86468_/RESET_B : -90.651688
[setup in-reg] rst_n -> _86469_/RESET_B : -90.651688
[setup in-reg] rst_n -> _86470_/RESET_B : -90.651688
[setup in-reg] rst_n -> _86471_/RESET_B : -90.651688
[setup in-reg] rst_n -> _86472_/RESET_B : -90.651688
[setup in-reg] rst_n -> _86473_/RESET_B : -90.651688
[setup in-reg] rst_n -> _86474_/RESET_B : -90.651688
[setup in-reg] rst_n -> _86475_/RESET_B : -90.651688
[setup in-reg] rst_n -> _86476_/RESET_B : -90.651688
[setup in-reg] rst_n -> _86477_/RESET_B : -90.651688
[setup in-reg] rst_n -> _86478_/RESET_B : -90.651688
[setup in-reg] rst_n -> _86479_/RESET_B : -90.651688
[setup in-reg] rst_n -> _86480_/RESET_B : -90.651688
[setup in-reg] rst_n -> _86481_/RESET_B : -90.651688
[setup in-reg] rst_n -> _86482_/RESET_B : -90.651688
[setup in-reg] rst_n -> _86483_/RESET_B : -90.651688
[setup in-reg] rst_n -> _86484_/RESET_B : -90.651688
[setup in-reg] rst_n -> _86485_/RESET_B : -90.651688
[setup in-reg] rst_n -> _86486_/RESET_B : -90.651688
[setup in-reg] rst_n -> _86487_/RESET_B : -90.651688
[setup in-reg] rst_n -> _86488_/RESET_B : -90.651688
[setup in-reg] rst_n -> _86489_/RESET_B : -90.651688
[setup in-reg] rst_n -> _86490_/RESET_B : -90.651688
[setup in-reg] rst_n -> _86491_/RESET_B : -90.651688
[setup in-reg] rst_n -> _86492_/RESET_B : -90.651688
[setup in-reg] rst_n -> _86493_/RESET_B : -90.651688
[setup in-reg] rst_n -> _86494_/RESET_B : -90.651688
[setup in-reg] rst_n -> _86495_/RESET_B : -90.651688
[setup in-reg] rst_n -> _86496_/RESET_B : -90.651688
[setup in-reg] rst_n -> _86497_/RESET_B : -90.651688
[setup in-reg] rst_n -> _86498_/RESET_B : -90.651688
[setup in-reg] rst_n -> _86499_/RESET_B : -90.651688
[setup in-reg] rst_n -> _86500_/RESET_B : -90.651688
[setup in-reg] rst_n -> _86501_/RESET_B : -90.651688
[setup in-reg] rst_n -> _86502_/RESET_B : -90.651688
[setup in-reg] rst_n -> _86503_/RESET_B : -90.651688
[setup in-reg] rst_n -> _86504_/RESET_B : -90.651688
[setup in-reg] rst_n -> _86505_/RESET_B : -90.651688
[setup in-reg] rst_n -> _86506_/RESET_B : -90.651688
[setup in-reg] rst_n -> _86507_/RESET_B : -90.651688
[setup in-reg] rst_n -> _86508_/RESET_B : -90.651688
[setup in-reg] rst_n -> _86509_/RESET_B : -90.651688
[setup in-reg] rst_n -> _86510_/RESET_B : -90.651688
[setup in-reg] rst_n -> _86511_/RESET_B : -90.651688
[setup in-reg] rst_n -> _86512_/RESET_B : -90.651688
[setup in-reg] rst_n -> _86513_/RESET_B : -90.651688
[setup in-reg] rst_n -> _86514_/RESET_B : -90.651688
[setup in-reg] rst_n -> _86515_/RESET_B : -90.651688
[setup in-reg] rst_n -> _86516_/RESET_B : -90.651688
[setup in-reg] rst_n -> _86517_/RESET_B : -90.651688
[setup in-reg] rst_n -> _86518_/RESET_B : -90.651688
[setup in-reg] rst_n -> _86519_/RESET_B : -90.651688
[setup in-reg] rst_n -> _86520_/RESET_B : -90.651688
[setup in-reg] rst_n -> _86521_/RESET_B : -90.651688
[setup in-reg] rst_n -> _86522_/RESET_B : -90.651688
[setup in-reg] rst_n -> _86523_/RESET_B : -90.651688
[setup in-reg] rst_n -> _86524_/RESET_B : -90.651688
[setup in-reg] rst_n -> _86525_/RESET_B : -90.651688
[setup in-reg] rst_n -> _86526_/RESET_B : -90.651688
[setup in-reg] rst_n -> _86527_/RESET_B : -90.651688
[setup in-reg] rst_n -> _86528_/RESET_B : -90.651688
[setup in-reg] rst_n -> _86529_/RESET_B : -90.651688
[setup in-reg] rst_n -> _86530_/RESET_B : -90.651688
[setup in-reg] rst_n -> _86531_/RESET_B : -90.651688
[setup in-reg] rst_n -> _86532_/RESET_B : -90.651688
[setup in-reg] rst_n -> _86533_/RESET_B : -90.651688
[setup in-reg] rst_n -> _86534_/RESET_B : -90.651688
[setup in-reg] rst_n -> _86535_/RESET_B : -90.651688
[setup in-reg] rst_n -> _86536_/RESET_B : -90.651688
[setup in-reg] rst_n -> _86537_/RESET_B : -90.651688
[setup in-reg] rst_n -> _86538_/RESET_B : -90.651688
[setup in-reg] rst_n -> _86539_/RESET_B : -90.651688
[setup in-reg] rst_n -> _86540_/RESET_B : -90.651688
[setup in-reg] rst_n -> _86541_/RESET_B : -90.651688
[setup in-reg] rst_n -> _86542_/RESET_B : -90.651688
[setup in-reg] rst_n -> _86543_/RESET_B : -90.651688
[setup in-reg] rst_n -> _86544_/RESET_B : -90.651688
[setup in-reg] rst_n -> _86545_/RESET_B : -90.651688
[setup in-reg] rst_n -> _86546_/RESET_B : -90.651688
[setup in-reg] rst_n -> _86547_/RESET_B : -90.651688
[setup in-reg] rst_n -> _86548_/RESET_B : -90.651688
[setup in-reg] rst_n -> _86549_/RESET_B : -90.651688
[setup in-reg] rst_n -> _86550_/RESET_B : -90.651688
[setup in-reg] rst_n -> _86551_/RESET_B : -90.651688
[setup in-reg] rst_n -> _86552_/RESET_B : -90.651688
[setup in-reg] rst_n -> _86553_/RESET_B : -90.651688
[setup in-reg] rst_n -> _86554_/RESET_B : -90.651688
[setup in-reg] rst_n -> _86555_/RESET_B : -90.651688
[setup in-reg] rst_n -> _86556_/RESET_B : -90.651688
[setup in-reg] rst_n -> _86557_/RESET_B : -90.651688
[setup in-reg] rst_n -> _86558_/RESET_B : -90.651688
[setup in-reg] rst_n -> _86559_/RESET_B : -90.651688
[setup in-reg] rst_n -> _86560_/RESET_B : -90.651688
[setup in-reg] rst_n -> _86561_/RESET_B : -90.651688
[setup in-reg] rst_n -> _86562_/RESET_B : -90.651688
[setup in-reg] rst_n -> _86563_/RESET_B : -90.651688
[setup in-reg] rst_n -> _86564_/RESET_B : -90.651688
[setup in-reg] rst_n -> _86565_/RESET_B : -90.651688
[setup in-reg] rst_n -> _86566_/RESET_B : -90.651688
[setup in-reg] rst_n -> _86567_/RESET_B : -90.651688
[setup in-reg] rst_n -> _86568_/RESET_B : -90.651688
[setup in-reg] rst_n -> _86569_/RESET_B : -90.651688
[setup in-reg] rst_n -> _86570_/RESET_B : -90.651688
[setup in-reg] rst_n -> _86571_/RESET_B : -90.651688
[setup in-reg] rst_n -> _86572_/RESET_B : -90.651688
[setup in-reg] rst_n -> _86573_/RESET_B : -90.651688
[setup in-reg] rst_n -> _86574_/RESET_B : -90.651688
[setup in-reg] rst_n -> _86575_/RESET_B : -90.651688
[setup in-reg] rst_n -> _86576_/RESET_B : -90.651688
[setup in-reg] rst_n -> _86577_/RESET_B : -90.651688
[setup in-reg] rst_n -> _86578_/RESET_B : -90.651688
[setup in-reg] rst_n -> _86579_/RESET_B : -90.651688
[setup in-reg] rst_n -> _86580_/RESET_B : -90.651688
[setup in-reg] rst_n -> _86581_/RESET_B : -90.651688
[setup in-reg] rst_n -> _86582_/RESET_B : -90.651688
[setup in-reg] rst_n -> _86583_/RESET_B : -90.651688
[setup in-reg] rst_n -> _86584_/RESET_B : -90.651688
[setup in-reg] rst_n -> _86585_/RESET_B : -90.651688
[setup in-reg] rst_n -> _86586_/RESET_B : -90.651688
[setup in-reg] rst_n -> _86587_/RESET_B : -90.651688
[setup in-reg] rst_n -> _86588_/RESET_B : -90.651688
[setup in-reg] rst_n -> _86589_/RESET_B : -90.651688
[setup in-reg] rst_n -> _86590_/RESET_B : -90.651688
[setup in-reg] rst_n -> _86591_/RESET_B : -90.651688
[setup in-reg] rst_n -> _86592_/RESET_B : -90.651688
[setup in-reg] rst_n -> _86593_/RESET_B : -90.651688
[setup in-reg] rst_n -> _86594_/RESET_B : -90.651688
[setup in-reg] rst_n -> _86595_/RESET_B : -90.651688
[setup in-reg] rst_n -> _86596_/RESET_B : -90.651688
[setup in-reg] rst_n -> _86597_/RESET_B : -90.651688
[setup in-reg] rst_n -> _86598_/RESET_B : -90.651688
[setup in-reg] rst_n -> _86599_/RESET_B : -90.651688
[setup in-reg] rst_n -> _86600_/RESET_B : -90.651688
[setup in-reg] rst_n -> _86601_/RESET_B : -90.651688
[setup in-reg] rst_n -> _86602_/RESET_B : -90.651688
[setup in-reg] rst_n -> _86603_/RESET_B : -90.651688
[setup in-reg] rst_n -> _86604_/RESET_B : -90.651688
[setup in-reg] rst_n -> _86605_/RESET_B : -90.651688
[setup in-reg] rst_n -> _86606_/RESET_B : -90.651688
[setup in-reg] rst_n -> _86607_/RESET_B : -90.651688
[setup in-reg] rst_n -> _86608_/RESET_B : -90.651688
[setup in-reg] rst_n -> _86609_/RESET_B : -90.651688
[setup in-reg] rst_n -> _86610_/RESET_B : -90.651688
[setup in-reg] rst_n -> _86611_/RESET_B : -90.651688
[setup in-reg] rst_n -> _86612_/RESET_B : -90.651688
[setup in-reg] rst_n -> _86613_/RESET_B : -90.651688
[setup in-reg] rst_n -> _86614_/RESET_B : -90.651688
[setup in-reg] rst_n -> _86615_/RESET_B : -90.651688
[setup in-reg] rst_n -> _86616_/RESET_B : -90.651688
[setup in-reg] rst_n -> _86617_/RESET_B : -90.651688
[setup in-reg] rst_n -> _86618_/RESET_B : -90.651688
[setup in-reg] rst_n -> _86619_/RESET_B : -90.651688
[setup in-reg] rst_n -> _86620_/RESET_B : -90.651688
[setup in-reg] rst_n -> _86621_/RESET_B : -90.651688
[setup in-reg] rst_n -> _86622_/RESET_B : -90.651688
[setup in-reg] rst_n -> _86623_/RESET_B : -90.651688
[setup in-reg] rst_n -> _86624_/RESET_B : -90.651688
[setup in-reg] rst_n -> _86625_/RESET_B : -90.651688
[setup in-reg] rst_n -> _86626_/RESET_B : -90.651688
[setup in-reg] rst_n -> _86627_/RESET_B : -90.651688
[setup in-reg] rst_n -> _86628_/RESET_B : -90.651688
[setup in-reg] rst_n -> _86629_/RESET_B : -90.651688
[setup in-reg] rst_n -> _86630_/RESET_B : -90.651688
[setup in-reg] rst_n -> _86631_/RESET_B : -90.651688
[setup in-reg] rst_n -> _86632_/RESET_B : -90.651688
[setup in-reg] rst_n -> _86633_/RESET_B : -90.651688
[setup in-reg] rst_n -> _86634_/RESET_B : -90.651688
[setup in-reg] rst_n -> _86635_/RESET_B : -90.651688
[setup in-reg] rst_n -> _86636_/RESET_B : -90.651688
[setup in-reg] rst_n -> _86637_/RESET_B : -90.651688
[setup in-reg] rst_n -> _86638_/RESET_B : -90.651688
[setup in-reg] rst_n -> _86639_/RESET_B : -90.651688
[setup in-reg] rst_n -> _86640_/RESET_B : -90.651688
[setup in-reg] rst_n -> _86641_/RESET_B : -90.651688
[setup in-reg] rst_n -> _86642_/RESET_B : -90.651688
[setup in-reg] rst_n -> _86643_/RESET_B : -90.651688
[setup in-reg] rst_n -> _86644_/RESET_B : -90.651688
[setup in-reg] rst_n -> _86645_/RESET_B : -90.651688
[setup in-reg] rst_n -> _86646_/RESET_B : -90.651688
[setup in-reg] rst_n -> _86647_/RESET_B : -90.651688
[setup in-reg] rst_n -> _86648_/RESET_B : -90.651688
[setup in-reg] rst_n -> _86649_/RESET_B : -90.651688
[setup in-reg] rst_n -> _86650_/RESET_B : -90.651688
[setup in-reg] rst_n -> _86651_/RESET_B : -90.651688
[setup in-reg] rst_n -> _86652_/RESET_B : -90.651688
[setup in-reg] rst_n -> _86653_/RESET_B : -90.651688
[setup in-reg] rst_n -> _86654_/RESET_B : -90.651688
[setup in-reg] rst_n -> _86655_/RESET_B : -90.651688
[setup in-reg] rst_n -> _86656_/RESET_B : -90.651688
[setup in-reg] rst_n -> _86657_/RESET_B : -90.651688
[setup in-reg] rst_n -> _86658_/RESET_B : -90.651688
[setup in-reg] rst_n -> _86659_/RESET_B : -90.651688
[setup in-reg] rst_n -> _86660_/RESET_B : -90.651688
[setup in-reg] rst_n -> _86661_/RESET_B : -90.651688
[setup in-reg] rst_n -> _86662_/RESET_B : -90.651688
[setup in-reg] rst_n -> _86663_/RESET_B : -90.651688
[setup in-reg] rst_n -> _86664_/RESET_B : -90.651688
[setup in-reg] rst_n -> _86665_/RESET_B : -90.651688
[setup in-reg] rst_n -> _86666_/RESET_B : -90.651688
[setup in-reg] rst_n -> _86667_/RESET_B : -90.651688
[setup in-reg] rst_n -> _86668_/RESET_B : -90.651688
[setup in-reg] rst_n -> _86669_/RESET_B : -90.651688
[setup in-reg] rst_n -> _86670_/RESET_B : -90.651688
[setup in-reg] rst_n -> _86671_/RESET_B : -90.651688
[setup in-reg] rst_n -> _86672_/RESET_B : -90.651688
[setup in-reg] rst_n -> _86673_/RESET_B : -90.651688
[setup in-reg] rst_n -> _86674_/RESET_B : -90.651688
[setup in-reg] rst_n -> _86675_/RESET_B : -90.651688
[setup in-reg] rst_n -> _86676_/RESET_B : -90.651688
[setup in-reg] rst_n -> _86677_/RESET_B : -90.651688
[setup in-reg] rst_n -> _86678_/RESET_B : -90.651688
[setup in-reg] rst_n -> _86679_/RESET_B : -90.651688
[setup in-reg] rst_n -> _86680_/RESET_B : -90.651688
[setup in-reg] rst_n -> _86681_/RESET_B : -90.651688
[setup in-reg] rst_n -> _86682_/RESET_B : -90.651688
[setup in-reg] rst_n -> _86683_/RESET_B : -90.651688
[setup in-reg] rst_n -> _86684_/RESET_B : -90.651688
[setup in-reg] rst_n -> _86685_/RESET_B : -90.651688
[setup in-reg] rst_n -> _86686_/RESET_B : -90.651688
[setup in-reg] rst_n -> _86687_/RESET_B : -90.651688
[setup in-reg] rst_n -> _86688_/RESET_B : -90.651688
[setup in-reg] rst_n -> _86689_/RESET_B : -90.651688
[setup in-reg] rst_n -> _86690_/RESET_B : -90.651688
[setup in-reg] rst_n -> _86691_/RESET_B : -90.651688
[setup in-reg] rst_n -> _86692_/RESET_B : -90.651688
[setup in-reg] rst_n -> _86693_/RESET_B : -90.651688
[setup in-reg] rst_n -> _86694_/RESET_B : -90.651688
[setup in-reg] rst_n -> _86695_/RESET_B : -90.651688
[setup in-reg] rst_n -> _86696_/RESET_B : -90.651688
[setup in-reg] rst_n -> _86697_/RESET_B : -90.651688
[setup in-reg] rst_n -> _86698_/RESET_B : -90.651688
[setup in-reg] rst_n -> _86699_/RESET_B : -90.651688
[setup in-reg] rst_n -> _86700_/RESET_B : -90.651688
[setup in-reg] rst_n -> _86701_/RESET_B : -90.651688
[setup in-reg] rst_n -> _86702_/RESET_B : -90.651688
[setup in-reg] rst_n -> _86703_/RESET_B : -90.651688
[setup in-reg] rst_n -> _86704_/RESET_B : -90.651688
[setup in-reg] rst_n -> _86705_/RESET_B : -90.651688
[setup in-reg] rst_n -> _86706_/RESET_B : -90.651688
[setup in-reg] rst_n -> _86707_/RESET_B : -90.651688
[setup in-reg] rst_n -> _86708_/RESET_B : -90.651688
[setup in-reg] rst_n -> _86709_/RESET_B : -90.651688
[setup in-reg] rst_n -> _86710_/RESET_B : -90.651688
[setup in-reg] rst_n -> _86711_/RESET_B : -90.651688
[setup in-reg] rst_n -> _86712_/RESET_B : -90.651688
[setup in-reg] rst_n -> _86713_/RESET_B : -90.651688
[setup in-reg] rst_n -> _86714_/RESET_B : -90.651688
[setup in-reg] rst_n -> _86715_/RESET_B : -90.651688
[setup in-reg] rst_n -> _86716_/RESET_B : -90.651688
[setup in-reg] rst_n -> _86717_/RESET_B : -90.651688
[setup in-reg] rst_n -> _86718_/RESET_B : -90.651688
[setup in-reg] rst_n -> _86719_/RESET_B : -90.651688
[setup in-reg] rst_n -> _86720_/RESET_B : -90.651688
[setup in-reg] rst_n -> _86721_/RESET_B : -90.651688
[setup in-reg] rst_n -> _86722_/RESET_B : -90.651688
[setup in-reg] rst_n -> _86723_/RESET_B : -90.651688
[setup in-reg] rst_n -> _86724_/RESET_B : -90.651688
[setup in-reg] rst_n -> _86725_/RESET_B : -90.651688
[setup in-reg] rst_n -> _86726_/RESET_B : -90.651688
[setup in-reg] rst_n -> _86727_/RESET_B : -90.651688
[setup in-reg] rst_n -> _86728_/RESET_B : -90.651688
[setup in-reg] rst_n -> _86729_/RESET_B : -90.651688
[setup in-reg] rst_n -> _86730_/RESET_B : -90.651688
[setup in-reg] rst_n -> _86731_/RESET_B : -90.651688
[setup in-reg] rst_n -> _86732_/RESET_B : -90.651688
[setup in-reg] rst_n -> _86733_/RESET_B : -90.651688
[setup in-reg] rst_n -> _86734_/RESET_B : -90.651688
[setup in-reg] rst_n -> _86735_/RESET_B : -90.651688
[setup in-reg] rst_n -> _86736_/RESET_B : -90.651688
[setup in-reg] rst_n -> _86737_/RESET_B : -90.651688
[setup in-reg] rst_n -> _86738_/RESET_B : -90.651688
[setup in-reg] rst_n -> _86739_/RESET_B : -90.651688
[setup in-reg] rst_n -> _86740_/RESET_B : -90.651688
[setup in-reg] rst_n -> _86741_/RESET_B : -90.651688
[setup in-reg] rst_n -> _86742_/RESET_B : -90.651688
[setup in-reg] rst_n -> _86743_/RESET_B : -90.651688
[setup in-reg] rst_n -> _86744_/RESET_B : -90.651688
[setup in-reg] rst_n -> _86745_/RESET_B : -90.651688
[setup in-reg] rst_n -> _86746_/RESET_B : -90.651688
[setup in-reg] rst_n -> _86747_/RESET_B : -90.651688
[setup in-reg] rst_n -> _86748_/RESET_B : -90.651688
[setup in-reg] rst_n -> _86749_/RESET_B : -90.651688
[setup in-reg] rst_n -> _86750_/RESET_B : -90.651688
[setup in-reg] rst_n -> _86751_/RESET_B : -90.651688
[setup in-reg] rst_n -> _86752_/RESET_B : -90.651688
[setup in-reg] rst_n -> _86753_/RESET_B : -90.651688
[setup in-reg] rst_n -> _86754_/RESET_B : -90.651688
[setup in-reg] rst_n -> _86755_/RESET_B : -90.651688
[setup in-reg] rst_n -> _86756_/RESET_B : -90.651688
[setup in-reg] rst_n -> _86757_/RESET_B : -90.651688
[setup in-reg] rst_n -> _86758_/RESET_B : -90.651688
[setup in-reg] rst_n -> _86759_/RESET_B : -90.651688
[setup in-reg] rst_n -> _86760_/RESET_B : -90.651688
[setup in-reg] rst_n -> _86761_/RESET_B : -90.651688
[setup in-reg] rst_n -> _86762_/RESET_B : -90.651688
[setup in-reg] rst_n -> _86763_/RESET_B : -90.651688
[setup in-reg] rst_n -> _86764_/RESET_B : -90.651688
[setup in-reg] rst_n -> _86765_/RESET_B : -90.651688
[setup in-reg] rst_n -> _86766_/RESET_B : -90.651688
[setup in-reg] rst_n -> _86767_/RESET_B : -90.651688
[setup in-reg] rst_n -> _86768_/RESET_B : -90.651688
[setup in-reg] rst_n -> _86769_/RESET_B : -90.651688
[setup in-reg] rst_n -> _86770_/RESET_B : -90.651688
[setup in-reg] rst_n -> _86771_/RESET_B : -90.651688
[setup in-reg] rst_n -> _86772_/RESET_B : -90.651688
[setup in-reg] rst_n -> _86773_/RESET_B : -90.651688
[setup in-reg] rst_n -> _86774_/RESET_B : -90.651688
[setup in-reg] rst_n -> _86775_/RESET_B : -90.651688
[setup in-reg] rst_n -> _86776_/RESET_B : -90.651688
[setup in-reg] rst_n -> _86777_/RESET_B : -90.651688
[setup in-reg] rst_n -> _86778_/RESET_B : -90.651688
[setup in-reg] rst_n -> _86779_/RESET_B : -90.651688
[setup in-reg] rst_n -> _86780_/RESET_B : -90.651688
[setup in-reg] rst_n -> _86781_/RESET_B : -90.651688
[setup in-reg] rst_n -> _86782_/RESET_B : -90.651688
[setup in-reg] rst_n -> _86783_/RESET_B : -90.651688
[setup in-reg] rst_n -> _86784_/RESET_B : -90.651688
[setup in-reg] rst_n -> _86785_/RESET_B : -90.651688
[setup in-reg] rst_n -> _86786_/RESET_B : -90.651688
[setup in-reg] rst_n -> _86787_/RESET_B : -90.651688
[setup in-reg] rst_n -> _86788_/RESET_B : -90.651688
[setup in-reg] rst_n -> _86789_/RESET_B : -90.651688
[setup in-reg] rst_n -> _86790_/RESET_B : -90.651688
[setup in-reg] rst_n -> _86791_/RESET_B : -90.651688
[setup in-reg] rst_n -> _86792_/RESET_B : -90.651688
[setup in-reg] rst_n -> _86793_/RESET_B : -90.651688
[setup in-reg] rst_n -> _86794_/RESET_B : -90.651688
[setup in-reg] rst_n -> _86795_/RESET_B : -90.651688
[setup in-reg] rst_n -> _86796_/RESET_B : -90.651688
[setup in-reg] rst_n -> _86797_/RESET_B : -90.651688
[setup in-reg] rst_n -> _86798_/RESET_B : -90.651688
[setup in-reg] rst_n -> _86799_/RESET_B : -90.651688
[setup in-reg] rst_n -> _86800_/RESET_B : -90.651688
[setup in-reg] rst_n -> _86801_/RESET_B : -90.651688
[setup in-reg] rst_n -> _86802_/RESET_B : -90.651688
[setup in-reg] rst_n -> _86803_/RESET_B : -90.651688
[setup in-reg] rst_n -> _86804_/RESET_B : -90.651688
[setup in-reg] rst_n -> _86805_/RESET_B : -90.651688
[setup in-reg] rst_n -> _86806_/RESET_B : -90.651688
[setup in-reg] rst_n -> _86807_/RESET_B : -90.651688
[setup in-reg] rst_n -> _86808_/RESET_B : -90.651688
[setup in-reg] rst_n -> _86809_/RESET_B : -90.651688
[setup in-reg] rst_n -> _86810_/RESET_B : -90.651688
[setup in-reg] rst_n -> _86811_/RESET_B : -90.651688
[setup in-reg] rst_n -> _86812_/RESET_B : -90.651688
[setup in-reg] rst_n -> _86813_/RESET_B : -90.651688
[setup in-reg] rst_n -> _86814_/RESET_B : -90.651688
[setup in-reg] rst_n -> _86815_/RESET_B : -90.651688
[setup in-reg] rst_n -> _86816_/RESET_B : -90.651688
[setup in-reg] rst_n -> _86817_/RESET_B : -90.651688
[setup in-reg] rst_n -> _86818_/RESET_B : -90.651688
[setup in-reg] rst_n -> _86819_/RESET_B : -90.651688
[setup in-reg] rst_n -> _86820_/RESET_B : -90.651688
[setup in-reg] rst_n -> _86821_/RESET_B : -90.651688
[setup in-reg] rst_n -> _86822_/RESET_B : -90.651688
[setup in-reg] rst_n -> _86823_/RESET_B : -90.651688
[setup in-reg] rst_n -> _86824_/RESET_B : -90.651688
[setup in-reg] rst_n -> _86825_/RESET_B : -90.651688
[setup in-reg] rst_n -> _86826_/RESET_B : -90.651688
[setup in-reg] rst_n -> _86827_/RESET_B : -90.651688
[setup in-reg] rst_n -> _86828_/RESET_B : -90.651688
[setup in-reg] rst_n -> _86829_/RESET_B : -90.651688
[setup in-reg] rst_n -> _86830_/RESET_B : -90.651688
[setup in-reg] rst_n -> _86831_/RESET_B : -90.651688
[setup in-reg] rst_n -> _86832_/RESET_B : -90.651688
[setup in-reg] rst_n -> _86833_/RESET_B : -90.651688
[setup in-reg] rst_n -> _86834_/RESET_B : -90.651688
[setup in-reg] rst_n -> _86835_/RESET_B : -90.651688
[setup in-reg] rst_n -> _86836_/RESET_B : -90.651688
[setup in-reg] rst_n -> _86837_/RESET_B : -90.651688
[setup in-reg] rst_n -> _86838_/RESET_B : -90.651688
[setup in-reg] rst_n -> _86839_/RESET_B : -90.651688
[setup in-reg] rst_n -> _86840_/RESET_B : -90.651688
[setup in-reg] rst_n -> _86841_/RESET_B : -90.651688
[setup in-reg] rst_n -> _86842_/RESET_B : -90.651688
[setup in-reg] rst_n -> _86843_/RESET_B : -90.651688
[setup in-reg] rst_n -> _86844_/RESET_B : -90.651688
[setup in-reg] rst_n -> _86845_/RESET_B : -90.651688
[setup in-reg] rst_n -> _86846_/RESET_B : -90.651688
[setup in-reg] rst_n -> _86847_/RESET_B : -90.651688
[setup in-reg] rst_n -> _86848_/RESET_B : -90.651688
[setup in-reg] rst_n -> _86849_/RESET_B : -90.651688
[setup in-reg] rst_n -> _86850_/RESET_B : -90.651688
[setup in-reg] rst_n -> _86851_/RESET_B : -90.651688
[setup in-reg] rst_n -> _86852_/RESET_B : -90.651688
[setup in-reg] rst_n -> _86853_/RESET_B : -90.651688
[setup in-reg] rst_n -> _86854_/RESET_B : -90.651688
[setup in-reg] rst_n -> _86855_/RESET_B : -90.651688
[setup in-reg] rst_n -> _86856_/RESET_B : -90.651688
[setup in-reg] rst_n -> _86857_/RESET_B : -90.651688
[setup in-reg] rst_n -> _86858_/RESET_B : -90.651688
[setup in-reg] rst_n -> _86859_/RESET_B : -90.651688
[setup in-reg] rst_n -> _86860_/RESET_B : -90.651688
[setup in-reg] rst_n -> _86861_/RESET_B : -90.651688
[setup in-reg] rst_n -> _86862_/RESET_B : -90.651688
[setup in-reg] rst_n -> _86863_/RESET_B : -90.651688
[setup in-reg] rst_n -> _86864_/RESET_B : -90.651688
[setup in-reg] rst_n -> _86865_/RESET_B : -90.651688
[setup in-reg] rst_n -> _86866_/RESET_B : -90.651688
[setup in-reg] rst_n -> _86867_/RESET_B : -90.651688
[setup in-reg] rst_n -> _86868_/RESET_B : -90.651688
[setup in-reg] rst_n -> _86869_/RESET_B : -90.651688
[setup in-reg] rst_n -> _86870_/RESET_B : -90.651688
[setup in-reg] rst_n -> _86871_/RESET_B : -90.651688
[setup in-reg] rst_n -> _86872_/RESET_B : -90.651688
[setup in-reg] rst_n -> _86873_/RESET_B : -90.651688
[setup in-reg] rst_n -> _86874_/RESET_B : -90.651688
[setup in-reg] rst_n -> _86875_/RESET_B : -90.651688
[setup in-reg] rst_n -> _86876_/RESET_B : -90.651688
[setup in-reg] rst_n -> _86877_/RESET_B : -90.651688
[setup in-reg] rst_n -> _86878_/RESET_B : -90.651688
[setup in-reg] rst_n -> _86879_/RESET_B : -90.651688
[setup in-reg] rst_n -> _86880_/RESET_B : -90.651688
[setup in-reg] rst_n -> _86881_/RESET_B : -90.651688
[setup in-reg] rst_n -> _86882_/RESET_B : -90.651688
[setup in-reg] rst_n -> _86883_/RESET_B : -90.651688
[setup in-reg] rst_n -> _86884_/RESET_B : -90.651688
[setup in-reg] rst_n -> _86885_/RESET_B : -90.651688
[setup in-reg] rst_n -> _86886_/RESET_B : -90.651688
[setup in-reg] rst_n -> _86887_/RESET_B : -90.651688
[setup in-reg] rst_n -> _86888_/RESET_B : -90.651688
[setup in-reg] rst_n -> _86889_/RESET_B : -90.651688
[setup in-reg] rst_n -> _86890_/RESET_B : -90.651688
[setup in-reg] rst_n -> _86891_/RESET_B : -90.651688
[setup in-reg] rst_n -> _86892_/RESET_B : -90.651688
[setup in-reg] rst_n -> _86893_/RESET_B : -90.651688
[setup in-reg] rst_n -> _86894_/RESET_B : -90.651688
[setup in-reg] rst_n -> _86895_/RESET_B : -90.651688
[setup in-reg] rst_n -> _86896_/RESET_B : -90.651688
[setup in-reg] rst_n -> _86897_/RESET_B : -90.651688
[setup in-reg] rst_n -> _86898_/RESET_B : -90.651688
[setup in-reg] rst_n -> _86899_/RESET_B : -90.651688
[setup in-reg] rst_n -> _86900_/RESET_B : -90.651688
[setup in-reg] rst_n -> _86901_/RESET_B : -90.651688
[setup in-reg] rst_n -> _86902_/RESET_B : -90.651688
[setup in-reg] rst_n -> _86903_/RESET_B : -90.651688
[setup in-reg] rst_n -> _86904_/RESET_B : -90.651688
[setup in-reg] rst_n -> _86905_/RESET_B : -90.651688
[setup in-reg] rst_n -> _86906_/RESET_B : -90.651688
[setup in-reg] rst_n -> _86907_/RESET_B : -90.651688
[setup in-reg] rst_n -> _86908_/RESET_B : -90.651688
[setup in-reg] rst_n -> _86909_/RESET_B : -90.651688
[setup in-reg] rst_n -> _86910_/RESET_B : -90.651688
[setup in-reg] rst_n -> _86911_/RESET_B : -90.651688
[setup in-reg] rst_n -> _86912_/RESET_B : -90.651688
[setup in-reg] rst_n -> _86913_/RESET_B : -90.651688
[setup in-reg] rst_n -> _86914_/RESET_B : -90.651688
[setup in-reg] rst_n -> _86915_/RESET_B : -90.651688
[setup in-reg] rst_n -> _86916_/RESET_B : -90.651688
[setup in-reg] rst_n -> _86917_/RESET_B : -90.651688
[setup in-reg] rst_n -> _86918_/RESET_B : -90.651688
[setup in-reg] rst_n -> _86919_/RESET_B : -90.651688
[setup in-reg] rst_n -> _86920_/RESET_B : -90.651688
[setup in-reg] rst_n -> _86921_/RESET_B : -90.651688
[setup in-reg] rst_n -> _86922_/RESET_B : -90.651688
[setup in-reg] rst_n -> _86923_/RESET_B : -90.651688
[setup in-reg] rst_n -> _86924_/RESET_B : -90.651688
[setup in-reg] rst_n -> _86925_/RESET_B : -90.651688
[setup in-reg] rst_n -> _86926_/RESET_B : -90.651688
[setup in-reg] rst_n -> _86927_/RESET_B : -90.651688
[setup in-reg] rst_n -> _86928_/RESET_B : -90.651688
[setup in-reg] rst_n -> _86929_/RESET_B : -90.651688
[setup in-reg] rst_n -> _86930_/RESET_B : -90.651688
[setup in-reg] rst_n -> _86931_/RESET_B : -90.651688
[setup in-reg] rst_n -> _86932_/RESET_B : -90.651688
[setup in-reg] rst_n -> _86933_/RESET_B : -90.651688
[setup in-reg] rst_n -> _86934_/RESET_B : -90.651688
[setup in-reg] rst_n -> _86935_/RESET_B : -90.651688
[setup in-reg] rst_n -> _86936_/RESET_B : -90.651688
[setup in-reg] rst_n -> _86937_/RESET_B : -90.651688
[setup in-reg] rst_n -> _86938_/RESET_B : -90.651688
[setup in-reg] rst_n -> _86939_/RESET_B : -90.651688
[setup in-reg] rst_n -> _86940_/RESET_B : -90.651688
[setup in-reg] rst_n -> _86941_/RESET_B : -90.651688
[setup in-reg] rst_n -> _86942_/RESET_B : -90.651688
[setup in-reg] rst_n -> _86943_/RESET_B : -90.651688
[setup in-reg] rst_n -> _86944_/RESET_B : -90.651688
[setup in-reg] rst_n -> _86945_/RESET_B : -90.651688
[setup in-reg] rst_n -> _86946_/RESET_B : -90.651688
[setup in-reg] rst_n -> _86947_/RESET_B : -90.651688
[setup in-reg] rst_n -> _86948_/RESET_B : -90.651688
[setup in-reg] rst_n -> _86949_/RESET_B : -90.651688
[setup in-reg] rst_n -> _86950_/RESET_B : -90.651688
[setup in-reg] rst_n -> _86951_/RESET_B : -90.651688
[setup in-reg] rst_n -> _86952_/RESET_B : -90.651688
[setup in-reg] rst_n -> _86953_/RESET_B : -90.651688
[setup in-reg] rst_n -> _86954_/RESET_B : -90.651688
[setup in-reg] rst_n -> _86955_/RESET_B : -90.651688
[setup in-reg] rst_n -> _86956_/RESET_B : -90.651688
[setup in-reg] rst_n -> _86957_/RESET_B : -90.651688
[setup in-reg] rst_n -> _86958_/RESET_B : -90.651688
[setup in-reg] rst_n -> _86959_/RESET_B : -90.651688
[setup in-reg] rst_n -> _86960_/RESET_B : -90.651688
[setup in-reg] rst_n -> _86961_/RESET_B : -90.651688
[setup in-reg] rst_n -> _86962_/RESET_B : -90.651688
[setup in-reg] rst_n -> _86963_/RESET_B : -90.651688
[setup in-reg] rst_n -> _86964_/RESET_B : -90.651688
[setup in-reg] rst_n -> _86965_/RESET_B : -90.651688
[setup in-reg] rst_n -> _86966_/RESET_B : -90.651688
[setup in-reg] rst_n -> _86967_/RESET_B : -90.651688
[setup in-reg] rst_n -> _86968_/RESET_B : -90.651688
[setup in-reg] rst_n -> _86969_/RESET_B : -90.651688
[setup in-reg] rst_n -> _86970_/RESET_B : -90.651688
[setup in-reg] rst_n -> _86971_/RESET_B : -90.651688
[setup in-reg] rst_n -> _86972_/RESET_B : -90.651688
[setup in-reg] rst_n -> _86973_/RESET_B : -90.651688
[setup in-reg] rst_n -> _86974_/RESET_B : -90.651688
[setup in-reg] rst_n -> _86975_/RESET_B : -90.651688
[setup in-reg] rst_n -> _86976_/RESET_B : -90.651688
[setup in-reg] rst_n -> _86977_/RESET_B : -90.651688
[setup in-reg] rst_n -> _86978_/RESET_B : -90.651688
[setup in-reg] rst_n -> _86979_/RESET_B : -90.651688
[setup in-reg] rst_n -> _86980_/RESET_B : -90.651688
[setup in-reg] rst_n -> _86981_/RESET_B : -90.651688
[setup in-reg] rst_n -> _86982_/RESET_B : -90.651688
[setup in-reg] rst_n -> _86983_/RESET_B : -90.651688
[setup in-reg] rst_n -> _86984_/RESET_B : -90.651688
[setup in-reg] rst_n -> _86985_/RESET_B : -90.651688
[setup in-reg] rst_n -> _86986_/RESET_B : -90.651688
[setup in-reg] rst_n -> _86987_/RESET_B : -90.651688
[setup in-reg] rst_n -> _86988_/RESET_B : -90.651688
[setup in-reg] rst_n -> _86989_/RESET_B : -90.651688
[setup in-reg] rst_n -> _86990_/RESET_B : -90.651688
[setup in-reg] rst_n -> _86991_/RESET_B : -90.651688
[setup in-reg] rst_n -> _86992_/RESET_B : -90.651688
[setup in-reg] rst_n -> _86993_/RESET_B : -90.651688
[setup in-reg] rst_n -> _86994_/RESET_B : -90.651688
[setup in-reg] rst_n -> _86995_/RESET_B : -90.651688
[setup in-reg] rst_n -> _86996_/RESET_B : -90.651688
[setup in-reg] rst_n -> _86997_/RESET_B : -90.651688
[setup in-reg] rst_n -> _86998_/RESET_B : -90.651688
[setup in-reg] rst_n -> _86999_/RESET_B : -90.651688
[setup in-reg] rst_n -> _87000_/RESET_B : -90.651688
[setup in-reg] rst_n -> _87001_/RESET_B : -90.651688
[setup in-reg] rst_n -> _87002_/RESET_B : -90.651688
[setup in-reg] rst_n -> _87003_/RESET_B : -90.651688
[setup in-reg] rst_n -> _87004_/RESET_B : -90.651688
[setup in-reg] rst_n -> _87005_/RESET_B : -90.651688
[setup in-reg] rst_n -> _87006_/RESET_B : -90.651688
[setup in-reg] rst_n -> _87007_/RESET_B : -90.651688
[setup in-reg] rst_n -> _87008_/RESET_B : -90.651688
[setup in-reg] rst_n -> _87009_/RESET_B : -90.651688
[setup in-reg] rst_n -> _87010_/RESET_B : -90.651688
[setup in-reg] rst_n -> _87011_/RESET_B : -90.651688
[setup in-reg] rst_n -> _87012_/RESET_B : -90.651688
[setup in-reg] rst_n -> _87013_/RESET_B : -90.651688
[setup in-reg] rst_n -> _87014_/RESET_B : -90.651688
[setup in-reg] rst_n -> _87015_/RESET_B : -90.651688
[setup in-reg] rst_n -> _87016_/RESET_B : -90.651688
[setup in-reg] rst_n -> _87017_/RESET_B : -90.651688
[setup in-reg] rst_n -> _87018_/RESET_B : -90.651688
[setup in-reg] rst_n -> _87019_/RESET_B : -90.651688
[setup in-reg] rst_n -> _87020_/RESET_B : -90.651688
[setup in-reg] rst_n -> _87021_/RESET_B : -90.651688
[setup in-reg] rst_n -> _87022_/RESET_B : -90.651688
[setup in-reg] rst_n -> _87023_/RESET_B : -90.651688
[setup in-reg] rst_n -> _87024_/RESET_B : -90.651688
[setup in-reg] rst_n -> _87025_/RESET_B : -90.651688
[setup in-reg] rst_n -> _87026_/RESET_B : -90.651688
[setup in-reg] rst_n -> _87027_/RESET_B : -90.651688
[setup in-reg] rst_n -> _87028_/RESET_B : -90.651688
[setup in-reg] rst_n -> _87029_/RESET_B : -90.651688
[setup in-reg] rst_n -> _87030_/RESET_B : -90.651688
[setup in-reg] rst_n -> _87031_/RESET_B : -90.651688
[setup in-reg] rst_n -> _87032_/RESET_B : -90.651688
[setup in-reg] rst_n -> _87033_/RESET_B : -90.651688
[setup in-reg] rst_n -> _87034_/RESET_B : -90.651688
[setup in-reg] rst_n -> _87035_/RESET_B : -90.651688
[setup in-reg] rst_n -> _87036_/RESET_B : -90.651688
[setup in-reg] rst_n -> _87037_/RESET_B : -90.651688
[setup in-reg] rst_n -> _87038_/RESET_B : -90.651688
[setup in-reg] rst_n -> _87039_/RESET_B : -90.651688
[setup in-reg] rst_n -> _87040_/RESET_B : -90.651688
[setup in-reg] rst_n -> _87041_/RESET_B : -90.651688
[setup in-reg] rst_n -> _87042_/RESET_B : -90.651688
[setup in-reg] rst_n -> _87043_/RESET_B : -90.651688
[setup in-reg] rst_n -> _87044_/RESET_B : -90.651688
[setup in-reg] rst_n -> _87045_/RESET_B : -90.651688
[setup in-reg] rst_n -> _87046_/RESET_B : -90.651688
[setup in-reg] rst_n -> _87047_/RESET_B : -90.651688
[setup in-reg] rst_n -> _87048_/RESET_B : -90.651688
[setup in-reg] rst_n -> _87049_/RESET_B : -90.651688
[setup in-reg] rst_n -> _87050_/RESET_B : -90.651688
[setup in-reg] rst_n -> _87051_/RESET_B : -90.651688
[setup in-reg] rst_n -> _87052_/RESET_B : -90.651688
[setup in-reg] rst_n -> _87053_/RESET_B : -90.651688
[setup in-reg] rst_n -> _87054_/RESET_B : -90.651688
[setup in-reg] rst_n -> _87055_/RESET_B : -90.651688
[setup in-reg] rst_n -> _87056_/RESET_B : -90.651688
[setup in-reg] rst_n -> _87057_/RESET_B : -90.651688
[setup in-reg] rst_n -> _87058_/RESET_B : -90.651688
[setup in-reg] rst_n -> _87059_/RESET_B : -90.651688
[setup in-reg] rst_n -> _87060_/RESET_B : -90.651688
[setup in-reg] rst_n -> _87061_/RESET_B : -90.651688
[setup in-reg] rst_n -> _87062_/RESET_B : -90.651688
[setup in-reg] rst_n -> _87063_/RESET_B : -90.651688
[setup in-reg] rst_n -> _87064_/RESET_B : -90.651688
[setup in-reg] rst_n -> _87065_/RESET_B : -90.651688
[setup in-reg] rst_n -> _87066_/RESET_B : -90.651688
[setup in-reg] rst_n -> _87067_/RESET_B : -90.651688
[setup in-reg] rst_n -> _87068_/RESET_B : -90.651688
[setup in-reg] rst_n -> _87069_/RESET_B : -90.651688
[setup in-reg] rst_n -> _87070_/RESET_B : -90.651688
[setup in-reg] rst_n -> _87071_/RESET_B : -90.651688
[setup in-reg] rst_n -> _87072_/RESET_B : -90.651688
[setup in-reg] rst_n -> _87073_/RESET_B : -90.651688
[setup in-reg] rst_n -> _87074_/RESET_B : -90.651688
[setup in-reg] rst_n -> _87075_/RESET_B : -90.651688
[setup in-reg] rst_n -> _87076_/RESET_B : -90.651688
[setup in-reg] rst_n -> _87077_/RESET_B : -90.651688
[setup in-reg] rst_n -> _87078_/RESET_B : -90.651688
[setup in-reg] rst_n -> _87079_/RESET_B : -90.651688
[setup in-reg] rst_n -> _87080_/RESET_B : -90.651688
[setup in-reg] rst_n -> _87081_/RESET_B : -90.651688
[setup in-reg] rst_n -> _87082_/RESET_B : -90.651688
[setup in-reg] rst_n -> _87083_/RESET_B : -90.651688
[setup in-reg] rst_n -> _87084_/RESET_B : -90.651688
[setup in-reg] rst_n -> _87085_/RESET_B : -90.651688
[setup in-reg] rst_n -> _87086_/RESET_B : -90.651688
[setup in-reg] rst_n -> _87087_/RESET_B : -90.651688
[setup in-reg] rst_n -> _87088_/RESET_B : -90.651688
[setup in-reg] rst_n -> _87089_/RESET_B : -90.651688
[setup in-reg] rst_n -> _87090_/RESET_B : -90.651688
[setup in-reg] rst_n -> _87091_/RESET_B : -90.651688
[setup in-reg] rst_n -> _87092_/RESET_B : -90.651688
[setup in-reg] rst_n -> _87093_/RESET_B : -90.651688
[setup in-reg] rst_n -> _87094_/RESET_B : -90.651688
[setup in-reg] rst_n -> _87095_/RESET_B : -90.651688
[setup in-reg] rst_n -> _87096_/RESET_B : -90.651688
[setup in-reg] rst_n -> _87097_/RESET_B : -90.651688
[setup in-reg] rst_n -> _87098_/RESET_B : -90.651688
[setup in-reg] rst_n -> _87099_/RESET_B : -90.651688
[setup in-reg] rst_n -> _87100_/RESET_B : -90.651688
[setup in-reg] rst_n -> _87101_/RESET_B : -90.651688
[setup in-reg] rst_n -> _87102_/RESET_B : -90.651688
[setup in-reg] rst_n -> _87103_/RESET_B : -90.651688
[setup in-reg] rst_n -> _87104_/RESET_B : -90.651688
[setup in-reg] rst_n -> _87105_/RESET_B : -90.651688
[setup in-reg] rst_n -> _87106_/RESET_B : -90.651688
[setup in-reg] rst_n -> _87107_/RESET_B : -90.651688
[setup in-reg] rst_n -> _87108_/RESET_B : -90.651688
[setup in-reg] rst_n -> _87109_/RESET_B : -90.651688
[setup in-reg] rst_n -> _87110_/RESET_B : -90.651688
[setup in-reg] rst_n -> _87111_/RESET_B : -90.651688
[setup in-reg] rst_n -> _87112_/RESET_B : -90.651688
[setup in-reg] rst_n -> _87113_/RESET_B : -90.651688
[setup in-reg] rst_n -> _87114_/RESET_B : -90.651688
[setup in-reg] rst_n -> _87115_/RESET_B : -90.651688
[setup in-reg] rst_n -> _87116_/RESET_B : -90.651688
[setup in-reg] rst_n -> _87117_/RESET_B : -90.651688
[setup in-reg] rst_n -> _87118_/RESET_B : -90.651688
[setup in-reg] rst_n -> _87119_/RESET_B : -90.651688
[setup in-reg] rst_n -> _87120_/RESET_B : -90.651688
[setup in-reg] rst_n -> _87121_/RESET_B : -90.651688
[setup in-reg] rst_n -> _87122_/RESET_B : -90.651688
[setup in-reg] rst_n -> _87123_/RESET_B : -90.651688
[setup in-reg] rst_n -> _87124_/RESET_B : -90.651688
[setup in-reg] rst_n -> _87125_/RESET_B : -90.651688
[setup in-reg] rst_n -> _87126_/RESET_B : -90.651688
[setup in-reg] rst_n -> _87127_/RESET_B : -90.651688
[setup in-reg] rst_n -> _87128_/RESET_B : -90.651688
[setup in-reg] rst_n -> _87129_/RESET_B : -90.651688
[setup in-reg] rst_n -> _87130_/RESET_B : -90.651688
[setup in-reg] rst_n -> _87131_/RESET_B : -90.651688
[setup in-reg] rst_n -> _87132_/RESET_B : -90.651688
[setup in-reg] rst_n -> _87133_/RESET_B : -90.651688
[setup in-reg] rst_n -> _87134_/RESET_B : -90.651688
[setup in-reg] rst_n -> _87135_/RESET_B : -90.651688
[setup in-reg] rst_n -> _87136_/RESET_B : -90.651688
[setup in-reg] rst_n -> _87137_/RESET_B : -90.651688
[setup in-reg] rst_n -> _87138_/RESET_B : -90.651688
[setup in-reg] rst_n -> _87139_/RESET_B : -90.651688
[setup in-reg] rst_n -> _87140_/RESET_B : -90.651688
[setup in-reg] rst_n -> _87141_/RESET_B : -90.651688
[setup in-reg] rst_n -> _87142_/RESET_B : -90.651688
[setup in-reg] rst_n -> _87143_/RESET_B : -90.651688
[setup in-reg] rst_n -> _87144_/RESET_B : -90.651688
[setup in-reg] rst_n -> _87145_/RESET_B : -90.651688
[setup in-reg] rst_n -> _87146_/RESET_B : -90.651688
[setup in-reg] rst_n -> _87147_/RESET_B : -90.651688
[setup in-reg] rst_n -> _87148_/RESET_B : -90.651688
[setup in-reg] rst_n -> _87149_/RESET_B : -90.651688
[setup in-reg] rst_n -> _87150_/RESET_B : -90.651688
[setup in-reg] rst_n -> _87151_/RESET_B : -90.651688
[setup in-reg] rst_n -> _87152_/RESET_B : -90.651688
[setup in-reg] rst_n -> _87153_/RESET_B : -90.651688
[setup in-reg] rst_n -> _87154_/RESET_B : -90.651688
[setup in-reg] rst_n -> _87155_/RESET_B : -90.651688
[setup in-reg] rst_n -> _87156_/RESET_B : -90.651688
[setup in-reg] rst_n -> _87157_/RESET_B : -90.651688
[setup in-reg] rst_n -> _87158_/RESET_B : -90.651688
[setup in-reg] rst_n -> _87159_/RESET_B : -90.651688
[setup in-reg] rst_n -> _87160_/RESET_B : -90.651688
[setup in-reg] rst_n -> _87161_/RESET_B : -90.651688
[setup in-reg] rst_n -> _87162_/RESET_B : -90.651688
[setup in-reg] rst_n -> _87163_/RESET_B : -90.651688
[setup in-reg] rst_n -> _87164_/RESET_B : -90.651688
[setup in-reg] rst_n -> _87165_/RESET_B : -90.651688
[setup in-reg] rst_n -> _87166_/RESET_B : -90.651688
[setup in-reg] rst_n -> _87167_/RESET_B : -90.651688
[setup in-reg] rst_n -> _87168_/RESET_B : -90.651688
[setup in-reg] rst_n -> _87169_/RESET_B : -90.651688
[setup in-reg] rst_n -> _87170_/RESET_B : -90.651688
[setup in-reg] rst_n -> _87171_/RESET_B : -90.651688
[setup in-reg] rst_n -> _87172_/RESET_B : -90.651688
[setup in-reg] rst_n -> _87173_/RESET_B : -90.651688
[setup in-reg] rst_n -> _87174_/RESET_B : -90.651688
[setup in-reg] rst_n -> _87175_/RESET_B : -90.651688
[setup in-reg] rst_n -> _87176_/RESET_B : -90.651688
[setup in-reg] rst_n -> _87177_/RESET_B : -90.651688
[setup in-reg] rst_n -> _87178_/RESET_B : -90.651688
[setup in-reg] rst_n -> _87179_/RESET_B : -90.651688
[setup in-reg] rst_n -> _87180_/RESET_B : -90.651688
[setup in-reg] rst_n -> _87181_/RESET_B : -90.651688
[setup in-reg] rst_n -> _87182_/RESET_B : -90.651688
[setup in-reg] rst_n -> _87183_/RESET_B : -90.651688
[setup in-reg] rst_n -> _87184_/RESET_B : -90.651688
[setup in-reg] rst_n -> _87185_/RESET_B : -90.651688
[setup in-reg] rst_n -> _87186_/RESET_B : -90.651688
[setup in-reg] rst_n -> _87187_/RESET_B : -90.651688
[setup in-reg] rst_n -> _87188_/RESET_B : -90.651688
[setup in-reg] rst_n -> _87189_/RESET_B : -90.651688
[setup in-reg] rst_n -> _87190_/RESET_B : -90.651688
[setup in-reg] rst_n -> _87191_/RESET_B : -90.651688
[setup in-reg] rst_n -> _87192_/RESET_B : -90.651688
[setup in-reg] rst_n -> _87193_/RESET_B : -90.651688
[setup in-reg] rst_n -> _87194_/RESET_B : -90.651688
[setup in-reg] rst_n -> _87195_/RESET_B : -90.651688
[setup in-reg] rst_n -> _87196_/RESET_B : -90.651688
[setup in-reg] rst_n -> _87197_/RESET_B : -90.651688
[setup in-reg] rst_n -> _87198_/RESET_B : -90.651688
[setup in-reg] rst_n -> _87199_/RESET_B : -90.651688
[setup in-reg] rst_n -> _87200_/RESET_B : -90.651688
[setup in-reg] rst_n -> _87201_/RESET_B : -90.651688
[setup in-reg] rst_n -> _87202_/RESET_B : -90.651688
[setup in-reg] rst_n -> _87203_/RESET_B : -90.651688
[setup in-reg] rst_n -> _87204_/RESET_B : -90.651688
[setup in-reg] rst_n -> _87205_/RESET_B : -90.651688
[setup in-reg] rst_n -> _87206_/RESET_B : -90.651688
[setup in-reg] rst_n -> _87207_/RESET_B : -90.651688
[setup in-reg] rst_n -> _87208_/RESET_B : -90.651688
[setup in-reg] rst_n -> _87209_/RESET_B : -90.651688
[setup in-reg] rst_n -> _87210_/RESET_B : -90.651688
[setup in-reg] rst_n -> _87211_/RESET_B : -90.651688
[setup in-reg] rst_n -> _87212_/RESET_B : -90.651688
[setup in-reg] rst_n -> _87213_/RESET_B : -90.651688
[setup in-reg] rst_n -> _87214_/RESET_B : -90.651688
[setup in-reg] rst_n -> _87215_/RESET_B : -90.651688
[setup in-reg] rst_n -> _87216_/RESET_B : -90.651688
[setup in-reg] rst_n -> _87217_/RESET_B : -90.651688
[setup in-reg] rst_n -> _87218_/RESET_B : -90.651688
[setup in-reg] rst_n -> _87219_/RESET_B : -90.651688
[setup in-reg] rst_n -> _87220_/RESET_B : -90.651688
[setup in-reg] rst_n -> _87221_/RESET_B : -90.651688
[setup in-reg] rst_n -> _87222_/RESET_B : -90.651688
[setup in-reg] rst_n -> _87223_/RESET_B : -90.651688
[setup in-reg] rst_n -> _87224_/RESET_B : -90.651688
[setup in-reg] rst_n -> _87225_/RESET_B : -90.651688
[setup in-reg] rst_n -> _87226_/RESET_B : -90.651688
[setup in-reg] rst_n -> _87227_/RESET_B : -90.651688
[setup in-reg] rst_n -> _87228_/RESET_B : -90.651688
[setup in-reg] rst_n -> _87229_/RESET_B : -90.651688
[setup in-reg] rst_n -> _87230_/RESET_B : -90.651688
[setup in-reg] rst_n -> _87231_/RESET_B : -90.651688
[setup in-reg] rst_n -> _87232_/RESET_B : -90.651688
[setup in-reg] rst_n -> _87233_/RESET_B : -90.651688
[setup in-reg] rst_n -> _87234_/RESET_B : -90.651688
[setup in-reg] rst_n -> _87235_/RESET_B : -90.651688
[setup in-reg] rst_n -> _87236_/RESET_B : -90.651688
[setup in-reg] rst_n -> _87237_/RESET_B : -90.651688
[setup in-reg] rst_n -> _87238_/RESET_B : -90.651688
[setup in-reg] rst_n -> _87239_/RESET_B : -90.651688
[setup in-reg] rst_n -> _87240_/RESET_B : -90.651688
[setup in-reg] rst_n -> _87241_/RESET_B : -90.651688
[setup in-reg] rst_n -> _87242_/RESET_B : -90.651688
[setup in-reg] rst_n -> _87243_/RESET_B : -90.651688
[setup in-reg] rst_n -> _87244_/RESET_B : -90.651688
[setup in-reg] rst_n -> _87245_/RESET_B : -90.651688
[setup in-reg] rst_n -> _87246_/RESET_B : -90.651688
[setup in-reg] rst_n -> _87247_/RESET_B : -90.651688
[setup in-reg] rst_n -> _87248_/RESET_B : -90.651688
[setup in-reg] rst_n -> _87249_/RESET_B : -90.651688
[setup in-reg] rst_n -> _87250_/RESET_B : -90.651688
[setup in-reg] rst_n -> _87251_/RESET_B : -90.651688
[setup in-reg] rst_n -> _87252_/RESET_B : -90.651688
[setup in-reg] rst_n -> _87253_/RESET_B : -90.651688
[setup in-reg] rst_n -> _87254_/RESET_B : -90.651688
[setup in-reg] rst_n -> _87255_/RESET_B : -90.651688
[setup in-reg] rst_n -> _87256_/RESET_B : -90.651688
[setup in-reg] rst_n -> _87257_/RESET_B : -90.651688
[setup in-reg] rst_n -> _87258_/RESET_B : -90.651688
[setup in-reg] rst_n -> _87259_/RESET_B : -90.651688
[setup in-reg] rst_n -> _87260_/RESET_B : -90.651688
[setup in-reg] rst_n -> _87261_/RESET_B : -90.651688
[setup in-reg] rst_n -> _87262_/RESET_B : -90.651688
[setup in-reg] rst_n -> _87263_/RESET_B : -90.651688
[setup in-reg] rst_n -> _87264_/RESET_B : -90.651688
[setup in-reg] rst_n -> _87265_/RESET_B : -90.651688
[setup in-reg] rst_n -> _87266_/RESET_B : -90.651688
[setup in-reg] rst_n -> _87267_/RESET_B : -90.651688
[setup in-reg] rst_n -> _87268_/RESET_B : -90.651688
[setup in-reg] rst_n -> _87269_/RESET_B : -90.651688
[setup in-reg] rst_n -> _87270_/RESET_B : -90.651688
[setup in-reg] rst_n -> _87271_/RESET_B : -90.651688
[setup in-reg] rst_n -> _87272_/RESET_B : -90.651688
[setup in-reg] rst_n -> _87273_/RESET_B : -90.651688
[setup in-reg] rst_n -> _87274_/RESET_B : -90.651688
[setup in-reg] rst_n -> _87275_/RESET_B : -90.651688
[setup in-reg] rst_n -> _87276_/RESET_B : -90.651688
[setup in-reg] rst_n -> _87277_/RESET_B : -90.651688
[setup in-reg] rst_n -> _87278_/RESET_B : -90.651688
[setup in-reg] rst_n -> _87279_/RESET_B : -90.651688
[setup in-reg] rst_n -> _87280_/RESET_B : -90.651688
[setup in-reg] rst_n -> _87281_/RESET_B : -90.651688
[setup in-reg] rst_n -> _87282_/RESET_B : -90.651688
[setup in-reg] rst_n -> _87283_/RESET_B : -90.651688
[setup in-reg] rst_n -> _87284_/RESET_B : -90.651688
[setup in-reg] rst_n -> _87285_/RESET_B : -90.651688
[setup in-reg] rst_n -> _87286_/RESET_B : -90.651688
[setup in-reg] rst_n -> _87287_/RESET_B : -90.651688
[setup in-reg] rst_n -> _87288_/RESET_B : -90.651688
[setup in-reg] rst_n -> _87289_/RESET_B : -90.651688
[setup in-reg] rst_n -> _87290_/RESET_B : -90.651688
[setup in-reg] rst_n -> _87291_/RESET_B : -90.651688
[setup in-reg] rst_n -> _87292_/RESET_B : -90.651688
[setup in-reg] rst_n -> _87293_/RESET_B : -90.651688
[setup in-reg] rst_n -> _87294_/RESET_B : -90.651688
[setup in-reg] rst_n -> _87295_/RESET_B : -90.651688
[setup in-reg] rst_n -> _87296_/RESET_B : -90.651688
[setup in-reg] rst_n -> _87297_/RESET_B : -90.651688
[setup in-reg] rst_n -> _87298_/RESET_B : -90.651688
[setup in-reg] rst_n -> _87299_/RESET_B : -90.651688
[setup in-reg] rst_n -> _87300_/RESET_B : -90.651688
[setup in-reg] rst_n -> _87301_/RESET_B : -90.651688
[setup in-reg] rst_n -> _87302_/RESET_B : -90.651688
[setup in-reg] rst_n -> _87303_/RESET_B : -90.651688
[setup in-reg] rst_n -> _87304_/RESET_B : -90.651688
[setup in-reg] rst_n -> _87305_/RESET_B : -90.651688
[setup in-reg] rst_n -> _87306_/RESET_B : -90.651688
[setup in-reg] rst_n -> _87307_/RESET_B : -90.651688
[setup in-reg] rst_n -> _87308_/RESET_B : -90.651688
[setup in-reg] rst_n -> _87309_/RESET_B : -90.651688
[setup in-reg] rst_n -> _87310_/RESET_B : -90.651688
[setup in-reg] rst_n -> _87311_/RESET_B : -90.651688
[setup in-reg] rst_n -> _87312_/RESET_B : -90.651688
[setup in-reg] rst_n -> _87313_/RESET_B : -90.651688
[setup in-reg] rst_n -> _87314_/RESET_B : -90.651688
[setup in-reg] rst_n -> _87315_/RESET_B : -90.651688
[setup in-reg] rst_n -> _87316_/RESET_B : -90.651688
[setup in-reg] rst_n -> _87317_/RESET_B : -90.651688
[setup in-reg] rst_n -> _87318_/RESET_B : -90.651688
[setup in-reg] rst_n -> _87319_/RESET_B : -90.651688
[setup in-reg] rst_n -> _87320_/RESET_B : -90.651688
[setup in-reg] rst_n -> _87321_/RESET_B : -90.651688
[setup in-reg] rst_n -> _87322_/RESET_B : -90.651688
[setup in-reg] rst_n -> _87323_/RESET_B : -90.651688
[setup in-reg] rst_n -> _87324_/RESET_B : -90.651688
[setup in-reg] rst_n -> _87325_/RESET_B : -90.651688
[setup in-reg] rst_n -> _87326_/RESET_B : -90.651688
[setup in-reg] rst_n -> _87327_/RESET_B : -90.651688
[setup in-reg] rst_n -> _87328_/RESET_B : -90.651688
[setup in-reg] rst_n -> _87329_/RESET_B : -90.651688
[setup in-reg] rst_n -> _87330_/RESET_B : -90.651688
[setup in-reg] rst_n -> _87331_/RESET_B : -90.651688
[setup in-reg] rst_n -> _87332_/RESET_B : -90.651688
[setup in-reg] rst_n -> _87333_/RESET_B : -90.651688
[setup in-reg] rst_n -> _87334_/RESET_B : -90.651688
[setup in-reg] rst_n -> _87335_/RESET_B : -90.651688
[setup in-reg] rst_n -> _87336_/RESET_B : -90.651688
[setup in-reg] rst_n -> _87337_/RESET_B : -90.651688
[setup in-reg] rst_n -> _87338_/RESET_B : -90.651688
[setup in-reg] rst_n -> _87339_/RESET_B : -90.651688
[setup in-reg] rst_n -> _87340_/RESET_B : -90.651688
[setup in-reg] rst_n -> _87341_/RESET_B : -90.651688
[setup in-reg] rst_n -> _87342_/RESET_B : -90.651688
[setup in-reg] rst_n -> _87343_/RESET_B : -90.651688
[setup in-reg] rst_n -> _87344_/RESET_B : -90.651688
[setup in-reg] rst_n -> _87345_/RESET_B : -90.651688
[setup in-reg] rst_n -> _87346_/RESET_B : -90.651688
[setup in-reg] rst_n -> _87347_/RESET_B : -90.651688
[setup in-reg] rst_n -> _87348_/RESET_B : -90.651688
[setup in-reg] rst_n -> _87349_/RESET_B : -90.651688
[setup in-reg] rst_n -> _87350_/RESET_B : -90.651688
[setup in-reg] rst_n -> _87351_/RESET_B : -90.651688
[setup in-reg] rst_n -> _87352_/RESET_B : -90.651688
[setup in-reg] rst_n -> _87353_/RESET_B : -90.651688
[setup in-reg] rst_n -> _87354_/RESET_B : -90.651688
[setup in-reg] rst_n -> _87355_/RESET_B : -90.651688
[setup in-reg] rst_n -> _87356_/RESET_B : -90.651688
[setup in-reg] rst_n -> _87357_/RESET_B : -90.651688
[setup in-reg] rst_n -> _87358_/RESET_B : -90.651688
[setup in-reg] rst_n -> _87359_/RESET_B : -90.651688
[setup in-reg] rst_n -> _87360_/RESET_B : -90.651688
[setup in-reg] rst_n -> _87361_/RESET_B : -90.651688
[setup in-reg] rst_n -> _87362_/RESET_B : -90.651688
[setup in-reg] rst_n -> _87363_/RESET_B : -90.651688
[setup in-reg] rst_n -> _87364_/RESET_B : -90.651688
[setup in-reg] rst_n -> _87365_/RESET_B : -90.651688
[setup in-reg] rst_n -> _87366_/RESET_B : -90.651688
[setup in-reg] rst_n -> _87367_/RESET_B : -90.651688
[setup in-reg] rst_n -> _87368_/RESET_B : -90.651688
[setup in-reg] rst_n -> _87369_/RESET_B : -90.651688
[setup in-reg] rst_n -> _87370_/RESET_B : -90.651688
[setup in-reg] rst_n -> _87371_/RESET_B : -90.651688
[setup in-reg] rst_n -> _87372_/RESET_B : -90.651688
[setup in-reg] rst_n -> _87373_/RESET_B : -90.651688
[setup in-reg] rst_n -> _87374_/RESET_B : -90.651688
[setup in-reg] rst_n -> _87375_/RESET_B : -90.651688
[setup in-reg] rst_n -> _87376_/RESET_B : -90.651688
[setup in-reg] rst_n -> _87377_/RESET_B : -90.651688
[setup in-reg] rst_n -> _87378_/RESET_B : -90.651688
[setup in-reg] rst_n -> _87379_/RESET_B : -90.651688
[setup in-reg] rst_n -> _87380_/RESET_B : -90.651688
[setup in-reg] rst_n -> _87381_/RESET_B : -90.651688
[setup in-reg] rst_n -> _87382_/RESET_B : -90.651688
[setup in-reg] rst_n -> _87383_/RESET_B : -90.651688
[setup in-reg] rst_n -> _87384_/RESET_B : -90.651688
[setup in-reg] rst_n -> _87385_/RESET_B : -90.651688
[setup in-reg] rst_n -> _87386_/RESET_B : -90.651688
[setup in-reg] rst_n -> _87387_/RESET_B : -90.651688
[setup in-reg] rst_n -> _87388_/RESET_B : -90.651688
[setup in-reg] rst_n -> _87389_/RESET_B : -90.651688
[setup in-reg] rst_n -> _87390_/RESET_B : -90.651688
[setup in-reg] rst_n -> _87391_/RESET_B : -90.651688
[setup in-reg] rst_n -> _87392_/RESET_B : -90.651688
[setup in-reg] rst_n -> _87393_/RESET_B : -90.651688
[setup in-reg] rst_n -> _87394_/RESET_B : -90.651688
[setup in-reg] rst_n -> _87395_/RESET_B : -90.651688
[setup in-reg] rst_n -> _87396_/RESET_B : -90.651688
[setup in-reg] rst_n -> _87397_/RESET_B : -90.651688
[setup in-reg] rst_n -> _87398_/RESET_B : -90.651688
[setup in-reg] rst_n -> _87399_/RESET_B : -90.651688
[setup in-reg] rst_n -> _87400_/RESET_B : -90.651688
[setup in-reg] rst_n -> _87401_/RESET_B : -90.651688
[setup in-reg] rst_n -> _87402_/RESET_B : -90.651688
[setup in-reg] rst_n -> _87403_/RESET_B : -90.651688
[setup in-reg] rst_n -> _87404_/RESET_B : -90.651688
[setup in-reg] rst_n -> _87405_/RESET_B : -90.651688
[setup in-reg] rst_n -> _87406_/RESET_B : -90.651688
[setup in-reg] rst_n -> _87407_/RESET_B : -90.651688
[setup in-reg] rst_n -> _87408_/RESET_B : -90.651688
[setup in-reg] rst_n -> _87409_/RESET_B : -90.651688
[setup in-reg] rst_n -> _87410_/RESET_B : -90.651688
[setup in-reg] rst_n -> _87411_/RESET_B : -90.651688
[setup in-reg] rst_n -> _87412_/RESET_B : -90.651688
[setup in-reg] rst_n -> _87413_/RESET_B : -90.651688
[setup in-reg] rst_n -> _87414_/RESET_B : -90.651688
[setup in-reg] rst_n -> _87415_/RESET_B : -90.651688
[setup in-reg] rst_n -> _87416_/RESET_B : -90.651688
[setup in-reg] rst_n -> _87417_/RESET_B : -90.651688
[setup in-reg] rst_n -> _87418_/RESET_B : -90.651688
[setup in-reg] rst_n -> _87419_/RESET_B : -90.651688
[setup in-reg] rst_n -> _87420_/RESET_B : -90.651688
[setup in-reg] rst_n -> _87421_/RESET_B : -90.651688
[setup in-reg] rst_n -> _87422_/RESET_B : -90.651688
[setup in-reg] rst_n -> _87423_/RESET_B : -90.651688
[setup in-reg] rst_n -> _87424_/RESET_B : -90.651688
[setup in-reg] rst_n -> _87425_/RESET_B : -90.651688
[setup in-reg] rst_n -> _87426_/RESET_B : -90.651688
[setup in-reg] rst_n -> _87427_/RESET_B : -90.651688
[setup in-reg] rst_n -> _87428_/RESET_B : -90.651688
[setup in-reg] rst_n -> _87429_/RESET_B : -90.651688
[setup in-reg] rst_n -> _87430_/RESET_B : -90.651688
[setup in-reg] rst_n -> _87431_/RESET_B : -90.651688
[setup in-reg] rst_n -> _87432_/RESET_B : -90.651688
[setup in-reg] rst_n -> _87433_/RESET_B : -90.651688
[setup in-reg] rst_n -> _87434_/RESET_B : -90.651688
[setup in-reg] rst_n -> _87435_/RESET_B : -90.651688
[setup in-reg] rst_n -> _87436_/RESET_B : -90.651688
[setup in-reg] rst_n -> _87437_/RESET_B : -90.651688
[setup in-reg] rst_n -> _87438_/RESET_B : -90.651688
[setup in-reg] rst_n -> _87439_/RESET_B : -90.651688
[setup in-reg] rst_n -> _87440_/RESET_B : -90.651688
[setup in-reg] rst_n -> _87441_/RESET_B : -90.651688
[setup in-reg] rst_n -> _87442_/RESET_B : -90.651688
[setup in-reg] rst_n -> _87443_/RESET_B : -90.651688
[setup in-reg] rst_n -> _87444_/RESET_B : -90.651688
[setup in-reg] rst_n -> _87445_/RESET_B : -90.651688
[setup in-reg] rst_n -> _87446_/RESET_B : -90.651688
[setup in-reg] rst_n -> _87447_/RESET_B : -90.651688
[setup in-reg] rst_n -> _87448_/RESET_B : -90.651688
[setup in-reg] rst_n -> _87449_/RESET_B : -90.651688
[setup in-reg] rst_n -> _87450_/RESET_B : -90.651688
[setup in-reg] rst_n -> _87451_/RESET_B : -90.651688
[setup in-reg] rst_n -> _87452_/RESET_B : -90.651688
[setup in-reg] rst_n -> _87453_/RESET_B : -90.651688
[setup in-reg] rst_n -> _87454_/RESET_B : -90.651688
[setup in-reg] rst_n -> _87455_/RESET_B : -90.651688
[setup in-reg] rst_n -> _87456_/RESET_B : -90.651688
[setup in-reg] rst_n -> _87457_/RESET_B : -90.651688
[setup in-reg] rst_n -> _87458_/RESET_B : -90.651688
[setup in-reg] rst_n -> _87459_/RESET_B : -90.651688
[setup in-reg] rst_n -> _87460_/RESET_B : -90.651688
[setup in-reg] rst_n -> _87461_/RESET_B : -90.651688
[setup in-reg] rst_n -> _87462_/RESET_B : -90.651688
[setup in-reg] rst_n -> _87463_/RESET_B : -90.651688
[setup in-reg] rst_n -> _87464_/RESET_B : -90.651688
[setup in-reg] rst_n -> _87465_/RESET_B : -90.651688
[setup in-reg] rst_n -> _87466_/RESET_B : -90.651688
[setup in-reg] rst_n -> _87467_/RESET_B : -90.651688
[setup in-reg] rst_n -> _87468_/RESET_B : -90.651688
[setup in-reg] rst_n -> _87469_/RESET_B : -90.651688
[setup in-reg] rst_n -> _87470_/RESET_B : -90.651688
[setup in-reg] rst_n -> _87471_/RESET_B : -90.651688
[setup in-reg] rst_n -> _87472_/RESET_B : -90.651688
[setup in-reg] rst_n -> _87473_/RESET_B : -90.651688
[setup in-reg] rst_n -> _87474_/RESET_B : -90.651688
[setup in-reg] rst_n -> _87475_/RESET_B : -90.651688
[setup in-reg] rst_n -> _87476_/RESET_B : -90.651688
[setup in-reg] rst_n -> _87477_/RESET_B : -90.651688
[setup in-reg] rst_n -> _87478_/RESET_B : -90.651688
[setup in-reg] rst_n -> _87479_/RESET_B : -90.651688
[setup in-reg] rst_n -> _87480_/RESET_B : -90.651688
[setup in-reg] rst_n -> _87481_/RESET_B : -90.651688
[setup in-reg] rst_n -> _87482_/RESET_B : -90.651688
[setup in-reg] rst_n -> _87483_/RESET_B : -90.651688
[setup in-reg] rst_n -> _87484_/RESET_B : -90.651688
[setup in-reg] rst_n -> _87485_/RESET_B : -90.651688
[setup in-reg] rst_n -> _87486_/RESET_B : -90.651688
[setup in-reg] rst_n -> _87487_/RESET_B : -90.651688
[setup in-reg] rst_n -> _87488_/RESET_B : -90.651688
[setup in-reg] rst_n -> _87489_/RESET_B : -90.651688
[setup in-reg] rst_n -> _87490_/RESET_B : -90.651688
[setup in-reg] rst_n -> _87491_/RESET_B : -90.651688
[setup in-reg] rst_n -> _87492_/RESET_B : -90.651688
[setup in-reg] rst_n -> _87493_/RESET_B : -90.651688
[setup in-reg] rst_n -> _87494_/RESET_B : -90.651688
[setup in-reg] rst_n -> _87495_/RESET_B : -90.651688
[setup in-reg] rst_n -> _87496_/RESET_B : -90.651688
[setup in-reg] rst_n -> _87497_/RESET_B : -90.651688
[setup in-reg] rst_n -> _87498_/RESET_B : -90.651688
[setup in-reg] rst_n -> _87499_/RESET_B : -90.651688
[setup in-reg] rst_n -> _87500_/RESET_B : -90.651688
[setup in-reg] rst_n -> _87501_/RESET_B : -90.651688
[setup in-reg] rst_n -> _87502_/RESET_B : -90.651688
[setup in-reg] rst_n -> _87503_/RESET_B : -90.651688
[setup in-reg] rst_n -> _87504_/RESET_B : -90.651688
[setup in-reg] rst_n -> _87505_/RESET_B : -90.651688
[setup in-reg] rst_n -> _87506_/RESET_B : -90.651688
[setup in-reg] rst_n -> _87507_/RESET_B : -90.651688
[setup in-reg] rst_n -> _87508_/RESET_B : -90.651688
[setup in-reg] rst_n -> _87509_/RESET_B : -90.651688
[setup in-reg] rst_n -> _87510_/RESET_B : -90.651688
[setup in-reg] rst_n -> _87511_/RESET_B : -90.651688
[setup in-reg] rst_n -> _87512_/RESET_B : -90.651688
[setup in-reg] rst_n -> _87513_/RESET_B : -90.651688
[setup in-reg] rst_n -> _87514_/RESET_B : -90.651688
[setup in-reg] rst_n -> _87515_/RESET_B : -90.651688
[setup in-reg] rst_n -> _87516_/RESET_B : -90.651688
[setup in-reg] rst_n -> _87517_/RESET_B : -90.651688
[setup in-reg] rst_n -> _87518_/RESET_B : -90.651688
[setup in-reg] rst_n -> _87519_/RESET_B : -90.651688
[setup in-reg] rst_n -> _87520_/RESET_B : -90.651688
[setup in-reg] rst_n -> _87521_/RESET_B : -90.651688
[setup in-reg] rst_n -> _87522_/RESET_B : -90.651688
[setup in-reg] rst_n -> _87523_/RESET_B : -90.651688
[setup in-reg] rst_n -> _87524_/RESET_B : -90.651688
[setup in-reg] rst_n -> _87525_/RESET_B : -90.651688
[setup in-reg] rst_n -> _87526_/RESET_B : -90.651688
[setup in-reg] rst_n -> _87527_/RESET_B : -90.651688
[setup in-reg] rst_n -> _87528_/RESET_B : -90.651688
[setup in-reg] rst_n -> _87529_/RESET_B : -90.651688
[setup in-reg] rst_n -> _87530_/RESET_B : -90.651688
[setup in-reg] rst_n -> _87531_/RESET_B : -90.651688
[setup in-reg] rst_n -> _87532_/RESET_B : -90.651688
[setup in-reg] rst_n -> _87533_/RESET_B : -90.651688
[setup in-reg] rst_n -> _87534_/RESET_B : -90.651688
[setup in-reg] rst_n -> _87535_/RESET_B : -90.651688
[setup in-reg] rst_n -> _87536_/RESET_B : -90.651688
[setup in-reg] rst_n -> _87537_/RESET_B : -90.651688
[setup in-reg] rst_n -> _87538_/RESET_B : -90.651688
[setup in-reg] rst_n -> _87539_/RESET_B : -90.651688
[setup in-reg] rst_n -> _87540_/RESET_B : -90.651688
[setup in-reg] rst_n -> _87541_/RESET_B : -90.651688
[setup in-reg] rst_n -> _87542_/RESET_B : -90.651688
[setup in-reg] rst_n -> _87543_/RESET_B : -90.651688
[setup in-reg] rst_n -> _87544_/RESET_B : -90.651688
[setup in-reg] rst_n -> _87545_/RESET_B : -90.651688
[setup in-reg] rst_n -> _87546_/RESET_B : -90.651688
[setup in-reg] rst_n -> _87547_/RESET_B : -90.651688
[setup in-reg] rst_n -> _87548_/RESET_B : -90.651688
[setup in-reg] rst_n -> _87549_/RESET_B : -90.651688
[setup in-reg] rst_n -> _87550_/RESET_B : -90.651688
[setup in-reg] rst_n -> _87551_/RESET_B : -90.651688
[setup in-reg] rst_n -> _87552_/RESET_B : -90.651688
[setup in-reg] rst_n -> _87553_/RESET_B : -90.651688
[setup in-reg] rst_n -> _87554_/RESET_B : -90.651688
[setup in-reg] rst_n -> _87555_/RESET_B : -90.651688
[setup in-reg] rst_n -> _87556_/RESET_B : -90.651688
[setup in-reg] rst_n -> _87557_/RESET_B : -90.651688
[setup in-reg] rst_n -> _87558_/RESET_B : -90.651688
[setup in-reg] rst_n -> _87559_/RESET_B : -90.651688
[setup in-reg] rst_n -> _87560_/RESET_B : -90.651688
[setup in-reg] rst_n -> _87561_/RESET_B : -90.651688
[setup in-reg] rst_n -> _87562_/RESET_B : -90.651688
[setup in-reg] rst_n -> _87563_/RESET_B : -90.651688
[setup in-reg] rst_n -> _87564_/RESET_B : -90.651688
[setup in-reg] rst_n -> _87565_/RESET_B : -90.651688
[setup in-reg] rst_n -> _87566_/RESET_B : -90.651688
[setup in-reg] rst_n -> _87567_/RESET_B : -90.651688
[setup in-reg] rst_n -> _87568_/RESET_B : -90.651688
[setup in-reg] rst_n -> _87569_/RESET_B : -90.651688
[setup in-reg] rst_n -> _87570_/RESET_B : -90.651688
[setup in-reg] rst_n -> _87571_/RESET_B : -90.651688
[setup in-reg] rst_n -> _87572_/RESET_B : -90.651688
[setup in-reg] rst_n -> _87573_/RESET_B : -90.651688
[setup in-reg] rst_n -> _87574_/RESET_B : -90.651688
[setup in-reg] rst_n -> _87575_/RESET_B : -90.651688
[setup in-reg] rst_n -> _87576_/RESET_B : -90.651688
[setup in-reg] rst_n -> _87577_/RESET_B : -90.651688
[setup in-reg] rst_n -> _87578_/RESET_B : -90.651688
[setup in-reg] rst_n -> _87579_/RESET_B : -90.651688
[setup in-reg] rst_n -> _87580_/RESET_B : -90.651688
[setup in-reg] rst_n -> _87581_/RESET_B : -90.651688
[setup in-reg] rst_n -> _87582_/RESET_B : -90.651688
[setup in-reg] rst_n -> _87583_/RESET_B : -90.651688
[setup in-reg] rst_n -> _87584_/RESET_B : -90.651688
[setup in-reg] rst_n -> _87585_/RESET_B : -90.651688
[setup in-reg] rst_n -> _87586_/RESET_B : -90.651688
[setup in-reg] rst_n -> _87587_/RESET_B : -90.651688
[setup in-reg] rst_n -> _87588_/RESET_B : -90.651688
[setup in-reg] rst_n -> _87589_/RESET_B : -90.651688
[setup in-reg] rst_n -> _87590_/RESET_B : -90.651688
[setup in-reg] rst_n -> _87591_/RESET_B : -90.651688
[setup in-reg] rst_n -> _87592_/RESET_B : -90.651688
[setup in-reg] rst_n -> _87593_/RESET_B : -90.651688
[setup in-reg] rst_n -> _87594_/RESET_B : -90.651688
[setup in-reg] rst_n -> _87595_/RESET_B : -90.651688
[setup in-reg] rst_n -> _87596_/RESET_B : -90.651688
[setup in-reg] rst_n -> _87597_/RESET_B : -90.651688
[setup in-reg] rst_n -> _87598_/RESET_B : -90.651688
[setup in-reg] rst_n -> _87599_/RESET_B : -90.651688
[setup in-reg] rst_n -> _87600_/RESET_B : -90.651688
[setup in-reg] rst_n -> _87601_/RESET_B : -90.651688
[setup in-reg] rst_n -> _87602_/RESET_B : -90.651688
[setup in-reg] rst_n -> _87603_/RESET_B : -90.651688
[setup in-reg] rst_n -> _87604_/RESET_B : -90.651688
[setup in-reg] rst_n -> _87605_/RESET_B : -90.651688
[setup in-reg] rst_n -> _87606_/RESET_B : -90.651688
[setup in-reg] rst_n -> _87607_/RESET_B : -90.651688
[setup in-reg] rst_n -> _87608_/RESET_B : -90.651688
[setup in-reg] rst_n -> _87609_/RESET_B : -90.651688
[setup in-reg] rst_n -> _87610_/RESET_B : -90.651688
[setup in-reg] rst_n -> _87611_/RESET_B : -90.651688
[setup in-reg] rst_n -> _87612_/RESET_B : -90.651688
[setup in-reg] rst_n -> _87613_/RESET_B : -90.651688
[setup in-reg] rst_n -> _87614_/RESET_B : -90.651688
[setup in-reg] rst_n -> _87615_/RESET_B : -90.651688
[setup in-reg] rst_n -> _87616_/RESET_B : -90.651688
[setup in-reg] rst_n -> _87617_/RESET_B : -90.651688
[setup in-reg] rst_n -> _87618_/RESET_B : -90.651688
[setup in-reg] rst_n -> _87619_/RESET_B : -90.651688
[setup in-reg] rst_n -> _87620_/RESET_B : -90.651688
[setup in-reg] rst_n -> _87621_/RESET_B : -90.651688
[setup in-reg] rst_n -> _87622_/RESET_B : -90.651688
[setup in-reg] rst_n -> _87623_/RESET_B : -90.651688
[setup in-reg] rst_n -> _87624_/RESET_B : -90.651688
[setup in-reg] rst_n -> _87625_/RESET_B : -90.651688
[setup in-reg] rst_n -> _87626_/RESET_B : -90.651688
[setup in-reg] rst_n -> _87627_/RESET_B : -90.651688
[setup in-reg] rst_n -> _87628_/RESET_B : -90.651688
[setup in-reg] rst_n -> _87629_/RESET_B : -90.651688
[setup in-reg] rst_n -> _87630_/RESET_B : -90.651688
[setup in-reg] rst_n -> _87631_/RESET_B : -90.651688
[setup in-reg] rst_n -> _87632_/RESET_B : -90.651688
[setup in-reg] rst_n -> _87633_/RESET_B : -90.651688
[setup in-reg] rst_n -> _87634_/RESET_B : -90.651688
[setup in-reg] rst_n -> _87635_/RESET_B : -90.651688
[setup in-reg] rst_n -> _87636_/RESET_B : -90.651688
[setup in-reg] rst_n -> _87637_/RESET_B : -90.651688
[setup in-reg] rst_n -> _87638_/RESET_B : -90.651688
[setup in-reg] rst_n -> _87639_/RESET_B : -90.651688
[setup in-reg] rst_n -> _87640_/RESET_B : -90.651688
[setup in-reg] rst_n -> _87641_/RESET_B : -90.651688
[setup in-reg] rst_n -> _87642_/RESET_B : -90.651688
[setup in-reg] rst_n -> _87643_/RESET_B : -90.651688
[setup in-reg] rst_n -> _87644_/RESET_B : -90.651688
[setup in-reg] rst_n -> _87645_/RESET_B : -90.651688
[setup in-reg] rst_n -> _87646_/RESET_B : -90.651688
[setup in-reg] rst_n -> _87647_/RESET_B : -90.651688
[setup in-reg] rst_n -> _87648_/RESET_B : -90.651688
[setup in-reg] rst_n -> _87649_/RESET_B : -90.651688
[setup in-reg] rst_n -> _87650_/RESET_B : -90.651688
[setup in-reg] rst_n -> _87651_/RESET_B : -90.651688
[setup in-reg] rst_n -> _87652_/RESET_B : -90.651688
[setup in-reg] rst_n -> _87653_/RESET_B : -90.651688
[setup in-reg] rst_n -> _87654_/RESET_B : -90.651688
[setup in-reg] rst_n -> _87655_/RESET_B : -90.651688
[setup in-reg] rst_n -> _87656_/RESET_B : -90.651688
[setup in-reg] rst_n -> _87657_/RESET_B : -90.651688
[setup in-reg] rst_n -> _87658_/RESET_B : -90.651688
[setup in-reg] rst_n -> _87659_/RESET_B : -90.651688
[setup in-reg] rst_n -> _87660_/RESET_B : -90.651688
[setup in-reg] rst_n -> _87661_/RESET_B : -90.651688
[setup in-reg] rst_n -> _87662_/RESET_B : -90.651688
[setup in-reg] rst_n -> _87663_/RESET_B : -90.651688
[setup in-reg] rst_n -> _87664_/RESET_B : -90.651688
[setup in-reg] rst_n -> _87665_/RESET_B : -90.651688
[setup in-reg] rst_n -> _87666_/RESET_B : -90.651688
[setup in-reg] rst_n -> _87667_/RESET_B : -90.651688
[setup in-reg] rst_n -> _87668_/RESET_B : -90.651688
[setup in-reg] rst_n -> _87669_/RESET_B : -90.651688
[setup in-reg] rst_n -> _87670_/RESET_B : -90.651688
[setup in-reg] rst_n -> _87671_/RESET_B : -90.651688
[setup in-reg] rst_n -> _87672_/RESET_B : -90.651688
[setup in-reg] rst_n -> _87673_/RESET_B : -90.651688
[setup in-reg] rst_n -> _87674_/RESET_B : -90.651688
[setup in-reg] rst_n -> _87675_/RESET_B : -90.651688
[setup in-reg] rst_n -> _87676_/RESET_B : -90.651688
[setup in-reg] rst_n -> _87677_/RESET_B : -90.651688
[setup in-reg] rst_n -> _87678_/RESET_B : -90.651688
[setup in-reg] rst_n -> _87679_/RESET_B : -90.651688
[setup in-reg] rst_n -> _87680_/RESET_B : -90.651688
[setup in-reg] rst_n -> _87681_/RESET_B : -90.651688
[setup in-reg] rst_n -> _87682_/RESET_B : -90.651688
[setup in-reg] rst_n -> _87683_/RESET_B : -90.651688
[setup in-reg] rst_n -> _87684_/RESET_B : -90.651688
[setup in-reg] rst_n -> _87685_/RESET_B : -90.651688
[setup in-reg] rst_n -> _87686_/RESET_B : -90.651688
[setup in-reg] rst_n -> _87687_/RESET_B : -90.651688
[setup in-reg] rst_n -> _87688_/RESET_B : -90.651688
[setup in-reg] rst_n -> _87689_/RESET_B : -90.651688
[setup in-reg] rst_n -> _87690_/RESET_B : -90.651688
[setup in-reg] rst_n -> _87691_/RESET_B : -90.651688
[setup in-reg] rst_n -> _87692_/RESET_B : -90.651688
[setup in-reg] rst_n -> _87693_/RESET_B : -90.651688
[setup in-reg] rst_n -> _87694_/RESET_B : -90.651688
[setup in-reg] rst_n -> _87695_/RESET_B : -90.651688
[setup in-reg] rst_n -> _87696_/RESET_B : -90.651688
[setup in-reg] rst_n -> _87697_/RESET_B : -90.651688
[setup in-reg] rst_n -> _87698_/RESET_B : -90.651688
[setup in-reg] rst_n -> _87699_/RESET_B : -90.651688
[setup in-reg] rst_n -> _87700_/RESET_B : -90.651688
[setup in-reg] rst_n -> _87701_/RESET_B : -90.651688
[setup in-reg] rst_n -> _87702_/RESET_B : -90.651688
[setup in-reg] rst_n -> _87703_/RESET_B : -90.651688
[setup in-reg] rst_n -> _87704_/RESET_B : -90.651688
[setup in-reg] rst_n -> _87705_/RESET_B : -90.651688
[setup in-reg] rst_n -> _87706_/RESET_B : -90.651688
[setup in-reg] rst_n -> _87707_/RESET_B : -90.651688
[setup in-reg] rst_n -> _87708_/RESET_B : -90.651688
[setup in-reg] rst_n -> _87709_/RESET_B : -90.651688
[setup in-reg] rst_n -> _87710_/RESET_B : -90.651688
[setup in-reg] rst_n -> _87711_/RESET_B : -90.651688
[setup in-reg] rst_n -> _87712_/RESET_B : -90.651688
[setup in-reg] rst_n -> _87713_/RESET_B : -90.651688
[setup in-reg] rst_n -> _87714_/RESET_B : -90.651688
[setup in-reg] rst_n -> _87715_/RESET_B : -90.651688
[setup in-reg] rst_n -> _87716_/RESET_B : -90.651688
[setup in-reg] rst_n -> _87717_/RESET_B : -90.651688
[setup in-reg] rst_n -> _87718_/RESET_B : -90.651688
[setup in-reg] rst_n -> _87719_/RESET_B : -90.651688
[setup in-reg] rst_n -> _87720_/RESET_B : -90.651688
[setup in-reg] rst_n -> _87721_/RESET_B : -90.651688
[setup in-reg] rst_n -> _87722_/RESET_B : -90.651688
[setup in-reg] rst_n -> _87723_/RESET_B : -90.651688
[setup in-reg] rst_n -> _87724_/RESET_B : -90.651688
[setup in-reg] rst_n -> _87725_/RESET_B : -90.651688
[setup in-reg] rst_n -> _87726_/RESET_B : -90.651688
[setup in-reg] rst_n -> _87727_/RESET_B : -90.651688
[setup in-reg] rst_n -> _87728_/RESET_B : -90.651688
[setup in-reg] rst_n -> _87729_/RESET_B : -90.651688
[setup in-reg] rst_n -> _87730_/RESET_B : -90.651688
[setup in-reg] rst_n -> _87731_/RESET_B : -90.651688
[setup in-reg] rst_n -> _87732_/RESET_B : -90.651688
[setup in-reg] rst_n -> _87733_/RESET_B : -90.651688
[setup in-reg] rst_n -> _87734_/RESET_B : -90.651688
[setup in-reg] rst_n -> _87735_/RESET_B : -90.651688
[setup in-reg] rst_n -> _87736_/RESET_B : -90.651688
[setup in-reg] rst_n -> _87737_/RESET_B : -90.651688
[setup in-reg] rst_n -> _87738_/RESET_B : -90.651688
[setup in-reg] rst_n -> _87739_/RESET_B : -90.651688
[setup in-reg] rst_n -> _87740_/RESET_B : -90.651688
[setup in-reg] rst_n -> _87741_/RESET_B : -90.651688
[setup in-reg] rst_n -> _87742_/RESET_B : -90.651688
[setup in-reg] rst_n -> _87743_/RESET_B : -90.651688
[setup in-reg] rst_n -> _87744_/RESET_B : -90.651688
[setup in-reg] rst_n -> _87745_/RESET_B : -90.651688
[setup in-reg] rst_n -> _87746_/RESET_B : -90.651688
[setup in-reg] rst_n -> _87747_/RESET_B : -90.651688
[setup in-reg] rst_n -> _87748_/RESET_B : -90.651688
[setup in-reg] rst_n -> _87749_/RESET_B : -90.651688
[setup in-reg] rst_n -> _87750_/RESET_B : -90.651688
[setup in-reg] rst_n -> _87751_/RESET_B : -90.651688
[setup in-reg] rst_n -> _87752_/RESET_B : -90.651688
[setup in-reg] rst_n -> _87753_/RESET_B : -90.651688
[setup in-reg] rst_n -> _87754_/RESET_B : -90.651688
[setup in-reg] rst_n -> _87755_/RESET_B : -90.651688
[setup in-reg] rst_n -> _87756_/RESET_B : -90.651688
[setup in-reg] rst_n -> _87757_/RESET_B : -90.651688
[setup in-reg] rst_n -> _87758_/RESET_B : -90.651688
[setup in-reg] rst_n -> _87759_/RESET_B : -90.651688
[setup in-reg] rst_n -> _87760_/RESET_B : -90.651688
[setup in-reg] rst_n -> _87761_/RESET_B : -90.651688
[setup in-reg] rst_n -> _87762_/RESET_B : -90.651688
[setup in-reg] rst_n -> _87763_/RESET_B : -90.651688
[setup in-reg] rst_n -> _87764_/RESET_B : -90.651688
[setup in-reg] rst_n -> _87765_/RESET_B : -90.651688
[setup in-reg] rst_n -> _87766_/RESET_B : -90.651688
[setup in-reg] rst_n -> _87767_/RESET_B : -90.651688
[setup in-reg] rst_n -> _87768_/RESET_B : -90.651688
[setup in-reg] rst_n -> _87769_/RESET_B : -90.651688
[setup in-reg] rst_n -> _87770_/RESET_B : -90.651688
[setup in-reg] rst_n -> _87771_/RESET_B : -90.651688
[setup in-reg] rst_n -> _87772_/RESET_B : -90.651688
[setup in-reg] rst_n -> _87773_/RESET_B : -90.651688
[setup in-reg] rst_n -> _87774_/RESET_B : -90.651688
[setup in-reg] rst_n -> _87775_/RESET_B : -90.651688
[setup in-reg] rst_n -> _87776_/RESET_B : -90.651688
[setup in-reg] rst_n -> _87777_/RESET_B : -90.651688
[setup in-reg] rst_n -> _87778_/RESET_B : -90.651688
[setup in-reg] rst_n -> _87779_/RESET_B : -90.651688
[setup in-reg] rst_n -> _87780_/RESET_B : -90.651688
[setup in-reg] rst_n -> _87781_/RESET_B : -90.651688
[setup in-reg] rst_n -> _87782_/RESET_B : -90.651688
[setup in-reg] rst_n -> _87783_/RESET_B : -90.651688
[setup in-reg] rst_n -> _87784_/RESET_B : -90.651688
[setup in-reg] rst_n -> _87785_/RESET_B : -90.651688
[setup in-reg] rst_n -> _87786_/RESET_B : -90.651688
[setup in-reg] rst_n -> _87787_/RESET_B : -90.651688
[setup in-reg] rst_n -> _87788_/RESET_B : -90.651688
[setup in-reg] rst_n -> _87789_/RESET_B : -90.651688
[setup in-reg] rst_n -> _87790_/RESET_B : -90.651688
[setup in-reg] rst_n -> _87791_/RESET_B : -90.651688
[setup in-reg] rst_n -> _87792_/RESET_B : -90.651688
[setup in-reg] rst_n -> _87793_/RESET_B : -90.651688
[setup in-reg] rst_n -> _87794_/RESET_B : -90.651688
[setup in-reg] rst_n -> _87795_/RESET_B : -90.651688
[setup in-reg] rst_n -> _87796_/RESET_B : -90.651688
[setup in-reg] rst_n -> _87797_/RESET_B : -90.651688
[setup in-reg] rst_n -> _87798_/RESET_B : -90.651688
[setup in-reg] rst_n -> _87799_/RESET_B : -90.651688
[setup in-reg] rst_n -> _87800_/RESET_B : -90.651688
[setup in-reg] rst_n -> _87801_/RESET_B : -90.651688
[setup in-reg] rst_n -> _87802_/RESET_B : -90.651688
[setup in-reg] rst_n -> _87803_/RESET_B : -90.651688
[setup in-reg] rst_n -> _87804_/RESET_B : -90.651688
[setup in-reg] rst_n -> _87805_/RESET_B : -90.651688
[setup in-reg] rst_n -> _87806_/RESET_B : -90.651688
[setup in-reg] rst_n -> _87807_/RESET_B : -90.651688
[setup in-reg] rst_n -> _87808_/RESET_B : -90.651688
[setup in-reg] rst_n -> _87809_/RESET_B : -90.651688
[setup in-reg] rst_n -> _87810_/RESET_B : -90.651688
[setup in-reg] rst_n -> _87811_/RESET_B : -90.651688
[setup in-reg] rst_n -> _87812_/RESET_B : -90.651688
[setup in-reg] rst_n -> _87813_/RESET_B : -90.651688
[setup in-reg] rst_n -> _87814_/RESET_B : -90.651688
[setup in-reg] rst_n -> _87815_/RESET_B : -90.651688
[setup in-reg] rst_n -> _87816_/RESET_B : -90.651688
[setup in-reg] rst_n -> _87817_/RESET_B : -90.651688
[setup in-reg] rst_n -> _87818_/RESET_B : -90.651688
[setup in-reg] rst_n -> _87819_/RESET_B : -90.651688
[setup in-reg] rst_n -> _87820_/RESET_B : -90.651688
[setup in-reg] rst_n -> _87821_/RESET_B : -90.651688
[setup in-reg] rst_n -> _87822_/RESET_B : -90.651688
[setup in-reg] rst_n -> _87823_/RESET_B : -90.651688
[setup in-reg] rst_n -> _87824_/RESET_B : -90.651688
[setup in-reg] rst_n -> _87825_/RESET_B : -90.651688
[setup in-reg] rst_n -> _87826_/RESET_B : -90.651688
[setup in-reg] rst_n -> _87827_/RESET_B : -90.651688
[setup in-reg] rst_n -> _87828_/RESET_B : -90.651688
[setup in-reg] rst_n -> _87829_/RESET_B : -90.651688
[setup in-reg] rst_n -> _87830_/RESET_B : -90.651688
[setup in-reg] rst_n -> _87831_/RESET_B : -90.651688
[setup in-reg] rst_n -> _87832_/RESET_B : -90.651688
[setup in-reg] rst_n -> _87833_/RESET_B : -90.651688
[setup in-reg] rst_n -> _87834_/RESET_B : -90.651688
[setup in-reg] rst_n -> _87835_/RESET_B : -90.651688
[setup in-reg] rst_n -> _87836_/RESET_B : -90.651688
[setup in-reg] rst_n -> _87837_/RESET_B : -90.651688
[setup in-reg] rst_n -> _87838_/RESET_B : -90.651688
[setup in-reg] rst_n -> _87839_/RESET_B : -90.651688
[setup in-reg] rst_n -> _87840_/RESET_B : -90.651688
[setup in-reg] rst_n -> _87841_/RESET_B : -90.651688
[setup in-reg] rst_n -> _87842_/RESET_B : -90.651688
[setup in-reg] rst_n -> _87843_/RESET_B : -90.651688
[setup in-reg] rst_n -> _87844_/RESET_B : -90.651688
[setup in-reg] rst_n -> _87845_/RESET_B : -90.651688
[setup in-reg] rst_n -> _87846_/RESET_B : -90.651688
[setup in-reg] rst_n -> _87847_/RESET_B : -90.651688
[setup in-reg] rst_n -> _87848_/RESET_B : -90.651688
[setup in-reg] rst_n -> _87849_/RESET_B : -90.651688
[setup in-reg] rst_n -> _87850_/RESET_B : -90.651688
[setup in-reg] rst_n -> _87851_/RESET_B : -90.651688
[setup in-reg] rst_n -> _87852_/RESET_B : -90.651688
[setup in-reg] rst_n -> _87853_/RESET_B : -90.651688
[setup in-reg] rst_n -> _87854_/RESET_B : -90.651688
[setup in-reg] rst_n -> _87855_/RESET_B : -90.651688
[setup in-reg] rst_n -> _87856_/RESET_B : -90.651688
[setup in-reg] rst_n -> _87857_/RESET_B : -90.651688
[setup in-reg] rst_n -> _87858_/RESET_B : -90.651688
[setup in-reg] rst_n -> _87859_/RESET_B : -90.651688
[setup in-reg] rst_n -> _87860_/RESET_B : -90.651688
[setup in-reg] rst_n -> _87861_/RESET_B : -90.651688
[setup in-reg] rst_n -> _87862_/RESET_B : -90.651688
[setup in-reg] rst_n -> _87863_/RESET_B : -90.651688
[setup in-reg] rst_n -> _87864_/RESET_B : -90.651688
[setup in-reg] rst_n -> _87865_/RESET_B : -90.651688
[setup in-reg] rst_n -> _87866_/RESET_B : -90.651688
[setup in-reg] rst_n -> _87867_/RESET_B : -90.651688
[setup in-reg] rst_n -> _87868_/RESET_B : -90.651688
[setup in-reg] rst_n -> _87869_/RESET_B : -90.651688
[setup in-reg] rst_n -> _87870_/RESET_B : -90.651688
[setup in-reg] rst_n -> _87871_/RESET_B : -90.651688
[setup in-reg] rst_n -> _87872_/RESET_B : -90.651688
[setup in-reg] rst_n -> _87873_/RESET_B : -90.651688
[setup in-reg] rst_n -> _87874_/RESET_B : -90.651688
[setup in-reg] rst_n -> _87875_/RESET_B : -90.651688
[setup in-reg] rst_n -> _87876_/RESET_B : -90.651688
[setup in-reg] rst_n -> _87877_/RESET_B : -90.651688
[setup in-reg] rst_n -> _87878_/RESET_B : -90.651688
[setup in-reg] rst_n -> _87879_/RESET_B : -90.651688
[setup in-reg] rst_n -> _87880_/RESET_B : -90.651688
[setup in-reg] rst_n -> _87881_/RESET_B : -90.651688
[setup in-reg] rst_n -> _87882_/RESET_B : -90.651688
[setup in-reg] rst_n -> _87883_/RESET_B : -90.651688
[setup in-reg] rst_n -> _87884_/RESET_B : -90.651688
[setup in-reg] rst_n -> _87885_/RESET_B : -90.651688
[setup in-reg] rst_n -> _87886_/RESET_B : -90.651688
[setup in-reg] rst_n -> _87887_/RESET_B : -90.651688
[setup in-reg] rst_n -> _87888_/RESET_B : -90.651688
[setup in-reg] rst_n -> _87889_/RESET_B : -90.651688
[setup in-reg] rst_n -> _87890_/RESET_B : -90.651688
[setup in-reg] rst_n -> _87891_/RESET_B : -90.651688
[setup in-reg] rst_n -> _87892_/RESET_B : -90.651688
[setup in-reg] rst_n -> _87893_/RESET_B : -90.651688
[setup in-reg] rst_n -> _87894_/RESET_B : -90.651688
[setup in-reg] rst_n -> _87895_/RESET_B : -90.651688
[setup in-reg] rst_n -> _87896_/RESET_B : -90.651688
[setup in-reg] rst_n -> _87897_/RESET_B : -90.651688
[setup in-reg] rst_n -> _87898_/RESET_B : -90.651688
[setup in-reg] rst_n -> _87899_/RESET_B : -90.651688
[setup in-reg] rst_n -> _87900_/RESET_B : -90.651688
[setup in-reg] rst_n -> _87901_/RESET_B : -90.651688
[setup in-reg] rst_n -> _87902_/RESET_B : -90.651688
[setup in-reg] rst_n -> _87903_/RESET_B : -90.651688
[setup in-reg] rst_n -> _87904_/RESET_B : -90.651688
[setup in-reg] rst_n -> _87905_/RESET_B : -90.651688
[setup in-reg] rst_n -> _87906_/RESET_B : -90.651688
[setup in-reg] rst_n -> _87907_/RESET_B : -90.651688
[setup in-reg] rst_n -> _87908_/RESET_B : -90.651688
[setup in-reg] rst_n -> _87909_/RESET_B : -90.651688
[setup in-reg] rst_n -> _87910_/RESET_B : -90.651688
[setup in-reg] rst_n -> _87911_/RESET_B : -90.651688
[setup in-reg] rst_n -> _87912_/RESET_B : -90.651688
[setup in-reg] rst_n -> _87913_/RESET_B : -90.651688
[setup in-reg] rst_n -> _87914_/RESET_B : -90.651688
[setup in-reg] rst_n -> _87915_/RESET_B : -90.651688
[setup in-reg] rst_n -> _87916_/RESET_B : -90.651688
[setup in-reg] rst_n -> _87917_/RESET_B : -90.651688
[setup in-reg] rst_n -> _87918_/RESET_B : -90.651688
[setup in-reg] rst_n -> _87919_/RESET_B : -90.651688
[setup in-reg] rst_n -> _87920_/RESET_B : -90.651688
[setup in-reg] rst_n -> _87921_/RESET_B : -90.651688
[setup in-reg] rst_n -> _87922_/RESET_B : -90.651688
[setup in-reg] rst_n -> _87923_/RESET_B : -90.651688
[setup in-reg] rst_n -> _87924_/RESET_B : -90.651688
[setup in-reg] rst_n -> _87925_/RESET_B : -90.651688
[setup in-reg] rst_n -> _87926_/RESET_B : -90.651688
[setup in-reg] rst_n -> _87927_/RESET_B : -90.651688
[setup in-reg] rst_n -> _87928_/RESET_B : -90.651688
[setup in-reg] rst_n -> _87929_/RESET_B : -90.651688
[setup in-reg] rst_n -> _87930_/RESET_B : -90.651688
[setup in-reg] rst_n -> _87931_/RESET_B : -90.651688
[setup in-reg] rst_n -> _87932_/RESET_B : -90.651688
[setup in-reg] rst_n -> _87933_/RESET_B : -90.651688
[setup in-reg] rst_n -> _87934_/RESET_B : -90.651688
[setup in-reg] rst_n -> _87935_/RESET_B : -90.651688
[setup in-reg] rst_n -> _87936_/RESET_B : -90.651688
[setup in-reg] rst_n -> _87937_/RESET_B : -90.651688
[setup in-reg] rst_n -> _87938_/RESET_B : -90.651688
[setup in-reg] rst_n -> _87939_/RESET_B : -90.651688
[setup in-reg] rst_n -> _87940_/RESET_B : -90.651688
[setup in-reg] rst_n -> _87941_/RESET_B : -90.651688
[setup in-reg] rst_n -> _87942_/RESET_B : -90.651688
[setup in-reg] rst_n -> _87943_/RESET_B : -90.651688
[setup in-reg] rst_n -> _87944_/RESET_B : -90.651688
[setup in-reg] rst_n -> _87945_/RESET_B : -90.651688
[setup in-reg] rst_n -> _87946_/RESET_B : -90.651688
[setup in-reg] rst_n -> _87947_/RESET_B : -90.651688
[setup in-reg] rst_n -> _87948_/RESET_B : -90.651688
[setup in-reg] rst_n -> _87949_/RESET_B : -90.651688
[setup in-reg] rst_n -> _87950_/RESET_B : -90.651688
[setup in-reg] rst_n -> _87951_/RESET_B : -90.651688
[setup in-reg] rst_n -> _87952_/RESET_B : -90.651688
[setup in-reg] rst_n -> _87953_/RESET_B : -90.651688
[setup in-reg] rst_n -> _87954_/RESET_B : -90.651688
[setup in-reg] rst_n -> _87955_/RESET_B : -90.651688
[setup in-reg] rst_n -> _87956_/RESET_B : -90.651688
[setup in-reg] rst_n -> _87957_/RESET_B : -90.651688
[setup in-reg] rst_n -> _87958_/RESET_B : -90.651688
[setup in-reg] rst_n -> _87959_/RESET_B : -90.651688
[setup in-reg] rst_n -> _87960_/RESET_B : -90.651688
[setup in-reg] rst_n -> _87961_/RESET_B : -90.651688
[setup in-reg] rst_n -> _87962_/RESET_B : -90.651688
[setup in-reg] rst_n -> _87963_/RESET_B : -90.651688
[setup in-reg] rst_n -> _87964_/RESET_B : -90.651688
[setup in-reg] rst_n -> _87965_/RESET_B : -90.651688
[setup in-reg] rst_n -> _87966_/RESET_B : -90.651688
[setup in-reg] rst_n -> _87967_/RESET_B : -90.651688
[setup in-reg] rst_n -> _87968_/RESET_B : -90.651688
[setup in-reg] rst_n -> _87969_/RESET_B : -90.651688
[setup in-reg] rst_n -> _87970_/RESET_B : -90.651688
[setup in-reg] rst_n -> _87971_/RESET_B : -90.651688
[setup in-reg] rst_n -> _87972_/RESET_B : -90.651688
[setup in-reg] rst_n -> _87973_/RESET_B : -90.651688
[setup in-reg] rst_n -> _87974_/RESET_B : -90.651688
[setup in-reg] rst_n -> _87975_/RESET_B : -90.651688
[setup in-reg] rst_n -> _87976_/RESET_B : -90.651688
[setup in-reg] rst_n -> _87977_/RESET_B : -90.651688
[setup in-reg] rst_n -> _87978_/RESET_B : -90.651688
[setup in-reg] rst_n -> _87979_/RESET_B : -90.651688
[setup in-reg] rst_n -> _87980_/RESET_B : -90.651688
[setup in-reg] rst_n -> _87981_/RESET_B : -90.651688
[setup in-reg] rst_n -> _87982_/RESET_B : -90.651688
[setup in-reg] rst_n -> _87983_/RESET_B : -90.651688
[setup in-reg] rst_n -> _87984_/RESET_B : -90.651688
[setup in-reg] rst_n -> _87985_/RESET_B : -90.651688
[setup in-reg] rst_n -> _87986_/RESET_B : -90.651688
[setup in-reg] rst_n -> _87987_/RESET_B : -90.651688
[setup in-reg] rst_n -> _87988_/RESET_B : -90.651688
[setup in-reg] rst_n -> _87989_/RESET_B : -90.651688
[setup in-reg] rst_n -> _87990_/RESET_B : -90.651688
[setup in-reg] rst_n -> _87991_/RESET_B : -90.651688
[setup in-reg] rst_n -> _87992_/RESET_B : -90.651688
[setup in-reg] rst_n -> _87993_/RESET_B : -90.651688
[setup in-reg] rst_n -> _87994_/RESET_B : -90.651688
[setup in-reg] rst_n -> _87995_/RESET_B : -90.651688
[setup in-reg] rst_n -> _87996_/RESET_B : -90.651688
[setup in-reg] rst_n -> _87997_/RESET_B : -90.651688
[setup in-reg] rst_n -> _87998_/RESET_B : -90.651688
[setup in-reg] rst_n -> _87999_/RESET_B : -90.651688
[setup in-reg] rst_n -> _88000_/RESET_B : -90.651688
[setup in-reg] rst_n -> _88001_/RESET_B : -90.651688
[setup in-reg] rst_n -> _88002_/RESET_B : -90.651688
[setup in-reg] rst_n -> _88003_/RESET_B : -90.651688
[setup in-reg] rst_n -> _88004_/RESET_B : -90.651688
[setup in-reg] rst_n -> _88005_/RESET_B : -90.651688
[setup in-reg] rst_n -> _88006_/RESET_B : -90.651688
[setup in-reg] rst_n -> _88007_/RESET_B : -90.651688
[setup in-reg] rst_n -> _88008_/RESET_B : -90.651688
[setup in-reg] rst_n -> _88009_/RESET_B : -90.651688
[setup in-reg] rst_n -> _88010_/RESET_B : -90.651688
[setup in-reg] rst_n -> _88011_/RESET_B : -90.651688
[setup in-reg] rst_n -> _88012_/RESET_B : -90.651688
[setup in-reg] rst_n -> _88013_/RESET_B : -90.651688
[setup in-reg] rst_n -> _88014_/RESET_B : -90.651688
[setup in-reg] rst_n -> _88015_/RESET_B : -90.651688
[setup in-reg] rst_n -> _88016_/RESET_B : -90.651688
[setup in-reg] rst_n -> _88017_/RESET_B : -90.651688
[setup in-reg] rst_n -> _88018_/RESET_B : -90.651688
[setup in-reg] rst_n -> _88019_/RESET_B : -90.651688
[setup in-reg] rst_n -> _88020_/RESET_B : -90.651688
[setup in-reg] rst_n -> _88021_/RESET_B : -90.651688
[setup in-reg] rst_n -> _88022_/RESET_B : -90.651688
[setup in-reg] rst_n -> _88023_/RESET_B : -90.651688
[setup in-reg] rst_n -> _88024_/RESET_B : -90.651688
[setup in-reg] rst_n -> _88025_/RESET_B : -90.651688
[setup in-reg] rst_n -> _88026_/RESET_B : -90.651688
[setup in-reg] rst_n -> _88027_/RESET_B : -90.651688
[setup in-reg] rst_n -> _88028_/RESET_B : -90.651688
[setup in-reg] rst_n -> _88029_/RESET_B : -90.651688
[setup in-reg] rst_n -> _88030_/RESET_B : -90.651688
[setup in-reg] rst_n -> _88031_/RESET_B : -90.651688
[setup in-reg] rst_n -> _88032_/RESET_B : -90.651688
[setup in-reg] rst_n -> _88033_/RESET_B : -90.651688
[setup in-reg] rst_n -> _88034_/RESET_B : -90.651688
[setup in-reg] rst_n -> _88035_/RESET_B : -90.651688
[setup in-reg] rst_n -> _88036_/RESET_B : -90.651688
[setup in-reg] rst_n -> _88037_/RESET_B : -90.651688
[setup in-reg] rst_n -> _88038_/RESET_B : -90.651688
[setup in-reg] rst_n -> _88039_/RESET_B : -90.651688
[setup in-reg] rst_n -> _88040_/RESET_B : -90.651688
[setup in-reg] rst_n -> _88041_/RESET_B : -90.651688
[setup in-reg] rst_n -> _88042_/RESET_B : -90.651688
[setup in-reg] rst_n -> _88043_/RESET_B : -90.651688
[setup in-reg] rst_n -> _88044_/RESET_B : -90.651688
[setup in-reg] rst_n -> _88045_/RESET_B : -90.651688
[setup in-reg] rst_n -> _88046_/RESET_B : -90.651688
[setup in-reg] rst_n -> _88047_/RESET_B : -90.651688
[setup in-reg] rst_n -> _88048_/RESET_B : -90.651688
[setup in-reg] rst_n -> _88049_/RESET_B : -90.651688
[setup in-reg] rst_n -> _88050_/RESET_B : -90.651688
[setup in-reg] rst_n -> _88051_/RESET_B : -90.651688
[setup in-reg] rst_n -> _88052_/RESET_B : -90.651688
[setup in-reg] rst_n -> _88053_/RESET_B : -90.651688
[setup in-reg] rst_n -> _88054_/RESET_B : -90.651688
[setup in-reg] rst_n -> _88055_/RESET_B : -90.651688
[setup in-reg] rst_n -> _88056_/RESET_B : -90.651688
[setup in-reg] rst_n -> _88057_/RESET_B : -90.651688
[setup in-reg] rst_n -> _88058_/RESET_B : -90.651688
[setup in-reg] rst_n -> _88059_/RESET_B : -90.651688
[setup in-reg] rst_n -> _88060_/RESET_B : -90.651688
[setup in-reg] rst_n -> _88061_/RESET_B : -90.651688
[setup in-reg] rst_n -> _88062_/RESET_B : -90.651688
[setup in-reg] rst_n -> _88063_/RESET_B : -90.651688
[setup in-reg] rst_n -> _88064_/RESET_B : -90.651688
[setup in-reg] rst_n -> _88065_/RESET_B : -90.651688
[setup in-reg] rst_n -> _88066_/RESET_B : -90.651688
[setup in-reg] rst_n -> _88067_/RESET_B : -90.651688
[setup in-reg] rst_n -> _88068_/RESET_B : -90.651688
[setup in-reg] rst_n -> _88069_/RESET_B : -90.651688
[setup in-reg] rst_n -> _88070_/RESET_B : -90.651688
[setup in-reg] rst_n -> _88071_/RESET_B : -90.651688
[setup in-reg] rst_n -> _88072_/RESET_B : -90.651688
[setup in-reg] rst_n -> _88073_/RESET_B : -90.651688
[setup in-reg] rst_n -> _88074_/RESET_B : -90.651688
[setup in-reg] rst_n -> _88075_/RESET_B : -90.651688
[setup in-reg] rst_n -> _88076_/RESET_B : -90.651688
[setup in-reg] rst_n -> _88077_/RESET_B : -90.651688
[setup in-reg] rst_n -> _88078_/RESET_B : -90.651688
[setup in-reg] rst_n -> _88079_/RESET_B : -90.651688
[setup in-reg] rst_n -> _88080_/RESET_B : -90.651688
[setup in-reg] rst_n -> _88081_/RESET_B : -90.651688
[setup in-reg] rst_n -> _88082_/RESET_B : -90.651688
[setup in-reg] rst_n -> _88083_/RESET_B : -90.651688
[setup in-reg] rst_n -> _88084_/RESET_B : -90.651688
[setup in-reg] rst_n -> _88085_/RESET_B : -90.651688
[setup in-reg] rst_n -> _88086_/RESET_B : -90.651688
[setup in-reg] rst_n -> _88087_/RESET_B : -90.651688
[setup in-reg] rst_n -> _88088_/RESET_B : -90.651688
[setup in-reg] rst_n -> _88089_/RESET_B : -90.651688
[setup in-reg] rst_n -> _88090_/RESET_B : -90.651688
[setup in-reg] rst_n -> _88091_/RESET_B : -90.651688
[setup in-reg] rst_n -> _88092_/RESET_B : -90.651688
[setup in-reg] rst_n -> _88093_/RESET_B : -90.651688
[setup in-reg] rst_n -> _88094_/RESET_B : -90.651688
[setup in-reg] rst_n -> _88095_/RESET_B : -90.651688
[setup in-reg] rst_n -> _88096_/RESET_B : -90.651688
[setup in-reg] rst_n -> _88097_/RESET_B : -90.651688
[setup in-reg] rst_n -> _88098_/RESET_B : -90.651688
[setup in-reg] rst_n -> _88099_/RESET_B : -90.651688
[setup in-reg] rst_n -> _88100_/RESET_B : -90.651688
[setup in-reg] rst_n -> _88101_/RESET_B : -90.651688
[setup in-reg] rst_n -> _88102_/RESET_B : -90.651688
[setup in-reg] rst_n -> _88103_/RESET_B : -90.651688
[setup in-reg] rst_n -> _88104_/RESET_B : -90.651688
[setup in-reg] rst_n -> _88105_/RESET_B : -90.651688
[setup in-reg] rst_n -> _88106_/RESET_B : -90.651688
[setup in-reg] rst_n -> _88107_/RESET_B : -90.651688
[setup in-reg] rst_n -> _88108_/RESET_B : -90.651688
[setup in-reg] rst_n -> _88109_/RESET_B : -90.651688
[setup in-reg] rst_n -> _88110_/RESET_B : -90.651688
[setup in-reg] rst_n -> _88111_/RESET_B : -90.651688
[setup in-reg] rst_n -> _88112_/RESET_B : -90.651688
[setup in-reg] rst_n -> _88113_/RESET_B : -90.651688
[setup in-reg] rst_n -> _88114_/RESET_B : -90.651688
[setup in-reg] rst_n -> _88115_/RESET_B : -90.651688
[setup in-reg] rst_n -> _88116_/RESET_B : -90.651688
[setup in-reg] rst_n -> _88117_/RESET_B : -90.651688
[setup in-reg] rst_n -> _88118_/RESET_B : -90.651688
[setup in-reg] rst_n -> _88119_/RESET_B : -90.651688
[setup in-reg] rst_n -> _88120_/RESET_B : -90.651688
[setup in-reg] rst_n -> _88121_/RESET_B : -90.651688
[setup in-reg] rst_n -> _88122_/RESET_B : -90.651688
[setup in-reg] rst_n -> _88123_/RESET_B : -90.651688
[setup in-reg] rst_n -> _88124_/RESET_B : -90.651688
[setup in-reg] rst_n -> _88125_/RESET_B : -90.651688
[setup in-reg] rst_n -> _88126_/RESET_B : -90.651688
[setup in-reg] rst_n -> _88127_/RESET_B : -90.651688
[setup in-reg] rst_n -> _88128_/RESET_B : -90.651688
[setup in-reg] rst_n -> _88129_/RESET_B : -90.651688
[setup in-reg] rst_n -> _88130_/RESET_B : -90.651688
[setup in-reg] rst_n -> _88131_/RESET_B : -90.651688
[setup in-reg] rst_n -> _88132_/RESET_B : -90.651688
[setup in-reg] rst_n -> _88133_/RESET_B : -90.651688
[setup in-reg] rst_n -> _88134_/RESET_B : -90.651688
[setup in-reg] rst_n -> _88135_/RESET_B : -90.651688
[setup in-reg] rst_n -> _88136_/RESET_B : -90.651688
[setup in-reg] rst_n -> _88137_/RESET_B : -90.651688
[setup in-reg] rst_n -> _88138_/RESET_B : -90.651688
[setup in-reg] rst_n -> _88139_/RESET_B : -90.651688
[setup in-reg] rst_n -> _88140_/RESET_B : -90.651688
[setup in-reg] rst_n -> _88141_/RESET_B : -90.651688
[setup in-reg] rst_n -> _88142_/RESET_B : -90.651688
[setup in-reg] rst_n -> _88143_/RESET_B : -90.651688
[setup in-reg] rst_n -> _88144_/RESET_B : -90.651688
[setup in-reg] rst_n -> _88145_/RESET_B : -90.651688
[setup in-reg] rst_n -> _88146_/RESET_B : -90.651688
[setup in-reg] rst_n -> _88147_/RESET_B : -90.651688
[setup in-reg] rst_n -> _88148_/RESET_B : -90.651688
[setup in-reg] rst_n -> _88149_/RESET_B : -90.651688
[setup in-reg] rst_n -> _88150_/RESET_B : -90.651688
[setup in-reg] rst_n -> _88151_/RESET_B : -90.651688
[setup in-reg] rst_n -> _88152_/RESET_B : -90.651688
[setup in-reg] rst_n -> _88153_/RESET_B : -90.651688
[setup in-reg] rst_n -> _88154_/RESET_B : -90.651688
[setup in-reg] rst_n -> _88155_/RESET_B : -90.651688
[setup in-reg] rst_n -> _88156_/RESET_B : -90.651688
[setup in-reg] rst_n -> _88157_/RESET_B : -90.651688
[setup in-reg] rst_n -> _88158_/RESET_B : -90.651688
[setup in-reg] rst_n -> _88159_/RESET_B : -90.651688
[setup in-reg] rst_n -> _88160_/RESET_B : -90.651688
[setup in-reg] rst_n -> _88161_/RESET_B : -90.651688
[setup in-reg] rst_n -> _88162_/RESET_B : -90.651688
[setup in-reg] rst_n -> _88163_/RESET_B : -90.651688
[setup in-reg] rst_n -> _88164_/RESET_B : -90.651688
[setup in-reg] rst_n -> _88165_/RESET_B : -90.651688
[setup in-reg] rst_n -> _88166_/RESET_B : -90.651688
[setup in-reg] rst_n -> _88167_/RESET_B : -90.651688
[setup in-reg] rst_n -> _88168_/RESET_B : -90.651688
[setup in-reg] rst_n -> _88169_/RESET_B : -90.651688
[setup in-reg] rst_n -> _88170_/RESET_B : -90.651688
[setup in-reg] rst_n -> _88171_/RESET_B : -90.651688
[setup in-reg] rst_n -> _88172_/RESET_B : -90.651688
[setup in-reg] rst_n -> _88173_/RESET_B : -90.651688
[setup in-reg] rst_n -> _88174_/RESET_B : -90.651688
[setup in-reg] rst_n -> _88175_/RESET_B : -90.651688
[setup in-reg] rst_n -> _88176_/RESET_B : -90.651688
[setup in-reg] rst_n -> _88177_/RESET_B : -90.651688
[setup in-reg] rst_n -> _88178_/RESET_B : -90.651688
[setup in-reg] rst_n -> _88179_/RESET_B : -90.651688
[setup in-reg] rst_n -> _88180_/RESET_B : -90.651688
[setup in-reg] rst_n -> _88181_/RESET_B : -90.651688
[setup in-reg] rst_n -> _88182_/RESET_B : -90.651688
[setup in-reg] rst_n -> _88183_/RESET_B : -90.651688
[setup in-reg] rst_n -> _88184_/RESET_B : -90.651688
[setup in-reg] rst_n -> _88185_/RESET_B : -90.651688
[setup in-reg] rst_n -> _88186_/RESET_B : -90.651688
[setup in-reg] rst_n -> _88187_/RESET_B : -90.651688
[setup in-reg] rst_n -> _88188_/RESET_B : -90.651688
[setup in-reg] rst_n -> _88189_/RESET_B : -90.651688
[setup in-reg] rst_n -> _88190_/RESET_B : -90.651688
[setup in-reg] rst_n -> _88191_/RESET_B : -90.651688
[setup in-reg] rst_n -> _88192_/RESET_B : -90.651688
[setup in-reg] rst_n -> _88193_/RESET_B : -90.651688
[setup in-reg] rst_n -> _88194_/RESET_B : -90.651688
[setup in-reg] rst_n -> _88195_/RESET_B : -90.651688
[setup in-reg] rst_n -> _88196_/RESET_B : -90.651688
[setup in-reg] rst_n -> _88197_/RESET_B : -90.651688
[setup in-reg] rst_n -> _88198_/RESET_B : -90.651688
[setup in-reg] rst_n -> _88199_/RESET_B : -90.651688
[setup in-reg] rst_n -> _88200_/RESET_B : -90.651688
[setup in-reg] rst_n -> _88201_/RESET_B : -90.651688
[setup in-reg] rst_n -> _88202_/RESET_B : -90.651688
[setup in-reg] rst_n -> _88203_/RESET_B : -90.651688
[setup in-reg] rst_n -> _88204_/RESET_B : -90.651688
[setup in-reg] rst_n -> _88205_/RESET_B : -90.651688
[setup in-reg] rst_n -> _88206_/RESET_B : -90.651688
[setup in-reg] rst_n -> _88207_/RESET_B : -90.651688
[setup in-reg] rst_n -> _88208_/RESET_B : -90.651688
[setup in-reg] rst_n -> _88209_/RESET_B : -90.651688
[setup in-reg] rst_n -> _88210_/RESET_B : -90.651688
[setup in-reg] rst_n -> _88211_/RESET_B : -90.651688
[setup in-reg] rst_n -> _88212_/RESET_B : -90.651688
[setup in-reg] rst_n -> _88213_/RESET_B : -90.651688
[setup in-reg] rst_n -> _88214_/RESET_B : -90.651688
[setup in-reg] rst_n -> _88215_/RESET_B : -90.651688
[setup in-reg] rst_n -> _88216_/RESET_B : -90.651688
[setup in-reg] rst_n -> _88217_/RESET_B : -90.651688
[setup in-reg] rst_n -> _88218_/RESET_B : -90.651688
[setup in-reg] rst_n -> _88219_/RESET_B : -90.651688
[setup in-reg] rst_n -> _88220_/RESET_B : -90.651688
[setup in-reg] rst_n -> _88221_/RESET_B : -90.651688
[setup in-reg] rst_n -> _88222_/RESET_B : -90.651688
[setup in-reg] rst_n -> _88223_/RESET_B : -90.651688
[setup in-reg] rst_n -> _88224_/RESET_B : -90.651688
[setup in-reg] rst_n -> _88225_/RESET_B : -90.651688
[setup in-reg] rst_n -> _88226_/RESET_B : -90.651688
[setup in-reg] rst_n -> _88227_/RESET_B : -90.651688
[setup in-reg] rst_n -> _88228_/RESET_B : -90.651688
[setup in-reg] rst_n -> _88229_/RESET_B : -90.651688
[setup in-reg] rst_n -> _88230_/RESET_B : -90.651688
[setup in-reg] rst_n -> _88231_/RESET_B : -90.651688
[setup in-reg] rst_n -> _88232_/RESET_B : -90.651688
[setup in-reg] rst_n -> _88233_/RESET_B : -90.651688
[setup in-reg] rst_n -> _88234_/RESET_B : -90.651688
[setup in-reg] rst_n -> _88235_/RESET_B : -90.651688
[setup in-reg] rst_n -> _88236_/RESET_B : -90.651688
[setup in-reg] rst_n -> _88237_/RESET_B : -90.651688
[setup in-reg] rst_n -> _88238_/RESET_B : -90.651688
[setup in-reg] rst_n -> _88239_/RESET_B : -90.651688
[setup in-reg] rst_n -> _88240_/RESET_B : -90.651688
[setup in-reg] rst_n -> _88241_/RESET_B : -90.651688
[setup in-reg] rst_n -> _88242_/RESET_B : -90.651688
[setup in-reg] rst_n -> _88243_/RESET_B : -90.651688
[setup in-reg] rst_n -> _88244_/RESET_B : -90.651688
[setup in-reg] rst_n -> _88245_/RESET_B : -90.651688
[setup in-reg] rst_n -> _88246_/RESET_B : -90.651688
[setup in-reg] rst_n -> _88247_/RESET_B : -90.651688
[setup in-reg] rst_n -> _88248_/RESET_B : -90.651688
[setup in-reg] rst_n -> _88249_/RESET_B : -90.651688
[setup in-reg] rst_n -> _88250_/RESET_B : -90.651688
[setup in-reg] rst_n -> _88251_/RESET_B : -90.651688
[setup in-reg] rst_n -> _88252_/RESET_B : -90.651688
[setup in-reg] rst_n -> _88253_/RESET_B : -90.651688
[setup in-reg] rst_n -> _88254_/RESET_B : -90.651688
[setup in-reg] rst_n -> _88255_/RESET_B : -90.651688
[setup in-reg] rst_n -> _88256_/RESET_B : -90.651688
[setup in-reg] rst_n -> _88257_/RESET_B : -90.651688
[setup in-reg] rst_n -> _88258_/RESET_B : -90.651688
[setup in-reg] rst_n -> _88259_/RESET_B : -90.651688
[setup in-reg] rst_n -> _88260_/RESET_B : -90.651688
[setup in-reg] rst_n -> _88261_/RESET_B : -90.651688
[setup in-reg] rst_n -> _88262_/RESET_B : -90.651688
[setup in-reg] rst_n -> _88263_/RESET_B : -90.651688
[setup in-reg] rst_n -> _88264_/RESET_B : -90.651688
[setup in-reg] rst_n -> _88265_/RESET_B : -90.651688
[setup in-reg] rst_n -> _88266_/RESET_B : -90.651688
[setup in-reg] rst_n -> _88267_/RESET_B : -90.651688
[setup in-reg] rst_n -> _88268_/RESET_B : -90.651688
[setup in-reg] rst_n -> _88269_/RESET_B : -90.651688
[setup in-reg] rst_n -> _88270_/RESET_B : -90.651688
[setup in-reg] rst_n -> _88271_/RESET_B : -90.651688
[setup in-reg] rst_n -> _88272_/RESET_B : -90.651688
[setup in-reg] rst_n -> _88273_/RESET_B : -90.651688
[setup in-reg] rst_n -> _88274_/RESET_B : -90.651688
[setup in-reg] rst_n -> _88275_/RESET_B : -90.651688
[setup in-reg] rst_n -> _88276_/RESET_B : -90.651688
[setup in-reg] rst_n -> _88277_/RESET_B : -90.651688
[setup in-reg] rst_n -> _88278_/RESET_B : -90.651688
[setup in-reg] rst_n -> _88279_/RESET_B : -90.651688
[setup in-reg] rst_n -> _88280_/RESET_B : -90.651688
[setup in-reg] rst_n -> _88281_/RESET_B : -90.651688
[setup in-reg] rst_n -> _88282_/RESET_B : -90.651688
[setup in-reg] rst_n -> _88283_/RESET_B : -90.651688
[setup in-reg] rst_n -> _88284_/RESET_B : -90.651688
[setup in-reg] rst_n -> _88285_/RESET_B : -90.651688
[setup in-reg] rst_n -> _88286_/RESET_B : -90.651688
[setup in-reg] rst_n -> _88287_/RESET_B : -90.651688
[setup in-reg] rst_n -> _88288_/RESET_B : -90.651688
[setup in-reg] rst_n -> _88289_/RESET_B : -90.651688
[setup in-reg] rst_n -> _88290_/RESET_B : -90.651688
[setup in-reg] rst_n -> _88291_/RESET_B : -90.651688
[setup in-reg] rst_n -> _88292_/RESET_B : -90.651688
[setup in-reg] rst_n -> _88293_/RESET_B : -90.651688
[setup in-reg] rst_n -> _88294_/RESET_B : -90.651688
[setup in-reg] rst_n -> _88295_/RESET_B : -90.651688
[setup in-reg] rst_n -> _88296_/RESET_B : -90.651688
[setup in-reg] rst_n -> _88297_/RESET_B : -90.651688
[setup in-reg] rst_n -> _88298_/RESET_B : -90.651688
[setup in-reg] rst_n -> _88299_/RESET_B : -90.651688
[setup in-reg] rst_n -> _88300_/RESET_B : -90.651688
[setup in-reg] rst_n -> _88301_/RESET_B : -90.651688
[setup in-reg] rst_n -> _88302_/RESET_B : -90.651688
[setup in-reg] rst_n -> _88303_/RESET_B : -90.651688
[setup in-reg] rst_n -> _88304_/RESET_B : -90.651688
[setup in-reg] rst_n -> _88305_/RESET_B : -90.651688
[setup in-reg] rst_n -> _88306_/RESET_B : -90.651688
[setup in-reg] rst_n -> _88307_/RESET_B : -90.651688
[setup in-reg] rst_n -> _88308_/RESET_B : -90.651688
[setup in-reg] rst_n -> _88309_/RESET_B : -90.651688
[setup in-reg] rst_n -> _88310_/RESET_B : -90.651688
[setup in-reg] rst_n -> _88311_/RESET_B : -90.651688
[setup in-reg] rst_n -> _88312_/RESET_B : -90.651688
[setup in-reg] rst_n -> _88313_/RESET_B : -90.651688
[setup in-reg] rst_n -> _88314_/RESET_B : -90.651688
[setup in-reg] rst_n -> _88315_/RESET_B : -90.651688
[setup in-reg] rst_n -> _88316_/RESET_B : -90.651688
[setup in-reg] rst_n -> _88317_/RESET_B : -90.651688
[setup in-reg] rst_n -> _88318_/RESET_B : -90.651688
[setup in-reg] rst_n -> _88319_/RESET_B : -90.651688
[setup in-reg] rst_n -> _88320_/RESET_B : -90.651688
[setup in-reg] rst_n -> _88321_/RESET_B : -90.651688
[setup in-reg] rst_n -> _88322_/RESET_B : -90.651688
[setup in-reg] rst_n -> _88323_/RESET_B : -90.651688
[setup in-reg] rst_n -> _88324_/RESET_B : -90.651688
[setup in-reg] rst_n -> _88325_/RESET_B : -90.651688
[setup in-reg] rst_n -> _88326_/RESET_B : -90.651688
[setup in-reg] rst_n -> _88327_/RESET_B : -90.651688
[setup in-reg] rst_n -> _88328_/RESET_B : -90.651688
[setup in-reg] rst_n -> _88329_/RESET_B : -90.651688
[setup in-reg] rst_n -> _88330_/RESET_B : -90.651688
[setup in-reg] rst_n -> _88331_/RESET_B : -90.651688
[setup in-reg] rst_n -> _88332_/RESET_B : -90.651688
[setup in-reg] rst_n -> _88333_/RESET_B : -90.651688
[setup in-reg] rst_n -> _88334_/RESET_B : -90.651688
[setup in-reg] rst_n -> _88335_/RESET_B : -90.651688
[setup in-reg] rst_n -> _88336_/RESET_B : -90.651688
[setup in-reg] rst_n -> _88337_/RESET_B : -90.651688
[setup in-reg] rst_n -> _88338_/RESET_B : -90.651688
[setup in-reg] rst_n -> _88339_/RESET_B : -90.651688
[setup in-reg] rst_n -> _88340_/RESET_B : -90.651688
[setup in-reg] rst_n -> _88341_/RESET_B : -90.651688
[setup in-reg] rst_n -> _88342_/RESET_B : -90.651688
[setup in-reg] rst_n -> _88343_/RESET_B : -90.651688
[setup in-reg] rst_n -> _88344_/RESET_B : -90.651688
[setup in-reg] rst_n -> _88345_/RESET_B : -90.651688
[setup in-reg] rst_n -> _88346_/RESET_B : -90.651688
[setup in-reg] rst_n -> _88347_/RESET_B : -90.651688
[setup in-reg] rst_n -> _88348_/RESET_B : -90.651688
[setup in-reg] rst_n -> _88349_/RESET_B : -90.651688
[setup in-reg] rst_n -> _88350_/RESET_B : -90.651688
[setup in-reg] rst_n -> _88351_/RESET_B : -90.651688
[setup in-reg] rst_n -> _88352_/RESET_B : -90.651688
[setup in-reg] rst_n -> _88353_/RESET_B : -90.651688
[setup in-reg] rst_n -> _88354_/RESET_B : -90.651688
[setup in-reg] rst_n -> _88355_/RESET_B : -90.651688
[setup in-reg] rst_n -> _88356_/RESET_B : -90.651688
[setup in-reg] rst_n -> _88357_/RESET_B : -90.651688
[setup in-reg] rst_n -> _88358_/RESET_B : -90.651688
[setup in-reg] rst_n -> _88359_/RESET_B : -90.651688
[setup in-reg] rst_n -> _88360_/RESET_B : -90.651688
[setup in-reg] rst_n -> _88361_/RESET_B : -90.651688
[setup in-reg] rst_n -> _88362_/RESET_B : -90.651688
[setup in-reg] rst_n -> _88363_/RESET_B : -90.651688
[setup in-reg] rst_n -> _88364_/RESET_B : -90.651688
[setup in-reg] rst_n -> _88365_/RESET_B : -90.651688
[setup in-reg] rst_n -> _88366_/RESET_B : -90.651688
[setup in-reg] rst_n -> _88367_/RESET_B : -90.651688
[setup in-reg] rst_n -> _88368_/RESET_B : -90.651688
[setup in-reg] rst_n -> _88369_/RESET_B : -90.651688
[setup in-reg] rst_n -> _88370_/RESET_B : -90.651688
[setup in-reg] rst_n -> _88371_/RESET_B : -90.651688
[setup in-reg] rst_n -> _88372_/RESET_B : -90.651688
[setup in-reg] rst_n -> _88373_/RESET_B : -90.651688
[setup in-reg] rst_n -> _88374_/RESET_B : -90.651688
[setup in-reg] rst_n -> _88375_/RESET_B : -90.651688
[setup in-reg] rst_n -> _88376_/RESET_B : -90.651688
[setup in-reg] rst_n -> _88377_/RESET_B : -90.651688
[setup in-reg] rst_n -> _88378_/RESET_B : -90.651688
[setup in-reg] rst_n -> _88379_/RESET_B : -90.651688
[setup in-reg] rst_n -> _88380_/RESET_B : -90.651688
[setup in-reg] rst_n -> _88381_/RESET_B : -90.651688
[setup in-reg] rst_n -> _88382_/RESET_B : -90.651688
[setup in-reg] rst_n -> _88383_/RESET_B : -90.651688
[setup in-reg] rst_n -> _88384_/RESET_B : -90.651688
[setup in-reg] rst_n -> _88385_/RESET_B : -90.651688
[setup in-reg] rst_n -> _88386_/RESET_B : -90.651688
[setup in-reg] rst_n -> _88387_/RESET_B : -90.651688
[setup in-reg] rst_n -> _88388_/RESET_B : -90.651688
[setup in-reg] rst_n -> _88389_/RESET_B : -90.651688
[setup in-reg] rst_n -> _88390_/RESET_B : -90.651688
[setup in-reg] rst_n -> _88391_/RESET_B : -90.651688
[setup in-reg] rst_n -> _88392_/RESET_B : -90.651688
[setup in-reg] rst_n -> _88393_/RESET_B : -90.651688
[setup in-reg] rst_n -> _88394_/RESET_B : -90.651688
[setup in-reg] rst_n -> _88395_/RESET_B : -90.651688
[setup in-reg] rst_n -> _88396_/RESET_B : -90.651688
[setup in-reg] rst_n -> _88397_/RESET_B : -90.651688
[setup in-reg] rst_n -> _88398_/RESET_B : -90.651688
[setup in-reg] rst_n -> _88399_/RESET_B : -90.651688
[setup in-reg] rst_n -> _88400_/RESET_B : -90.651688
[setup in-reg] rst_n -> _88401_/RESET_B : -90.651688
[setup in-reg] rst_n -> _88402_/RESET_B : -90.651688
[setup in-reg] rst_n -> _88403_/RESET_B : -90.651688
[setup in-reg] rst_n -> _88404_/RESET_B : -90.651688
[setup in-reg] rst_n -> _88405_/RESET_B : -90.651688
[setup in-reg] rst_n -> _88406_/RESET_B : -90.651688
[setup in-reg] rst_n -> _88407_/RESET_B : -90.651688
[setup in-reg] rst_n -> _88408_/RESET_B : -90.651688
[setup in-reg] rst_n -> _88409_/RESET_B : -90.651688
[setup in-reg] rst_n -> _88410_/RESET_B : -90.651688
[setup in-reg] rst_n -> _88411_/RESET_B : -90.651688
[setup in-reg] rst_n -> _88412_/RESET_B : -90.651688
[setup in-reg] rst_n -> _88413_/RESET_B : -90.651688
[setup in-reg] rst_n -> _88414_/RESET_B : -90.651688
[setup in-reg] rst_n -> _88415_/RESET_B : -90.651688
[setup in-reg] rst_n -> _88416_/RESET_B : -90.651688
[setup in-reg] rst_n -> _88417_/RESET_B : -90.651688
[setup in-reg] rst_n -> _88418_/RESET_B : -90.651688
[setup in-reg] rst_n -> _88419_/RESET_B : -90.651688
[setup in-reg] rst_n -> _88420_/RESET_B : -90.651688
[setup in-reg] rst_n -> _88421_/RESET_B : -90.651688
[setup in-reg] rst_n -> _88422_/RESET_B : -90.651688
[setup in-reg] rst_n -> _88423_/RESET_B : -90.651688
[setup in-reg] rst_n -> _88424_/RESET_B : -90.651688
[setup in-reg] rst_n -> _88425_/RESET_B : -90.651688
[setup in-reg] rst_n -> _88426_/RESET_B : -90.651688
[setup in-reg] rst_n -> _88427_/RESET_B : -90.651688
[setup in-reg] rst_n -> _88428_/RESET_B : -90.651688
[setup in-reg] rst_n -> _88429_/RESET_B : -90.651688
[setup in-reg] rst_n -> _88430_/RESET_B : -90.651688
[setup in-reg] rst_n -> _88431_/RESET_B : -90.651688
[setup in-reg] rst_n -> _88432_/RESET_B : -90.651688
[setup in-reg] rst_n -> _88433_/RESET_B : -90.651688
[setup in-reg] rst_n -> _88434_/RESET_B : -90.651688
[setup in-reg] rst_n -> _88435_/RESET_B : -90.651688
[setup in-reg] rst_n -> _88436_/RESET_B : -90.651688
[setup in-reg] rst_n -> _88437_/RESET_B : -90.651688
[setup in-reg] rst_n -> _88438_/RESET_B : -90.651688
[setup in-reg] rst_n -> _88439_/RESET_B : -90.651688
[setup in-reg] rst_n -> _88440_/RESET_B : -90.651688
[setup in-reg] rst_n -> _88441_/RESET_B : -90.651688
[setup in-reg] rst_n -> _88442_/RESET_B : -90.651688
[setup in-reg] rst_n -> _88443_/RESET_B : -90.651688
[setup in-reg] rst_n -> _88444_/RESET_B : -90.651688
[setup in-reg] rst_n -> _88445_/RESET_B : -90.651688
[setup in-reg] rst_n -> _88446_/RESET_B : -90.651688
[setup in-reg] rst_n -> _88447_/RESET_B : -90.651688
[setup in-reg] rst_n -> _88448_/RESET_B : -90.651688
[setup in-reg] rst_n -> _88449_/RESET_B : -90.651688
[setup in-reg] rst_n -> _88450_/RESET_B : -90.651688
[setup in-reg] rst_n -> _88451_/RESET_B : -90.651688
[setup in-reg] rst_n -> _88452_/RESET_B : -90.651688
[setup in-reg] rst_n -> _88453_/RESET_B : -90.651688
[setup in-reg] rst_n -> _88454_/RESET_B : -90.651688
[setup in-reg] rst_n -> _88455_/RESET_B : -90.651688
[setup in-reg] rst_n -> _88456_/RESET_B : -90.651688
[setup in-reg] rst_n -> _88457_/RESET_B : -90.651688
[setup in-reg] rst_n -> _88458_/RESET_B : -90.651688
[setup in-reg] rst_n -> _88459_/RESET_B : -90.651688
[setup in-reg] rst_n -> _88460_/RESET_B : -90.651688
[setup in-reg] rst_n -> _88461_/RESET_B : -90.651688
[setup in-reg] rst_n -> _88462_/RESET_B : -90.651688
[setup in-reg] rst_n -> _88463_/RESET_B : -90.651688
[setup in-reg] rst_n -> _88464_/RESET_B : -90.651688
[setup in-reg] rst_n -> _88465_/RESET_B : -90.651688
[setup in-reg] rst_n -> _88466_/RESET_B : -90.651688
[setup in-reg] rst_n -> _88467_/RESET_B : -90.651688
[setup in-reg] rst_n -> _88468_/RESET_B : -90.651688
[setup in-reg] rst_n -> _88469_/RESET_B : -90.651688
[setup in-reg] rst_n -> _88470_/RESET_B : -90.651688
[setup in-reg] rst_n -> _88471_/RESET_B : -90.651688
[setup in-reg] rst_n -> _88472_/RESET_B : -90.651688
[setup in-reg] rst_n -> _88473_/RESET_B : -90.651688
[setup in-reg] rst_n -> _88474_/RESET_B : -90.651688
[setup in-reg] rst_n -> _88475_/RESET_B : -90.651688
[setup in-reg] rst_n -> _88476_/RESET_B : -90.651688
[setup in-reg] rst_n -> _88477_/RESET_B : -90.651688
[setup in-reg] rst_n -> _88478_/RESET_B : -90.651688
[setup in-reg] rst_n -> _88479_/RESET_B : -90.651688
[setup in-reg] rst_n -> _88480_/RESET_B : -90.651688
[setup in-reg] rst_n -> _88481_/RESET_B : -90.651688
[setup in-reg] rst_n -> _88482_/RESET_B : -90.651688
[setup in-reg] rst_n -> _88483_/RESET_B : -90.651688
[setup in-reg] rst_n -> _88484_/RESET_B : -90.651688
[setup in-reg] rst_n -> _88485_/RESET_B : -90.651688
[setup in-reg] rst_n -> _88486_/RESET_B : -90.651688
[setup in-reg] rst_n -> _88487_/RESET_B : -90.651688
[setup in-reg] rst_n -> _88488_/RESET_B : -90.651688
[setup in-reg] rst_n -> _88489_/RESET_B : -90.651688
[setup in-reg] rst_n -> _88490_/RESET_B : -90.651688
[setup in-reg] rst_n -> _88491_/RESET_B : -90.651688
[setup in-reg] rst_n -> _88492_/RESET_B : -90.651688
[setup in-reg] rst_n -> _88493_/RESET_B : -90.651688
[setup in-reg] rst_n -> _88494_/RESET_B : -90.651688
[setup in-reg] rst_n -> _88495_/RESET_B : -90.651688
[setup in-reg] rst_n -> _88496_/RESET_B : -90.651688
[setup in-reg] rst_n -> _88497_/RESET_B : -90.651688
[setup in-reg] rst_n -> _88498_/RESET_B : -90.651688
[setup in-reg] rst_n -> _88499_/RESET_B : -90.651688
[setup in-reg] rst_n -> _88500_/RESET_B : -90.651688
[setup in-reg] rst_n -> _88501_/RESET_B : -90.651688
[setup in-reg] rst_n -> _88502_/RESET_B : -90.651688
[setup in-reg] rst_n -> _88503_/RESET_B : -90.651688
[setup in-reg] rst_n -> _88504_/RESET_B : -90.651688
[setup in-reg] rst_n -> _88505_/RESET_B : -90.651688
[setup in-reg] rst_n -> _88506_/RESET_B : -90.651688
[setup in-reg] rst_n -> _88507_/RESET_B : -90.651688
[setup in-reg] rst_n -> _88508_/RESET_B : -90.651688
[setup in-reg] rst_n -> _88509_/RESET_B : -90.651688
[setup in-reg] rst_n -> _88510_/RESET_B : -90.651688
[setup in-reg] rst_n -> _88511_/RESET_B : -90.651688
[setup in-reg] rst_n -> _88512_/RESET_B : -90.651688
[setup in-reg] rst_n -> _88513_/RESET_B : -90.651688
[setup in-reg] rst_n -> _88514_/RESET_B : -90.651688
[setup in-reg] rst_n -> _88515_/RESET_B : -90.651688
[setup in-reg] rst_n -> _88516_/RESET_B : -90.651688
[setup in-reg] rst_n -> _88517_/RESET_B : -90.651688
[setup in-reg] rst_n -> _88518_/RESET_B : -90.651688
[setup in-reg] rst_n -> _88519_/RESET_B : -90.651688
[setup in-reg] rst_n -> _88520_/RESET_B : -90.651688
[setup in-reg] rst_n -> _88521_/RESET_B : -90.651688
[setup in-reg] rst_n -> _88522_/RESET_B : -90.651688
[setup in-reg] rst_n -> _88523_/RESET_B : -90.651688
[setup in-reg] rst_n -> _88524_/RESET_B : -90.651688
[setup in-reg] rst_n -> _88525_/RESET_B : -90.651688
[setup in-reg] rst_n -> _88526_/RESET_B : -90.651688
[setup in-reg] rst_n -> _88527_/RESET_B : -90.651688
[setup in-reg] rst_n -> _88528_/RESET_B : -90.651688
[setup in-reg] rst_n -> _88529_/RESET_B : -90.651688
[setup in-reg] rst_n -> _88530_/RESET_B : -90.651688
[setup in-reg] rst_n -> _88531_/RESET_B : -90.651688
[setup in-reg] rst_n -> _88532_/RESET_B : -90.651688
[setup in-reg] rst_n -> _88533_/RESET_B : -90.651688
[setup in-reg] rst_n -> _88534_/RESET_B : -90.651688
[setup in-reg] rst_n -> _88535_/RESET_B : -90.651688
[setup in-reg] rst_n -> _88536_/RESET_B : -90.651688
[setup in-reg] rst_n -> _88537_/RESET_B : -90.651688
[setup in-reg] rst_n -> _88538_/RESET_B : -90.651688
[setup in-reg] rst_n -> _88539_/RESET_B : -90.651688
[setup in-reg] rst_n -> _88540_/RESET_B : -90.651688
[setup in-reg] rst_n -> _88541_/RESET_B : -90.651688
[setup in-reg] rst_n -> _88542_/RESET_B : -90.651688
[setup in-reg] rst_n -> _88543_/RESET_B : -90.651688
[setup in-reg] rst_n -> _88544_/RESET_B : -90.651688
[setup in-reg] rst_n -> _88545_/RESET_B : -90.651688
[setup in-reg] rst_n -> _88546_/RESET_B : -90.651688
[setup in-reg] rst_n -> _88547_/RESET_B : -90.651688
[setup in-reg] rst_n -> _88548_/RESET_B : -90.651688
[setup in-reg] rst_n -> _88549_/RESET_B : -90.651688
[setup in-reg] rst_n -> _88550_/RESET_B : -90.651688
[setup in-reg] rst_n -> _88551_/RESET_B : -90.651688
[setup in-reg] rst_n -> _88552_/RESET_B : -90.651688
[setup in-reg] rst_n -> _88553_/RESET_B : -90.651688
[setup in-reg] rst_n -> _88554_/RESET_B : -90.651688
[setup in-reg] rst_n -> _88555_/RESET_B : -90.651688
[setup in-reg] rst_n -> _88556_/RESET_B : -90.651688
[setup in-reg] rst_n -> _88557_/RESET_B : -90.651688
[setup in-reg] rst_n -> _88558_/RESET_B : -90.651688
[setup in-reg] rst_n -> _88559_/RESET_B : -90.651688
[setup in-reg] rst_n -> _88560_/RESET_B : -90.651688
[setup in-reg] rst_n -> _88561_/RESET_B : -90.651688
[setup in-reg] rst_n -> _88562_/RESET_B : -90.651688
[setup in-reg] rst_n -> _88563_/RESET_B : -90.651688
[setup in-reg] rst_n -> _88564_/RESET_B : -90.651688
[setup in-reg] rst_n -> _88565_/RESET_B : -90.651688
[setup in-reg] rst_n -> _88566_/RESET_B : -90.651688
[setup in-reg] rst_n -> _88567_/RESET_B : -90.651688
[setup in-reg] rst_n -> _88568_/RESET_B : -90.651688
[setup in-reg] rst_n -> _88569_/RESET_B : -90.651688
[setup in-reg] rst_n -> _88570_/RESET_B : -90.651688
[setup in-reg] rst_n -> _88571_/RESET_B : -90.651688
[setup in-reg] rst_n -> _88572_/RESET_B : -90.651688
[setup in-reg] rst_n -> _88573_/RESET_B : -90.651688
[setup in-reg] rst_n -> _88574_/RESET_B : -90.651688
[setup in-reg] rst_n -> _88575_/RESET_B : -90.651688
[setup in-reg] rst_n -> _88576_/RESET_B : -90.651688
[setup in-reg] rst_n -> _88577_/RESET_B : -90.651688
[setup in-reg] rst_n -> _88578_/RESET_B : -90.651688
[setup in-reg] rst_n -> _88579_/RESET_B : -90.651688
[setup in-reg] rst_n -> _88580_/RESET_B : -90.651688
[setup in-reg] rst_n -> _88581_/RESET_B : -90.651688
[setup in-reg] rst_n -> _88582_/RESET_B : -90.651688
[setup in-reg] rst_n -> _88583_/RESET_B : -90.651688
[setup in-reg] rst_n -> _88584_/RESET_B : -90.651688
[setup in-reg] rst_n -> _88585_/RESET_B : -90.651688
[setup in-reg] rst_n -> _88586_/RESET_B : -90.651688
[setup in-reg] rst_n -> _88587_/RESET_B : -90.651688
[setup in-reg] rst_n -> _88588_/RESET_B : -90.651688
[setup in-reg] rst_n -> _88589_/RESET_B : -90.651688
[setup in-reg] rst_n -> _88590_/RESET_B : -90.651688
[setup in-reg] rst_n -> _88591_/RESET_B : -90.651688
[setup in-reg] rst_n -> _88592_/RESET_B : -90.651688
[setup in-reg] rst_n -> _88593_/RESET_B : -90.651688
[setup in-reg] rst_n -> _88594_/RESET_B : -90.651688
[setup in-reg] rst_n -> _88595_/RESET_B : -90.651688
[setup in-reg] rst_n -> _88596_/RESET_B : -90.651688
[setup in-reg] rst_n -> _88597_/RESET_B : -90.651688
[setup in-reg] rst_n -> _88598_/RESET_B : -90.651688
[setup in-reg] rst_n -> _88599_/RESET_B : -90.651688
[setup in-reg] rst_n -> _88600_/RESET_B : -90.651688
[setup in-reg] rst_n -> _88601_/RESET_B : -90.651688
[setup in-reg] rst_n -> _88602_/RESET_B : -90.651688
[setup in-reg] rst_n -> _88603_/RESET_B : -90.651688
[setup in-reg] rst_n -> _88604_/RESET_B : -90.651688
[setup in-reg] rst_n -> _88605_/RESET_B : -90.651688
[setup in-reg] rst_n -> _88606_/RESET_B : -90.651688
[setup in-reg] rst_n -> _88607_/RESET_B : -90.651688
[setup in-reg] rst_n -> _88608_/RESET_B : -90.651688
[setup in-reg] rst_n -> _88609_/RESET_B : -90.651688
[setup in-reg] rst_n -> _88610_/RESET_B : -90.651688
[setup in-reg] rst_n -> _88611_/RESET_B : -90.651688
[setup in-reg] rst_n -> _88612_/RESET_B : -90.651688
[setup in-reg] rst_n -> _88613_/RESET_B : -90.651688
[setup in-reg] rst_n -> _88614_/RESET_B : -90.651688
[setup in-reg] rst_n -> _88615_/RESET_B : -90.651688
[setup in-reg] rst_n -> _88616_/RESET_B : -90.651688
[setup in-reg] rst_n -> _88617_/RESET_B : -90.651688
[setup in-reg] rst_n -> _88618_/RESET_B : -90.651688
[setup in-reg] rst_n -> _88619_/RESET_B : -90.651688
[setup in-reg] rst_n -> _88620_/RESET_B : -90.651688
[setup in-reg] rst_n -> _88621_/RESET_B : -90.651688
[setup in-reg] rst_n -> _88622_/RESET_B : -90.651688
[setup in-reg] rst_n -> _88623_/RESET_B : -90.651688
[setup in-reg] rst_n -> _88624_/RESET_B : -90.651688
[setup in-reg] rst_n -> _88625_/RESET_B : -90.651688
[setup in-reg] rst_n -> _88626_/RESET_B : -90.651688
[setup in-reg] rst_n -> _88627_/RESET_B : -90.651688
[setup in-reg] rst_n -> _88628_/RESET_B : -90.651688
[setup in-reg] rst_n -> _88629_/RESET_B : -90.651688
[setup in-reg] rst_n -> _88630_/RESET_B : -90.651688
[setup in-reg] rst_n -> _88631_/RESET_B : -90.651688
[setup in-reg] rst_n -> _88632_/RESET_B : -90.651688
[setup in-reg] rst_n -> _88633_/RESET_B : -90.651688
[setup in-reg] rst_n -> _88634_/RESET_B : -90.651688
[setup in-reg] rst_n -> _88635_/RESET_B : -90.651688
[setup in-reg] rst_n -> _88636_/RESET_B : -90.651688
[setup in-reg] rst_n -> _88637_/RESET_B : -90.651688
[setup in-reg] rst_n -> _88638_/RESET_B : -90.651688
[setup in-reg] rst_n -> _88639_/RESET_B : -90.651688
[setup in-reg] rst_n -> _88640_/RESET_B : -90.651688
[setup in-reg] rst_n -> _88641_/RESET_B : -90.651688
[setup in-reg] rst_n -> _88642_/RESET_B : -90.651688
[setup in-reg] rst_n -> _88643_/RESET_B : -90.651688
[setup in-reg] rst_n -> _88644_/RESET_B : -90.651688
[setup in-reg] rst_n -> _88645_/RESET_B : -90.651688
[setup in-reg] rst_n -> _88646_/RESET_B : -90.651688
[setup in-reg] rst_n -> _88647_/RESET_B : -90.651688
[setup in-reg] rst_n -> _88648_/RESET_B : -90.651688
[setup in-reg] rst_n -> _88649_/RESET_B : -90.651688
[setup in-reg] rst_n -> _88650_/RESET_B : -90.651688
[setup in-reg] rst_n -> _88651_/RESET_B : -90.651688
[setup in-reg] rst_n -> _88652_/RESET_B : -90.651688
[setup in-reg] rst_n -> _88653_/RESET_B : -90.651688
[setup in-reg] rst_n -> _88654_/RESET_B : -90.651688
[setup in-reg] rst_n -> _88655_/RESET_B : -90.651688
[setup in-reg] rst_n -> _88656_/RESET_B : -90.651688
[setup in-reg] rst_n -> _88657_/RESET_B : -90.651688
[setup in-reg] rst_n -> _88658_/RESET_B : -90.651688
[setup in-reg] rst_n -> _88659_/RESET_B : -90.651688
[setup in-reg] rst_n -> _88660_/RESET_B : -90.651688
[setup in-reg] rst_n -> _88661_/RESET_B : -90.651688
[setup in-reg] rst_n -> _88662_/RESET_B : -90.651688
[setup in-reg] rst_n -> _88663_/RESET_B : -90.651688
[setup in-reg] rst_n -> _88664_/RESET_B : -90.651688
[setup in-reg] rst_n -> _88665_/RESET_B : -90.651688
[setup in-reg] rst_n -> _88666_/RESET_B : -90.651688
[setup in-reg] rst_n -> _88667_/RESET_B : -90.651688
[setup in-reg] rst_n -> _88668_/RESET_B : -90.651688
[setup in-reg] rst_n -> _88669_/RESET_B : -90.651688
[setup in-reg] rst_n -> _88670_/RESET_B : -90.651688
[setup in-reg] rst_n -> _88671_/RESET_B : -90.651688
[setup in-reg] rst_n -> _88672_/RESET_B : -90.651688
[setup in-reg] rst_n -> _88673_/RESET_B : -90.651688
[setup in-reg] rst_n -> _88674_/RESET_B : -90.651688
[setup in-reg] rst_n -> _88675_/RESET_B : -90.651688
[setup in-reg] rst_n -> _88676_/RESET_B : -90.651688
[setup in-reg] rst_n -> _88677_/RESET_B : -90.651688
[setup in-reg] rst_n -> _88678_/RESET_B : -90.651688
[setup in-reg] rst_n -> _88679_/RESET_B : -90.651688
[setup in-reg] rst_n -> _88680_/RESET_B : -90.651688
[setup in-reg] rst_n -> _88681_/RESET_B : -90.651688
[setup in-reg] rst_n -> _88682_/RESET_B : -90.651688
[setup in-reg] rst_n -> _88683_/RESET_B : -90.651688
[setup in-reg] rst_n -> _88684_/RESET_B : -90.651688
[setup in-reg] rst_n -> _88685_/RESET_B : -90.651688
[setup in-reg] rst_n -> _88686_/RESET_B : -90.651688
[setup in-reg] rst_n -> _88687_/RESET_B : -90.651688
[setup in-reg] rst_n -> _88688_/RESET_B : -90.651688
[setup in-reg] rst_n -> _88689_/RESET_B : -90.651688
[setup in-reg] rst_n -> _88690_/RESET_B : -90.651688
[setup in-reg] rst_n -> _88691_/RESET_B : -90.651688
[setup in-reg] rst_n -> _88692_/RESET_B : -90.651688
[setup in-reg] rst_n -> _88693_/RESET_B : -90.651688
[setup in-reg] rst_n -> _88694_/RESET_B : -90.651688
[setup in-reg] rst_n -> _88695_/RESET_B : -90.651688
[setup in-reg] rst_n -> _88696_/RESET_B : -90.651688
[setup in-reg] rst_n -> _88697_/RESET_B : -90.651688
[setup in-reg] rst_n -> _88698_/RESET_B : -90.651688
[setup in-reg] rst_n -> _88699_/RESET_B : -90.651688
[setup in-reg] rst_n -> _88700_/RESET_B : -90.651688
[setup in-reg] rst_n -> _88701_/RESET_B : -90.651688
[setup in-reg] rst_n -> _88702_/RESET_B : -90.651688
[setup in-reg] rst_n -> _88703_/RESET_B : -90.651688
[setup in-reg] rst_n -> _88704_/RESET_B : -90.651688
[setup in-reg] rst_n -> _88705_/RESET_B : -90.651688
[setup in-reg] rst_n -> _88706_/RESET_B : -90.651688
[setup in-reg] rst_n -> _88707_/RESET_B : -90.651688
[setup in-reg] rst_n -> _88708_/RESET_B : -90.651688
[setup in-reg] rst_n -> _88709_/RESET_B : -90.651688
[setup in-reg] rst_n -> _88710_/RESET_B : -90.651688
[setup in-reg] rst_n -> _88711_/RESET_B : -90.651688
[setup in-reg] rst_n -> _88712_/RESET_B : -90.651688
[setup in-reg] rst_n -> _88713_/RESET_B : -90.651688
[setup in-reg] rst_n -> _88714_/RESET_B : -90.651688
[setup in-reg] rst_n -> _88715_/RESET_B : -90.651688
[setup in-reg] rst_n -> _88716_/RESET_B : -90.651688
[setup in-reg] rst_n -> _88717_/RESET_B : -90.651688
[setup in-reg] rst_n -> _88718_/RESET_B : -90.651688
[setup in-reg] rst_n -> _88719_/RESET_B : -90.651688
[setup in-reg] rst_n -> _88720_/RESET_B : -90.651688
[setup in-reg] rst_n -> _88721_/RESET_B : -90.651688
[setup in-reg] rst_n -> _88722_/RESET_B : -90.651688
[setup in-reg] rst_n -> _88723_/RESET_B : -90.651688
[setup in-reg] rst_n -> _88724_/RESET_B : -90.651688
[setup in-reg] rst_n -> _88725_/RESET_B : -90.651688
[setup in-reg] rst_n -> _88726_/RESET_B : -90.651688
[setup in-reg] rst_n -> _88727_/RESET_B : -90.651688
[setup in-reg] rst_n -> _88728_/RESET_B : -90.651688
[setup in-reg] rst_n -> _88729_/RESET_B : -90.651688
[setup in-reg] rst_n -> _88730_/RESET_B : -90.651688
[setup in-reg] rst_n -> _88731_/RESET_B : -90.651688
[setup in-reg] rst_n -> _88732_/RESET_B : -90.651688
[setup in-reg] rst_n -> _88733_/RESET_B : -90.651688
[setup in-reg] rst_n -> _88734_/RESET_B : -90.651688
[setup in-reg] rst_n -> _88735_/RESET_B : -90.651688
[setup in-reg] rst_n -> _88736_/RESET_B : -90.651688
[setup in-reg] rst_n -> _88737_/RESET_B : -90.651688
[setup in-reg] rst_n -> _88738_/RESET_B : -90.651688
[setup in-reg] rst_n -> _88739_/RESET_B : -90.651688
[setup in-reg] rst_n -> _88740_/RESET_B : -90.651688
[setup in-reg] rst_n -> _88741_/RESET_B : -90.651688
[setup in-reg] rst_n -> _88742_/RESET_B : -90.651688
[setup in-reg] rst_n -> _88743_/RESET_B : -90.651688
[setup in-reg] rst_n -> _88744_/RESET_B : -90.651688
[setup in-reg] rst_n -> _88745_/RESET_B : -90.651688
[setup in-reg] rst_n -> _88746_/RESET_B : -90.651688
[setup in-reg] rst_n -> _88747_/RESET_B : -90.651688
[setup in-reg] rst_n -> _88748_/RESET_B : -90.651688
[setup in-reg] rst_n -> _88749_/RESET_B : -90.651688
[setup in-reg] rst_n -> _88750_/RESET_B : -90.651688
[setup in-reg] rst_n -> _88751_/RESET_B : -90.651688
[setup in-reg] rst_n -> _88752_/RESET_B : -90.651688
[setup in-reg] rst_n -> _88753_/RESET_B : -90.651688
[setup in-reg] rst_n -> _88754_/RESET_B : -90.651688
[setup in-reg] rst_n -> _88755_/RESET_B : -90.651688
[setup in-reg] rst_n -> _88756_/RESET_B : -90.651688
[setup in-reg] rst_n -> _88757_/RESET_B : -90.651688
[setup in-reg] rst_n -> _88758_/RESET_B : -90.651688
[setup in-reg] rst_n -> _88759_/RESET_B : -90.651688
[setup in-reg] rst_n -> _88760_/RESET_B : -90.651688
[setup in-reg] rst_n -> _88761_/RESET_B : -90.651688
[setup in-reg] rst_n -> _88762_/RESET_B : -90.651688
[setup in-reg] rst_n -> _88763_/RESET_B : -90.651688
[setup in-reg] rst_n -> _88764_/RESET_B : -90.651688
[setup in-reg] rst_n -> _88765_/RESET_B : -90.651688
[setup in-reg] rst_n -> _88766_/RESET_B : -90.651688
[setup in-reg] rst_n -> _88767_/RESET_B : -90.651688
[setup in-reg] rst_n -> _88768_/RESET_B : -90.651688
[setup in-reg] rst_n -> _88769_/RESET_B : -90.651688
[setup in-reg] rst_n -> _88770_/RESET_B : -90.651688
[setup in-reg] rst_n -> _88771_/RESET_B : -90.651688
[setup in-reg] rst_n -> _88772_/RESET_B : -90.651688
[setup in-reg] rst_n -> _88773_/RESET_B : -90.651688
[setup in-reg] rst_n -> _88774_/RESET_B : -90.651688
[setup in-reg] rst_n -> _88775_/RESET_B : -90.651688
[setup in-reg] rst_n -> _88776_/RESET_B : -90.651688
[setup in-reg] rst_n -> _88777_/RESET_B : -90.651688
[setup in-reg] rst_n -> _88778_/RESET_B : -90.651688
[setup in-reg] rst_n -> _88779_/RESET_B : -90.651688
[setup in-reg] rst_n -> _88780_/RESET_B : -90.651688
[setup in-reg] rst_n -> _88781_/RESET_B : -90.651688
[setup in-reg] rst_n -> _88782_/RESET_B : -90.651688
[setup in-reg] rst_n -> _88783_/RESET_B : -90.651688
[setup in-reg] rst_n -> _88784_/RESET_B : -90.651688
[setup in-reg] rst_n -> _88785_/RESET_B : -90.651688
[setup in-reg] rst_n -> _88786_/RESET_B : -90.651688
[setup in-reg] rst_n -> _88787_/RESET_B : -90.651688
[setup in-reg] rst_n -> _88788_/RESET_B : -90.651688
[setup in-reg] rst_n -> _88789_/RESET_B : -90.651688
[setup in-reg] rst_n -> _88790_/RESET_B : -90.651688
[setup in-reg] rst_n -> _88791_/RESET_B : -90.651688
[setup in-reg] rst_n -> _88792_/RESET_B : -90.651688
[setup in-reg] rst_n -> _88793_/RESET_B : -90.651688
[setup in-reg] rst_n -> _88794_/RESET_B : -90.651688
[setup in-reg] rst_n -> _88795_/RESET_B : -90.651688
[setup in-reg] rst_n -> _88796_/RESET_B : -90.651688
[setup in-reg] rst_n -> _88797_/RESET_B : -90.651688
[setup in-reg] rst_n -> _88798_/RESET_B : -90.651688
[setup in-reg] rst_n -> _88799_/RESET_B : -90.651688
[setup in-reg] rst_n -> _88800_/RESET_B : -90.651688
[setup in-reg] rst_n -> _88801_/RESET_B : -90.651688
[setup in-reg] rst_n -> _88802_/RESET_B : -90.651688
[setup in-reg] rst_n -> _88803_/RESET_B : -90.651688
[setup in-reg] rst_n -> _88804_/RESET_B : -90.651688
[setup in-reg] rst_n -> _88805_/RESET_B : -90.651688
[setup in-reg] rst_n -> _88806_/RESET_B : -90.651688
[setup in-reg] rst_n -> _88807_/RESET_B : -90.651688
[setup in-reg] rst_n -> _88808_/RESET_B : -90.651688
[setup in-reg] rst_n -> _88809_/RESET_B : -90.651688
[setup in-reg] rst_n -> _88810_/RESET_B : -90.651688
[setup in-reg] rst_n -> _88811_/RESET_B : -90.651688
[setup in-reg] rst_n -> _88812_/RESET_B : -90.651688
[setup in-reg] rst_n -> _88813_/RESET_B : -90.651688
[setup in-reg] rst_n -> _88814_/RESET_B : -90.651688
[setup in-reg] rst_n -> _88815_/RESET_B : -90.651688
[setup in-reg] rst_n -> _88816_/RESET_B : -90.651688
[setup in-reg] rst_n -> _88817_/RESET_B : -90.651688
[setup in-reg] rst_n -> _88818_/RESET_B : -90.651688
[setup in-reg] rst_n -> _88819_/RESET_B : -90.651688
[setup in-reg] rst_n -> _88820_/RESET_B : -90.651688
[setup in-reg] rst_n -> _88821_/RESET_B : -90.651688
[setup in-reg] rst_n -> _88822_/RESET_B : -90.651688
[setup in-reg] rst_n -> _88823_/RESET_B : -90.651688
[setup in-reg] rst_n -> _88824_/RESET_B : -90.651688
[setup in-reg] rst_n -> _88825_/RESET_B : -90.651688
[setup in-reg] rst_n -> _88826_/RESET_B : -90.651688
[setup in-reg] rst_n -> _88827_/RESET_B : -90.651688
[setup in-reg] rst_n -> _88828_/RESET_B : -90.651688
[setup in-reg] rst_n -> _88829_/RESET_B : -90.651688
[setup in-reg] rst_n -> _88830_/RESET_B : -90.651688
[setup in-reg] rst_n -> _88831_/RESET_B : -90.651688
[setup in-reg] rst_n -> _88832_/RESET_B : -90.651688
[setup in-reg] rst_n -> _88833_/RESET_B : -90.651688
[setup in-reg] rst_n -> _88834_/RESET_B : -90.651688
[setup in-reg] rst_n -> _88835_/RESET_B : -90.651688
[setup in-reg] rst_n -> _88836_/RESET_B : -90.651688
[setup in-reg] rst_n -> _88837_/RESET_B : -90.651688
[setup in-reg] rst_n -> _88838_/RESET_B : -90.651688
[setup in-reg] rst_n -> _88839_/RESET_B : -90.651688
[setup in-reg] rst_n -> _88840_/RESET_B : -90.651688
[setup in-reg] rst_n -> _88841_/RESET_B : -90.651688
[setup in-reg] rst_n -> _88842_/RESET_B : -90.651688
[setup in-reg] rst_n -> _88843_/RESET_B : -90.651688
[setup in-reg] rst_n -> _88844_/RESET_B : -90.651688
[setup in-reg] rst_n -> _88845_/RESET_B : -90.651688
[setup in-reg] rst_n -> _88846_/RESET_B : -90.651688
[setup in-reg] rst_n -> _88847_/RESET_B : -90.651688
[setup in-reg] rst_n -> _88848_/RESET_B : -90.651688
[setup in-reg] rst_n -> _88849_/RESET_B : -90.651688
[setup in-reg] rst_n -> _88850_/RESET_B : -90.651688
[setup in-reg] rst_n -> _88851_/RESET_B : -90.651688
[setup in-reg] rst_n -> _88852_/RESET_B : -90.651688
[setup in-reg] rst_n -> _88853_/RESET_B : -90.651688
[setup in-reg] rst_n -> _88854_/RESET_B : -90.651688
[setup in-reg] rst_n -> _88855_/RESET_B : -90.651688
[setup in-reg] rst_n -> _88856_/RESET_B : -90.651688
[setup in-reg] rst_n -> _88857_/RESET_B : -90.651688
[setup in-reg] rst_n -> _88858_/RESET_B : -90.651688
[setup in-reg] rst_n -> _88859_/RESET_B : -90.651688
[setup in-reg] rst_n -> _88860_/RESET_B : -90.651688
[setup in-reg] rst_n -> _88861_/RESET_B : -90.651688
[setup in-reg] rst_n -> _88862_/RESET_B : -90.651688
[setup in-reg] rst_n -> _88863_/RESET_B : -90.651688
[setup in-reg] rst_n -> _88864_/RESET_B : -90.651688
[setup in-reg] rst_n -> _88865_/RESET_B : -90.651688
[setup in-reg] rst_n -> _88866_/RESET_B : -90.651688
[setup in-reg] rst_n -> _88867_/RESET_B : -90.651688
[setup in-reg] rst_n -> _88868_/RESET_B : -90.651688
[setup in-reg] rst_n -> _88869_/RESET_B : -90.651688
[setup in-reg] rst_n -> _88870_/RESET_B : -90.651688
[setup in-reg] rst_n -> _88871_/RESET_B : -90.651688
[setup in-reg] rst_n -> _88872_/RESET_B : -90.651688
[setup in-reg] rst_n -> _88873_/RESET_B : -90.651688
[setup in-reg] rst_n -> _88874_/RESET_B : -90.651688
[setup in-reg] rst_n -> _88875_/RESET_B : -90.651688
[setup in-reg] rst_n -> _88876_/RESET_B : -90.651688
[setup in-reg] rst_n -> _88877_/RESET_B : -90.651688
[setup in-reg] rst_n -> _88878_/RESET_B : -90.651688
[setup in-reg] rst_n -> _88879_/RESET_B : -90.651688
[setup in-reg] rst_n -> _88880_/RESET_B : -90.651688
[setup in-reg] rst_n -> _88881_/RESET_B : -90.651688
[setup in-reg] rst_n -> _88882_/RESET_B : -90.651688
[setup in-reg] rst_n -> _88883_/RESET_B : -90.651688
[setup in-reg] rst_n -> _88884_/RESET_B : -90.651688
[setup in-reg] rst_n -> _88885_/RESET_B : -90.651688
[setup in-reg] rst_n -> _88886_/RESET_B : -90.651688
[setup in-reg] rst_n -> _88887_/RESET_B : -90.651688
[setup in-reg] rst_n -> _88888_/RESET_B : -90.651688
[setup in-reg] rst_n -> _88889_/RESET_B : -90.651688
[setup in-reg] rst_n -> _88890_/RESET_B : -90.651688
[setup in-reg] rst_n -> _88891_/RESET_B : -90.651688
[setup in-reg] rst_n -> _88892_/RESET_B : -90.651688
[setup in-reg] rst_n -> _88893_/RESET_B : -90.651688
[setup in-reg] rst_n -> _88894_/RESET_B : -90.651688
[setup in-reg] rst_n -> _88895_/RESET_B : -90.651688
[setup in-reg] rst_n -> _88896_/RESET_B : -90.651688
[setup in-reg] rst_n -> _88897_/RESET_B : -90.651688
[setup in-reg] rst_n -> _88898_/RESET_B : -90.651688
[setup in-reg] rst_n -> _88899_/RESET_B : -90.651688
[setup in-reg] rst_n -> _88900_/RESET_B : -90.651688
[setup in-reg] rst_n -> _88901_/RESET_B : -90.651688
[setup in-reg] rst_n -> _88902_/RESET_B : -90.651688
[setup in-reg] rst_n -> _88903_/RESET_B : -90.651688
[setup in-reg] rst_n -> _88904_/RESET_B : -90.651688
[setup in-reg] rst_n -> _88905_/RESET_B : -90.651688
[setup in-reg] rst_n -> _88906_/RESET_B : -90.651688
[setup in-reg] rst_n -> _88907_/RESET_B : -90.651688
[setup in-reg] rst_n -> _88908_/RESET_B : -90.651688
[setup in-reg] rst_n -> _88909_/RESET_B : -90.651688
[setup in-reg] rst_n -> _88910_/RESET_B : -90.651688
[setup in-reg] rst_n -> _88911_/RESET_B : -90.651688
[setup in-reg] rst_n -> _88912_/RESET_B : -90.651688
[setup in-reg] rst_n -> _88913_/RESET_B : -90.651688
[setup in-reg] rst_n -> _88914_/RESET_B : -90.651688
[setup in-reg] rst_n -> _88915_/RESET_B : -90.651688
[setup in-reg] rst_n -> _88916_/RESET_B : -90.651688
[setup in-reg] rst_n -> _88917_/RESET_B : -90.651688
[setup in-reg] rst_n -> _88918_/RESET_B : -90.651688
[setup in-reg] rst_n -> _88919_/RESET_B : -90.651688
[setup in-reg] rst_n -> _88920_/RESET_B : -90.651688
[setup in-reg] rst_n -> _88921_/RESET_B : -90.651688
[setup in-reg] rst_n -> _88922_/RESET_B : -90.651688
[setup in-reg] rst_n -> _88923_/RESET_B : -90.651688
[setup in-reg] rst_n -> _88924_/RESET_B : -90.651688
[setup in-reg] rst_n -> _88925_/RESET_B : -90.651688
[setup in-reg] rst_n -> _88926_/RESET_B : -90.651688
[setup in-reg] rst_n -> _88927_/RESET_B : -90.651688
[setup in-reg] rst_n -> _88928_/RESET_B : -90.651688
[setup in-reg] rst_n -> _88929_/RESET_B : -90.651688
[setup in-reg] rst_n -> _88930_/RESET_B : -90.651688
[setup in-reg] rst_n -> _88931_/RESET_B : -90.651688
[setup in-reg] rst_n -> _88932_/RESET_B : -90.651688
[setup in-reg] rst_n -> _88933_/RESET_B : -90.651688
[setup in-reg] rst_n -> _88934_/RESET_B : -90.651688
[setup in-reg] rst_n -> _88935_/RESET_B : -90.651688
[setup in-reg] rst_n -> _88936_/RESET_B : -90.651688
[setup in-reg] rst_n -> _88937_/RESET_B : -90.651688
[setup in-reg] rst_n -> _88938_/RESET_B : -90.651688
[setup in-reg] rst_n -> _88939_/RESET_B : -90.651688
[setup in-reg] rst_n -> _88940_/RESET_B : -90.651688
[setup in-reg] rst_n -> _88941_/RESET_B : -90.651688
[setup in-reg] rst_n -> _88942_/RESET_B : -90.651688
[setup in-reg] rst_n -> _88943_/RESET_B : -90.651688
[setup in-reg] rst_n -> _88944_/RESET_B : -90.651688
[setup in-reg] rst_n -> _88945_/RESET_B : -90.651688
[setup in-reg] rst_n -> _88946_/RESET_B : -90.651688
[setup in-reg] rst_n -> _88947_/RESET_B : -90.651688
[setup in-reg] rst_n -> _88948_/RESET_B : -90.651688
[setup in-reg] rst_n -> _88949_/RESET_B : -90.651688
[setup in-reg] rst_n -> _88950_/RESET_B : -90.651688
[setup in-reg] rst_n -> _88951_/RESET_B : -90.651688
[setup in-reg] rst_n -> _88952_/RESET_B : -90.651688
[setup in-reg] rst_n -> _88953_/RESET_B : -90.651688
[setup in-reg] rst_n -> _88954_/RESET_B : -90.651688
[setup in-reg] rst_n -> _88955_/RESET_B : -90.651688
[setup in-reg] rst_n -> _88956_/RESET_B : -90.651688
[setup in-reg] rst_n -> _88957_/RESET_B : -90.651688
[setup in-reg] rst_n -> _88958_/RESET_B : -90.651688
[setup in-reg] rst_n -> _88959_/RESET_B : -90.651688
[setup in-reg] rst_n -> _88960_/RESET_B : -90.651688
[setup in-reg] rst_n -> _88961_/RESET_B : -90.651688
[setup in-reg] rst_n -> _88962_/RESET_B : -90.651688
[setup in-reg] rst_n -> _88963_/RESET_B : -90.651688
[setup in-reg] rst_n -> _88964_/RESET_B : -90.651688
[setup in-reg] rst_n -> _88965_/RESET_B : -90.651688
[setup in-reg] rst_n -> _88966_/RESET_B : -90.651688
[setup in-reg] rst_n -> _88967_/RESET_B : -90.651688
[setup in-reg] rst_n -> _88968_/RESET_B : -90.651688
[setup in-reg] rst_n -> _88969_/RESET_B : -90.651688
[setup in-reg] rst_n -> _88970_/RESET_B : -90.651688
[setup in-reg] rst_n -> _88971_/RESET_B : -90.651688
[setup in-reg] rst_n -> _88972_/RESET_B : -90.651688
[setup in-reg] rst_n -> _88973_/RESET_B : -90.651688
[setup in-reg] rst_n -> _88974_/RESET_B : -90.651688
[setup in-reg] rst_n -> _88975_/RESET_B : -90.651688
[setup in-reg] rst_n -> _88976_/RESET_B : -90.651688
[setup in-reg] rst_n -> _88977_/RESET_B : -90.651688
[setup in-reg] rst_n -> _88978_/RESET_B : -90.651688
[setup in-reg] rst_n -> _88979_/RESET_B : -90.651688
[setup in-reg] rst_n -> _88980_/RESET_B : -90.651688
[setup in-reg] rst_n -> _88981_/RESET_B : -90.651688
[setup in-reg] rst_n -> _88982_/RESET_B : -90.651688
[setup in-reg] rst_n -> _88983_/RESET_B : -90.651688
[setup in-reg] rst_n -> _88984_/RESET_B : -90.651688
[setup in-reg] rst_n -> _88985_/RESET_B : -90.651688
[setup in-reg] rst_n -> _88986_/RESET_B : -90.651688
[setup in-reg] rst_n -> _88987_/RESET_B : -90.651688
[setup in-reg] rst_n -> _88988_/RESET_B : -90.651688
[setup in-reg] rst_n -> _88989_/RESET_B : -90.651688
[setup in-reg] rst_n -> _88990_/RESET_B : -90.651688
[setup in-reg] rst_n -> _88991_/RESET_B : -90.651688
[setup in-reg] rst_n -> _88992_/RESET_B : -90.651688
[setup in-reg] rst_n -> _88993_/RESET_B : -90.651688
[setup in-reg] rst_n -> _88994_/RESET_B : -90.651688
[setup in-reg] rst_n -> _88995_/RESET_B : -90.651688
[setup in-reg] rst_n -> _88996_/RESET_B : -90.651688
[setup in-reg] rst_n -> _88997_/RESET_B : -90.651688
[setup in-reg] rst_n -> _88998_/RESET_B : -90.651688
[setup in-reg] rst_n -> _88999_/RESET_B : -90.651688
[setup in-reg] rst_n -> _89000_/RESET_B : -90.651688
[setup in-reg] rst_n -> _89001_/RESET_B : -90.651688
[setup in-reg] rst_n -> _89002_/RESET_B : -90.651688
[setup in-reg] rst_n -> _89003_/RESET_B : -90.651688
[setup in-reg] rst_n -> _89004_/RESET_B : -90.651688
[setup in-reg] rst_n -> _89005_/RESET_B : -90.651688
[setup in-reg] rst_n -> _89006_/RESET_B : -90.651688
[setup in-reg] rst_n -> _89007_/RESET_B : -90.651688
[setup in-reg] rst_n -> _89008_/RESET_B : -90.651688
[setup in-reg] rst_n -> _89009_/RESET_B : -90.651688
[setup in-reg] rst_n -> _89010_/RESET_B : -90.651688
[setup in-reg] rst_n -> _89011_/RESET_B : -90.651688
[setup in-reg] rst_n -> _89012_/RESET_B : -90.651688
[setup in-reg] rst_n -> _89013_/RESET_B : -90.651688
[setup in-reg] rst_n -> _89014_/RESET_B : -90.651688
[setup in-reg] rst_n -> _89015_/RESET_B : -90.651688
[setup in-reg] rst_n -> _89016_/RESET_B : -90.651688
[setup in-reg] rst_n -> _89017_/RESET_B : -90.651688
[setup in-reg] rst_n -> _89018_/RESET_B : -90.651688
[setup in-reg] rst_n -> _89019_/RESET_B : -90.651688
[setup in-reg] rst_n -> _89020_/RESET_B : -90.651688
[setup in-reg] rst_n -> _89021_/RESET_B : -90.651688
[setup in-reg] rst_n -> _89022_/RESET_B : -90.651688
[setup in-reg] rst_n -> _89023_/RESET_B : -90.651688
[setup in-reg] rst_n -> _89024_/RESET_B : -90.651688
[setup in-reg] rst_n -> _89025_/RESET_B : -90.651688
[setup in-reg] rst_n -> _89026_/RESET_B : -90.651688
[setup in-reg] rst_n -> _89027_/RESET_B : -90.651688
[setup in-reg] rst_n -> _89028_/RESET_B : -90.651688
[setup in-reg] rst_n -> _89029_/RESET_B : -90.651688
[setup in-reg] rst_n -> _89030_/RESET_B : -90.651688
[setup in-reg] rst_n -> _89031_/RESET_B : -90.651688
[setup in-reg] rst_n -> _89032_/RESET_B : -90.651688
[setup in-reg] rst_n -> _89033_/RESET_B : -90.651688
[setup in-reg] rst_n -> _89034_/RESET_B : -90.651688
[setup in-reg] rst_n -> _89035_/RESET_B : -90.651688
[setup in-reg] rst_n -> _89036_/RESET_B : -90.651688
[setup in-reg] rst_n -> _89037_/RESET_B : -90.651688
[setup in-reg] rst_n -> _89038_/RESET_B : -90.651688
[setup in-reg] rst_n -> _89039_/RESET_B : -90.651688
[setup in-reg] rst_n -> _89040_/RESET_B : -90.651688
[setup in-reg] rst_n -> _89041_/RESET_B : -90.651688
[setup in-reg] rst_n -> _89042_/RESET_B : -90.651688
[setup in-reg] rst_n -> _89043_/RESET_B : -90.651688
[setup in-reg] rst_n -> _89044_/RESET_B : -90.651688
[setup in-reg] rst_n -> _89045_/RESET_B : -90.651688
[setup in-reg] rst_n -> _89046_/RESET_B : -90.651688
[setup in-reg] rst_n -> _89047_/RESET_B : -90.651688
[setup in-reg] rst_n -> _89048_/RESET_B : -90.651688
[setup in-reg] rst_n -> _89049_/RESET_B : -90.651688
[setup in-reg] rst_n -> _89050_/RESET_B : -90.651688
[setup in-reg] rst_n -> _89051_/RESET_B : -90.651688
[setup in-reg] rst_n -> _89052_/RESET_B : -90.651688
[setup in-reg] rst_n -> _89053_/RESET_B : -90.651688
[setup in-reg] rst_n -> _89054_/RESET_B : -90.651688
[setup in-reg] rst_n -> _89055_/RESET_B : -90.651688
[setup in-reg] rst_n -> _89056_/RESET_B : -90.651688
[setup in-reg] rst_n -> _89057_/RESET_B : -90.651688
[setup in-reg] rst_n -> _89058_/RESET_B : -90.651688
[setup in-reg] rst_n -> _89059_/RESET_B : -90.651688
[setup in-reg] rst_n -> _89060_/RESET_B : -90.651688
[setup in-reg] rst_n -> _89061_/RESET_B : -90.651688
[setup in-reg] rst_n -> _89062_/RESET_B : -90.651688
[setup in-reg] rst_n -> _89063_/RESET_B : -90.651688
[setup in-reg] rst_n -> _89064_/RESET_B : -90.651688
[setup in-reg] rst_n -> _89065_/RESET_B : -90.651688
[setup in-reg] rst_n -> _89066_/RESET_B : -90.651688
[setup in-reg] rst_n -> _89067_/RESET_B : -90.651688
[setup in-reg] rst_n -> _89068_/RESET_B : -90.651688
[setup in-reg] rst_n -> _89069_/RESET_B : -90.651688
[setup in-reg] rst_n -> _89070_/RESET_B : -90.651688
[setup in-reg] rst_n -> _89071_/RESET_B : -90.651688
[setup in-reg] rst_n -> _89072_/RESET_B : -90.651688
[setup in-reg] rst_n -> _89073_/RESET_B : -90.651688
[setup in-reg] rst_n -> _89074_/RESET_B : -90.651688
[setup in-reg] rst_n -> _89075_/RESET_B : -90.651688
[setup in-reg] rst_n -> _89076_/RESET_B : -90.651688
[setup in-reg] rst_n -> _89077_/RESET_B : -90.651688
[setup in-reg] rst_n -> _89078_/RESET_B : -90.651688
[setup in-reg] rst_n -> _89079_/RESET_B : -90.651688
[setup in-reg] rst_n -> _89080_/RESET_B : -90.651688
[setup in-reg] rst_n -> _89081_/RESET_B : -90.651688
[setup in-reg] rst_n -> _89082_/RESET_B : -90.651688
[setup in-reg] rst_n -> _89083_/RESET_B : -90.651688
[setup in-reg] rst_n -> _89084_/RESET_B : -90.651688
[setup in-reg] rst_n -> _89085_/RESET_B : -90.651688
[setup in-reg] rst_n -> _89086_/RESET_B : -90.651688
[setup in-reg] rst_n -> _89087_/RESET_B : -90.651688
[setup in-reg] rst_n -> _89088_/RESET_B : -90.651688
[setup in-reg] rst_n -> _89089_/RESET_B : -90.651688
[setup in-reg] rst_n -> _89090_/RESET_B : -90.651688
[setup in-reg] rst_n -> _89091_/RESET_B : -90.651688
[setup in-reg] rst_n -> _89092_/RESET_B : -90.651688
[setup in-reg] rst_n -> _89093_/RESET_B : -90.651688
[setup in-reg] enable_cycle -> _83931_/D : -27.571238
[setup in-reg] enable_cycle -> _83213_/D : -27.262638
[setup in-reg] enable_cycle -> _86940_/D : -27.247854
[setup in-reg] enable_cycle -> _88149_/D : -27.222576
[setup in-reg] enable_cycle -> _87894_/D : -27.111116
[setup in-reg] enable_cycle -> _85973_/D : -26.944271
[setup in-reg] enable_cycle -> _86055_/D : -26.944271
[setup in-reg] enable_cycle -> _83348_/D : -26.897062
[setup in-reg] enable_cycle -> _85120_/D : -26.628513
[setup in-reg] enable_cycle -> _84123_/D : -26.528383
[setup in-reg] enable_cycle -> _86941_/D : -26.512581
[setup in-reg] enable_cycle -> _83857_/D : -26.508457
[setup in-reg] enable_cycle -> _84623_/D : -26.508457
[setup in-reg] enable_cycle -> _86121_/D : -26.508457
[setup in-reg] enable_cycle -> _86452_/D : -26.508457
[setup in-reg] enable_cycle -> _87117_/D : -26.508457
[setup in-reg] enable_cycle -> _83192_/D : -26.425077
[setup in-reg] enable_cycle -> _83236_/D : -26.425077
[setup in-reg] enable_cycle -> _83333_/D : -26.425077
[setup in-reg] enable_cycle -> _83842_/D : -26.425077
[setup in-reg] enable_cycle -> _83917_/D : -26.425077
[setup in-reg] enable_cycle -> _84008_/D : -26.425077
[setup in-reg] enable_cycle -> _84408_/D : -26.425077
[setup in-reg] enable_cycle -> _84508_/D : -26.425077
[setup in-reg] enable_cycle -> _84608_/D : -26.425077
[setup in-reg] enable_cycle -> _84701_/D : -26.425077
[setup in-reg] enable_cycle -> _84844_/D : -26.425077
[setup in-reg] enable_cycle -> _85172_/D : -26.425077
[setup in-reg] enable_cycle -> _85236_/D : -26.425077
[setup in-reg] enable_cycle -> _85300_/D : -26.425077
[setup in-reg] enable_cycle -> _85305_/D : -26.425077
[setup in-reg] enable_cycle -> _85364_/D : -26.425077
[setup in-reg] enable_cycle -> _85428_/D : -26.425077
[setup in-reg] enable_cycle -> _85476_/D : -26.425077
[setup in-reg] enable_cycle -> _85631_/D : -26.425077
[setup in-reg] enable_cycle -> _85959_/D : -26.425077
[setup in-reg] enable_cycle -> _86106_/D : -26.425077
[setup in-reg] enable_cycle -> _86267_/D : -26.425077
[setup in-reg] enable_cycle -> _86437_/D : -26.425077
[setup in-reg] enable_cycle -> _86607_/D : -26.425077
[setup in-reg] enable_cycle -> _86759_/D : -26.425077
[setup in-reg] enable_cycle -> _87102_/D : -26.425077
[setup in-reg] enable_cycle -> _87278_/D : -26.425077
[setup in-reg] enable_cycle -> _87435_/D : -26.425077
[setup in-reg] enable_cycle -> _87790_/D : -26.425077
[setup in-reg] enable_cycle -> _87881_/D : -26.425077
[setup in-reg] enable_cycle -> _87972_/D : -26.425077
[setup in-reg] enable_cycle -> _87979_/D : -26.425077
[setup in-reg] enable_cycle -> _88134_/D : -26.425077
[setup in-reg] enable_cycle -> _88219_/D : -26.425077
[setup in-reg] enable_cycle -> _88540_/D : -26.425077
[setup in-reg] enable_cycle -> _88872_/D : -26.425077
[setup in-reg] enable_cycle -> _88952_/D : -26.425077
[setup in-reg] enable_cycle -> _88999_/D : -26.425077
[setup in-reg] enable_cycle -> _89041_/D : -26.425077
[setup in-reg] enable_cycle -> _83650_/D : -26.401400
[setup in-reg] enable_cycle -> _84310_/D : -26.401400
[setup in-reg] enable_cycle -> _85174_/D : -26.401400
[setup in-reg] enable_cycle -> _85797_/D : -26.401400
[setup in-reg] enable_cycle -> _86928_/D : -26.401400
[setup in-reg] enable_cycle -> _88555_/D : -26.370863
[setup in-reg] enable_cycle -> _86279_/D : -26.327953
[setup in-reg] enable_cycle -> _84210_/D : -26.319424
[setup in-reg] enable_cycle -> _89056_/D : -26.211411
[setup in-reg] enable_cycle -> _83251_/D : -26.152710
[setup in-reg] enable_cycle -> _83402_/D : -26.152710
[setup in-reg] enable_cycle -> _84110_/D : -26.152710
[setup in-reg] enable_cycle -> _88328_/D : -26.152710
[setup in-reg] enable_cycle -> _88692_/D : -26.152710
[setup in-reg] enable_cycle -> _88886_/D : -26.152710
[setup in-reg] enable_cycle -> _84423_/D : -26.143930
[setup in-reg] enable_cycle -> _83467_/D : -26.137875
[setup in-reg] enable_cycle -> _88829_/D : -26.126390
[setup in-reg] enable_cycle -> _83239_/D : -26.121429
[setup in-reg] enable_cycle -> _85479_/D : -26.121429
[setup in-reg] enable_cycle -> _86440_/D : -26.121429
[setup in-reg] enable_cycle -> _88689_/D : -26.121429
[setup in-reg] enable_cycle -> _88875_/D : -26.121429
[setup in-reg] enable_cycle -> _87895_/D : -26.041288
[setup in-reg] enable_cycle -> _83760_/D : -26.041061
[setup in-reg] enable_cycle -> _83855_/D : -25.968842
[setup in-reg] enable_cycle -> _84421_/D : -25.968842
[setup in-reg] enable_cycle -> _86451_/D : -25.968842
[setup in-reg] enable_cycle -> _87204_/D : -25.968842
[setup in-reg] enable_cycle -> _87713_/D : -25.968842
[setup in-reg] enable_cycle -> _87896_/D : -25.968842
[setup in-reg] enable_cycle -> _87987_/D : -25.968842
[setup in-reg] enable_cycle -> _88077_/D : -25.968842
[setup in-reg] enable_cycle -> _88078_/D : -25.968842
[setup in-reg] enable_cycle -> _88233_/D : -25.968842
[setup in-reg] enable_cycle -> _88234_/D : -25.968842
[setup in-reg] enable_cycle -> _83098_/D : -25.936436
[setup in-reg] enable_cycle -> _83099_/D : -25.936436
[setup in-reg] enable_cycle -> _83100_/D : -25.936436
[setup in-reg] enable_cycle -> _83101_/D : -25.936436
[setup in-reg] enable_cycle -> _83102_/D : -25.936436
[setup in-reg] enable_cycle -> _83103_/D : -25.936436
[setup in-reg] enable_cycle -> _83104_/D : -25.936436
[setup in-reg] enable_cycle -> _83105_/D : -25.936436
[setup in-reg] enable_cycle -> _83106_/D : -25.936436
[setup in-reg] enable_cycle -> _83107_/D : -25.936436
[setup in-reg] enable_cycle -> _83108_/D : -25.936436
[setup in-reg] enable_cycle -> _83109_/D : -25.936436
[setup in-reg] enable_cycle -> _83110_/D : -25.936436
[setup in-reg] enable_cycle -> _83111_/D : -25.936436
[setup in-reg] enable_cycle -> _83112_/D : -25.936436
[setup in-reg] enable_cycle -> _83113_/D : -25.936436
[setup in-reg] enable_cycle -> _83114_/D : -25.936436
[setup in-reg] enable_cycle -> _83115_/D : -25.936436
[setup in-reg] enable_cycle -> _83116_/D : -25.936436
[setup in-reg] enable_cycle -> _83117_/D : -25.936436
[setup in-reg] enable_cycle -> _83119_/D : -25.936436
[setup in-reg] enable_cycle -> _83121_/D : -25.936436
[setup in-reg] enable_cycle -> _83122_/D : -25.936436
[setup in-reg] enable_cycle -> _83123_/D : -25.936436
[setup in-reg] enable_cycle -> _83124_/D : -25.936436
[setup in-reg] enable_cycle -> _83125_/D : -25.936436
[setup in-reg] enable_cycle -> _83126_/D : -25.936436
[setup in-reg] enable_cycle -> _83127_/D : -25.936436
[setup in-reg] enable_cycle -> _83128_/D : -25.936436
[setup in-reg] enable_cycle -> _83129_/D : -25.936436
[setup in-reg] enable_cycle -> _83130_/D : -25.936436
[setup in-reg] enable_cycle -> _83131_/D : -25.936436
[setup in-reg] enable_cycle -> _83132_/D : -25.936436
[setup in-reg] enable_cycle -> _83133_/D : -25.936436
[setup in-reg] enable_cycle -> _83184_/D : -25.936436
[setup in-reg] enable_cycle -> _83185_/D : -25.936436
[setup in-reg] enable_cycle -> _83186_/D : -25.936436
[setup in-reg] enable_cycle -> _83187_/D : -25.936436
[setup in-reg] enable_cycle -> _83188_/D : -25.936436
[setup in-reg] enable_cycle -> _83189_/D : -25.936436
[setup in-reg] enable_cycle -> _83190_/D : -25.936436
[setup in-reg] enable_cycle -> _83191_/D : -25.936436
[setup in-reg] enable_cycle -> _83193_/D : -25.936436
[setup in-reg] enable_cycle -> _83194_/D : -25.936436
[setup in-reg] enable_cycle -> _83195_/D : -25.936436
[setup in-reg] enable_cycle -> _83196_/D : -25.936436
[setup in-reg] enable_cycle -> _83197_/D : -25.936436
[setup in-reg] enable_cycle -> _83198_/D : -25.936436
[setup in-reg] enable_cycle -> _83199_/D : -25.936436
[setup in-reg] enable_cycle -> _83200_/D : -25.936436
[setup in-reg] enable_cycle -> _83201_/D : -25.936436
[setup in-reg] enable_cycle -> _83202_/D : -25.936436
[setup in-reg] enable_cycle -> _83203_/D : -25.936436
[setup in-reg] enable_cycle -> _83204_/D : -25.936436
[setup in-reg] enable_cycle -> _83205_/D : -25.936436
[setup in-reg] enable_cycle -> _83206_/D : -25.936436
[setup in-reg] enable_cycle -> _83208_/D : -25.936436
[setup in-reg] enable_cycle -> _83209_/D : -25.936436
[setup in-reg] enable_cycle -> _83210_/D : -25.936436
[setup in-reg] enable_cycle -> _83211_/D : -25.936436
[setup in-reg] enable_cycle -> _83212_/D : -25.936436
[setup in-reg] enable_cycle -> _83240_/D : -25.936436
[setup in-reg] enable_cycle -> _83242_/D : -25.936436
[setup in-reg] enable_cycle -> _83243_/D : -25.936436
[setup in-reg] enable_cycle -> _83244_/D : -25.936436
[setup in-reg] enable_cycle -> _83245_/D : -25.936436
[setup in-reg] enable_cycle -> _83246_/D : -25.936436
[setup in-reg] enable_cycle -> _83247_/D : -25.936436
[setup in-reg] enable_cycle -> _83248_/D : -25.936436
[setup in-reg] enable_cycle -> _83249_/D : -25.936436
[setup in-reg] enable_cycle -> _83250_/D : -25.936436
[setup in-reg] enable_cycle -> _83252_/D : -25.936436
[setup in-reg] enable_cycle -> _83253_/D : -25.936436
[setup in-reg] enable_cycle -> _83254_/D : -25.936436
[setup in-reg] enable_cycle -> _83255_/D : -25.936436
[setup in-reg] enable_cycle -> _83256_/D : -25.936436
[setup in-reg] enable_cycle -> _83257_/D : -25.936436
[setup in-reg] enable_cycle -> _83258_/D : -25.936436
[setup in-reg] enable_cycle -> _83259_/D : -25.936436
[setup in-reg] enable_cycle -> _83260_/D : -25.936436
[setup in-reg] enable_cycle -> _83261_/D : -25.936436
[setup in-reg] enable_cycle -> _83262_/D : -25.936436
[setup in-reg] enable_cycle -> _83263_/D : -25.936436
[setup in-reg] enable_cycle -> _83264_/D : -25.936436
[setup in-reg] enable_cycle -> _83265_/D : -25.936436
[setup in-reg] enable_cycle -> _83266_/D : -25.936436
[setup in-reg] enable_cycle -> _83267_/D : -25.936436
[setup in-reg] enable_cycle -> _83268_/D : -25.936436
[setup in-reg] enable_cycle -> _83269_/D : -25.936436
[setup in-reg] enable_cycle -> _83270_/D : -25.936436
[setup in-reg] enable_cycle -> _83271_/D : -25.936436
[setup in-reg] enable_cycle -> _83272_/D : -25.936436
[setup in-reg] enable_cycle -> _83273_/D : -25.936436
[setup in-reg] enable_cycle -> _83282_/D : -25.936436
[setup in-reg] enable_cycle -> _83283_/D : -25.936436
[setup in-reg] enable_cycle -> _83284_/D : -25.936436
[setup in-reg] enable_cycle -> _83285_/D : -25.936436
[setup in-reg] enable_cycle -> _83286_/D : -25.936436
[setup in-reg] enable_cycle -> _83287_/D : -25.936436
[setup in-reg] enable_cycle -> _83288_/D : -25.936436
[setup in-reg] enable_cycle -> _83289_/D : -25.936436
[setup in-reg] enable_cycle -> _83290_/D : -25.936436
[setup in-reg] enable_cycle -> _83291_/D : -25.936436
[setup in-reg] enable_cycle -> _83292_/D : -25.936436
[setup in-reg] enable_cycle -> _83293_/D : -25.936436
[setup in-reg] enable_cycle -> _83294_/D : -25.936436
[setup in-reg] enable_cycle -> _83295_/D : -25.936436
[setup in-reg] enable_cycle -> _83296_/D : -25.936436
[setup in-reg] enable_cycle -> _83297_/D : -25.936436
[setup in-reg] enable_cycle -> _83298_/D : -25.936436
[setup in-reg] enable_cycle -> _83299_/D : -25.936436
[setup in-reg] enable_cycle -> _83300_/D : -25.936436
[setup in-reg] enable_cycle -> _83301_/D : -25.936436
[setup in-reg] enable_cycle -> _83302_/D : -25.936436
[setup in-reg] enable_cycle -> _83303_/D : -25.936436
[setup in-reg] enable_cycle -> _83304_/D : -25.936436
[setup in-reg] enable_cycle -> _83305_/D : -25.936436
[setup in-reg] enable_cycle -> _83306_/D : -25.936436
[setup in-reg] enable_cycle -> _83307_/D : -25.936436
[setup in-reg] enable_cycle -> _83308_/D : -25.936436
[setup in-reg] enable_cycle -> _83309_/D : -25.936436
[setup in-reg] enable_cycle -> _83310_/D : -25.936436
[setup in-reg] enable_cycle -> _83334_/D : -25.936436
[setup in-reg] enable_cycle -> _83335_/D : -25.936436
[setup in-reg] enable_cycle -> _83336_/D : -25.936436
[setup in-reg] enable_cycle -> _83337_/D : -25.936436
[setup in-reg] enable_cycle -> _83338_/D : -25.936436
[setup in-reg] enable_cycle -> _83339_/D : -25.936436
[setup in-reg] enable_cycle -> _83340_/D : -25.936436
[setup in-reg] enable_cycle -> _83341_/D : -25.936436
[setup in-reg] enable_cycle -> _83342_/D : -25.936436
[setup in-reg] enable_cycle -> _83343_/D : -25.936436
[setup in-reg] enable_cycle -> _83344_/D : -25.936436
[setup in-reg] enable_cycle -> _83345_/D : -25.936436
[setup in-reg] enable_cycle -> _83346_/D : -25.936436
[setup in-reg] enable_cycle -> _83347_/D : -25.936436
[setup in-reg] enable_cycle -> _83379_/D : -25.936436
[setup in-reg] enable_cycle -> _83380_/D : -25.936436
[setup in-reg] enable_cycle -> _83381_/D : -25.936436
[setup in-reg] enable_cycle -> _83382_/D : -25.936436
[setup in-reg] enable_cycle -> _83383_/D : -25.936436
[setup in-reg] enable_cycle -> _83384_/D : -25.936436
[setup in-reg] enable_cycle -> _83385_/D : -25.936436
[setup in-reg] enable_cycle -> _83386_/D : -25.936436
[setup in-reg] enable_cycle -> _83387_/D : -25.936436
[setup in-reg] enable_cycle -> _83388_/D : -25.936436
[setup in-reg] enable_cycle -> _83389_/D : -25.936436
[setup in-reg] enable_cycle -> _83390_/D : -25.936436
[setup in-reg] enable_cycle -> _83391_/D : -25.936436
[setup in-reg] enable_cycle -> _83393_/D : -25.936436
[setup in-reg] enable_cycle -> _83394_/D : -25.936436
[setup in-reg] enable_cycle -> _83395_/D : -25.936436
[setup in-reg] enable_cycle -> _83396_/D : -25.936436
[setup in-reg] enable_cycle -> _83397_/D : -25.936436
[setup in-reg] enable_cycle -> _83398_/D : -25.936436
[setup in-reg] enable_cycle -> _83399_/D : -25.936436
[setup in-reg] enable_cycle -> _83400_/D : -25.936436
[setup in-reg] enable_cycle -> _83401_/D : -25.936436
[setup in-reg] enable_cycle -> _83403_/D : -25.936436
[setup in-reg] enable_cycle -> _83404_/D : -25.936436
[setup in-reg] enable_cycle -> _83405_/D : -25.936436
[setup in-reg] enable_cycle -> _83406_/D : -25.936436
[setup in-reg] enable_cycle -> _83407_/D : -25.936436
[setup in-reg] enable_cycle -> _83408_/D : -25.936436
[setup in-reg] enable_cycle -> _83409_/D : -25.936436
[setup in-reg] enable_cycle -> _83411_/D : -25.936436
[setup in-reg] enable_cycle -> _83412_/D : -25.936436
[setup in-reg] enable_cycle -> _83413_/D : -25.936436
[setup in-reg] enable_cycle -> _83414_/D : -25.936436
[setup in-reg] enable_cycle -> _83415_/D : -25.936436
[setup in-reg] enable_cycle -> _83416_/D : -25.936436
[setup in-reg] enable_cycle -> _83417_/D : -25.936436
[setup in-reg] enable_cycle -> _83418_/D : -25.936436
[setup in-reg] enable_cycle -> _83419_/D : -25.936436
[setup in-reg] enable_cycle -> _83420_/D : -25.936436
[setup in-reg] enable_cycle -> _83421_/D : -25.936436
[setup in-reg] enable_cycle -> _83422_/D : -25.936436
[setup in-reg] enable_cycle -> _83423_/D : -25.936436
[setup in-reg] enable_cycle -> _83424_/D : -25.936436
[setup in-reg] enable_cycle -> _83425_/D : -25.936436
[setup in-reg] enable_cycle -> _83426_/D : -25.936436
[setup in-reg] enable_cycle -> _83427_/D : -25.936436
[setup in-reg] enable_cycle -> _83428_/D : -25.936436
[setup in-reg] enable_cycle -> _83429_/D : -25.936436
[setup in-reg] enable_cycle -> _83430_/D : -25.936436
[setup in-reg] enable_cycle -> _83431_/D : -25.936436
[setup in-reg] enable_cycle -> _83454_/D : -25.936436
[setup in-reg] enable_cycle -> _83455_/D : -25.936436
[setup in-reg] enable_cycle -> _83456_/D : -25.936436
[setup in-reg] enable_cycle -> _83457_/D : -25.936436
[setup in-reg] enable_cycle -> _83458_/D : -25.936436
[setup in-reg] enable_cycle -> _83461_/D : -25.936436
[setup in-reg] enable_cycle -> _83462_/D : -25.936436
[setup in-reg] enable_cycle -> _83463_/D : -25.936436
[setup in-reg] enable_cycle -> _83464_/D : -25.936436
[setup in-reg] enable_cycle -> _83465_/D : -25.936436
[setup in-reg] enable_cycle -> _83466_/D : -25.936436
[setup in-reg] enable_cycle -> _83468_/D : -25.936436
[setup in-reg] enable_cycle -> _83500_/D : -25.936436
[setup in-reg] enable_cycle -> _83501_/D : -25.936436
[setup in-reg] enable_cycle -> _83502_/D : -25.936436
[setup in-reg] enable_cycle -> _83503_/D : -25.936436
[setup in-reg] enable_cycle -> _83504_/D : -25.936436
[setup in-reg] enable_cycle -> _83505_/D : -25.936436
[setup in-reg] enable_cycle -> _83506_/D : -25.936436
[setup in-reg] enable_cycle -> _83507_/D : -25.936436
[setup in-reg] enable_cycle -> _83508_/D : -25.936436
[setup in-reg] enable_cycle -> _83509_/D : -25.936436
[setup in-reg] enable_cycle -> _83510_/D : -25.936436
[setup in-reg] enable_cycle -> _83511_/D : -25.936436
[setup in-reg] enable_cycle -> _83512_/D : -25.936436
[setup in-reg] enable_cycle -> _83513_/D : -25.936436
[setup in-reg] enable_cycle -> _83514_/D : -25.936436
[setup in-reg] enable_cycle -> _83515_/D : -25.936436
[setup in-reg] enable_cycle -> _83516_/D : -25.936436
[setup in-reg] enable_cycle -> _83517_/D : -25.936436
[setup in-reg] enable_cycle -> _83518_/D : -25.936436
[setup in-reg] enable_cycle -> _83519_/D : -25.936436
[setup in-reg] enable_cycle -> _83520_/D : -25.936436
[setup in-reg] enable_cycle -> _83521_/D : -25.936436
[setup in-reg] enable_cycle -> _83522_/D : -25.936436
[setup in-reg] enable_cycle -> _83523_/D : -25.936436
[setup in-reg] enable_cycle -> _83524_/D : -25.936436
[setup in-reg] enable_cycle -> _83525_/D : -25.936436
[setup in-reg] enable_cycle -> _83526_/D : -25.936436
[setup in-reg] enable_cycle -> _83527_/D : -25.936436
[setup in-reg] enable_cycle -> _83528_/D : -25.936436
[setup in-reg] enable_cycle -> _83552_/D : -25.936436
[setup in-reg] enable_cycle -> _83553_/D : -25.936436
[setup in-reg] enable_cycle -> _83554_/D : -25.936436
[setup in-reg] enable_cycle -> _83555_/D : -25.936436
[setup in-reg] enable_cycle -> _83556_/D : -25.936436
[setup in-reg] enable_cycle -> _83557_/D : -25.936436
[setup in-reg] enable_cycle -> _83558_/D : -25.936436
[setup in-reg] enable_cycle -> _83559_/D : -25.936436
[setup in-reg] enable_cycle -> _83560_/D : -25.936436
[setup in-reg] enable_cycle -> _83561_/D : -25.936436
[setup in-reg] enable_cycle -> _83562_/D : -25.936436
[setup in-reg] enable_cycle -> _83563_/D : -25.936436
[setup in-reg] enable_cycle -> _83565_/D : -25.936436
[setup in-reg] enable_cycle -> _83597_/D : -25.936436
[setup in-reg] enable_cycle -> _83598_/D : -25.936436
[setup in-reg] enable_cycle -> _83599_/D : -25.936436
[setup in-reg] enable_cycle -> _83600_/D : -25.936436
[setup in-reg] enable_cycle -> _83601_/D : -25.936436
[setup in-reg] enable_cycle -> _83602_/D : -25.936436
[setup in-reg] enable_cycle -> _83603_/D : -25.936436
[setup in-reg] enable_cycle -> _83604_/D : -25.936436
[setup in-reg] enable_cycle -> _83605_/D : -25.936436
[setup in-reg] enable_cycle -> _83606_/D : -25.936436
[setup in-reg] enable_cycle -> _83607_/D : -25.936436
[setup in-reg] enable_cycle -> _83608_/D : -25.936436
[setup in-reg] enable_cycle -> _83609_/D : -25.936436
[setup in-reg] enable_cycle -> _83610_/D : -25.936436
[setup in-reg] enable_cycle -> _83611_/D : -25.936436
[setup in-reg] enable_cycle -> _83612_/D : -25.936436
[setup in-reg] enable_cycle -> _83613_/D : -25.936436
[setup in-reg] enable_cycle -> _83614_/D : -25.936436
[setup in-reg] enable_cycle -> _83615_/D : -25.936436
[setup in-reg] enable_cycle -> _83616_/D : -25.936436
[setup in-reg] enable_cycle -> _83617_/D : -25.936436
[setup in-reg] enable_cycle -> _83618_/D : -25.936436
[setup in-reg] enable_cycle -> _83619_/D : -25.936436
[setup in-reg] enable_cycle -> _83620_/D : -25.936436
[setup in-reg] enable_cycle -> _83621_/D : -25.936436
[setup in-reg] enable_cycle -> _83622_/D : -25.936436
[setup in-reg] enable_cycle -> _83623_/D : -25.936436
[setup in-reg] enable_cycle -> _83624_/D : -25.936436
[setup in-reg] enable_cycle -> _83625_/D : -25.936436
[setup in-reg] enable_cycle -> _83649_/D : -25.936436
[setup in-reg] enable_cycle -> _83651_/D : -25.936436
[setup in-reg] enable_cycle -> _83652_/D : -25.936436
[setup in-reg] enable_cycle -> _83653_/D : -25.936436
[setup in-reg] enable_cycle -> _83654_/D : -25.936436
[setup in-reg] enable_cycle -> _83655_/D : -25.936436
[setup in-reg] enable_cycle -> _83656_/D : -25.936436
[setup in-reg] enable_cycle -> _83657_/D : -25.936436
[setup in-reg] enable_cycle -> _83659_/D : -25.936436
[setup in-reg] enable_cycle -> _83660_/D : -25.936436
[setup in-reg] enable_cycle -> _83661_/D : -25.936436
[setup in-reg] enable_cycle -> _83663_/D : -25.936436
[setup in-reg] enable_cycle -> _83694_/D : -25.936436
[setup in-reg] enable_cycle -> _83695_/D : -25.936436
[setup in-reg] enable_cycle -> _83696_/D : -25.936436
[setup in-reg] enable_cycle -> _83697_/D : -25.936436
[setup in-reg] enable_cycle -> _83698_/D : -25.936436
[setup in-reg] enable_cycle -> _83699_/D : -25.936436
[setup in-reg] enable_cycle -> _83700_/D : -25.936436
[setup in-reg] enable_cycle -> _83701_/D : -25.936436
[setup in-reg] enable_cycle -> _83702_/D : -25.936436
[setup in-reg] enable_cycle -> _83703_/D : -25.936436
[setup in-reg] enable_cycle -> _83704_/D : -25.936436
[setup in-reg] enable_cycle -> _83705_/D : -25.936436
[setup in-reg] enable_cycle -> _83706_/D : -25.936436
[setup in-reg] enable_cycle -> _83707_/D : -25.936436
[setup in-reg] enable_cycle -> _83708_/D : -25.936436
[setup in-reg] enable_cycle -> _83709_/D : -25.936436
[setup in-reg] enable_cycle -> _83710_/D : -25.936436
[setup in-reg] enable_cycle -> _83711_/D : -25.936436
[setup in-reg] enable_cycle -> _83712_/D : -25.936436
[setup in-reg] enable_cycle -> _83713_/D : -25.936436
[setup in-reg] enable_cycle -> _83714_/D : -25.936436
[setup in-reg] enable_cycle -> _83715_/D : -25.936436
[setup in-reg] enable_cycle -> _83716_/D : -25.936436
[setup in-reg] enable_cycle -> _83717_/D : -25.936436
[setup in-reg] enable_cycle -> _83718_/D : -25.936436
[setup in-reg] enable_cycle -> _83719_/D : -25.936436
[setup in-reg] enable_cycle -> _83720_/D : -25.936436
[setup in-reg] enable_cycle -> _83721_/D : -25.936436
[setup in-reg] enable_cycle -> _83722_/D : -25.936436
[setup in-reg] enable_cycle -> _83745_/D : -25.936436
[setup in-reg] enable_cycle -> _83746_/D : -25.936436
[setup in-reg] enable_cycle -> _83747_/D : -25.936436
[setup in-reg] enable_cycle -> _83748_/D : -25.936436
[setup in-reg] enable_cycle -> _83749_/D : -25.936436
[setup in-reg] enable_cycle -> _83750_/D : -25.936436
[setup in-reg] enable_cycle -> _83751_/D : -25.936436
[setup in-reg] enable_cycle -> _83752_/D : -25.936436
[setup in-reg] enable_cycle -> _83753_/D : -25.936436
[setup in-reg] enable_cycle -> _83755_/D : -25.936436
[setup in-reg] enable_cycle -> _83756_/D : -25.936436
[setup in-reg] enable_cycle -> _83757_/D : -25.936436
[setup in-reg] enable_cycle -> _83759_/D : -25.936436
[setup in-reg] enable_cycle -> _83791_/D : -25.936436
[setup in-reg] enable_cycle -> _83792_/D : -25.936436
[setup in-reg] enable_cycle -> _83793_/D : -25.936436
[setup in-reg] enable_cycle -> _83794_/D : -25.936436
[setup in-reg] enable_cycle -> _83795_/D : -25.936436
[setup in-reg] enable_cycle -> _83796_/D : -25.936436
[setup in-reg] enable_cycle -> _83797_/D : -25.936436
[setup in-reg] enable_cycle -> _83798_/D : -25.936436
[setup in-reg] enable_cycle -> _83799_/D : -25.936436
[setup in-reg] enable_cycle -> _83800_/D : -25.936436
[setup in-reg] enable_cycle -> _83801_/D : -25.936436
[setup in-reg] enable_cycle -> _83802_/D : -25.936436
[setup in-reg] enable_cycle -> _83803_/D : -25.936436
[setup in-reg] enable_cycle -> _83804_/D : -25.936436
[setup in-reg] enable_cycle -> _83805_/D : -25.936436
[setup in-reg] enable_cycle -> _83806_/D : -25.936436
[setup in-reg] enable_cycle -> _83807_/D : -25.936436
[setup in-reg] enable_cycle -> _83808_/D : -25.936436
[setup in-reg] enable_cycle -> _83809_/D : -25.936436
[setup in-reg] enable_cycle -> _83810_/D : -25.936436
[setup in-reg] enable_cycle -> _83811_/D : -25.936436
[setup in-reg] enable_cycle -> _83812_/D : -25.936436
[setup in-reg] enable_cycle -> _83813_/D : -25.936436
[setup in-reg] enable_cycle -> _83814_/D : -25.936436
[setup in-reg] enable_cycle -> _83815_/D : -25.936436
[setup in-reg] enable_cycle -> _83816_/D : -25.936436
[setup in-reg] enable_cycle -> _83817_/D : -25.936436
[setup in-reg] enable_cycle -> _83818_/D : -25.936436
[setup in-reg] enable_cycle -> _83819_/D : -25.936436
[setup in-reg] enable_cycle -> _83843_/D : -25.936436
[setup in-reg] enable_cycle -> _83844_/D : -25.936436
[setup in-reg] enable_cycle -> _83846_/D : -25.936436
[setup in-reg] enable_cycle -> _83847_/D : -25.936436
[setup in-reg] enable_cycle -> _83848_/D : -25.936436
[setup in-reg] enable_cycle -> _83849_/D : -25.936436
[setup in-reg] enable_cycle -> _83850_/D : -25.936436
[setup in-reg] enable_cycle -> _83851_/D : -25.936436
[setup in-reg] enable_cycle -> _83852_/D : -25.936436
[setup in-reg] enable_cycle -> _83853_/D : -25.936436
[setup in-reg] enable_cycle -> _83854_/D : -25.936436
[setup in-reg] enable_cycle -> _83856_/D : -25.936436
[setup in-reg] enable_cycle -> _83888_/D : -25.936436
[setup in-reg] enable_cycle -> _83889_/D : -25.936436
[setup in-reg] enable_cycle -> _83890_/D : -25.936436
[setup in-reg] enable_cycle -> _83891_/D : -25.936436
[setup in-reg] enable_cycle -> _83892_/D : -25.936436
[setup in-reg] enable_cycle -> _83893_/D : -25.936436
[setup in-reg] enable_cycle -> _83894_/D : -25.936436
[setup in-reg] enable_cycle -> _83895_/D : -25.936436
[setup in-reg] enable_cycle -> _83896_/D : -25.936436
[setup in-reg] enable_cycle -> _83897_/D : -25.936436
[setup in-reg] enable_cycle -> _83898_/D : -25.936436
[setup in-reg] enable_cycle -> _83899_/D : -25.936436
[setup in-reg] enable_cycle -> _83900_/D : -25.936436
[setup in-reg] enable_cycle -> _83901_/D : -25.936436
[setup in-reg] enable_cycle -> _83902_/D : -25.936436
[setup in-reg] enable_cycle -> _83903_/D : -25.936436
[setup in-reg] enable_cycle -> _83904_/D : -25.936436
[setup in-reg] enable_cycle -> _83905_/D : -25.936436
[setup in-reg] enable_cycle -> _83906_/D : -25.936436
[setup in-reg] enable_cycle -> _83907_/D : -25.936436
[setup in-reg] enable_cycle -> _83908_/D : -25.936436
[setup in-reg] enable_cycle -> _83909_/D : -25.936436
[setup in-reg] enable_cycle -> _83910_/D : -25.936436
[setup in-reg] enable_cycle -> _83911_/D : -25.936436
[setup in-reg] enable_cycle -> _83912_/D : -25.936436
[setup in-reg] enable_cycle -> _83913_/D : -25.936436
[setup in-reg] enable_cycle -> _83914_/D : -25.936436
[setup in-reg] enable_cycle -> _83915_/D : -25.936436
[setup in-reg] enable_cycle -> _83916_/D : -25.936436
[setup in-reg] enable_cycle -> _83918_/D : -25.936436
[setup in-reg] enable_cycle -> _83919_/D : -25.936436
[setup in-reg] enable_cycle -> _83920_/D : -25.936436
[setup in-reg] enable_cycle -> _83921_/D : -25.936436
[setup in-reg] enable_cycle -> _83922_/D : -25.936436
[setup in-reg] enable_cycle -> _83923_/D : -25.936436
[setup in-reg] enable_cycle -> _83924_/D : -25.936436
[setup in-reg] enable_cycle -> _83925_/D : -25.936436
[setup in-reg] enable_cycle -> _83926_/D : -25.936436
[setup in-reg] enable_cycle -> _83927_/D : -25.936436
[setup in-reg] enable_cycle -> _83928_/D : -25.936436
[setup in-reg] enable_cycle -> _83929_/D : -25.936436
[setup in-reg] enable_cycle -> _83930_/D : -25.936436
[setup in-reg] enable_cycle -> _84009_/D : -25.936436
[setup in-reg] enable_cycle -> _84010_/D : -25.936436
[setup in-reg] enable_cycle -> _84011_/D : -25.936436
[setup in-reg] enable_cycle -> _84012_/D : -25.936436
[setup in-reg] enable_cycle -> _84013_/D : -25.936436
[setup in-reg] enable_cycle -> _84015_/D : -25.936436
[setup in-reg] enable_cycle -> _84016_/D : -25.936436
[setup in-reg] enable_cycle -> _84017_/D : -25.936436
[setup in-reg] enable_cycle -> _84019_/D : -25.936436
[setup in-reg] enable_cycle -> _84020_/D : -25.936436
[setup in-reg] enable_cycle -> _84021_/D : -25.936436
[setup in-reg] enable_cycle -> _84022_/D : -25.936436
[setup in-reg] enable_cycle -> _84024_/D : -25.936436
[setup in-reg] enable_cycle -> _84025_/D : -25.936436
[setup in-reg] enable_cycle -> _84026_/D : -25.936436
[setup in-reg] enable_cycle -> _84027_/D : -25.936436
[setup in-reg] enable_cycle -> _84028_/D : -25.936436
[setup in-reg] enable_cycle -> _84029_/D : -25.936436
[setup in-reg] enable_cycle -> _84030_/D : -25.936436
[setup in-reg] enable_cycle -> _84031_/D : -25.936436
[setup in-reg] enable_cycle -> _84032_/D : -25.936436
[setup in-reg] enable_cycle -> _84033_/D : -25.936436
[setup in-reg] enable_cycle -> _84034_/D : -25.936436
[setup in-reg] enable_cycle -> _84035_/D : -25.936436
[setup in-reg] enable_cycle -> _84036_/D : -25.936436
[setup in-reg] enable_cycle -> _84037_/D : -25.936436
[setup in-reg] enable_cycle -> _84038_/D : -25.936436
[setup in-reg] enable_cycle -> _84039_/D : -25.936436
[setup in-reg] enable_cycle -> _84040_/D : -25.936436
[setup in-reg] enable_cycle -> _84041_/D : -25.936436
[setup in-reg] enable_cycle -> _84042_/D : -25.936436
[setup in-reg] enable_cycle -> _84043_/D : -25.936436
[setup in-reg] enable_cycle -> _84044_/D : -25.936436
[setup in-reg] enable_cycle -> _84045_/D : -25.936436
[setup in-reg] enable_cycle -> _84046_/D : -25.936436
[setup in-reg] enable_cycle -> _84055_/D : -25.936436
[setup in-reg] enable_cycle -> _84056_/D : -25.936436
[setup in-reg] enable_cycle -> _84057_/D : -25.936436
[setup in-reg] enable_cycle -> _84058_/D : -25.936436
[setup in-reg] enable_cycle -> _84059_/D : -25.936436
[setup in-reg] enable_cycle -> _84060_/D : -25.936436
[setup in-reg] enable_cycle -> _84061_/D : -25.936436
[setup in-reg] enable_cycle -> _84062_/D : -25.936436
[setup in-reg] enable_cycle -> _84063_/D : -25.936436
[setup in-reg] enable_cycle -> _84064_/D : -25.936436
[setup in-reg] enable_cycle -> _84065_/D : -25.936436
[setup in-reg] enable_cycle -> _84066_/D : -25.936436
[setup in-reg] enable_cycle -> _84067_/D : -25.936436
[setup in-reg] enable_cycle -> _84068_/D : -25.936436
[setup in-reg] enable_cycle -> _84069_/D : -25.936436
[setup in-reg] enable_cycle -> _84070_/D : -25.936436
[setup in-reg] enable_cycle -> _84071_/D : -25.936436
[setup in-reg] enable_cycle -> _84072_/D : -25.936436
[setup in-reg] enable_cycle -> _84073_/D : -25.936436
[setup in-reg] enable_cycle -> _84074_/D : -25.936436
[setup in-reg] enable_cycle -> _84075_/D : -25.936436
[setup in-reg] enable_cycle -> _84076_/D : -25.936436
[setup in-reg] enable_cycle -> _84077_/D : -25.936436
[setup in-reg] enable_cycle -> _84078_/D : -25.936436
[setup in-reg] enable_cycle -> _84079_/D : -25.936436
[setup in-reg] enable_cycle -> _84080_/D : -25.936436
[setup in-reg] enable_cycle -> _84081_/D : -25.936436
[setup in-reg] enable_cycle -> _84082_/D : -25.936436
[setup in-reg] enable_cycle -> _84083_/D : -25.936436
[setup in-reg] enable_cycle -> _84084_/D : -25.936436
[setup in-reg] enable_cycle -> _84109_/D : -25.936436
[setup in-reg] enable_cycle -> _84111_/D : -25.936436
[setup in-reg] enable_cycle -> _84112_/D : -25.936436
[setup in-reg] enable_cycle -> _84114_/D : -25.936436
[setup in-reg] enable_cycle -> _84115_/D : -25.936436
[setup in-reg] enable_cycle -> _84116_/D : -25.936436
[setup in-reg] enable_cycle -> _84117_/D : -25.936436
[setup in-reg] enable_cycle -> _84118_/D : -25.936436
[setup in-reg] enable_cycle -> _84119_/D : -25.936436
[setup in-reg] enable_cycle -> _84120_/D : -25.936436
[setup in-reg] enable_cycle -> _84121_/D : -25.936436
[setup in-reg] enable_cycle -> _84122_/D : -25.936436
[setup in-reg] enable_cycle -> _84155_/D : -25.936436
[setup in-reg] enable_cycle -> _84156_/D : -25.936436
[setup in-reg] enable_cycle -> _84157_/D : -25.936436
[setup in-reg] enable_cycle -> _84158_/D : -25.936436
[setup in-reg] enable_cycle -> _84159_/D : -25.936436
[setup in-reg] enable_cycle -> _84160_/D : -25.936436
[setup in-reg] enable_cycle -> _84161_/D : -25.936436
[setup in-reg] enable_cycle -> _84162_/D : -25.936436
[setup in-reg] enable_cycle -> _84163_/D : -25.936436
[setup in-reg] enable_cycle -> _84164_/D : -25.936436
[setup in-reg] enable_cycle -> _84165_/D : -25.936436
[setup in-reg] enable_cycle -> _84166_/D : -25.936436
[setup in-reg] enable_cycle -> _84167_/D : -25.936436
[setup in-reg] enable_cycle -> _84168_/D : -25.936436
[setup in-reg] enable_cycle -> _84169_/D : -25.936436
[setup in-reg] enable_cycle -> _84170_/D : -25.936436
[setup in-reg] enable_cycle -> _84171_/D : -25.936436
[setup in-reg] enable_cycle -> _84172_/D : -25.936436
[setup in-reg] enable_cycle -> _84173_/D : -25.936436
[setup in-reg] enable_cycle -> _84174_/D : -25.936436
[setup in-reg] enable_cycle -> _84175_/D : -25.936436
[setup in-reg] enable_cycle -> _84176_/D : -25.936436
[setup in-reg] enable_cycle -> _84177_/D : -25.936436
[setup in-reg] enable_cycle -> _84178_/D : -25.936436
[setup in-reg] enable_cycle -> _84179_/D : -25.936436
[setup in-reg] enable_cycle -> _84180_/D : -25.936436
[setup in-reg] enable_cycle -> _84181_/D : -25.936436
[setup in-reg] enable_cycle -> _84182_/D : -25.936436
[setup in-reg] enable_cycle -> _84183_/D : -25.936436
[setup in-reg] enable_cycle -> _84184_/D : -25.936436
[setup in-reg] enable_cycle -> _84208_/D : -25.936436
[setup in-reg] enable_cycle -> _84209_/D : -25.936436
[setup in-reg] enable_cycle -> _84211_/D : -25.936436
[setup in-reg] enable_cycle -> _84212_/D : -25.936436
[setup in-reg] enable_cycle -> _84215_/D : -25.936436
[setup in-reg] enable_cycle -> _84216_/D : -25.936436
[setup in-reg] enable_cycle -> _84217_/D : -25.936436
[setup in-reg] enable_cycle -> _84218_/D : -25.936436
[setup in-reg] enable_cycle -> _84219_/D : -25.936436
[setup in-reg] enable_cycle -> _84220_/D : -25.936436
[setup in-reg] enable_cycle -> _84221_/D : -25.936436
[setup in-reg] enable_cycle -> _84222_/D : -25.936436
[setup in-reg] enable_cycle -> _84255_/D : -25.936436
[setup in-reg] enable_cycle -> _84256_/D : -25.936436
[setup in-reg] enable_cycle -> _84257_/D : -25.936436
[setup in-reg] enable_cycle -> _84258_/D : -25.936436
[setup in-reg] enable_cycle -> _84259_/D : -25.936436
[setup in-reg] enable_cycle -> _84260_/D : -25.936436
[setup in-reg] enable_cycle -> _84261_/D : -25.936436
[setup in-reg] enable_cycle -> _84262_/D : -25.936436
[setup in-reg] enable_cycle -> _84263_/D : -25.936436
[setup in-reg] enable_cycle -> _84264_/D : -25.936436
[setup in-reg] enable_cycle -> _84265_/D : -25.936436
[setup in-reg] enable_cycle -> _84266_/D : -25.936436
[setup in-reg] enable_cycle -> _84267_/D : -25.936436
[setup in-reg] enable_cycle -> _84268_/D : -25.936436
[setup in-reg] enable_cycle -> _84269_/D : -25.936436
[setup in-reg] enable_cycle -> _84270_/D : -25.936436
[setup in-reg] enable_cycle -> _84271_/D : -25.936436
[setup in-reg] enable_cycle -> _84272_/D : -25.936436
[setup in-reg] enable_cycle -> _84273_/D : -25.936436
[setup in-reg] enable_cycle -> _84274_/D : -25.936436
[setup in-reg] enable_cycle -> _84275_/D : -25.936436
[setup in-reg] enable_cycle -> _84276_/D : -25.936436
[setup in-reg] enable_cycle -> _84277_/D : -25.936436
[setup in-reg] enable_cycle -> _84278_/D : -25.936436
[setup in-reg] enable_cycle -> _84279_/D : -25.936436
[setup in-reg] enable_cycle -> _84280_/D : -25.936436
[setup in-reg] enable_cycle -> _84281_/D : -25.936436
[setup in-reg] enable_cycle -> _84282_/D : -25.936436
[setup in-reg] enable_cycle -> _84283_/D : -25.936436
[setup in-reg] enable_cycle -> _84284_/D : -25.936436
[setup in-reg] enable_cycle -> _84309_/D : -25.936436
[setup in-reg] enable_cycle -> _84311_/D : -25.936436
[setup in-reg] enable_cycle -> _84312_/D : -25.936436
[setup in-reg] enable_cycle -> _84313_/D : -25.936436
[setup in-reg] enable_cycle -> _84314_/D : -25.936436
[setup in-reg] enable_cycle -> _84315_/D : -25.936436
[setup in-reg] enable_cycle -> _84316_/D : -25.936436
[setup in-reg] enable_cycle -> _84317_/D : -25.936436
[setup in-reg] enable_cycle -> _84318_/D : -25.936436
[setup in-reg] enable_cycle -> _84319_/D : -25.936436
[setup in-reg] enable_cycle -> _84320_/D : -25.936436
[setup in-reg] enable_cycle -> _84321_/D : -25.936436
[setup in-reg] enable_cycle -> _84355_/D : -25.936436
[setup in-reg] enable_cycle -> _84356_/D : -25.936436
[setup in-reg] enable_cycle -> _84357_/D : -25.936436
[setup in-reg] enable_cycle -> _84358_/D : -25.936436
[setup in-reg] enable_cycle -> _84359_/D : -25.936436
[setup in-reg] enable_cycle -> _84360_/D : -25.936436
[setup in-reg] enable_cycle -> _84361_/D : -25.936436
[setup in-reg] enable_cycle -> _84362_/D : -25.936436
[setup in-reg] enable_cycle -> _84363_/D : -25.936436
[setup in-reg] enable_cycle -> _84364_/D : -25.936436
[setup in-reg] enable_cycle -> _84365_/D : -25.936436
[setup in-reg] enable_cycle -> _84366_/D : -25.936436
[setup in-reg] enable_cycle -> _84367_/D : -25.936436
[setup in-reg] enable_cycle -> _84368_/D : -25.936436
[setup in-reg] enable_cycle -> _84369_/D : -25.936436
[setup in-reg] enable_cycle -> _84370_/D : -25.936436
[setup in-reg] enable_cycle -> _84371_/D : -25.936436
[setup in-reg] enable_cycle -> _84372_/D : -25.936436
[setup in-reg] enable_cycle -> _84373_/D : -25.936436
[setup in-reg] enable_cycle -> _84374_/D : -25.936436
[setup in-reg] enable_cycle -> _84375_/D : -25.936436
[setup in-reg] enable_cycle -> _84376_/D : -25.936436
[setup in-reg] enable_cycle -> _84377_/D : -25.936436
[setup in-reg] enable_cycle -> _84378_/D : -25.936436
[setup in-reg] enable_cycle -> _84379_/D : -25.936436
[setup in-reg] enable_cycle -> _84380_/D : -25.936436
[setup in-reg] enable_cycle -> _84381_/D : -25.936436
[setup in-reg] enable_cycle -> _84382_/D : -25.936436
[setup in-reg] enable_cycle -> _84383_/D : -25.936436
[setup in-reg] enable_cycle -> _84384_/D : -25.936436
[setup in-reg] enable_cycle -> _84409_/D : -25.936436
[setup in-reg] enable_cycle -> _84412_/D : -25.936436
[setup in-reg] enable_cycle -> _84413_/D : -25.936436
[setup in-reg] enable_cycle -> _84414_/D : -25.936436
[setup in-reg] enable_cycle -> _84415_/D : -25.936436
[setup in-reg] enable_cycle -> _84416_/D : -25.936436
[setup in-reg] enable_cycle -> _84417_/D : -25.936436
[setup in-reg] enable_cycle -> _84418_/D : -25.936436
[setup in-reg] enable_cycle -> _84419_/D : -25.936436
[setup in-reg] enable_cycle -> _84420_/D : -25.936436
[setup in-reg] enable_cycle -> _84422_/D : -25.936436
[setup in-reg] enable_cycle -> _84455_/D : -25.936436
[setup in-reg] enable_cycle -> _84456_/D : -25.936436
[setup in-reg] enable_cycle -> _84457_/D : -25.936436
[setup in-reg] enable_cycle -> _84458_/D : -25.936436
[setup in-reg] enable_cycle -> _84459_/D : -25.936436
[setup in-reg] enable_cycle -> _84460_/D : -25.936436
[setup in-reg] enable_cycle -> _84461_/D : -25.936436
[setup in-reg] enable_cycle -> _84462_/D : -25.936436
[setup in-reg] enable_cycle -> _84463_/D : -25.936436
[setup in-reg] enable_cycle -> _84464_/D : -25.936436
[setup in-reg] enable_cycle -> _84465_/D : -25.936436
[setup in-reg] enable_cycle -> _84466_/D : -25.936436
[setup in-reg] enable_cycle -> _84467_/D : -25.936436
[setup in-reg] enable_cycle -> _84468_/D : -25.936436
[setup in-reg] enable_cycle -> _84469_/D : -25.936436
[setup in-reg] enable_cycle -> _84470_/D : -25.936436
[setup in-reg] enable_cycle -> _84471_/D : -25.936436
[setup in-reg] enable_cycle -> _84472_/D : -25.936436
[setup in-reg] enable_cycle -> _84473_/D : -25.936436
[setup in-reg] enable_cycle -> _84474_/D : -25.936436
[setup in-reg] enable_cycle -> _84475_/D : -25.936436
[setup in-reg] enable_cycle -> _84476_/D : -25.936436
[setup in-reg] enable_cycle -> _84477_/D : -25.936436
[setup in-reg] enable_cycle -> _84478_/D : -25.936436
[setup in-reg] enable_cycle -> _84479_/D : -25.936436
[setup in-reg] enable_cycle -> _84480_/D : -25.936436
[setup in-reg] enable_cycle -> _84481_/D : -25.936436
[setup in-reg] enable_cycle -> _84482_/D : -25.936436
[setup in-reg] enable_cycle -> _84483_/D : -25.936436
[setup in-reg] enable_cycle -> _84484_/D : -25.936436
[setup in-reg] enable_cycle -> _84511_/D : -25.936436
[setup in-reg] enable_cycle -> _84512_/D : -25.936436
[setup in-reg] enable_cycle -> _84513_/D : -25.936436
[setup in-reg] enable_cycle -> _84514_/D : -25.936436
[setup in-reg] enable_cycle -> _84516_/D : -25.936436
[setup in-reg] enable_cycle -> _84518_/D : -25.936436
[setup in-reg] enable_cycle -> _84519_/D : -25.936436
[setup in-reg] enable_cycle -> _84520_/D : -25.936436
[setup in-reg] enable_cycle -> _84521_/D : -25.936436
[setup in-reg] enable_cycle -> _84522_/D : -25.936436
[setup in-reg] enable_cycle -> _84555_/D : -25.936436
[setup in-reg] enable_cycle -> _84556_/D : -25.936436
[setup in-reg] enable_cycle -> _84557_/D : -25.936436
[setup in-reg] enable_cycle -> _84558_/D : -25.936436
[setup in-reg] enable_cycle -> _84559_/D : -25.936436
[setup in-reg] enable_cycle -> _84560_/D : -25.936436
[setup in-reg] enable_cycle -> _84561_/D : -25.936436
[setup in-reg] enable_cycle -> _84562_/D : -25.936436
[setup in-reg] enable_cycle -> _84563_/D : -25.936436
[setup in-reg] enable_cycle -> _84564_/D : -25.936436
[setup in-reg] enable_cycle -> _84565_/D : -25.936436
[setup in-reg] enable_cycle -> _84566_/D : -25.936436
[setup in-reg] enable_cycle -> _84567_/D : -25.936436
[setup in-reg] enable_cycle -> _84568_/D : -25.936436
[setup in-reg] enable_cycle -> _84569_/D : -25.936436
[setup in-reg] enable_cycle -> _84570_/D : -25.936436
[setup in-reg] enable_cycle -> _84571_/D : -25.936436
[setup in-reg] enable_cycle -> _84572_/D : -25.936436
[setup in-reg] enable_cycle -> _84573_/D : -25.936436
[setup in-reg] enable_cycle -> _84574_/D : -25.936436
[setup in-reg] enable_cycle -> _84575_/D : -25.936436
[setup in-reg] enable_cycle -> _84576_/D : -25.936436
[setup in-reg] enable_cycle -> _84577_/D : -25.936436
[setup in-reg] enable_cycle -> _84578_/D : -25.936436
[setup in-reg] enable_cycle -> _84579_/D : -25.936436
[setup in-reg] enable_cycle -> _84580_/D : -25.936436
[setup in-reg] enable_cycle -> _84581_/D : -25.936436
[setup in-reg] enable_cycle -> _84582_/D : -25.936436
[setup in-reg] enable_cycle -> _84583_/D : -25.936436
[setup in-reg] enable_cycle -> _84584_/D : -25.936436
[setup in-reg] enable_cycle -> _84609_/D : -25.936436
[setup in-reg] enable_cycle -> _84612_/D : -25.936436
[setup in-reg] enable_cycle -> _84614_/D : -25.936436
[setup in-reg] enable_cycle -> _84616_/D : -25.936436
[setup in-reg] enable_cycle -> _84617_/D : -25.936436
[setup in-reg] enable_cycle -> _84618_/D : -25.936436
[setup in-reg] enable_cycle -> _84619_/D : -25.936436
[setup in-reg] enable_cycle -> _84620_/D : -25.936436
[setup in-reg] enable_cycle -> _84621_/D : -25.936436
[setup in-reg] enable_cycle -> _84622_/D : -25.936436
[setup in-reg] enable_cycle -> _84655_/D : -25.936436
[setup in-reg] enable_cycle -> _84656_/D : -25.936436
[setup in-reg] enable_cycle -> _84657_/D : -25.936436
[setup in-reg] enable_cycle -> _84658_/D : -25.936436
[setup in-reg] enable_cycle -> _84659_/D : -25.936436
[setup in-reg] enable_cycle -> _84660_/D : -25.936436
[setup in-reg] enable_cycle -> _84661_/D : -25.936436
[setup in-reg] enable_cycle -> _84662_/D : -25.936436
[setup in-reg] enable_cycle -> _84679_/D : -25.936436
[setup in-reg] enable_cycle -> _84680_/D : -25.936436
[setup in-reg] enable_cycle -> _84681_/D : -25.936436
[setup in-reg] enable_cycle -> _84682_/D : -25.936436
[setup in-reg] enable_cycle -> _84683_/D : -25.936436
[setup in-reg] enable_cycle -> _84684_/D : -25.936436
[setup in-reg] enable_cycle -> _84685_/D : -25.936436
[setup in-reg] enable_cycle -> _84686_/D : -25.936436
[setup in-reg] enable_cycle -> _84687_/D : -25.936436
[setup in-reg] enable_cycle -> _84688_/D : -25.936436
[setup in-reg] enable_cycle -> _84689_/D : -25.936436
[setup in-reg] enable_cycle -> _84690_/D : -25.936436
[setup in-reg] enable_cycle -> _84691_/D : -25.936436
[setup in-reg] enable_cycle -> _84692_/D : -25.936436
[setup in-reg] enable_cycle -> _84693_/D : -25.936436
[setup in-reg] enable_cycle -> _84694_/D : -25.936436
[setup in-reg] enable_cycle -> _84695_/D : -25.936436
[setup in-reg] enable_cycle -> _84696_/D : -25.936436
[setup in-reg] enable_cycle -> _84697_/D : -25.936436
[setup in-reg] enable_cycle -> _84698_/D : -25.936436
[setup in-reg] enable_cycle -> _84699_/D : -25.936436
[setup in-reg] enable_cycle -> _84700_/D : -25.936436
[setup in-reg] enable_cycle -> _84704_/D : -25.936436
[setup in-reg] enable_cycle -> _84705_/D : -25.936436
[setup in-reg] enable_cycle -> _84706_/D : -25.936436
[setup in-reg] enable_cycle -> _84707_/D : -25.936436
[setup in-reg] enable_cycle -> _84708_/D : -25.936436
[setup in-reg] enable_cycle -> _84710_/D : -25.936436
[setup in-reg] enable_cycle -> _84711_/D : -25.936436
[setup in-reg] enable_cycle -> _84712_/D : -25.936436
[setup in-reg] enable_cycle -> _84713_/D : -25.936436
[setup in-reg] enable_cycle -> _84714_/D : -25.936436
[setup in-reg] enable_cycle -> _84715_/D : -25.936436
[setup in-reg] enable_cycle -> _84788_/D : -25.936436
[setup in-reg] enable_cycle -> _84789_/D : -25.936436
[setup in-reg] enable_cycle -> _84790_/D : -25.936436
[setup in-reg] enable_cycle -> _84791_/D : -25.936436
[setup in-reg] enable_cycle -> _84792_/D : -25.936436
[setup in-reg] enable_cycle -> _84793_/D : -25.936436
[setup in-reg] enable_cycle -> _84794_/D : -25.936436
[setup in-reg] enable_cycle -> _84795_/D : -25.936436
[setup in-reg] enable_cycle -> _84820_/D : -25.936436
[setup in-reg] enable_cycle -> _84821_/D : -25.936436
[setup in-reg] enable_cycle -> _84822_/D : -25.936436
[setup in-reg] enable_cycle -> _84823_/D : -25.936436
[setup in-reg] enable_cycle -> _84824_/D : -25.936436
[setup in-reg] enable_cycle -> _84825_/D : -25.936436
[setup in-reg] enable_cycle -> _84826_/D : -25.936436
[setup in-reg] enable_cycle -> _84827_/D : -25.936436
[setup in-reg] enable_cycle -> _84828_/D : -25.936436
[setup in-reg] enable_cycle -> _84829_/D : -25.936436
[setup in-reg] enable_cycle -> _84830_/D : -25.936436
[setup in-reg] enable_cycle -> _84831_/D : -25.936436
[setup in-reg] enable_cycle -> _84832_/D : -25.936436
[setup in-reg] enable_cycle -> _84833_/D : -25.936436
[setup in-reg] enable_cycle -> _84834_/D : -25.936436
[setup in-reg] enable_cycle -> _84835_/D : -25.936436
[setup in-reg] enable_cycle -> _84836_/D : -25.936436
[setup in-reg] enable_cycle -> _84837_/D : -25.936436
[setup in-reg] enable_cycle -> _84838_/D : -25.936436
[setup in-reg] enable_cycle -> _84839_/D : -25.936436
[setup in-reg] enable_cycle -> _84840_/D : -25.936436
[setup in-reg] enable_cycle -> _84841_/D : -25.936436
[setup in-reg] enable_cycle -> _84842_/D : -25.936436
[setup in-reg] enable_cycle -> _84843_/D : -25.936436
[setup in-reg] enable_cycle -> _84845_/D : -25.936436
[setup in-reg] enable_cycle -> _84848_/D : -25.936436
[setup in-reg] enable_cycle -> _84849_/D : -25.936436
[setup in-reg] enable_cycle -> _84852_/D : -25.936436
[setup in-reg] enable_cycle -> _84853_/D : -25.936436
[setup in-reg] enable_cycle -> _84854_/D : -25.936436
[setup in-reg] enable_cycle -> _84855_/D : -25.936436
[setup in-reg] enable_cycle -> _84856_/D : -25.936436
[setup in-reg] enable_cycle -> _84857_/D : -25.936436
[setup in-reg] enable_cycle -> _84858_/D : -25.936436
[setup in-reg] enable_cycle -> _84859_/D : -25.936436
[setup in-reg] enable_cycle -> _84876_/D : -25.936436
[setup in-reg] enable_cycle -> _84877_/D : -25.936436
[setup in-reg] enable_cycle -> _84878_/D : -25.936436
[setup in-reg] enable_cycle -> _84879_/D : -25.936436
[setup in-reg] enable_cycle -> _84880_/D : -25.936436
[setup in-reg] enable_cycle -> _84881_/D : -25.936436
[setup in-reg] enable_cycle -> _84882_/D : -25.936436
[setup in-reg] enable_cycle -> _84883_/D : -25.936436
[setup in-reg] enable_cycle -> _84884_/D : -25.936436
[setup in-reg] enable_cycle -> _84885_/D : -25.936436
[setup in-reg] enable_cycle -> _84886_/D : -25.936436
[setup in-reg] enable_cycle -> _84887_/D : -25.936436
[setup in-reg] enable_cycle -> _84888_/D : -25.936436
[setup in-reg] enable_cycle -> _84889_/D : -25.936436
[setup in-reg] enable_cycle -> _84890_/D : -25.936436
[setup in-reg] enable_cycle -> _84891_/D : -25.936436
[setup in-reg] enable_cycle -> _84892_/D : -25.936436
[setup in-reg] enable_cycle -> _84893_/D : -25.936436
[setup in-reg] enable_cycle -> _84894_/D : -25.936436
[setup in-reg] enable_cycle -> _84895_/D : -25.936436
[setup in-reg] enable_cycle -> _84896_/D : -25.936436
[setup in-reg] enable_cycle -> _84897_/D : -25.936436
[setup in-reg] enable_cycle -> _84898_/D : -25.936436
[setup in-reg] enable_cycle -> _84899_/D : -25.936436
[setup in-reg] enable_cycle -> _84900_/D : -25.936436
[setup in-reg] enable_cycle -> _84901_/D : -25.936436
[setup in-reg] enable_cycle -> _84902_/D : -25.936436
[setup in-reg] enable_cycle -> _84903_/D : -25.936436
[setup in-reg] enable_cycle -> _84904_/D : -25.936436
[setup in-reg] enable_cycle -> _84905_/D : -25.936436
[setup in-reg] enable_cycle -> _84906_/D : -25.936436
[setup in-reg] enable_cycle -> _84907_/D : -25.936436
[setup in-reg] enable_cycle -> _84908_/D : -25.936436
[setup in-reg] enable_cycle -> _84909_/D : -25.936436
[setup in-reg] enable_cycle -> _84910_/D : -25.936436
[setup in-reg] enable_cycle -> _84911_/D : -25.936436
[setup in-reg] enable_cycle -> _84912_/D : -25.936436
[setup in-reg] enable_cycle -> _84913_/D : -25.936436
[setup in-reg] enable_cycle -> _84914_/D : -25.936436
[setup in-reg] enable_cycle -> _84915_/D : -25.936436
[setup in-reg] enable_cycle -> _84916_/D : -25.936436
[setup in-reg] enable_cycle -> _84917_/D : -25.936436
[setup in-reg] enable_cycle -> _84918_/D : -25.936436
[setup in-reg] enable_cycle -> _84919_/D : -25.936436
[setup in-reg] enable_cycle -> _84920_/D : -25.936436
[setup in-reg] enable_cycle -> _84921_/D : -25.936436
[setup in-reg] enable_cycle -> _84922_/D : -25.936436
[setup in-reg] enable_cycle -> _84923_/D : -25.936436
[setup in-reg] enable_cycle -> _84924_/D : -25.936436
[setup in-reg] enable_cycle -> _84925_/D : -25.936436
[setup in-reg] enable_cycle -> _84926_/D : -25.936436
[setup in-reg] enable_cycle -> _84927_/D : -25.936436
[setup in-reg] enable_cycle -> _84928_/D : -25.936436
[setup in-reg] enable_cycle -> _84929_/D : -25.936436
[setup in-reg] enable_cycle -> _84930_/D : -25.936436
[setup in-reg] enable_cycle -> _84931_/D : -25.936436
[setup in-reg] enable_cycle -> _84932_/D : -25.936436
[setup in-reg] enable_cycle -> _84933_/D : -25.936436
[setup in-reg] enable_cycle -> _84934_/D : -25.936436
[setup in-reg] enable_cycle -> _84935_/D : -25.936436
[setup in-reg] enable_cycle -> _84936_/D : -25.936436
[setup in-reg] enable_cycle -> _84937_/D : -25.936436
[setup in-reg] enable_cycle -> _84938_/D : -25.936436
[setup in-reg] enable_cycle -> _84939_/D : -25.936436
[setup in-reg] enable_cycle -> _84940_/D : -25.936436
[setup in-reg] enable_cycle -> _84941_/D : -25.936436
[setup in-reg] enable_cycle -> _84942_/D : -25.936436
[setup in-reg] enable_cycle -> _84943_/D : -25.936436
[setup in-reg] enable_cycle -> _84944_/D : -25.936436
[setup in-reg] enable_cycle -> _84945_/D : -25.936436
[setup in-reg] enable_cycle -> _84946_/D : -25.936436
[setup in-reg] enable_cycle -> _84947_/D : -25.936436
[setup in-reg] enable_cycle -> _84948_/D : -25.936436
[setup in-reg] enable_cycle -> _84949_/D : -25.936436
[setup in-reg] enable_cycle -> _84950_/D : -25.936436
[setup in-reg] enable_cycle -> _84951_/D : -25.936436
[setup in-reg] enable_cycle -> _84952_/D : -25.936436
[setup in-reg] enable_cycle -> _84953_/D : -25.936436
[setup in-reg] enable_cycle -> _84954_/D : -25.936436
[setup in-reg] enable_cycle -> _84955_/D : -25.936436
[setup in-reg] enable_cycle -> _84956_/D : -25.936436
[setup in-reg] enable_cycle -> _84957_/D : -25.936436
[setup in-reg] enable_cycle -> _84958_/D : -25.936436
[setup in-reg] enable_cycle -> _84959_/D : -25.936436
[setup in-reg] enable_cycle -> _84960_/D : -25.936436
[setup in-reg] enable_cycle -> _84961_/D : -25.936436
[setup in-reg] enable_cycle -> _84962_/D : -25.936436
[setup in-reg] enable_cycle -> _84963_/D : -25.936436
[setup in-reg] enable_cycle -> _84964_/D : -25.936436
[setup in-reg] enable_cycle -> _84965_/D : -25.936436
[setup in-reg] enable_cycle -> _84966_/D : -25.936436
[setup in-reg] enable_cycle -> _84967_/D : -25.936436
[setup in-reg] enable_cycle -> _84968_/D : -25.936436
[setup in-reg] enable_cycle -> _84969_/D : -25.936436
[setup in-reg] enable_cycle -> _84970_/D : -25.936436
[setup in-reg] enable_cycle -> _84971_/D : -25.936436
[setup in-reg] enable_cycle -> _84972_/D : -25.936436
[setup in-reg] enable_cycle -> _84973_/D : -25.936436
[setup in-reg] enable_cycle -> _84974_/D : -25.936436
[setup in-reg] enable_cycle -> _84975_/D : -25.936436
[setup in-reg] enable_cycle -> _84976_/D : -25.936436
[setup in-reg] enable_cycle -> _84977_/D : -25.936436
[setup in-reg] enable_cycle -> _84978_/D : -25.936436
[setup in-reg] enable_cycle -> _84979_/D : -25.936436
[setup in-reg] enable_cycle -> _84980_/D : -25.936436
[setup in-reg] enable_cycle -> _84981_/D : -25.936436
[setup in-reg] enable_cycle -> _84982_/D : -25.936436
[setup in-reg] enable_cycle -> _84983_/D : -25.936436
[setup in-reg] enable_cycle -> _84984_/D : -25.936436
[setup in-reg] enable_cycle -> _84985_/D : -25.936436
[setup in-reg] enable_cycle -> _84986_/D : -25.936436
[setup in-reg] enable_cycle -> _84987_/D : -25.936436
[setup in-reg] enable_cycle -> _84988_/D : -25.936436
[setup in-reg] enable_cycle -> _84989_/D : -25.936436
[setup in-reg] enable_cycle -> _84990_/D : -25.936436
[setup in-reg] enable_cycle -> _84991_/D : -25.936436
[setup in-reg] enable_cycle -> _84992_/D : -25.936436
[setup in-reg] enable_cycle -> _84993_/D : -25.936436
[setup in-reg] enable_cycle -> _84994_/D : -25.936436
[setup in-reg] enable_cycle -> _84995_/D : -25.936436
[setup in-reg] enable_cycle -> _84996_/D : -25.936436
[setup in-reg] enable_cycle -> _84997_/D : -25.936436
[setup in-reg] enable_cycle -> _84998_/D : -25.936436
[setup in-reg] enable_cycle -> _84999_/D : -25.936436
[setup in-reg] enable_cycle -> _85000_/D : -25.936436
[setup in-reg] enable_cycle -> _85001_/D : -25.936436
[setup in-reg] enable_cycle -> _85002_/D : -25.936436
[setup in-reg] enable_cycle -> _85003_/D : -25.936436
[setup in-reg] enable_cycle -> _85004_/D : -25.936436
[setup in-reg] enable_cycle -> _85005_/D : -25.936436
[setup in-reg] enable_cycle -> _85006_/D : -25.936436
[setup in-reg] enable_cycle -> _85007_/D : -25.936436
[setup in-reg] enable_cycle -> _85008_/D : -25.936436
[setup in-reg] enable_cycle -> _85009_/D : -25.936436
[setup in-reg] enable_cycle -> _85010_/D : -25.936436
[setup in-reg] enable_cycle -> _85011_/D : -25.936436
[setup in-reg] enable_cycle -> _85012_/D : -25.936436
[setup in-reg] enable_cycle -> _85013_/D : -25.936436
[setup in-reg] enable_cycle -> _85014_/D : -25.936436
[setup in-reg] enable_cycle -> _85015_/D : -25.936436
[setup in-reg] enable_cycle -> _85016_/D : -25.936436
[setup in-reg] enable_cycle -> _85017_/D : -25.936436
[setup in-reg] enable_cycle -> _85018_/D : -25.936436
[setup in-reg] enable_cycle -> _85019_/D : -25.936436
[setup in-reg] enable_cycle -> _85020_/D : -25.936436
[setup in-reg] enable_cycle -> _85021_/D : -25.936436
[setup in-reg] enable_cycle -> _85022_/D : -25.936436
[setup in-reg] enable_cycle -> _85023_/D : -25.936436
[setup in-reg] enable_cycle -> _85024_/D : -25.936436
[setup in-reg] enable_cycle -> _85025_/D : -25.936436
[setup in-reg] enable_cycle -> _85026_/D : -25.936436
[setup in-reg] enable_cycle -> _85027_/D : -25.936436
[setup in-reg] enable_cycle -> _85028_/D : -25.936436
[setup in-reg] enable_cycle -> _85029_/D : -25.936436
[setup in-reg] enable_cycle -> _85030_/D : -25.936436
[setup in-reg] enable_cycle -> _85031_/D : -25.936436
[setup in-reg] enable_cycle -> _85032_/D : -25.936436
[setup in-reg] enable_cycle -> _85033_/D : -25.936436
[setup in-reg] enable_cycle -> _85034_/D : -25.936436
[setup in-reg] enable_cycle -> _85035_/D : -25.936436
[setup in-reg] enable_cycle -> _85036_/D : -25.936436
[setup in-reg] enable_cycle -> _85037_/D : -25.936436
[setup in-reg] enable_cycle -> _85038_/D : -25.936436
[setup in-reg] enable_cycle -> _85039_/D : -25.936436
[setup in-reg] enable_cycle -> _85040_/D : -25.936436
[setup in-reg] enable_cycle -> _85041_/D : -25.936436
[setup in-reg] enable_cycle -> _85042_/D : -25.936436
[setup in-reg] enable_cycle -> _85043_/D : -25.936436
[setup in-reg] enable_cycle -> _85044_/D : -25.936436
[setup in-reg] enable_cycle -> _85045_/D : -25.936436
[setup in-reg] enable_cycle -> _85046_/D : -25.936436
[setup in-reg] enable_cycle -> _85047_/D : -25.936436
[setup in-reg] enable_cycle -> _85048_/D : -25.936436
[setup in-reg] enable_cycle -> _85049_/D : -25.936436
[setup in-reg] enable_cycle -> _85050_/D : -25.936436
[setup in-reg] enable_cycle -> _85051_/D : -25.936436
[setup in-reg] enable_cycle -> _85052_/D : -25.936436
[setup in-reg] enable_cycle -> _85053_/D : -25.936436
[setup in-reg] enable_cycle -> _85054_/D : -25.936436
[setup in-reg] enable_cycle -> _85055_/D : -25.936436
[setup in-reg] enable_cycle -> _85056_/D : -25.936436
[setup in-reg] enable_cycle -> _85057_/D : -25.936436
[setup in-reg] enable_cycle -> _85058_/D : -25.936436
[setup in-reg] enable_cycle -> _85059_/D : -25.936436
[setup in-reg] enable_cycle -> _85060_/D : -25.936436
[setup in-reg] enable_cycle -> _85061_/D : -25.936436
[setup in-reg] enable_cycle -> _85062_/D : -25.936436
[setup in-reg] enable_cycle -> _85063_/D : -25.936436
[setup in-reg] enable_cycle -> _85064_/D : -25.936436
[setup in-reg] enable_cycle -> _85065_/D : -25.936436
[setup in-reg] enable_cycle -> _85066_/D : -25.936436
[setup in-reg] enable_cycle -> _85067_/D : -25.936436
[setup in-reg] enable_cycle -> _85068_/D : -25.936436
[setup in-reg] enable_cycle -> _85069_/D : -25.936436
[setup in-reg] enable_cycle -> _85070_/D : -25.936436
[setup in-reg] enable_cycle -> _85071_/D : -25.936436
[setup in-reg] enable_cycle -> _85072_/D : -25.936436
[setup in-reg] enable_cycle -> _85073_/D : -25.936436
[setup in-reg] enable_cycle -> _85074_/D : -25.936436
[setup in-reg] enable_cycle -> _85075_/D : -25.936436
[setup in-reg] enable_cycle -> _85076_/D : -25.936436
[setup in-reg] enable_cycle -> _85077_/D : -25.936436
[setup in-reg] enable_cycle -> _85078_/D : -25.936436
[setup in-reg] enable_cycle -> _85079_/D : -25.936436
[setup in-reg] enable_cycle -> _85080_/D : -25.936436
[setup in-reg] enable_cycle -> _85081_/D : -25.936436
[setup in-reg] enable_cycle -> _85082_/D : -25.936436
[setup in-reg] enable_cycle -> _85083_/D : -25.936436
[setup in-reg] enable_cycle -> _85084_/D : -25.936436
[setup in-reg] enable_cycle -> _85085_/D : -25.936436
[setup in-reg] enable_cycle -> _85086_/D : -25.936436
[setup in-reg] enable_cycle -> _85087_/D : -25.936436
[setup in-reg] enable_cycle -> _85088_/D : -25.936436
[setup in-reg] enable_cycle -> _85089_/D : -25.936436
[setup in-reg] enable_cycle -> _85090_/D : -25.936436
[setup in-reg] enable_cycle -> _85091_/D : -25.936436
[setup in-reg] enable_cycle -> _85108_/D : -25.936436
[setup in-reg] enable_cycle -> _85109_/D : -25.936436
[setup in-reg] enable_cycle -> _85110_/D : -25.936436
[setup in-reg] enable_cycle -> _85111_/D : -25.936436
[setup in-reg] enable_cycle -> _85112_/D : -25.936436
[setup in-reg] enable_cycle -> _85113_/D : -25.936436
[setup in-reg] enable_cycle -> _85114_/D : -25.936436
[setup in-reg] enable_cycle -> _85116_/D : -25.936436
[setup in-reg] enable_cycle -> _85117_/D : -25.936436
[setup in-reg] enable_cycle -> _85118_/D : -25.936436
[setup in-reg] enable_cycle -> _85119_/D : -25.936436
[setup in-reg] enable_cycle -> _85122_/D : -25.936436
[setup in-reg] enable_cycle -> _85148_/D : -25.936436
[setup in-reg] enable_cycle -> _85149_/D : -25.936436
[setup in-reg] enable_cycle -> _85150_/D : -25.936436
[setup in-reg] enable_cycle -> _85151_/D : -25.936436
[setup in-reg] enable_cycle -> _85152_/D : -25.936436
[setup in-reg] enable_cycle -> _85153_/D : -25.936436
[setup in-reg] enable_cycle -> _85154_/D : -25.936436
[setup in-reg] enable_cycle -> _85155_/D : -25.936436
[setup in-reg] enable_cycle -> _85173_/D : -25.936436
[setup in-reg] enable_cycle -> _85175_/D : -25.936436
[setup in-reg] enable_cycle -> _85176_/D : -25.936436
[setup in-reg] enable_cycle -> _85177_/D : -25.936436
[setup in-reg] enable_cycle -> _85178_/D : -25.936436
[setup in-reg] enable_cycle -> _85179_/D : -25.936436
[setup in-reg] enable_cycle -> _85180_/D : -25.936436
[setup in-reg] enable_cycle -> _85181_/D : -25.936436
[setup in-reg] enable_cycle -> _85182_/D : -25.936436
[setup in-reg] enable_cycle -> _85184_/D : -25.936436
[setup in-reg] enable_cycle -> _85185_/D : -25.936436
[setup in-reg] enable_cycle -> _85186_/D : -25.936436
[setup in-reg] enable_cycle -> _85212_/D : -25.936436
[setup in-reg] enable_cycle -> _85213_/D : -25.936436
[setup in-reg] enable_cycle -> _85214_/D : -25.936436
[setup in-reg] enable_cycle -> _85215_/D : -25.936436
[setup in-reg] enable_cycle -> _85216_/D : -25.936436
[setup in-reg] enable_cycle -> _85217_/D : -25.936436
[setup in-reg] enable_cycle -> _85218_/D : -25.936436
[setup in-reg] enable_cycle -> _85219_/D : -25.936436
[setup in-reg] enable_cycle -> _85239_/D : -25.936436
[setup in-reg] enable_cycle -> _85240_/D : -25.936436
[setup in-reg] enable_cycle -> _85242_/D : -25.936436
[setup in-reg] enable_cycle -> _85243_/D : -25.936436
[setup in-reg] enable_cycle -> _85244_/D : -25.936436
[setup in-reg] enable_cycle -> _85245_/D : -25.936436
[setup in-reg] enable_cycle -> _85246_/D : -25.936436
[setup in-reg] enable_cycle -> _85247_/D : -25.936436
[setup in-reg] enable_cycle -> _85248_/D : -25.936436
[setup in-reg] enable_cycle -> _85250_/D : -25.936436
[setup in-reg] enable_cycle -> _85251_/D : -25.936436
[setup in-reg] enable_cycle -> _85276_/D : -25.936436
[setup in-reg] enable_cycle -> _85277_/D : -25.936436
[setup in-reg] enable_cycle -> _85278_/D : -25.936436
[setup in-reg] enable_cycle -> _85279_/D : -25.936436
[setup in-reg] enable_cycle -> _85280_/D : -25.936436
[setup in-reg] enable_cycle -> _85281_/D : -25.936436
[setup in-reg] enable_cycle -> _85282_/D : -25.936436
[setup in-reg] enable_cycle -> _85283_/D : -25.936436
[setup in-reg] enable_cycle -> _85301_/D : -25.936436
[setup in-reg] enable_cycle -> _85302_/D : -25.936436
[setup in-reg] enable_cycle -> _85303_/D : -25.936436
[setup in-reg] enable_cycle -> _85304_/D : -25.936436
[setup in-reg] enable_cycle -> _85306_/D : -25.936436
[setup in-reg] enable_cycle -> _85307_/D : -25.936436
[setup in-reg] enable_cycle -> _85308_/D : -25.936436
[setup in-reg] enable_cycle -> _85309_/D : -25.936436
[setup in-reg] enable_cycle -> _85310_/D : -25.936436
[setup in-reg] enable_cycle -> _85311_/D : -25.936436
[setup in-reg] enable_cycle -> _85312_/D : -25.936436
[setup in-reg] enable_cycle -> _85314_/D : -25.936436
[setup in-reg] enable_cycle -> _85340_/D : -25.936436
[setup in-reg] enable_cycle -> _85341_/D : -25.936436
[setup in-reg] enable_cycle -> _85342_/D : -25.936436
[setup in-reg] enable_cycle -> _85343_/D : -25.936436
[setup in-reg] enable_cycle -> _85344_/D : -25.936436
[setup in-reg] enable_cycle -> _85345_/D : -25.936436
[setup in-reg] enable_cycle -> _85346_/D : -25.936436
[setup in-reg] enable_cycle -> _85347_/D : -25.936436
[setup in-reg] enable_cycle -> _85365_/D : -25.936436
[setup in-reg] enable_cycle -> _85366_/D : -25.936436
[setup in-reg] enable_cycle -> _85367_/D : -25.936436
[setup in-reg] enable_cycle -> _85368_/D : -25.936436
[setup in-reg] enable_cycle -> _85369_/D : -25.936436
[setup in-reg] enable_cycle -> _85370_/D : -25.936436
[setup in-reg] enable_cycle -> _85371_/D : -25.936436
[setup in-reg] enable_cycle -> _85373_/D : -25.936436
[setup in-reg] enable_cycle -> _85374_/D : -25.936436
[setup in-reg] enable_cycle -> _85375_/D : -25.936436
[setup in-reg] enable_cycle -> _85376_/D : -25.936436
[setup in-reg] enable_cycle -> _85377_/D : -25.936436
[setup in-reg] enable_cycle -> _85378_/D : -25.936436
[setup in-reg] enable_cycle -> _85379_/D : -25.936436
[setup in-reg] enable_cycle -> _85404_/D : -25.936436
[setup in-reg] enable_cycle -> _85405_/D : -25.936436
[setup in-reg] enable_cycle -> _85406_/D : -25.936436
[setup in-reg] enable_cycle -> _85407_/D : -25.936436
[setup in-reg] enable_cycle -> _85408_/D : -25.936436
[setup in-reg] enable_cycle -> _85409_/D : -25.936436
[setup in-reg] enable_cycle -> _85410_/D : -25.936436
[setup in-reg] enable_cycle -> _85411_/D : -25.936436
[setup in-reg] enable_cycle -> _85429_/D : -25.936436
[setup in-reg] enable_cycle -> _85430_/D : -25.936436
[setup in-reg] enable_cycle -> _85431_/D : -25.936436
[setup in-reg] enable_cycle -> _85432_/D : -25.936436
[setup in-reg] enable_cycle -> _85434_/D : -25.936436
[setup in-reg] enable_cycle -> _85435_/D : -25.936436
[setup in-reg] enable_cycle -> _85436_/D : -25.936436
[setup in-reg] enable_cycle -> _85437_/D : -25.936436
[setup in-reg] enable_cycle -> _85438_/D : -25.936436
[setup in-reg] enable_cycle -> _85439_/D : -25.936436
[setup in-reg] enable_cycle -> _85441_/D : -25.936436
[setup in-reg] enable_cycle -> _85442_/D : -25.936436
[setup in-reg] enable_cycle -> _85443_/D : -25.936436
[setup in-reg] enable_cycle -> _85468_/D : -25.936436
[setup in-reg] enable_cycle -> _85469_/D : -25.936436
[setup in-reg] enable_cycle -> _85470_/D : -25.936436
[setup in-reg] enable_cycle -> _85471_/D : -25.936436
[setup in-reg] enable_cycle -> _85472_/D : -25.936436
[setup in-reg] enable_cycle -> _85473_/D : -25.936436
[setup in-reg] enable_cycle -> _85474_/D : -25.936436
[setup in-reg] enable_cycle -> _85475_/D : -25.936436
[setup in-reg] enable_cycle -> _85480_/D : -25.936436
[setup in-reg] enable_cycle -> _85481_/D : -25.936436
[setup in-reg] enable_cycle -> _85482_/D : -25.936436
[setup in-reg] enable_cycle -> _85483_/D : -25.936436
[setup in-reg] enable_cycle -> _85484_/D : -25.936436
[setup in-reg] enable_cycle -> _85485_/D : -25.936436
[setup in-reg] enable_cycle -> _85486_/D : -25.936436
[setup in-reg] enable_cycle -> _85487_/D : -25.936436
[setup in-reg] enable_cycle -> _85488_/D : -25.936436
[setup in-reg] enable_cycle -> _85489_/D : -25.936436
[setup in-reg] enable_cycle -> _85490_/D : -25.936436
[setup in-reg] enable_cycle -> _85552_/D : -25.936436
[setup in-reg] enable_cycle -> _85553_/D : -25.936436
[setup in-reg] enable_cycle -> _85554_/D : -25.936436
[setup in-reg] enable_cycle -> _85555_/D : -25.936436
[setup in-reg] enable_cycle -> _85558_/D : -25.936436
[setup in-reg] enable_cycle -> _85559_/D : -25.936436
[setup in-reg] enable_cycle -> _85560_/D : -25.936436
[setup in-reg] enable_cycle -> _85561_/D : -25.936436
[setup in-reg] enable_cycle -> _85562_/D : -25.936436
[setup in-reg] enable_cycle -> _85565_/D : -25.936436
[setup in-reg] enable_cycle -> _85566_/D : -25.936436
[setup in-reg] enable_cycle -> _85567_/D : -25.936436
[setup in-reg] enable_cycle -> _85568_/D : -25.936436
[setup in-reg] enable_cycle -> _85569_/D : -25.936436
[setup in-reg] enable_cycle -> _85570_/D : -25.936436
[setup in-reg] enable_cycle -> _85571_/D : -25.936436
[setup in-reg] enable_cycle -> _85572_/D : -25.936436
[setup in-reg] enable_cycle -> _85573_/D : -25.936436
[setup in-reg] enable_cycle -> _85574_/D : -25.936436
[setup in-reg] enable_cycle -> _85575_/D : -25.936436
[setup in-reg] enable_cycle -> _85576_/D : -25.936436
[setup in-reg] enable_cycle -> _85577_/D : -25.936436
[setup in-reg] enable_cycle -> _85578_/D : -25.936436
[setup in-reg] enable_cycle -> _85579_/D : -25.936436
[setup in-reg] enable_cycle -> _85580_/D : -25.936436
[setup in-reg] enable_cycle -> _85581_/D : -25.936436
[setup in-reg] enable_cycle -> _85590_/D : -25.936436
[setup in-reg] enable_cycle -> _85591_/D : -25.936436
[setup in-reg] enable_cycle -> _85592_/D : -25.936436
[setup in-reg] enable_cycle -> _85593_/D : -25.936436
[setup in-reg] enable_cycle -> _85594_/D : -25.936436
[setup in-reg] enable_cycle -> _85595_/D : -25.936436
[setup in-reg] enable_cycle -> _85596_/D : -25.936436
[setup in-reg] enable_cycle -> _85597_/D : -25.936436
[setup in-reg] enable_cycle -> _85598_/D : -25.936436
[setup in-reg] enable_cycle -> _85599_/D : -25.936436
[setup in-reg] enable_cycle -> _85600_/D : -25.936436
[setup in-reg] enable_cycle -> _85601_/D : -25.936436
[setup in-reg] enable_cycle -> _85602_/D : -25.936436
[setup in-reg] enable_cycle -> _85603_/D : -25.936436
[setup in-reg] enable_cycle -> _85604_/D : -25.936436
[setup in-reg] enable_cycle -> _85605_/D : -25.936436
[setup in-reg] enable_cycle -> _85606_/D : -25.936436
[setup in-reg] enable_cycle -> _85607_/D : -25.936436
[setup in-reg] enable_cycle -> _85608_/D : -25.936436
[setup in-reg] enable_cycle -> _85609_/D : -25.936436
[setup in-reg] enable_cycle -> _85610_/D : -25.936436
[setup in-reg] enable_cycle -> _85611_/D : -25.936436
[setup in-reg] enable_cycle -> _85612_/D : -25.936436
[setup in-reg] enable_cycle -> _85613_/D : -25.936436
[setup in-reg] enable_cycle -> _85632_/D : -25.936436
[setup in-reg] enable_cycle -> _85636_/D : -25.936436
[setup in-reg] enable_cycle -> _85637_/D : -25.936436
[setup in-reg] enable_cycle -> _85639_/D : -25.936436
[setup in-reg] enable_cycle -> _85640_/D : -25.936436
[setup in-reg] enable_cycle -> _85641_/D : -25.936436
[setup in-reg] enable_cycle -> _85642_/D : -25.936436
[setup in-reg] enable_cycle -> _85643_/D : -25.936436
[setup in-reg] enable_cycle -> _85644_/D : -25.936436
[setup in-reg] enable_cycle -> _85645_/D : -25.936436
[setup in-reg] enable_cycle -> _85672_/D : -25.936436
[setup in-reg] enable_cycle -> _85673_/D : -25.936436
[setup in-reg] enable_cycle -> _85674_/D : -25.936436
[setup in-reg] enable_cycle -> _85675_/D : -25.936436
[setup in-reg] enable_cycle -> _85676_/D : -25.936436
[setup in-reg] enable_cycle -> _85677_/D : -25.936436
[setup in-reg] enable_cycle -> _85678_/D : -25.936436
[setup in-reg] enable_cycle -> _85679_/D : -25.936436
[setup in-reg] enable_cycle -> _85680_/D : -25.936436
[setup in-reg] enable_cycle -> _85681_/D : -25.936436
[setup in-reg] enable_cycle -> _85682_/D : -25.936436
[setup in-reg] enable_cycle -> _85683_/D : -25.936436
[setup in-reg] enable_cycle -> _85684_/D : -25.936436
[setup in-reg] enable_cycle -> _85685_/D : -25.936436
[setup in-reg] enable_cycle -> _85686_/D : -25.936436
[setup in-reg] enable_cycle -> _85687_/D : -25.936436
[setup in-reg] enable_cycle -> _85688_/D : -25.936436
[setup in-reg] enable_cycle -> _85689_/D : -25.936436
[setup in-reg] enable_cycle -> _85690_/D : -25.936436
[setup in-reg] enable_cycle -> _85691_/D : -25.936436
[setup in-reg] enable_cycle -> _85692_/D : -25.936436
[setup in-reg] enable_cycle -> _85693_/D : -25.936436
[setup in-reg] enable_cycle -> _85694_/D : -25.936436
[setup in-reg] enable_cycle -> _85695_/D : -25.936436
[setup in-reg] enable_cycle -> _85714_/D : -25.936436
[setup in-reg] enable_cycle -> _85715_/D : -25.936436
[setup in-reg] enable_cycle -> _85716_/D : -25.936436
[setup in-reg] enable_cycle -> _85717_/D : -25.936436
[setup in-reg] enable_cycle -> _85718_/D : -25.936436
[setup in-reg] enable_cycle -> _85719_/D : -25.936436
[setup in-reg] enable_cycle -> _85720_/D : -25.936436
[setup in-reg] enable_cycle -> _85721_/D : -25.936436
[setup in-reg] enable_cycle -> _85723_/D : -25.936436
[setup in-reg] enable_cycle -> _85724_/D : -25.936436
[setup in-reg] enable_cycle -> _85725_/D : -25.936436
[setup in-reg] enable_cycle -> _85726_/D : -25.936436
[setup in-reg] enable_cycle -> _85727_/D : -25.936436
[setup in-reg] enable_cycle -> _85754_/D : -25.936436
[setup in-reg] enable_cycle -> _85755_/D : -25.936436
[setup in-reg] enable_cycle -> _85756_/D : -25.936436
[setup in-reg] enable_cycle -> _85757_/D : -25.936436
[setup in-reg] enable_cycle -> _85758_/D : -25.936436
[setup in-reg] enable_cycle -> _85759_/D : -25.936436
[setup in-reg] enable_cycle -> _85760_/D : -25.936436
[setup in-reg] enable_cycle -> _85761_/D : -25.936436
[setup in-reg] enable_cycle -> _85762_/D : -25.936436
[setup in-reg] enable_cycle -> _85763_/D : -25.936436
[setup in-reg] enable_cycle -> _85764_/D : -25.936436
[setup in-reg] enable_cycle -> _85765_/D : -25.936436
[setup in-reg] enable_cycle -> _85766_/D : -25.936436
[setup in-reg] enable_cycle -> _85767_/D : -25.936436
[setup in-reg] enable_cycle -> _85768_/D : -25.936436
[setup in-reg] enable_cycle -> _85769_/D : -25.936436
[setup in-reg] enable_cycle -> _85770_/D : -25.936436
[setup in-reg] enable_cycle -> _85771_/D : -25.936436
[setup in-reg] enable_cycle -> _85772_/D : -25.936436
[setup in-reg] enable_cycle -> _85773_/D : -25.936436
[setup in-reg] enable_cycle -> _85774_/D : -25.936436
[setup in-reg] enable_cycle -> _85775_/D : -25.936436
[setup in-reg] enable_cycle -> _85776_/D : -25.936436
[setup in-reg] enable_cycle -> _85777_/D : -25.936436
[setup in-reg] enable_cycle -> _85796_/D : -25.936436
[setup in-reg] enable_cycle -> _85798_/D : -25.936436
[setup in-reg] enable_cycle -> _85799_/D : -25.936436
[setup in-reg] enable_cycle -> _85800_/D : -25.936436
[setup in-reg] enable_cycle -> _85801_/D : -25.936436
[setup in-reg] enable_cycle -> _85803_/D : -25.936436
[setup in-reg] enable_cycle -> _85804_/D : -25.936436
[setup in-reg] enable_cycle -> _85805_/D : -25.936436
[setup in-reg] enable_cycle -> _85806_/D : -25.936436
[setup in-reg] enable_cycle -> _85808_/D : -25.936436
[setup in-reg] enable_cycle -> _85809_/D : -25.936436
[setup in-reg] enable_cycle -> _85810_/D : -25.936436
[setup in-reg] enable_cycle -> _85836_/D : -25.936436
[setup in-reg] enable_cycle -> _85837_/D : -25.936436
[setup in-reg] enable_cycle -> _85838_/D : -25.936436
[setup in-reg] enable_cycle -> _85839_/D : -25.936436
[setup in-reg] enable_cycle -> _85840_/D : -25.936436
[setup in-reg] enable_cycle -> _85841_/D : -25.936436
[setup in-reg] enable_cycle -> _85842_/D : -25.936436
[setup in-reg] enable_cycle -> _85843_/D : -25.936436
[setup in-reg] enable_cycle -> _85844_/D : -25.936436
[setup in-reg] enable_cycle -> _85845_/D : -25.936436
[setup in-reg] enable_cycle -> _85846_/D : -25.936436
[setup in-reg] enable_cycle -> _85847_/D : -25.936436
[setup in-reg] enable_cycle -> _85848_/D : -25.936436
[setup in-reg] enable_cycle -> _85849_/D : -25.936436
[setup in-reg] enable_cycle -> _85850_/D : -25.936436
[setup in-reg] enable_cycle -> _85851_/D : -25.936436
[setup in-reg] enable_cycle -> _85852_/D : -25.936436
[setup in-reg] enable_cycle -> _85853_/D : -25.936436
[setup in-reg] enable_cycle -> _85854_/D : -25.936436
[setup in-reg] enable_cycle -> _85855_/D : -25.936436
[setup in-reg] enable_cycle -> _85856_/D : -25.936436
[setup in-reg] enable_cycle -> _85857_/D : -25.936436
[setup in-reg] enable_cycle -> _85858_/D : -25.936436
[setup in-reg] enable_cycle -> _85859_/D : -25.936436
[setup in-reg] enable_cycle -> _85878_/D : -25.936436
[setup in-reg] enable_cycle -> _85880_/D : -25.936436
[setup in-reg] enable_cycle -> _85881_/D : -25.936436
[setup in-reg] enable_cycle -> _85883_/D : -25.936436
[setup in-reg] enable_cycle -> _85885_/D : -25.936436
[setup in-reg] enable_cycle -> _85886_/D : -25.936436
[setup in-reg] enable_cycle -> _85887_/D : -25.936436
[setup in-reg] enable_cycle -> _85888_/D : -25.936436
[setup in-reg] enable_cycle -> _85889_/D : -25.936436
[setup in-reg] enable_cycle -> _85890_/D : -25.936436
[setup in-reg] enable_cycle -> _85891_/D : -25.936436
[setup in-reg] enable_cycle -> _85918_/D : -25.936436
[setup in-reg] enable_cycle -> _85919_/D : -25.936436
[setup in-reg] enable_cycle -> _85920_/D : -25.936436
[setup in-reg] enable_cycle -> _85921_/D : -25.936436
[setup in-reg] enable_cycle -> _85922_/D : -25.936436
[setup in-reg] enable_cycle -> _85923_/D : -25.936436
[setup in-reg] enable_cycle -> _85924_/D : -25.936436
[setup in-reg] enable_cycle -> _85925_/D : -25.936436
[setup in-reg] enable_cycle -> _85926_/D : -25.936436
[setup in-reg] enable_cycle -> _85927_/D : -25.936436
[setup in-reg] enable_cycle -> _85928_/D : -25.936436
[setup in-reg] enable_cycle -> _85929_/D : -25.936436
[setup in-reg] enable_cycle -> _85930_/D : -25.936436
[setup in-reg] enable_cycle -> _85931_/D : -25.936436
[setup in-reg] enable_cycle -> _85932_/D : -25.936436
[setup in-reg] enable_cycle -> _85933_/D : -25.936436
[setup in-reg] enable_cycle -> _85934_/D : -25.936436
[setup in-reg] enable_cycle -> _85935_/D : -25.936436
[setup in-reg] enable_cycle -> _85936_/D : -25.936436
[setup in-reg] enable_cycle -> _85937_/D : -25.936436
[setup in-reg] enable_cycle -> _85938_/D : -25.936436
[setup in-reg] enable_cycle -> _85939_/D : -25.936436
[setup in-reg] enable_cycle -> _85940_/D : -25.936436
[setup in-reg] enable_cycle -> _85941_/D : -25.936436
[setup in-reg] enable_cycle -> _85960_/D : -25.936436
[setup in-reg] enable_cycle -> _85963_/D : -25.936436
[setup in-reg] enable_cycle -> _85965_/D : -25.936436
[setup in-reg] enable_cycle -> _85966_/D : -25.936436
[setup in-reg] enable_cycle -> _85968_/D : -25.936436
[setup in-reg] enable_cycle -> _85969_/D : -25.936436
[setup in-reg] enable_cycle -> _85970_/D : -25.936436
[setup in-reg] enable_cycle -> _85971_/D : -25.936436
[setup in-reg] enable_cycle -> _85972_/D : -25.936436
[setup in-reg] enable_cycle -> _85974_/D : -25.936436
[setup in-reg] enable_cycle -> _86000_/D : -25.936436
[setup in-reg] enable_cycle -> _86001_/D : -25.936436
[setup in-reg] enable_cycle -> _86002_/D : -25.936436
[setup in-reg] enable_cycle -> _86003_/D : -25.936436
[setup in-reg] enable_cycle -> _86004_/D : -25.936436
[setup in-reg] enable_cycle -> _86005_/D : -25.936436
[setup in-reg] enable_cycle -> _86006_/D : -25.936436
[setup in-reg] enable_cycle -> _86007_/D : -25.936436
[setup in-reg] enable_cycle -> _86008_/D : -25.936436
[setup in-reg] enable_cycle -> _86009_/D : -25.936436
[setup in-reg] enable_cycle -> _86010_/D : -25.936436
[setup in-reg] enable_cycle -> _86011_/D : -25.936436
[setup in-reg] enable_cycle -> _86012_/D : -25.936436
[setup in-reg] enable_cycle -> _86013_/D : -25.936436
[setup in-reg] enable_cycle -> _86014_/D : -25.936436
[setup in-reg] enable_cycle -> _86015_/D : -25.936436
[setup in-reg] enable_cycle -> _86016_/D : -25.936436
[setup in-reg] enable_cycle -> _86017_/D : -25.936436
[setup in-reg] enable_cycle -> _86018_/D : -25.936436
[setup in-reg] enable_cycle -> _86019_/D : -25.936436
[setup in-reg] enable_cycle -> _86020_/D : -25.936436
[setup in-reg] enable_cycle -> _86021_/D : -25.936436
[setup in-reg] enable_cycle -> _86022_/D : -25.936436
[setup in-reg] enable_cycle -> _86023_/D : -25.936436
[setup in-reg] enable_cycle -> _86042_/D : -25.936436
[setup in-reg] enable_cycle -> _86043_/D : -25.936436
[setup in-reg] enable_cycle -> _86045_/D : -25.936436
[setup in-reg] enable_cycle -> _86047_/D : -25.936436
[setup in-reg] enable_cycle -> _86048_/D : -25.936436
[setup in-reg] enable_cycle -> _86050_/D : -25.936436
[setup in-reg] enable_cycle -> _86051_/D : -25.936436
[setup in-reg] enable_cycle -> _86052_/D : -25.936436
[setup in-reg] enable_cycle -> _86053_/D : -25.936436
[setup in-reg] enable_cycle -> _86054_/D : -25.936436
[setup in-reg] enable_cycle -> _86056_/D : -25.936436
[setup in-reg] enable_cycle -> _86082_/D : -25.936436
[setup in-reg] enable_cycle -> _86083_/D : -25.936436
[setup in-reg] enable_cycle -> _86084_/D : -25.936436
[setup in-reg] enable_cycle -> _86085_/D : -25.936436
[setup in-reg] enable_cycle -> _86086_/D : -25.936436
[setup in-reg] enable_cycle -> _86087_/D : -25.936436
[setup in-reg] enable_cycle -> _86088_/D : -25.936436
[setup in-reg] enable_cycle -> _86089_/D : -25.936436
[setup in-reg] enable_cycle -> _86090_/D : -25.936436
[setup in-reg] enable_cycle -> _86091_/D : -25.936436
[setup in-reg] enable_cycle -> _86092_/D : -25.936436
[setup in-reg] enable_cycle -> _86093_/D : -25.936436
[setup in-reg] enable_cycle -> _86094_/D : -25.936436
[setup in-reg] enable_cycle -> _86095_/D : -25.936436
[setup in-reg] enable_cycle -> _86096_/D : -25.936436
[setup in-reg] enable_cycle -> _86097_/D : -25.936436
[setup in-reg] enable_cycle -> _86098_/D : -25.936436
[setup in-reg] enable_cycle -> _86099_/D : -25.936436
[setup in-reg] enable_cycle -> _86100_/D : -25.936436
[setup in-reg] enable_cycle -> _86101_/D : -25.936436
[setup in-reg] enable_cycle -> _86102_/D : -25.936436
[setup in-reg] enable_cycle -> _86103_/D : -25.936436
[setup in-reg] enable_cycle -> _86104_/D : -25.936436
[setup in-reg] enable_cycle -> _86105_/D : -25.936436
[setup in-reg] enable_cycle -> _86109_/D : -25.936436
[setup in-reg] enable_cycle -> _86110_/D : -25.936436
[setup in-reg] enable_cycle -> _86111_/D : -25.936436
[setup in-reg] enable_cycle -> _86112_/D : -25.936436
[setup in-reg] enable_cycle -> _86113_/D : -25.936436
[setup in-reg] enable_cycle -> _86114_/D : -25.936436
[setup in-reg] enable_cycle -> _86115_/D : -25.936436
[setup in-reg] enable_cycle -> _86116_/D : -25.936436
[setup in-reg] enable_cycle -> _86117_/D : -25.936436
[setup in-reg] enable_cycle -> _86118_/D : -25.936436
[setup in-reg] enable_cycle -> _86119_/D : -25.936436
[setup in-reg] enable_cycle -> _86120_/D : -25.936436
[setup in-reg] enable_cycle -> _86183_/D : -25.936436
[setup in-reg] enable_cycle -> _86184_/D : -25.936436
[setup in-reg] enable_cycle -> _86186_/D : -25.936436
[setup in-reg] enable_cycle -> _86188_/D : -25.936436
[setup in-reg] enable_cycle -> _86189_/D : -25.936436
[setup in-reg] enable_cycle -> _86190_/D : -25.936436
[setup in-reg] enable_cycle -> _86192_/D : -25.936436
[setup in-reg] enable_cycle -> _86193_/D : -25.936436
[setup in-reg] enable_cycle -> _86194_/D : -25.936436
[setup in-reg] enable_cycle -> _86195_/D : -25.936436
[setup in-reg] enable_cycle -> _86196_/D : -25.936436
[setup in-reg] enable_cycle -> _86198_/D : -25.936436
[setup in-reg] enable_cycle -> _86199_/D : -25.936436
[setup in-reg] enable_cycle -> _86200_/D : -25.936436
[setup in-reg] enable_cycle -> _86201_/D : -25.936436
[setup in-reg] enable_cycle -> _86202_/D : -25.936436
[setup in-reg] enable_cycle -> _86203_/D : -25.936436
[setup in-reg] enable_cycle -> _86204_/D : -25.936436
[setup in-reg] enable_cycle -> _86205_/D : -25.936436
[setup in-reg] enable_cycle -> _86206_/D : -25.936436
[setup in-reg] enable_cycle -> _86207_/D : -25.936436
[setup in-reg] enable_cycle -> _86208_/D : -25.936436
[setup in-reg] enable_cycle -> _86209_/D : -25.936436
[setup in-reg] enable_cycle -> _86210_/D : -25.936436
[setup in-reg] enable_cycle -> _86211_/D : -25.936436
[setup in-reg] enable_cycle -> _86212_/D : -25.936436
[setup in-reg] enable_cycle -> _86213_/D : -25.936436
[setup in-reg] enable_cycle -> _86214_/D : -25.936436
[setup in-reg] enable_cycle -> _86215_/D : -25.936436
[setup in-reg] enable_cycle -> _86224_/D : -25.936436
[setup in-reg] enable_cycle -> _86225_/D : -25.936436
[setup in-reg] enable_cycle -> _86226_/D : -25.936436
[setup in-reg] enable_cycle -> _86227_/D : -25.936436
[setup in-reg] enable_cycle -> _86228_/D : -25.936436
[setup in-reg] enable_cycle -> _86229_/D : -25.936436
[setup in-reg] enable_cycle -> _86230_/D : -25.936436
[setup in-reg] enable_cycle -> _86231_/D : -25.936436
[setup in-reg] enable_cycle -> _86232_/D : -25.936436
[setup in-reg] enable_cycle -> _86233_/D : -25.936436
[setup in-reg] enable_cycle -> _86234_/D : -25.936436
[setup in-reg] enable_cycle -> _86235_/D : -25.936436
[setup in-reg] enable_cycle -> _86236_/D : -25.936436
[setup in-reg] enable_cycle -> _86237_/D : -25.936436
[setup in-reg] enable_cycle -> _86238_/D : -25.936436
[setup in-reg] enable_cycle -> _86239_/D : -25.936436
[setup in-reg] enable_cycle -> _86240_/D : -25.936436
[setup in-reg] enable_cycle -> _86241_/D : -25.936436
[setup in-reg] enable_cycle -> _86242_/D : -25.936436
[setup in-reg] enable_cycle -> _86243_/D : -25.936436
[setup in-reg] enable_cycle -> _86244_/D : -25.936436
[setup in-reg] enable_cycle -> _86245_/D : -25.936436
[setup in-reg] enable_cycle -> _86246_/D : -25.936436
[setup in-reg] enable_cycle -> _86247_/D : -25.936436
[setup in-reg] enable_cycle -> _86248_/D : -25.936436
[setup in-reg] enable_cycle -> _86270_/D : -25.936436
[setup in-reg] enable_cycle -> _86271_/D : -25.936436
[setup in-reg] enable_cycle -> _86272_/D : -25.936436
[setup in-reg] enable_cycle -> _86273_/D : -25.936436
[setup in-reg] enable_cycle -> _86274_/D : -25.936436
[setup in-reg] enable_cycle -> _86275_/D : -25.936436
[setup in-reg] enable_cycle -> _86276_/D : -25.936436
[setup in-reg] enable_cycle -> _86277_/D : -25.936436
[setup in-reg] enable_cycle -> _86278_/D : -25.936436
[setup in-reg] enable_cycle -> _86280_/D : -25.936436
[setup in-reg] enable_cycle -> _86281_/D : -25.936436
[setup in-reg] enable_cycle -> _86309_/D : -25.936436
[setup in-reg] enable_cycle -> _86310_/D : -25.936436
[setup in-reg] enable_cycle -> _86311_/D : -25.936436
[setup in-reg] enable_cycle -> _86312_/D : -25.936436
[setup in-reg] enable_cycle -> _86313_/D : -25.936436
[setup in-reg] enable_cycle -> _86314_/D : -25.936436
[setup in-reg] enable_cycle -> _86315_/D : -25.936436
[setup in-reg] enable_cycle -> _86316_/D : -25.936436
[setup in-reg] enable_cycle -> _86317_/D : -25.936436
[setup in-reg] enable_cycle -> _86318_/D : -25.936436
[setup in-reg] enable_cycle -> _86319_/D : -25.936436
[setup in-reg] enable_cycle -> _86320_/D : -25.936436
[setup in-reg] enable_cycle -> _86321_/D : -25.936436
[setup in-reg] enable_cycle -> _86322_/D : -25.936436
[setup in-reg] enable_cycle -> _86323_/D : -25.936436
[setup in-reg] enable_cycle -> _86324_/D : -25.936436
[setup in-reg] enable_cycle -> _86325_/D : -25.936436
[setup in-reg] enable_cycle -> _86326_/D : -25.936436
[setup in-reg] enable_cycle -> _86327_/D : -25.936436
[setup in-reg] enable_cycle -> _86328_/D : -25.936436
[setup in-reg] enable_cycle -> _86329_/D : -25.936436
[setup in-reg] enable_cycle -> _86330_/D : -25.936436
[setup in-reg] enable_cycle -> _86331_/D : -25.936436
[setup in-reg] enable_cycle -> _86332_/D : -25.936436
[setup in-reg] enable_cycle -> _86333_/D : -25.936436
[setup in-reg] enable_cycle -> _86353_/D : -25.936436
[setup in-reg] enable_cycle -> _86354_/D : -25.936436
[setup in-reg] enable_cycle -> _86355_/D : -25.936436
[setup in-reg] enable_cycle -> _86356_/D : -25.936436
[setup in-reg] enable_cycle -> _86357_/D : -25.936436
[setup in-reg] enable_cycle -> _86358_/D : -25.936436
[setup in-reg] enable_cycle -> _86359_/D : -25.936436
[setup in-reg] enable_cycle -> _86360_/D : -25.936436
[setup in-reg] enable_cycle -> _86361_/D : -25.936436
[setup in-reg] enable_cycle -> _86362_/D : -25.936436
[setup in-reg] enable_cycle -> _86363_/D : -25.936436
[setup in-reg] enable_cycle -> _86364_/D : -25.936436
[setup in-reg] enable_cycle -> _86365_/D : -25.936436
[setup in-reg] enable_cycle -> _86367_/D : -25.936436
[setup in-reg] enable_cycle -> _86394_/D : -25.936436
[setup in-reg] enable_cycle -> _86395_/D : -25.936436
[setup in-reg] enable_cycle -> _86396_/D : -25.936436
[setup in-reg] enable_cycle -> _86397_/D : -25.936436
[setup in-reg] enable_cycle -> _86398_/D : -25.936436
[setup in-reg] enable_cycle -> _86399_/D : -25.936436
[setup in-reg] enable_cycle -> _86400_/D : -25.936436
[setup in-reg] enable_cycle -> _86401_/D : -25.936436
[setup in-reg] enable_cycle -> _86402_/D : -25.936436
[setup in-reg] enable_cycle -> _86403_/D : -25.936436
[setup in-reg] enable_cycle -> _86404_/D : -25.936436
[setup in-reg] enable_cycle -> _86405_/D : -25.936436
[setup in-reg] enable_cycle -> _86406_/D : -25.936436
[setup in-reg] enable_cycle -> _86407_/D : -25.936436
[setup in-reg] enable_cycle -> _86408_/D : -25.936436
[setup in-reg] enable_cycle -> _86409_/D : -25.936436
[setup in-reg] enable_cycle -> _86410_/D : -25.936436
[setup in-reg] enable_cycle -> _86411_/D : -25.936436
[setup in-reg] enable_cycle -> _86412_/D : -25.936436
[setup in-reg] enable_cycle -> _86413_/D : -25.936436
[setup in-reg] enable_cycle -> _86414_/D : -25.936436
[setup in-reg] enable_cycle -> _86415_/D : -25.936436
[setup in-reg] enable_cycle -> _86416_/D : -25.936436
[setup in-reg] enable_cycle -> _86417_/D : -25.936436
[setup in-reg] enable_cycle -> _86418_/D : -25.936436
[setup in-reg] enable_cycle -> _86441_/D : -25.936436
[setup in-reg] enable_cycle -> _86443_/D : -25.936436
[setup in-reg] enable_cycle -> _86445_/D : -25.936436
[setup in-reg] enable_cycle -> _86446_/D : -25.936436
[setup in-reg] enable_cycle -> _86447_/D : -25.936436
[setup in-reg] enable_cycle -> _86448_/D : -25.936436
[setup in-reg] enable_cycle -> _86449_/D : -25.936436
[setup in-reg] enable_cycle -> _86450_/D : -25.936436
[setup in-reg] enable_cycle -> _86479_/D : -25.936436
[setup in-reg] enable_cycle -> _86480_/D : -25.936436
[setup in-reg] enable_cycle -> _86481_/D : -25.936436
[setup in-reg] enable_cycle -> _86482_/D : -25.936436
[setup in-reg] enable_cycle -> _86483_/D : -25.936436
[setup in-reg] enable_cycle -> _86484_/D : -25.936436
[setup in-reg] enable_cycle -> _86485_/D : -25.936436
[setup in-reg] enable_cycle -> _86486_/D : -25.936436
[setup in-reg] enable_cycle -> _86487_/D : -25.936436
[setup in-reg] enable_cycle -> _86488_/D : -25.936436
[setup in-reg] enable_cycle -> _86489_/D : -25.936436
[setup in-reg] enable_cycle -> _86490_/D : -25.936436
[setup in-reg] enable_cycle -> _86491_/D : -25.936436
[setup in-reg] enable_cycle -> _86492_/D : -25.936436
[setup in-reg] enable_cycle -> _86493_/D : -25.936436
[setup in-reg] enable_cycle -> _86494_/D : -25.936436
[setup in-reg] enable_cycle -> _86495_/D : -25.936436
[setup in-reg] enable_cycle -> _86496_/D : -25.936436
[setup in-reg] enable_cycle -> _86497_/D : -25.936436
[setup in-reg] enable_cycle -> _86498_/D : -25.936436
[setup in-reg] enable_cycle -> _86499_/D : -25.936436
[setup in-reg] enable_cycle -> _86500_/D : -25.936436
[setup in-reg] enable_cycle -> _86501_/D : -25.936436
[setup in-reg] enable_cycle -> _86502_/D : -25.936436
[setup in-reg] enable_cycle -> _86503_/D : -25.936436
[setup in-reg] enable_cycle -> _86523_/D : -25.936436
[setup in-reg] enable_cycle -> _86524_/D : -25.936436
[setup in-reg] enable_cycle -> _86525_/D : -25.936436
[setup in-reg] enable_cycle -> _86526_/D : -25.936436
[setup in-reg] enable_cycle -> _86527_/D : -25.936436
[setup in-reg] enable_cycle -> _86528_/D : -25.936436
[setup in-reg] enable_cycle -> _86529_/D : -25.936436
[setup in-reg] enable_cycle -> _86530_/D : -25.936436
[setup in-reg] enable_cycle -> _86532_/D : -25.936436
[setup in-reg] enable_cycle -> _86533_/D : -25.936436
[setup in-reg] enable_cycle -> _86534_/D : -25.936436
[setup in-reg] enable_cycle -> _86535_/D : -25.936436
[setup in-reg] enable_cycle -> _86536_/D : -25.936436
[setup in-reg] enable_cycle -> _86564_/D : -25.936436
[setup in-reg] enable_cycle -> _86565_/D : -25.936436
[setup in-reg] enable_cycle -> _86566_/D : -25.936436
[setup in-reg] enable_cycle -> _86567_/D : -25.936436
[setup in-reg] enable_cycle -> _86568_/D : -25.936436
[setup in-reg] enable_cycle -> _86569_/D : -25.936436
[setup in-reg] enable_cycle -> _86570_/D : -25.936436
[setup in-reg] enable_cycle -> _86571_/D : -25.936436
[setup in-reg] enable_cycle -> _86572_/D : -25.936436
[setup in-reg] enable_cycle -> _86573_/D : -25.936436
[setup in-reg] enable_cycle -> _86574_/D : -25.936436
[setup in-reg] enable_cycle -> _86575_/D : -25.936436
[setup in-reg] enable_cycle -> _86576_/D : -25.936436
[setup in-reg] enable_cycle -> _86577_/D : -25.936436
[setup in-reg] enable_cycle -> _86578_/D : -25.936436
[setup in-reg] enable_cycle -> _86579_/D : -25.936436
[setup in-reg] enable_cycle -> _86580_/D : -25.936436
[setup in-reg] enable_cycle -> _86581_/D : -25.936436
[setup in-reg] enable_cycle -> _86582_/D : -25.936436
[setup in-reg] enable_cycle -> _86583_/D : -25.936436
[setup in-reg] enable_cycle -> _86584_/D : -25.936436
[setup in-reg] enable_cycle -> _86585_/D : -25.936436
[setup in-reg] enable_cycle -> _86586_/D : -25.936436
[setup in-reg] enable_cycle -> _86587_/D : -25.936436
[setup in-reg] enable_cycle -> _86588_/D : -25.936436
[setup in-reg] enable_cycle -> _86608_/D : -25.936436
[setup in-reg] enable_cycle -> _86611_/D : -25.936436
[setup in-reg] enable_cycle -> _86612_/D : -25.936436
[setup in-reg] enable_cycle -> _86613_/D : -25.936436
[setup in-reg] enable_cycle -> _86614_/D : -25.936436
[setup in-reg] enable_cycle -> _86615_/D : -25.936436
[setup in-reg] enable_cycle -> _86616_/D : -25.936436
[setup in-reg] enable_cycle -> _86617_/D : -25.936436
[setup in-reg] enable_cycle -> _86618_/D : -25.936436
[setup in-reg] enable_cycle -> _86619_/D : -25.936436
[setup in-reg] enable_cycle -> _86620_/D : -25.936436
[setup in-reg] enable_cycle -> _86621_/D : -25.936436
[setup in-reg] enable_cycle -> _86649_/D : -25.936436
[setup in-reg] enable_cycle -> _86650_/D : -25.936436
[setup in-reg] enable_cycle -> _86651_/D : -25.936436
[setup in-reg] enable_cycle -> _86652_/D : -25.936436
[setup in-reg] enable_cycle -> _86653_/D : -25.936436
[setup in-reg] enable_cycle -> _86654_/D : -25.936436
[setup in-reg] enable_cycle -> _86655_/D : -25.936436
[setup in-reg] enable_cycle -> _86656_/D : -25.936436
[setup in-reg] enable_cycle -> _86657_/D : -25.936436
[setup in-reg] enable_cycle -> _86658_/D : -25.936436
[setup in-reg] enable_cycle -> _86659_/D : -25.936436
[setup in-reg] enable_cycle -> _86660_/D : -25.936436
[setup in-reg] enable_cycle -> _86661_/D : -25.936436
[setup in-reg] enable_cycle -> _86662_/D : -25.936436
[setup in-reg] enable_cycle -> _86663_/D : -25.936436
[setup in-reg] enable_cycle -> _86664_/D : -25.936436
[setup in-reg] enable_cycle -> _86665_/D : -25.936436
[setup in-reg] enable_cycle -> _86666_/D : -25.936436
[setup in-reg] enable_cycle -> _86667_/D : -25.936436
[setup in-reg] enable_cycle -> _86668_/D : -25.936436
[setup in-reg] enable_cycle -> _86669_/D : -25.936436
[setup in-reg] enable_cycle -> _86670_/D : -25.936436
[setup in-reg] enable_cycle -> _86671_/D : -25.936436
[setup in-reg] enable_cycle -> _86672_/D : -25.936436
[setup in-reg] enable_cycle -> _86673_/D : -25.936436
[setup in-reg] enable_cycle -> _86693_/D : -25.936436
[setup in-reg] enable_cycle -> _86694_/D : -25.936436
[setup in-reg] enable_cycle -> _86696_/D : -25.936436
[setup in-reg] enable_cycle -> _86698_/D : -25.936436
[setup in-reg] enable_cycle -> _86699_/D : -25.936436
[setup in-reg] enable_cycle -> _86700_/D : -25.936436
[setup in-reg] enable_cycle -> _86702_/D : -25.936436
[setup in-reg] enable_cycle -> _86703_/D : -25.936436
[setup in-reg] enable_cycle -> _86704_/D : -25.936436
[setup in-reg] enable_cycle -> _86705_/D : -25.936436
[setup in-reg] enable_cycle -> _86706_/D : -25.936436
[setup in-reg] enable_cycle -> _86734_/D : -25.936436
[setup in-reg] enable_cycle -> _86735_/D : -25.936436
[setup in-reg] enable_cycle -> _86736_/D : -25.936436
[setup in-reg] enable_cycle -> _86737_/D : -25.936436
[setup in-reg] enable_cycle -> _86738_/D : -25.936436
[setup in-reg] enable_cycle -> _86739_/D : -25.936436
[setup in-reg] enable_cycle -> _86740_/D : -25.936436
[setup in-reg] enable_cycle -> _86741_/D : -25.936436
[setup in-reg] enable_cycle -> _86742_/D : -25.936436
[setup in-reg] enable_cycle -> _86743_/D : -25.936436
[setup in-reg] enable_cycle -> _86744_/D : -25.936436
[setup in-reg] enable_cycle -> _86745_/D : -25.936436
[setup in-reg] enable_cycle -> _86746_/D : -25.936436
[setup in-reg] enable_cycle -> _86747_/D : -25.936436
[setup in-reg] enable_cycle -> _86748_/D : -25.936436
[setup in-reg] enable_cycle -> _86749_/D : -25.936436
[setup in-reg] enable_cycle -> _86750_/D : -25.936436
[setup in-reg] enable_cycle -> _86751_/D : -25.936436
[setup in-reg] enable_cycle -> _86752_/D : -25.936436
[setup in-reg] enable_cycle -> _86753_/D : -25.936436
[setup in-reg] enable_cycle -> _86754_/D : -25.936436
[setup in-reg] enable_cycle -> _86755_/D : -25.936436
[setup in-reg] enable_cycle -> _86756_/D : -25.936436
[setup in-reg] enable_cycle -> _86757_/D : -25.936436
[setup in-reg] enable_cycle -> _86758_/D : -25.936436
[setup in-reg] enable_cycle -> _86762_/D : -25.936436
[setup in-reg] enable_cycle -> _86763_/D : -25.936436
[setup in-reg] enable_cycle -> _86764_/D : -25.936436
[setup in-reg] enable_cycle -> _86765_/D : -25.936436
[setup in-reg] enable_cycle -> _86766_/D : -25.936436
[setup in-reg] enable_cycle -> _86767_/D : -25.936436
[setup in-reg] enable_cycle -> _86768_/D : -25.936436
[setup in-reg] enable_cycle -> _86769_/D : -25.936436
[setup in-reg] enable_cycle -> _86770_/D : -25.936436
[setup in-reg] enable_cycle -> _86771_/D : -25.936436
[setup in-reg] enable_cycle -> _86773_/D : -25.936436
[setup in-reg] enable_cycle -> _86839_/D : -25.936436
[setup in-reg] enable_cycle -> _86840_/D : -25.936436
[setup in-reg] enable_cycle -> _86842_/D : -25.936436
[setup in-reg] enable_cycle -> _86844_/D : -25.936436
[setup in-reg] enable_cycle -> _86846_/D : -25.936436
[setup in-reg] enable_cycle -> _86847_/D : -25.936436
[setup in-reg] enable_cycle -> _86848_/D : -25.936436
[setup in-reg] enable_cycle -> _86849_/D : -25.936436
[setup in-reg] enable_cycle -> _86850_/D : -25.936436
[setup in-reg] enable_cycle -> _86851_/D : -25.936436
[setup in-reg] enable_cycle -> _86852_/D : -25.936436
[setup in-reg] enable_cycle -> _86854_/D : -25.936436
[setup in-reg] enable_cycle -> _86855_/D : -25.936436
[setup in-reg] enable_cycle -> _86856_/D : -25.936436
[setup in-reg] enable_cycle -> _86857_/D : -25.936436
[setup in-reg] enable_cycle -> _86858_/D : -25.936436
[setup in-reg] enable_cycle -> _86859_/D : -25.936436
[setup in-reg] enable_cycle -> _86860_/D : -25.936436
[setup in-reg] enable_cycle -> _86861_/D : -25.936436
[setup in-reg] enable_cycle -> _86862_/D : -25.936436
[setup in-reg] enable_cycle -> _86863_/D : -25.936436
[setup in-reg] enable_cycle -> _86864_/D : -25.936436
[setup in-reg] enable_cycle -> _86865_/D : -25.936436
[setup in-reg] enable_cycle -> _86866_/D : -25.936436
[setup in-reg] enable_cycle -> _86867_/D : -25.936436
[setup in-reg] enable_cycle -> _86868_/D : -25.936436
[setup in-reg] enable_cycle -> _86869_/D : -25.936436
[setup in-reg] enable_cycle -> _86870_/D : -25.936436
[setup in-reg] enable_cycle -> _86871_/D : -25.936436
[setup in-reg] enable_cycle -> _86872_/D : -25.936436
[setup in-reg] enable_cycle -> _86881_/D : -25.936436
[setup in-reg] enable_cycle -> _86882_/D : -25.936436
[setup in-reg] enable_cycle -> _86883_/D : -25.936436
[setup in-reg] enable_cycle -> _86884_/D : -25.936436
[setup in-reg] enable_cycle -> _86885_/D : -25.936436
[setup in-reg] enable_cycle -> _86886_/D : -25.936436
[setup in-reg] enable_cycle -> _86887_/D : -25.936436
[setup in-reg] enable_cycle -> _86888_/D : -25.936436
[setup in-reg] enable_cycle -> _86889_/D : -25.936436
[setup in-reg] enable_cycle -> _86890_/D : -25.936436
[setup in-reg] enable_cycle -> _86891_/D : -25.936436
[setup in-reg] enable_cycle -> _86892_/D : -25.936436
[setup in-reg] enable_cycle -> _86893_/D : -25.936436
[setup in-reg] enable_cycle -> _86894_/D : -25.936436
[setup in-reg] enable_cycle -> _86895_/D : -25.936436
[setup in-reg] enable_cycle -> _86896_/D : -25.936436
[setup in-reg] enable_cycle -> _86897_/D : -25.936436
[setup in-reg] enable_cycle -> _86898_/D : -25.936436
[setup in-reg] enable_cycle -> _86899_/D : -25.936436
[setup in-reg] enable_cycle -> _86900_/D : -25.936436
[setup in-reg] enable_cycle -> _86901_/D : -25.936436
[setup in-reg] enable_cycle -> _86902_/D : -25.936436
[setup in-reg] enable_cycle -> _86903_/D : -25.936436
[setup in-reg] enable_cycle -> _86904_/D : -25.936436
[setup in-reg] enable_cycle -> _86905_/D : -25.936436
[setup in-reg] enable_cycle -> _86906_/D : -25.936436
[setup in-reg] enable_cycle -> _86927_/D : -25.936436
[setup in-reg] enable_cycle -> _86929_/D : -25.936436
[setup in-reg] enable_cycle -> _86930_/D : -25.936436
[setup in-reg] enable_cycle -> _86931_/D : -25.936436
[setup in-reg] enable_cycle -> _86932_/D : -25.936436
[setup in-reg] enable_cycle -> _86933_/D : -25.936436
[setup in-reg] enable_cycle -> _86934_/D : -25.936436
[setup in-reg] enable_cycle -> _86935_/D : -25.936436
[setup in-reg] enable_cycle -> _86936_/D : -25.936436
[setup in-reg] enable_cycle -> _86937_/D : -25.936436
[setup in-reg] enable_cycle -> _86938_/D : -25.936436
[setup in-reg] enable_cycle -> _86939_/D : -25.936436
[setup in-reg] enable_cycle -> _86969_/D : -25.936436
[setup in-reg] enable_cycle -> _86970_/D : -25.936436
[setup in-reg] enable_cycle -> _86971_/D : -25.936436
[setup in-reg] enable_cycle -> _86972_/D : -25.936436
[setup in-reg] enable_cycle -> _86973_/D : -25.936436
[setup in-reg] enable_cycle -> _86974_/D : -25.936436
[setup in-reg] enable_cycle -> _86975_/D : -25.936436
[setup in-reg] enable_cycle -> _86976_/D : -25.936436
[setup in-reg] enable_cycle -> _86977_/D : -25.936436
[setup in-reg] enable_cycle -> _86978_/D : -25.936436
[setup in-reg] enable_cycle -> _86979_/D : -25.936436
[setup in-reg] enable_cycle -> _86980_/D : -25.936436
[setup in-reg] enable_cycle -> _86981_/D : -25.936436
[setup in-reg] enable_cycle -> _86982_/D : -25.936436
[setup in-reg] enable_cycle -> _86983_/D : -25.936436
[setup in-reg] enable_cycle -> _86984_/D : -25.936436
[setup in-reg] enable_cycle -> _86985_/D : -25.936436
[setup in-reg] enable_cycle -> _86986_/D : -25.936436
[setup in-reg] enable_cycle -> _86987_/D : -25.936436
[setup in-reg] enable_cycle -> _86988_/D : -25.936436
[setup in-reg] enable_cycle -> _86989_/D : -25.936436
[setup in-reg] enable_cycle -> _86990_/D : -25.936436
[setup in-reg] enable_cycle -> _86991_/D : -25.936436
[setup in-reg] enable_cycle -> _86992_/D : -25.936436
[setup in-reg] enable_cycle -> _86993_/D : -25.936436
[setup in-reg] enable_cycle -> _86994_/D : -25.936436
[setup in-reg] enable_cycle -> _87015_/D : -25.936436
[setup in-reg] enable_cycle -> _87018_/D : -25.936436
[setup in-reg] enable_cycle -> _87019_/D : -25.936436
[setup in-reg] enable_cycle -> _87020_/D : -25.936436
[setup in-reg] enable_cycle -> _87022_/D : -25.936436
[setup in-reg] enable_cycle -> _87023_/D : -25.936436
[setup in-reg] enable_cycle -> _87024_/D : -25.936436
[setup in-reg] enable_cycle -> _87025_/D : -25.936436
[setup in-reg] enable_cycle -> _87026_/D : -25.936436
[setup in-reg] enable_cycle -> _87027_/D : -25.936436
[setup in-reg] enable_cycle -> _87028_/D : -25.936436
[setup in-reg] enable_cycle -> _87057_/D : -25.936436
[setup in-reg] enable_cycle -> _87058_/D : -25.936436
[setup in-reg] enable_cycle -> _87059_/D : -25.936436
[setup in-reg] enable_cycle -> _87060_/D : -25.936436
[setup in-reg] enable_cycle -> _87061_/D : -25.936436
[setup in-reg] enable_cycle -> _87062_/D : -25.936436
[setup in-reg] enable_cycle -> _87063_/D : -25.936436
[setup in-reg] enable_cycle -> _87064_/D : -25.936436
[setup in-reg] enable_cycle -> _87065_/D : -25.936436
[setup in-reg] enable_cycle -> _87066_/D : -25.936436
[setup in-reg] enable_cycle -> _87067_/D : -25.936436
[setup in-reg] enable_cycle -> _87068_/D : -25.936436
[setup in-reg] enable_cycle -> _87069_/D : -25.936436
[setup in-reg] enable_cycle -> _87070_/D : -25.936436
[setup in-reg] enable_cycle -> _87071_/D : -25.936436
[setup in-reg] enable_cycle -> _87072_/D : -25.936436
[setup in-reg] enable_cycle -> _87073_/D : -25.936436
[setup in-reg] enable_cycle -> _87074_/D : -25.936436
[setup in-reg] enable_cycle -> _87075_/D : -25.936436
[setup in-reg] enable_cycle -> _87076_/D : -25.936436
[setup in-reg] enable_cycle -> _87077_/D : -25.936436
[setup in-reg] enable_cycle -> _87078_/D : -25.936436
[setup in-reg] enable_cycle -> _87079_/D : -25.936436
[setup in-reg] enable_cycle -> _87080_/D : -25.936436
[setup in-reg] enable_cycle -> _87081_/D : -25.936436
[setup in-reg] enable_cycle -> _87082_/D : -25.936436
[setup in-reg] enable_cycle -> _87103_/D : -25.936436
[setup in-reg] enable_cycle -> _87106_/D : -25.936436
[setup in-reg] enable_cycle -> _87108_/D : -25.936436
[setup in-reg] enable_cycle -> _87109_/D : -25.936436
[setup in-reg] enable_cycle -> _87110_/D : -25.936436
[setup in-reg] enable_cycle -> _87112_/D : -25.936436
[setup in-reg] enable_cycle -> _87113_/D : -25.936436
[setup in-reg] enable_cycle -> _87114_/D : -25.936436
[setup in-reg] enable_cycle -> _87115_/D : -25.936436
[setup in-reg] enable_cycle -> _87116_/D : -25.936436
[setup in-reg] enable_cycle -> _87145_/D : -25.936436
[setup in-reg] enable_cycle -> _87146_/D : -25.936436
[setup in-reg] enable_cycle -> _87147_/D : -25.936436
[setup in-reg] enable_cycle -> _87148_/D : -25.936436
[setup in-reg] enable_cycle -> _87149_/D : -25.936436
[setup in-reg] enable_cycle -> _87150_/D : -25.936436
[setup in-reg] enable_cycle -> _87151_/D : -25.936436
[setup in-reg] enable_cycle -> _87152_/D : -25.936436
[setup in-reg] enable_cycle -> _87153_/D : -25.936436
[setup in-reg] enable_cycle -> _87154_/D : -25.936436
[setup in-reg] enable_cycle -> _87155_/D : -25.936436
[setup in-reg] enable_cycle -> _87156_/D : -25.936436
[setup in-reg] enable_cycle -> _87157_/D : -25.936436
[setup in-reg] enable_cycle -> _87158_/D : -25.936436
[setup in-reg] enable_cycle -> _87159_/D : -25.936436
[setup in-reg] enable_cycle -> _87160_/D : -25.936436
[setup in-reg] enable_cycle -> _87161_/D : -25.936436
[setup in-reg] enable_cycle -> _87162_/D : -25.936436
[setup in-reg] enable_cycle -> _87163_/D : -25.936436
[setup in-reg] enable_cycle -> _87164_/D : -25.936436
[setup in-reg] enable_cycle -> _87165_/D : -25.936436
[setup in-reg] enable_cycle -> _87166_/D : -25.936436
[setup in-reg] enable_cycle -> _87167_/D : -25.936436
[setup in-reg] enable_cycle -> _87168_/D : -25.936436
[setup in-reg] enable_cycle -> _87169_/D : -25.936436
[setup in-reg] enable_cycle -> _87170_/D : -25.936436
[setup in-reg] enable_cycle -> _87191_/D : -25.936436
[setup in-reg] enable_cycle -> _87193_/D : -25.936436
[setup in-reg] enable_cycle -> _87194_/D : -25.936436
[setup in-reg] enable_cycle -> _87196_/D : -25.936436
[setup in-reg] enable_cycle -> _87197_/D : -25.936436
[setup in-reg] enable_cycle -> _87198_/D : -25.936436
[setup in-reg] enable_cycle -> _87199_/D : -25.936436
[setup in-reg] enable_cycle -> _87200_/D : -25.936436
[setup in-reg] enable_cycle -> _87201_/D : -25.936436
[setup in-reg] enable_cycle -> _87202_/D : -25.936436
[setup in-reg] enable_cycle -> _87203_/D : -25.936436
[setup in-reg] enable_cycle -> _87233_/D : -25.936436
[setup in-reg] enable_cycle -> _87234_/D : -25.936436
[setup in-reg] enable_cycle -> _87235_/D : -25.936436
[setup in-reg] enable_cycle -> _87236_/D : -25.936436
[setup in-reg] enable_cycle -> _87237_/D : -25.936436
[setup in-reg] enable_cycle -> _87238_/D : -25.936436
[setup in-reg] enable_cycle -> _87239_/D : -25.936436
[setup in-reg] enable_cycle -> _87240_/D : -25.936436
[setup in-reg] enable_cycle -> _87241_/D : -25.936436
[setup in-reg] enable_cycle -> _87242_/D : -25.936436
[setup in-reg] enable_cycle -> _87243_/D : -25.936436
[setup in-reg] enable_cycle -> _87244_/D : -25.936436
[setup in-reg] enable_cycle -> _87245_/D : -25.936436
[setup in-reg] enable_cycle -> _87246_/D : -25.936436
[setup in-reg] enable_cycle -> _87247_/D : -25.936436
[setup in-reg] enable_cycle -> _87248_/D : -25.936436
[setup in-reg] enable_cycle -> _87249_/D : -25.936436
[setup in-reg] enable_cycle -> _87250_/D : -25.936436
[setup in-reg] enable_cycle -> _87251_/D : -25.936436
[setup in-reg] enable_cycle -> _87252_/D : -25.936436
[setup in-reg] enable_cycle -> _87253_/D : -25.936436
[setup in-reg] enable_cycle -> _87254_/D : -25.936436
[setup in-reg] enable_cycle -> _87255_/D : -25.936436
[setup in-reg] enable_cycle -> _87256_/D : -25.936436
[setup in-reg] enable_cycle -> _87257_/D : -25.936436
[setup in-reg] enable_cycle -> _87258_/D : -25.936436
[setup in-reg] enable_cycle -> _87279_/D : -25.936436
[setup in-reg] enable_cycle -> _87282_/D : -25.936436
[setup in-reg] enable_cycle -> _87283_/D : -25.936436
[setup in-reg] enable_cycle -> _87284_/D : -25.936436
[setup in-reg] enable_cycle -> _87285_/D : -25.936436
[setup in-reg] enable_cycle -> _87286_/D : -25.936436
[setup in-reg] enable_cycle -> _87287_/D : -25.936436
[setup in-reg] enable_cycle -> _87288_/D : -25.936436
[setup in-reg] enable_cycle -> _87289_/D : -25.936436
[setup in-reg] enable_cycle -> _87290_/D : -25.936436
[setup in-reg] enable_cycle -> _87291_/D : -25.936436
[setup in-reg] enable_cycle -> _87292_/D : -25.936436
[setup in-reg] enable_cycle -> _87321_/D : -25.936436
[setup in-reg] enable_cycle -> _87322_/D : -25.936436
[setup in-reg] enable_cycle -> _87323_/D : -25.936436
[setup in-reg] enable_cycle -> _87324_/D : -25.936436
[setup in-reg] enable_cycle -> _87325_/D : -25.936436
[setup in-reg] enable_cycle -> _87326_/D : -25.936436
[setup in-reg] enable_cycle -> _87327_/D : -25.936436
[setup in-reg] enable_cycle -> _87328_/D : -25.936436
[setup in-reg] enable_cycle -> _87329_/D : -25.936436
[setup in-reg] enable_cycle -> _87330_/D : -25.936436
[setup in-reg] enable_cycle -> _87331_/D : -25.936436
[setup in-reg] enable_cycle -> _87332_/D : -25.936436
[setup in-reg] enable_cycle -> _87333_/D : -25.936436
[setup in-reg] enable_cycle -> _87334_/D : -25.936436
[setup in-reg] enable_cycle -> _87335_/D : -25.936436
[setup in-reg] enable_cycle -> _87336_/D : -25.936436
[setup in-reg] enable_cycle -> _87337_/D : -25.936436
[setup in-reg] enable_cycle -> _87338_/D : -25.936436
[setup in-reg] enable_cycle -> _87339_/D : -25.936436
[setup in-reg] enable_cycle -> _87340_/D : -25.936436
[setup in-reg] enable_cycle -> _87341_/D : -25.936436
[setup in-reg] enable_cycle -> _87342_/D : -25.936436
[setup in-reg] enable_cycle -> _87343_/D : -25.936436
[setup in-reg] enable_cycle -> _87344_/D : -25.936436
[setup in-reg] enable_cycle -> _87345_/D : -25.936436
[setup in-reg] enable_cycle -> _87346_/D : -25.936436
[setup in-reg] enable_cycle -> _87367_/D : -25.936436
[setup in-reg] enable_cycle -> _87368_/D : -25.936436
[setup in-reg] enable_cycle -> _87370_/D : -25.936436
[setup in-reg] enable_cycle -> _87371_/D : -25.936436
[setup in-reg] enable_cycle -> _87372_/D : -25.936436
[setup in-reg] enable_cycle -> _87374_/D : -25.936436
[setup in-reg] enable_cycle -> _87376_/D : -25.936436
[setup in-reg] enable_cycle -> _87377_/D : -25.936436
[setup in-reg] enable_cycle -> _87378_/D : -25.936436
[setup in-reg] enable_cycle -> _87379_/D : -25.936436
[setup in-reg] enable_cycle -> _87380_/D : -25.936436
[setup in-reg] enable_cycle -> _87381_/D : -25.936436
[setup in-reg] enable_cycle -> _87409_/D : -25.936436
[setup in-reg] enable_cycle -> _87410_/D : -25.936436
[setup in-reg] enable_cycle -> _87411_/D : -25.936436
[setup in-reg] enable_cycle -> _87412_/D : -25.936436
[setup in-reg] enable_cycle -> _87413_/D : -25.936436
[setup in-reg] enable_cycle -> _87414_/D : -25.936436
[setup in-reg] enable_cycle -> _87415_/D : -25.936436
[setup in-reg] enable_cycle -> _87416_/D : -25.936436
[setup in-reg] enable_cycle -> _87417_/D : -25.936436
[setup in-reg] enable_cycle -> _87418_/D : -25.936436
[setup in-reg] enable_cycle -> _87419_/D : -25.936436
[setup in-reg] enable_cycle -> _87420_/D : -25.936436
[setup in-reg] enable_cycle -> _87421_/D : -25.936436
[setup in-reg] enable_cycle -> _87422_/D : -25.936436
[setup in-reg] enable_cycle -> _87423_/D : -25.936436
[setup in-reg] enable_cycle -> _87424_/D : -25.936436
[setup in-reg] enable_cycle -> _87425_/D : -25.936436
[setup in-reg] enable_cycle -> _87426_/D : -25.936436
[setup in-reg] enable_cycle -> _87427_/D : -25.936436
[setup in-reg] enable_cycle -> _87428_/D : -25.936436
[setup in-reg] enable_cycle -> _87429_/D : -25.936436
[setup in-reg] enable_cycle -> _87430_/D : -25.936436
[setup in-reg] enable_cycle -> _87431_/D : -25.936436
[setup in-reg] enable_cycle -> _87432_/D : -25.936436
[setup in-reg] enable_cycle -> _87433_/D : -25.936436
[setup in-reg] enable_cycle -> _87434_/D : -25.936436
[setup in-reg] enable_cycle -> _87436_/D : -25.936436
[setup in-reg] enable_cycle -> _87437_/D : -25.936436
[setup in-reg] enable_cycle -> _87439_/D : -25.936436
[setup in-reg] enable_cycle -> _87440_/D : -25.936436
[setup in-reg] enable_cycle -> _87441_/D : -25.936436
[setup in-reg] enable_cycle -> _87442_/D : -25.936436
[setup in-reg] enable_cycle -> _87443_/D : -25.936436
[setup in-reg] enable_cycle -> _87444_/D : -25.936436
[setup in-reg] enable_cycle -> _87445_/D : -25.936436
[setup in-reg] enable_cycle -> _87446_/D : -25.936436
[setup in-reg] enable_cycle -> _87447_/D : -25.936436
[setup in-reg] enable_cycle -> _87448_/D : -25.936436
[setup in-reg] enable_cycle -> _87518_/D : -25.936436
[setup in-reg] enable_cycle -> _87519_/D : -25.936436
[setup in-reg] enable_cycle -> _87520_/D : -25.936436
[setup in-reg] enable_cycle -> _87521_/D : -25.936436
[setup in-reg] enable_cycle -> _87522_/D : -25.936436
[setup in-reg] enable_cycle -> _87523_/D : -25.936436
[setup in-reg] enable_cycle -> _87524_/D : -25.936436
[setup in-reg] enable_cycle -> _87525_/D : -25.936436
[setup in-reg] enable_cycle -> _87526_/D : -25.936436
[setup in-reg] enable_cycle -> _87528_/D : -25.936436
[setup in-reg] enable_cycle -> _87529_/D : -25.936436
[setup in-reg] enable_cycle -> _87530_/D : -25.936436
[setup in-reg] enable_cycle -> _87531_/D : -25.936436
[setup in-reg] enable_cycle -> _87532_/D : -25.936436
[setup in-reg] enable_cycle -> _87533_/D : -25.936436
[setup in-reg] enable_cycle -> _87534_/D : -25.936436
[setup in-reg] enable_cycle -> _87535_/D : -25.936436
[setup in-reg] enable_cycle -> _87536_/D : -25.936436
[setup in-reg] enable_cycle -> _87537_/D : -25.936436
[setup in-reg] enable_cycle -> _87538_/D : -25.936436
[setup in-reg] enable_cycle -> _87539_/D : -25.936436
[setup in-reg] enable_cycle -> _87540_/D : -25.936436
[setup in-reg] enable_cycle -> _87541_/D : -25.936436
[setup in-reg] enable_cycle -> _87542_/D : -25.936436
[setup in-reg] enable_cycle -> _87543_/D : -25.936436
[setup in-reg] enable_cycle -> _87544_/D : -25.936436
[setup in-reg] enable_cycle -> _87545_/D : -25.936436
[setup in-reg] enable_cycle -> _87546_/D : -25.936436
[setup in-reg] enable_cycle -> _87547_/D : -25.936436
[setup in-reg] enable_cycle -> _87548_/D : -25.936436
[setup in-reg] enable_cycle -> _87549_/D : -25.936436
[setup in-reg] enable_cycle -> _87550_/D : -25.936436
[setup in-reg] enable_cycle -> _87551_/D : -25.936436
[setup in-reg] enable_cycle -> _87552_/D : -25.936436
[setup in-reg] enable_cycle -> _87561_/D : -25.936436
[setup in-reg] enable_cycle -> _87562_/D : -25.936436
[setup in-reg] enable_cycle -> _87563_/D : -25.936436
[setup in-reg] enable_cycle -> _87564_/D : -25.936436
[setup in-reg] enable_cycle -> _87565_/D : -25.936436
[setup in-reg] enable_cycle -> _87566_/D : -25.936436
[setup in-reg] enable_cycle -> _87567_/D : -25.936436
[setup in-reg] enable_cycle -> _87568_/D : -25.936436
[setup in-reg] enable_cycle -> _87569_/D : -25.936436
[setup in-reg] enable_cycle -> _87570_/D : -25.936436
[setup in-reg] enable_cycle -> _87571_/D : -25.936436
[setup in-reg] enable_cycle -> _87572_/D : -25.936436
[setup in-reg] enable_cycle -> _87573_/D : -25.936436
[setup in-reg] enable_cycle -> _87574_/D : -25.936436
[setup in-reg] enable_cycle -> _87575_/D : -25.936436
[setup in-reg] enable_cycle -> _87576_/D : -25.936436
[setup in-reg] enable_cycle -> _87577_/D : -25.936436
[setup in-reg] enable_cycle -> _87578_/D : -25.936436
[setup in-reg] enable_cycle -> _87579_/D : -25.936436
[setup in-reg] enable_cycle -> _87580_/D : -25.936436
[setup in-reg] enable_cycle -> _87581_/D : -25.936436
[setup in-reg] enable_cycle -> _87582_/D : -25.936436
[setup in-reg] enable_cycle -> _87583_/D : -25.936436
[setup in-reg] enable_cycle -> _87584_/D : -25.936436
[setup in-reg] enable_cycle -> _87585_/D : -25.936436
[setup in-reg] enable_cycle -> _87586_/D : -25.936436
[setup in-reg] enable_cycle -> _87587_/D : -25.936436
[setup in-reg] enable_cycle -> _87609_/D : -25.936436
[setup in-reg] enable_cycle -> _87611_/D : -25.936436
[setup in-reg] enable_cycle -> _87612_/D : -25.936436
[setup in-reg] enable_cycle -> _87613_/D : -25.936436
[setup in-reg] enable_cycle -> _87614_/D : -25.936436
[setup in-reg] enable_cycle -> _87615_/D : -25.936436
[setup in-reg] enable_cycle -> _87616_/D : -25.936436
[setup in-reg] enable_cycle -> _87617_/D : -25.936436
[setup in-reg] enable_cycle -> _87618_/D : -25.936436
[setup in-reg] enable_cycle -> _87619_/D : -25.936436
[setup in-reg] enable_cycle -> _87620_/D : -25.936436
[setup in-reg] enable_cycle -> _87621_/D : -25.936436
[setup in-reg] enable_cycle -> _87622_/D : -25.936436
[setup in-reg] enable_cycle -> _87652_/D : -25.936436
[setup in-reg] enable_cycle -> _87653_/D : -25.936436
[setup in-reg] enable_cycle -> _87654_/D : -25.936436
[setup in-reg] enable_cycle -> _87655_/D : -25.936436
[setup in-reg] enable_cycle -> _87656_/D : -25.936436
[setup in-reg] enable_cycle -> _87657_/D : -25.936436
[setup in-reg] enable_cycle -> _87658_/D : -25.936436
[setup in-reg] enable_cycle -> _87659_/D : -25.936436
[setup in-reg] enable_cycle -> _87660_/D : -25.936436
[setup in-reg] enable_cycle -> _87661_/D : -25.936436
[setup in-reg] enable_cycle -> _87662_/D : -25.936436
[setup in-reg] enable_cycle -> _87663_/D : -25.936436
[setup in-reg] enable_cycle -> _87664_/D : -25.936436
[setup in-reg] enable_cycle -> _87665_/D : -25.936436
[setup in-reg] enable_cycle -> _87666_/D : -25.936436
[setup in-reg] enable_cycle -> _87667_/D : -25.936436
[setup in-reg] enable_cycle -> _87668_/D : -25.936436
[setup in-reg] enable_cycle -> _87669_/D : -25.936436
[setup in-reg] enable_cycle -> _87670_/D : -25.936436
[setup in-reg] enable_cycle -> _87671_/D : -25.936436
[setup in-reg] enable_cycle -> _87672_/D : -25.936436
[setup in-reg] enable_cycle -> _87673_/D : -25.936436
[setup in-reg] enable_cycle -> _87674_/D : -25.936436
[setup in-reg] enable_cycle -> _87675_/D : -25.936436
[setup in-reg] enable_cycle -> _87676_/D : -25.936436
[setup in-reg] enable_cycle -> _87677_/D : -25.936436
[setup in-reg] enable_cycle -> _87678_/D : -25.936436
[setup in-reg] enable_cycle -> _87700_/D : -25.936436
[setup in-reg] enable_cycle -> _87701_/D : -25.936436
[setup in-reg] enable_cycle -> _87702_/D : -25.936436
[setup in-reg] enable_cycle -> _87703_/D : -25.936436
[setup in-reg] enable_cycle -> _87704_/D : -25.936436
[setup in-reg] enable_cycle -> _87705_/D : -25.936436
[setup in-reg] enable_cycle -> _87706_/D : -25.936436
[setup in-reg] enable_cycle -> _87708_/D : -25.936436
[setup in-reg] enable_cycle -> _87709_/D : -25.936436
[setup in-reg] enable_cycle -> _87710_/D : -25.936436
[setup in-reg] enable_cycle -> _87711_/D : -25.936436
[setup in-reg] enable_cycle -> _87712_/D : -25.936436
[setup in-reg] enable_cycle -> _87743_/D : -25.936436
[setup in-reg] enable_cycle -> _87744_/D : -25.936436
[setup in-reg] enable_cycle -> _87745_/D : -25.936436
[setup in-reg] enable_cycle -> _87746_/D : -25.936436
[setup in-reg] enable_cycle -> _87747_/D : -25.936436
[setup in-reg] enable_cycle -> _87748_/D : -25.936436
[setup in-reg] enable_cycle -> _87749_/D : -25.936436
[setup in-reg] enable_cycle -> _87750_/D : -25.936436
[setup in-reg] enable_cycle -> _87751_/D : -25.936436
[setup in-reg] enable_cycle -> _87752_/D : -25.936436
[setup in-reg] enable_cycle -> _87753_/D : -25.936436
[setup in-reg] enable_cycle -> _87754_/D : -25.936436
[setup in-reg] enable_cycle -> _87755_/D : -25.936436
[setup in-reg] enable_cycle -> _87756_/D : -25.936436
[setup in-reg] enable_cycle -> _87757_/D : -25.936436
[setup in-reg] enable_cycle -> _87758_/D : -25.936436
[setup in-reg] enable_cycle -> _87759_/D : -25.936436
[setup in-reg] enable_cycle -> _87760_/D : -25.936436
[setup in-reg] enable_cycle -> _87761_/D : -25.936436
[setup in-reg] enable_cycle -> _87762_/D : -25.936436
[setup in-reg] enable_cycle -> _87763_/D : -25.936436
[setup in-reg] enable_cycle -> _87764_/D : -25.936436
[setup in-reg] enable_cycle -> _87765_/D : -25.936436
[setup in-reg] enable_cycle -> _87766_/D : -25.936436
[setup in-reg] enable_cycle -> _87767_/D : -25.936436
[setup in-reg] enable_cycle -> _87768_/D : -25.936436
[setup in-reg] enable_cycle -> _87769_/D : -25.936436
[setup in-reg] enable_cycle -> _87791_/D : -25.936436
[setup in-reg] enable_cycle -> _87792_/D : -25.936436
[setup in-reg] enable_cycle -> _87793_/D : -25.936436
[setup in-reg] enable_cycle -> _87794_/D : -25.936436
[setup in-reg] enable_cycle -> _87795_/D : -25.936436
[setup in-reg] enable_cycle -> _87796_/D : -25.936436
[setup in-reg] enable_cycle -> _87797_/D : -25.936436
[setup in-reg] enable_cycle -> _87798_/D : -25.936436
[setup in-reg] enable_cycle -> _87799_/D : -25.936436
[setup in-reg] enable_cycle -> _87800_/D : -25.936436
[setup in-reg] enable_cycle -> _87801_/D : -25.936436
[setup in-reg] enable_cycle -> _87802_/D : -25.936436
[setup in-reg] enable_cycle -> _87804_/D : -25.936436
[setup in-reg] enable_cycle -> _87805_/D : -25.936436
[setup in-reg] enable_cycle -> _87834_/D : -25.936436
[setup in-reg] enable_cycle -> _87835_/D : -25.936436
[setup in-reg] enable_cycle -> _87836_/D : -25.936436
[setup in-reg] enable_cycle -> _87837_/D : -25.936436
[setup in-reg] enable_cycle -> _87838_/D : -25.936436
[setup in-reg] enable_cycle -> _87839_/D : -25.936436
[setup in-reg] enable_cycle -> _87840_/D : -25.936436
[setup in-reg] enable_cycle -> _87841_/D : -25.936436
[setup in-reg] enable_cycle -> _87842_/D : -25.936436
[setup in-reg] enable_cycle -> _87843_/D : -25.936436
[setup in-reg] enable_cycle -> _87844_/D : -25.936436
[setup in-reg] enable_cycle -> _87845_/D : -25.936436
[setup in-reg] enable_cycle -> _87846_/D : -25.936436
[setup in-reg] enable_cycle -> _87847_/D : -25.936436
[setup in-reg] enable_cycle -> _87848_/D : -25.936436
[setup in-reg] enable_cycle -> _87849_/D : -25.936436
[setup in-reg] enable_cycle -> _87850_/D : -25.936436
[setup in-reg] enable_cycle -> _87851_/D : -25.936436
[setup in-reg] enable_cycle -> _87852_/D : -25.936436
[setup in-reg] enable_cycle -> _87853_/D : -25.936436
[setup in-reg] enable_cycle -> _87854_/D : -25.936436
[setup in-reg] enable_cycle -> _87855_/D : -25.936436
[setup in-reg] enable_cycle -> _87856_/D : -25.936436
[setup in-reg] enable_cycle -> _87857_/D : -25.936436
[setup in-reg] enable_cycle -> _87858_/D : -25.936436
[setup in-reg] enable_cycle -> _87859_/D : -25.936436
[setup in-reg] enable_cycle -> _87860_/D : -25.936436
[setup in-reg] enable_cycle -> _87882_/D : -25.936436
[setup in-reg] enable_cycle -> _87883_/D : -25.936436
[setup in-reg] enable_cycle -> _87884_/D : -25.936436
[setup in-reg] enable_cycle -> _87885_/D : -25.936436
[setup in-reg] enable_cycle -> _87886_/D : -25.936436
[setup in-reg] enable_cycle -> _87887_/D : -25.936436
[setup in-reg] enable_cycle -> _87888_/D : -25.936436
[setup in-reg] enable_cycle -> _87889_/D : -25.936436
[setup in-reg] enable_cycle -> _87890_/D : -25.936436
[setup in-reg] enable_cycle -> _87891_/D : -25.936436
[setup in-reg] enable_cycle -> _87892_/D : -25.936436
[setup in-reg] enable_cycle -> _87893_/D : -25.936436
[setup in-reg] enable_cycle -> _87925_/D : -25.936436
[setup in-reg] enable_cycle -> _87926_/D : -25.936436
[setup in-reg] enable_cycle -> _87927_/D : -25.936436
[setup in-reg] enable_cycle -> _87928_/D : -25.936436
[setup in-reg] enable_cycle -> _87929_/D : -25.936436
[setup in-reg] enable_cycle -> _87930_/D : -25.936436
[setup in-reg] enable_cycle -> _87931_/D : -25.936436
[setup in-reg] enable_cycle -> _87932_/D : -25.936436
[setup in-reg] enable_cycle -> _87933_/D : -25.936436
[setup in-reg] enable_cycle -> _87934_/D : -25.936436
[setup in-reg] enable_cycle -> _87935_/D : -25.936436
[setup in-reg] enable_cycle -> _87936_/D : -25.936436
[setup in-reg] enable_cycle -> _87937_/D : -25.936436
[setup in-reg] enable_cycle -> _87938_/D : -25.936436
[setup in-reg] enable_cycle -> _87939_/D : -25.936436
[setup in-reg] enable_cycle -> _87940_/D : -25.936436
[setup in-reg] enable_cycle -> _87941_/D : -25.936436
[setup in-reg] enable_cycle -> _87942_/D : -25.936436
[setup in-reg] enable_cycle -> _87943_/D : -25.936436
[setup in-reg] enable_cycle -> _87944_/D : -25.936436
[setup in-reg] enable_cycle -> _87945_/D : -25.936436
[setup in-reg] enable_cycle -> _87946_/D : -25.936436
[setup in-reg] enable_cycle -> _87947_/D : -25.936436
[setup in-reg] enable_cycle -> _87948_/D : -25.936436
[setup in-reg] enable_cycle -> _87949_/D : -25.936436
[setup in-reg] enable_cycle -> _87950_/D : -25.936436
[setup in-reg] enable_cycle -> _87951_/D : -25.936436
[setup in-reg] enable_cycle -> _87973_/D : -25.936436
[setup in-reg] enable_cycle -> _87974_/D : -25.936436
[setup in-reg] enable_cycle -> _87975_/D : -25.936436
[setup in-reg] enable_cycle -> _87976_/D : -25.936436
[setup in-reg] enable_cycle -> _87977_/D : -25.936436
[setup in-reg] enable_cycle -> _87978_/D : -25.936436
[setup in-reg] enable_cycle -> _87980_/D : -25.936436
[setup in-reg] enable_cycle -> _87981_/D : -25.936436
[setup in-reg] enable_cycle -> _87983_/D : -25.936436
[setup in-reg] enable_cycle -> _87984_/D : -25.936436
[setup in-reg] enable_cycle -> _87985_/D : -25.936436
[setup in-reg] enable_cycle -> _88016_/D : -25.936436
[setup in-reg] enable_cycle -> _88017_/D : -25.936436
[setup in-reg] enable_cycle -> _88018_/D : -25.936436
[setup in-reg] enable_cycle -> _88019_/D : -25.936436
[setup in-reg] enable_cycle -> _88020_/D : -25.936436
[setup in-reg] enable_cycle -> _88021_/D : -25.936436
[setup in-reg] enable_cycle -> _88022_/D : -25.936436
[setup in-reg] enable_cycle -> _88023_/D : -25.936436
[setup in-reg] enable_cycle -> _88024_/D : -25.936436
[setup in-reg] enable_cycle -> _88025_/D : -25.936436
[setup in-reg] enable_cycle -> _88026_/D : -25.936436
[setup in-reg] enable_cycle -> _88027_/D : -25.936436
[setup in-reg] enable_cycle -> _88028_/D : -25.936436
[setup in-reg] enable_cycle -> _88029_/D : -25.936436
[setup in-reg] enable_cycle -> _88030_/D : -25.936436
[setup in-reg] enable_cycle -> _88031_/D : -25.936436
[setup in-reg] enable_cycle -> _88032_/D : -25.936436
[setup in-reg] enable_cycle -> _88033_/D : -25.936436
[setup in-reg] enable_cycle -> _88034_/D : -25.936436
[setup in-reg] enable_cycle -> _88035_/D : -25.936436
[setup in-reg] enable_cycle -> _88036_/D : -25.936436
[setup in-reg] enable_cycle -> _88037_/D : -25.936436
[setup in-reg] enable_cycle -> _88038_/D : -25.936436
[setup in-reg] enable_cycle -> _88039_/D : -25.936436
[setup in-reg] enable_cycle -> _88040_/D : -25.936436
[setup in-reg] enable_cycle -> _88041_/D : -25.936436
[setup in-reg] enable_cycle -> _88042_/D : -25.936436
[setup in-reg] enable_cycle -> _88063_/D : -25.936436
[setup in-reg] enable_cycle -> _88064_/D : -25.936436
[setup in-reg] enable_cycle -> _88066_/D : -25.936436
[setup in-reg] enable_cycle -> _88068_/D : -25.936436
[setup in-reg] enable_cycle -> _88069_/D : -25.936436
[setup in-reg] enable_cycle -> _88070_/D : -25.936436
[setup in-reg] enable_cycle -> _88071_/D : -25.936436
[setup in-reg] enable_cycle -> _88072_/D : -25.936436
[setup in-reg] enable_cycle -> _88073_/D : -25.936436
[setup in-reg] enable_cycle -> _88075_/D : -25.936436
[setup in-reg] enable_cycle -> _88076_/D : -25.936436
[setup in-reg] enable_cycle -> _88107_/D : -25.936436
[setup in-reg] enable_cycle -> _88108_/D : -25.936436
[setup in-reg] enable_cycle -> _88109_/D : -25.936436
[setup in-reg] enable_cycle -> _88110_/D : -25.936436
[setup in-reg] enable_cycle -> _88111_/D : -25.936436
[setup in-reg] enable_cycle -> _88112_/D : -25.936436
[setup in-reg] enable_cycle -> _88113_/D : -25.936436
[setup in-reg] enable_cycle -> _88114_/D : -25.936436
[setup in-reg] enable_cycle -> _88115_/D : -25.936436
[setup in-reg] enable_cycle -> _88116_/D : -25.936436
[setup in-reg] enable_cycle -> _88117_/D : -25.936436
[setup in-reg] enable_cycle -> _88118_/D : -25.936436
[setup in-reg] enable_cycle -> _88119_/D : -25.936436
[setup in-reg] enable_cycle -> _88120_/D : -25.936436
[setup in-reg] enable_cycle -> _88121_/D : -25.936436
[setup in-reg] enable_cycle -> _88122_/D : -25.936436
[setup in-reg] enable_cycle -> _88123_/D : -25.936436
[setup in-reg] enable_cycle -> _88124_/D : -25.936436
[setup in-reg] enable_cycle -> _88125_/D : -25.936436
[setup in-reg] enable_cycle -> _88126_/D : -25.936436
[setup in-reg] enable_cycle -> _88127_/D : -25.936436
[setup in-reg] enable_cycle -> _88128_/D : -25.936436
[setup in-reg] enable_cycle -> _88129_/D : -25.936436
[setup in-reg] enable_cycle -> _88130_/D : -25.936436
[setup in-reg] enable_cycle -> _88131_/D : -25.936436
[setup in-reg] enable_cycle -> _88132_/D : -25.936436
[setup in-reg] enable_cycle -> _88133_/D : -25.936436
[setup in-reg] enable_cycle -> _88135_/D : -25.936436
[setup in-reg] enable_cycle -> _88136_/D : -25.936436
[setup in-reg] enable_cycle -> _88137_/D : -25.936436
[setup in-reg] enable_cycle -> _88138_/D : -25.936436
[setup in-reg] enable_cycle -> _88140_/D : -25.936436
[setup in-reg] enable_cycle -> _88141_/D : -25.936436
[setup in-reg] enable_cycle -> _88142_/D : -25.936436
[setup in-reg] enable_cycle -> _88143_/D : -25.936436
[setup in-reg] enable_cycle -> _88144_/D : -25.936436
[setup in-reg] enable_cycle -> _88145_/D : -25.936436
[setup in-reg] enable_cycle -> _88146_/D : -25.936436
[setup in-reg] enable_cycle -> _88147_/D : -25.936436
[setup in-reg] enable_cycle -> _88148_/D : -25.936436
[setup in-reg] enable_cycle -> _88221_/D : -25.936436
[setup in-reg] enable_cycle -> _88222_/D : -25.936436
[setup in-reg] enable_cycle -> _88223_/D : -25.936436
[setup in-reg] enable_cycle -> _88224_/D : -25.936436
[setup in-reg] enable_cycle -> _88225_/D : -25.936436
[setup in-reg] enable_cycle -> _88226_/D : -25.936436
[setup in-reg] enable_cycle -> _88227_/D : -25.936436
[setup in-reg] enable_cycle -> _88228_/D : -25.936436
[setup in-reg] enable_cycle -> _88229_/D : -25.936436
[setup in-reg] enable_cycle -> _88230_/D : -25.936436
[setup in-reg] enable_cycle -> _88231_/D : -25.936436
[setup in-reg] enable_cycle -> _88232_/D : -25.936436
[setup in-reg] enable_cycle -> _88235_/D : -25.936436
[setup in-reg] enable_cycle -> _88236_/D : -25.936436
[setup in-reg] enable_cycle -> _88237_/D : -25.936436
[setup in-reg] enable_cycle -> _88238_/D : -25.936436
[setup in-reg] enable_cycle -> _88239_/D : -25.936436
[setup in-reg] enable_cycle -> _88240_/D : -25.936436
[setup in-reg] enable_cycle -> _88241_/D : -25.936436
[setup in-reg] enable_cycle -> _88242_/D : -25.936436
[setup in-reg] enable_cycle -> _88243_/D : -25.936436
[setup in-reg] enable_cycle -> _88244_/D : -25.936436
[setup in-reg] enable_cycle -> _88245_/D : -25.936436
[setup in-reg] enable_cycle -> _88246_/D : -25.936436
[setup in-reg] enable_cycle -> _88247_/D : -25.936436
[setup in-reg] enable_cycle -> _88248_/D : -25.936436
[setup in-reg] enable_cycle -> _88249_/D : -25.936436
[setup in-reg] enable_cycle -> _88250_/D : -25.936436
[setup in-reg] enable_cycle -> _88251_/D : -25.936436
[setup in-reg] enable_cycle -> _88252_/D : -25.936436
[setup in-reg] enable_cycle -> _88253_/D : -25.936436
[setup in-reg] enable_cycle -> _88254_/D : -25.936436
[setup in-reg] enable_cycle -> _88255_/D : -25.936436
[setup in-reg] enable_cycle -> _88264_/D : -25.936436
[setup in-reg] enable_cycle -> _88265_/D : -25.936436
[setup in-reg] enable_cycle -> _88266_/D : -25.936436
[setup in-reg] enable_cycle -> _88267_/D : -25.936436
[setup in-reg] enable_cycle -> _88268_/D : -25.936436
[setup in-reg] enable_cycle -> _88269_/D : -25.936436
[setup in-reg] enable_cycle -> _88270_/D : -25.936436
[setup in-reg] enable_cycle -> _88271_/D : -25.936436
[setup in-reg] enable_cycle -> _88272_/D : -25.936436
[setup in-reg] enable_cycle -> _88273_/D : -25.936436
[setup in-reg] enable_cycle -> _88274_/D : -25.936436
[setup in-reg] enable_cycle -> _88275_/D : -25.936436
[setup in-reg] enable_cycle -> _88276_/D : -25.936436
[setup in-reg] enable_cycle -> _88277_/D : -25.936436
[setup in-reg] enable_cycle -> _88278_/D : -25.936436
[setup in-reg] enable_cycle -> _88279_/D : -25.936436
[setup in-reg] enable_cycle -> _88280_/D : -25.936436
[setup in-reg] enable_cycle -> _88281_/D : -25.936436
[setup in-reg] enable_cycle -> _88282_/D : -25.936436
[setup in-reg] enable_cycle -> _88283_/D : -25.936436
[setup in-reg] enable_cycle -> _88284_/D : -25.936436
[setup in-reg] enable_cycle -> _88285_/D : -25.936436
[setup in-reg] enable_cycle -> _88286_/D : -25.936436
[setup in-reg] enable_cycle -> _88287_/D : -25.936436
[setup in-reg] enable_cycle -> _88288_/D : -25.936436
[setup in-reg] enable_cycle -> _88289_/D : -25.936436
[setup in-reg] enable_cycle -> _88290_/D : -25.936436
[setup in-reg] enable_cycle -> _88291_/D : -25.936436
[setup in-reg] enable_cycle -> _88313_/D : -25.936436
[setup in-reg] enable_cycle -> _88314_/D : -25.936436
[setup in-reg] enable_cycle -> _88315_/D : -25.936436
[setup in-reg] enable_cycle -> _88316_/D : -25.936436
[setup in-reg] enable_cycle -> _88317_/D : -25.936436
[setup in-reg] enable_cycle -> _88318_/D : -25.936436
[setup in-reg] enable_cycle -> _88319_/D : -25.936436
[setup in-reg] enable_cycle -> _88320_/D : -25.936436
[setup in-reg] enable_cycle -> _88321_/D : -25.936436
[setup in-reg] enable_cycle -> _88322_/D : -25.936436
[setup in-reg] enable_cycle -> _88323_/D : -25.936436
[setup in-reg] enable_cycle -> _88324_/D : -25.936436
[setup in-reg] enable_cycle -> _88325_/D : -25.936436
[setup in-reg] enable_cycle -> _88326_/D : -25.936436
[setup in-reg] enable_cycle -> _88327_/D : -25.936436
[setup in-reg] enable_cycle -> _88358_/D : -25.936436
[setup in-reg] enable_cycle -> _88359_/D : -25.936436
[setup in-reg] enable_cycle -> _88360_/D : -25.936436
[setup in-reg] enable_cycle -> _88361_/D : -25.936436
[setup in-reg] enable_cycle -> _88362_/D : -25.936436
[setup in-reg] enable_cycle -> _88363_/D : -25.936436
[setup in-reg] enable_cycle -> _88364_/D : -25.936436
[setup in-reg] enable_cycle -> _88365_/D : -25.936436
[setup in-reg] enable_cycle -> _88366_/D : -25.936436
[setup in-reg] enable_cycle -> _88367_/D : -25.936436
[setup in-reg] enable_cycle -> _88368_/D : -25.936436
[setup in-reg] enable_cycle -> _88369_/D : -25.936436
[setup in-reg] enable_cycle -> _88370_/D : -25.936436
[setup in-reg] enable_cycle -> _88371_/D : -25.936436
[setup in-reg] enable_cycle -> _88372_/D : -25.936436
[setup in-reg] enable_cycle -> _88373_/D : -25.936436
[setup in-reg] enable_cycle -> _88374_/D : -25.936436
[setup in-reg] enable_cycle -> _88375_/D : -25.936436
[setup in-reg] enable_cycle -> _88376_/D : -25.936436
[setup in-reg] enable_cycle -> _88377_/D : -25.936436
[setup in-reg] enable_cycle -> _88378_/D : -25.936436
[setup in-reg] enable_cycle -> _88379_/D : -25.936436
[setup in-reg] enable_cycle -> _88380_/D : -25.936436
[setup in-reg] enable_cycle -> _88381_/D : -25.936436
[setup in-reg] enable_cycle -> _88382_/D : -25.936436
[setup in-reg] enable_cycle -> _88383_/D : -25.936436
[setup in-reg] enable_cycle -> _88384_/D : -25.936436
[setup in-reg] enable_cycle -> _88385_/D : -25.936436
[setup in-reg] enable_cycle -> _88408_/D : -25.936436
[setup in-reg] enable_cycle -> _88409_/D : -25.936436
[setup in-reg] enable_cycle -> _88410_/D : -25.936436
[setup in-reg] enable_cycle -> _88411_/D : -25.936436
[setup in-reg] enable_cycle -> _88412_/D : -25.936436
[setup in-reg] enable_cycle -> _88413_/D : -25.936436
[setup in-reg] enable_cycle -> _88414_/D : -25.936436
[setup in-reg] enable_cycle -> _88415_/D : -25.936436
[setup in-reg] enable_cycle -> _88416_/D : -25.936436
[setup in-reg] enable_cycle -> _88417_/D : -25.936436
[setup in-reg] enable_cycle -> _88418_/D : -25.936436
[setup in-reg] enable_cycle -> _88420_/D : -25.936436
[setup in-reg] enable_cycle -> _88422_/D : -25.936436
[setup in-reg] enable_cycle -> _88452_/D : -25.936436
[setup in-reg] enable_cycle -> _88453_/D : -25.936436
[setup in-reg] enable_cycle -> _88454_/D : -25.936436
[setup in-reg] enable_cycle -> _88455_/D : -25.936436
[setup in-reg] enable_cycle -> _88456_/D : -25.936436
[setup in-reg] enable_cycle -> _88457_/D : -25.936436
[setup in-reg] enable_cycle -> _88458_/D : -25.936436
[setup in-reg] enable_cycle -> _88459_/D : -25.936436
[setup in-reg] enable_cycle -> _88499_/D : -25.936436
[setup in-reg] enable_cycle -> _88500_/D : -25.936436
[setup in-reg] enable_cycle -> _88501_/D : -25.936436
[setup in-reg] enable_cycle -> _88502_/D : -25.936436
[setup in-reg] enable_cycle -> _88503_/D : -25.936436
[setup in-reg] enable_cycle -> _88504_/D : -25.936436
[setup in-reg] enable_cycle -> _88505_/D : -25.936436
[setup in-reg] enable_cycle -> _88506_/D : -25.936436
[setup in-reg] enable_cycle -> _88507_/D : -25.936436
[setup in-reg] enable_cycle -> _88508_/D : -25.936436
[setup in-reg] enable_cycle -> _88509_/D : -25.936436
[setup in-reg] enable_cycle -> _88510_/D : -25.936436
[setup in-reg] enable_cycle -> _88511_/D : -25.936436
[setup in-reg] enable_cycle -> _88512_/D : -25.936436
[setup in-reg] enable_cycle -> _88513_/D : -25.936436
[setup in-reg] enable_cycle -> _88514_/D : -25.936436
[setup in-reg] enable_cycle -> _88515_/D : -25.936436
[setup in-reg] enable_cycle -> _88516_/D : -25.936436
[setup in-reg] enable_cycle -> _88517_/D : -25.936436
[setup in-reg] enable_cycle -> _88518_/D : -25.936436
[setup in-reg] enable_cycle -> _88541_/D : -25.936436
[setup in-reg] enable_cycle -> _88543_/D : -25.936436
[setup in-reg] enable_cycle -> _88544_/D : -25.936436
[setup in-reg] enable_cycle -> _88546_/D : -25.936436
[setup in-reg] enable_cycle -> _88549_/D : -25.936436
[setup in-reg] enable_cycle -> _88550_/D : -25.936436
[setup in-reg] enable_cycle -> _88552_/D : -25.936436
[setup in-reg] enable_cycle -> _88553_/D : -25.936436
[setup in-reg] enable_cycle -> _88554_/D : -25.936436
[setup in-reg] enable_cycle -> _88585_/D : -25.936436
[setup in-reg] enable_cycle -> _88586_/D : -25.936436
[setup in-reg] enable_cycle -> _88587_/D : -25.936436
[setup in-reg] enable_cycle -> _88588_/D : -25.936436
[setup in-reg] enable_cycle -> _88589_/D : -25.936436
[setup in-reg] enable_cycle -> _88590_/D : -25.936436
[setup in-reg] enable_cycle -> _88591_/D : -25.936436
[setup in-reg] enable_cycle -> _88592_/D : -25.936436
[setup in-reg] enable_cycle -> _88636_/D : -25.936436
[setup in-reg] enable_cycle -> _88637_/D : -25.936436
[setup in-reg] enable_cycle -> _88638_/D : -25.936436
[setup in-reg] enable_cycle -> _88639_/D : -25.936436
[setup in-reg] enable_cycle -> _88640_/D : -25.936436
[setup in-reg] enable_cycle -> _88641_/D : -25.936436
[setup in-reg] enable_cycle -> _88642_/D : -25.936436
[setup in-reg] enable_cycle -> _88643_/D : -25.936436
[setup in-reg] enable_cycle -> _88644_/D : -25.936436
[setup in-reg] enable_cycle -> _88645_/D : -25.936436
[setup in-reg] enable_cycle -> _88646_/D : -25.936436
[setup in-reg] enable_cycle -> _88647_/D : -25.936436
[setup in-reg] enable_cycle -> _88648_/D : -25.936436
[setup in-reg] enable_cycle -> _88649_/D : -25.936436
[setup in-reg] enable_cycle -> _88650_/D : -25.936436
[setup in-reg] enable_cycle -> _88651_/D : -25.936436
[setup in-reg] enable_cycle -> _88652_/D : -25.936436
[setup in-reg] enable_cycle -> _88653_/D : -25.936436
[setup in-reg] enable_cycle -> _88654_/D : -25.936436
[setup in-reg] enable_cycle -> _88655_/D : -25.936436
[setup in-reg] enable_cycle -> _88677_/D : -25.936436
[setup in-reg] enable_cycle -> _88678_/D : -25.936436
[setup in-reg] enable_cycle -> _88679_/D : -25.936436
[setup in-reg] enable_cycle -> _88680_/D : -25.936436
[setup in-reg] enable_cycle -> _88681_/D : -25.936436
[setup in-reg] enable_cycle -> _88683_/D : -25.936436
[setup in-reg] enable_cycle -> _88684_/D : -25.936436
[setup in-reg] enable_cycle -> _88685_/D : -25.936436
[setup in-reg] enable_cycle -> _88686_/D : -25.936436
[setup in-reg] enable_cycle -> _88687_/D : -25.936436
[setup in-reg] enable_cycle -> _88688_/D : -25.936436
[setup in-reg] enable_cycle -> _88690_/D : -25.936436
[setup in-reg] enable_cycle -> _88691_/D : -25.936436
[setup in-reg] enable_cycle -> _88722_/D : -25.936436
[setup in-reg] enable_cycle -> _88723_/D : -25.936436
[setup in-reg] enable_cycle -> _88724_/D : -25.936436
[setup in-reg] enable_cycle -> _88725_/D : -25.936436
[setup in-reg] enable_cycle -> _88726_/D : -25.936436
[setup in-reg] enable_cycle -> _88727_/D : -25.936436
[setup in-reg] enable_cycle -> _88728_/D : -25.936436
[setup in-reg] enable_cycle -> _88729_/D : -25.936436
[setup in-reg] enable_cycle -> _88753_/D : -25.936436
[setup in-reg] enable_cycle -> _88754_/D : -25.936436
[setup in-reg] enable_cycle -> _88755_/D : -25.936436
[setup in-reg] enable_cycle -> _88756_/D : -25.936436
[setup in-reg] enable_cycle -> _88757_/D : -25.936436
[setup in-reg] enable_cycle -> _88758_/D : -25.936436
[setup in-reg] enable_cycle -> _88759_/D : -25.936436
[setup in-reg] enable_cycle -> _88760_/D : -25.936436
[setup in-reg] enable_cycle -> _88761_/D : -25.936436
[setup in-reg] enable_cycle -> _88762_/D : -25.936436
[setup in-reg] enable_cycle -> _88763_/D : -25.936436
[setup in-reg] enable_cycle -> _88764_/D : -25.936436
[setup in-reg] enable_cycle -> _88765_/D : -25.936436
[setup in-reg] enable_cycle -> _88766_/D : -25.936436
[setup in-reg] enable_cycle -> _88767_/D : -25.936436
[setup in-reg] enable_cycle -> _88768_/D : -25.936436
[setup in-reg] enable_cycle -> _88769_/D : -25.936436
[setup in-reg] enable_cycle -> _88770_/D : -25.936436
[setup in-reg] enable_cycle -> _88771_/D : -25.936436
[setup in-reg] enable_cycle -> _88772_/D : -25.936436
[setup in-reg] enable_cycle -> _88773_/D : -25.936436
[setup in-reg] enable_cycle -> _88774_/D : -25.936436
[setup in-reg] enable_cycle -> _88775_/D : -25.936436
[setup in-reg] enable_cycle -> _88776_/D : -25.936436
[setup in-reg] enable_cycle -> _88778_/D : -25.936436
[setup in-reg] enable_cycle -> _88779_/D : -25.936436
[setup in-reg] enable_cycle -> _88780_/D : -25.936436
[setup in-reg] enable_cycle -> _88781_/D : -25.936436
[setup in-reg] enable_cycle -> _88782_/D : -25.936436
[setup in-reg] enable_cycle -> _88783_/D : -25.936436
[setup in-reg] enable_cycle -> _88784_/D : -25.936436
[setup in-reg] enable_cycle -> _88785_/D : -25.936436
[setup in-reg] enable_cycle -> _88786_/D : -25.936436
[setup in-reg] enable_cycle -> _88787_/D : -25.936436
[setup in-reg] enable_cycle -> _88788_/D : -25.936436
[setup in-reg] enable_cycle -> _88789_/D : -25.936436
[setup in-reg] enable_cycle -> _88790_/D : -25.936436
[setup in-reg] enable_cycle -> _88791_/D : -25.936436
[setup in-reg] enable_cycle -> _88792_/D : -25.936436
[setup in-reg] enable_cycle -> _88793_/D : -25.936436
[setup in-reg] enable_cycle -> _88794_/D : -25.936436
[setup in-reg] enable_cycle -> _88795_/D : -25.936436
[setup in-reg] enable_cycle -> _88796_/D : -25.936436
[setup in-reg] enable_cycle -> _88797_/D : -25.936436
[setup in-reg] enable_cycle -> _88798_/D : -25.936436
[setup in-reg] enable_cycle -> _88799_/D : -25.936436
[setup in-reg] enable_cycle -> _88800_/D : -25.936436
[setup in-reg] enable_cycle -> _88801_/D : -25.936436
[setup in-reg] enable_cycle -> _88802_/D : -25.936436
[setup in-reg] enable_cycle -> _88803_/D : -25.936436
[setup in-reg] enable_cycle -> _88805_/D : -25.936436
[setup in-reg] enable_cycle -> _88806_/D : -25.936436
[setup in-reg] enable_cycle -> _88807_/D : -25.936436
[setup in-reg] enable_cycle -> _88808_/D : -25.936436
[setup in-reg] enable_cycle -> _88809_/D : -25.936436
[setup in-reg] enable_cycle -> _88810_/D : -25.936436
[setup in-reg] enable_cycle -> _88811_/D : -25.936436
[setup in-reg] enable_cycle -> _88812_/D : -25.936436
[setup in-reg] enable_cycle -> _88813_/D : -25.936436
[setup in-reg] enable_cycle -> _88814_/D : -25.936436
[setup in-reg] enable_cycle -> _88815_/D : -25.936436
[setup in-reg] enable_cycle -> _88818_/D : -25.936436
[setup in-reg] enable_cycle -> _88819_/D : -25.936436
[setup in-reg] enable_cycle -> _88820_/D : -25.936436
[setup in-reg] enable_cycle -> _88821_/D : -25.936436
[setup in-reg] enable_cycle -> _88822_/D : -25.936436
[setup in-reg] enable_cycle -> _88823_/D : -25.936436
[setup in-reg] enable_cycle -> _88824_/D : -25.936436
[setup in-reg] enable_cycle -> _88825_/D : -25.936436
[setup in-reg] enable_cycle -> _88826_/D : -25.936436
[setup in-reg] enable_cycle -> _88827_/D : -25.936436
[setup in-reg] enable_cycle -> _88828_/D : -25.936436
[setup in-reg] enable_cycle -> _88831_/D : -25.936436
[setup in-reg] enable_cycle -> _88832_/D : -25.936436
[setup in-reg] enable_cycle -> _88833_/D : -25.936436
[setup in-reg] enable_cycle -> _88834_/D : -25.936436
[setup in-reg] enable_cycle -> _88835_/D : -25.936436
[setup in-reg] enable_cycle -> _88836_/D : -25.936436
[setup in-reg] enable_cycle -> _88837_/D : -25.936436
[setup in-reg] enable_cycle -> _88838_/D : -25.936436
[setup in-reg] enable_cycle -> _88839_/D : -25.936436
[setup in-reg] enable_cycle -> _88840_/D : -25.936436
[setup in-reg] enable_cycle -> _88841_/D : -25.936436
[setup in-reg] enable_cycle -> _88842_/D : -25.936436
[setup in-reg] enable_cycle -> _88843_/D : -25.936436
[setup in-reg] enable_cycle -> _88844_/D : -25.936436
[setup in-reg] enable_cycle -> _88845_/D : -25.936436
[setup in-reg] enable_cycle -> _88846_/D : -25.936436
[setup in-reg] enable_cycle -> _88847_/D : -25.936436
[setup in-reg] enable_cycle -> _88848_/D : -25.936436
[setup in-reg] enable_cycle -> _88849_/D : -25.936436
[setup in-reg] enable_cycle -> _88850_/D : -25.936436
[setup in-reg] enable_cycle -> _88873_/D : -25.936436
[setup in-reg] enable_cycle -> _88876_/D : -25.936436
[setup in-reg] enable_cycle -> _88878_/D : -25.936436
[setup in-reg] enable_cycle -> _88879_/D : -25.936436
[setup in-reg] enable_cycle -> _88880_/D : -25.936436
[setup in-reg] enable_cycle -> _88881_/D : -25.936436
[setup in-reg] enable_cycle -> _88882_/D : -25.936436
[setup in-reg] enable_cycle -> _88883_/D : -25.936436
[setup in-reg] enable_cycle -> _88884_/D : -25.936436
[setup in-reg] enable_cycle -> _88885_/D : -25.936436
[setup in-reg] enable_cycle -> _88917_/D : -25.936436
[setup in-reg] enable_cycle -> _88918_/D : -25.936436
[setup in-reg] enable_cycle -> _88919_/D : -25.936436
[setup in-reg] enable_cycle -> _88920_/D : -25.936436
[setup in-reg] enable_cycle -> _88921_/D : -25.936436
[setup in-reg] enable_cycle -> _88922_/D : -25.936436
[setup in-reg] enable_cycle -> _88923_/D : -25.936436
[setup in-reg] enable_cycle -> _88924_/D : -25.936436
[setup in-reg] enable_cycle -> _88925_/D : -25.936436
[setup in-reg] enable_cycle -> _88926_/D : -25.936436
[setup in-reg] enable_cycle -> _88927_/D : -25.936436
[setup in-reg] enable_cycle -> _88928_/D : -25.936436
[setup in-reg] enable_cycle -> _88929_/D : -25.936436
[setup in-reg] enable_cycle -> _88930_/D : -25.936436
[setup in-reg] enable_cycle -> _88931_/D : -25.936436
[setup in-reg] enable_cycle -> _88932_/D : -25.936436
[setup in-reg] enable_cycle -> _88933_/D : -25.936436
[setup in-reg] enable_cycle -> _88934_/D : -25.936436
[setup in-reg] enable_cycle -> _88935_/D : -25.936436
[setup in-reg] enable_cycle -> _88936_/D : -25.936436
[setup in-reg] enable_cycle -> _88937_/D : -25.936436
[setup in-reg] enable_cycle -> _88938_/D : -25.936436
[setup in-reg] enable_cycle -> _88939_/D : -25.936436
[setup in-reg] enable_cycle -> _88940_/D : -25.936436
[setup in-reg] enable_cycle -> _88941_/D : -25.936436
[setup in-reg] enable_cycle -> _88942_/D : -25.936436
[setup in-reg] enable_cycle -> _88943_/D : -25.936436
[setup in-reg] enable_cycle -> _88944_/D : -25.936436
[setup in-reg] enable_cycle -> _88945_/D : -25.936436
[setup in-reg] enable_cycle -> _88946_/D : -25.936436
[setup in-reg] enable_cycle -> _88947_/D : -25.936436
[setup in-reg] enable_cycle -> _88948_/D : -25.936436
[setup in-reg] enable_cycle -> _88949_/D : -25.936436
[setup in-reg] enable_cycle -> _88950_/D : -25.936436
[setup in-reg] enable_cycle -> _88951_/D : -25.936436
[setup in-reg] enable_cycle -> _88971_/D : -25.936436
[setup in-reg] enable_cycle -> _88972_/D : -25.936436
[setup in-reg] enable_cycle -> _88973_/D : -25.936436
[setup in-reg] enable_cycle -> _88974_/D : -25.936436
[setup in-reg] enable_cycle -> _88975_/D : -25.936436
[setup in-reg] enable_cycle -> _88976_/D : -25.936436
[setup in-reg] enable_cycle -> _88977_/D : -25.936436
[setup in-reg] enable_cycle -> _88978_/D : -25.936436
[setup in-reg] enable_cycle -> _88979_/D : -25.936436
[setup in-reg] enable_cycle -> _88980_/D : -25.936436
[setup in-reg] enable_cycle -> _88981_/D : -25.936436
[setup in-reg] enable_cycle -> _88982_/D : -25.936436
[setup in-reg] enable_cycle -> _88983_/D : -25.936436
[setup in-reg] enable_cycle -> _88984_/D : -25.936436
[setup in-reg] enable_cycle -> _88985_/D : -25.936436
[setup in-reg] enable_cycle -> _88986_/D : -25.936436
[setup in-reg] enable_cycle -> _88987_/D : -25.936436
[setup in-reg] enable_cycle -> _88988_/D : -25.936436
[setup in-reg] enable_cycle -> _88989_/D : -25.936436
[setup in-reg] enable_cycle -> _88990_/D : -25.936436
[setup in-reg] enable_cycle -> _88992_/D : -25.936436
[setup in-reg] enable_cycle -> _88993_/D : -25.936436
[setup in-reg] enable_cycle -> _88994_/D : -25.936436
[setup in-reg] enable_cycle -> _88995_/D : -25.936436
[setup in-reg] enable_cycle -> _88996_/D : -25.936436
[setup in-reg] enable_cycle -> _88997_/D : -25.936436
[setup in-reg] enable_cycle -> _88998_/D : -25.936436
[setup in-reg] enable_cycle -> _89000_/D : -25.936436
[setup in-reg] enable_cycle -> _89001_/D : -25.936436
[setup in-reg] enable_cycle -> _89002_/D : -25.936436
[setup in-reg] enable_cycle -> _89003_/D : -25.936436
[setup in-reg] enable_cycle -> _89004_/D : -25.936436
[setup in-reg] enable_cycle -> _89005_/D : -25.936436
[setup in-reg] enable_cycle -> _89006_/D : -25.936436
[setup in-reg] enable_cycle -> _89007_/D : -25.936436
[setup in-reg] enable_cycle -> _89008_/D : -25.936436
[setup in-reg] enable_cycle -> _89009_/D : -25.936436
[setup in-reg] enable_cycle -> _89010_/D : -25.936436
[setup in-reg] enable_cycle -> _89011_/D : -25.936436
[setup in-reg] enable_cycle -> _89012_/D : -25.936436
[setup in-reg] enable_cycle -> _89013_/D : -25.936436
[setup in-reg] enable_cycle -> _89014_/D : -25.936436
[setup in-reg] enable_cycle -> _89015_/D : -25.936436
[setup in-reg] enable_cycle -> _89016_/D : -25.936436
[setup in-reg] enable_cycle -> _89017_/D : -25.936436
[setup in-reg] enable_cycle -> _89018_/D : -25.936436
[setup in-reg] enable_cycle -> _89019_/D : -25.936436
[setup in-reg] enable_cycle -> _89042_/D : -25.936436
[setup in-reg] enable_cycle -> _89044_/D : -25.936436
[setup in-reg] enable_cycle -> _89045_/D : -25.936436
[setup in-reg] enable_cycle -> _89047_/D : -25.936436
[setup in-reg] enable_cycle -> _89048_/D : -25.936436
[setup in-reg] enable_cycle -> _89049_/D : -25.936436
[setup in-reg] enable_cycle -> _89050_/D : -25.936436
[setup in-reg] enable_cycle -> _89051_/D : -25.936436
[setup in-reg] enable_cycle -> _89052_/D : -25.936436
[setup in-reg] enable_cycle -> _89053_/D : -25.936436
[setup in-reg] enable_cycle -> _89055_/D : -25.936436
[setup in-reg] enable_cycle -> _89086_/D : -25.936436
[setup in-reg] enable_cycle -> _89087_/D : -25.936436
[setup in-reg] enable_cycle -> _89088_/D : -25.936436
[setup in-reg] enable_cycle -> _89089_/D : -25.936436
[setup in-reg] enable_cycle -> _89090_/D : -25.936436
[setup in-reg] enable_cycle -> _89091_/D : -25.936436
[setup in-reg] enable_cycle -> _89092_/D : -25.936436
[setup in-reg] enable_cycle -> _89093_/D : -25.936436
[setup in-reg] enable_cycle -> _84805_/D : -25.928482
[setup in-reg] enable_cycle -> _84806_/D : -25.928482
[setup in-reg] enable_cycle -> _84807_/D : -25.928482
[setup in-reg] enable_cycle -> _84808_/D : -25.928482
[setup in-reg] enable_cycle -> _84809_/D : -25.928482
[setup in-reg] enable_cycle -> _84810_/D : -25.928482
[setup in-reg] enable_cycle -> _84811_/D : -25.928482
[setup in-reg] enable_cycle -> _84812_/D : -25.928482
[setup in-reg] enable_cycle -> _84813_/D : -25.928482
[setup in-reg] enable_cycle -> _84814_/D : -25.928482
[setup in-reg] enable_cycle -> _84815_/D : -25.928482
[setup in-reg] enable_cycle -> _84816_/D : -25.928482
[setup in-reg] enable_cycle -> _84817_/D : -25.928482
[setup in-reg] enable_cycle -> _84818_/D : -25.928482
[setup in-reg] enable_cycle -> _84819_/D : -25.928482
[setup in-reg] enable_cycle -> _88065_/D : -25.927492
[setup in-reg] enable_cycle -> _89043_/D : -25.927492
[setup in-reg] enable_cycle -> _87803_/D : -25.729755
[setup in-reg] enable_cycle -> _83155_/D : -25.669405
[setup in-reg] enable_cycle -> _83156_/D : -25.669405
[setup in-reg] enable_cycle -> _83157_/D : -25.669405
[setup in-reg] enable_cycle -> _83158_/D : -25.669405
[setup in-reg] enable_cycle -> _83159_/D : -25.669405
[setup in-reg] enable_cycle -> _83160_/D : -25.669405
[setup in-reg] enable_cycle -> _83161_/D : -25.669405
[setup in-reg] enable_cycle -> _83162_/D : -25.669405
[setup in-reg] enable_cycle -> _83274_/D : -25.669405
[setup in-reg] enable_cycle -> _83275_/D : -25.669405
[setup in-reg] enable_cycle -> _83276_/D : -25.669405
[setup in-reg] enable_cycle -> _83277_/D : -25.669405
[setup in-reg] enable_cycle -> _83278_/D : -25.669405
[setup in-reg] enable_cycle -> _83279_/D : -25.669405
[setup in-reg] enable_cycle -> _83280_/D : -25.669405
[setup in-reg] enable_cycle -> _83281_/D : -25.669405
[setup in-reg] enable_cycle -> _83371_/D : -25.669405
[setup in-reg] enable_cycle -> _83372_/D : -25.669405
[setup in-reg] enable_cycle -> _83373_/D : -25.669405
[setup in-reg] enable_cycle -> _83374_/D : -25.669405
[setup in-reg] enable_cycle -> _83375_/D : -25.669405
[setup in-reg] enable_cycle -> _83376_/D : -25.669405
[setup in-reg] enable_cycle -> _83377_/D : -25.669405
[setup in-reg] enable_cycle -> _83378_/D : -25.669405
[setup in-reg] enable_cycle -> _83492_/D : -25.669405
[setup in-reg] enable_cycle -> _83493_/D : -25.669405
[setup in-reg] enable_cycle -> _83494_/D : -25.669405
[setup in-reg] enable_cycle -> _83495_/D : -25.669405
[setup in-reg] enable_cycle -> _83496_/D : -25.669405
[setup in-reg] enable_cycle -> _83497_/D : -25.669405
[setup in-reg] enable_cycle -> _83498_/D : -25.669405
[setup in-reg] enable_cycle -> _83499_/D : -25.669405
[setup in-reg] enable_cycle -> _83589_/D : -25.669405
[setup in-reg] enable_cycle -> _83590_/D : -25.669405
[setup in-reg] enable_cycle -> _83591_/D : -25.669405
[setup in-reg] enable_cycle -> _83592_/D : -25.669405
[setup in-reg] enable_cycle -> _83593_/D : -25.669405
[setup in-reg] enable_cycle -> _83594_/D : -25.669405
[setup in-reg] enable_cycle -> _83595_/D : -25.669405
[setup in-reg] enable_cycle -> _83596_/D : -25.669405
[setup in-reg] enable_cycle -> _83686_/D : -25.669405
[setup in-reg] enable_cycle -> _83687_/D : -25.669405
[setup in-reg] enable_cycle -> _83688_/D : -25.669405
[setup in-reg] enable_cycle -> _83689_/D : -25.669405
[setup in-reg] enable_cycle -> _83690_/D : -25.669405
[setup in-reg] enable_cycle -> _83691_/D : -25.669405
[setup in-reg] enable_cycle -> _83692_/D : -25.669405
[setup in-reg] enable_cycle -> _83693_/D : -25.669405
[setup in-reg] enable_cycle -> _83783_/D : -25.669405
[setup in-reg] enable_cycle -> _83784_/D : -25.669405
[setup in-reg] enable_cycle -> _83785_/D : -25.669405
[setup in-reg] enable_cycle -> _83786_/D : -25.669405
[setup in-reg] enable_cycle -> _83787_/D : -25.669405
[setup in-reg] enable_cycle -> _83788_/D : -25.669405
[setup in-reg] enable_cycle -> _83789_/D : -25.669405
[setup in-reg] enable_cycle -> _83790_/D : -25.669405
[setup in-reg] enable_cycle -> _83880_/D : -25.669405
[setup in-reg] enable_cycle -> _83881_/D : -25.669405
[setup in-reg] enable_cycle -> _83882_/D : -25.669405
[setup in-reg] enable_cycle -> _83883_/D : -25.669405
[setup in-reg] enable_cycle -> _83884_/D : -25.669405
[setup in-reg] enable_cycle -> _83885_/D : -25.669405
[setup in-reg] enable_cycle -> _83886_/D : -25.669405
[setup in-reg] enable_cycle -> _83887_/D : -25.669405
[setup in-reg] enable_cycle -> _83955_/D : -25.669405
[setup in-reg] enable_cycle -> _83956_/D : -25.669405
[setup in-reg] enable_cycle -> _83957_/D : -25.669405
[setup in-reg] enable_cycle -> _83958_/D : -25.669405
[setup in-reg] enable_cycle -> _83959_/D : -25.669405
[setup in-reg] enable_cycle -> _83960_/D : -25.669405
[setup in-reg] enable_cycle -> _83961_/D : -25.669405
[setup in-reg] enable_cycle -> _83962_/D : -25.669405
[setup in-reg] enable_cycle -> _84047_/D : -25.669405
[setup in-reg] enable_cycle -> _84048_/D : -25.669405
[setup in-reg] enable_cycle -> _84049_/D : -25.669405
[setup in-reg] enable_cycle -> _84050_/D : -25.669405
[setup in-reg] enable_cycle -> _84051_/D : -25.669405
[setup in-reg] enable_cycle -> _84052_/D : -25.669405
[setup in-reg] enable_cycle -> _84053_/D : -25.669405
[setup in-reg] enable_cycle -> _84054_/D : -25.669405
[setup in-reg] enable_cycle -> _84147_/D : -25.656435
[setup in-reg] enable_cycle -> _84148_/D : -25.656435
[setup in-reg] enable_cycle -> _84149_/D : -25.656435
[setup in-reg] enable_cycle -> _84150_/D : -25.656435
[setup in-reg] enable_cycle -> _84151_/D : -25.656435
[setup in-reg] enable_cycle -> _84152_/D : -25.656435
[setup in-reg] enable_cycle -> _84153_/D : -25.656435
[setup in-reg] enable_cycle -> _84154_/D : -25.656435
[setup in-reg] enable_cycle -> _84247_/D : -25.656435
[setup in-reg] enable_cycle -> _84248_/D : -25.656435
[setup in-reg] enable_cycle -> _84249_/D : -25.656435
[setup in-reg] enable_cycle -> _84250_/D : -25.656435
[setup in-reg] enable_cycle -> _84251_/D : -25.656435
[setup in-reg] enable_cycle -> _84252_/D : -25.656435
[setup in-reg] enable_cycle -> _84253_/D : -25.656435
[setup in-reg] enable_cycle -> _84254_/D : -25.656435
[setup in-reg] enable_cycle -> _84347_/D : -25.656435
[setup in-reg] enable_cycle -> _84348_/D : -25.656435
[setup in-reg] enable_cycle -> _84349_/D : -25.656435
[setup in-reg] enable_cycle -> _84350_/D : -25.656435
[setup in-reg] enable_cycle -> _84351_/D : -25.656435
[setup in-reg] enable_cycle -> _84352_/D : -25.656435
[setup in-reg] enable_cycle -> _84353_/D : -25.656435
[setup in-reg] enable_cycle -> _84354_/D : -25.656435
[setup in-reg] enable_cycle -> _84447_/D : -25.656435
[setup in-reg] enable_cycle -> _84448_/D : -25.656435
[setup in-reg] enable_cycle -> _84449_/D : -25.656435
[setup in-reg] enable_cycle -> _84450_/D : -25.656435
[setup in-reg] enable_cycle -> _84451_/D : -25.656435
[setup in-reg] enable_cycle -> _84452_/D : -25.656435
[setup in-reg] enable_cycle -> _84453_/D : -25.656435
[setup in-reg] enable_cycle -> _84454_/D : -25.656435
[setup in-reg] enable_cycle -> _84547_/D : -25.656435
[setup in-reg] enable_cycle -> _84548_/D : -25.656435
[setup in-reg] enable_cycle -> _84549_/D : -25.656435
[setup in-reg] enable_cycle -> _84550_/D : -25.656435
[setup in-reg] enable_cycle -> _84551_/D : -25.656435
[setup in-reg] enable_cycle -> _84552_/D : -25.656435
[setup in-reg] enable_cycle -> _84553_/D : -25.656435
[setup in-reg] enable_cycle -> _84554_/D : -25.656435
[setup in-reg] enable_cycle -> _84647_/D : -25.656435
[setup in-reg] enable_cycle -> _84648_/D : -25.656435
[setup in-reg] enable_cycle -> _84649_/D : -25.656435
[setup in-reg] enable_cycle -> _84650_/D : -25.656435
[setup in-reg] enable_cycle -> _84651_/D : -25.656435
[setup in-reg] enable_cycle -> _84652_/D : -25.656435
[setup in-reg] enable_cycle -> _84653_/D : -25.656435
[setup in-reg] enable_cycle -> _84654_/D : -25.656435
[setup in-reg] enable_cycle -> _84740_/D : -25.656435
[setup in-reg] enable_cycle -> _84741_/D : -25.656435
[setup in-reg] enable_cycle -> _84742_/D : -25.656435
[setup in-reg] enable_cycle -> _84743_/D : -25.656435
[setup in-reg] enable_cycle -> _84744_/D : -25.656435
[setup in-reg] enable_cycle -> _84745_/D : -25.656435
[setup in-reg] enable_cycle -> _84746_/D : -25.656435
[setup in-reg] enable_cycle -> _84747_/D : -25.656435
[setup in-reg] enable_cycle -> _84796_/D : -25.656435
[setup in-reg] enable_cycle -> _84797_/D : -25.656435
[setup in-reg] enable_cycle -> _84798_/D : -25.656435
[setup in-reg] enable_cycle -> _84799_/D : -25.656435
[setup in-reg] enable_cycle -> _84800_/D : -25.656435
[setup in-reg] enable_cycle -> _84801_/D : -25.656435
[setup in-reg] enable_cycle -> _84802_/D : -25.656435
[setup in-reg] enable_cycle -> _84803_/D : -25.656435
[setup in-reg] enable_cycle -> _85140_/D : -25.656435
[setup in-reg] enable_cycle -> _85141_/D : -25.656435
[setup in-reg] enable_cycle -> _85142_/D : -25.656435
[setup in-reg] enable_cycle -> _85143_/D : -25.656435
[setup in-reg] enable_cycle -> _85144_/D : -25.656435
[setup in-reg] enable_cycle -> _85145_/D : -25.656435
[setup in-reg] enable_cycle -> _85146_/D : -25.656435
[setup in-reg] enable_cycle -> _85147_/D : -25.656435
[setup in-reg] enable_cycle -> _85204_/D : -25.656435
[setup in-reg] enable_cycle -> _85205_/D : -25.656435
[setup in-reg] enable_cycle -> _85206_/D : -25.656435
[setup in-reg] enable_cycle -> _85207_/D : -25.656435
[setup in-reg] enable_cycle -> _85208_/D : -25.656435
[setup in-reg] enable_cycle -> _85209_/D : -25.656435
[setup in-reg] enable_cycle -> _85210_/D : -25.656435
[setup in-reg] enable_cycle -> _85211_/D : -25.656435
[setup in-reg] enable_cycle -> _85268_/D : -25.656435
[setup in-reg] enable_cycle -> _85269_/D : -25.656435
[setup in-reg] enable_cycle -> _85270_/D : -25.656435
[setup in-reg] enable_cycle -> _85271_/D : -25.656435
[setup in-reg] enable_cycle -> _85272_/D : -25.656435
[setup in-reg] enable_cycle -> _85273_/D : -25.656435
[setup in-reg] enable_cycle -> _85274_/D : -25.656435
[setup in-reg] enable_cycle -> _85275_/D : -25.656435
[setup in-reg] enable_cycle -> _85332_/D : -25.656435
[setup in-reg] enable_cycle -> _85333_/D : -25.656435
[setup in-reg] enable_cycle -> _85334_/D : -25.656435
[setup in-reg] enable_cycle -> _85335_/D : -25.656435
[setup in-reg] enable_cycle -> _85336_/D : -25.656435
[setup in-reg] enable_cycle -> _85337_/D : -25.656435
[setup in-reg] enable_cycle -> _85338_/D : -25.656435
[setup in-reg] enable_cycle -> _85339_/D : -25.656435
[setup in-reg] enable_cycle -> _85396_/D : -25.656435
[setup in-reg] enable_cycle -> _85397_/D : -25.656435
[setup in-reg] enable_cycle -> _85398_/D : -25.656435
[setup in-reg] enable_cycle -> _85399_/D : -25.656435
[setup in-reg] enable_cycle -> _85400_/D : -25.656435
[setup in-reg] enable_cycle -> _85401_/D : -25.656435
[setup in-reg] enable_cycle -> _85402_/D : -25.656435
[setup in-reg] enable_cycle -> _85403_/D : -25.656435
[setup in-reg] enable_cycle -> _85460_/D : -25.656435
[setup in-reg] enable_cycle -> _85461_/D : -25.656435
[setup in-reg] enable_cycle -> _85462_/D : -25.656435
[setup in-reg] enable_cycle -> _85463_/D : -25.656435
[setup in-reg] enable_cycle -> _85464_/D : -25.656435
[setup in-reg] enable_cycle -> _85465_/D : -25.656435
[setup in-reg] enable_cycle -> _85466_/D : -25.656435
[setup in-reg] enable_cycle -> _85467_/D : -25.656435
[setup in-reg] enable_cycle -> _85508_/D : -25.656435
[setup in-reg] enable_cycle -> _85509_/D : -25.656435
[setup in-reg] enable_cycle -> _85510_/D : -25.656435
[setup in-reg] enable_cycle -> _85511_/D : -25.656435
[setup in-reg] enable_cycle -> _85512_/D : -25.656435
[setup in-reg] enable_cycle -> _85513_/D : -25.656435
[setup in-reg] enable_cycle -> _85514_/D : -25.656435
[setup in-reg] enable_cycle -> _85515_/D : -25.656435
[setup in-reg] enable_cycle -> _85582_/D : -25.656435
[setup in-reg] enable_cycle -> _85583_/D : -25.656435
[setup in-reg] enable_cycle -> _85584_/D : -25.656435
[setup in-reg] enable_cycle -> _85585_/D : -25.656435
[setup in-reg] enable_cycle -> _85586_/D : -25.656435
[setup in-reg] enable_cycle -> _85587_/D : -25.656435
[setup in-reg] enable_cycle -> _85588_/D : -25.656435
[setup in-reg] enable_cycle -> _85589_/D : -25.656435
[setup in-reg] enable_cycle -> _85664_/D : -25.656435
[setup in-reg] enable_cycle -> _85665_/D : -25.656435
[setup in-reg] enable_cycle -> _85666_/D : -25.656435
[setup in-reg] enable_cycle -> _85667_/D : -25.656435
[setup in-reg] enable_cycle -> _85668_/D : -25.656435
[setup in-reg] enable_cycle -> _85669_/D : -25.656435
[setup in-reg] enable_cycle -> _85670_/D : -25.656435
[setup in-reg] enable_cycle -> _85671_/D : -25.656435
[setup in-reg] enable_cycle -> _85746_/D : -25.656435
[setup in-reg] enable_cycle -> _85747_/D : -25.656435
[setup in-reg] enable_cycle -> _85748_/D : -25.656435
[setup in-reg] enable_cycle -> _85749_/D : -25.656435
[setup in-reg] enable_cycle -> _85750_/D : -25.656435
[setup in-reg] enable_cycle -> _85751_/D : -25.656435
[setup in-reg] enable_cycle -> _85752_/D : -25.656435
[setup in-reg] enable_cycle -> _85753_/D : -25.656435
[setup in-reg] enable_cycle -> _85828_/D : -25.656435
[setup in-reg] enable_cycle -> _85829_/D : -25.656435
[setup in-reg] enable_cycle -> _85830_/D : -25.656435
[setup in-reg] enable_cycle -> _85831_/D : -25.656435
[setup in-reg] enable_cycle -> _85832_/D : -25.656435
[setup in-reg] enable_cycle -> _85833_/D : -25.656435
[setup in-reg] enable_cycle -> _85834_/D : -25.656435
[setup in-reg] enable_cycle -> _85835_/D : -25.656435
[setup in-reg] enable_cycle -> _85910_/D : -25.656435
[setup in-reg] enable_cycle -> _85911_/D : -25.656435
[setup in-reg] enable_cycle -> _85912_/D : -25.656435
[setup in-reg] enable_cycle -> _85913_/D : -25.656435
[setup in-reg] enable_cycle -> _85914_/D : -25.656435
[setup in-reg] enable_cycle -> _85915_/D : -25.656435
[setup in-reg] enable_cycle -> _85916_/D : -25.656435
[setup in-reg] enable_cycle -> _85917_/D : -25.656435
[setup in-reg] enable_cycle -> _85992_/D : -25.656435
[setup in-reg] enable_cycle -> _85993_/D : -25.656435
[setup in-reg] enable_cycle -> _85994_/D : -25.656435
[setup in-reg] enable_cycle -> _85995_/D : -25.656435
[setup in-reg] enable_cycle -> _85996_/D : -25.656435
[setup in-reg] enable_cycle -> _85997_/D : -25.656435
[setup in-reg] enable_cycle -> _85998_/D : -25.656435
[setup in-reg] enable_cycle -> _85999_/D : -25.656435
[setup in-reg] enable_cycle -> _86074_/D : -25.656435
[setup in-reg] enable_cycle -> _86075_/D : -25.656435
[setup in-reg] enable_cycle -> _86076_/D : -25.656435
[setup in-reg] enable_cycle -> _86077_/D : -25.656435
[setup in-reg] enable_cycle -> _86078_/D : -25.656435
[setup in-reg] enable_cycle -> _86079_/D : -25.656435
[setup in-reg] enable_cycle -> _86080_/D : -25.656435
[setup in-reg] enable_cycle -> _86081_/D : -25.656435
[setup in-reg] enable_cycle -> _86139_/D : -25.656435
[setup in-reg] enable_cycle -> _86140_/D : -25.656435
[setup in-reg] enable_cycle -> _86141_/D : -25.656435
[setup in-reg] enable_cycle -> _86142_/D : -25.656435
[setup in-reg] enable_cycle -> _86143_/D : -25.656435
[setup in-reg] enable_cycle -> _86144_/D : -25.656435
[setup in-reg] enable_cycle -> _86145_/D : -25.656435
[setup in-reg] enable_cycle -> _86146_/D : -25.656435
[setup in-reg] enable_cycle -> _86216_/D : -25.656435
[setup in-reg] enable_cycle -> _86217_/D : -25.656435
[setup in-reg] enable_cycle -> _86218_/D : -25.656435
[setup in-reg] enable_cycle -> _86219_/D : -25.656435
[setup in-reg] enable_cycle -> _86220_/D : -25.656435
[setup in-reg] enable_cycle -> _86221_/D : -25.656435
[setup in-reg] enable_cycle -> _86222_/D : -25.656435
[setup in-reg] enable_cycle -> _86223_/D : -25.656435
[setup in-reg] enable_cycle -> _86301_/D : -25.656435
[setup in-reg] enable_cycle -> _86302_/D : -25.656435
[setup in-reg] enable_cycle -> _86303_/D : -25.656435
[setup in-reg] enable_cycle -> _86304_/D : -25.656435
[setup in-reg] enable_cycle -> _86305_/D : -25.656435
[setup in-reg] enable_cycle -> _86306_/D : -25.656435
[setup in-reg] enable_cycle -> _86307_/D : -25.656435
[setup in-reg] enable_cycle -> _86308_/D : -25.656435
[setup in-reg] enable_cycle -> _86386_/D : -25.656435
[setup in-reg] enable_cycle -> _86387_/D : -25.656435
[setup in-reg] enable_cycle -> _86388_/D : -25.656435
[setup in-reg] enable_cycle -> _86389_/D : -25.656435
[setup in-reg] enable_cycle -> _86390_/D : -25.656435
[setup in-reg] enable_cycle -> _86391_/D : -25.656435
[setup in-reg] enable_cycle -> _86392_/D : -25.656435
[setup in-reg] enable_cycle -> _86393_/D : -25.656435
[setup in-reg] enable_cycle -> _86471_/D : -25.656435
[setup in-reg] enable_cycle -> _86472_/D : -25.656435
[setup in-reg] enable_cycle -> _86473_/D : -25.656435
[setup in-reg] enable_cycle -> _86474_/D : -25.656435
[setup in-reg] enable_cycle -> _86475_/D : -25.656435
[setup in-reg] enable_cycle -> _86476_/D : -25.656435
[setup in-reg] enable_cycle -> _86477_/D : -25.656435
[setup in-reg] enable_cycle -> _86478_/D : -25.656435
[setup in-reg] enable_cycle -> _86556_/D : -25.656435
[setup in-reg] enable_cycle -> _86557_/D : -25.656435
[setup in-reg] enable_cycle -> _86558_/D : -25.656435
[setup in-reg] enable_cycle -> _86559_/D : -25.656435
[setup in-reg] enable_cycle -> _86560_/D : -25.656435
[setup in-reg] enable_cycle -> _86561_/D : -25.656435
[setup in-reg] enable_cycle -> _86562_/D : -25.656435
[setup in-reg] enable_cycle -> _86563_/D : -25.656435
[setup in-reg] enable_cycle -> _86641_/D : -25.656435
[setup in-reg] enable_cycle -> _86642_/D : -25.656435
[setup in-reg] enable_cycle -> _86643_/D : -25.656435
[setup in-reg] enable_cycle -> _86644_/D : -25.656435
[setup in-reg] enable_cycle -> _86645_/D : -25.656435
[setup in-reg] enable_cycle -> _86646_/D : -25.656435
[setup in-reg] enable_cycle -> _86647_/D : -25.656435
[setup in-reg] enable_cycle -> _86648_/D : -25.656435
[setup in-reg] enable_cycle -> _86726_/D : -25.656435
[setup in-reg] enable_cycle -> _86727_/D : -25.656435
[setup in-reg] enable_cycle -> _86728_/D : -25.656435
[setup in-reg] enable_cycle -> _86729_/D : -25.656435
[setup in-reg] enable_cycle -> _86730_/D : -25.656435
[setup in-reg] enable_cycle -> _86731_/D : -25.656435
[setup in-reg] enable_cycle -> _86732_/D : -25.656435
[setup in-reg] enable_cycle -> _86733_/D : -25.656435
[setup in-reg] enable_cycle -> _86793_/D : -25.656435
[setup in-reg] enable_cycle -> _86794_/D : -25.656435
[setup in-reg] enable_cycle -> _86795_/D : -25.656435
[setup in-reg] enable_cycle -> _86796_/D : -25.656435
[setup in-reg] enable_cycle -> _86797_/D : -25.656435
[setup in-reg] enable_cycle -> _86798_/D : -25.656435
[setup in-reg] enable_cycle -> _86799_/D : -25.656435
[setup in-reg] enable_cycle -> _86800_/D : -25.656435
[setup in-reg] enable_cycle -> _86873_/D : -25.656435
[setup in-reg] enable_cycle -> _86874_/D : -25.656435
[setup in-reg] enable_cycle -> _86875_/D : -25.656435
[setup in-reg] enable_cycle -> _86876_/D : -25.656435
[setup in-reg] enable_cycle -> _86877_/D : -25.656435
[setup in-reg] enable_cycle -> _86878_/D : -25.656435
[setup in-reg] enable_cycle -> _86879_/D : -25.656435
[setup in-reg] enable_cycle -> _86880_/D : -25.656435
[setup in-reg] enable_cycle -> _86961_/D : -25.656435
[setup in-reg] enable_cycle -> _86962_/D : -25.656435
[setup in-reg] enable_cycle -> _86963_/D : -25.656435
[setup in-reg] enable_cycle -> _86964_/D : -25.656435
[setup in-reg] enable_cycle -> _86965_/D : -25.656435
[setup in-reg] enable_cycle -> _86966_/D : -25.656435
[setup in-reg] enable_cycle -> _86967_/D : -25.656435
[setup in-reg] enable_cycle -> _86968_/D : -25.656435
[setup in-reg] enable_cycle -> _87049_/D : -25.656435
[setup in-reg] enable_cycle -> _87050_/D : -25.656435
[setup in-reg] enable_cycle -> _87051_/D : -25.656435
[setup in-reg] enable_cycle -> _87052_/D : -25.656435
[setup in-reg] enable_cycle -> _87053_/D : -25.656435
[setup in-reg] enable_cycle -> _87054_/D : -25.656435
[setup in-reg] enable_cycle -> _87055_/D : -25.656435
[setup in-reg] enable_cycle -> _87056_/D : -25.656435
[setup in-reg] enable_cycle -> _87137_/D : -25.656435
[setup in-reg] enable_cycle -> _87138_/D : -25.656435
[setup in-reg] enable_cycle -> _87139_/D : -25.656435
[setup in-reg] enable_cycle -> _87140_/D : -25.656435
[setup in-reg] enable_cycle -> _87141_/D : -25.656435
[setup in-reg] enable_cycle -> _87142_/D : -25.656435
[setup in-reg] enable_cycle -> _87143_/D : -25.656435
[setup in-reg] enable_cycle -> _87144_/D : -25.656435
[setup in-reg] enable_cycle -> _87225_/D : -25.656435
[setup in-reg] enable_cycle -> _87226_/D : -25.656435
[setup in-reg] enable_cycle -> _87227_/D : -25.656435
[setup in-reg] enable_cycle -> _87228_/D : -25.656435
[setup in-reg] enable_cycle -> _87229_/D : -25.656435
[setup in-reg] enable_cycle -> _87230_/D : -25.656435
[setup in-reg] enable_cycle -> _87231_/D : -25.656435
[setup in-reg] enable_cycle -> _87232_/D : -25.656435
[setup in-reg] enable_cycle -> _87313_/D : -25.656435
[setup in-reg] enable_cycle -> _87314_/D : -25.656435
[setup in-reg] enable_cycle -> _87315_/D : -25.656435
[setup in-reg] enable_cycle -> _87316_/D : -25.656435
[setup in-reg] enable_cycle -> _87317_/D : -25.656435
[setup in-reg] enable_cycle -> _87318_/D : -25.656435
[setup in-reg] enable_cycle -> _87319_/D : -25.656435
[setup in-reg] enable_cycle -> _87320_/D : -25.656435
[setup in-reg] enable_cycle -> _87401_/D : -25.656435
[setup in-reg] enable_cycle -> _87402_/D : -25.656435
[setup in-reg] enable_cycle -> _87403_/D : -25.656435
[setup in-reg] enable_cycle -> _87404_/D : -25.656435
[setup in-reg] enable_cycle -> _87405_/D : -25.656435
[setup in-reg] enable_cycle -> _87406_/D : -25.656435
[setup in-reg] enable_cycle -> _87407_/D : -25.656435
[setup in-reg] enable_cycle -> _87408_/D : -25.656435
[setup in-reg] enable_cycle -> _87470_/D : -25.656435
[setup in-reg] enable_cycle -> _87471_/D : -25.656435
[setup in-reg] enable_cycle -> _87472_/D : -25.656435
[setup in-reg] enable_cycle -> _87473_/D : -25.656435
[setup in-reg] enable_cycle -> _87474_/D : -25.656435
[setup in-reg] enable_cycle -> _87475_/D : -25.656435
[setup in-reg] enable_cycle -> _87476_/D : -25.656435
[setup in-reg] enable_cycle -> _87477_/D : -25.656435
[setup in-reg] enable_cycle -> _87553_/D : -25.656435
[setup in-reg] enable_cycle -> _87554_/D : -25.656435
[setup in-reg] enable_cycle -> _87555_/D : -25.656435
[setup in-reg] enable_cycle -> _87556_/D : -25.656435
[setup in-reg] enable_cycle -> _87557_/D : -25.656435
[setup in-reg] enable_cycle -> _87558_/D : -25.656435
[setup in-reg] enable_cycle -> _87559_/D : -25.656435
[setup in-reg] enable_cycle -> _87560_/D : -25.656435
[setup in-reg] enable_cycle -> _87644_/D : -25.656435
[setup in-reg] enable_cycle -> _87645_/D : -25.656435
[setup in-reg] enable_cycle -> _87646_/D : -25.656435
[setup in-reg] enable_cycle -> _87647_/D : -25.656435
[setup in-reg] enable_cycle -> _87648_/D : -25.656435
[setup in-reg] enable_cycle -> _87649_/D : -25.656435
[setup in-reg] enable_cycle -> _87650_/D : -25.656435
[setup in-reg] enable_cycle -> _87651_/D : -25.656435
[setup in-reg] enable_cycle -> _87735_/D : -25.656435
[setup in-reg] enable_cycle -> _87736_/D : -25.656435
[setup in-reg] enable_cycle -> _87737_/D : -25.656435
[setup in-reg] enable_cycle -> _87738_/D : -25.656435
[setup in-reg] enable_cycle -> _87739_/D : -25.656435
[setup in-reg] enable_cycle -> _87740_/D : -25.656435
[setup in-reg] enable_cycle -> _87741_/D : -25.656435
[setup in-reg] enable_cycle -> _87742_/D : -25.656435
[setup in-reg] enable_cycle -> _87826_/D : -25.656435
[setup in-reg] enable_cycle -> _87827_/D : -25.656435
[setup in-reg] enable_cycle -> _87828_/D : -25.656435
[setup in-reg] enable_cycle -> _87829_/D : -25.656435
[setup in-reg] enable_cycle -> _87830_/D : -25.656435
[setup in-reg] enable_cycle -> _87831_/D : -25.656435
[setup in-reg] enable_cycle -> _87832_/D : -25.656435
[setup in-reg] enable_cycle -> _87833_/D : -25.656435
[setup in-reg] enable_cycle -> _87917_/D : -25.656435
[setup in-reg] enable_cycle -> _87918_/D : -25.656435
[setup in-reg] enable_cycle -> _87919_/D : -25.656435
[setup in-reg] enable_cycle -> _87920_/D : -25.656435
[setup in-reg] enable_cycle -> _87921_/D : -25.656435
[setup in-reg] enable_cycle -> _87922_/D : -25.656435
[setup in-reg] enable_cycle -> _87923_/D : -25.656435
[setup in-reg] enable_cycle -> _87924_/D : -25.656435
[setup in-reg] enable_cycle -> _88008_/D : -25.656435
[setup in-reg] enable_cycle -> _88009_/D : -25.656435
[setup in-reg] enable_cycle -> _88010_/D : -25.656435
[setup in-reg] enable_cycle -> _88011_/D : -25.656435
[setup in-reg] enable_cycle -> _88012_/D : -25.656435
[setup in-reg] enable_cycle -> _88013_/D : -25.656435
[setup in-reg] enable_cycle -> _88014_/D : -25.656435
[setup in-reg] enable_cycle -> _88015_/D : -25.656435
[setup in-reg] enable_cycle -> _88099_/D : -25.656435
[setup in-reg] enable_cycle -> _88100_/D : -25.656435
[setup in-reg] enable_cycle -> _88101_/D : -25.656435
[setup in-reg] enable_cycle -> _88102_/D : -25.656435
[setup in-reg] enable_cycle -> _88103_/D : -25.656435
[setup in-reg] enable_cycle -> _88104_/D : -25.656435
[setup in-reg] enable_cycle -> _88105_/D : -25.656435
[setup in-reg] enable_cycle -> _88106_/D : -25.656435
[setup in-reg] enable_cycle -> _88170_/D : -25.656435
[setup in-reg] enable_cycle -> _88171_/D : -25.656435
[setup in-reg] enable_cycle -> _88172_/D : -25.656435
[setup in-reg] enable_cycle -> _88173_/D : -25.656435
[setup in-reg] enable_cycle -> _88174_/D : -25.656435
[setup in-reg] enable_cycle -> _88175_/D : -25.656435
[setup in-reg] enable_cycle -> _88176_/D : -25.656435
[setup in-reg] enable_cycle -> _88177_/D : -25.656435
[setup in-reg] enable_cycle -> _88256_/D : -25.656435
[setup in-reg] enable_cycle -> _88257_/D : -25.656435
[setup in-reg] enable_cycle -> _88258_/D : -25.656435
[setup in-reg] enable_cycle -> _88259_/D : -25.656435
[setup in-reg] enable_cycle -> _88260_/D : -25.656435
[setup in-reg] enable_cycle -> _88261_/D : -25.656435
[setup in-reg] enable_cycle -> _88262_/D : -25.656435
[setup in-reg] enable_cycle -> _88263_/D : -25.656435
[setup in-reg] enable_cycle -> _88350_/D : -25.656435
[setup in-reg] enable_cycle -> _88351_/D : -25.656435
[setup in-reg] enable_cycle -> _88352_/D : -25.656435
[setup in-reg] enable_cycle -> _88353_/D : -25.656435
[setup in-reg] enable_cycle -> _88354_/D : -25.656435
[setup in-reg] enable_cycle -> _88355_/D : -25.656435
[setup in-reg] enable_cycle -> _88356_/D : -25.656435
[setup in-reg] enable_cycle -> _88357_/D : -25.656435
[setup in-reg] enable_cycle -> _88444_/D : -25.656435
[setup in-reg] enable_cycle -> _88445_/D : -25.656435
[setup in-reg] enable_cycle -> _88446_/D : -25.656435
[setup in-reg] enable_cycle -> _88447_/D : -25.656435
[setup in-reg] enable_cycle -> _88448_/D : -25.656435
[setup in-reg] enable_cycle -> _88449_/D : -25.656435
[setup in-reg] enable_cycle -> _88450_/D : -25.656435
[setup in-reg] enable_cycle -> _88451_/D : -25.656435
[setup in-reg] enable_cycle -> _83566_/D : -25.648495
[setup in-reg] enable_cycle -> _83932_/D : -25.648495
[setup in-reg] enable_cycle -> _84023_/D : -25.648495
[setup in-reg] enable_cycle -> _84223_/D : -25.648495
[setup in-reg] enable_cycle -> _85123_/D : -25.565577
[setup in-reg] enable_cycle -> _85315_/D : -25.565577
[setup in-reg] enable_cycle -> _85491_/D : -25.565577
[setup in-reg] enable_cycle -> _85646_/D : -25.565577
[setup in-reg] enable_cycle -> _85728_/D : -25.565577
[setup in-reg] enable_cycle -> _86537_/D : -25.565577
[setup in-reg] enable_cycle -> _86622_/D : -25.565577
[setup in-reg] enable_cycle -> _87293_/D : -25.565577
[setup in-reg] enable_cycle -> _86197_/D : -25.551170
[setup in-reg] enable_cycle -> _86707_/D : -25.551170
[setup in-reg] enable_cycle -> _86853_/D : -25.551170
[setup in-reg] enable_cycle -> _87986_/D : -25.494478
[setup in-reg] enable_cycle -> _83118_/D : -25.479872
[setup in-reg] enable_cycle -> _85549_/D : -25.479872
[setup in-reg] enable_cycle -> _85713_/D : -25.479872
[setup in-reg] enable_cycle -> _85877_/D : -25.479872
[setup in-reg] enable_cycle -> _86041_/D : -25.479872
[setup in-reg] enable_cycle -> _86182_/D : -25.479872
[setup in-reg] enable_cycle -> _86352_/D : -25.479872
[setup in-reg] enable_cycle -> _86522_/D : -25.479872
[setup in-reg] enable_cycle -> _86692_/D : -25.479872
[setup in-reg] enable_cycle -> _86838_/D : -25.479872
[setup in-reg] enable_cycle -> _87014_/D : -25.479872
[setup in-reg] enable_cycle -> _87190_/D : -25.479872
[setup in-reg] enable_cycle -> _87366_/D : -25.479872
[setup in-reg] enable_cycle -> _87608_/D : -25.479872
[setup in-reg] enable_cycle -> _88577_/D : -25.459915
[setup in-reg] enable_cycle -> _88578_/D : -25.459915
[setup in-reg] enable_cycle -> _88579_/D : -25.459915
[setup in-reg] enable_cycle -> _88580_/D : -25.459915
[setup in-reg] enable_cycle -> _88581_/D : -25.459915
[setup in-reg] enable_cycle -> _88582_/D : -25.459915
[setup in-reg] enable_cycle -> _88583_/D : -25.459915
[setup in-reg] enable_cycle -> _88584_/D : -25.459915
[setup in-reg] enable_cycle -> _88714_/D : -25.459915
[setup in-reg] enable_cycle -> _88715_/D : -25.459915
[setup in-reg] enable_cycle -> _88716_/D : -25.459915
[setup in-reg] enable_cycle -> _88717_/D : -25.459915
[setup in-reg] enable_cycle -> _88718_/D : -25.459915
[setup in-reg] enable_cycle -> _88719_/D : -25.459915
[setup in-reg] enable_cycle -> _88720_/D : -25.459915
[setup in-reg] enable_cycle -> _88721_/D : -25.459915
[setup in-reg] enable_cycle -> _88909_/D : -25.459915
[setup in-reg] enable_cycle -> _88910_/D : -25.459915
[setup in-reg] enable_cycle -> _88911_/D : -25.459915
[setup in-reg] enable_cycle -> _88912_/D : -25.459915
[setup in-reg] enable_cycle -> _88913_/D : -25.459915
[setup in-reg] enable_cycle -> _88914_/D : -25.459915
[setup in-reg] enable_cycle -> _88915_/D : -25.459915
[setup in-reg] enable_cycle -> _88916_/D : -25.459915
[setup in-reg] enable_cycle -> _89078_/D : -25.459915
[setup in-reg] enable_cycle -> _89079_/D : -25.459915
[setup in-reg] enable_cycle -> _89080_/D : -25.459915
[setup in-reg] enable_cycle -> _89081_/D : -25.459915
[setup in-reg] enable_cycle -> _89082_/D : -25.459915
[setup in-reg] enable_cycle -> _89083_/D : -25.459915
[setup in-reg] enable_cycle -> _89084_/D : -25.407925
[setup in-reg] enable_cycle -> _89085_/D : -25.407925
[setup in-reg] enable_cycle -> _87714_/D : -24.851389
[setup in-reg] enable_cycle -> _86774_/D : -24.817539
[setup in-reg] enable_cycle -> _87623_/D : -24.817539
[setup in-reg] enable_cycle -> _83410_/D : -24.712965
[setup in-reg] enable_cycle -> _84716_/D : -24.712965
[setup in-reg] enable_cycle -> _85187_/D : -24.712965
[setup in-reg] enable_cycle -> _85892_/D : -24.712965
[setup in-reg] enable_cycle -> _86282_/D : -24.712965
[setup in-reg] enable_cycle -> _87205_/D : -24.712965
[setup in-reg] enable_cycle -> _83183_/D : -24.678110
[setup in-reg] enable_cycle -> _83237_/D : -24.644972
[setup in-reg] enable_cycle -> _83392_/D : -24.644972
[setup in-reg] enable_cycle -> _83460_/D : -24.644972
[setup in-reg] enable_cycle -> _83758_/D : -24.644972
[setup in-reg] enable_cycle -> _84018_/D : -24.644972
[setup in-reg] enable_cycle -> _84509_/D : -24.644972
[setup in-reg] enable_cycle -> _84517_/D : -24.644972
[setup in-reg] enable_cycle -> _84702_/D : -24.644972
[setup in-reg] enable_cycle -> _84709_/D : -24.644972
[setup in-reg] enable_cycle -> _85237_/D : -24.644972
[setup in-reg] enable_cycle -> _85477_/D : -24.644972
[setup in-reg] enable_cycle -> _85550_/D : -24.644972
[setup in-reg] enable_cycle -> _85557_/D : -24.644972
[setup in-reg] enable_cycle -> _85722_/D : -24.644972
[setup in-reg] enable_cycle -> _85802_/D : -24.644972
[setup in-reg] enable_cycle -> _86107_/D : -24.644972
[setup in-reg] enable_cycle -> _86191_/D : -24.644972
[setup in-reg] enable_cycle -> _86268_/D : -24.644972
[setup in-reg] enable_cycle -> _86438_/D : -24.644972
[setup in-reg] enable_cycle -> _86531_/D : -24.644972
[setup in-reg] enable_cycle -> _86701_/D : -24.644972
[setup in-reg] enable_cycle -> _86760_/D : -24.644972
[setup in-reg] enable_cycle -> _86772_/D : -24.644972
[setup in-reg] enable_cycle -> _87111_/D : -24.644972
[setup in-reg] enable_cycle -> _87375_/D : -24.644972
[setup in-reg] enable_cycle -> _87707_/D : -24.644972
[setup in-reg] enable_cycle -> _88074_/D : -24.644972
[setup in-reg] enable_cycle -> _88220_/D : -24.644972
[setup in-reg] enable_cycle -> _88548_/D : -24.644972
[setup in-reg] enable_cycle -> _88551_/D : -24.644972
[setup in-reg] enable_cycle -> _88816_/D : -24.644972
[setup in-reg] enable_cycle -> _88887_/D : -24.644972
[setup in-reg] enable_cycle -> _88991_/D : -24.644972
[setup in-reg] enable_cycle -> _83238_/D : -24.639935
[setup in-reg] enable_cycle -> _84510_/D : -24.639935
[setup in-reg] enable_cycle -> _84610_/D : -24.639935
[setup in-reg] enable_cycle -> _84703_/D : -24.639935
[setup in-reg] enable_cycle -> _84846_/D : -24.639935
[setup in-reg] enable_cycle -> _85238_/D : -24.639935
[setup in-reg] enable_cycle -> _85478_/D : -24.639935
[setup in-reg] enable_cycle -> _85633_/D : -24.639935
[setup in-reg] enable_cycle -> _85961_/D : -24.639935
[setup in-reg] enable_cycle -> _86108_/D : -24.639935
[setup in-reg] enable_cycle -> _86269_/D : -24.639935
[setup in-reg] enable_cycle -> _86439_/D : -24.639935
[setup in-reg] enable_cycle -> _86609_/D : -24.639935
[setup in-reg] enable_cycle -> _86761_/D : -24.639935
[setup in-reg] enable_cycle -> _87104_/D : -24.639935
[setup in-reg] enable_cycle -> _87280_/D : -24.639935
[setup in-reg] enable_cycle -> _88874_/D : -24.639935
[setup in-reg] enable_cycle -> _87087_/D : -24.577387
[setup in-reg] enable_cycle -> _87351_/D : -24.577387
[setup in-reg] enable_cycle -> _87482_/D : -24.577387
[setup in-reg] enable_cycle -> _87690_/D : -24.577387
[setup in-reg] enable_cycle -> _87956_/D : -24.577387
[setup in-reg] enable_cycle -> _88392_/D : -24.577387
[setup in-reg] enable_cycle -> _88464_/D : -24.577387
[setup in-reg] enable_cycle -> _86027_/D : -24.574184
[setup in-reg] enable_cycle -> _87011_/D : -24.572725
[setup in-reg] enable_cycle -> _87863_/D : -24.572615
[setup in-reg] enable_cycle -> _87867_/D : -24.572615
[setup in-reg] enable_cycle -> _88180_/D : -24.572615
[setup in-reg] enable_cycle -> _89040_/D : -24.561663
[setup in-reg] enable_cycle -> _83469_/D : -24.534561
[setup in-reg] enable_cycle -> _83327_/D : -24.517309
[setup in-reg] enable_cycle -> _84101_/D : -24.517309
[setup in-reg] enable_cycle -> _84401_/D : -24.517309
[setup in-reg] enable_cycle -> _84601_/D : -24.517309
[setup in-reg] enable_cycle -> _84764_/D : -24.517309
[setup in-reg] enable_cycle -> _85700_/D : -24.517309
[setup in-reg] enable_cycle -> _87101_/D : -24.506264
[setup in-reg] enable_cycle -> _87365_/D : -24.506264
[setup in-reg] enable_cycle -> _87496_/D : -24.506264
[setup in-reg] enable_cycle -> _87880_/D : -24.506275
[setup in-reg] enable_cycle -> _88478_/D : -24.506239
[setup in-reg] enable_cycle -> _88752_/D : -24.502083
[setup in-reg] enable_cycle -> _89036_/D : -24.502083
[setup in-reg] enable_cycle -> _83449_/D : -24.497805
[setup in-reg] enable_cycle -> _86923_/D : -24.496733
[setup in-reg] enable_cycle -> _86521_/D : -24.495056
[setup in-reg] enable_cycle -> _86606_/D : -24.495056
[setup in-reg] enable_cycle -> _86691_/D : -24.495056
[setup in-reg] enable_cycle -> _86818_/D : -24.495056
[setup in-reg] enable_cycle -> _88536_/D : -24.495060
[setup in-reg] enable_cycle -> _88673_/D : -24.495060
[setup in-reg] enable_cycle -> _88868_/D : -24.495060
[setup in-reg] enable_cycle -> _88970_/D : -24.495056
[setup in-reg] enable_cycle -> _85630_/D : -24.478304
[setup in-reg] enable_cycle -> _86266_/D : -24.478294
[setup in-reg] enable_cycle -> _86351_/D : -24.478294
[setup in-reg] enable_cycle -> _86436_/D : -24.478294
[setup in-reg] enable_cycle -> _83179_/D : -24.457926
[setup in-reg] enable_cycle -> _83323_/D : -24.457926
[setup in-reg] enable_cycle -> _83332_/D : -24.457926
[setup in-reg] enable_cycle -> _83453_/D : -24.457926
[setup in-reg] enable_cycle -> _87878_/D : -24.448805
[setup in-reg] enable_cycle -> _83322_/D : -24.445332
[setup in-reg] enable_cycle -> _83436_/D : -24.445328
[setup in-reg] enable_cycle -> _83533_/D : -24.445328
[setup in-reg] enable_cycle -> _83630_/D : -24.445326
[setup in-reg] enable_cycle -> _84189_/D : -24.445328
[setup in-reg] enable_cycle -> _84489_/D : -24.445328
[setup in-reg] enable_cycle -> _84491_/D : -24.445328
[setup in-reg] enable_cycle -> _83351_/D : -24.445065
[setup in-reg] enable_cycle -> _83352_/D : -24.445065
[setup in-reg] enable_cycle -> _83353_/D : -24.445065
[setup in-reg] enable_cycle -> _83354_/D : -24.445065
[setup in-reg] enable_cycle -> _83355_/D : -24.445065
[setup in-reg] enable_cycle -> _83356_/D : -24.445065
[setup in-reg] enable_cycle -> _83357_/D : -24.445065
[setup in-reg] enable_cycle -> _83358_/D : -24.445065
[setup in-reg] enable_cycle -> _83359_/D : -24.445065
[setup in-reg] enable_cycle -> _83360_/D : -24.445065
[setup in-reg] enable_cycle -> _83361_/D : -24.445065
[setup in-reg] enable_cycle -> _83362_/D : -24.445065
[setup in-reg] enable_cycle -> _83363_/D : -24.445065
[setup in-reg] enable_cycle -> _83364_/D : -24.445065
[setup in-reg] enable_cycle -> _83365_/D : -24.445065
[setup in-reg] enable_cycle -> _83366_/D : -24.445065
[setup in-reg] enable_cycle -> _83367_/D : -24.445065
[setup in-reg] enable_cycle -> _83368_/D : -24.445065
[setup in-reg] enable_cycle -> _83369_/D : -24.445065
[setup in-reg] enable_cycle -> _83370_/D : -24.445065
[setup in-reg] enable_cycle -> _83470_/D : -24.445065
[setup in-reg] enable_cycle -> _83471_/D : -24.445065
[setup in-reg] enable_cycle -> _83472_/D : -24.445065
[setup in-reg] enable_cycle -> _83473_/D : -24.445065
[setup in-reg] enable_cycle -> _83474_/D : -24.445065
[setup in-reg] enable_cycle -> _83475_/D : -24.445065
[setup in-reg] enable_cycle -> _83476_/D : -24.445065
[setup in-reg] enable_cycle -> _83477_/D : -24.445065
[setup in-reg] enable_cycle -> _83478_/D : -24.445065
[setup in-reg] enable_cycle -> _83479_/D : -24.445065
[setup in-reg] enable_cycle -> _83480_/D : -24.445065
[setup in-reg] enable_cycle -> _83481_/D : -24.445065
[setup in-reg] enable_cycle -> _83482_/D : -24.445065
[setup in-reg] enable_cycle -> _83483_/D : -24.445065
[setup in-reg] enable_cycle -> _83484_/D : -24.445065
[setup in-reg] enable_cycle -> _83485_/D : -24.445065
[setup in-reg] enable_cycle -> _83486_/D : -24.445065
[setup in-reg] enable_cycle -> _83487_/D : -24.445065
[setup in-reg] enable_cycle -> _83488_/D : -24.445065
[setup in-reg] enable_cycle -> _83489_/D : -24.445065
[setup in-reg] enable_cycle -> _83490_/D : -24.445065
[setup in-reg] enable_cycle -> _83491_/D : -24.445065
[setup in-reg] enable_cycle -> _83567_/D : -24.445065
[setup in-reg] enable_cycle -> _83568_/D : -24.445065
[setup in-reg] enable_cycle -> _83569_/D : -24.445065
[setup in-reg] enable_cycle -> _83570_/D : -24.445065
[setup in-reg] enable_cycle -> _83571_/D : -24.445065
[setup in-reg] enable_cycle -> _83572_/D : -24.445065
[setup in-reg] enable_cycle -> _83573_/D : -24.445065
[setup in-reg] enable_cycle -> _83574_/D : -24.445065
[setup in-reg] enable_cycle -> _83575_/D : -24.445065
[setup in-reg] enable_cycle -> _83576_/D : -24.445065
[setup in-reg] enable_cycle -> _83577_/D : -24.445065
[setup in-reg] enable_cycle -> _83578_/D : -24.445065
[setup in-reg] enable_cycle -> _83579_/D : -24.445065
[setup in-reg] enable_cycle -> _83580_/D : -24.445065
[setup in-reg] enable_cycle -> _83581_/D : -24.445065
[setup in-reg] enable_cycle -> _83582_/D : -24.445065
[setup in-reg] enable_cycle -> _83583_/D : -24.445065
[setup in-reg] enable_cycle -> _83584_/D : -24.445065
[setup in-reg] enable_cycle -> _83585_/D : -24.445065
[setup in-reg] enable_cycle -> _83586_/D : -24.445065
[setup in-reg] enable_cycle -> _83587_/D : -24.445065
[setup in-reg] enable_cycle -> _83588_/D : -24.445065
[setup in-reg] enable_cycle -> _83664_/D : -24.445065
[setup in-reg] enable_cycle -> _83665_/D : -24.445065
[setup in-reg] enable_cycle -> _83666_/D : -24.445065
[setup in-reg] enable_cycle -> _83667_/D : -24.445065
[setup in-reg] enable_cycle -> _83668_/D : -24.445065
[setup in-reg] enable_cycle -> _83669_/D : -24.445065
[setup in-reg] enable_cycle -> _83670_/D : -24.445065
[setup in-reg] enable_cycle -> _83671_/D : -24.445065
[setup in-reg] enable_cycle -> _83672_/D : -24.445065
[setup in-reg] enable_cycle -> _83673_/D : -24.445065
[setup in-reg] enable_cycle -> _83674_/D : -24.445065
[setup in-reg] enable_cycle -> _83675_/D : -24.445065
[setup in-reg] enable_cycle -> _83676_/D : -24.445065
[setup in-reg] enable_cycle -> _83677_/D : -24.445065
[setup in-reg] enable_cycle -> _83678_/D : -24.445065
[setup in-reg] enable_cycle -> _83679_/D : -24.445065
[setup in-reg] enable_cycle -> _83680_/D : -24.445065
[setup in-reg] enable_cycle -> _83681_/D : -24.445065
[setup in-reg] enable_cycle -> _83682_/D : -24.445065
[setup in-reg] enable_cycle -> _83683_/D : -24.445065
[setup in-reg] enable_cycle -> _83684_/D : -24.445065
[setup in-reg] enable_cycle -> _83685_/D : -24.445065
[setup in-reg] enable_cycle -> _83761_/D : -24.445065
[setup in-reg] enable_cycle -> _83762_/D : -24.445065
[setup in-reg] enable_cycle -> _83763_/D : -24.445065
[setup in-reg] enable_cycle -> _83764_/D : -24.445065
[setup in-reg] enable_cycle -> _83765_/D : -24.445065
[setup in-reg] enable_cycle -> _83766_/D : -24.445065
[setup in-reg] enable_cycle -> _83767_/D : -24.445065
[setup in-reg] enable_cycle -> _83768_/D : -24.445065
[setup in-reg] enable_cycle -> _83769_/D : -24.445065
[setup in-reg] enable_cycle -> _83770_/D : -24.445065
[setup in-reg] enable_cycle -> _83771_/D : -24.445065
[setup in-reg] enable_cycle -> _83772_/D : -24.445065
[setup in-reg] enable_cycle -> _83773_/D : -24.445065
[setup in-reg] enable_cycle -> _83774_/D : -24.445065
[setup in-reg] enable_cycle -> _83775_/D : -24.445065
[setup in-reg] enable_cycle -> _83776_/D : -24.445065
[setup in-reg] enable_cycle -> _83777_/D : -24.445065
[setup in-reg] enable_cycle -> _83778_/D : -24.445065
[setup in-reg] enable_cycle -> _83779_/D : -24.445065
[setup in-reg] enable_cycle -> _83780_/D : -24.445065
[setup in-reg] enable_cycle -> _83781_/D : -24.445065
[setup in-reg] enable_cycle -> _83782_/D : -24.445065
[setup in-reg] enable_cycle -> _83858_/D : -24.445065
[setup in-reg] enable_cycle -> _83859_/D : -24.445065
[setup in-reg] enable_cycle -> _83860_/D : -24.445065
[setup in-reg] enable_cycle -> _83861_/D : -24.445065
[setup in-reg] enable_cycle -> _83862_/D : -24.445065
[setup in-reg] enable_cycle -> _83863_/D : -24.445065
[setup in-reg] enable_cycle -> _83864_/D : -24.445065
[setup in-reg] enable_cycle -> _83865_/D : -24.445065
[setup in-reg] enable_cycle -> _83866_/D : -24.445065
[setup in-reg] enable_cycle -> _83867_/D : -24.445065
[setup in-reg] enable_cycle -> _83868_/D : -24.445065
[setup in-reg] enable_cycle -> _83869_/D : -24.445065
[setup in-reg] enable_cycle -> _83870_/D : -24.445065
[setup in-reg] enable_cycle -> _83871_/D : -24.445065
[setup in-reg] enable_cycle -> _83872_/D : -24.445065
[setup in-reg] enable_cycle -> _83873_/D : -24.445065
[setup in-reg] enable_cycle -> _83874_/D : -24.445065
[setup in-reg] enable_cycle -> _83875_/D : -24.445065
[setup in-reg] enable_cycle -> _83876_/D : -24.445065
[setup in-reg] enable_cycle -> _83877_/D : -24.445065
[setup in-reg] enable_cycle -> _83878_/D : -24.445065
[setup in-reg] enable_cycle -> _83879_/D : -24.445065
[setup in-reg] enable_cycle -> _84860_/D : -24.445065
[setup in-reg] enable_cycle -> _84861_/D : -24.445065
[setup in-reg] enable_cycle -> _84862_/D : -24.445065
[setup in-reg] enable_cycle -> _84863_/D : -24.445065
[setup in-reg] enable_cycle -> _84864_/D : -24.445065
[setup in-reg] enable_cycle -> _84865_/D : -24.445065
[setup in-reg] enable_cycle -> _84866_/D : -24.445065
[setup in-reg] enable_cycle -> _84867_/D : -24.445065
[setup in-reg] enable_cycle -> _84868_/D : -24.445065
[setup in-reg] enable_cycle -> _84869_/D : -24.445065
[setup in-reg] enable_cycle -> _84870_/D : -24.445065
[setup in-reg] enable_cycle -> _84871_/D : -24.445065
[setup in-reg] enable_cycle -> _84872_/D : -24.445065
[setup in-reg] enable_cycle -> _84873_/D : -24.445065
[setup in-reg] enable_cycle -> _84874_/D : -24.445065
[setup in-reg] enable_cycle -> _84875_/D : -24.445065
[setup in-reg] enable_cycle -> _85092_/D : -24.445065
[setup in-reg] enable_cycle -> _85093_/D : -24.445065
[setup in-reg] enable_cycle -> _85094_/D : -24.445065
[setup in-reg] enable_cycle -> _85095_/D : -24.445065
[setup in-reg] enable_cycle -> _85096_/D : -24.445065
[setup in-reg] enable_cycle -> _85097_/D : -24.445065
[setup in-reg] enable_cycle -> _85098_/D : -24.445065
[setup in-reg] enable_cycle -> _85099_/D : -24.445065
[setup in-reg] enable_cycle -> _85100_/D : -24.445065
[setup in-reg] enable_cycle -> _85101_/D : -24.445065
[setup in-reg] enable_cycle -> _85102_/D : -24.445065
[setup in-reg] enable_cycle -> _85103_/D : -24.445065
[setup in-reg] enable_cycle -> _85104_/D : -24.445065
[setup in-reg] enable_cycle -> _85105_/D : -24.445065
[setup in-reg] enable_cycle -> _85106_/D : -24.445065
[setup in-reg] enable_cycle -> _85107_/D : -24.445065
[setup in-reg] enable_cycle -> _85124_/D : -24.445065
[setup in-reg] enable_cycle -> _85125_/D : -24.445065
[setup in-reg] enable_cycle -> _85126_/D : -24.445065
[setup in-reg] enable_cycle -> _85127_/D : -24.445065
[setup in-reg] enable_cycle -> _85128_/D : -24.445065
[setup in-reg] enable_cycle -> _85129_/D : -24.445065
[setup in-reg] enable_cycle -> _85130_/D : -24.445065
[setup in-reg] enable_cycle -> _85131_/D : -24.445065
[setup in-reg] enable_cycle -> _85132_/D : -24.445065
[setup in-reg] enable_cycle -> _85133_/D : -24.445065
[setup in-reg] enable_cycle -> _85134_/D : -24.445065
[setup in-reg] enable_cycle -> _85135_/D : -24.445065
[setup in-reg] enable_cycle -> _85136_/D : -24.445065
[setup in-reg] enable_cycle -> _85137_/D : -24.445065
[setup in-reg] enable_cycle -> _85138_/D : -24.445065
[setup in-reg] enable_cycle -> _85139_/D : -24.445065
[setup in-reg] enable_cycle -> _85156_/D : -24.445065
[setup in-reg] enable_cycle -> _85157_/D : -24.445065
[setup in-reg] enable_cycle -> _85158_/D : -24.445065
[setup in-reg] enable_cycle -> _85159_/D : -24.445065
[setup in-reg] enable_cycle -> _85160_/D : -24.445065
[setup in-reg] enable_cycle -> _85161_/D : -24.445065
[setup in-reg] enable_cycle -> _85162_/D : -24.445065
[setup in-reg] enable_cycle -> _85163_/D : -24.445065
[setup in-reg] enable_cycle -> _85164_/D : -24.445065
[setup in-reg] enable_cycle -> _85165_/D : -24.445065
[setup in-reg] enable_cycle -> _85166_/D : -24.445065
[setup in-reg] enable_cycle -> _85167_/D : -24.445065
[setup in-reg] enable_cycle -> _85168_/D : -24.445065
[setup in-reg] enable_cycle -> _85169_/D : -24.445065
[setup in-reg] enable_cycle -> _85170_/D : -24.445065
[setup in-reg] enable_cycle -> _85171_/D : -24.445065
[setup in-reg] enable_cycle -> _85188_/D : -24.445065
[setup in-reg] enable_cycle -> _85189_/D : -24.445065
[setup in-reg] enable_cycle -> _85190_/D : -24.445065
[setup in-reg] enable_cycle -> _85191_/D : -24.445065
[setup in-reg] enable_cycle -> _85192_/D : -24.445065
[setup in-reg] enable_cycle -> _85193_/D : -24.445065
[setup in-reg] enable_cycle -> _85194_/D : -24.445065
[setup in-reg] enable_cycle -> _85195_/D : -24.445065
[setup in-reg] enable_cycle -> _85196_/D : -24.445065
[setup in-reg] enable_cycle -> _85197_/D : -24.445065
[setup in-reg] enable_cycle -> _85198_/D : -24.445065
[setup in-reg] enable_cycle -> _85199_/D : -24.445065
[setup in-reg] enable_cycle -> _85200_/D : -24.445065
[setup in-reg] enable_cycle -> _85201_/D : -24.445065
[setup in-reg] enable_cycle -> _85202_/D : -24.445065
[setup in-reg] enable_cycle -> _85203_/D : -24.445065
[setup in-reg] enable_cycle -> _85220_/D : -24.445065
[setup in-reg] enable_cycle -> _85221_/D : -24.445065
[setup in-reg] enable_cycle -> _85222_/D : -24.445065
[setup in-reg] enable_cycle -> _85223_/D : -24.445065
[setup in-reg] enable_cycle -> _85224_/D : -24.445065
[setup in-reg] enable_cycle -> _85225_/D : -24.445065
[setup in-reg] enable_cycle -> _85226_/D : -24.445065
[setup in-reg] enable_cycle -> _85227_/D : -24.445065
[setup in-reg] enable_cycle -> _85228_/D : -24.445065
[setup in-reg] enable_cycle -> _85229_/D : -24.445065
[setup in-reg] enable_cycle -> _85230_/D : -24.445065
[setup in-reg] enable_cycle -> _85231_/D : -24.445065
[setup in-reg] enable_cycle -> _85232_/D : -24.445065
[setup in-reg] enable_cycle -> _85233_/D : -24.445065
[setup in-reg] enable_cycle -> _85234_/D : -24.445065
[setup in-reg] enable_cycle -> _85235_/D : -24.445065
[setup in-reg] enable_cycle -> _85252_/D : -24.445065
[setup in-reg] enable_cycle -> _85253_/D : -24.445065
[setup in-reg] enable_cycle -> _85254_/D : -24.445065
[setup in-reg] enable_cycle -> _85255_/D : -24.445065
[setup in-reg] enable_cycle -> _85256_/D : -24.445065
[setup in-reg] enable_cycle -> _85257_/D : -24.445065
[setup in-reg] enable_cycle -> _85258_/D : -24.445065
[setup in-reg] enable_cycle -> _85259_/D : -24.445065
[setup in-reg] enable_cycle -> _85260_/D : -24.445065
[setup in-reg] enable_cycle -> _85261_/D : -24.445065
[setup in-reg] enable_cycle -> _85262_/D : -24.445065
[setup in-reg] enable_cycle -> _85263_/D : -24.445065
[setup in-reg] enable_cycle -> _85264_/D : -24.445065
[setup in-reg] enable_cycle -> _85265_/D : -24.445065
[setup in-reg] enable_cycle -> _85266_/D : -24.445065
[setup in-reg] enable_cycle -> _85267_/D : -24.445065
[setup in-reg] enable_cycle -> _85284_/D : -24.445065
[setup in-reg] enable_cycle -> _85285_/D : -24.445065
[setup in-reg] enable_cycle -> _85286_/D : -24.445065
[setup in-reg] enable_cycle -> _85287_/D : -24.445065
[setup in-reg] enable_cycle -> _85288_/D : -24.445065
[setup in-reg] enable_cycle -> _85289_/D : -24.445065
[setup in-reg] enable_cycle -> _85290_/D : -24.445065
[setup in-reg] enable_cycle -> _85291_/D : -24.445065
[setup in-reg] enable_cycle -> _85292_/D : -24.445065
[setup in-reg] enable_cycle -> _85293_/D : -24.445065
[setup in-reg] enable_cycle -> _85294_/D : -24.445065
[setup in-reg] enable_cycle -> _85295_/D : -24.445065
[setup in-reg] enable_cycle -> _85296_/D : -24.445065
[setup in-reg] enable_cycle -> _85297_/D : -24.445065
[setup in-reg] enable_cycle -> _85298_/D : -24.445065
[setup in-reg] enable_cycle -> _85299_/D : -24.445065
[setup in-reg] enable_cycle -> _85316_/D : -24.445065
[setup in-reg] enable_cycle -> _85317_/D : -24.445065
[setup in-reg] enable_cycle -> _85318_/D : -24.445065
[setup in-reg] enable_cycle -> _85319_/D : -24.445065
[setup in-reg] enable_cycle -> _85320_/D : -24.445065
[setup in-reg] enable_cycle -> _85321_/D : -24.445065
[setup in-reg] enable_cycle -> _85322_/D : -24.445065
[setup in-reg] enable_cycle -> _85323_/D : -24.445065
[setup in-reg] enable_cycle -> _85324_/D : -24.445065
[setup in-reg] enable_cycle -> _85325_/D : -24.445065
[setup in-reg] enable_cycle -> _85326_/D : -24.445065
[setup in-reg] enable_cycle -> _85327_/D : -24.445065
[setup in-reg] enable_cycle -> _85328_/D : -24.445065
[setup in-reg] enable_cycle -> _85329_/D : -24.445065
[setup in-reg] enable_cycle -> _85330_/D : -24.445065
[setup in-reg] enable_cycle -> _85331_/D : -24.445065
[setup in-reg] enable_cycle -> _85348_/D : -24.445065
[setup in-reg] enable_cycle -> _85349_/D : -24.445065
[setup in-reg] enable_cycle -> _85350_/D : -24.445065
[setup in-reg] enable_cycle -> _85351_/D : -24.445065
[setup in-reg] enable_cycle -> _85352_/D : -24.445065
[setup in-reg] enable_cycle -> _85353_/D : -24.445065
[setup in-reg] enable_cycle -> _85354_/D : -24.445065
[setup in-reg] enable_cycle -> _85355_/D : -24.445065
[setup in-reg] enable_cycle -> _85356_/D : -24.445065
[setup in-reg] enable_cycle -> _85357_/D : -24.445065
[setup in-reg] enable_cycle -> _85358_/D : -24.445065
[setup in-reg] enable_cycle -> _85359_/D : -24.445065
[setup in-reg] enable_cycle -> _85360_/D : -24.445065
[setup in-reg] enable_cycle -> _85361_/D : -24.445065
[setup in-reg] enable_cycle -> _85362_/D : -24.445065
[setup in-reg] enable_cycle -> _85363_/D : -24.445065
[setup in-reg] enable_cycle -> _85380_/D : -24.445065
[setup in-reg] enable_cycle -> _85381_/D : -24.445065
[setup in-reg] enable_cycle -> _85382_/D : -24.445065
[setup in-reg] enable_cycle -> _85383_/D : -24.445065
[setup in-reg] enable_cycle -> _85384_/D : -24.445065
[setup in-reg] enable_cycle -> _85385_/D : -24.445065
[setup in-reg] enable_cycle -> _85386_/D : -24.445065
[setup in-reg] enable_cycle -> _85387_/D : -24.445065
[setup in-reg] enable_cycle -> _85388_/D : -24.445065
[setup in-reg] enable_cycle -> _85389_/D : -24.445065
[setup in-reg] enable_cycle -> _85390_/D : -24.445065
[setup in-reg] enable_cycle -> _85391_/D : -24.445065
[setup in-reg] enable_cycle -> _85392_/D : -24.445065
[setup in-reg] enable_cycle -> _85393_/D : -24.445065
[setup in-reg] enable_cycle -> _85394_/D : -24.445065
[setup in-reg] enable_cycle -> _85395_/D : -24.445065
[setup in-reg] enable_cycle -> _85412_/D : -24.445065
[setup in-reg] enable_cycle -> _85413_/D : -24.445065
[setup in-reg] enable_cycle -> _85414_/D : -24.445065
[setup in-reg] enable_cycle -> _85415_/D : -24.445065
[setup in-reg] enable_cycle -> _85416_/D : -24.445065
[setup in-reg] enable_cycle -> _85417_/D : -24.445065
[setup in-reg] enable_cycle -> _85418_/D : -24.445065
[setup in-reg] enable_cycle -> _85419_/D : -24.445065
[setup in-reg] enable_cycle -> _85420_/D : -24.445065
[setup in-reg] enable_cycle -> _85421_/D : -24.445065
[setup in-reg] enable_cycle -> _85422_/D : -24.445065
[setup in-reg] enable_cycle -> _85423_/D : -24.445065
[setup in-reg] enable_cycle -> _85424_/D : -24.445065
[setup in-reg] enable_cycle -> _85425_/D : -24.445065
[setup in-reg] enable_cycle -> _85426_/D : -24.445065
[setup in-reg] enable_cycle -> _85427_/D : -24.445065
[setup in-reg] enable_cycle -> _85444_/D : -24.445065
[setup in-reg] enable_cycle -> _85445_/D : -24.445065
[setup in-reg] enable_cycle -> _85446_/D : -24.445065
[setup in-reg] enable_cycle -> _85447_/D : -24.445065
[setup in-reg] enable_cycle -> _85448_/D : -24.445065
[setup in-reg] enable_cycle -> _85449_/D : -24.445065
[setup in-reg] enable_cycle -> _85450_/D : -24.445065
[setup in-reg] enable_cycle -> _85451_/D : -24.445065
[setup in-reg] enable_cycle -> _85452_/D : -24.445065
[setup in-reg] enable_cycle -> _85453_/D : -24.445065
[setup in-reg] enable_cycle -> _85454_/D : -24.445065
[setup in-reg] enable_cycle -> _85455_/D : -24.445065
[setup in-reg] enable_cycle -> _85456_/D : -24.445065
[setup in-reg] enable_cycle -> _85457_/D : -24.445065
[setup in-reg] enable_cycle -> _85458_/D : -24.445065
[setup in-reg] enable_cycle -> _85459_/D : -24.445065
[setup in-reg] enable_cycle -> _85516_/D : -24.445065
[setup in-reg] enable_cycle -> _85517_/D : -24.445065
[setup in-reg] enable_cycle -> _85518_/D : -24.445065
[setup in-reg] enable_cycle -> _85519_/D : -24.445065
[setup in-reg] enable_cycle -> _85520_/D : -24.445065
[setup in-reg] enable_cycle -> _85521_/D : -24.445065
[setup in-reg] enable_cycle -> _85522_/D : -24.445065
[setup in-reg] enable_cycle -> _85523_/D : -24.445065
[setup in-reg] enable_cycle -> _85524_/D : -24.445065
[setup in-reg] enable_cycle -> _85525_/D : -24.445065
[setup in-reg] enable_cycle -> _85526_/D : -24.445065
[setup in-reg] enable_cycle -> _85527_/D : -24.445065
[setup in-reg] enable_cycle -> _85528_/D : -24.445065
[setup in-reg] enable_cycle -> _85529_/D : -24.445065
[setup in-reg] enable_cycle -> _85530_/D : -24.445065
[setup in-reg] enable_cycle -> _85531_/D : -24.445065
[setup in-reg] enable_cycle -> _85532_/D : -24.445065
[setup in-reg] enable_cycle -> _85533_/D : -24.445065
[setup in-reg] enable_cycle -> _85534_/D : -24.445065
[setup in-reg] enable_cycle -> _85535_/D : -24.445065
[setup in-reg] enable_cycle -> _85536_/D : -24.445065
[setup in-reg] enable_cycle -> _85537_/D : -24.445065
[setup in-reg] enable_cycle -> _85538_/D : -24.445065
[setup in-reg] enable_cycle -> _85539_/D : -24.445065
[setup in-reg] enable_cycle -> _85540_/D : -24.445065
[setup in-reg] enable_cycle -> _85541_/D : -24.445065
[setup in-reg] enable_cycle -> _85542_/D : -24.445065
[setup in-reg] enable_cycle -> _85543_/D : -24.445065
[setup in-reg] enable_cycle -> _85544_/D : -24.445065
[setup in-reg] enable_cycle -> _85545_/D : -24.445065
[setup in-reg] enable_cycle -> _85546_/D : -24.445065
[setup in-reg] enable_cycle -> _85547_/D : -24.445065
[setup in-reg] enable_cycle -> _85548_/D : -24.445065
[setup in-reg] enable_cycle -> _85647_/D : -24.445065
[setup in-reg] enable_cycle -> _85648_/D : -24.445065
[setup in-reg] enable_cycle -> _85649_/D : -24.445065
[setup in-reg] enable_cycle -> _85650_/D : -24.445065
[setup in-reg] enable_cycle -> _85651_/D : -24.445065
[setup in-reg] enable_cycle -> _85652_/D : -24.445065
[setup in-reg] enable_cycle -> _85653_/D : -24.445065
[setup in-reg] enable_cycle -> _85654_/D : -24.445065
[setup in-reg] enable_cycle -> _85655_/D : -24.445065
[setup in-reg] enable_cycle -> _85656_/D : -24.445065
[setup in-reg] enable_cycle -> _85657_/D : -24.445065
[setup in-reg] enable_cycle -> _85658_/D : -24.445065
[setup in-reg] enable_cycle -> _85659_/D : -24.445065
[setup in-reg] enable_cycle -> _85660_/D : -24.445065
[setup in-reg] enable_cycle -> _85661_/D : -24.445065
[setup in-reg] enable_cycle -> _85662_/D : -24.445065
[setup in-reg] enable_cycle -> _85663_/D : -24.445065
[setup in-reg] enable_cycle -> _85729_/D : -24.445065
[setup in-reg] enable_cycle -> _85730_/D : -24.445065
[setup in-reg] enable_cycle -> _85731_/D : -24.445065
[setup in-reg] enable_cycle -> _85732_/D : -24.445065
[setup in-reg] enable_cycle -> _85733_/D : -24.445065
[setup in-reg] enable_cycle -> _85734_/D : -24.445065
[setup in-reg] enable_cycle -> _85735_/D : -24.445065
[setup in-reg] enable_cycle -> _85736_/D : -24.445065
[setup in-reg] enable_cycle -> _85737_/D : -24.445065
[setup in-reg] enable_cycle -> _85738_/D : -24.445065
[setup in-reg] enable_cycle -> _85739_/D : -24.445065
[setup in-reg] enable_cycle -> _85740_/D : -24.445065
[setup in-reg] enable_cycle -> _85741_/D : -24.445065
[setup in-reg] enable_cycle -> _85742_/D : -24.445065
[setup in-reg] enable_cycle -> _85743_/D : -24.445065
[setup in-reg] enable_cycle -> _85744_/D : -24.445065
[setup in-reg] enable_cycle -> _85745_/D : -24.445065
[setup in-reg] enable_cycle -> _85811_/D : -24.445065
[setup in-reg] enable_cycle -> _85812_/D : -24.445065
[setup in-reg] enable_cycle -> _85813_/D : -24.445065
[setup in-reg] enable_cycle -> _85814_/D : -24.445065
[setup in-reg] enable_cycle -> _85815_/D : -24.445065
[setup in-reg] enable_cycle -> _85816_/D : -24.445065
[setup in-reg] enable_cycle -> _85817_/D : -24.445065
[setup in-reg] enable_cycle -> _85818_/D : -24.445065
[setup in-reg] enable_cycle -> _85819_/D : -24.445065
[setup in-reg] enable_cycle -> _85820_/D : -24.445065
[setup in-reg] enable_cycle -> _85821_/D : -24.445065
[setup in-reg] enable_cycle -> _85822_/D : -24.445065
[setup in-reg] enable_cycle -> _85823_/D : -24.445065
[setup in-reg] enable_cycle -> _85824_/D : -24.445065
[setup in-reg] enable_cycle -> _85825_/D : -24.445065
[setup in-reg] enable_cycle -> _85826_/D : -24.445065
[setup in-reg] enable_cycle -> _85827_/D : -24.445065
[setup in-reg] enable_cycle -> _85893_/D : -24.445065
[setup in-reg] enable_cycle -> _85894_/D : -24.445065
[setup in-reg] enable_cycle -> _85895_/D : -24.445065
[setup in-reg] enable_cycle -> _85896_/D : -24.445065
[setup in-reg] enable_cycle -> _85897_/D : -24.445065
[setup in-reg] enable_cycle -> _85898_/D : -24.445065
[setup in-reg] enable_cycle -> _85899_/D : -24.445065
[setup in-reg] enable_cycle -> _85900_/D : -24.445065
[setup in-reg] enable_cycle -> _85901_/D : -24.445065
[setup in-reg] enable_cycle -> _85902_/D : -24.445065
[setup in-reg] enable_cycle -> _85903_/D : -24.445065
[setup in-reg] enable_cycle -> _85904_/D : -24.445065
[setup in-reg] enable_cycle -> _85905_/D : -24.445065
[setup in-reg] enable_cycle -> _85906_/D : -24.445065
[setup in-reg] enable_cycle -> _85907_/D : -24.445065
[setup in-reg] enable_cycle -> _85908_/D : -24.445065
[setup in-reg] enable_cycle -> _85909_/D : -24.445065
[setup in-reg] enable_cycle -> _85975_/D : -24.445065
[setup in-reg] enable_cycle -> _85976_/D : -24.445065
[setup in-reg] enable_cycle -> _85977_/D : -24.445065
[setup in-reg] enable_cycle -> _85978_/D : -24.445065
[setup in-reg] enable_cycle -> _85979_/D : -24.445065
[setup in-reg] enable_cycle -> _85980_/D : -24.445065
[setup in-reg] enable_cycle -> _85981_/D : -24.445065
[setup in-reg] enable_cycle -> _85982_/D : -24.445065
[setup in-reg] enable_cycle -> _85983_/D : -24.445065
[setup in-reg] enable_cycle -> _85984_/D : -24.445065
[setup in-reg] enable_cycle -> _85985_/D : -24.445065
[setup in-reg] enable_cycle -> _85986_/D : -24.445065
[setup in-reg] enable_cycle -> _85987_/D : -24.445065
[setup in-reg] enable_cycle -> _85988_/D : -24.445065
[setup in-reg] enable_cycle -> _85989_/D : -24.445065
[setup in-reg] enable_cycle -> _85990_/D : -24.445065
[setup in-reg] enable_cycle -> _85991_/D : -24.445065
[setup in-reg] enable_cycle -> _86057_/D : -24.445065
[setup in-reg] enable_cycle -> _86058_/D : -24.445065
[setup in-reg] enable_cycle -> _86059_/D : -24.445065
[setup in-reg] enable_cycle -> _86060_/D : -24.445065
[setup in-reg] enable_cycle -> _86061_/D : -24.445065
[setup in-reg] enable_cycle -> _86062_/D : -24.445065
[setup in-reg] enable_cycle -> _86063_/D : -24.445065
[setup in-reg] enable_cycle -> _86064_/D : -24.445065
[setup in-reg] enable_cycle -> _86065_/D : -24.445065
[setup in-reg] enable_cycle -> _86066_/D : -24.445065
[setup in-reg] enable_cycle -> _86067_/D : -24.445065
[setup in-reg] enable_cycle -> _86068_/D : -24.445065
[setup in-reg] enable_cycle -> _86069_/D : -24.445065
[setup in-reg] enable_cycle -> _86070_/D : -24.445065
[setup in-reg] enable_cycle -> _86071_/D : -24.445065
[setup in-reg] enable_cycle -> _86072_/D : -24.445065
[setup in-reg] enable_cycle -> _86073_/D : -24.445065
[setup in-reg] enable_cycle -> _86283_/D : -24.445065
[setup in-reg] enable_cycle -> _86284_/D : -24.445065
[setup in-reg] enable_cycle -> _86285_/D : -24.445065
[setup in-reg] enable_cycle -> _86286_/D : -24.445065
[setup in-reg] enable_cycle -> _86287_/D : -24.445065
[setup in-reg] enable_cycle -> _86288_/D : -24.445065
[setup in-reg] enable_cycle -> _86289_/D : -24.445065
[setup in-reg] enable_cycle -> _86290_/D : -24.445065
[setup in-reg] enable_cycle -> _86291_/D : -24.445065
[setup in-reg] enable_cycle -> _86292_/D : -24.445065
[setup in-reg] enable_cycle -> _86293_/D : -24.445065
[setup in-reg] enable_cycle -> _86294_/D : -24.445065
[setup in-reg] enable_cycle -> _86295_/D : -24.445065
[setup in-reg] enable_cycle -> _86296_/D : -24.445065
[setup in-reg] enable_cycle -> _86297_/D : -24.445065
[setup in-reg] enable_cycle -> _86298_/D : -24.445065
[setup in-reg] enable_cycle -> _86299_/D : -24.445065
[setup in-reg] enable_cycle -> _86300_/D : -24.445065
[setup in-reg] enable_cycle -> _86368_/D : -24.445065
[setup in-reg] enable_cycle -> _86369_/D : -24.445065
[setup in-reg] enable_cycle -> _86370_/D : -24.445065
[setup in-reg] enable_cycle -> _86371_/D : -24.445065
[setup in-reg] enable_cycle -> _86372_/D : -24.445065
[setup in-reg] enable_cycle -> _86373_/D : -24.445065
[setup in-reg] enable_cycle -> _86374_/D : -24.445065
[setup in-reg] enable_cycle -> _86375_/D : -24.445065
[setup in-reg] enable_cycle -> _86376_/D : -24.445065
[setup in-reg] enable_cycle -> _86377_/D : -24.445065
[setup in-reg] enable_cycle -> _86378_/D : -24.445065
[setup in-reg] enable_cycle -> _86379_/D : -24.445065
[setup in-reg] enable_cycle -> _86380_/D : -24.445065
[setup in-reg] enable_cycle -> _86381_/D : -24.445065
[setup in-reg] enable_cycle -> _86382_/D : -24.445065
[setup in-reg] enable_cycle -> _86383_/D : -24.445065
[setup in-reg] enable_cycle -> _86384_/D : -24.445065
[setup in-reg] enable_cycle -> _86385_/D : -24.445065
[setup in-reg] enable_cycle -> _86453_/D : -24.445065
[setup in-reg] enable_cycle -> _86454_/D : -24.445065
[setup in-reg] enable_cycle -> _86455_/D : -24.445065
[setup in-reg] enable_cycle -> _86456_/D : -24.445065
[setup in-reg] enable_cycle -> _86457_/D : -24.445065
[setup in-reg] enable_cycle -> _86458_/D : -24.445065
[setup in-reg] enable_cycle -> _86459_/D : -24.445065
[setup in-reg] enable_cycle -> _86460_/D : -24.445065
[setup in-reg] enable_cycle -> _86461_/D : -24.445065
[setup in-reg] enable_cycle -> _86462_/D : -24.445065
[setup in-reg] enable_cycle -> _86463_/D : -24.445065
[setup in-reg] enable_cycle -> _86464_/D : -24.445065
[setup in-reg] enable_cycle -> _86465_/D : -24.445065
[setup in-reg] enable_cycle -> _86466_/D : -24.445065
[setup in-reg] enable_cycle -> _86467_/D : -24.445065
[setup in-reg] enable_cycle -> _86468_/D : -24.445065
[setup in-reg] enable_cycle -> _86469_/D : -24.445065
[setup in-reg] enable_cycle -> _86470_/D : -24.445065
[setup in-reg] enable_cycle -> _86538_/D : -24.445065
[setup in-reg] enable_cycle -> _86539_/D : -24.445065
[setup in-reg] enable_cycle -> _86540_/D : -24.445065
[setup in-reg] enable_cycle -> _86541_/D : -24.445065
[setup in-reg] enable_cycle -> _86542_/D : -24.445065
[setup in-reg] enable_cycle -> _86543_/D : -24.445065
[setup in-reg] enable_cycle -> _86544_/D : -24.445065
[setup in-reg] enable_cycle -> _86545_/D : -24.445065
[setup in-reg] enable_cycle -> _86546_/D : -24.445065
[setup in-reg] enable_cycle -> _86547_/D : -24.445065
[setup in-reg] enable_cycle -> _86548_/D : -24.445065
[setup in-reg] enable_cycle -> _86549_/D : -24.445065
[setup in-reg] enable_cycle -> _86550_/D : -24.445065
[setup in-reg] enable_cycle -> _86551_/D : -24.445065
[setup in-reg] enable_cycle -> _86552_/D : -24.445065
[setup in-reg] enable_cycle -> _86553_/D : -24.445065
[setup in-reg] enable_cycle -> _86554_/D : -24.445065
[setup in-reg] enable_cycle -> _86555_/D : -24.445065
[setup in-reg] enable_cycle -> _86623_/D : -24.445065
[setup in-reg] enable_cycle -> _86624_/D : -24.445065
[setup in-reg] enable_cycle -> _86625_/D : -24.445065
[setup in-reg] enable_cycle -> _86626_/D : -24.445065
[setup in-reg] enable_cycle -> _86627_/D : -24.445065
[setup in-reg] enable_cycle -> _86628_/D : -24.445065
[setup in-reg] enable_cycle -> _86629_/D : -24.445065
[setup in-reg] enable_cycle -> _86630_/D : -24.445065
[setup in-reg] enable_cycle -> _86631_/D : -24.445065
[setup in-reg] enable_cycle -> _86632_/D : -24.445065
[setup in-reg] enable_cycle -> _86633_/D : -24.445065
[setup in-reg] enable_cycle -> _86634_/D : -24.445065
[setup in-reg] enable_cycle -> _86635_/D : -24.445065
[setup in-reg] enable_cycle -> _86636_/D : -24.445065
[setup in-reg] enable_cycle -> _86637_/D : -24.445065
[setup in-reg] enable_cycle -> _86638_/D : -24.445065
[setup in-reg] enable_cycle -> _86639_/D : -24.445065
[setup in-reg] enable_cycle -> _86640_/D : -24.445065
[setup in-reg] enable_cycle -> _86708_/D : -24.445065
[setup in-reg] enable_cycle -> _86709_/D : -24.445065
[setup in-reg] enable_cycle -> _86710_/D : -24.445065
[setup in-reg] enable_cycle -> _86711_/D : -24.445065
[setup in-reg] enable_cycle -> _86712_/D : -24.445065
[setup in-reg] enable_cycle -> _86713_/D : -24.445065
[setup in-reg] enable_cycle -> _86714_/D : -24.445065
[setup in-reg] enable_cycle -> _86715_/D : -24.445065
[setup in-reg] enable_cycle -> _86716_/D : -24.445065
[setup in-reg] enable_cycle -> _86717_/D : -24.445065
[setup in-reg] enable_cycle -> _86718_/D : -24.445065
[setup in-reg] enable_cycle -> _86719_/D : -24.445065
[setup in-reg] enable_cycle -> _86720_/D : -24.445065
[setup in-reg] enable_cycle -> _86721_/D : -24.445065
[setup in-reg] enable_cycle -> _86722_/D : -24.445065
[setup in-reg] enable_cycle -> _86723_/D : -24.445065
[setup in-reg] enable_cycle -> _86724_/D : -24.445065
[setup in-reg] enable_cycle -> _86725_/D : -24.445065
[setup in-reg] enable_cycle -> _86942_/D : -24.445065
[setup in-reg] enable_cycle -> _86943_/D : -24.445065
[setup in-reg] enable_cycle -> _86944_/D : -24.445065
[setup in-reg] enable_cycle -> _86945_/D : -24.445065
[setup in-reg] enable_cycle -> _86946_/D : -24.445065
[setup in-reg] enable_cycle -> _86947_/D : -24.445065
[setup in-reg] enable_cycle -> _86948_/D : -24.445065
[setup in-reg] enable_cycle -> _86949_/D : -24.445065
[setup in-reg] enable_cycle -> _86950_/D : -24.445065
[setup in-reg] enable_cycle -> _86951_/D : -24.445065
[setup in-reg] enable_cycle -> _86952_/D : -24.445065
[setup in-reg] enable_cycle -> _86953_/D : -24.445065
[setup in-reg] enable_cycle -> _86954_/D : -24.445065
[setup in-reg] enable_cycle -> _86955_/D : -24.445065
[setup in-reg] enable_cycle -> _86956_/D : -24.445065
[setup in-reg] enable_cycle -> _86957_/D : -24.445065
[setup in-reg] enable_cycle -> _86958_/D : -24.445065
[setup in-reg] enable_cycle -> _86959_/D : -24.445065
[setup in-reg] enable_cycle -> _86960_/D : -24.445065
[setup in-reg] enable_cycle -> _84787_/D : -24.441229
[setup in-reg] enable_cycle -> _85794_/D : -24.441229
[setup in-reg] enable_cycle -> _85876_/D : -24.441229
[setup in-reg] enable_cycle -> _85958_/D : -24.441229
[setup in-reg] enable_cycle -> _83207_/D : -24.430502
[setup in-reg] enable_cycle -> _83241_/D : -24.430502
[setup in-reg] enable_cycle -> _83459_/D : -24.430502
[setup in-reg] enable_cycle -> _83564_/D : -24.430502
[setup in-reg] enable_cycle -> _83845_/D : -24.430502
[setup in-reg] enable_cycle -> _84113_/D : -24.430502
[setup in-reg] enable_cycle -> _84213_/D : -24.430502
[setup in-reg] enable_cycle -> _84411_/D : -24.430502
[setup in-reg] enable_cycle -> _84523_/D : -24.430502
[setup in-reg] enable_cycle -> _84613_/D : -24.430502
[setup in-reg] enable_cycle -> _84847_/D : -24.430502
[setup in-reg] enable_cycle -> _84850_/D : -24.430502
[setup in-reg] enable_cycle -> _85115_/D : -24.430502
[setup in-reg] enable_cycle -> _85121_/D : -24.430502
[setup in-reg] enable_cycle -> _85249_/D : -24.430502
[setup in-reg] enable_cycle -> _85372_/D : -24.430502
[setup in-reg] enable_cycle -> _85563_/D : -24.430502
[setup in-reg] enable_cycle -> _85564_/D : -24.430502
[setup in-reg] enable_cycle -> _85634_/D : -24.430502
[setup in-reg] enable_cycle -> _85635_/D : -24.430502
[setup in-reg] enable_cycle -> _85638_/D : -24.430502
[setup in-reg] enable_cycle -> _85807_/D : -24.430502
[setup in-reg] enable_cycle -> _85884_/D : -24.430502
[setup in-reg] enable_cycle -> _85964_/D : -24.430502
[setup in-reg] enable_cycle -> _86046_/D : -24.430502
[setup in-reg] enable_cycle -> _86187_/D : -24.430502
[setup in-reg] enable_cycle -> _86442_/D : -24.430502
[setup in-reg] enable_cycle -> _86697_/D : -24.430502
[setup in-reg] enable_cycle -> _86843_/D : -24.430502
[setup in-reg] enable_cycle -> _87017_/D : -24.430502
[setup in-reg] enable_cycle -> _87107_/D : -24.430502
[setup in-reg] enable_cycle -> _87449_/D : -24.430502
[setup in-reg] enable_cycle -> _87450_/D : -24.430502
[setup in-reg] enable_cycle -> _87982_/D : -24.430502
[setup in-reg] enable_cycle -> _88139_/D : -24.430502
[setup in-reg] enable_cycle -> _88545_/D : -24.430502
[setup in-reg] enable_cycle -> _88804_/D : -24.430502
[setup in-reg] enable_cycle -> _86163_/D : -24.429497
[setup in-reg] enable_cycle -> _86040_/D : -24.429405
[setup in-reg] enable_cycle -> _85629_/D : -24.428537
[setup in-reg] enable_cycle -> _84775_/D : -24.421419
[setup in-reg] enable_cycle -> _85782_/D : -24.421419
[setup in-reg] enable_cycle -> _85864_/D : -24.421419
[setup in-reg] enable_cycle -> _85946_/D : -24.421419
[setup in-reg] enable_cycle -> _86028_/D : -24.421417
[setup in-reg] enable_cycle -> _86151_/D : -24.421419
[setup in-reg] enable_cycle -> _87175_/D : -24.421419
[setup in-reg] enable_cycle -> _87177_/D : -24.421417
[setup in-reg] enable_cycle -> _87871_/D : -24.421417
[setup in-reg] enable_cycle -> _88523_/D : -24.421419
[setup in-reg] enable_cycle -> _85712_/D : -24.419798
[setup in-reg] enable_cycle -> _88538_/D : -24.418867
[setup in-reg] enable_cycle -> _88597_/D : -24.418867
[setup in-reg] enable_cycle -> _88660_/D : -24.418867
[setup in-reg] enable_cycle -> _88675_/D : -24.418867
[setup in-reg] enable_cycle -> _88855_/D : -24.418867
[setup in-reg] enable_cycle -> _88870_/D : -24.418867
[setup in-reg] enable_cycle -> _89026_/D : -24.402422
[setup in-reg] enable_cycle -> _83550_/D : -24.363087
[setup in-reg] enable_cycle -> _83647_/D : -24.363087
[setup in-reg] enable_cycle -> _83744_/D : -24.363087
[setup in-reg] enable_cycle -> _83841_/D : -24.363087
[setup in-reg] enable_cycle -> _84107_/D : -24.363087
[setup in-reg] enable_cycle -> _84207_/D : -24.363087
[setup in-reg] enable_cycle -> _84301_/D : -24.363087
[setup in-reg] enable_cycle -> _84307_/D : -24.363087
[setup in-reg] enable_cycle -> _84407_/D : -24.363087
[setup in-reg] enable_cycle -> _84507_/D : -24.363087
[setup in-reg] enable_cycle -> _84607_/D : -24.363087
[setup in-reg] enable_cycle -> _84770_/D : -24.363087
[setup in-reg] enable_cycle -> _86925_/D : -24.363087
[setup in-reg] enable_cycle -> _87013_/D : -24.363087
[setup in-reg] enable_cycle -> _87189_/D : -24.363087
[setup in-reg] enable_cycle -> _87277_/D : -24.363087
[setup in-reg] enable_cycle -> _87607_/D : -24.363087
[setup in-reg] enable_cycle -> _87698_/D : -24.363087
[setup in-reg] enable_cycle -> _87774_/D : -24.363087
[setup in-reg] enable_cycle -> _87957_/D : -24.363087
[setup in-reg] enable_cycle -> _87971_/D : -24.363087
[setup in-reg] enable_cycle -> _88197_/D : -24.363087
[setup in-reg] enable_cycle -> _88312_/D : -24.363087
[setup in-reg] enable_cycle -> _88406_/D : -24.363087
[setup in-reg] enable_cycle -> _88476_/D : -24.363087
[setup in-reg] enable_cycle -> _88498_/D : -24.363087
[setup in-reg] enable_cycle -> _88613_/D : -24.363087
[setup in-reg] enable_cycle -> _88618_/D : -24.363087
[setup in-reg] enable_cycle -> _88635_/D : -24.363087
[setup in-reg] enable_cycle -> _88746_/D : -24.363087
[setup in-reg] enable_cycle -> _87604_/D : -24.350248
[setup in-reg] enable_cycle -> _88308_/D : -24.350248
[setup in-reg] enable_cycle -> _83984_/D : -24.350201
[setup in-reg] enable_cycle -> _87789_/D : -24.350201
[setup in-reg] enable_cycle -> _88062_/D : -24.350201
[setup in-reg] enable_cycle -> _88539_/D : -24.350201
[setup in-reg] enable_cycle -> _88676_/D : -24.350201
[setup in-reg] enable_cycle -> _88871_/D : -24.350201
[setup in-reg] enable_cycle -> _86817_/D : -24.341125
[setup in-reg] enable_cycle -> _83452_/D : -24.330956
[setup in-reg] enable_cycle -> _84506_/D : -24.324476
[setup in-reg] enable_cycle -> _87188_/D : -24.324476
[setup in-reg] enable_cycle -> _87275_/D : -24.324476
[setup in-reg] enable_cycle -> _87276_/D : -24.324476
[setup in-reg] enable_cycle -> _83135_/D : -24.313547
[setup in-reg] enable_cycle -> _83136_/D : -24.313547
[setup in-reg] enable_cycle -> _83137_/D : -24.313547
[setup in-reg] enable_cycle -> _83138_/D : -24.313547
[setup in-reg] enable_cycle -> _83139_/D : -24.313547
[setup in-reg] enable_cycle -> _83140_/D : -24.313547
[setup in-reg] enable_cycle -> _83141_/D : -24.313547
[setup in-reg] enable_cycle -> _83142_/D : -24.313547
[setup in-reg] enable_cycle -> _83143_/D : -24.313547
[setup in-reg] enable_cycle -> _83144_/D : -24.313547
[setup in-reg] enable_cycle -> _83145_/D : -24.313547
[setup in-reg] enable_cycle -> _83146_/D : -24.313547
[setup in-reg] enable_cycle -> _83147_/D : -24.313547
[setup in-reg] enable_cycle -> _83148_/D : -24.313547
[setup in-reg] enable_cycle -> _83149_/D : -24.313547
[setup in-reg] enable_cycle -> _83150_/D : -24.313547
[setup in-reg] enable_cycle -> _83151_/D : -24.313547
[setup in-reg] enable_cycle -> _83152_/D : -24.313547
[setup in-reg] enable_cycle -> _83153_/D : -24.313547
[setup in-reg] enable_cycle -> _83154_/D : -24.313547
[setup in-reg] enable_cycle -> _83163_/D : -24.313547
[setup in-reg] enable_cycle -> _83164_/D : -24.313547
[setup in-reg] enable_cycle -> _83165_/D : -24.313547
[setup in-reg] enable_cycle -> _83166_/D : -24.313547
[setup in-reg] enable_cycle -> _83167_/D : -24.313547
[setup in-reg] enable_cycle -> _83168_/D : -24.313547
[setup in-reg] enable_cycle -> _83169_/D : -24.313547
[setup in-reg] enable_cycle -> _83170_/D : -24.313547
[setup in-reg] enable_cycle -> _83171_/D : -24.313547
[setup in-reg] enable_cycle -> _83172_/D : -24.313547
[setup in-reg] enable_cycle -> _83173_/D : -24.306631
[setup in-reg] enable_cycle -> _83174_/D : -24.306631
[setup in-reg] enable_cycle -> _83175_/D : -24.306631
[setup in-reg] enable_cycle -> _83176_/D : -24.306631
[setup in-reg] enable_cycle -> _83177_/D : -24.306631
[setup in-reg] enable_cycle -> _83178_/D : -24.306631
[setup in-reg] enable_cycle -> _83180_/D : -24.306631
[setup in-reg] enable_cycle -> _83181_/D : -24.306631
[setup in-reg] enable_cycle -> _83182_/D : -24.306631
[setup in-reg] enable_cycle -> _83214_/D : -24.306631
[setup in-reg] enable_cycle -> _83215_/D : -24.306631
[setup in-reg] enable_cycle -> _83216_/D : -24.306631
[setup in-reg] enable_cycle -> _83217_/D : -24.306631
[setup in-reg] enable_cycle -> _83218_/D : -24.306631
[setup in-reg] enable_cycle -> _83219_/D : -24.306631
[setup in-reg] enable_cycle -> _83220_/D : -24.306631
[setup in-reg] enable_cycle -> _83221_/D : -24.306631
[setup in-reg] enable_cycle -> _83222_/D : -24.306631
[setup in-reg] enable_cycle -> _83223_/D : -24.306631
[setup in-reg] enable_cycle -> _83224_/D : -24.306631
[setup in-reg] enable_cycle -> _83225_/D : -24.306631
[setup in-reg] enable_cycle -> _83226_/D : -24.306631
[setup in-reg] enable_cycle -> _83227_/D : -24.306631
[setup in-reg] enable_cycle -> _83228_/D : -24.306631
[setup in-reg] enable_cycle -> _83229_/D : -24.306631
[setup in-reg] enable_cycle -> _83230_/D : -24.306631
[setup in-reg] enable_cycle -> _83231_/D : -24.306631
[setup in-reg] enable_cycle -> _83232_/D : -24.306631
[setup in-reg] enable_cycle -> _83233_/D : -24.306631
[setup in-reg] enable_cycle -> _83234_/D : -24.306631
[setup in-reg] enable_cycle -> _83235_/D : -24.306631
[setup in-reg] enable_cycle -> _83311_/D : -24.306631
[setup in-reg] enable_cycle -> _83312_/D : -24.306631
[setup in-reg] enable_cycle -> _83313_/D : -24.306631
[setup in-reg] enable_cycle -> _83314_/D : -24.306631
[setup in-reg] enable_cycle -> _83315_/D : -24.306631
[setup in-reg] enable_cycle -> _83316_/D : -24.306631
[setup in-reg] enable_cycle -> _83317_/D : -24.306631
[setup in-reg] enable_cycle -> _83318_/D : -24.306631
[setup in-reg] enable_cycle -> _83319_/D : -24.306631
[setup in-reg] enable_cycle -> _83320_/D : -24.306631
[setup in-reg] enable_cycle -> _83321_/D : -24.306631
[setup in-reg] enable_cycle -> _83324_/D : -24.306631
[setup in-reg] enable_cycle -> _83325_/D : -24.306631
[setup in-reg] enable_cycle -> _83326_/D : -24.306631
[setup in-reg] enable_cycle -> _83328_/D : -24.306631
[setup in-reg] enable_cycle -> _83329_/D : -24.306631
[setup in-reg] enable_cycle -> _83330_/D : -24.306631
[setup in-reg] enable_cycle -> _83331_/D : -24.306631
[setup in-reg] enable_cycle -> _83432_/D : -24.306631
[setup in-reg] enable_cycle -> _83433_/D : -24.306631
[setup in-reg] enable_cycle -> _83434_/D : -24.306631
[setup in-reg] enable_cycle -> _83435_/D : -24.306631
[setup in-reg] enable_cycle -> _83437_/D : -24.306631
[setup in-reg] enable_cycle -> _83438_/D : -24.306631
[setup in-reg] enable_cycle -> _83439_/D : -24.306631
[setup in-reg] enable_cycle -> _83440_/D : -24.306631
[setup in-reg] enable_cycle -> _83441_/D : -24.306631
[setup in-reg] enable_cycle -> _83442_/D : -24.306631
[setup in-reg] enable_cycle -> _83443_/D : -24.306631
[setup in-reg] enable_cycle -> _83444_/D : -24.306631
[setup in-reg] enable_cycle -> _83445_/D : -24.306631
[setup in-reg] enable_cycle -> _83446_/D : -24.306631
[setup in-reg] enable_cycle -> _83447_/D : -24.306631
[setup in-reg] enable_cycle -> _83448_/D : -24.306631
[setup in-reg] enable_cycle -> _83450_/D : -24.306631
[setup in-reg] enable_cycle -> _83451_/D : -24.306631
[setup in-reg] enable_cycle -> _83529_/D : -24.306631
[setup in-reg] enable_cycle -> _83530_/D : -24.306631
[setup in-reg] enable_cycle -> _83531_/D : -24.306631
[setup in-reg] enable_cycle -> _83532_/D : -24.306631
[setup in-reg] enable_cycle -> _83534_/D : -24.306631
[setup in-reg] enable_cycle -> _83535_/D : -24.306631
[setup in-reg] enable_cycle -> _83536_/D : -24.306631
[setup in-reg] enable_cycle -> _83537_/D : -24.306631
[setup in-reg] enable_cycle -> _83538_/D : -24.306631
[setup in-reg] enable_cycle -> _83539_/D : -24.306631
[setup in-reg] enable_cycle -> _83540_/D : -24.306631
[setup in-reg] enable_cycle -> _83541_/D : -24.306631
[setup in-reg] enable_cycle -> _83542_/D : -24.306631
[setup in-reg] enable_cycle -> _83543_/D : -24.306631
[setup in-reg] enable_cycle -> _83544_/D : -24.306631
[setup in-reg] enable_cycle -> _83545_/D : -24.306631
[setup in-reg] enable_cycle -> _83546_/D : -24.306631
[setup in-reg] enable_cycle -> _83547_/D : -24.306631
[setup in-reg] enable_cycle -> _83548_/D : -24.306631
[setup in-reg] enable_cycle -> _83549_/D : -24.306631
[setup in-reg] enable_cycle -> _83626_/D : -24.306631
[setup in-reg] enable_cycle -> _83627_/D : -24.306631
[setup in-reg] enable_cycle -> _83628_/D : -24.306631
[setup in-reg] enable_cycle -> _83629_/D : -24.306631
[setup in-reg] enable_cycle -> _83631_/D : -24.306631
[setup in-reg] enable_cycle -> _83632_/D : -24.306631
[setup in-reg] enable_cycle -> _83633_/D : -24.306631
[setup in-reg] enable_cycle -> _83634_/D : -24.306631
[setup in-reg] enable_cycle -> _83635_/D : -24.306631
[setup in-reg] enable_cycle -> _83636_/D : -24.306631
[setup in-reg] enable_cycle -> _83637_/D : -24.306631
[setup in-reg] enable_cycle -> _83638_/D : -24.306631
[setup in-reg] enable_cycle -> _83349_/D : -24.306219
[setup in-reg] enable_cycle -> _83350_/D : -24.306219
[setup in-reg] enable_cycle -> _83639_/D : -24.300150
[setup in-reg] enable_cycle -> _83640_/D : -24.300150
[setup in-reg] enable_cycle -> _83641_/D : -24.300150
[setup in-reg] enable_cycle -> _83642_/D : -24.300150
[setup in-reg] enable_cycle -> _83643_/D : -24.300150
[setup in-reg] enable_cycle -> _83644_/D : -24.300150
[setup in-reg] enable_cycle -> _83645_/D : -24.300150
[setup in-reg] enable_cycle -> _83646_/D : -24.300150
[setup in-reg] enable_cycle -> _83723_/D : -24.300150
[setup in-reg] enable_cycle -> _83724_/D : -24.300150
[setup in-reg] enable_cycle -> _83725_/D : -24.300150
[setup in-reg] enable_cycle -> _83726_/D : -24.300150
[setup in-reg] enable_cycle -> _83727_/D : -24.300150
[setup in-reg] enable_cycle -> _83728_/D : -24.300150
[setup in-reg] enable_cycle -> _83729_/D : -24.300150
[setup in-reg] enable_cycle -> _83730_/D : -24.300150
[setup in-reg] enable_cycle -> _83731_/D : -24.300150
[setup in-reg] enable_cycle -> _83732_/D : -24.300150
[setup in-reg] enable_cycle -> _83733_/D : -24.300150
[setup in-reg] enable_cycle -> _83734_/D : -24.300150
[setup in-reg] enable_cycle -> _83735_/D : -24.300150
[setup in-reg] enable_cycle -> _83736_/D : -24.300150
[setup in-reg] enable_cycle -> _83737_/D : -24.300150
[setup in-reg] enable_cycle -> _83738_/D : -24.300150
[setup in-reg] enable_cycle -> _83739_/D : -24.300150
[setup in-reg] enable_cycle -> _83740_/D : -24.300150
[setup in-reg] enable_cycle -> _83741_/D : -24.300150
[setup in-reg] enable_cycle -> _83742_/D : -24.300150
[setup in-reg] enable_cycle -> _83743_/D : -24.300150
[setup in-reg] enable_cycle -> _83820_/D : -24.300150
[setup in-reg] enable_cycle -> _83821_/D : -24.300150
[setup in-reg] enable_cycle -> _83822_/D : -24.300150
[setup in-reg] enable_cycle -> _83823_/D : -24.300150
[setup in-reg] enable_cycle -> _83824_/D : -24.300150
[setup in-reg] enable_cycle -> _83825_/D : -24.300150
[setup in-reg] enable_cycle -> _83826_/D : -24.300150
[setup in-reg] enable_cycle -> _83827_/D : -24.300150
[setup in-reg] enable_cycle -> _83828_/D : -24.300150
[setup in-reg] enable_cycle -> _83829_/D : -24.300150
[setup in-reg] enable_cycle -> _83830_/D : -24.300150
[setup in-reg] enable_cycle -> _83831_/D : -24.300150
[setup in-reg] enable_cycle -> _83832_/D : -24.300150
[setup in-reg] enable_cycle -> _83833_/D : -24.300150
[setup in-reg] enable_cycle -> _83834_/D : -24.300150
[setup in-reg] enable_cycle -> _83835_/D : -24.300150
[setup in-reg] enable_cycle -> _83836_/D : -24.300150
[setup in-reg] enable_cycle -> _83837_/D : -24.300150
[setup in-reg] enable_cycle -> _83838_/D : -24.300150
[setup in-reg] enable_cycle -> _83839_/D : -24.300150
[setup in-reg] enable_cycle -> _83840_/D : -24.300150
[setup in-reg] enable_cycle -> _83933_/D : -24.300150
[setup in-reg] enable_cycle -> _83934_/D : -24.300150
[setup in-reg] enable_cycle -> _83935_/D : -24.300150
[setup in-reg] enable_cycle -> _83936_/D : -24.300150
[setup in-reg] enable_cycle -> _83937_/D : -24.300150
[setup in-reg] enable_cycle -> _83938_/D : -24.300150
[setup in-reg] enable_cycle -> _83939_/D : -24.300150
[setup in-reg] enable_cycle -> _83940_/D : -24.300150
[setup in-reg] enable_cycle -> _83941_/D : -24.300150
[setup in-reg] enable_cycle -> _83942_/D : -24.300150
[setup in-reg] enable_cycle -> _83943_/D : -24.300150
[setup in-reg] enable_cycle -> _83944_/D : -24.300150
[setup in-reg] enable_cycle -> _83945_/D : -24.300150
[setup in-reg] enable_cycle -> _83946_/D : -24.300150
[setup in-reg] enable_cycle -> _83947_/D : -24.300150
[setup in-reg] enable_cycle -> _83948_/D : -24.300150
[setup in-reg] enable_cycle -> _83949_/D : -24.300150
[setup in-reg] enable_cycle -> _83950_/D : -24.300150
[setup in-reg] enable_cycle -> _83951_/D : -24.300150
[setup in-reg] enable_cycle -> _83952_/D : -24.300150
[setup in-reg] enable_cycle -> _83953_/D : -24.300150
[setup in-reg] enable_cycle -> _83954_/D : -24.300150
[setup in-reg] enable_cycle -> _83963_/D : -24.300150
[setup in-reg] enable_cycle -> _83964_/D : -24.300150
[setup in-reg] enable_cycle -> _83965_/D : -24.300150
[setup in-reg] enable_cycle -> _83966_/D : -24.300150
[setup in-reg] enable_cycle -> _83967_/D : -24.300150
[setup in-reg] enable_cycle -> _83968_/D : -24.300150
[setup in-reg] enable_cycle -> _83969_/D : -24.300150
[setup in-reg] enable_cycle -> _83970_/D : -24.300150
[setup in-reg] enable_cycle -> _83971_/D : -24.300150
[setup in-reg] enable_cycle -> _83972_/D : -24.300150
[setup in-reg] enable_cycle -> _83973_/D : -24.300150
[setup in-reg] enable_cycle -> _83974_/D : -24.300150
[setup in-reg] enable_cycle -> _83975_/D : -24.300150
[setup in-reg] enable_cycle -> _83976_/D : -24.300150
[setup in-reg] enable_cycle -> _83977_/D : -24.300150
[setup in-reg] enable_cycle -> _83978_/D : -24.300150
[setup in-reg] enable_cycle -> _83979_/D : -24.300150
[setup in-reg] enable_cycle -> _83980_/D : -24.300150
[setup in-reg] enable_cycle -> _83981_/D : -24.300150
[setup in-reg] enable_cycle -> _83982_/D : -24.300150
[setup in-reg] enable_cycle -> _83983_/D : -24.300150
[setup in-reg] enable_cycle -> _83985_/D : -24.300150
[setup in-reg] enable_cycle -> _83986_/D : -24.300150
[setup in-reg] enable_cycle -> _83987_/D : -24.300150
[setup in-reg] enable_cycle -> _83988_/D : -24.300150
[setup in-reg] enable_cycle -> _83989_/D : -24.300150
[setup in-reg] enable_cycle -> _83990_/D : -24.300150
[setup in-reg] enable_cycle -> _83991_/D : -24.300150
[setup in-reg] enable_cycle -> _83992_/D : -24.300150
[setup in-reg] enable_cycle -> _83993_/D : -24.300150
[setup in-reg] enable_cycle -> _83994_/D : -24.300150
[setup in-reg] enable_cycle -> _83995_/D : -24.300150
[setup in-reg] enable_cycle -> _83996_/D : -24.300150
[setup in-reg] enable_cycle -> _83997_/D : -24.300150
[setup in-reg] enable_cycle -> _83998_/D : -24.300150
[setup in-reg] enable_cycle -> _83999_/D : -24.300150
[setup in-reg] enable_cycle -> _84000_/D : -24.300150
[setup in-reg] enable_cycle -> _84001_/D : -24.300150
[setup in-reg] enable_cycle -> _84002_/D : -24.300150
[setup in-reg] enable_cycle -> _84003_/D : -24.300150
[setup in-reg] enable_cycle -> _84004_/D : -24.300150
[setup in-reg] enable_cycle -> _84005_/D : -24.300150
[setup in-reg] enable_cycle -> _84006_/D : -24.300150
[setup in-reg] enable_cycle -> _84007_/D : -24.300150
[setup in-reg] enable_cycle -> _84085_/D : -24.300150
[setup in-reg] enable_cycle -> _84086_/D : -24.300150
[setup in-reg] enable_cycle -> _84087_/D : -24.300150
[setup in-reg] enable_cycle -> _84088_/D : -24.300150
[setup in-reg] enable_cycle -> _84089_/D : -24.300150
[setup in-reg] enable_cycle -> _84090_/D : -24.300150
[setup in-reg] enable_cycle -> _84091_/D : -24.300150
[setup in-reg] enable_cycle -> _84092_/D : -24.300150
[setup in-reg] enable_cycle -> _84093_/D : -24.300150
[setup in-reg] enable_cycle -> _84094_/D : -24.300150
[setup in-reg] enable_cycle -> _84095_/D : -24.300150
[setup in-reg] enable_cycle -> _84096_/D : -24.300150
[setup in-reg] enable_cycle -> _84097_/D : -24.300150
[setup in-reg] enable_cycle -> _84098_/D : -24.300150
[setup in-reg] enable_cycle -> _84099_/D : -24.300150
[setup in-reg] enable_cycle -> _84100_/D : -24.300150
[setup in-reg] enable_cycle -> _84102_/D : -24.300150
[setup in-reg] enable_cycle -> _84103_/D : -24.300150
[setup in-reg] enable_cycle -> _84104_/D : -24.300150
[setup in-reg] enable_cycle -> _84105_/D : -24.300150
[setup in-reg] enable_cycle -> _84106_/D : -24.300150
[setup in-reg] enable_cycle -> _84124_/D : -24.300150
[setup in-reg] enable_cycle -> _84125_/D : -24.300150
[setup in-reg] enable_cycle -> _84126_/D : -24.300150
[setup in-reg] enable_cycle -> _84127_/D : -24.300150
[setup in-reg] enable_cycle -> _84128_/D : -24.300150
[setup in-reg] enable_cycle -> _84129_/D : -24.300150
[setup in-reg] enable_cycle -> _84130_/D : -24.300150
[setup in-reg] enable_cycle -> _84131_/D : -24.300150
[setup in-reg] enable_cycle -> _84132_/D : -24.300150
[setup in-reg] enable_cycle -> _84133_/D : -24.300150
[setup in-reg] enable_cycle -> _84134_/D : -24.300150
[setup in-reg] enable_cycle -> _84135_/D : -24.300150
[setup in-reg] enable_cycle -> _84136_/D : -24.300150
[setup in-reg] enable_cycle -> _84137_/D : -24.300150
[setup in-reg] enable_cycle -> _84138_/D : -24.300150
[setup in-reg] enable_cycle -> _84139_/D : -24.300150
[setup in-reg] enable_cycle -> _84140_/D : -24.300150
[setup in-reg] enable_cycle -> _84141_/D : -24.300150
[setup in-reg] enable_cycle -> _84142_/D : -24.300150
[setup in-reg] enable_cycle -> _84143_/D : -24.300150
[setup in-reg] enable_cycle -> _84144_/D : -24.300150
[setup in-reg] enable_cycle -> _84145_/D : -24.300150
[setup in-reg] enable_cycle -> _84146_/D : -24.300150
[setup in-reg] enable_cycle -> _84185_/D : -24.300150
[setup in-reg] enable_cycle -> _84186_/D : -24.300150
[setup in-reg] enable_cycle -> _84187_/D : -24.300150
[setup in-reg] enable_cycle -> _84188_/D : -24.300150
[setup in-reg] enable_cycle -> _84190_/D : -24.300150
[setup in-reg] enable_cycle -> _84191_/D : -24.300150
[setup in-reg] enable_cycle -> _84192_/D : -24.300150
[setup in-reg] enable_cycle -> _84193_/D : -24.300150
[setup in-reg] enable_cycle -> _84194_/D : -24.300150
[setup in-reg] enable_cycle -> _84195_/D : -24.300150
[setup in-reg] enable_cycle -> _84196_/D : -24.300150
[setup in-reg] enable_cycle -> _84197_/D : -24.300150
[setup in-reg] enable_cycle -> _84198_/D : -24.300150
[setup in-reg] enable_cycle -> _84199_/D : -24.300150
[setup in-reg] enable_cycle -> _84200_/D : -24.300150
[setup in-reg] enable_cycle -> _84201_/D : -24.300150
[setup in-reg] enable_cycle -> _84202_/D : -24.300150
[setup in-reg] enable_cycle -> _84203_/D : -24.300150
[setup in-reg] enable_cycle -> _84204_/D : -24.300150
[setup in-reg] enable_cycle -> _84205_/D : -24.300150
[setup in-reg] enable_cycle -> _84206_/D : -24.300150
[setup in-reg] enable_cycle -> _84224_/D : -24.300150
[setup in-reg] enable_cycle -> _84225_/D : -24.300150
[setup in-reg] enable_cycle -> _84226_/D : -24.300150
[setup in-reg] enable_cycle -> _84227_/D : -24.300150
[setup in-reg] enable_cycle -> _84228_/D : -24.300150
[setup in-reg] enable_cycle -> _84229_/D : -24.300150
[setup in-reg] enable_cycle -> _84230_/D : -24.300150
[setup in-reg] enable_cycle -> _84231_/D : -24.300150
[setup in-reg] enable_cycle -> _84232_/D : -24.300150
[setup in-reg] enable_cycle -> _84233_/D : -24.300150
[setup in-reg] enable_cycle -> _84234_/D : -24.300150
[setup in-reg] enable_cycle -> _84235_/D : -24.300150
[setup in-reg] enable_cycle -> _84236_/D : -24.300150
[setup in-reg] enable_cycle -> _84237_/D : -24.300150
[setup in-reg] enable_cycle -> _84238_/D : -24.300150
[setup in-reg] enable_cycle -> _84239_/D : -24.300150
[setup in-reg] enable_cycle -> _84240_/D : -24.300150
[setup in-reg] enable_cycle -> _84241_/D : -24.300150
[setup in-reg] enable_cycle -> _84242_/D : -24.300150
[setup in-reg] enable_cycle -> _84243_/D : -24.300150
[setup in-reg] enable_cycle -> _84244_/D : -24.300150
[setup in-reg] enable_cycle -> _84245_/D : -24.300150
[setup in-reg] enable_cycle -> _84246_/D : -24.300150
[setup in-reg] enable_cycle -> _84285_/D : -24.300150
[setup in-reg] enable_cycle -> _84286_/D : -24.300150
[setup in-reg] enable_cycle -> _84287_/D : -24.300150
[setup in-reg] enable_cycle -> _84288_/D : -24.300150
[setup in-reg] enable_cycle -> _84289_/D : -24.300150
[setup in-reg] enable_cycle -> _84290_/D : -24.300150
[setup in-reg] enable_cycle -> _84291_/D : -24.300150
[setup in-reg] enable_cycle -> _84292_/D : -24.300150
[setup in-reg] enable_cycle -> _84293_/D : -24.300150
[setup in-reg] enable_cycle -> _84294_/D : -24.300150
[setup in-reg] enable_cycle -> _84295_/D : -24.300150
[setup in-reg] enable_cycle -> _84296_/D : -24.300150
[setup in-reg] enable_cycle -> _84297_/D : -24.300150
[setup in-reg] enable_cycle -> _84298_/D : -24.300150
[setup in-reg] enable_cycle -> _84299_/D : -24.300150
[setup in-reg] enable_cycle -> _84300_/D : -24.300150
[setup in-reg] enable_cycle -> _84302_/D : -24.300150
[setup in-reg] enable_cycle -> _84303_/D : -24.300150
[setup in-reg] enable_cycle -> _84304_/D : -24.300150
[setup in-reg] enable_cycle -> _84305_/D : -24.300150
[setup in-reg] enable_cycle -> _84306_/D : -24.300150
[setup in-reg] enable_cycle -> _84324_/D : -24.300150
[setup in-reg] enable_cycle -> _84325_/D : -24.300150
[setup in-reg] enable_cycle -> _84326_/D : -24.300150
[setup in-reg] enable_cycle -> _84327_/D : -24.300150
[setup in-reg] enable_cycle -> _84328_/D : -24.300150
[setup in-reg] enable_cycle -> _84329_/D : -24.300150
[setup in-reg] enable_cycle -> _84330_/D : -24.300150
[setup in-reg] enable_cycle -> _84331_/D : -24.300150
[setup in-reg] enable_cycle -> _84332_/D : -24.300150
[setup in-reg] enable_cycle -> _84333_/D : -24.300150
[setup in-reg] enable_cycle -> _84334_/D : -24.300150
[setup in-reg] enable_cycle -> _84335_/D : -24.300150
[setup in-reg] enable_cycle -> _84336_/D : -24.300150
[setup in-reg] enable_cycle -> _84337_/D : -24.300150
[setup in-reg] enable_cycle -> _84338_/D : -24.300150
[setup in-reg] enable_cycle -> _84339_/D : -24.300150
[setup in-reg] enable_cycle -> _84340_/D : -24.300150
[setup in-reg] enable_cycle -> _84341_/D : -24.300150
[setup in-reg] enable_cycle -> _84342_/D : -24.300150
[setup in-reg] enable_cycle -> _84343_/D : -24.300150
[setup in-reg] enable_cycle -> _84344_/D : -24.300150
[setup in-reg] enable_cycle -> _84345_/D : -24.300150
[setup in-reg] enable_cycle -> _84346_/D : -24.300150
[setup in-reg] enable_cycle -> _84385_/D : -24.300150
[setup in-reg] enable_cycle -> _84386_/D : -24.300150
[setup in-reg] enable_cycle -> _84387_/D : -24.300150
[setup in-reg] enable_cycle -> _84388_/D : -24.300150
[setup in-reg] enable_cycle -> _84389_/D : -24.300150
[setup in-reg] enable_cycle -> _84390_/D : -24.300150
[setup in-reg] enable_cycle -> _84391_/D : -24.300150
[setup in-reg] enable_cycle -> _84392_/D : -24.300150
[setup in-reg] enable_cycle -> _84393_/D : -24.300150
[setup in-reg] enable_cycle -> _84394_/D : -24.300150
[setup in-reg] enable_cycle -> _84395_/D : -24.300150
[setup in-reg] enable_cycle -> _84396_/D : -24.300150
[setup in-reg] enable_cycle -> _84397_/D : -24.300150
[setup in-reg] enable_cycle -> _84398_/D : -24.300150
[setup in-reg] enable_cycle -> _84399_/D : -24.300150
[setup in-reg] enable_cycle -> _84400_/D : -24.300150
[setup in-reg] enable_cycle -> _84402_/D : -24.300150
[setup in-reg] enable_cycle -> _84403_/D : -24.300150
[setup in-reg] enable_cycle -> _84404_/D : -24.300150
[setup in-reg] enable_cycle -> _84405_/D : -24.300150
[setup in-reg] enable_cycle -> _84406_/D : -24.300150
[setup in-reg] enable_cycle -> _84424_/D : -24.300150
[setup in-reg] enable_cycle -> _84425_/D : -24.300150
[setup in-reg] enable_cycle -> _84426_/D : -24.300150
[setup in-reg] enable_cycle -> _84427_/D : -24.300150
[setup in-reg] enable_cycle -> _84428_/D : -24.300150
[setup in-reg] enable_cycle -> _84429_/D : -24.300150
[setup in-reg] enable_cycle -> _84430_/D : -24.300150
[setup in-reg] enable_cycle -> _84431_/D : -24.300150
[setup in-reg] enable_cycle -> _84432_/D : -24.300150
[setup in-reg] enable_cycle -> _84433_/D : -24.300150
[setup in-reg] enable_cycle -> _84434_/D : -24.300150
[setup in-reg] enable_cycle -> _84435_/D : -24.300150
[setup in-reg] enable_cycle -> _84436_/D : -24.300150
[setup in-reg] enable_cycle -> _84437_/D : -24.300150
[setup in-reg] enable_cycle -> _84438_/D : -24.300150
[setup in-reg] enable_cycle -> _84439_/D : -24.300150
[setup in-reg] enable_cycle -> _84440_/D : -24.300150
[setup in-reg] enable_cycle -> _84441_/D : -24.300150
[setup in-reg] enable_cycle -> _84442_/D : -24.300150
[setup in-reg] enable_cycle -> _84443_/D : -24.300150
[setup in-reg] enable_cycle -> _84444_/D : -24.300150
[setup in-reg] enable_cycle -> _84445_/D : -24.300150
[setup in-reg] enable_cycle -> _84446_/D : -24.300150
[setup in-reg] enable_cycle -> _84485_/D : -24.300150
[setup in-reg] enable_cycle -> _84486_/D : -24.300150
[setup in-reg] enable_cycle -> _84487_/D : -24.300150
[setup in-reg] enable_cycle -> _84488_/D : -24.300150
[setup in-reg] enable_cycle -> _84490_/D : -24.300150
[setup in-reg] enable_cycle -> _84492_/D : -24.300150
[setup in-reg] enable_cycle -> _84493_/D : -24.300150
[setup in-reg] enable_cycle -> _84494_/D : -24.300150
[setup in-reg] enable_cycle -> _84495_/D : -24.300150
[setup in-reg] enable_cycle -> _84496_/D : -24.300150
[setup in-reg] enable_cycle -> _84497_/D : -24.300150
[setup in-reg] enable_cycle -> _84498_/D : -24.300150
[setup in-reg] enable_cycle -> _84499_/D : -24.300150
[setup in-reg] enable_cycle -> _84500_/D : -24.300150
[setup in-reg] enable_cycle -> _84501_/D : -24.300150
[setup in-reg] enable_cycle -> _84502_/D : -24.300150
[setup in-reg] enable_cycle -> _84503_/D : -24.300150
[setup in-reg] enable_cycle -> _84504_/D : -24.300150
[setup in-reg] enable_cycle -> _84505_/D : -24.300150
[setup in-reg] enable_cycle -> _84524_/D : -24.300150
[setup in-reg] enable_cycle -> _84525_/D : -24.300150
[setup in-reg] enable_cycle -> _84526_/D : -24.300150
[setup in-reg] enable_cycle -> _84527_/D : -24.300150
[setup in-reg] enable_cycle -> _84528_/D : -24.300150
[setup in-reg] enable_cycle -> _84529_/D : -24.300150
[setup in-reg] enable_cycle -> _84530_/D : -24.300150
[setup in-reg] enable_cycle -> _84531_/D : -24.300150
[setup in-reg] enable_cycle -> _84532_/D : -24.300150
[setup in-reg] enable_cycle -> _84533_/D : -24.300150
[setup in-reg] enable_cycle -> _84534_/D : -24.300150
[setup in-reg] enable_cycle -> _84535_/D : -24.300150
[setup in-reg] enable_cycle -> _84536_/D : -24.300150
[setup in-reg] enable_cycle -> _84537_/D : -24.300150
[setup in-reg] enable_cycle -> _84538_/D : -24.300150
[setup in-reg] enable_cycle -> _84539_/D : -24.300150
[setup in-reg] enable_cycle -> _84540_/D : -24.300150
[setup in-reg] enable_cycle -> _84541_/D : -24.300150
[setup in-reg] enable_cycle -> _84542_/D : -24.300150
[setup in-reg] enable_cycle -> _84543_/D : -24.300150
[setup in-reg] enable_cycle -> _84544_/D : -24.300150
[setup in-reg] enable_cycle -> _84545_/D : -24.300150
[setup in-reg] enable_cycle -> _84546_/D : -24.300150
[setup in-reg] enable_cycle -> _84585_/D : -24.300150
[setup in-reg] enable_cycle -> _84586_/D : -24.300150
[setup in-reg] enable_cycle -> _84587_/D : -24.300150
[setup in-reg] enable_cycle -> _84588_/D : -24.300150
[setup in-reg] enable_cycle -> _84589_/D : -24.300150
[setup in-reg] enable_cycle -> _84590_/D : -24.300150
[setup in-reg] enable_cycle -> _84591_/D : -24.300150
[setup in-reg] enable_cycle -> _84592_/D : -24.300150
[setup in-reg] enable_cycle -> _84593_/D : -24.300150
[setup in-reg] enable_cycle -> _84594_/D : -24.300150
[setup in-reg] enable_cycle -> _84595_/D : -24.300150
[setup in-reg] enable_cycle -> _84596_/D : -24.300150
[setup in-reg] enable_cycle -> _84597_/D : -24.300150
[setup in-reg] enable_cycle -> _84598_/D : -24.300150
[setup in-reg] enable_cycle -> _84599_/D : -24.300150
[setup in-reg] enable_cycle -> _84600_/D : -24.300150
[setup in-reg] enable_cycle -> _84602_/D : -24.300150
[setup in-reg] enable_cycle -> _84603_/D : -24.300150
[setup in-reg] enable_cycle -> _84604_/D : -24.300150
[setup in-reg] enable_cycle -> _84605_/D : -24.300150
[setup in-reg] enable_cycle -> _84606_/D : -24.300150
[setup in-reg] enable_cycle -> _84624_/D : -24.300150
[setup in-reg] enable_cycle -> _84625_/D : -24.300150
[setup in-reg] enable_cycle -> _84626_/D : -24.300150
[setup in-reg] enable_cycle -> _84627_/D : -24.300150
[setup in-reg] enable_cycle -> _84628_/D : -24.300150
[setup in-reg] enable_cycle -> _84629_/D : -24.300150
[setup in-reg] enable_cycle -> _84630_/D : -24.300150
[setup in-reg] enable_cycle -> _84631_/D : -24.300150
[setup in-reg] enable_cycle -> _84632_/D : -24.300150
[setup in-reg] enable_cycle -> _84633_/D : -24.300150
[setup in-reg] enable_cycle -> _84634_/D : -24.300150
[setup in-reg] enable_cycle -> _84635_/D : -24.300150
[setup in-reg] enable_cycle -> _84636_/D : -24.300150
[setup in-reg] enable_cycle -> _84637_/D : -24.300150
[setup in-reg] enable_cycle -> _84638_/D : -24.300150
[setup in-reg] enable_cycle -> _84639_/D : -24.300150
[setup in-reg] enable_cycle -> _84640_/D : -24.300150
[setup in-reg] enable_cycle -> _84641_/D : -24.300150
[setup in-reg] enable_cycle -> _84642_/D : -24.300150
[setup in-reg] enable_cycle -> _84643_/D : -24.300150
[setup in-reg] enable_cycle -> _84644_/D : -24.300150
[setup in-reg] enable_cycle -> _84645_/D : -24.300150
[setup in-reg] enable_cycle -> _84646_/D : -24.300150
[setup in-reg] enable_cycle -> _84663_/D : -24.300150
[setup in-reg] enable_cycle -> _84664_/D : -24.300150
[setup in-reg] enable_cycle -> _84665_/D : -24.300150
[setup in-reg] enable_cycle -> _84666_/D : -24.300150
[setup in-reg] enable_cycle -> _84667_/D : -24.300150
[setup in-reg] enable_cycle -> _84668_/D : -24.300150
[setup in-reg] enable_cycle -> _84669_/D : -24.300150
[setup in-reg] enable_cycle -> _84670_/D : -24.300150
[setup in-reg] enable_cycle -> _84671_/D : -24.300150
[setup in-reg] enable_cycle -> _84672_/D : -24.300150
[setup in-reg] enable_cycle -> _84673_/D : -24.300150
[setup in-reg] enable_cycle -> _84674_/D : -24.300150
[setup in-reg] enable_cycle -> _84675_/D : -24.300150
[setup in-reg] enable_cycle -> _84676_/D : -24.300150
[setup in-reg] enable_cycle -> _84677_/D : -24.300150
[setup in-reg] enable_cycle -> _84678_/D : -24.300150
[setup in-reg] enable_cycle -> _84717_/D : -24.300150
[setup in-reg] enable_cycle -> _84718_/D : -24.300150
[setup in-reg] enable_cycle -> _84719_/D : -24.300150
[setup in-reg] enable_cycle -> _84720_/D : -24.300150
[setup in-reg] enable_cycle -> _84721_/D : -24.300150
[setup in-reg] enable_cycle -> _84722_/D : -24.300150
[setup in-reg] enable_cycle -> _84723_/D : -24.300150
[setup in-reg] enable_cycle -> _84724_/D : -24.300150
[setup in-reg] enable_cycle -> _84725_/D : -24.300150
[setup in-reg] enable_cycle -> _84726_/D : -24.300150
[setup in-reg] enable_cycle -> _84727_/D : -24.300150
[setup in-reg] enable_cycle -> _84728_/D : -24.300150
[setup in-reg] enable_cycle -> _84729_/D : -24.300150
[setup in-reg] enable_cycle -> _84730_/D : -24.300150
[setup in-reg] enable_cycle -> _84731_/D : -24.300150
[setup in-reg] enable_cycle -> _84732_/D : -24.300150
[setup in-reg] enable_cycle -> _84733_/D : -24.300150
[setup in-reg] enable_cycle -> _84734_/D : -24.300150
[setup in-reg] enable_cycle -> _84735_/D : -24.300150
[setup in-reg] enable_cycle -> _84736_/D : -24.300150
[setup in-reg] enable_cycle -> _84737_/D : -24.300150
[setup in-reg] enable_cycle -> _84738_/D : -24.300150
[setup in-reg] enable_cycle -> _84739_/D : -24.300150
[setup in-reg] enable_cycle -> _84748_/D : -24.300150
[setup in-reg] enable_cycle -> _84749_/D : -24.300150
[setup in-reg] enable_cycle -> _84750_/D : -24.300150
[setup in-reg] enable_cycle -> _84751_/D : -24.300150
[setup in-reg] enable_cycle -> _84752_/D : -24.300150
[setup in-reg] enable_cycle -> _84753_/D : -24.300150
[setup in-reg] enable_cycle -> _84754_/D : -24.300150
[setup in-reg] enable_cycle -> _84755_/D : -24.300150
[setup in-reg] enable_cycle -> _84756_/D : -24.300150
[setup in-reg] enable_cycle -> _84757_/D : -24.300150
[setup in-reg] enable_cycle -> _84758_/D : -24.300150
[setup in-reg] enable_cycle -> _84759_/D : -24.300150
[setup in-reg] enable_cycle -> _84760_/D : -24.300150
[setup in-reg] enable_cycle -> _84761_/D : -24.300150
[setup in-reg] enable_cycle -> _84762_/D : -24.300150
[setup in-reg] enable_cycle -> _84763_/D : -24.300150
[setup in-reg] enable_cycle -> _84765_/D : -24.300150
[setup in-reg] enable_cycle -> _84766_/D : -24.300150
[setup in-reg] enable_cycle -> _84767_/D : -24.300150
[setup in-reg] enable_cycle -> _84768_/D : -24.300150
[setup in-reg] enable_cycle -> _84769_/D : -24.300150
[setup in-reg] enable_cycle -> _84771_/D : -24.300150
[setup in-reg] enable_cycle -> _84772_/D : -24.300150
[setup in-reg] enable_cycle -> _84773_/D : -24.300150
[setup in-reg] enable_cycle -> _84774_/D : -24.300150
[setup in-reg] enable_cycle -> _84776_/D : -24.300150
[setup in-reg] enable_cycle -> _84777_/D : -24.300150
[setup in-reg] enable_cycle -> _84778_/D : -24.300150
[setup in-reg] enable_cycle -> _84779_/D : -24.300150
[setup in-reg] enable_cycle -> _84780_/D : -24.300150
[setup in-reg] enable_cycle -> _84781_/D : -24.300150
[setup in-reg] enable_cycle -> _84782_/D : -24.300150
[setup in-reg] enable_cycle -> _84783_/D : -24.300150
[setup in-reg] enable_cycle -> _84784_/D : -24.300150
[setup in-reg] enable_cycle -> _84785_/D : -24.300150
[setup in-reg] enable_cycle -> _84786_/D : -24.300150
[setup in-reg] enable_cycle -> _85492_/D : -24.300150
[setup in-reg] enable_cycle -> _85493_/D : -24.300150
[setup in-reg] enable_cycle -> _85494_/D : -24.300150
[setup in-reg] enable_cycle -> _85495_/D : -24.300150
[setup in-reg] enable_cycle -> _85496_/D : -24.300150
[setup in-reg] enable_cycle -> _85497_/D : -24.300150
[setup in-reg] enable_cycle -> _85498_/D : -24.300150
[setup in-reg] enable_cycle -> _85499_/D : -24.300150
[setup in-reg] enable_cycle -> _85500_/D : -24.300150
[setup in-reg] enable_cycle -> _85501_/D : -24.300150
[setup in-reg] enable_cycle -> _85502_/D : -24.300150
[setup in-reg] enable_cycle -> _85503_/D : -24.300150
[setup in-reg] enable_cycle -> _85504_/D : -24.300150
[setup in-reg] enable_cycle -> _85505_/D : -24.300150
[setup in-reg] enable_cycle -> _85506_/D : -24.300150
[setup in-reg] enable_cycle -> _85507_/D : -24.300150
[setup in-reg] enable_cycle -> _85614_/D : -24.300150
[setup in-reg] enable_cycle -> _85615_/D : -24.300150
[setup in-reg] enable_cycle -> _85616_/D : -24.300150
[setup in-reg] enable_cycle -> _85617_/D : -24.300150
[setup in-reg] enable_cycle -> _85618_/D : -24.300150
[setup in-reg] enable_cycle -> _85619_/D : -24.300150
[setup in-reg] enable_cycle -> _85620_/D : -24.300150
[setup in-reg] enable_cycle -> _85621_/D : -24.300150
[setup in-reg] enable_cycle -> _85622_/D : -24.300150
[setup in-reg] enable_cycle -> _85623_/D : -24.300150
[setup in-reg] enable_cycle -> _85624_/D : -24.300150
[setup in-reg] enable_cycle -> _85625_/D : -24.300150
[setup in-reg] enable_cycle -> _85626_/D : -24.300150
[setup in-reg] enable_cycle -> _85627_/D : -24.300150
[setup in-reg] enable_cycle -> _85628_/D : -24.300150
[setup in-reg] enable_cycle -> _85696_/D : -24.300150
[setup in-reg] enable_cycle -> _85697_/D : -24.300150
[setup in-reg] enable_cycle -> _85698_/D : -24.300150
[setup in-reg] enable_cycle -> _85699_/D : -24.300150
[setup in-reg] enable_cycle -> _85701_/D : -24.300150
[setup in-reg] enable_cycle -> _85702_/D : -24.300150
[setup in-reg] enable_cycle -> _85703_/D : -24.300150
[setup in-reg] enable_cycle -> _85704_/D : -24.300150
[setup in-reg] enable_cycle -> _85705_/D : -24.300150
[setup in-reg] enable_cycle -> _85706_/D : -24.300150
[setup in-reg] enable_cycle -> _85707_/D : -24.300150
[setup in-reg] enable_cycle -> _85708_/D : -24.300150
[setup in-reg] enable_cycle -> _85709_/D : -24.300150
[setup in-reg] enable_cycle -> _85710_/D : -24.300150
[setup in-reg] enable_cycle -> _85711_/D : -24.300150
[setup in-reg] enable_cycle -> _85778_/D : -24.300150
[setup in-reg] enable_cycle -> _85779_/D : -24.300150
[setup in-reg] enable_cycle -> _85780_/D : -24.300150
[setup in-reg] enable_cycle -> _85781_/D : -24.300150
[setup in-reg] enable_cycle -> _85783_/D : -24.300150
[setup in-reg] enable_cycle -> _85784_/D : -24.300150
[setup in-reg] enable_cycle -> _85785_/D : -24.300150
[setup in-reg] enable_cycle -> _85786_/D : -24.300150
[setup in-reg] enable_cycle -> _85787_/D : -24.300150
[setup in-reg] enable_cycle -> _85788_/D : -24.300150
[setup in-reg] enable_cycle -> _85789_/D : -24.300150
[setup in-reg] enable_cycle -> _85790_/D : -24.300150
[setup in-reg] enable_cycle -> _85791_/D : -24.300150
[setup in-reg] enable_cycle -> _85792_/D : -24.300150
[setup in-reg] enable_cycle -> _85793_/D : -24.300150
[setup in-reg] enable_cycle -> _85860_/D : -24.300150
[setup in-reg] enable_cycle -> _85861_/D : -24.300150
[setup in-reg] enable_cycle -> _85862_/D : -24.300150
[setup in-reg] enable_cycle -> _85863_/D : -24.300150
[setup in-reg] enable_cycle -> _85865_/D : -24.300150
[setup in-reg] enable_cycle -> _85866_/D : -24.300150
[setup in-reg] enable_cycle -> _85867_/D : -24.300150
[setup in-reg] enable_cycle -> _85868_/D : -24.300150
[setup in-reg] enable_cycle -> _85869_/D : -24.300150
[setup in-reg] enable_cycle -> _85870_/D : -24.300150
[setup in-reg] enable_cycle -> _85871_/D : -24.300150
[setup in-reg] enable_cycle -> _85872_/D : -24.300150
[setup in-reg] enable_cycle -> _85873_/D : -24.300150
[setup in-reg] enable_cycle -> _85874_/D : -24.300150
[setup in-reg] enable_cycle -> _85875_/D : -24.300150
[setup in-reg] enable_cycle -> _85942_/D : -24.300150
[setup in-reg] enable_cycle -> _85943_/D : -24.300150
[setup in-reg] enable_cycle -> _85944_/D : -24.300150
[setup in-reg] enable_cycle -> _85945_/D : -24.300150
[setup in-reg] enable_cycle -> _85947_/D : -24.300150
[setup in-reg] enable_cycle -> _85948_/D : -24.300150
[setup in-reg] enable_cycle -> _85949_/D : -24.300150
[setup in-reg] enable_cycle -> _85950_/D : -24.300150
[setup in-reg] enable_cycle -> _85951_/D : -24.300150
[setup in-reg] enable_cycle -> _85952_/D : -24.300150
[setup in-reg] enable_cycle -> _85953_/D : -24.300150
[setup in-reg] enable_cycle -> _85954_/D : -24.300150
[setup in-reg] enable_cycle -> _85955_/D : -24.300150
[setup in-reg] enable_cycle -> _85956_/D : -24.300150
[setup in-reg] enable_cycle -> _85957_/D : -24.300150
[setup in-reg] enable_cycle -> _86024_/D : -24.300150
[setup in-reg] enable_cycle -> _86025_/D : -24.300150
[setup in-reg] enable_cycle -> _86026_/D : -24.300150
[setup in-reg] enable_cycle -> _86029_/D : -24.300150
[setup in-reg] enable_cycle -> _86030_/D : -24.300150
[setup in-reg] enable_cycle -> _86031_/D : -24.300150
[setup in-reg] enable_cycle -> _86032_/D : -24.300150
[setup in-reg] enable_cycle -> _86033_/D : -24.300150
[setup in-reg] enable_cycle -> _86034_/D : -24.300150
[setup in-reg] enable_cycle -> _86035_/D : -24.300150
[setup in-reg] enable_cycle -> _86036_/D : -24.300150
[setup in-reg] enable_cycle -> _86037_/D : -24.300150
[setup in-reg] enable_cycle -> _86038_/D : -24.300150
[setup in-reg] enable_cycle -> _86122_/D : -24.300150
[setup in-reg] enable_cycle -> _86123_/D : -24.300150
[setup in-reg] enable_cycle -> _86124_/D : -24.300150
[setup in-reg] enable_cycle -> _86125_/D : -24.300150
[setup in-reg] enable_cycle -> _86126_/D : -24.300150
[setup in-reg] enable_cycle -> _86127_/D : -24.300150
[setup in-reg] enable_cycle -> _86128_/D : -24.300150
[setup in-reg] enable_cycle -> _86129_/D : -24.300150
[setup in-reg] enable_cycle -> _86130_/D : -24.300150
[setup in-reg] enable_cycle -> _86131_/D : -24.300150
[setup in-reg] enable_cycle -> _86132_/D : -24.300150
[setup in-reg] enable_cycle -> _86133_/D : -24.300150
[setup in-reg] enable_cycle -> _86134_/D : -24.300150
[setup in-reg] enable_cycle -> _86135_/D : -24.300150
[setup in-reg] enable_cycle -> _86136_/D : -24.300150
[setup in-reg] enable_cycle -> _86137_/D : -24.300150
[setup in-reg] enable_cycle -> _86138_/D : -24.300150
[setup in-reg] enable_cycle -> _86147_/D : -24.300150
[setup in-reg] enable_cycle -> _86148_/D : -24.300150
[setup in-reg] enable_cycle -> _86149_/D : -24.300150
[setup in-reg] enable_cycle -> _86150_/D : -24.300150
[setup in-reg] enable_cycle -> _86152_/D : -24.300150
[setup in-reg] enable_cycle -> _86153_/D : -24.300150
[setup in-reg] enable_cycle -> _86154_/D : -24.300150
[setup in-reg] enable_cycle -> _86155_/D : -24.300150
[setup in-reg] enable_cycle -> _86156_/D : -24.300150
[setup in-reg] enable_cycle -> _86157_/D : -24.300150
[setup in-reg] enable_cycle -> _86158_/D : -24.300150
[setup in-reg] enable_cycle -> _86159_/D : -24.300150
[setup in-reg] enable_cycle -> _86160_/D : -24.300150
[setup in-reg] enable_cycle -> _86161_/D : -24.300150
[setup in-reg] enable_cycle -> _86162_/D : -24.300150
[setup in-reg] enable_cycle -> _86164_/D : -24.300150
[setup in-reg] enable_cycle -> _86165_/D : -24.300150
[setup in-reg] enable_cycle -> _86166_/D : -24.300150
[setup in-reg] enable_cycle -> _86167_/D : -24.300150
[setup in-reg] enable_cycle -> _86168_/D : -24.300150
[setup in-reg] enable_cycle -> _86169_/D : -24.300150
[setup in-reg] enable_cycle -> _86170_/D : -24.300150
[setup in-reg] enable_cycle -> _86171_/D : -24.300150
[setup in-reg] enable_cycle -> _86172_/D : -24.300150
[setup in-reg] enable_cycle -> _86173_/D : -24.300150
[setup in-reg] enable_cycle -> _86174_/D : -24.300150
[setup in-reg] enable_cycle -> _86175_/D : -24.300150
[setup in-reg] enable_cycle -> _86176_/D : -24.300150
[setup in-reg] enable_cycle -> _86177_/D : -24.300150
[setup in-reg] enable_cycle -> _86178_/D : -24.300150
[setup in-reg] enable_cycle -> _86179_/D : -24.300150
[setup in-reg] enable_cycle -> _86180_/D : -24.300150
[setup in-reg] enable_cycle -> _86181_/D : -24.300150
[setup in-reg] enable_cycle -> _86249_/D : -24.300150
[setup in-reg] enable_cycle -> _86250_/D : -24.300150
[setup in-reg] enable_cycle -> _86251_/D : -24.300150
[setup in-reg] enable_cycle -> _86252_/D : -24.300150
[setup in-reg] enable_cycle -> _86253_/D : -24.300150
[setup in-reg] enable_cycle -> _86254_/D : -24.300150
[setup in-reg] enable_cycle -> _86255_/D : -24.300150
[setup in-reg] enable_cycle -> _86256_/D : -24.300150
[setup in-reg] enable_cycle -> _86257_/D : -24.300150
[setup in-reg] enable_cycle -> _86258_/D : -24.300150
[setup in-reg] enable_cycle -> _86259_/D : -24.300150
[setup in-reg] enable_cycle -> _86260_/D : -24.300150
[setup in-reg] enable_cycle -> _86261_/D : -24.300150
[setup in-reg] enable_cycle -> _86262_/D : -24.300150
[setup in-reg] enable_cycle -> _86263_/D : -24.300150
[setup in-reg] enable_cycle -> _86264_/D : -24.300150
[setup in-reg] enable_cycle -> _86265_/D : -24.300150
[setup in-reg] enable_cycle -> _86334_/D : -24.300150
[setup in-reg] enable_cycle -> _86335_/D : -24.300150
[setup in-reg] enable_cycle -> _86336_/D : -24.300150
[setup in-reg] enable_cycle -> _86337_/D : -24.300150
[setup in-reg] enable_cycle -> _86338_/D : -24.300150
[setup in-reg] enable_cycle -> _86339_/D : -24.300150
[setup in-reg] enable_cycle -> _86340_/D : -24.300150
[setup in-reg] enable_cycle -> _86341_/D : -24.300150
[setup in-reg] enable_cycle -> _86342_/D : -24.300150
[setup in-reg] enable_cycle -> _86343_/D : -24.300150
[setup in-reg] enable_cycle -> _86344_/D : -24.300150
[setup in-reg] enable_cycle -> _86345_/D : -24.300150
[setup in-reg] enable_cycle -> _86346_/D : -24.300150
[setup in-reg] enable_cycle -> _86347_/D : -24.300150
[setup in-reg] enable_cycle -> _86348_/D : -24.300150
[setup in-reg] enable_cycle -> _86349_/D : -24.300150
[setup in-reg] enable_cycle -> _86350_/D : -24.300150
[setup in-reg] enable_cycle -> _86419_/D : -24.300150
[setup in-reg] enable_cycle -> _86420_/D : -24.300150
[setup in-reg] enable_cycle -> _86421_/D : -24.300150
[setup in-reg] enable_cycle -> _86422_/D : -24.300150
[setup in-reg] enable_cycle -> _86423_/D : -24.300150
[setup in-reg] enable_cycle -> _86424_/D : -24.300150
[setup in-reg] enable_cycle -> _86425_/D : -24.300150
[setup in-reg] enable_cycle -> _86426_/D : -24.300150
[setup in-reg] enable_cycle -> _86427_/D : -24.300150
[setup in-reg] enable_cycle -> _86428_/D : -24.300150
[setup in-reg] enable_cycle -> _86429_/D : -24.300150
[setup in-reg] enable_cycle -> _86430_/D : -24.300150
[setup in-reg] enable_cycle -> _86431_/D : -24.300150
[setup in-reg] enable_cycle -> _86432_/D : -24.300150
[setup in-reg] enable_cycle -> _86433_/D : -24.300150
[setup in-reg] enable_cycle -> _86434_/D : -24.300150
[setup in-reg] enable_cycle -> _86435_/D : -24.300150
[setup in-reg] enable_cycle -> _86504_/D : -24.300150
[setup in-reg] enable_cycle -> _86505_/D : -24.300150
[setup in-reg] enable_cycle -> _86506_/D : -24.300150
[setup in-reg] enable_cycle -> _86507_/D : -24.300150
[setup in-reg] enable_cycle -> _86508_/D : -24.300150
[setup in-reg] enable_cycle -> _86509_/D : -24.300150
[setup in-reg] enable_cycle -> _86510_/D : -24.300150
[setup in-reg] enable_cycle -> _86511_/D : -24.300150
[setup in-reg] enable_cycle -> _86512_/D : -24.300150
[setup in-reg] enable_cycle -> _86513_/D : -24.300150
[setup in-reg] enable_cycle -> _86514_/D : -24.300150
[setup in-reg] enable_cycle -> _86515_/D : -24.300150
[setup in-reg] enable_cycle -> _86516_/D : -24.300150
[setup in-reg] enable_cycle -> _86517_/D : -24.300150
[setup in-reg] enable_cycle -> _86518_/D : -24.300150
[setup in-reg] enable_cycle -> _86519_/D : -24.300150
[setup in-reg] enable_cycle -> _86520_/D : -24.300150
[setup in-reg] enable_cycle -> _86589_/D : -24.300150
[setup in-reg] enable_cycle -> _86590_/D : -24.300150
[setup in-reg] enable_cycle -> _86591_/D : -24.300150
[setup in-reg] enable_cycle -> _86592_/D : -24.300150
[setup in-reg] enable_cycle -> _86593_/D : -24.300150
[setup in-reg] enable_cycle -> _86594_/D : -24.300150
[setup in-reg] enable_cycle -> _86595_/D : -24.300150
[setup in-reg] enable_cycle -> _86596_/D : -24.300150
[setup in-reg] enable_cycle -> _86597_/D : -24.300150
[setup in-reg] enable_cycle -> _86598_/D : -24.300150
[setup in-reg] enable_cycle -> _86599_/D : -24.300150
[setup in-reg] enable_cycle -> _86600_/D : -24.300150
[setup in-reg] enable_cycle -> _86601_/D : -24.300150
[setup in-reg] enable_cycle -> _86602_/D : -24.300150
[setup in-reg] enable_cycle -> _86603_/D : -24.300150
[setup in-reg] enable_cycle -> _86604_/D : -24.300150
[setup in-reg] enable_cycle -> _86605_/D : -24.300150
[setup in-reg] enable_cycle -> _86674_/D : -24.300150
[setup in-reg] enable_cycle -> _86675_/D : -24.300150
[setup in-reg] enable_cycle -> _86676_/D : -24.300150
[setup in-reg] enable_cycle -> _86677_/D : -24.300150
[setup in-reg] enable_cycle -> _86678_/D : -24.300150
[setup in-reg] enable_cycle -> _86679_/D : -24.300150
[setup in-reg] enable_cycle -> _86680_/D : -24.300150
[setup in-reg] enable_cycle -> _86681_/D : -24.300150
[setup in-reg] enable_cycle -> _86682_/D : -24.300150
[setup in-reg] enable_cycle -> _86683_/D : -24.300150
[setup in-reg] enable_cycle -> _86684_/D : -24.300150
[setup in-reg] enable_cycle -> _86685_/D : -24.300150
[setup in-reg] enable_cycle -> _86686_/D : -24.300150
[setup in-reg] enable_cycle -> _86687_/D : -24.300150
[setup in-reg] enable_cycle -> _86688_/D : -24.300150
[setup in-reg] enable_cycle -> _86689_/D : -24.300150
[setup in-reg] enable_cycle -> _86690_/D : -24.300150
[setup in-reg] enable_cycle -> _86775_/D : -24.300150
[setup in-reg] enable_cycle -> _86776_/D : -24.300150
[setup in-reg] enable_cycle -> _86777_/D : -24.300150
[setup in-reg] enable_cycle -> _86778_/D : -24.300150
[setup in-reg] enable_cycle -> _86779_/D : -24.300150
[setup in-reg] enable_cycle -> _86780_/D : -24.300150
[setup in-reg] enable_cycle -> _86781_/D : -24.300150
[setup in-reg] enable_cycle -> _86782_/D : -24.300150
[setup in-reg] enable_cycle -> _86783_/D : -24.300150
[setup in-reg] enable_cycle -> _86784_/D : -24.300150
[setup in-reg] enable_cycle -> _86785_/D : -24.300150
[setup in-reg] enable_cycle -> _86786_/D : -24.300150
[setup in-reg] enable_cycle -> _86787_/D : -24.300150
[setup in-reg] enable_cycle -> _86788_/D : -24.300150
[setup in-reg] enable_cycle -> _86789_/D : -24.300150
[setup in-reg] enable_cycle -> _86790_/D : -24.300150
[setup in-reg] enable_cycle -> _86791_/D : -24.300150
[setup in-reg] enable_cycle -> _86792_/D : -24.300150
[setup in-reg] enable_cycle -> _86801_/D : -24.300150
[setup in-reg] enable_cycle -> _86802_/D : -24.300150
[setup in-reg] enable_cycle -> _86803_/D : -24.300150
[setup in-reg] enable_cycle -> _86804_/D : -24.300150
[setup in-reg] enable_cycle -> _86805_/D : -24.300150
[setup in-reg] enable_cycle -> _86806_/D : -24.300150
[setup in-reg] enable_cycle -> _86807_/D : -24.300150
[setup in-reg] enable_cycle -> _86808_/D : -24.300150
[setup in-reg] enable_cycle -> _86809_/D : -24.300150
[setup in-reg] enable_cycle -> _86810_/D : -24.300150
[setup in-reg] enable_cycle -> _86811_/D : -24.300150
[setup in-reg] enable_cycle -> _86812_/D : -24.300150
[setup in-reg] enable_cycle -> _86813_/D : -24.300150
[setup in-reg] enable_cycle -> _86814_/D : -24.300150
[setup in-reg] enable_cycle -> _86815_/D : -24.300150
[setup in-reg] enable_cycle -> _86816_/D : -24.300150
[setup in-reg] enable_cycle -> _86819_/D : -24.300150
[setup in-reg] enable_cycle -> _86820_/D : -24.300150
[setup in-reg] enable_cycle -> _86821_/D : -24.300150
[setup in-reg] enable_cycle -> _86822_/D : -24.300150
[setup in-reg] enable_cycle -> _86823_/D : -24.300150
[setup in-reg] enable_cycle -> _86824_/D : -24.300150
[setup in-reg] enable_cycle -> _86825_/D : -24.300150
[setup in-reg] enable_cycle -> _86826_/D : -24.300150
[setup in-reg] enable_cycle -> _86827_/D : -24.300150
[setup in-reg] enable_cycle -> _86828_/D : -24.300150
[setup in-reg] enable_cycle -> _86829_/D : -24.300150
[setup in-reg] enable_cycle -> _86830_/D : -24.300150
[setup in-reg] enable_cycle -> _86831_/D : -24.300150
[setup in-reg] enable_cycle -> _86832_/D : -24.300150
[setup in-reg] enable_cycle -> _86833_/D : -24.300150
[setup in-reg] enable_cycle -> _86834_/D : -24.300150
[setup in-reg] enable_cycle -> _86835_/D : -24.300150
[setup in-reg] enable_cycle -> _86836_/D : -24.300150
[setup in-reg] enable_cycle -> _86837_/D : -24.300150
[setup in-reg] enable_cycle -> _86907_/D : -24.300150
[setup in-reg] enable_cycle -> _86908_/D : -24.300150
[setup in-reg] enable_cycle -> _86909_/D : -24.300150
[setup in-reg] enable_cycle -> _86910_/D : -24.300150
[setup in-reg] enable_cycle -> _86911_/D : -24.300150
[setup in-reg] enable_cycle -> _86912_/D : -24.300150
[setup in-reg] enable_cycle -> _86913_/D : -24.300150
[setup in-reg] enable_cycle -> _86914_/D : -24.300150
[setup in-reg] enable_cycle -> _86915_/D : -24.300150
[setup in-reg] enable_cycle -> _86916_/D : -24.300150
[setup in-reg] enable_cycle -> _86917_/D : -24.300150
[setup in-reg] enable_cycle -> _86918_/D : -24.300150
[setup in-reg] enable_cycle -> _86919_/D : -24.300150
[setup in-reg] enable_cycle -> _86920_/D : -24.300150
[setup in-reg] enable_cycle -> _86921_/D : -24.300150
[setup in-reg] enable_cycle -> _86922_/D : -24.300150
[setup in-reg] enable_cycle -> _86924_/D : -24.300150
[setup in-reg] enable_cycle -> _86995_/D : -24.300150
[setup in-reg] enable_cycle -> _86996_/D : -24.300150
[setup in-reg] enable_cycle -> _86997_/D : -24.300150
[setup in-reg] enable_cycle -> _86998_/D : -24.300150
[setup in-reg] enable_cycle -> _86999_/D : -24.300150
[setup in-reg] enable_cycle -> _87000_/D : -24.300150
[setup in-reg] enable_cycle -> _87001_/D : -24.300150
[setup in-reg] enable_cycle -> _87002_/D : -24.300150
[setup in-reg] enable_cycle -> _87003_/D : -24.300150
[setup in-reg] enable_cycle -> _87004_/D : -24.300150
[setup in-reg] enable_cycle -> _87005_/D : -24.300150
[setup in-reg] enable_cycle -> _87006_/D : -24.300150
[setup in-reg] enable_cycle -> _87007_/D : -24.300150
[setup in-reg] enable_cycle -> _87008_/D : -24.300150
[setup in-reg] enable_cycle -> _87009_/D : -24.300150
[setup in-reg] enable_cycle -> _87010_/D : -24.300150
[setup in-reg] enable_cycle -> _87012_/D : -24.300150
[setup in-reg] enable_cycle -> _87083_/D : -24.300150
[setup in-reg] enable_cycle -> _87084_/D : -24.300150
[setup in-reg] enable_cycle -> _87085_/D : -24.300150
[setup in-reg] enable_cycle -> _87086_/D : -24.300150
[setup in-reg] enable_cycle -> _87088_/D : -24.300150
[setup in-reg] enable_cycle -> _87089_/D : -24.300150
[setup in-reg] enable_cycle -> _87090_/D : -24.300150
[setup in-reg] enable_cycle -> _87091_/D : -24.300150
[setup in-reg] enable_cycle -> _87092_/D : -24.300150
[setup in-reg] enable_cycle -> _87093_/D : -24.300150
[setup in-reg] enable_cycle -> _87094_/D : -24.300150
[setup in-reg] enable_cycle -> _87095_/D : -24.300150
[setup in-reg] enable_cycle -> _87096_/D : -24.300150
[setup in-reg] enable_cycle -> _87097_/D : -24.300150
[setup in-reg] enable_cycle -> _87098_/D : -24.300150
[setup in-reg] enable_cycle -> _87099_/D : -24.300150
[setup in-reg] enable_cycle -> _87100_/D : -24.300150
[setup in-reg] enable_cycle -> _87171_/D : -24.300150
[setup in-reg] enable_cycle -> _87172_/D : -24.300150
[setup in-reg] enable_cycle -> _87173_/D : -24.300150
[setup in-reg] enable_cycle -> _87174_/D : -24.300150
[setup in-reg] enable_cycle -> _87176_/D : -24.300150
[setup in-reg] enable_cycle -> _87178_/D : -24.300150
[setup in-reg] enable_cycle -> _87179_/D : -24.300150
[setup in-reg] enable_cycle -> _87180_/D : -24.300150
[setup in-reg] enable_cycle -> _87181_/D : -24.300150
[setup in-reg] enable_cycle -> _87182_/D : -24.300150
[setup in-reg] enable_cycle -> _87183_/D : -24.300150
[setup in-reg] enable_cycle -> _87184_/D : -24.300150
[setup in-reg] enable_cycle -> _87185_/D : -24.300150
[setup in-reg] enable_cycle -> _87186_/D : -24.300150
[setup in-reg] enable_cycle -> _87187_/D : -24.300150
[setup in-reg] enable_cycle -> _87259_/D : -24.300150
[setup in-reg] enable_cycle -> _87260_/D : -24.300150
[setup in-reg] enable_cycle -> _87261_/D : -24.300150
[setup in-reg] enable_cycle -> _87262_/D : -24.300150
[setup in-reg] enable_cycle -> _87263_/D : -24.300150
[setup in-reg] enable_cycle -> _87264_/D : -24.300150
[setup in-reg] enable_cycle -> _87265_/D : -24.300150
[setup in-reg] enable_cycle -> _87266_/D : -24.300150
[setup in-reg] enable_cycle -> _87267_/D : -24.300150
[setup in-reg] enable_cycle -> _87268_/D : -24.300150
[setup in-reg] enable_cycle -> _87269_/D : -24.300150
[setup in-reg] enable_cycle -> _87270_/D : -24.300150
[setup in-reg] enable_cycle -> _87271_/D : -24.300150
[setup in-reg] enable_cycle -> _87272_/D : -24.300150
[setup in-reg] enable_cycle -> _87273_/D : -24.300150
[setup in-reg] enable_cycle -> _87274_/D : -24.300150
[setup in-reg] enable_cycle -> _87347_/D : -24.300150
[setup in-reg] enable_cycle -> _87348_/D : -24.300150
[setup in-reg] enable_cycle -> _87349_/D : -24.300150
[setup in-reg] enable_cycle -> _87350_/D : -24.300150
[setup in-reg] enable_cycle -> _87352_/D : -24.300150
[setup in-reg] enable_cycle -> _87353_/D : -24.300150
[setup in-reg] enable_cycle -> _87354_/D : -24.300150
[setup in-reg] enable_cycle -> _87355_/D : -24.300150
[setup in-reg] enable_cycle -> _87356_/D : -24.300150
[setup in-reg] enable_cycle -> _87357_/D : -24.300150
[setup in-reg] enable_cycle -> _87358_/D : -24.300150
[setup in-reg] enable_cycle -> _87359_/D : -24.300150
[setup in-reg] enable_cycle -> _87360_/D : -24.300150
[setup in-reg] enable_cycle -> _87361_/D : -24.300150
[setup in-reg] enable_cycle -> _87362_/D : -24.300150
[setup in-reg] enable_cycle -> _87363_/D : -24.300150
[setup in-reg] enable_cycle -> _87364_/D : -24.300150
[setup in-reg] enable_cycle -> _87451_/D : -24.300150
[setup in-reg] enable_cycle -> _87452_/D : -24.300150
[setup in-reg] enable_cycle -> _87453_/D : -24.300150
[setup in-reg] enable_cycle -> _87454_/D : -24.300150
[setup in-reg] enable_cycle -> _87455_/D : -24.300150
[setup in-reg] enable_cycle -> _87456_/D : -24.300150
[setup in-reg] enable_cycle -> _87457_/D : -24.300150
[setup in-reg] enable_cycle -> _87458_/D : -24.300150
[setup in-reg] enable_cycle -> _87459_/D : -24.300150
[setup in-reg] enable_cycle -> _87460_/D : -24.300150
[setup in-reg] enable_cycle -> _87461_/D : -24.300150
[setup in-reg] enable_cycle -> _87462_/D : -24.300150
[setup in-reg] enable_cycle -> _87463_/D : -24.300150
[setup in-reg] enable_cycle -> _87464_/D : -24.300150
[setup in-reg] enable_cycle -> _87465_/D : -24.300150
[setup in-reg] enable_cycle -> _87466_/D : -24.300150
[setup in-reg] enable_cycle -> _87467_/D : -24.300150
[setup in-reg] enable_cycle -> _87468_/D : -24.300150
[setup in-reg] enable_cycle -> _87469_/D : -24.300150
[setup in-reg] enable_cycle -> _87478_/D : -24.300150
[setup in-reg] enable_cycle -> _87479_/D : -24.300150
[setup in-reg] enable_cycle -> _87480_/D : -24.300150
[setup in-reg] enable_cycle -> _87481_/D : -24.300150
[setup in-reg] enable_cycle -> _87483_/D : -24.300150
[setup in-reg] enable_cycle -> _87484_/D : -24.300150
[setup in-reg] enable_cycle -> _87485_/D : -24.300150
[setup in-reg] enable_cycle -> _87486_/D : -24.300150
[setup in-reg] enable_cycle -> _87487_/D : -24.300150
[setup in-reg] enable_cycle -> _87488_/D : -24.300150
[setup in-reg] enable_cycle -> _87489_/D : -24.300150
[setup in-reg] enable_cycle -> _87490_/D : -24.300150
[setup in-reg] enable_cycle -> _87491_/D : -24.300150
[setup in-reg] enable_cycle -> _87492_/D : -24.300150
[setup in-reg] enable_cycle -> _87493_/D : -24.300150
[setup in-reg] enable_cycle -> _87494_/D : -24.300150
[setup in-reg] enable_cycle -> _87495_/D : -24.300150
[setup in-reg] enable_cycle -> _87497_/D : -24.300150
[setup in-reg] enable_cycle -> _87498_/D : -24.300150
[setup in-reg] enable_cycle -> _87499_/D : -24.300150
[setup in-reg] enable_cycle -> _87500_/D : -24.300150
[setup in-reg] enable_cycle -> _87501_/D : -24.300150
[setup in-reg] enable_cycle -> _87502_/D : -24.300150
[setup in-reg] enable_cycle -> _87503_/D : -24.300150
[setup in-reg] enable_cycle -> _87504_/D : -24.300150
[setup in-reg] enable_cycle -> _87505_/D : -24.300150
[setup in-reg] enable_cycle -> _87506_/D : -24.300150
[setup in-reg] enable_cycle -> _87507_/D : -24.300150
[setup in-reg] enable_cycle -> _87508_/D : -24.300150
[setup in-reg] enable_cycle -> _87509_/D : -24.300150
[setup in-reg] enable_cycle -> _87510_/D : -24.300150
[setup in-reg] enable_cycle -> _87511_/D : -24.300150
[setup in-reg] enable_cycle -> _87512_/D : -24.300150
[setup in-reg] enable_cycle -> _87513_/D : -24.300150
[setup in-reg] enable_cycle -> _87514_/D : -24.300150
[setup in-reg] enable_cycle -> _87515_/D : -24.300150
[setup in-reg] enable_cycle -> _87516_/D : -24.300150
[setup in-reg] enable_cycle -> _87588_/D : -24.300150
[setup in-reg] enable_cycle -> _87589_/D : -24.300150
[setup in-reg] enable_cycle -> _87590_/D : -24.300150
[setup in-reg] enable_cycle -> _87591_/D : -24.300150
[setup in-reg] enable_cycle -> _87592_/D : -24.300150
[setup in-reg] enable_cycle -> _87593_/D : -24.300150
[setup in-reg] enable_cycle -> _87594_/D : -24.300150
[setup in-reg] enable_cycle -> _87595_/D : -24.300150
[setup in-reg] enable_cycle -> _87596_/D : -24.300150
[setup in-reg] enable_cycle -> _87597_/D : -24.300150
[setup in-reg] enable_cycle -> _87598_/D : -24.300150
[setup in-reg] enable_cycle -> _87599_/D : -24.300150
[setup in-reg] enable_cycle -> _87600_/D : -24.300150
[setup in-reg] enable_cycle -> _87601_/D : -24.300150
[setup in-reg] enable_cycle -> _87602_/D : -24.300150
[setup in-reg] enable_cycle -> _87603_/D : -24.300150
[setup in-reg] enable_cycle -> _87605_/D : -24.300150
[setup in-reg] enable_cycle -> _87606_/D : -24.300150
[setup in-reg] enable_cycle -> _87679_/D : -24.300150
[setup in-reg] enable_cycle -> _87680_/D : -24.300150
[setup in-reg] enable_cycle -> _87681_/D : -24.300150
[setup in-reg] enable_cycle -> _87682_/D : -24.300150
[setup in-reg] enable_cycle -> _87683_/D : -24.300150
[setup in-reg] enable_cycle -> _87684_/D : -24.300150
[setup in-reg] enable_cycle -> _87685_/D : -24.300150
[setup in-reg] enable_cycle -> _87686_/D : -24.300150
[setup in-reg] enable_cycle -> _87687_/D : -24.300150
[setup in-reg] enable_cycle -> _87688_/D : -24.300150
[setup in-reg] enable_cycle -> _87689_/D : -24.300150
[setup in-reg] enable_cycle -> _87691_/D : -24.300150
[setup in-reg] enable_cycle -> _87692_/D : -24.300150
[setup in-reg] enable_cycle -> _87693_/D : -24.300150
[setup in-reg] enable_cycle -> _87694_/D : -24.300150
[setup in-reg] enable_cycle -> _87695_/D : -24.300150
[setup in-reg] enable_cycle -> _87696_/D : -24.300150
[setup in-reg] enable_cycle -> _87697_/D : -24.300150
[setup in-reg] enable_cycle -> _87770_/D : -24.300150
[setup in-reg] enable_cycle -> _87771_/D : -24.300150
[setup in-reg] enable_cycle -> _87772_/D : -24.300150
[setup in-reg] enable_cycle -> _87773_/D : -24.300150
[setup in-reg] enable_cycle -> _87775_/D : -24.300150
[setup in-reg] enable_cycle -> _87776_/D : -24.300150
[setup in-reg] enable_cycle -> _87777_/D : -24.300150
[setup in-reg] enable_cycle -> _87778_/D : -24.300150
[setup in-reg] enable_cycle -> _87779_/D : -24.300150
[setup in-reg] enable_cycle -> _87780_/D : -24.300150
[setup in-reg] enable_cycle -> _87781_/D : -24.300150
[setup in-reg] enable_cycle -> _87782_/D : -24.300150
[setup in-reg] enable_cycle -> _87783_/D : -24.300150
[setup in-reg] enable_cycle -> _87784_/D : -24.300150
[setup in-reg] enable_cycle -> _87785_/D : -24.300150
[setup in-reg] enable_cycle -> _87786_/D : -24.300150
[setup in-reg] enable_cycle -> _87787_/D : -24.300150
[setup in-reg] enable_cycle -> _87788_/D : -24.300150
[setup in-reg] enable_cycle -> _87861_/D : -24.300150
[setup in-reg] enable_cycle -> _87862_/D : -24.300150
[setup in-reg] enable_cycle -> _87864_/D : -24.300150
[setup in-reg] enable_cycle -> _87865_/D : -24.300150
[setup in-reg] enable_cycle -> _87866_/D : -24.300150
[setup in-reg] enable_cycle -> _87868_/D : -24.300150
[setup in-reg] enable_cycle -> _87869_/D : -24.300150
[setup in-reg] enable_cycle -> _87870_/D : -24.300150
[setup in-reg] enable_cycle -> _87872_/D : -24.300150
[setup in-reg] enable_cycle -> _87873_/D : -24.300150
[setup in-reg] enable_cycle -> _87874_/D : -24.300150
[setup in-reg] enable_cycle -> _87875_/D : -24.300150
[setup in-reg] enable_cycle -> _87876_/D : -24.300150
[setup in-reg] enable_cycle -> _87877_/D : -24.300150
[setup in-reg] enable_cycle -> _87879_/D : -24.300150
[setup in-reg] enable_cycle -> _87952_/D : -24.300150
[setup in-reg] enable_cycle -> _87953_/D : -24.300150
[setup in-reg] enable_cycle -> _87954_/D : -24.300150
[setup in-reg] enable_cycle -> _87955_/D : -24.300150
[setup in-reg] enable_cycle -> _87958_/D : -24.300150
[setup in-reg] enable_cycle -> _87959_/D : -24.300150
[setup in-reg] enable_cycle -> _87960_/D : -24.300150
[setup in-reg] enable_cycle -> _87961_/D : -24.300150
[setup in-reg] enable_cycle -> _87962_/D : -24.300150
[setup in-reg] enable_cycle -> _87030_/D : -24.248465
[setup in-reg] enable_cycle -> _87031_/D : -24.248465
[setup in-reg] enable_cycle -> _87032_/D : -24.248465
[setup in-reg] enable_cycle -> _87033_/D : -24.248465
[setup in-reg] enable_cycle -> _87034_/D : -24.248465
[setup in-reg] enable_cycle -> _87035_/D : -24.248465
[setup in-reg] enable_cycle -> _87036_/D : -24.248465
[setup in-reg] enable_cycle -> _87037_/D : -24.248465
[setup in-reg] enable_cycle -> _87038_/D : -24.248465
[setup in-reg] enable_cycle -> _87039_/D : -24.248465
[setup in-reg] enable_cycle -> _87040_/D : -24.248465
[setup in-reg] enable_cycle -> _87041_/D : -24.248465
[setup in-reg] enable_cycle -> _87042_/D : -24.248465
[setup in-reg] enable_cycle -> _87043_/D : -24.248465
[setup in-reg] enable_cycle -> _87044_/D : -24.248465
[setup in-reg] enable_cycle -> _87045_/D : -24.248465
[setup in-reg] enable_cycle -> _87046_/D : -24.248465
[setup in-reg] enable_cycle -> _87047_/D : -24.248465
[setup in-reg] enable_cycle -> _87048_/D : -24.248465
[setup in-reg] enable_cycle -> _87118_/D : -24.248465
[setup in-reg] enable_cycle -> _87119_/D : -24.248465
[setup in-reg] enable_cycle -> _87120_/D : -24.248465
[setup in-reg] enable_cycle -> _87121_/D : -24.248465
[setup in-reg] enable_cycle -> _87122_/D : -24.248465
[setup in-reg] enable_cycle -> _87123_/D : -24.248465
[setup in-reg] enable_cycle -> _87124_/D : -24.248465
[setup in-reg] enable_cycle -> _87125_/D : -24.248465
[setup in-reg] enable_cycle -> _87126_/D : -24.248465
[setup in-reg] enable_cycle -> _87127_/D : -24.248465
[setup in-reg] enable_cycle -> _87128_/D : -24.248465
[setup in-reg] enable_cycle -> _87129_/D : -24.248465
[setup in-reg] enable_cycle -> _87130_/D : -24.248465
[setup in-reg] enable_cycle -> _87131_/D : -24.248465
[setup in-reg] enable_cycle -> _87132_/D : -24.248465
[setup in-reg] enable_cycle -> _87133_/D : -24.248465
[setup in-reg] enable_cycle -> _87134_/D : -24.248465
[setup in-reg] enable_cycle -> _87135_/D : -24.248465
[setup in-reg] enable_cycle -> _87136_/D : -24.248465
[setup in-reg] enable_cycle -> _87206_/D : -24.248465
[setup in-reg] enable_cycle -> _87207_/D : -24.248465
[setup in-reg] enable_cycle -> _87208_/D : -24.248465
[setup in-reg] enable_cycle -> _87209_/D : -24.248465
[setup in-reg] enable_cycle -> _87210_/D : -24.248465
[setup in-reg] enable_cycle -> _87211_/D : -24.248465
[setup in-reg] enable_cycle -> _87212_/D : -24.248465
[setup in-reg] enable_cycle -> _87213_/D : -24.248465
[setup in-reg] enable_cycle -> _87214_/D : -24.248465
[setup in-reg] enable_cycle -> _87215_/D : -24.248465
[setup in-reg] enable_cycle -> _87216_/D : -24.248465
[setup in-reg] enable_cycle -> _87217_/D : -24.248465
[setup in-reg] enable_cycle -> _87218_/D : -24.248465
[setup in-reg] enable_cycle -> _87219_/D : -24.248465
[setup in-reg] enable_cycle -> _87220_/D : -24.248465
[setup in-reg] enable_cycle -> _87221_/D : -24.248465
[setup in-reg] enable_cycle -> _87222_/D : -24.248465
[setup in-reg] enable_cycle -> _87223_/D : -24.248465
[setup in-reg] enable_cycle -> _87224_/D : -24.248465
[setup in-reg] enable_cycle -> _87294_/D : -24.248465
[setup in-reg] enable_cycle -> _87295_/D : -24.248465
[setup in-reg] enable_cycle -> _87296_/D : -24.248465
[setup in-reg] enable_cycle -> _87297_/D : -24.248465
[setup in-reg] enable_cycle -> _87298_/D : -24.248465
[setup in-reg] enable_cycle -> _87299_/D : -24.248465
[setup in-reg] enable_cycle -> _87300_/D : -24.248465
[setup in-reg] enable_cycle -> _87301_/D : -24.248465
[setup in-reg] enable_cycle -> _87302_/D : -24.248465
[setup in-reg] enable_cycle -> _87303_/D : -24.248465
[setup in-reg] enable_cycle -> _87304_/D : -24.248465
[setup in-reg] enable_cycle -> _87305_/D : -24.248465
[setup in-reg] enable_cycle -> _87306_/D : -24.248465
[setup in-reg] enable_cycle -> _87307_/D : -24.248465
[setup in-reg] enable_cycle -> _87308_/D : -24.248465
[setup in-reg] enable_cycle -> _87309_/D : -24.248465
[setup in-reg] enable_cycle -> _87310_/D : -24.248465
[setup in-reg] enable_cycle -> _87311_/D : -24.248465
[setup in-reg] enable_cycle -> _87312_/D : -24.248465
[setup in-reg] enable_cycle -> _87382_/D : -24.248465
[setup in-reg] enable_cycle -> _87383_/D : -24.248465
[setup in-reg] enable_cycle -> _87384_/D : -24.248465
[setup in-reg] enable_cycle -> _87385_/D : -24.248465
[setup in-reg] enable_cycle -> _87386_/D : -24.248465
[setup in-reg] enable_cycle -> _87387_/D : -24.248465
[setup in-reg] enable_cycle -> _87388_/D : -24.248465
[setup in-reg] enable_cycle -> _87389_/D : -24.248465
[setup in-reg] enable_cycle -> _87390_/D : -24.248465
[setup in-reg] enable_cycle -> _87391_/D : -24.248465
[setup in-reg] enable_cycle -> _87392_/D : -24.248465
[setup in-reg] enable_cycle -> _87393_/D : -24.248465
[setup in-reg] enable_cycle -> _87394_/D : -24.248465
[setup in-reg] enable_cycle -> _87395_/D : -24.248465
[setup in-reg] enable_cycle -> _87396_/D : -24.248465
[setup in-reg] enable_cycle -> _87397_/D : -24.248465
[setup in-reg] enable_cycle -> _87398_/D : -24.248465
[setup in-reg] enable_cycle -> _87399_/D : -24.248465
[setup in-reg] enable_cycle -> _87400_/D : -24.248465
[setup in-reg] enable_cycle -> _87624_/D : -24.248465
[setup in-reg] enable_cycle -> _87625_/D : -24.248465
[setup in-reg] enable_cycle -> _87626_/D : -24.248465
[setup in-reg] enable_cycle -> _87627_/D : -24.248465
[setup in-reg] enable_cycle -> _87628_/D : -24.248465
[setup in-reg] enable_cycle -> _87629_/D : -24.248465
[setup in-reg] enable_cycle -> _87630_/D : -24.248465
[setup in-reg] enable_cycle -> _87631_/D : -24.248465
[setup in-reg] enable_cycle -> _87632_/D : -24.248465
[setup in-reg] enable_cycle -> _87633_/D : -24.248465
[setup in-reg] enable_cycle -> _87634_/D : -24.248465
[setup in-reg] enable_cycle -> _87635_/D : -24.248465
[setup in-reg] enable_cycle -> _87636_/D : -24.248465
[setup in-reg] enable_cycle -> _87637_/D : -24.248465
[setup in-reg] enable_cycle -> _87638_/D : -24.248465
[setup in-reg] enable_cycle -> _87639_/D : -24.248465
[setup in-reg] enable_cycle -> _87640_/D : -24.248465
[setup in-reg] enable_cycle -> _87641_/D : -24.248465
[setup in-reg] enable_cycle -> _87642_/D : -24.248465
[setup in-reg] enable_cycle -> _87643_/D : -24.248465
[setup in-reg] enable_cycle -> _87715_/D : -24.248465
[setup in-reg] enable_cycle -> _87716_/D : -24.248465
[setup in-reg] enable_cycle -> _87717_/D : -24.248465
[setup in-reg] enable_cycle -> _87718_/D : -24.248465
[setup in-reg] enable_cycle -> _87719_/D : -24.248465
[setup in-reg] enable_cycle -> _87720_/D : -24.248465
[setup in-reg] enable_cycle -> _87721_/D : -24.248465
[setup in-reg] enable_cycle -> _87722_/D : -24.248465
[setup in-reg] enable_cycle -> _87723_/D : -24.248465
[setup in-reg] enable_cycle -> _87724_/D : -24.248465
[setup in-reg] enable_cycle -> _87725_/D : -24.248465
[setup in-reg] enable_cycle -> _87726_/D : -24.248465
[setup in-reg] enable_cycle -> _87727_/D : -24.248465
[setup in-reg] enable_cycle -> _87728_/D : -24.248465
[setup in-reg] enable_cycle -> _87729_/D : -24.248465
[setup in-reg] enable_cycle -> _87730_/D : -24.248465
[setup in-reg] enable_cycle -> _87731_/D : -24.248465
[setup in-reg] enable_cycle -> _87732_/D : -24.248465
[setup in-reg] enable_cycle -> _87733_/D : -24.248465
[setup in-reg] enable_cycle -> _87734_/D : -24.248465
[setup in-reg] enable_cycle -> _87806_/D : -24.248465
[setup in-reg] enable_cycle -> _87807_/D : -24.248465
[setup in-reg] enable_cycle -> _87808_/D : -24.248465
[setup in-reg] enable_cycle -> _87809_/D : -24.248465
[setup in-reg] enable_cycle -> _87810_/D : -24.248465
[setup in-reg] enable_cycle -> _87811_/D : -24.248465
[setup in-reg] enable_cycle -> _87812_/D : -24.248465
[setup in-reg] enable_cycle -> _87813_/D : -24.248465
[setup in-reg] enable_cycle -> _87814_/D : -24.248465
[setup in-reg] enable_cycle -> _87815_/D : -24.248465
[setup in-reg] enable_cycle -> _87816_/D : -24.248465
[setup in-reg] enable_cycle -> _87817_/D : -24.248465
[setup in-reg] enable_cycle -> _87818_/D : -24.248465
[setup in-reg] enable_cycle -> _87819_/D : -24.248465
[setup in-reg] enable_cycle -> _87820_/D : -24.248465
[setup in-reg] enable_cycle -> _87821_/D : -24.248465
[setup in-reg] enable_cycle -> _87822_/D : -24.248465
[setup in-reg] enable_cycle -> _87823_/D : -24.248465
[setup in-reg] enable_cycle -> _87824_/D : -24.248465
[setup in-reg] enable_cycle -> _87825_/D : -24.248465
[setup in-reg] enable_cycle -> _87897_/D : -24.248465
[setup in-reg] enable_cycle -> _87898_/D : -24.248465
[setup in-reg] enable_cycle -> _87899_/D : -24.248465
[setup in-reg] enable_cycle -> _87900_/D : -24.248465
[setup in-reg] enable_cycle -> _87901_/D : -24.248465
[setup in-reg] enable_cycle -> _87902_/D : -24.248465
[setup in-reg] enable_cycle -> _87903_/D : -24.248465
[setup in-reg] enable_cycle -> _87904_/D : -24.248465
[setup in-reg] enable_cycle -> _87905_/D : -24.248465
[setup in-reg] enable_cycle -> _87906_/D : -24.248465
[setup in-reg] enable_cycle -> _87907_/D : -24.248465
[setup in-reg] enable_cycle -> _87908_/D : -24.248465
[setup in-reg] enable_cycle -> _87909_/D : -24.248465
[setup in-reg] enable_cycle -> _87910_/D : -24.248465
[setup in-reg] enable_cycle -> _87911_/D : -24.248465
[setup in-reg] enable_cycle -> _87912_/D : -24.248465
[setup in-reg] enable_cycle -> _87913_/D : -24.248465
[setup in-reg] enable_cycle -> _87914_/D : -24.248465
[setup in-reg] enable_cycle -> _87915_/D : -24.248465
[setup in-reg] enable_cycle -> _87916_/D : -24.248465
[setup in-reg] enable_cycle -> _87988_/D : -24.248465
[setup in-reg] enable_cycle -> _87989_/D : -24.248465
[setup in-reg] enable_cycle -> _87990_/D : -24.248465
[setup in-reg] enable_cycle -> _87991_/D : -24.248465
[setup in-reg] enable_cycle -> _87992_/D : -24.248465
[setup in-reg] enable_cycle -> _87993_/D : -24.248465
[setup in-reg] enable_cycle -> _87994_/D : -24.248465
[setup in-reg] enable_cycle -> _87995_/D : -24.248465
[setup in-reg] enable_cycle -> _87996_/D : -24.248465
[setup in-reg] enable_cycle -> _87997_/D : -24.248465
[setup in-reg] enable_cycle -> _87998_/D : -24.248465
[setup in-reg] enable_cycle -> _87999_/D : -24.248465
[setup in-reg] enable_cycle -> _88000_/D : -24.248465
[setup in-reg] enable_cycle -> _88001_/D : -24.248465
[setup in-reg] enable_cycle -> _88002_/D : -24.248465
[setup in-reg] enable_cycle -> _88003_/D : -24.248465
[setup in-reg] enable_cycle -> _88004_/D : -24.248465
[setup in-reg] enable_cycle -> _88005_/D : -24.248465
[setup in-reg] enable_cycle -> _88006_/D : -24.248465
[setup in-reg] enable_cycle -> _88007_/D : -24.248465
[setup in-reg] enable_cycle -> _88079_/D : -24.248465
[setup in-reg] enable_cycle -> _88080_/D : -24.248465
[setup in-reg] enable_cycle -> _88081_/D : -24.248465
[setup in-reg] enable_cycle -> _88082_/D : -24.248465
[setup in-reg] enable_cycle -> _88083_/D : -24.248465
[setup in-reg] enable_cycle -> _88084_/D : -24.248465
[setup in-reg] enable_cycle -> _88085_/D : -24.248465
[setup in-reg] enable_cycle -> _88086_/D : -24.248465
[setup in-reg] enable_cycle -> _88087_/D : -24.248465
[setup in-reg] enable_cycle -> _88088_/D : -24.248465
[setup in-reg] enable_cycle -> _88089_/D : -24.248465
[setup in-reg] enable_cycle -> _88090_/D : -24.248465
[setup in-reg] enable_cycle -> _88091_/D : -24.248465
[setup in-reg] enable_cycle -> _88092_/D : -24.248465
[setup in-reg] enable_cycle -> _88093_/D : -24.248465
[setup in-reg] enable_cycle -> _88094_/D : -24.215219
[setup in-reg] enable_cycle -> _88095_/D : -24.215219
[setup in-reg] enable_cycle -> _88096_/D : -24.215219
[setup in-reg] enable_cycle -> _88097_/D : -24.215219
[setup in-reg] enable_cycle -> _88098_/D : -24.215219
[setup in-reg] enable_cycle -> _86039_/D : -24.130672
[setup in-reg] enable_cycle -> _88632_/D : -24.066944
[setup in-reg] enable_cycle -> _87970_/D : -24.050295
[setup in-reg] enable_cycle -> _88535_/D : -24.050295
[setup in-reg] enable_cycle -> _88633_/D : -24.050295
[setup in-reg] enable_cycle -> _88634_/D : -24.050295
[setup in-reg] enable_cycle -> _88672_/D : -24.050295
[setup in-reg] enable_cycle -> _88867_/D : -24.050295
[setup in-reg] enable_cycle -> _89029_/D : -24.032461
[setup in-reg] enable_cycle -> _89030_/D : -24.032461
[setup in-reg] enable_cycle -> _89031_/D : -24.032461
[setup in-reg] enable_cycle -> _89032_/D : -24.032461
[setup in-reg] enable_cycle -> _89033_/D : -24.032461
[setup in-reg] enable_cycle -> _89034_/D : -24.032461
[setup in-reg] enable_cycle -> _89035_/D : -24.032461
[setup in-reg] enable_cycle -> _89037_/D : -24.032461
[setup in-reg] enable_cycle -> _89038_/D : -24.032461
[setup in-reg] enable_cycle -> _89039_/D : -24.032461
[setup in-reg] enable_cycle -> _89057_/D : -24.032461
[setup in-reg] enable_cycle -> _89058_/D : -24.032461
[setup in-reg] enable_cycle -> _89059_/D : -24.032461
[setup in-reg] enable_cycle -> _89060_/D : -24.032461
[setup in-reg] enable_cycle -> _89061_/D : -24.032461
[setup in-reg] enable_cycle -> _89062_/D : -24.032461
[setup in-reg] enable_cycle -> _89063_/D : -24.032461
[setup in-reg] enable_cycle -> _89064_/D : -24.032461
[setup in-reg] enable_cycle -> _89065_/D : -24.032461
[setup in-reg] enable_cycle -> _89066_/D : -24.032461
[setup in-reg] enable_cycle -> _89067_/D : -24.032461
[setup in-reg] enable_cycle -> _89068_/D : -24.032461
[setup in-reg] enable_cycle -> _89069_/D : -24.032461
[setup in-reg] enable_cycle -> _89070_/D : -24.032461
[setup in-reg] enable_cycle -> _89071_/D : -24.032461
[setup in-reg] enable_cycle -> _89072_/D : -24.032461
[setup in-reg] enable_cycle -> _89073_/D : -24.032461
[setup in-reg] enable_cycle -> _89074_/D : -24.032461
[setup in-reg] enable_cycle -> _89075_/D : -24.032461
[setup in-reg] enable_cycle -> _89076_/D : -24.032461
[setup in-reg] enable_cycle -> _87963_/D : -24.025969
[setup in-reg] enable_cycle -> _87964_/D : -24.025969
[setup in-reg] enable_cycle -> _87965_/D : -24.025969
[setup in-reg] enable_cycle -> _87966_/D : -24.025969
[setup in-reg] enable_cycle -> _87967_/D : -24.025969
[setup in-reg] enable_cycle -> _87968_/D : -24.025969
[setup in-reg] enable_cycle -> _87969_/D : -24.025969
[setup in-reg] enable_cycle -> _88043_/D : -24.025969
[setup in-reg] enable_cycle -> _88044_/D : -24.025969
[setup in-reg] enable_cycle -> _88045_/D : -24.025969
[setup in-reg] enable_cycle -> _88046_/D : -24.025969
[setup in-reg] enable_cycle -> _88047_/D : -24.025969
[setup in-reg] enable_cycle -> _88048_/D : -24.025969
[setup in-reg] enable_cycle -> _88049_/D : -24.025969
[setup in-reg] enable_cycle -> _88050_/D : -24.025969
[setup in-reg] enable_cycle -> _88051_/D : -24.025969
[setup in-reg] enable_cycle -> _88052_/D : -24.025969
[setup in-reg] enable_cycle -> _88053_/D : -24.025969
[setup in-reg] enable_cycle -> _88054_/D : -24.025969
[setup in-reg] enable_cycle -> _88055_/D : -24.025969
[setup in-reg] enable_cycle -> _88056_/D : -24.025969
[setup in-reg] enable_cycle -> _88057_/D : -24.025969
[setup in-reg] enable_cycle -> _88058_/D : -24.025969
[setup in-reg] enable_cycle -> _88059_/D : -24.025969
[setup in-reg] enable_cycle -> _88060_/D : -24.025969
[setup in-reg] enable_cycle -> _88061_/D : -24.025969
[setup in-reg] enable_cycle -> _88150_/D : -24.025969
[setup in-reg] enable_cycle -> _88151_/D : -24.025969
[setup in-reg] enable_cycle -> _88152_/D : -24.025969
[setup in-reg] enable_cycle -> _88153_/D : -24.025969
[setup in-reg] enable_cycle -> _88154_/D : -24.025969
[setup in-reg] enable_cycle -> _88155_/D : -24.025969
[setup in-reg] enable_cycle -> _88156_/D : -24.025969
[setup in-reg] enable_cycle -> _88157_/D : -24.025969
[setup in-reg] enable_cycle -> _88158_/D : -24.025969
[setup in-reg] enable_cycle -> _88159_/D : -24.025969
[setup in-reg] enable_cycle -> _88160_/D : -24.025969
[setup in-reg] enable_cycle -> _88161_/D : -24.025969
[setup in-reg] enable_cycle -> _88162_/D : -24.025969
[setup in-reg] enable_cycle -> _88163_/D : -24.025969
[setup in-reg] enable_cycle -> _88164_/D : -24.025969
[setup in-reg] enable_cycle -> _88165_/D : -24.025969
[setup in-reg] enable_cycle -> _88166_/D : -24.025969
[setup in-reg] enable_cycle -> _88167_/D : -24.025969
[setup in-reg] enable_cycle -> _88168_/D : -24.025969
[setup in-reg] enable_cycle -> _88169_/D : -24.025969
[setup in-reg] enable_cycle -> _88178_/D : -24.025969
[setup in-reg] enable_cycle -> _88179_/D : -24.025969
[setup in-reg] enable_cycle -> _88181_/D : -24.025969
[setup in-reg] enable_cycle -> _88182_/D : -24.025969
[setup in-reg] enable_cycle -> _88183_/D : -24.025969
[setup in-reg] enable_cycle -> _88184_/D : -24.025969
[setup in-reg] enable_cycle -> _88185_/D : -24.025969
[setup in-reg] enable_cycle -> _88186_/D : -24.025969
[setup in-reg] enable_cycle -> _88187_/D : -24.025969
[setup in-reg] enable_cycle -> _88188_/D : -24.025969
[setup in-reg] enable_cycle -> _88189_/D : -24.025969
[setup in-reg] enable_cycle -> _88190_/D : -24.025969
[setup in-reg] enable_cycle -> _88191_/D : -24.025969
[setup in-reg] enable_cycle -> _88192_/D : -24.025969
[setup in-reg] enable_cycle -> _88193_/D : -24.025969
[setup in-reg] enable_cycle -> _88194_/D : -24.025969
[setup in-reg] enable_cycle -> _88195_/D : -24.025969
[setup in-reg] enable_cycle -> _88196_/D : -24.025969
[setup in-reg] enable_cycle -> _88198_/D : -24.025969
[setup in-reg] enable_cycle -> _88199_/D : -24.025969
[setup in-reg] enable_cycle -> _88200_/D : -24.025969
[setup in-reg] enable_cycle -> _88201_/D : -24.025969
[setup in-reg] enable_cycle -> _88202_/D : -24.025969
[setup in-reg] enable_cycle -> _88203_/D : -24.025969
[setup in-reg] enable_cycle -> _88204_/D : -24.025969
[setup in-reg] enable_cycle -> _88205_/D : -24.025969
[setup in-reg] enable_cycle -> _88206_/D : -24.025969
[setup in-reg] enable_cycle -> _88207_/D : -24.025969
[setup in-reg] enable_cycle -> _88208_/D : -24.025969
[setup in-reg] enable_cycle -> _88209_/D : -24.025969
[setup in-reg] enable_cycle -> _88210_/D : -24.025969
[setup in-reg] enable_cycle -> _88211_/D : -24.025969
[setup in-reg] enable_cycle -> _88212_/D : -24.025969
[setup in-reg] enable_cycle -> _88213_/D : -24.025969
[setup in-reg] enable_cycle -> _88214_/D : -24.025969
[setup in-reg] enable_cycle -> _88215_/D : -24.025969
[setup in-reg] enable_cycle -> _88216_/D : -24.025969
[setup in-reg] enable_cycle -> _88217_/D : -24.025969
[setup in-reg] enable_cycle -> _88218_/D : -24.025969
[setup in-reg] enable_cycle -> _88292_/D : -24.025969
[setup in-reg] enable_cycle -> _88293_/D : -24.025969
[setup in-reg] enable_cycle -> _88294_/D : -24.025969
[setup in-reg] enable_cycle -> _88295_/D : -24.025969
[setup in-reg] enable_cycle -> _88296_/D : -24.025969
[setup in-reg] enable_cycle -> _88297_/D : -24.025969
[setup in-reg] enable_cycle -> _88298_/D : -24.025969
[setup in-reg] enable_cycle -> _88299_/D : -24.025969
[setup in-reg] enable_cycle -> _88300_/D : -24.025969
[setup in-reg] enable_cycle -> _88301_/D : -24.025969
[setup in-reg] enable_cycle -> _88302_/D : -24.025969
[setup in-reg] enable_cycle -> _88303_/D : -24.025969
[setup in-reg] enable_cycle -> _88304_/D : -24.025969
[setup in-reg] enable_cycle -> _88305_/D : -24.025969
[setup in-reg] enable_cycle -> _88306_/D : -24.025969
[setup in-reg] enable_cycle -> _88307_/D : -24.025969
[setup in-reg] enable_cycle -> _88309_/D : -24.025969
[setup in-reg] enable_cycle -> _88310_/D : -24.025969
[setup in-reg] enable_cycle -> _88311_/D : -24.025969
[setup in-reg] enable_cycle -> _88329_/D : -24.025969
[setup in-reg] enable_cycle -> _88330_/D : -24.025969
[setup in-reg] enable_cycle -> _88331_/D : -24.025969
[setup in-reg] enable_cycle -> _88332_/D : -24.025969
[setup in-reg] enable_cycle -> _88333_/D : -24.025969
[setup in-reg] enable_cycle -> _88334_/D : -24.025969
[setup in-reg] enable_cycle -> _88335_/D : -24.025969
[setup in-reg] enable_cycle -> _88336_/D : -24.025969
[setup in-reg] enable_cycle -> _88337_/D : -24.025969
[setup in-reg] enable_cycle -> _88338_/D : -24.025969
[setup in-reg] enable_cycle -> _88339_/D : -24.025969
[setup in-reg] enable_cycle -> _88340_/D : -24.025969
[setup in-reg] enable_cycle -> _88341_/D : -24.025969
[setup in-reg] enable_cycle -> _88342_/D : -24.025969
[setup in-reg] enable_cycle -> _88343_/D : -24.025969
[setup in-reg] enable_cycle -> _88344_/D : -24.025969
[setup in-reg] enable_cycle -> _88345_/D : -24.025969
[setup in-reg] enable_cycle -> _88346_/D : -24.025969
[setup in-reg] enable_cycle -> _88347_/D : -24.025969
[setup in-reg] enable_cycle -> _88348_/D : -24.025969
[setup in-reg] enable_cycle -> _88349_/D : -24.025969
[setup in-reg] enable_cycle -> _88386_/D : -24.025969
[setup in-reg] enable_cycle -> _88387_/D : -24.025969
[setup in-reg] enable_cycle -> _88388_/D : -24.025969
[setup in-reg] enable_cycle -> _88389_/D : -24.025969
[setup in-reg] enable_cycle -> _88390_/D : -24.025969
[setup in-reg] enable_cycle -> _88391_/D : -24.025969
[setup in-reg] enable_cycle -> _88393_/D : -24.025969
[setup in-reg] enable_cycle -> _88394_/D : -24.025969
[setup in-reg] enable_cycle -> _88395_/D : -24.025969
[setup in-reg] enable_cycle -> _88396_/D : -24.025969
[setup in-reg] enable_cycle -> _88397_/D : -24.025969
[setup in-reg] enable_cycle -> _88398_/D : -24.025969
[setup in-reg] enable_cycle -> _88399_/D : -24.025969
[setup in-reg] enable_cycle -> _88400_/D : -24.025969
[setup in-reg] enable_cycle -> _88401_/D : -24.025969
[setup in-reg] enable_cycle -> _88402_/D : -24.025969
[setup in-reg] enable_cycle -> _88403_/D : -24.025969
[setup in-reg] enable_cycle -> _88404_/D : -24.025969
[setup in-reg] enable_cycle -> _88405_/D : -24.025969
[setup in-reg] enable_cycle -> _88423_/D : -24.025969
[setup in-reg] enable_cycle -> _88424_/D : -24.025969
[setup in-reg] enable_cycle -> _88425_/D : -24.025969
[setup in-reg] enable_cycle -> _88426_/D : -24.025969
[setup in-reg] enable_cycle -> _88427_/D : -24.025969
[setup in-reg] enable_cycle -> _88428_/D : -24.025969
[setup in-reg] enable_cycle -> _88429_/D : -24.025969
[setup in-reg] enable_cycle -> _88430_/D : -24.025969
[setup in-reg] enable_cycle -> _88431_/D : -24.025969
[setup in-reg] enable_cycle -> _88432_/D : -24.025969
[setup in-reg] enable_cycle -> _88433_/D : -24.025969
[setup in-reg] enable_cycle -> _88434_/D : -24.025969
[setup in-reg] enable_cycle -> _88435_/D : -24.025969
[setup in-reg] enable_cycle -> _88436_/D : -24.025969
[setup in-reg] enable_cycle -> _88437_/D : -24.025969
[setup in-reg] enable_cycle -> _88438_/D : -24.025969
[setup in-reg] enable_cycle -> _88439_/D : -24.025969
[setup in-reg] enable_cycle -> _88440_/D : -24.025969
[setup in-reg] enable_cycle -> _88441_/D : -24.025969
[setup in-reg] enable_cycle -> _88442_/D : -24.025969
[setup in-reg] enable_cycle -> _88443_/D : -24.025969
[setup in-reg] enable_cycle -> _88460_/D : -24.025969
[setup in-reg] enable_cycle -> _88461_/D : -24.025969
[setup in-reg] enable_cycle -> _88462_/D : -24.025969
[setup in-reg] enable_cycle -> _88463_/D : -24.025969
[setup in-reg] enable_cycle -> _88465_/D : -24.025969
[setup in-reg] enable_cycle -> _88466_/D : -24.025969
[setup in-reg] enable_cycle -> _88467_/D : -24.025969
[setup in-reg] enable_cycle -> _88468_/D : -24.025969
[setup in-reg] enable_cycle -> _88469_/D : -24.025969
[setup in-reg] enable_cycle -> _88470_/D : -24.025969
[setup in-reg] enable_cycle -> _88471_/D : -24.025969
[setup in-reg] enable_cycle -> _88472_/D : -24.025969
[setup in-reg] enable_cycle -> _88473_/D : -24.025969
[setup in-reg] enable_cycle -> _88474_/D : -24.025969
[setup in-reg] enable_cycle -> _88475_/D : -24.025969
[setup in-reg] enable_cycle -> _88477_/D : -24.025969
[setup in-reg] enable_cycle -> _88479_/D : -24.025969
[setup in-reg] enable_cycle -> _88480_/D : -24.025969
[setup in-reg] enable_cycle -> _88481_/D : -24.025969
[setup in-reg] enable_cycle -> _88482_/D : -24.025969
[setup in-reg] enable_cycle -> _88483_/D : -24.025969
[setup in-reg] enable_cycle -> _88484_/D : -24.025969
[setup in-reg] enable_cycle -> _88485_/D : -24.025969
[setup in-reg] enable_cycle -> _88486_/D : -24.025969
[setup in-reg] enable_cycle -> _88487_/D : -24.025969
[setup in-reg] enable_cycle -> _88488_/D : -24.025969
[setup in-reg] enable_cycle -> _88489_/D : -24.025969
[setup in-reg] enable_cycle -> _88490_/D : -24.025969
[setup in-reg] enable_cycle -> _88491_/D : -24.025969
[setup in-reg] enable_cycle -> _88492_/D : -24.025969
[setup in-reg] enable_cycle -> _88493_/D : -24.025969
[setup in-reg] enable_cycle -> _88494_/D : -24.025969
[setup in-reg] enable_cycle -> _88495_/D : -24.025969
[setup in-reg] enable_cycle -> _88496_/D : -24.025969
[setup in-reg] enable_cycle -> _88497_/D : -24.025969
[setup in-reg] enable_cycle -> _88519_/D : -24.025969
[setup in-reg] enable_cycle -> _88520_/D : -24.025969
[setup in-reg] enable_cycle -> _88521_/D : -24.025969
[setup in-reg] enable_cycle -> _88522_/D : -24.025969
[setup in-reg] enable_cycle -> _88524_/D : -24.025969
[setup in-reg] enable_cycle -> _88525_/D : -24.025969
[setup in-reg] enable_cycle -> _88526_/D : -24.025969
[setup in-reg] enable_cycle -> _88527_/D : -24.025969
[setup in-reg] enable_cycle -> _88528_/D : -24.025969
[setup in-reg] enable_cycle -> _88529_/D : -24.025969
[setup in-reg] enable_cycle -> _88530_/D : -24.025969
[setup in-reg] enable_cycle -> _88531_/D : -24.025969
[setup in-reg] enable_cycle -> _88532_/D : -24.025969
[setup in-reg] enable_cycle -> _88533_/D : -24.025969
[setup in-reg] enable_cycle -> _88534_/D : -24.025969
[setup in-reg] enable_cycle -> _88537_/D : -24.025969
[setup in-reg] enable_cycle -> _88556_/D : -24.025969
[setup in-reg] enable_cycle -> _88557_/D : -24.025969
[setup in-reg] enable_cycle -> _88558_/D : -24.025969
[setup in-reg] enable_cycle -> _88559_/D : -24.025969
[setup in-reg] enable_cycle -> _88560_/D : -24.025969
[setup in-reg] enable_cycle -> _88561_/D : -24.025969
[setup in-reg] enable_cycle -> _88562_/D : -24.025969
[setup in-reg] enable_cycle -> _88563_/D : -24.025969
[setup in-reg] enable_cycle -> _88564_/D : -24.025969
[setup in-reg] enable_cycle -> _88565_/D : -24.025969
[setup in-reg] enable_cycle -> _88566_/D : -24.025969
[setup in-reg] enable_cycle -> _88567_/D : -24.025969
[setup in-reg] enable_cycle -> _88568_/D : -24.025969
[setup in-reg] enable_cycle -> _88569_/D : -24.025969
[setup in-reg] enable_cycle -> _88570_/D : -24.025969
[setup in-reg] enable_cycle -> _88571_/D : -24.025969
[setup in-reg] enable_cycle -> _88572_/D : -24.025969
[setup in-reg] enable_cycle -> _88573_/D : -24.025969
[setup in-reg] enable_cycle -> _88574_/D : -24.025969
[setup in-reg] enable_cycle -> _88575_/D : -24.025969
[setup in-reg] enable_cycle -> _88576_/D : -24.025969
[setup in-reg] enable_cycle -> _88593_/D : -24.025969
[setup in-reg] enable_cycle -> _88594_/D : -24.025969
[setup in-reg] enable_cycle -> _88595_/D : -24.025969
[setup in-reg] enable_cycle -> _88596_/D : -24.025969
[setup in-reg] enable_cycle -> _88598_/D : -24.025969
[setup in-reg] enable_cycle -> _88599_/D : -24.025969
[setup in-reg] enable_cycle -> _88600_/D : -24.025969
[setup in-reg] enable_cycle -> _88601_/D : -24.025969
[setup in-reg] enable_cycle -> _88602_/D : -24.025969
[setup in-reg] enable_cycle -> _88603_/D : -24.025969
[setup in-reg] enable_cycle -> _88604_/D : -24.025969
[setup in-reg] enable_cycle -> _88605_/D : -24.025969
[setup in-reg] enable_cycle -> _88606_/D : -24.025969
[setup in-reg] enable_cycle -> _88607_/D : -24.025969
[setup in-reg] enable_cycle -> _88608_/D : -24.025969
[setup in-reg] enable_cycle -> _88609_/D : -24.025969
[setup in-reg] enable_cycle -> _88610_/D : -24.025969
[setup in-reg] enable_cycle -> _88611_/D : -24.025969
[setup in-reg] enable_cycle -> _88612_/D : -24.025969
[setup in-reg] enable_cycle -> _88614_/D : -24.025969
[setup in-reg] enable_cycle -> _88615_/D : -24.025969
[setup in-reg] enable_cycle -> _88616_/D : -24.025969
[setup in-reg] enable_cycle -> _88617_/D : -24.025969
[setup in-reg] enable_cycle -> _88619_/D : -24.025969
[setup in-reg] enable_cycle -> _88620_/D : -24.025969
[setup in-reg] enable_cycle -> _88621_/D : -24.025969
[setup in-reg] enable_cycle -> _88622_/D : -24.025969
[setup in-reg] enable_cycle -> _88623_/D : -24.025969
[setup in-reg] enable_cycle -> _88624_/D : -24.025969
[setup in-reg] enable_cycle -> _88625_/D : -24.025969
[setup in-reg] enable_cycle -> _88626_/D : -24.025969
[setup in-reg] enable_cycle -> _88627_/D : -24.025969
[setup in-reg] enable_cycle -> _88628_/D : -24.025969
[setup in-reg] enable_cycle -> _88629_/D : -24.025969
[setup in-reg] enable_cycle -> _88630_/D : -24.025969
[setup in-reg] enable_cycle -> _88631_/D : -24.025969
[setup in-reg] enable_cycle -> _88656_/D : -24.025969
[setup in-reg] enable_cycle -> _88657_/D : -24.025969
[setup in-reg] enable_cycle -> _88658_/D : -24.025969
[setup in-reg] enable_cycle -> _88659_/D : -24.025969
[setup in-reg] enable_cycle -> _88661_/D : -24.025969
[setup in-reg] enable_cycle -> _88662_/D : -24.025969
[setup in-reg] enable_cycle -> _88663_/D : -24.025969
[setup in-reg] enable_cycle -> _88664_/D : -24.025969
[setup in-reg] enable_cycle -> _88665_/D : -24.025969
[setup in-reg] enable_cycle -> _88666_/D : -24.025969
[setup in-reg] enable_cycle -> _88667_/D : -24.025969
[setup in-reg] enable_cycle -> _88668_/D : -24.025969
[setup in-reg] enable_cycle -> _88669_/D : -24.025969
[setup in-reg] enable_cycle -> _88670_/D : -24.025969
[setup in-reg] enable_cycle -> _88671_/D : -24.025969
[setup in-reg] enable_cycle -> _88674_/D : -24.025969
[setup in-reg] enable_cycle -> _88693_/D : -24.025969
[setup in-reg] enable_cycle -> _88694_/D : -24.025969
[setup in-reg] enable_cycle -> _88695_/D : -24.025969
[setup in-reg] enable_cycle -> _88696_/D : -24.025969
[setup in-reg] enable_cycle -> _88697_/D : -24.025969
[setup in-reg] enable_cycle -> _88698_/D : -24.025969
[setup in-reg] enable_cycle -> _88699_/D : -24.025969
[setup in-reg] enable_cycle -> _88700_/D : -24.025969
[setup in-reg] enable_cycle -> _88701_/D : -24.025969
[setup in-reg] enable_cycle -> _88702_/D : -24.025969
[setup in-reg] enable_cycle -> _88703_/D : -24.025969
[setup in-reg] enable_cycle -> _88704_/D : -24.025969
[setup in-reg] enable_cycle -> _88705_/D : -24.025969
[setup in-reg] enable_cycle -> _88706_/D : -24.025969
[setup in-reg] enable_cycle -> _88707_/D : -24.025969
[setup in-reg] enable_cycle -> _88708_/D : -24.025969
[setup in-reg] enable_cycle -> _88709_/D : -24.025969
[setup in-reg] enable_cycle -> _88710_/D : -24.025969
[setup in-reg] enable_cycle -> _88711_/D : -24.025969
[setup in-reg] enable_cycle -> _88712_/D : -24.025969
[setup in-reg] enable_cycle -> _88713_/D : -24.025969
[setup in-reg] enable_cycle -> _88730_/D : -24.025969
[setup in-reg] enable_cycle -> _88731_/D : -24.025969
[setup in-reg] enable_cycle -> _88732_/D : -24.025969
[setup in-reg] enable_cycle -> _88733_/D : -24.025969
[setup in-reg] enable_cycle -> _88734_/D : -24.025969
[setup in-reg] enable_cycle -> _88735_/D : -24.025969
[setup in-reg] enable_cycle -> _88736_/D : -24.025969
[setup in-reg] enable_cycle -> _88737_/D : -24.025969
[setup in-reg] enable_cycle -> _88738_/D : -24.025969
[setup in-reg] enable_cycle -> _88739_/D : -24.025969
[setup in-reg] enable_cycle -> _88740_/D : -24.025969
[setup in-reg] enable_cycle -> _88741_/D : -24.025969
[setup in-reg] enable_cycle -> _88742_/D : -24.025969
[setup in-reg] enable_cycle -> _88743_/D : -24.025969
[setup in-reg] enable_cycle -> _88744_/D : -24.025969
[setup in-reg] enable_cycle -> _88745_/D : -24.025969
[setup in-reg] enable_cycle -> _88747_/D : -24.025969
[setup in-reg] enable_cycle -> _88748_/D : -24.025969
[setup in-reg] enable_cycle -> _88749_/D : -24.025969
[setup in-reg] enable_cycle -> _88750_/D : -24.025969
[setup in-reg] enable_cycle -> _88751_/D : -24.025969
[setup in-reg] enable_cycle -> _88851_/D : -24.025969
[setup in-reg] enable_cycle -> _88852_/D : -24.025969
[setup in-reg] enable_cycle -> _88853_/D : -24.025969
[setup in-reg] enable_cycle -> _88854_/D : -24.025969
[setup in-reg] enable_cycle -> _88856_/D : -24.025969
[setup in-reg] enable_cycle -> _88857_/D : -24.025969
[setup in-reg] enable_cycle -> _88858_/D : -24.025969
[setup in-reg] enable_cycle -> _88859_/D : -24.025969
[setup in-reg] enable_cycle -> _88860_/D : -24.025969
[setup in-reg] enable_cycle -> _88861_/D : -24.025969
[setup in-reg] enable_cycle -> _88862_/D : -24.025969
[setup in-reg] enable_cycle -> _88863_/D : -24.025969
[setup in-reg] enable_cycle -> _88864_/D : -24.025969
[setup in-reg] enable_cycle -> _88865_/D : -24.025969
[setup in-reg] enable_cycle -> _88866_/D : -24.025969
[setup in-reg] enable_cycle -> _88869_/D : -24.025969
[setup in-reg] enable_cycle -> _88888_/D : -24.025969
[setup in-reg] enable_cycle -> _88889_/D : -24.025969
[setup in-reg] enable_cycle -> _88890_/D : -24.025969
[setup in-reg] enable_cycle -> _88891_/D : -24.025969
[setup in-reg] enable_cycle -> _88892_/D : -24.025969
[setup in-reg] enable_cycle -> _88893_/D : -24.025969
[setup in-reg] enable_cycle -> _88894_/D : -24.025969
[setup in-reg] enable_cycle -> _88895_/D : -24.025969
[setup in-reg] enable_cycle -> _88896_/D : -24.025969
[setup in-reg] enable_cycle -> _88897_/D : -24.025969
[setup in-reg] enable_cycle -> _88898_/D : -24.025969
[setup in-reg] enable_cycle -> _88899_/D : -24.025969
[setup in-reg] enable_cycle -> _88900_/D : -24.025969
[setup in-reg] enable_cycle -> _88901_/D : -24.025969
[setup in-reg] enable_cycle -> _88902_/D : -24.025969
[setup in-reg] enable_cycle -> _88903_/D : -24.025969
[setup in-reg] enable_cycle -> _88904_/D : -24.025969
[setup in-reg] enable_cycle -> _88905_/D : -24.025969
[setup in-reg] enable_cycle -> _88906_/D : -24.025969
[setup in-reg] enable_cycle -> _88907_/D : -24.025969
[setup in-reg] enable_cycle -> _88908_/D : -24.025969
[setup in-reg] enable_cycle -> _88953_/D : -24.025969
[setup in-reg] enable_cycle -> _88954_/D : -24.025969
[setup in-reg] enable_cycle -> _88955_/D : -24.025969
[setup in-reg] enable_cycle -> _88956_/D : -24.025969
[setup in-reg] enable_cycle -> _88957_/D : -24.025969
[setup in-reg] enable_cycle -> _88958_/D : -24.025969
[setup in-reg] enable_cycle -> _88959_/D : -24.025969
[setup in-reg] enable_cycle -> _88960_/D : -24.025969
[setup in-reg] enable_cycle -> _88961_/D : -24.025969
[setup in-reg] enable_cycle -> _88962_/D : -24.025969
[setup in-reg] enable_cycle -> _88963_/D : -24.025969
[setup in-reg] enable_cycle -> _88964_/D : -24.025969
[setup in-reg] enable_cycle -> _88965_/D : -24.025969
[setup in-reg] enable_cycle -> _88966_/D : -24.025969
[setup in-reg] enable_cycle -> _88967_/D : -24.025969
[setup in-reg] enable_cycle -> _88968_/D : -24.025969
[setup in-reg] enable_cycle -> _88969_/D : -24.025969
[setup in-reg] enable_cycle -> _89020_/D : -24.025969
[setup in-reg] enable_cycle -> _89021_/D : -24.025969
[setup in-reg] enable_cycle -> _89022_/D : -24.025969
[setup in-reg] enable_cycle -> _89023_/D : -24.025969
[setup in-reg] enable_cycle -> _89024_/D : -24.025969
[setup in-reg] enable_cycle -> _89025_/D : -24.025969
[setup in-reg] enable_cycle -> _89027_/D : -24.025969
[setup in-reg] enable_cycle -> _89028_/D : -24.025969
[setup in-reg] enable_cycle -> _83134_/D : -23.923670
[setup in-reg] enable_cycle -> _89077_/D : -23.885324
[setup in-reg] enable_cycle -> _84804_/D : -23.868481
[setup in-reg] enable_cycle -> _83662_/D : -23.819920
[setup in-reg] enable_cycle -> _88830_/D : -23.662243
[setup in-reg] enable_cycle -> _83551_/D : -23.557446
[setup in-reg] enable_cycle -> _83648_/D : -23.557446
[setup in-reg] enable_cycle -> _83754_/D : -23.557446
[setup in-reg] enable_cycle -> _84014_/D : -23.557446
[setup in-reg] enable_cycle -> _84108_/D : -23.557446
[setup in-reg] enable_cycle -> _84308_/D : -23.557446
[setup in-reg] enable_cycle -> _87105_/D : -23.544634
[setup in-reg] enable_cycle -> _87281_/D : -23.544634
[setup in-reg] enable_cycle -> _87369_/D : -23.544634
[setup in-reg] enable_cycle -> _87438_/D : -23.544634
[setup in-reg] enable_cycle -> _88682_/D : -23.544634
[setup in-reg] enable_cycle -> _88877_/D : -23.544634
[setup in-reg] enable_cycle -> _89046_/D : -23.544634
[setup in-reg] enable_cycle -> _89054_/D : -23.536772
[setup in-reg] enable_cycle -> _88067_/D : -23.527550
[setup in-reg] enable_cycle -> _88542_/D : -23.527555
[setup in-reg] enable_cycle -> _88777_/D : -23.527548
[setup in-reg] enable_cycle -> _88817_/D : -23.527548
[setup in-reg] enable_cycle -> _85313_/D : -23.526249
[setup in-reg] enable_cycle -> _85433_/D : -23.526249
[setup in-reg] enable_cycle -> _85962_/D : -23.526249
[setup in-reg] enable_cycle -> _86044_/D : -23.526249
[setup in-reg] enable_cycle -> _86185_/D : -23.526249
[setup in-reg] enable_cycle -> _86610_/D : -23.526249
[setup in-reg] enable_cycle -> _86695_/D : -23.526249
[setup in-reg] enable_cycle -> _86841_/D : -23.526249
[setup in-reg] enable_cycle -> _86845_/D : -23.524952
[setup in-reg] enable_cycle -> _87021_/D : -23.524952
[setup in-reg] enable_cycle -> _84615_/D : -23.476589
[setup in-reg] enable_cycle -> _85241_/D : -23.476589
[setup in-reg] enable_cycle -> _84322_/D : -23.469105
[setup in-reg] enable_cycle -> _84515_/D : -23.469105
[setup in-reg] enable_cycle -> _84611_/D : -23.469105
[setup in-reg] enable_cycle -> _85183_/D : -23.460243
[setup in-reg] enable_cycle -> _85795_/D : -23.460243
[setup in-reg] enable_cycle -> _87699_/D : -23.458683
[setup in-reg] enable_cycle -> _88407_/D : -23.458683
[setup in-reg] enable_cycle -> _83120_/D : -23.452675
[setup in-reg] enable_cycle -> _84323_/D : -23.452673
[setup in-reg] enable_cycle -> _84410_/D : -23.452667
[setup in-reg] enable_cycle -> _84851_/D : -23.452667
[setup in-reg] enable_cycle -> _85551_/D : -23.452675
[setup in-reg] enable_cycle -> _85879_/D : -23.452675
[setup in-reg] enable_cycle -> _86444_/D : -23.452671
[setup in-reg] enable_cycle -> _87016_/D : -23.452675
[setup in-reg] enable_cycle -> _87192_/D : -23.452675
[setup in-reg] enable_cycle -> _87610_/D : -23.452675
[setup in-reg] enable_cycle -> _87029_/D : -23.446678
[setup in-reg] enable_cycle -> _86926_/D : -23.446451
[setup in-reg] enable_cycle -> _87517_/D : -23.446451
[setup in-reg] enable_cycle -> _87527_/D : -23.446451
[setup in-reg] enable_cycle -> _88419_/D : -23.446451
[setup in-reg] enable_cycle -> _83658_/D : -22.415098
[setup in-reg] enable_cycle -> _84214_/D : -22.415098
[setup in-reg] enable_cycle -> _85440_/D : -22.415098
[setup in-reg] enable_cycle -> _85556_/D : -22.415098
[setup in-reg] enable_cycle -> _85882_/D : -22.415098
[setup in-reg] enable_cycle -> _85967_/D : -22.415098
[setup in-reg] enable_cycle -> _86049_/D : -22.415098
[setup in-reg] enable_cycle -> _86366_/D : -22.415098
[setup in-reg] enable_cycle -> _87195_/D : -22.415098
[setup in-reg] enable_cycle -> _87373_/D : -22.415098
[setup in-reg] enable_cycle -> _88421_/D : -22.415098
[setup in-reg] enable_cycle -> _88547_/D : -22.415098
